system:index,date,surface_pressure_hPa,surface_pressure_max_hPa,surface_pressure_min_hPa,.geo
20000101,2000-01-01,832.3612563492217,834.2699052449159,830.5498719563593,"{""type"":""MultiPoint"",""coordinates"":[]}"
20000102,2000-01-02,831.7938976573723,833.8804820262444,830.0923869755326,"{""type"":""MultiPoint"",""coordinates"":[]}"
20000103,2000-01-03,830.497849447563,832.1989774813911,828.9464460754474,"{""type"":""MultiPoint"",""coordinates"":[]}"
20000104,2000-01-04,830.6661704957143,832.0368300465377,829.1353623947076,"{""type"":""MultiPoint"",""coordinates"":[]}"
20000105,2000-01-05,830.9269534382394,832.6018494729899,829.3268933690885,"{""type"":""MultiPoint"",""coordinates"":[]}"
20000106,2000-01-06,829.9776412624766,831.8929390833773,828.2766445627329,"{""type"":""MultiPoint"",""coordinates"":[]}"
20000107,2000-01-07,829.6058319218754,831.1593859926232,827.9860364930117,"{""type"":""MultiPoint"",""coordinates"":[]}"
20000108,2000-01-08,828.5215692791157,830.8069240339375,826.4823552156336,"{""type"":""MultiPoint"",""coordinates"":[]}"
20000109,2000-01-09,827.4879374834117,829.4338952768451,825.8801700462536,"{""type"":""MultiPoint"",""coordinates"":[]}"
20000110,2000-01-10,827.7801168802606,829.5278433353628,826.1297163506079,"{""type"":""MultiPoint"",""coordinates"":[]}"
20000111,2000-01-11,828.434591101727,830.3060856487754,826.6891258206971,"{""type"":""MultiPoint"",""coordinates"":[]}"
20000112,2000-01-12,827.6593732504043,829.6091067227896,825.7100074664407,"{""type"":""MultiPoint"",""coordinates"":[]}"
20000113,2000-01-13,826.5141660264724,828.8151257905869,824.7710968023302,"{""type"":""MultiPoint"",""coordinates"":[]}"
20000114,2000-01-14,826.2217141539033,827.8850939266713,824.4460910651691,"{""type"":""MultiPoint"",""coordinates"":[]}"
20000115,2000-01-15,827.8589669206278,829.4804367944125,825.933712757035,"{""type"":""MultiPoint"",""coordinates"":[]}"
20000116,2000-01-16,830.1788475019486,832.090057554028,828.1951273290733,"{""type"":""MultiPoint"",""coordinates"":[]}"
20000117,2000-01-17,832.0817338939166,834.2181877495091,829.8793298923715,"{""type"":""MultiPoint"",""coordinates"":[]}"
20000118,2000-01-18,832.3086643441211,834.5862939708445,829.8788743721983,"{""type"":""MultiPoint"",""coordinates"":[]}"
20000119,2000-01-19,828.5453590381712,831.8929769289394,825.7174736564747,"{""type"":""MultiPoint"",""coordinates"":[]}"
20000120,2000-01-20,826.5836993336227,828.6013354336098,824.4666241657637,"{""type"":""MultiPoint"",""coordinates"":[]}"
20000121,2000-01-21,828.5764638398243,830.2650501562115,826.8320174891973,"{""type"":""MultiPoint"",""coordinates"":[]}"
20000122,2000-01-22,828.7114553093556,830.4605636548027,826.9887073352928,"{""type"":""MultiPoint"",""coordinates"":[]}"
20000123,2000-01-23,829.4704075391162,831.0801573018841,827.82639129896,"{""type"":""MultiPoint"",""coordinates"":[]}"
20000124,2000-01-24,830.8911196606257,832.4826551865043,829.1523726090746,"{""type"":""MultiPoint"",""coordinates"":[]}"
20000125,2000-01-25,832.0120067549384,833.6561035923371,830.3054143678943,"{""type"":""MultiPoint"",""coordinates"":[]}"
20000126,2000-01-26,831.8524548688165,833.8992636085356,830.0216555010489,"{""type"":""MultiPoint"",""coordinates"":[]}"
20000127,2000-01-27,831.1684997982885,832.908225271455,829.5310421331353,"{""type"":""MultiPoint"",""coordinates"":[]}"
20000128,2000-01-28,831.2178712518989,833.07894319424,829.429997212609,"{""type"":""MultiPoint"",""coordinates"":[]}"
20000129,2000-01-29,831.7611684231939,833.462791701875,829.9070577686235,"{""type"":""MultiPoint"",""coordinates"":[]}"
20000130,2000-01-30,831.7593142433394,833.9282809690434,829.4208984867136,"{""type"":""MultiPoint"",""coordinates"":[]}"
20000131,2000-01-31,829.4863880470804,832.1028516795336,827.0893723741322,"{""type"":""MultiPoint"",""coordinates"":[]}"
20000201,2000-02-01,827.230149019819,829.4411202282138,825.2930942050717,"{""type"":""MultiPoint"",""coordinates"":[]}"
20000202,2000-02-02,828.415201497662,830.2834355065492,826.2198081314264,"{""type"":""MultiPoint"",""coordinates"":[]}"
20000203,2000-02-03,829.9649473460166,832.0120465389587,827.9994397745685,"{""type"":""MultiPoint"",""coordinates"":[]}"
20000204,2000-02-04,828.2886992831292,830.6478224477341,826.2093933678331,"{""type"":""MultiPoint"",""coordinates"":[]}"
20000205,2000-02-05,827.4370492523157,829.5658989520053,825.5621608881398,"{""type"":""MultiPoint"",""coordinates"":[]}"
20000206,2000-02-06,828.4199334507202,830.0887618132323,826.5839811575815,"{""type"":""MultiPoint"",""coordinates"":[]}"
20000207,2000-02-07,828.162637049553,830.1561796145212,826.4199193441196,"{""type"":""MultiPoint"",""coordinates"":[]}"
20000208,2000-02-08,827.411445517662,829.1726148909471,825.637618480242,"{""type"":""MultiPoint"",""coordinates"":[]}"
20000209,2000-02-09,827.4441996477783,829.2470268669383,825.5708585976724,"{""type"":""MultiPoint"",""coordinates"":[]}"
20000210,2000-02-10,827.069965554216,828.9980668671354,825.2775093660426,"{""type"":""MultiPoint"",""coordinates"":[]}"
20000211,2000-02-11,826.7909585249098,828.5644551568331,824.9661880492498,"{""type"":""MultiPoint"",""coordinates"":[]}"
20000212,2000-02-12,828.3193487624222,830.1259023063898,826.1750688574595,"{""type"":""MultiPoint"",""coordinates"":[]}"
20000213,2000-02-13,829.2146509496243,830.6510658730299,827.474107865879,"{""type"":""MultiPoint"",""coordinates"":[]}"
20000214,2000-02-14,830.1060766264742,831.8131919749671,828.3967563664637,"{""type"":""MultiPoint"",""coordinates"":[]}"
20000215,2000-02-15,829.6254625979615,831.9367398424014,827.4062249591082,"{""type"":""MultiPoint"",""coordinates"":[]}"
20000216,2000-02-16,827.4839142277488,829.9415265175472,825.39030541791,"{""type"":""MultiPoint"",""coordinates"":[]}"
20000217,2000-02-17,825.3935502522082,827.4716985336546,823.5498717192902,"{""type"":""MultiPoint"",""coordinates"":[]}"
20000218,2000-02-18,825.898439288296,827.6121531287633,824.2082587728257,"{""type"":""MultiPoint"",""coordinates"":[]}"
20000219,2000-02-19,825.8310387200797,827.636831261013,824.140992763179,"{""type"":""MultiPoint"",""coordinates"":[]}"
20000220,2000-02-20,825.460644609152,827.1544859844785,823.5416893861868,"{""type"":""MultiPoint"",""coordinates"":[]}"
20000221,2000-02-21,826.9714228445735,828.8433616171094,824.6535864878222,"{""type"":""MultiPoint"",""coordinates"":[]}"
20000222,2000-02-22,828.1792535426614,830.2348964162503,826.5125241686742,"{""type"":""MultiPoint"",""coordinates"":[]}"
20000223,2000-02-23,828.99509394857,830.7253010186267,827.1630657674365,"{""type"":""MultiPoint"",""coordinates"":[]}"
20000224,2000-02-24,829.4638341553252,831.2849619897019,827.6966435873851,"{""type"":""MultiPoint"",""coordinates"":[]}"
20000225,2000-02-25,827.7810286337398,830.3478626077405,825.5956680558163,"{""type"":""MultiPoint"",""coordinates"":[]}"
20000226,2000-02-26,826.4774748389272,828.2432157369926,824.6754590848644,"{""type"":""MultiPoint"",""coordinates"":[]}"
20000227,2000-02-27,827.5807007554405,829.1789478856248,825.5474593440805,"{""type"":""MultiPoint"",""coordinates"":[]}"
20000228,2000-02-28,829.1837103266154,831.122045063955,827.172432705693,"{""type"":""MultiPoint"",""coordinates"":[]}"
20000229,2000-02-29,827.9275065906081,830.5073758107148,825.541724164858,"{""type"":""MultiPoint"",""coordinates"":[]}"
20000301,2000-03-01,826.0168232149377,828.1771817871426,823.9234866457214,"{""type"":""MultiPoint"",""coordinates"":[]}"
20000302,2000-03-02,825.9818867907968,827.9248619830666,824.0498953174908,"{""type"":""MultiPoint"",""coordinates"":[]}"
20000303,2000-03-03,826.2135858505493,828.4329007084995,823.9580492869467,"{""type"":""MultiPoint"",""coordinates"":[]}"
20000304,2000-03-04,826.5071825942563,828.6662899071279,824.4895412426738,"{""type"":""MultiPoint"",""coordinates"":[]}"
20000305,2000-03-05,826.8652151974231,829.2069112174977,824.6285436534982,"{""type"":""MultiPoint"",""coordinates"":[]}"
20000306,2000-03-06,827.0325746675508,828.6510689941459,825.1307051481014,"{""type"":""MultiPoint"",""coordinates"":[]}"
20000307,2000-03-07,827.6273083824804,829.69545687545,825.5088992786027,"{""type"":""MultiPoint"",""coordinates"":[]}"
20000308,2000-03-08,826.9225324350723,829.4701678963951,824.9582730127515,"{""type"":""MultiPoint"",""coordinates"":[]}"
20000309,2000-03-09,826.0199379903077,827.9711495776073,824.142337821182,"{""type"":""MultiPoint"",""coordinates"":[]}"
20000310,2000-03-10,825.6374798429938,827.738235620489,823.727089172617,"{""type"":""MultiPoint"",""coordinates"":[]}"
20000311,2000-03-11,825.1350898698558,827.167082786559,823.3554394242144,"{""type"":""MultiPoint"",""coordinates"":[]}"
20000312,2000-03-12,824.0176826866322,826.0851047827105,822.1908346811495,"{""type"":""MultiPoint"",""coordinates"":[]}"
20000313,2000-03-13,825.1375822296349,827.0473208856091,822.9597303748807,"{""type"":""MultiPoint"",""coordinates"":[]}"
20000314,2000-03-14,827.5014324144329,829.1350511672281,825.6316733629676,"{""type"":""MultiPoint"",""coordinates"":[]}"
20000315,2000-03-15,827.3433749828328,829.4611937730773,825.3300634493894,"{""type"":""MultiPoint"",""coordinates"":[]}"
20000316,2000-03-16,825.8143585210942,827.9446526980515,823.9563695023684,"{""type"":""MultiPoint"",""coordinates"":[]}"
20000317,2000-03-17,825.2660022827794,827.0856466765993,823.1824979704247,"{""type"":""MultiPoint"",""coordinates"":[]}"
20000318,2000-03-18,826.2186493571844,828.2060558892863,824.0134502174582,"{""type"":""MultiPoint"",""coordinates"":[]}"
20000319,2000-03-19,827.0591355831511,829.0497868647699,825.1825347868387,"{""type"":""MultiPoint"",""coordinates"":[]}"
20000320,2000-03-20,827.2148101668189,828.982356333949,825.1974871865175,"{""type"":""MultiPoint"",""coordinates"":[]}"
20000321,2000-03-21,827.9846465357462,830.0120791181727,825.8981675569688,"{""type"":""MultiPoint"",""coordinates"":[]}"
20000322,2000-03-22,828.7721468041065,830.4568573680973,826.8225662585224,"{""type"":""MultiPoint"",""coordinates"":[]}"
20000323,2000-03-23,829.7111124401994,831.7680680529044,827.6566290405584,"{""type"":""MultiPoint"",""coordinates"":[]}"
20000324,2000-03-24,831.2069923350999,833.4709787609565,828.713212936676,"{""type"":""MultiPoint"",""coordinates"":[]}"
20000325,2000-03-25,832.3503205101389,834.2323879150965,830.0820881965399,"{""type"":""MultiPoint"",""coordinates"":[]}"
20000326,2000-03-26,832.4846787365934,834.3936550659307,830.5209045812561,"{""type"":""MultiPoint"",""coordinates"":[]}"
20000327,2000-03-27,831.8135035661987,833.8102834893907,829.8708154371886,"{""type"":""MultiPoint"",""coordinates"":[]}"
20000328,2000-03-28,831.2507521905478,833.0203033568856,829.3769221896978,"{""type"":""MultiPoint"",""coordinates"":[]}"
20000329,2000-03-29,830.7598249111035,832.832597816815,828.8367225155226,"{""type"":""MultiPoint"",""coordinates"":[]}"
20000330,2000-03-30,829.0387423566009,831.6332378836994,826.9167886649049,"{""type"":""MultiPoint"",""coordinates"":[]}"
20000331,2000-03-31,827.7658661625045,829.916650899042,825.8270485917358,"{""type"":""MultiPoint"",""coordinates"":[]}"
20000401,2000-04-01,827.321534723828,829.2913283558496,825.3695359907333,"{""type"":""MultiPoint"",""coordinates"":[]}"
20000402,2000-04-02,826.5880571077657,828.6742558612008,824.3609526371131,"{""type"":""MultiPoint"",""coordinates"":[]}"
20000403,2000-04-03,826.5518873560429,828.7280351481085,824.6578021141443,"{""type"":""MultiPoint"",""coordinates"":[]}"
20000404,2000-04-04,826.3617236409656,828.4286903020746,824.3413493341908,"{""type"":""MultiPoint"",""coordinates"":[]}"
20000405,2000-04-05,826.0308221892108,827.8205116855136,824.135788029962,"{""type"":""MultiPoint"",""coordinates"":[]}"
20000406,2000-04-06,826.7504453367379,828.4259270857826,824.69579537848,"{""type"":""MultiPoint"",""coordinates"":[]}"
20000407,2000-04-07,828.5643043756204,830.3204969370522,826.6344569434867,"{""type"":""MultiPoint"",""coordinates"":[]}"
20000408,2000-04-08,828.0607939574065,830.6268132277065,825.8782119532284,"{""type"":""MultiPoint"",""coordinates"":[]}"
20000409,2000-04-09,827.1236239921082,828.9834457621503,825.3357367520334,"{""type"":""MultiPoint"",""coordinates"":[]}"
20000410,2000-04-10,827.3973383264037,829.3105445029553,825.4841441977017,"{""type"":""MultiPoint"",""coordinates"":[]}"
20000411,2000-04-11,827.7072012549999,829.698957098881,825.6864853761473,"{""type"":""MultiPoint"",""coordinates"":[]}"
20000412,2000-04-12,827.4641317846297,829.672201604083,825.4100046268841,"{""type"":""MultiPoint"",""coordinates"":[]}"
20000413,2000-04-13,826.0721726096751,828.2313152136501,824.0151683511564,"{""type"":""MultiPoint"",""coordinates"":[]}"
20000414,2000-04-14,825.6926993472357,827.5338921900119,823.2719758389181,"{""type"":""MultiPoint"",""coordinates"":[]}"
20000415,2000-04-15,826.710623631135,828.6026393708138,824.3651227740621,"{""type"":""MultiPoint"",""coordinates"":[]}"
20000416,2000-04-16,827.2657653979225,829.1669907147739,825.175811078673,"{""type"":""MultiPoint"",""coordinates"":[]}"
20000417,2000-04-17,827.0272757843577,828.6336893297334,825.0720381434138,"{""type"":""MultiPoint"",""coordinates"":[]}"
20000418,2000-04-18,828.0424597496915,829.6835801289053,825.8524279408703,"{""type"":""MultiPoint"",""coordinates"":[]}"
20000419,2000-04-19,828.4457385088452,830.6045154483255,826.327744221221,"{""type"":""MultiPoint"",""coordinates"":[]}"
20000420,2000-04-20,826.9326486365167,829.1920962056224,824.749486227063,"{""type"":""MultiPoint"",""coordinates"":[]}"
20000421,2000-04-21,826.6447050078957,828.3999278671521,824.5908419483352,"{""type"":""MultiPoint"",""coordinates"":[]}"
20000422,2000-04-22,827.027781568048,828.8057220408028,824.925172171823,"{""type"":""MultiPoint"",""coordinates"":[]}"
20000423,2000-04-23,826.1161983458735,828.3483771034471,823.8634431550163,"{""type"":""MultiPoint"",""coordinates"":[]}"
20000424,2000-04-24,824.9744708096716,827.2003489683627,822.762923482024,"{""type"":""MultiPoint"",""coordinates"":[]}"
20000425,2000-04-25,824.2234562049413,826.1201135119193,822.1910445169303,"{""type"":""MultiPoint"",""coordinates"":[]}"
20000426,2000-04-26,824.7380272019739,826.3708830516088,822.8138951857846,"{""type"":""MultiPoint"",""coordinates"":[]}"
20000427,2000-04-27,824.7065508196382,826.4579143690745,822.764658030709,"{""type"":""MultiPoint"",""coordinates"":[]}"
20000428,2000-04-28,824.7402949360488,826.3264050285779,822.7390886435065,"{""type"":""MultiPoint"",""coordinates"":[]}"
20000429,2000-04-29,825.8892328272981,827.4739513608891,823.891700766219,"{""type"":""MultiPoint"",""coordinates"":[]}"
20000430,2000-04-30,827.111847683551,829.1625564512098,824.9753399078875,"{""type"":""MultiPoint"",""coordinates"":[]}"
20000501,2000-05-01,827.433412828733,829.3135383866722,825.3326282129163,"{""type"":""MultiPoint"",""coordinates"":[]}"
20000502,2000-05-02,828.8106499584029,830.5742709329811,826.7424329141317,"{""type"":""MultiPoint"",""coordinates"":[]}"
20000503,2000-05-03,829.4302567888427,831.140573330981,827.4844915121242,"{""type"":""MultiPoint"",""coordinates"":[]}"
20000504,2000-05-04,829.1405240642657,830.8718037672613,826.9087731049357,"{""type"":""MultiPoint"",""coordinates"":[]}"
20000505,2000-05-05,829.7028999084722,831.4057481706255,827.5126474304643,"{""type"":""MultiPoint"",""coordinates"":[]}"
20000506,2000-05-06,829.191958944036,831.0420170584856,826.915131707243,"{""type"":""MultiPoint"",""coordinates"":[]}"
20000507,2000-05-07,829.5419878470306,831.5362729160559,827.3441955083775,"{""type"":""MultiPoint"",""coordinates"":[]}"
20000508,2000-05-08,829.6376285452332,831.333709269476,827.6862725323876,"{""type"":""MultiPoint"",""coordinates"":[]}"
20000509,2000-05-09,829.2484431804403,831.326233632347,827.2363026412094,"{""type"":""MultiPoint"",""coordinates"":[]}"
20000510,2000-05-10,828.3606718219804,830.3157914686049,826.2323976288583,"{""type"":""MultiPoint"",""coordinates"":[]}"
20000511,2000-05-11,827.6940169372909,829.7205091618695,825.4764832662595,"{""type"":""MultiPoint"",""coordinates"":[]}"
20000512,2000-05-12,827.1847564097841,828.9786103068155,825.0742433077208,"{""type"":""MultiPoint"",""coordinates"":[]}"
20000513,2000-05-13,827.2444411796394,829.0268492332634,825.2243329236546,"{""type"":""MultiPoint"",""coordinates"":[]}"
20000514,2000-05-14,826.7331356591237,828.6212264672523,824.6107885613675,"{""type"":""MultiPoint"",""coordinates"":[]}"
20000515,2000-05-15,826.5512736696642,828.2557615108278,824.4907156352967,"{""type"":""MultiPoint"",""coordinates"":[]}"
20000516,2000-05-16,825.940544458581,827.85508456883,823.828035740412,"{""type"":""MultiPoint"",""coordinates"":[]}"
20000517,2000-05-17,824.9557263492859,826.9900725652228,822.6916882961697,"{""type"":""MultiPoint"",""coordinates"":[]}"
20000518,2000-05-18,824.3220121118447,826.1337473379592,822.2247800029818,"{""type"":""MultiPoint"",""coordinates"":[]}"
20000519,2000-05-19,824.4101615429556,826.0354141072218,822.3529691782203,"{""type"":""MultiPoint"",""coordinates"":[]}"
20000520,2000-05-20,825.0734739137924,826.6335690758004,823.0252159367684,"{""type"":""MultiPoint"",""coordinates"":[]}"
20000521,2000-05-21,825.2940848977272,826.9325098646235,823.3096222650149,"{""type"":""MultiPoint"",""coordinates"":[]}"
20000522,2000-05-22,825.64531464411,827.0781022122353,823.9062015311255,"{""type"":""MultiPoint"",""coordinates"":[]}"
20000523,2000-05-23,825.1882867716005,826.7125033700132,823.322802855286,"{""type"":""MultiPoint"",""coordinates"":[]}"
20000524,2000-05-24,824.2207959491473,826.0490833944143,822.3476236340516,"{""type"":""MultiPoint"",""coordinates"":[]}"
20000525,2000-05-25,823.2704361141137,825.0333204108333,821.4420596090665,"{""type"":""MultiPoint"",""coordinates"":[]}"
20000526,2000-05-26,822.7575214079287,824.1666758485114,821.0060628163504,"{""type"":""MultiPoint"",""coordinates"":[]}"
20000527,2000-05-27,824.1490626919582,825.6503525683005,822.1880904763991,"{""type"":""MultiPoint"",""coordinates"":[]}"
20000528,2000-05-28,825.5872263932487,827.0924049361679,823.6389926342498,"{""type"":""MultiPoint"",""coordinates"":[]}"
20000529,2000-05-29,826.2903325072949,827.8662597683995,824.2550127532386,"{""type"":""MultiPoint"",""coordinates"":[]}"
20000530,2000-05-30,826.0413669625459,827.7724706817443,824.090924813296,"{""type"":""MultiPoint"",""coordinates"":[]}"
20000531,2000-05-31,824.9781437575185,827.0682743612974,822.9666197233165,"{""type"":""MultiPoint"",""coordinates"":[]}"
20000601,2000-06-01,824.0199768486783,825.7291114201839,821.7978563158555,"{""type"":""MultiPoint"",""coordinates"":[]}"
20000602,2000-06-02,824.8689884622042,826.726811978528,822.6369274807224,"{""type"":""MultiPoint"",""coordinates"":[]}"
20000603,2000-06-03,824.5145883346188,826.3286873703148,822.3968518683803,"{""type"":""MultiPoint"",""coordinates"":[]}"
20000604,2000-06-04,824.1919260965207,825.6879131010775,822.2180368857871,"{""type"":""MultiPoint"",""coordinates"":[]}"
20000605,2000-06-05,823.8479821230134,825.5810691830114,821.7665119120906,"{""type"":""MultiPoint"",""coordinates"":[]}"
20000606,2000-06-06,823.8876862871845,825.5801077442967,821.9141848928131,"{""type"":""MultiPoint"",""coordinates"":[]}"
20000607,2000-06-07,824.1874589169421,825.8496220390549,822.2221287153866,"{""type"":""MultiPoint"",""coordinates"":[]}"
20000608,2000-06-08,824.292427992222,826.2155684628802,822.180691080272,"{""type"":""MultiPoint"",""coordinates"":[]}"
20000609,2000-06-09,824.8009435154648,826.3608126238138,822.991936966395,"{""type"":""MultiPoint"",""coordinates"":[]}"
20000610,2000-06-10,824.5650080039235,826.0293771721756,822.7839455831571,"{""type"":""MultiPoint"",""coordinates"":[]}"
20000611,2000-06-11,824.6715306584091,826.3420399496683,822.8064352982308,"{""type"":""MultiPoint"",""coordinates"":[]}"
20000612,2000-06-12,824.9605426533107,826.6661862649955,822.9640044904877,"{""type"":""MultiPoint"",""coordinates"":[]}"
20000613,2000-06-13,825.279646558684,826.780943904879,823.574227643574,"{""type"":""MultiPoint"",""coordinates"":[]}"
20000614,2000-06-14,825.0430629548317,826.4697622732743,823.3073641291163,"{""type"":""MultiPoint"",""coordinates"":[]}"
20000615,2000-06-15,824.8470321051635,826.3126530475099,822.969662253997,"{""type"":""MultiPoint"",""coordinates"":[]}"
20000616,2000-06-16,824.7093510830978,826.0720810513305,822.8902116213312,"{""type"":""MultiPoint"",""coordinates"":[]}"
20000617,2000-06-17,824.8109539654465,826.2075859190679,822.9606323688564,"{""type"":""MultiPoint"",""coordinates"":[]}"
20000618,2000-06-18,824.6638848269648,826.0934528043383,822.9554873099102,"{""type"":""MultiPoint"",""coordinates"":[]}"
20000619,2000-06-19,824.5249269481528,825.8751479116285,822.7849011205393,"{""type"":""MultiPoint"",""coordinates"":[]}"
20000620,2000-06-20,824.6633777255383,826.0671915627694,822.9902626610598,"{""type"":""MultiPoint"",""coordinates"":[]}"
20000621,2000-06-21,824.5677865418293,826.0221964864443,822.8826387280034,"{""type"":""MultiPoint"",""coordinates"":[]}"
20000622,2000-06-22,824.4018069720255,825.7951038457694,822.7098606577949,"{""type"":""MultiPoint"",""coordinates"":[]}"
20000623,2000-06-23,824.7415194546,826.1346383964985,823.1319326322724,"{""type"":""MultiPoint"",""coordinates"":[]}"
20000624,2000-06-24,823.7635067859248,825.241735400299,822.0776636419631,"{""type"":""MultiPoint"",""coordinates"":[]}"
20000625,2000-06-25,824.3247526542768,825.7635286069901,822.6872567134814,"{""type"":""MultiPoint"",""coordinates"":[]}"
20000626,2000-06-26,824.9850121153773,826.3798693189032,823.3134319466855,"{""type"":""MultiPoint"",""coordinates"":[]}"
20000627,2000-06-27,825.5542367537189,827.0089896157212,823.7728077201941,"{""type"":""MultiPoint"",""coordinates"":[]}"
20000628,2000-06-28,826.2385092248143,827.6239227617023,824.407489088326,"{""type"":""MultiPoint"",""coordinates"":[]}"
20000629,2000-06-29,825.3239405318358,827.1721234932982,823.2809234219037,"{""type"":""MultiPoint"",""coordinates"":[]}"
20000630,2000-06-30,824.7492980639222,826.1561090174434,822.9318729911678,"{""type"":""MultiPoint"",""coordinates"":[]}"
20000701,2000-07-01,824.954669977206,826.4150519150763,823.2539143038888,"{""type"":""MultiPoint"",""coordinates"":[]}"
20000702,2000-07-02,824.9094184651354,826.385880835197,823.1095094176042,"{""type"":""MultiPoint"",""coordinates"":[]}"
20000703,2000-07-03,824.8438472667574,826.4369099894014,822.8452056720449,"{""type"":""MultiPoint"",""coordinates"":[]}"
20000704,2000-07-04,824.9572093659716,826.4888886109861,823.0555943099349,"{""type"":""MultiPoint"",""coordinates"":[]}"
20000705,2000-07-05,824.9367951830525,826.4611334974467,823.1533675994216,"{""type"":""MultiPoint"",""coordinates"":[]}"
20000706,2000-07-06,824.6333219379966,825.9636773775488,822.896333406027,"{""type"":""MultiPoint"",""coordinates"":[]}"
20000707,2000-07-07,824.3170312979428,825.7062582989254,822.4373497243312,"{""type"":""MultiPoint"",""coordinates"":[]}"
20000708,2000-07-08,823.4464963895539,825.2440765715363,821.5500021320416,"{""type"":""MultiPoint"",""coordinates"":[]}"
20000709,2000-07-09,822.384798294709,823.7544071187051,820.6150952734392,"{""type"":""MultiPoint"",""coordinates"":[]}"
20000710,2000-07-10,822.2192603132972,823.6125639092309,820.3158164189521,"{""type"":""MultiPoint"",""coordinates"":[]}"
20000711,2000-07-11,822.7915347584974,824.2357288994912,821.0171759192299,"{""type"":""MultiPoint"",""coordinates"":[]}"
20000712,2000-07-12,823.2493247230805,824.6713059141604,821.4413024603542,"{""type"":""MultiPoint"",""coordinates"":[]}"
20000713,2000-07-13,823.8396041632284,825.2424163686909,822.2264504922917,"{""type"":""MultiPoint"",""coordinates"":[]}"
20000714,2000-07-14,823.8350450724524,825.3249878461543,822.1804839201657,"{""type"":""MultiPoint"",""coordinates"":[]}"
20000715,2000-07-15,822.9995456707753,824.3241014999086,821.337611706635,"{""type"":""MultiPoint"",""coordinates"":[]}"
20000716,2000-07-16,823.0689877656348,824.3520605187006,821.3573420594469,"{""type"":""MultiPoint"",""coordinates"":[]}"
20000717,2000-07-17,822.891831811799,824.2833008858335,821.170083063617,"{""type"":""MultiPoint"",""coordinates"":[]}"
20000718,2000-07-18,822.6991172452805,824.0692902614213,821.0027217103036,"{""type"":""MultiPoint"",""coordinates"":[]}"
20000719,2000-07-19,823.2469519507993,824.6463746520323,821.5031427006132,"{""type"":""MultiPoint"",""coordinates"":[]}"
20000720,2000-07-20,824.9315190584217,826.4976251731207,823.0915731767249,"{""type"":""MultiPoint"",""coordinates"":[]}"
20000721,2000-07-21,826.153615582533,827.6236450936422,824.2493445051773,"{""type"":""MultiPoint"",""coordinates"":[]}"
20000722,2000-07-22,826.5800043124032,828.0508100486467,824.9390168551329,"{""type"":""MultiPoint"",""coordinates"":[]}"
20000723,2000-07-23,825.3794527753142,826.8688278952433,823.7175489371642,"{""type"":""MultiPoint"",""coordinates"":[]}"
20000724,2000-07-24,825.3385407034307,826.6195041010827,823.5847558683498,"{""type"":""MultiPoint"",""coordinates"":[]}"
20000725,2000-07-25,826.1754824171123,827.5600099982025,824.3601099914807,"{""type"":""MultiPoint"",""coordinates"":[]}"
20000726,2000-07-26,826.2592419401651,827.5241657531186,824.6734093895287,"{""type"":""MultiPoint"",""coordinates"":[]}"
20000727,2000-07-27,825.8679973172251,827.2304288827991,824.0709846170436,"{""type"":""MultiPoint"",""coordinates"":[]}"
20000728,2000-07-28,826.4847823111836,827.736534061268,824.737538117691,"{""type"":""MultiPoint"",""coordinates"":[]}"
20000729,2000-07-29,827.2763950160033,828.6189145110875,825.3953787251348,"{""type"":""MultiPoint"",""coordinates"":[]}"
20000730,2000-07-30,827.0404436296944,828.6350516301989,825.2397540907315,"{""type"":""MultiPoint"",""coordinates"":[]}"
20000731,2000-07-31,825.5418919374077,827.0906836838578,823.7308456260691,"{""type"":""MultiPoint"",""coordinates"":[]}"
20000801,2000-08-01,824.4626469214386,825.9035992582318,822.6423657930824,"{""type"":""MultiPoint"",""coordinates"":[]}"
20000802,2000-08-02,825.0047012273174,826.2124293574612,823.4845652217354,"{""type"":""MultiPoint"",""coordinates"":[]}"
20000803,2000-08-03,825.3920200179086,826.6522258459815,823.7440717294681,"{""type"":""MultiPoint"",""coordinates"":[]}"
20000804,2000-08-04,826.6289157527431,828.1966109861982,824.9107254980338,"{""type"":""MultiPoint"",""coordinates"":[]}"
20000805,2000-08-05,826.7121609006394,828.3280055248558,825.0324077404225,"{""type"":""MultiPoint"",""coordinates"":[]}"
20000806,2000-08-06,826.5833898418239,827.9153032872375,824.7728108722129,"{""type"":""MultiPoint"",""coordinates"":[]}"
20000807,2000-08-07,826.80374215659,828.1434815133122,825.0152015097489,"{""type"":""MultiPoint"",""coordinates"":[]}"
20000808,2000-08-08,826.6170298902517,828.1980098871496,824.7802526981027,"{""type"":""MultiPoint"",""coordinates"":[]}"
20000809,2000-08-09,825.4216612770051,827.1450826828905,823.3913364396867,"{""type"":""MultiPoint"",""coordinates"":[]}"
20000810,2000-08-10,825.4528472908909,826.9273376054479,823.7056929965433,"{""type"":""MultiPoint"",""coordinates"":[]}"
20000811,2000-08-11,825.5840262312846,827.0728511006191,823.6776743074222,"{""type"":""MultiPoint"",""coordinates"":[]}"
20000812,2000-08-12,827.6048451022621,829.2515228098994,825.6534571020863,"{""type"":""MultiPoint"",""coordinates"":[]}"
20000813,2000-08-13,828.8203127975956,830.2312575403945,826.9918544235221,"{""type"":""MultiPoint"",""coordinates"":[]}"
20000814,2000-08-14,827.5993798785171,829.2884520812484,825.683218793254,"{""type"":""MultiPoint"",""coordinates"":[]}"
20000815,2000-08-15,826.5561445007071,828.1514190627025,824.6620610789895,"{""type"":""MultiPoint"",""coordinates"":[]}"
20000816,2000-08-16,825.8456152659161,827.5793513866387,823.93222606618,"{""type"":""MultiPoint"",""coordinates"":[]}"
20000817,2000-08-17,825.0462962322478,826.7173858970415,822.9668895311908,"{""type"":""MultiPoint"",""coordinates"":[]}"
20000818,2000-08-18,826.0865901989089,827.6725943398577,824.1933588540003,"{""type"":""MultiPoint"",""coordinates"":[]}"
20000819,2000-08-19,826.4795286024004,828.0138891293827,824.644827991063,"{""type"":""MultiPoint"",""coordinates"":[]}"
20000820,2000-08-20,825.8219117248855,827.4759417587109,823.8725712232856,"{""type"":""MultiPoint"",""coordinates"":[]}"
20000821,2000-08-21,825.0472947350734,826.4370616327213,823.0169064701288,"{""type"":""MultiPoint"",""coordinates"":[]}"
20000822,2000-08-22,825.812089571192,827.1046061846994,823.9855290496324,"{""type"":""MultiPoint"",""coordinates"":[]}"
20000823,2000-08-23,826.1232770583692,827.5069743682993,824.4637199079169,"{""type"":""MultiPoint"",""coordinates"":[]}"
20000824,2000-08-24,825.5796235907044,827.1413507628985,823.489395618363,"{""type"":""MultiPoint"",""coordinates"":[]}"
20000825,2000-08-25,826.3751835499504,827.9235724252061,824.3418570610653,"{""type"":""MultiPoint"",""coordinates"":[]}"
20000826,2000-08-26,827.0747190319544,828.8293829802362,825.087071737493,"{""type"":""MultiPoint"",""coordinates"":[]}"
20000827,2000-08-27,826.1202524689005,827.9985961372472,824.0319486902046,"{""type"":""MultiPoint"",""coordinates"":[]}"
20000828,2000-08-28,825.2617212641578,826.9387495709238,823.253943330451,"{""type"":""MultiPoint"",""coordinates"":[]}"
20000829,2000-08-29,824.3378852124368,826.0139073464682,822.4393177835528,"{""type"":""MultiPoint"",""coordinates"":[]}"
20000830,2000-08-30,823.7328637531468,825.340339692203,821.9474802226867,"{""type"":""MultiPoint"",""coordinates"":[]}"
20000831,2000-08-31,823.3445521953969,824.8703968000932,821.561408428832,"{""type"":""MultiPoint"",""coordinates"":[]}"
20000901,2000-09-01,824.0895819439613,825.5445756194792,822.3234250305281,"{""type"":""MultiPoint"",""coordinates"":[]}"
20000902,2000-09-02,824.6353947594099,826.1999618750482,822.7231608345924,"{""type"":""MultiPoint"",""coordinates"":[]}"
20000903,2000-09-03,826.3184741145368,827.9570608255029,824.5313716772866,"{""type"":""MultiPoint"",""coordinates"":[]}"
20000904,2000-09-04,827.4803810234465,828.9298849782099,825.8525159591597,"{""type"":""MultiPoint"",""coordinates"":[]}"
20000905,2000-09-05,826.4982831593865,828.3318010570435,824.356417910114,"{""type"":""MultiPoint"",""coordinates"":[]}"
20000906,2000-09-06,825.9397406911738,827.4878538148771,824.0152045028443,"{""type"":""MultiPoint"",""coordinates"":[]}"
20000907,2000-09-07,826.6751228821875,828.1145609215665,824.763774835811,"{""type"":""MultiPoint"",""coordinates"":[]}"
20000908,2000-09-08,827.3721678190284,828.9530670716061,825.5357381675375,"{""type"":""MultiPoint"",""coordinates"":[]}"
20000909,2000-09-09,827.1622566757533,828.8968548101882,825.4456356502875,"{""type"":""MultiPoint"",""coordinates"":[]}"
20000910,2000-09-10,826.2666175805954,828.0405965976952,824.5108038716392,"{""type"":""MultiPoint"",""coordinates"":[]}"
20000911,2000-09-11,826.2414622552192,827.721120539683,824.2695973968034,"{""type"":""MultiPoint"",""coordinates"":[]}"
20000912,2000-09-12,828.2012552859061,829.7869531518456,826.2621421933541,"{""type"":""MultiPoint"",""coordinates"":[]}"
20000913,2000-09-13,829.454695533683,831.0423526025818,827.5073959795392,"{""type"":""MultiPoint"",""coordinates"":[]}"
20000914,2000-09-14,828.8922848064852,830.8202120911936,826.8833104768293,"{""type"":""MultiPoint"",""coordinates"":[]}"
20000915,2000-09-15,828.4193067690803,830.0734132738881,826.558641467782,"{""type"":""MultiPoint"",""coordinates"":[]}"
20000916,2000-09-16,828.7867458045931,830.2444674255769,826.8526462275344,"{""type"":""MultiPoint"",""coordinates"":[]}"
20000917,2000-09-17,829.4208173208707,831.2344576524902,827.7170816422228,"{""type"":""MultiPoint"",""coordinates"":[]}"
20000918,2000-09-18,828.7408445871359,830.5472692912504,826.978122417607,"{""type"":""MultiPoint"",""coordinates"":[]}"
20000919,2000-09-19,828.8173739871506,830.2903539063257,826.9955142903233,"{""type"":""MultiPoint"",""coordinates"":[]}"
20000920,2000-09-20,829.369536097748,830.7661035280466,827.5525794526583,"{""type"":""MultiPoint"",""coordinates"":[]}"
20000921,2000-09-21,830.2108822483829,831.7189989328542,828.2940948175049,"{""type"":""MultiPoint"",""coordinates"":[]}"
20000922,2000-09-22,830.7466748453886,832.4810409790232,828.9872811486224,"{""type"":""MultiPoint"",""coordinates"":[]}"
20000923,2000-09-23,829.870142323024,831.7775590445037,827.9976552246283,"{""type"":""MultiPoint"",""coordinates"":[]}"
20000924,2000-09-24,829.0700594345057,830.862869247537,827.0943427600323,"{""type"":""MultiPoint"",""coordinates"":[]}"
20000925,2000-09-25,828.7556010074878,830.5240043477571,826.758627701274,"{""type"":""MultiPoint"",""coordinates"":[]}"
20000926,2000-09-26,828.9334854560475,830.5479641416218,827.0158000770956,"{""type"":""MultiPoint"",""coordinates"":[]}"
20000927,2000-09-27,829.1690380131917,831.1532376238118,827.1367947967777,"{""type"":""MultiPoint"",""coordinates"":[]}"
20000928,2000-09-28,829.1657490614389,830.971876334312,827.293299955807,"{""type"":""MultiPoint"",""coordinates"":[]}"
20000929,2000-09-29,829.4228473443534,831.2530974973691,827.5941384094285,"{""type"":""MultiPoint"",""coordinates"":[]}"
20000930,2000-09-30,829.1704471518184,830.6201190964227,827.3413983427704,"{""type"":""MultiPoint"",""coordinates"":[]}"
20001001,2000-10-01,830.0497979869959,831.4391197908334,828.3313876752036,"{""type"":""MultiPoint"",""coordinates"":[]}"
20001002,2000-10-02,830.5563914503292,832.2445237612013,828.6957171122975,"{""type"":""MultiPoint"",""coordinates"":[]}"
20001003,2000-10-03,830.5376254462687,832.3045723708608,828.7409401208153,"{""type"":""MultiPoint"",""coordinates"":[]}"
20001004,2000-10-04,830.3875332450025,832.0105178940444,828.4798194112582,"{""type"":""MultiPoint"",""coordinates"":[]}"
20001005,2000-10-05,830.4618984130287,832.1442621187664,828.5108618943754,"{""type"":""MultiPoint"",""coordinates"":[]}"
20001006,2000-10-06,830.7499840784635,832.623433222274,829.008691452437,"{""type"":""MultiPoint"",""coordinates"":[]}"
20001007,2000-10-07,830.1506681072169,832.1199344088467,828.3331611065378,"{""type"":""MultiPoint"",""coordinates"":[]}"
20001008,2000-10-08,828.5200777724339,830.8657278091747,826.4213256637025,"{""type"":""MultiPoint"",""coordinates"":[]}"
20001009,2000-10-09,827.4357346348796,829.0848920816358,825.3977004857103,"{""type"":""MultiPoint"",""coordinates"":[]}"
20001010,2000-10-10,828.7564512642107,830.3581762221714,826.7128748659661,"{""type"":""MultiPoint"",""coordinates"":[]}"
20001011,2000-10-11,829.7258559163157,831.2891762806258,827.9453596971548,"{""type"":""MultiPoint"",""coordinates"":[]}"
20001012,2000-10-12,829.2496496005334,831.5510126961361,827.2911615415256,"{""type"":""MultiPoint"",""coordinates"":[]}"
20001013,2000-10-13,827.5186878129315,829.7167777368111,825.5415357810283,"{""type"":""MultiPoint"",""coordinates"":[]}"
20001014,2000-10-14,827.842798053994,829.4133472089678,825.8582363362874,"{""type"":""MultiPoint"",""coordinates"":[]}"
20001015,2000-10-15,830.4643012300947,832.0603892923458,828.3040553066837,"{""type"":""MultiPoint"",""coordinates"":[]}"
20001016,2000-10-16,831.0209381479422,832.9506041726846,829.1705258020373,"{""type"":""MultiPoint"",""coordinates"":[]}"
20001017,2000-10-17,829.7024130125274,831.674285006599,828.0219626251807,"{""type"":""MultiPoint"",""coordinates"":[]}"
20001018,2000-10-18,828.4897338905712,830.2056138651103,826.6903021927452,"{""type"":""MultiPoint"",""coordinates"":[]}"
20001019,2000-10-19,828.4083551532293,830.1786243444778,826.6251292988018,"{""type"":""MultiPoint"",""coordinates"":[]}"
20001020,2000-10-20,828.9587126874839,830.6461389367732,827.2397155395089,"{""type"":""MultiPoint"",""coordinates"":[]}"
20001021,2000-10-21,828.5198061507929,830.7447582760584,826.4040032735509,"{""type"":""MultiPoint"",""coordinates"":[]}"
20001022,2000-10-22,827.2109592216414,829.1479512038715,825.4307239368716,"{""type"":""MultiPoint"",""coordinates"":[]}"
20001023,2000-10-23,827.7359159420685,829.1399389522285,825.7929619335674,"{""type"":""MultiPoint"",""coordinates"":[]}"
20001024,2000-10-24,829.7959569912673,831.2452694734206,827.9852418799094,"{""type"":""MultiPoint"",""coordinates"":[]}"
20001025,2000-10-25,830.9925701148542,832.5946520425387,829.2780866264843,"{""type"":""MultiPoint"",""coordinates"":[]}"
20001026,2000-10-26,830.8661180815162,832.7975827547458,829.1219728684313,"{""type"":""MultiPoint"",""coordinates"":[]}"
20001027,2000-10-27,831.8498064465689,833.5910388341625,829.742445448281,"{""type"":""MultiPoint"",""coordinates"":[]}"
20001028,2000-10-28,833.0793078094657,834.8549262109416,831.1524903031298,"{""type"":""MultiPoint"",""coordinates"":[]}"
20001029,2000-10-29,832.7102031287193,834.7378894817584,831.0581612984698,"{""type"":""MultiPoint"",""coordinates"":[]}"
20001030,2000-10-30,831.6331299760446,833.7648173755514,829.7590123102319,"{""type"":""MultiPoint"",""coordinates"":[]}"
20001031,2000-10-31,830.8684230689921,832.5578159017685,829.0589492135647,"{""type"":""MultiPoint"",""coordinates"":[]}"
20001101,2000-11-01,831.528685633692,833.043056952229,829.7501165613218,"{""type"":""MultiPoint"",""coordinates"":[]}"
20001102,2000-11-02,832.5074644204627,834.0057883979808,830.7751020072434,"{""type"":""MultiPoint"",""coordinates"":[]}"
20001103,2000-11-03,834.1443923840485,835.6874909759209,832.510345145287,"{""type"":""MultiPoint"",""coordinates"":[]}"
20001104,2000-11-04,833.4629771276248,835.7428635372447,831.6131024575872,"{""type"":""MultiPoint"",""coordinates"":[]}"
20001105,2000-11-05,830.6345231878211,833.2348940459161,828.5395356819025,"{""type"":""MultiPoint"",""coordinates"":[]}"
20001106,2000-11-06,829.2320097608919,830.8647715170558,827.5715081375706,"{""type"":""MultiPoint"",""coordinates"":[]}"
20001107,2000-11-07,830.7440544214658,832.3450195862537,828.8853866963548,"{""type"":""MultiPoint"",""coordinates"":[]}"
20001108,2000-11-08,831.338178371125,833.3102477593413,829.587901450276,"{""type"":""MultiPoint"",""coordinates"":[]}"
20001109,2000-11-09,831.0403136861655,832.8884347444844,829.0516063432025,"{""type"":""MultiPoint"",""coordinates"":[]}"
20001110,2000-11-10,832.3644673275921,833.8070408780264,830.510882680469,"{""type"":""MultiPoint"",""coordinates"":[]}"
20001111,2000-11-11,832.0301315483198,834.4889927016616,830.0580125535472,"{""type"":""MultiPoint"",""coordinates"":[]}"
20001112,2000-11-12,829.5317930307453,832.0896900524859,827.574572198142,"{""type"":""MultiPoint"",""coordinates"":[]}"
20001113,2000-11-13,828.5128802262736,830.3451110671509,826.7509187959266,"{""type"":""MultiPoint"",""coordinates"":[]}"
20001114,2000-11-14,830.6056462241522,832.569899727515,828.3375599907777,"{""type"":""MultiPoint"",""coordinates"":[]}"
20001115,2000-11-15,832.0814747786064,833.6844794474702,830.4965012714109,"{""type"":""MultiPoint"",""coordinates"":[]}"
20001116,2000-11-16,831.745509893734,833.6574424061388,829.9401592833289,"{""type"":""MultiPoint"",""coordinates"":[]}"
20001117,2000-11-17,830.0427956816756,832.6339349764002,828.0826647701348,"{""type"":""MultiPoint"",""coordinates"":[]}"
20001118,2000-11-18,829.6097901374593,831.8307888927454,827.4780499431014,"{""type"":""MultiPoint"",""coordinates"":[]}"
20001119,2000-11-19,830.0826434753874,831.9221935968696,828.2479013353498,"{""type"":""MultiPoint"",""coordinates"":[]}"
20001120,2000-11-20,829.5612195339996,831.4804178707622,827.8082179128436,"{""type"":""MultiPoint"",""coordinates"":[]}"
20001121,2000-11-21,829.7120977628573,831.2135032873754,828.019572556015,"{""type"":""MultiPoint"",""coordinates"":[]}"
20001122,2000-11-22,831.3424901131773,832.5814828115899,829.5132413886545,"{""type"":""MultiPoint"",""coordinates"":[]}"
20001123,2000-11-23,832.5298315164482,834.4137483358941,830.92880611461,"{""type"":""MultiPoint"",""coordinates"":[]}"
20001124,2000-11-24,831.3352600559394,833.6494295889842,829.5995945194717,"{""type"":""MultiPoint"",""coordinates"":[]}"
20001125,2000-11-25,830.671972278533,832.3283031562385,829.0305514123509,"{""type"":""MultiPoint"",""coordinates"":[]}"
20001126,2000-11-26,830.9035394584465,832.5614967977527,829.2961446562778,"{""type"":""MultiPoint"",""coordinates"":[]}"
20001127,2000-11-27,830.3776881343983,832.485557666265,828.6741816184826,"{""type"":""MultiPoint"",""coordinates"":[]}"
20001128,2000-11-28,830.0838374352156,831.9610407032142,828.3450517725496,"{""type"":""MultiPoint"",""coordinates"":[]}"
20001129,2000-11-29,829.9589915109276,831.5826282916689,828.1267524614108,"{""type"":""MultiPoint"",""coordinates"":[]}"
20001130,2000-11-30,830.3512714916418,832.3533645616209,828.4788631656272,"{""type"":""MultiPoint"",""coordinates"":[]}"
20001201,2000-12-01,831.3707787147505,833.207784935394,829.533259059275,"{""type"":""MultiPoint"",""coordinates"":[]}"
20001202,2000-12-02,833.3937980247277,835.1588597578153,831.1984418307318,"{""type"":""MultiPoint"",""coordinates"":[]}"
20001203,2000-12-03,832.8522324809871,835.1379606218463,830.9187058014903,"{""type"":""MultiPoint"",""coordinates"":[]}"
20001204,2000-12-04,831.0593941406138,833.1070334370353,829.0675556262962,"{""type"":""MultiPoint"",""coordinates"":[]}"
20001205,2000-12-05,830.0353847387041,831.6309793897157,828.3709406814706,"{""type"":""MultiPoint"",""coordinates"":[]}"
20001206,2000-12-06,831.1498258128898,832.7051925883572,829.4093627892647,"{""type"":""MultiPoint"",""coordinates"":[]}"
20001207,2000-12-07,831.3995431175822,833.1584721392393,829.82139154625,"{""type"":""MultiPoint"",""coordinates"":[]}"
20001208,2000-12-08,830.7855526907841,832.7000751639724,829.1645640094446,"{""type"":""MultiPoint"",""coordinates"":[]}"
20001209,2000-12-09,829.9218138103319,831.6773799617093,828.1225120897702,"{""type"":""MultiPoint"",""coordinates"":[]}"
20001210,2000-12-10,830.2009125413825,831.9628126534699,828.5012049106928,"{""type"":""MultiPoint"",""coordinates"":[]}"
20001211,2000-12-11,831.3457927733091,833.1516750860072,829.4425884343693,"{""type"":""MultiPoint"",""coordinates"":[]}"
20001212,2000-12-12,831.6201652215942,833.3912586867522,830.0080103817421,"{""type"":""MultiPoint"",""coordinates"":[]}"
20001213,2000-12-13,830.5538793069818,832.4869150280115,829.0976772591944,"{""type"":""MultiPoint"",""coordinates"":[]}"
20001214,2000-12-14,830.4708531408933,831.7864866949658,828.9644243318381,"{""type"":""MultiPoint"",""coordinates"":[]}"
20001215,2000-12-15,831.9441282513628,833.360550566101,830.1020623825868,"{""type"":""MultiPoint"",""coordinates"":[]}"
20001216,2000-12-16,833.045055144283,834.6578805355971,831.3889011258625,"{""type"":""MultiPoint"",""coordinates"":[]}"
20001217,2000-12-17,832.3615391713317,834.5952222775743,830.5257433831263,"{""type"":""MultiPoint"",""coordinates"":[]}"
20001218,2000-12-18,831.286532370398,833.7971481649831,829.3586326119768,"{""type"":""MultiPoint"",""coordinates"":[]}"
20001219,2000-12-19,831.5090667711365,833.1513853097777,829.6222366680455,"{""type"":""MultiPoint"",""coordinates"":[]}"
20001220,2000-12-20,832.8383547983964,834.4292441950312,830.9324282927608,"{""type"":""MultiPoint"",""coordinates"":[]}"
20001221,2000-12-21,833.3350533222107,835.1463073589609,831.7137592981277,"{""type"":""MultiPoint"",""coordinates"":[]}"
20001222,2000-12-22,833.1623761230447,835.0757702976794,831.5097741381977,"{""type"":""MultiPoint"",""coordinates"":[]}"
20001223,2000-12-23,832.5110441280032,834.3144632232813,830.8326706141595,"{""type"":""MultiPoint"",""coordinates"":[]}"
20001224,2000-12-24,832.0280332125234,833.9805745548696,830.31556287349,"{""type"":""MultiPoint"",""coordinates"":[]}"
20001225,2000-12-25,831.6948163292253,833.579789431815,830.1259415195201,"{""type"":""MultiPoint"",""coordinates"":[]}"
20001226,2000-12-26,832.0244468921861,833.8486385062896,830.3541111054052,"{""type"":""MultiPoint"",""coordinates"":[]}"
20001227,2000-12-27,831.3609096622166,833.3717350299216,829.6933542881301,"{""type"":""MultiPoint"",""coordinates"":[]}"
20001228,2000-12-28,830.951384041886,832.5813917266892,829.407324607209,"{""type"":""MultiPoint"",""coordinates"":[]}"
20001229,2000-12-29,831.080841856811,832.813436999157,829.493165289961,"{""type"":""MultiPoint"",""coordinates"":[]}"
20001230,2000-12-30,831.0121234502494,832.7615505946625,829.3195342069047,"{""type"":""MultiPoint"",""coordinates"":[]}"
20001231,2000-12-31,829.2701373143308,831.6814827310142,827.278640030665,"{""type"":""MultiPoint"",""coordinates"":[]}"
20010101,2001-01-01,828.3867053422912,829.8683443131431,826.793814562062,"{""type"":""MultiPoint"",""coordinates"":[]}"
20010102,2001-01-02,830.0746900378324,831.5693870451585,828.335239154942,"{""type"":""MultiPoint"",""coordinates"":[]}"
20010103,2001-01-03,830.3574541955385,832.121795474127,828.741391698811,"{""type"":""MultiPoint"",""coordinates"":[]}"
20010104,2001-01-04,830.0124953025571,831.9915274113783,828.2815926585514,"{""type"":""MultiPoint"",""coordinates"":[]}"
20010105,2001-01-05,830.433718610148,832.143174401786,828.5186675595875,"{""type"":""MultiPoint"",""coordinates"":[]}"
20010106,2001-01-06,829.8413786004865,831.8593062659145,828.1135779183093,"{""type"":""MultiPoint"",""coordinates"":[]}"
20010107,2001-01-07,828.3485467085454,830.649746977594,826.4665784003557,"{""type"":""MultiPoint"",""coordinates"":[]}"
20010108,2001-01-08,828.4591093363679,830.1057966543367,826.7598111034367,"{""type"":""MultiPoint"",""coordinates"":[]}"
20010109,2001-01-09,829.5876761589149,831.1221075938562,827.9095770142504,"{""type"":""MultiPoint"",""coordinates"":[]}"
20010110,2001-01-10,829.3511326173401,831.5851059621044,827.5023640557322,"{""type"":""MultiPoint"",""coordinates"":[]}"
20010111,2001-01-11,829.1540596891523,831.4710018708922,827.0154404732684,"{""type"":""MultiPoint"",""coordinates"":[]}"
20010112,2001-01-12,830.1849593158984,831.9420946736677,828.1715685807683,"{""type"":""MultiPoint"",""coordinates"":[]}"
20010113,2001-01-13,830.2201640478388,831.8915660062714,828.7143843361907,"{""type"":""MultiPoint"",""coordinates"":[]}"
20010114,2001-01-14,830.5182049668679,832.1116972899524,828.9492560297143,"{""type"":""MultiPoint"",""coordinates"":[]}"
20010115,2001-01-15,831.4231170924008,832.9382149187195,829.7138935673788,"{""type"":""MultiPoint"",""coordinates"":[]}"
20010116,2001-01-16,831.3204674670401,833.2655754223856,829.5037516979443,"{""type"":""MultiPoint"",""coordinates"":[]}"
20010117,2001-01-17,831.5740358207112,833.6820304913632,829.9058116463676,"{""type"":""MultiPoint"",""coordinates"":[]}"
20010118,2001-01-18,831.1930615369938,833.0744836789685,829.4374763004937,"{""type"":""MultiPoint"",""coordinates"":[]}"
20010119,2001-01-19,831.0920677903067,833.1350571837371,829.4064437025693,"{""type"":""MultiPoint"",""coordinates"":[]}"
20010120,2001-01-20,829.6332275231974,832.0325119392847,827.5671404890757,"{""type"":""MultiPoint"",""coordinates"":[]}"
20010121,2001-01-21,827.0241151860274,829.6296286237337,824.8428283987688,"{""type"":""MultiPoint"",""coordinates"":[]}"
20010122,2001-01-22,825.6054601385005,827.7155362601393,823.6617933514955,"{""type"":""MultiPoint"",""coordinates"":[]}"
20010123,2001-01-23,826.1867548277102,828.1489570208404,824.01010231938,"{""type"":""MultiPoint"",""coordinates"":[]}"
20010124,2001-01-24,827.5084341486063,829.8183601933238,825.3854736115212,"{""type"":""MultiPoint"",""coordinates"":[]}"
20010125,2001-01-25,827.5650101833422,829.4939268493524,825.8181262813071,"{""type"":""MultiPoint"",""coordinates"":[]}"
20010126,2001-01-26,828.0614717052204,829.936135325074,826.0922308219318,"{""type"":""MultiPoint"",""coordinates"":[]}"
20010127,2001-01-27,829.1585652123648,830.9873581645809,827.3844102886416,"{""type"":""MultiPoint"",""coordinates"":[]}"
20010128,2001-01-28,829.582258562768,831.7527172951598,827.8242607478743,"{""type"":""MultiPoint"",""coordinates"":[]}"
20010129,2001-01-29,829.6126845727915,831.30765068397,828.0354806605878,"{""type"":""MultiPoint"",""coordinates"":[]}"
20010130,2001-01-30,829.2820163335948,831.3058525678283,827.5534909299985,"{""type"":""MultiPoint"",""coordinates"":[]}"
20010131,2001-01-31,828.4015438332566,830.5095983062073,826.6174778295475,"{""type"":""MultiPoint"",""coordinates"":[]}"
20010201,2001-02-01,827.8718908142228,829.7203505044876,826.1921966641105,"{""type"":""MultiPoint"",""coordinates"":[]}"
20010202,2001-02-02,827.400076580593,829.4816806285436,825.5002252167687,"{""type"":""MultiPoint"",""coordinates"":[]}"
20010203,2001-02-03,827.0169893101032,829.1136062565416,825.0130104843129,"{""type"":""MultiPoint"",""coordinates"":[]}"
20010204,2001-02-04,826.3206359405336,828.2900213725635,824.6387610628327,"{""type"":""MultiPoint"",""coordinates"":[]}"
20010205,2001-02-05,827.6086029651617,829.6762732712984,825.6524442712907,"{""type"":""MultiPoint"",""coordinates"":[]}"
20010206,2001-02-06,828.9388744099373,830.7869623775476,827.2831996981522,"{""type"":""MultiPoint"",""coordinates"":[]}"
20010207,2001-02-07,829.4148172498814,831.3867927491035,827.7351020797549,"{""type"":""MultiPoint"",""coordinates"":[]}"
20010208,2001-02-08,829.73292221945,831.7848239282505,827.8032151973553,"{""type"":""MultiPoint"",""coordinates"":[]}"
20010209,2001-02-09,828.9682954362447,831.1138284839018,826.7353807001849,"{""type"":""MultiPoint"",""coordinates"":[]}"
20010210,2001-02-10,827.4127078754028,829.4550259852474,825.4243185864328,"{""type"":""MultiPoint"",""coordinates"":[]}"
20010211,2001-02-11,827.4626511698684,829.1466309629824,825.4552132133531,"{""type"":""MultiPoint"",""coordinates"":[]}"
20010212,2001-02-12,829.8032361785324,831.8742285152022,827.6389576369418,"{""type"":""MultiPoint"",""coordinates"":[]}"
20010213,2001-02-13,830.1604058432279,832.0787881647598,828.3160553065179,"{""type"":""MultiPoint"",""coordinates"":[]}"
20010214,2001-02-14,829.9445993023631,831.7185558722432,828.0495816711943,"{""type"":""MultiPoint"",""coordinates"":[]}"
20010215,2001-02-15,830.975106795636,832.9390706556042,828.7545954755466,"{""type"":""MultiPoint"",""coordinates"":[]}"
20010216,2001-02-16,831.2593987980695,833.2247590172857,829.3141805301747,"{""type"":""MultiPoint"",""coordinates"":[]}"
20010217,2001-02-17,830.5614164008441,832.5941097340099,828.8200716671543,"{""type"":""MultiPoint"",""coordinates"":[]}"
20010218,2001-02-18,830.119807023659,832.202222109446,828.224951200964,"{""type"":""MultiPoint"",""coordinates"":[]}"
20010219,2001-02-19,829.629370957736,831.6959108498146,827.6254819563316,"{""type"":""MultiPoint"",""coordinates"":[]}"
20010220,2001-02-20,827.9274079662483,830.4370729085437,825.6204213030829,"{""type"":""MultiPoint"",""coordinates"":[]}"
20010221,2001-02-21,826.3810974669215,828.3650723816405,824.3861041010724,"{""type"":""MultiPoint"",""coordinates"":[]}"
20010222,2001-02-22,827.5709035613386,829.3553718184017,825.5504859432865,"{""type"":""MultiPoint"",""coordinates"":[]}"
20010223,2001-02-23,827.3576832471105,829.6527169353482,825.4871358614,"{""type"":""MultiPoint"",""coordinates"":[]}"
20010224,2001-02-24,825.9028187523891,828.3899252645663,823.7129555883961,"{""type"":""MultiPoint"",""coordinates"":[]}"
20010225,2001-02-25,824.7352516691233,826.6402204221528,822.6572555382551,"{""type"":""MultiPoint"",""coordinates"":[]}"
20010226,2001-02-26,826.9776062267355,828.8577246846797,824.6971564530771,"{""type"":""MultiPoint"",""coordinates"":[]}"
20010227,2001-02-27,829.7894200322838,831.4509034500204,827.6248307070487,"{""type"":""MultiPoint"",""coordinates"":[]}"
20010228,2001-02-28,831.0888763233801,832.8824629491197,829.0861830416433,"{""type"":""MultiPoint"",""coordinates"":[]}"
20010301,2001-03-01,831.9071459740286,833.5954225507923,830.1265880652619,"{""type"":""MultiPoint"",""coordinates"":[]}"
20010302,2001-03-02,832.7862568292436,835.0976347505872,830.5920555121953,"{""type"":""MultiPoint"",""coordinates"":[]}"
20010303,2001-03-03,832.2666159817013,834.4793166844684,830.2106362155965,"{""type"":""MultiPoint"",""coordinates"":[]}"
20010304,2001-03-04,830.9076716369905,833.2843610424205,828.8741036244429,"{""type"":""MultiPoint"",""coordinates"":[]}"
20010305,2001-03-05,829.7876865152336,831.7114584546167,828.0692654952699,"{""type"":""MultiPoint"",""coordinates"":[]}"
20010306,2001-03-06,830.0483554354375,831.8367472907323,828.2338952615455,"{""type"":""MultiPoint"",""coordinates"":[]}"
20010307,2001-03-07,830.1810732320344,832.3036101403555,828.3410694076564,"{""type"":""MultiPoint"",""coordinates"":[]}"
20010308,2001-03-08,829.6079157612703,831.5809689673533,827.6563453208233,"{""type"":""MultiPoint"",""coordinates"":[]}"
20010309,2001-03-09,829.7585684269218,831.6031171458468,827.7956412921486,"{""type"":""MultiPoint"",""coordinates"":[]}"
20010310,2001-03-10,830.2325028403366,832.1940168458789,828.377021889365,"{""type"":""MultiPoint"",""coordinates"":[]}"
20010311,2001-03-11,830.4807968383353,832.8154765019289,828.5832217190934,"{""type"":""MultiPoint"",""coordinates"":[]}"
20010312,2001-03-12,829.112627634573,831.0545044968945,827.1365226972265,"{""type"":""MultiPoint"",""coordinates"":[]}"
20010313,2001-03-13,828.4662753654603,830.509665351125,826.5897182532691,"{""type"":""MultiPoint"",""coordinates"":[]}"
20010314,2001-03-14,829.1783636558141,830.7798156499883,827.228750038819,"{""type"":""MultiPoint"",""coordinates"":[]}"
20010315,2001-03-15,830.0261905391869,832.0209525047204,828.1711049967256,"{""type"":""MultiPoint"",""coordinates"":[]}"
20010316,2001-03-16,828.3444765401471,830.64716341975,826.2667165573748,"{""type"":""MultiPoint"",""coordinates"":[]}"
20010317,2001-03-17,827.175881042565,829.1870403988447,825.2322969424318,"{""type"":""MultiPoint"",""coordinates"":[]}"
20010318,2001-03-18,828.6285869613974,830.6278333910325,826.604366350913,"{""type"":""MultiPoint"",""coordinates"":[]}"
20010319,2001-03-19,829.3172911971051,831.3535814726777,827.1940695779444,"{""type"":""MultiPoint"",""coordinates"":[]}"
20010320,2001-03-20,827.175279945041,829.6835714980538,825.1197400183931,"{""type"":""MultiPoint"",""coordinates"":[]}"
20010321,2001-03-21,826.086024245995,828.3337242081591,823.9915393997488,"{""type"":""MultiPoint"",""coordinates"":[]}"
20010322,2001-03-22,825.9274931030494,827.8750808916266,823.8246792957653,"{""type"":""MultiPoint"",""coordinates"":[]}"
20010323,2001-03-23,826.6395282456646,828.4181857941074,824.7097407120044,"{""type"":""MultiPoint"",""coordinates"":[]}"
20010324,2001-03-24,826.3752762043067,828.3615458302401,824.4353528927436,"{""type"":""MultiPoint"",""coordinates"":[]}"
20010325,2001-03-25,825.6966678197958,827.9408116779671,823.737869602192,"{""type"":""MultiPoint"",""coordinates"":[]}"
20010326,2001-03-26,825.2925399586952,827.3546497136044,823.3583526588566,"{""type"":""MultiPoint"",""coordinates"":[]}"
20010327,2001-03-27,825.2182514441488,827.1393676230482,823.0652325705672,"{""type"":""MultiPoint"",""coordinates"":[]}"
20010328,2001-03-28,825.5927619222405,827.3965332212314,823.6340410367734,"{""type"":""MultiPoint"",""coordinates"":[]}"
20010329,2001-03-29,825.5460673159671,827.4209968595521,823.3728177585158,"{""type"":""MultiPoint"",""coordinates"":[]}"
20010330,2001-03-30,827.027326839111,828.7600919285433,824.8559558061793,"{""type"":""MultiPoint"",""coordinates"":[]}"
20010331,2001-03-31,829.186657912337,830.8318151044558,827.3324147944654,"{""type"":""MultiPoint"",""coordinates"":[]}"
20010401,2001-04-01,828.8370298238897,830.70695950504,826.957742120002,"{""type"":""MultiPoint"",""coordinates"":[]}"
20010402,2001-04-02,827.8304575344675,829.7939253262189,825.8227606076283,"{""type"":""MultiPoint"",""coordinates"":[]}"
20010403,2001-04-03,828.7492948467451,830.5839851083847,826.6249577137675,"{""type"":""MultiPoint"",""coordinates"":[]}"
20010404,2001-04-04,830.2911339542104,832.5438957500122,827.9641842072533,"{""type"":""MultiPoint"",""coordinates"":[]}"
20010405,2001-04-05,829.5266975214533,831.4938875113232,827.2921897673049,"{""type"":""MultiPoint"",""coordinates"":[]}"
20010406,2001-04-06,829.9208357203968,831.9017108361567,827.6477947677171,"{""type"":""MultiPoint"",""coordinates"":[]}"
20010407,2001-04-07,829.598584432781,832.353238396991,826.9094116846196,"{""type"":""MultiPoint"",""coordinates"":[]}"
20010408,2001-04-08,826.7458398716002,829.5332551283468,824.1601519899045,"{""type"":""MultiPoint"",""coordinates"":[]}"
20010409,2001-04-09,826.7117677716276,828.475692603905,824.5157817342905,"{""type"":""MultiPoint"",""coordinates"":[]}"
20010410,2001-04-10,829.2094331434195,830.9316759396861,826.981899169768,"{""type"":""MultiPoint"",""coordinates"":[]}"
20010411,2001-04-11,829.3570363751892,831.6662139383019,827.1955946847929,"{""type"":""MultiPoint"",""coordinates"":[]}"
20010412,2001-04-12,828.755714167484,830.2612253223605,826.8810492770293,"{""type"":""MultiPoint"",""coordinates"":[]}"
20010413,2001-04-13,829.6585560493627,831.2267740023098,827.5962582248736,"{""type"":""MultiPoint"",""coordinates"":[]}"
20010414,2001-04-14,831.4374006791776,832.8937659591684,829.5514726677562,"{""type"":""MultiPoint"",""coordinates"":[]}"
20010415,2001-04-15,831.0611399696668,833.3798060945485,828.9701808908115,"{""type"":""MultiPoint"",""coordinates"":[]}"
20010416,2001-04-16,828.6746106678479,831.2182337285459,826.3812713464235,"{""type"":""MultiPoint"",""coordinates"":[]}"
20010417,2001-04-17,827.7213318889316,829.6496342711007,825.8802506864656,"{""type"":""MultiPoint"",""coordinates"":[]}"
20010418,2001-04-18,827.3756477754301,829.1531370714031,825.5626132011325,"{""type"":""MultiPoint"",""coordinates"":[]}"
20010419,2001-04-19,827.2167125916933,829.0468989271087,825.3300677766821,"{""type"":""MultiPoint"",""coordinates"":[]}"
20010420,2001-04-20,826.5761263954322,828.541499875412,824.5842713932335,"{""type"":""MultiPoint"",""coordinates"":[]}"
20010421,2001-04-21,825.9786731791502,827.947031179727,824.0122721091221,"{""type"":""MultiPoint"",""coordinates"":[]}"
20010422,2001-04-22,827.09542682223,829.0340149879697,825.0781854685608,"{""type"":""MultiPoint"",""coordinates"":[]}"
20010423,2001-04-23,828.1015264492484,829.8702354018054,825.9805833431197,"{""type"":""MultiPoint"",""coordinates"":[]}"
20010424,2001-04-24,828.4053103497431,830.4067559371832,826.3112759731424,"{""type"":""MultiPoint"",""coordinates"":[]}"
20010425,2001-04-25,826.5803284346964,828.9674879914764,824.4208036562562,"{""type"":""MultiPoint"",""coordinates"":[]}"
20010426,2001-04-26,826.2400522343592,827.9756925770221,824.3079270539148,"{""type"":""MultiPoint"",""coordinates"":[]}"
20010427,2001-04-27,825.6088417489253,827.8625568444122,823.580299282615,"{""type"":""MultiPoint"",""coordinates"":[]}"
20010428,2001-04-28,824.9631460108177,826.9914182878179,822.7239188856927,"{""type"":""MultiPoint"",""coordinates"":[]}"
20010429,2001-04-29,826.5140780590352,828.278568571367,824.238782485618,"{""type"":""MultiPoint"",""coordinates"":[]}"
20010430,2001-04-30,828.3653422497371,830.0864997477643,826.4177724742239,"{""type"":""MultiPoint"",""coordinates"":[]}"
20010501,2001-05-01,828.0161704137863,830.2916020104807,825.9141483323464,"{""type"":""MultiPoint"",""coordinates"":[]}"
20010502,2001-05-02,825.923443134877,828.2774919078865,823.8377802223819,"{""type"":""MultiPoint"",""coordinates"":[]}"
20010503,2001-05-03,825.1056132387472,826.8128359692078,822.9379547046692,"{""type"":""MultiPoint"",""coordinates"":[]}"
20010504,2001-05-04,826.7864490179244,828.4265700840846,824.7163780070276,"{""type"":""MultiPoint"",""coordinates"":[]}"
20010505,2001-05-05,827.2614776561454,829.3852385559574,825.1593242865181,"{""type"":""MultiPoint"",""coordinates"":[]}"
20010506,2001-05-06,826.7264179914748,828.3926942193611,824.8012312494095,"{""type"":""MultiPoint"",""coordinates"":[]}"
20010507,2001-05-07,826.2716346608868,828.2007521312121,824.2567323693469,"{""type"":""MultiPoint"",""coordinates"":[]}"
20010508,2001-05-08,825.4963423465141,827.3323072026732,823.5776338668913,"{""type"":""MultiPoint"",""coordinates"":[]}"
20010509,2001-05-09,825.3496755652607,827.0763769109869,823.4751581082625,"{""type"":""MultiPoint"",""coordinates"":[]}"
20010510,2001-05-10,826.1675090855424,827.95261490058,824.0845089548825,"{""type"":""MultiPoint"",""coordinates"":[]}"
20010511,2001-05-11,827.4398658972575,829.0326294000687,825.644221617329,"{""type"":""MultiPoint"",""coordinates"":[]}"
20010512,2001-05-12,827.2046071553447,829.157167624087,825.2715278631496,"{""type"":""MultiPoint"",""coordinates"":[]}"
20010513,2001-05-13,826.3497430534024,828.2421502902267,824.3535093959626,"{""type"":""MultiPoint"",""coordinates"":[]}"
20010514,2001-05-14,826.8372111543312,828.3832911667521,824.9344468096384,"{""type"":""MultiPoint"",""coordinates"":[]}"
20010515,2001-05-15,827.3771828141986,828.967096958786,825.4797635853355,"{""type"":""MultiPoint"",""coordinates"":[]}"
20010516,2001-05-16,827.4432475783331,829.1151702370798,825.4449200274224,"{""type"":""MultiPoint"",""coordinates"":[]}"
20010517,2001-05-17,827.2998696323928,828.9252125747258,825.2508292074041,"{""type"":""MultiPoint"",""coordinates"":[]}"
20010518,2001-05-18,827.1540495639917,829.0203058404842,825.1598548814028,"{""type"":""MultiPoint"",""coordinates"":[]}"
20010519,2001-05-19,826.649370180851,828.5934725742172,824.579465820378,"{""type"":""MultiPoint"",""coordinates"":[]}"
20010520,2001-05-20,825.5190024541059,827.3469563084773,823.4566942736352,"{""type"":""MultiPoint"",""coordinates"":[]}"
20010521,2001-05-21,825.256178761007,827.1222851265223,823.0767668933477,"{""type"":""MultiPoint"",""coordinates"":[]}"
20010522,2001-05-22,825.7233774337444,827.3642209081953,823.8545060497884,"{""type"":""MultiPoint"",""coordinates"":[]}"
20010523,2001-05-23,825.1165180723981,827.1661365107332,823.0738895763848,"{""type"":""MultiPoint"",""coordinates"":[]}"
20010524,2001-05-24,823.3798503749169,825.217742585413,821.3047283445558,"{""type"":""MultiPoint"",""coordinates"":[]}"
20010525,2001-05-25,823.0318645653307,824.6624340332553,820.8712294636641,"{""type"":""MultiPoint"",""coordinates"":[]}"
20010526,2001-05-26,825.0655747207626,826.7974019075278,822.9583192087964,"{""type"":""MultiPoint"",""coordinates"":[]}"
20010527,2001-05-27,825.7849973567692,827.4756231398283,823.7604502679546,"{""type"":""MultiPoint"",""coordinates"":[]}"
20010528,2001-05-28,825.0963957717347,826.9711371893077,822.7944196052895,"{""type"":""MultiPoint"",""coordinates"":[]}"
20010529,2001-05-29,824.6877140585791,826.3490893834168,822.7341865838549,"{""type"":""MultiPoint"",""coordinates"":[]}"
20010530,2001-05-30,824.575539996086,826.2068276206733,822.674815281901,"{""type"":""MultiPoint"",""coordinates"":[]}"
20010531,2001-05-31,824.39811741424,826.0912734342039,822.4174114946468,"{""type"":""MultiPoint"",""coordinates"":[]}"
20010601,2001-06-01,825.3895847888979,826.9166794488359,823.37603731648,"{""type"":""MultiPoint"",""coordinates"":[]}"
20010602,2001-06-02,827.0454124814044,828.5595136654022,825.1055192348047,"{""type"":""MultiPoint"",""coordinates"":[]}"
20010603,2001-06-03,827.0681597738517,828.9009359940372,824.9324330650786,"{""type"":""MultiPoint"",""coordinates"":[]}"
20010604,2001-06-04,825.2570180835423,827.0582392127151,823.2577154696039,"{""type"":""MultiPoint"",""coordinates"":[]}"
20010605,2001-06-05,823.9829696168049,825.7296995799563,822.0475480503811,"{""type"":""MultiPoint"",""coordinates"":[]}"
20010606,2001-06-06,823.2498395247217,824.8841813126342,821.3227683920718,"{""type"":""MultiPoint"",""coordinates"":[]}"
20010607,2001-06-07,823.4698417979054,824.9993846343486,821.8451434601465,"{""type"":""MultiPoint"",""coordinates"":[]}"
20010608,2001-06-08,823.45199550728,825.0845764405032,821.4526388408059,"{""type"":""MultiPoint"",""coordinates"":[]}"
20010609,2001-06-09,824.18021465433,825.6764662105437,822.3880883426648,"{""type"":""MultiPoint"",""coordinates"":[]}"
20010610,2001-06-10,824.5372984551473,826.1904231697824,822.6415983798096,"{""type"":""MultiPoint"",""coordinates"":[]}"
20010611,2001-06-11,824.9738488703684,826.6585322903562,822.9249739933097,"{""type"":""MultiPoint"",""coordinates"":[]}"
20010612,2001-06-12,825.6784944366847,827.2594873416267,823.8441013530064,"{""type"":""MultiPoint"",""coordinates"":[]}"
20010613,2001-06-13,825.4335316569094,827.1972682475291,823.5435748040217,"{""type"":""MultiPoint"",""coordinates"":[]}"
20010614,2001-06-14,824.1330987197118,825.7871722014817,822.3389969200689,"{""type"":""MultiPoint"",""coordinates"":[]}"
20010615,2001-06-15,823.0825089587704,824.7968798867607,821.3303430387849,"{""type"":""MultiPoint"",""coordinates"":[]}"
20010616,2001-06-16,822.126367588428,823.5314738579939,820.561481311838,"{""type"":""MultiPoint"",""coordinates"":[]}"
20010617,2001-06-17,822.741897177022,824.3701547558494,820.9840671340336,"{""type"":""MultiPoint"",""coordinates"":[]}"
20010618,2001-06-18,824.1912922205427,825.6882528787105,822.4295622022393,"{""type"":""MultiPoint"",""coordinates"":[]}"
20010619,2001-06-19,824.3552946682946,825.9170593872351,822.6360904343676,"{""type"":""MultiPoint"",""coordinates"":[]}"
20010620,2001-06-20,823.9535680431749,825.4001804954181,822.2612570987243,"{""type"":""MultiPoint"",""coordinates"":[]}"
20010621,2001-06-21,823.8563709549908,825.4071104300411,822.0193362144381,"{""type"":""MultiPoint"",""coordinates"":[]}"
20010622,2001-06-22,823.3065193029418,824.9326177422222,821.4849698133263,"{""type"":""MultiPoint"",""coordinates"":[]}"
20010623,2001-06-23,823.3921366646709,824.7287786291591,821.6945608216133,"{""type"":""MultiPoint"",""coordinates"":[]}"
20010624,2001-06-24,824.3710430539585,825.8191769953297,822.6445449049818,"{""type"":""MultiPoint"",""coordinates"":[]}"
20010625,2001-06-25,824.5306605397079,825.9214782685808,822.9797159571312,"{""type"":""MultiPoint"",""coordinates"":[]}"
20010626,2001-06-26,824.0457087827378,825.4236583285394,822.3849928671115,"{""type"":""MultiPoint"",""coordinates"":[]}"
20010627,2001-06-27,824.5613630437275,826.0531603413225,822.7221628810779,"{""type"":""MultiPoint"",""coordinates"":[]}"
20010628,2001-06-28,825.2230337331763,826.7449646016602,823.4464046136004,"{""type"":""MultiPoint"",""coordinates"":[]}"
20010629,2001-06-29,825.8808281358109,827.2254348940646,824.3091034761022,"{""type"":""MultiPoint"",""coordinates"":[]}"
20010630,2001-06-30,826.474696430515,827.7141713018508,824.9508075668303,"{""type"":""MultiPoint"",""coordinates"":[]}"
20010701,2001-07-01,826.7174620398667,828.0926247397659,825.2054434251871,"{""type"":""MultiPoint"",""coordinates"":[]}"
20010702,2001-07-02,825.3525810805821,826.911866909674,823.5885317018301,"{""type"":""MultiPoint"",""coordinates"":[]}"
20010703,2001-07-03,824.0374670386028,825.4911237098668,822.2436011140627,"{""type"":""MultiPoint"",""coordinates"":[]}"
20010704,2001-07-04,823.30471338909,824.6709539963542,821.5355301115602,"{""type"":""MultiPoint"",""coordinates"":[]}"
20010705,2001-07-05,823.2988739040602,824.7481597882155,821.4151870872796,"{""type"":""MultiPoint"",""coordinates"":[]}"
20010706,2001-07-06,824.1169657411853,825.6240195053996,822.4069372314648,"{""type"":""MultiPoint"",""coordinates"":[]}"
20010707,2001-07-07,824.5267672098255,826.1180747935548,822.5984399261484,"{""type"":""MultiPoint"",""coordinates"":[]}"
20010708,2001-07-08,823.8098921129043,825.4963918772335,821.8009644384503,"{""type"":""MultiPoint"",""coordinates"":[]}"
20010709,2001-07-09,824.3097876709686,825.8744823457525,822.5117315447459,"{""type"":""MultiPoint"",""coordinates"":[]}"
20010710,2001-07-10,825.2074366376526,826.8586529949564,823.5959673234952,"{""type"":""MultiPoint"",""coordinates"":[]}"
20010711,2001-07-11,825.4642093278842,826.9243849557092,823.8945493281427,"{""type"":""MultiPoint"",""coordinates"":[]}"
20010712,2001-07-12,825.6814630975994,827.148150636487,824.0220230492271,"{""type"":""MultiPoint"",""coordinates"":[]}"
20010713,2001-07-13,825.7293903812892,827.259928406114,823.8785253756681,"{""type"":""MultiPoint"",""coordinates"":[]}"
20010714,2001-07-14,825.9345976284286,827.3181428890383,824.4296434626676,"{""type"":""MultiPoint"",""coordinates"":[]}"
20010715,2001-07-15,824.8873519380563,826.2784306459806,823.323687185793,"{""type"":""MultiPoint"",""coordinates"":[]}"
20010716,2001-07-16,824.373772969691,825.637609246046,822.8402624510243,"{""type"":""MultiPoint"",""coordinates"":[]}"
20010717,2001-07-17,824.6071960491316,825.9537420191027,823.0010627433919,"{""type"":""MultiPoint"",""coordinates"":[]}"
20010718,2001-07-18,824.6219121293233,826.144930492566,822.9322224171862,"{""type"":""MultiPoint"",""coordinates"":[]}"
20010719,2001-07-19,825.1173744355054,826.5827524938102,823.4358423185902,"{""type"":""MultiPoint"",""coordinates"":[]}"
20010720,2001-07-20,825.3762727642587,826.7926937881888,823.7006242256442,"{""type"":""MultiPoint"",""coordinates"":[]}"
20010721,2001-07-21,824.871324845358,826.0986720373897,823.3134722107104,"{""type"":""MultiPoint"",""coordinates"":[]}"
20010722,2001-07-22,825.6580615824838,826.980885494791,823.9976641303667,"{""type"":""MultiPoint"",""coordinates"":[]}"
20010723,2001-07-23,825.8437950560389,827.1529970042924,824.044338517424,"{""type"":""MultiPoint"",""coordinates"":[]}"
20010724,2001-07-24,825.3619614742107,826.7986383271524,823.496296371582,"{""type"":""MultiPoint"",""coordinates"":[]}"
20010725,2001-07-25,825.8400169818801,827.0813918980324,824.016965887574,"{""type"":""MultiPoint"",""coordinates"":[]}"
20010726,2001-07-26,826.4189755168965,827.7466239957419,824.7365229073582,"{""type"":""MultiPoint"",""coordinates"":[]}"
20010727,2001-07-27,825.5137517866325,827.0381236889717,823.7111654926451,"{""type"":""MultiPoint"",""coordinates"":[]}"
20010728,2001-07-28,824.8081860540093,826.3626259259642,822.942430247145,"{""type"":""MultiPoint"",""coordinates"":[]}"
20010729,2001-07-29,825.3639070834453,826.6544496104669,823.7150731109015,"{""type"":""MultiPoint"",""coordinates"":[]}"
20010730,2001-07-30,826.3626974044656,827.8909801154178,824.4874155461916,"{""type"":""MultiPoint"",""coordinates"":[]}"
20010731,2001-07-31,827.2226112894427,828.6574272373963,825.6344767697316,"{""type"":""MultiPoint"",""coordinates"":[]}"
20010801,2001-08-01,826.1964760465534,828.0592138126375,824.4166412761607,"{""type"":""MultiPoint"",""coordinates"":[]}"
20010802,2001-08-02,824.8956715782327,826.3809104578756,823.1129668193057,"{""type"":""MultiPoint"",""coordinates"":[]}"
20010803,2001-08-03,826.472861630842,828.4306657535002,824.5037684966098,"{""type"":""MultiPoint"",""coordinates"":[]}"
20010804,2001-08-04,829.0522714390764,830.5530001720377,827.366148618032,"{""type"":""MultiPoint"",""coordinates"":[]}"
20010805,2001-08-05,828.7818725818279,830.4646470486852,826.8192510191018,"{""type"":""MultiPoint"",""coordinates"":[]}"
20010806,2001-08-06,827.6629009989139,829.1935820151987,825.820100429306,"{""type"":""MultiPoint"",""coordinates"":[]}"
20010807,2001-08-07,827.2999751477328,828.6781529235533,825.4919843911547,"{""type"":""MultiPoint"",""coordinates"":[]}"
20010808,2001-08-08,827.6745962951966,829.1864492854379,825.7074735777271,"{""type"":""MultiPoint"",""coordinates"":[]}"
20010809,2001-08-09,828.917898100132,830.4802651976879,827.0863427529804,"{""type"":""MultiPoint"",""coordinates"":[]}"
20010810,2001-08-10,828.2060265665052,829.9227196846202,826.1872145460217,"{""type"":""MultiPoint"",""coordinates"":[]}"
20010811,2001-08-11,827.6105112017331,829.2405081956362,825.7055183255821,"{""type"":""MultiPoint"",""coordinates"":[]}"
20010812,2001-08-12,826.8277222025313,828.4676651619044,824.8967700326004,"{""type"":""MultiPoint"",""coordinates"":[]}"
20010813,2001-08-13,826.6920406934516,828.2809461901466,824.7425493359816,"{""type"":""MultiPoint"",""coordinates"":[]}"
20010814,2001-08-14,827.566783709239,829.0512655002944,825.8063101540208,"{""type"":""MultiPoint"",""coordinates"":[]}"
20010815,2001-08-15,827.3530307436155,829.1058722716305,825.5259172597932,"{""type"":""MultiPoint"",""coordinates"":[]}"
20010816,2001-08-16,825.7330762847791,827.4955380115222,823.949806176174,"{""type"":""MultiPoint"",""coordinates"":[]}"
20010817,2001-08-17,824.9451354567228,826.4957081380246,823.078787553541,"{""type"":""MultiPoint"",""coordinates"":[]}"
20010818,2001-08-18,825.3432141148377,826.808834884646,823.5829575839396,"{""type"":""MultiPoint"",""coordinates"":[]}"
20010819,2001-08-19,826.394470695487,827.816873742244,824.7304126654874,"{""type"":""MultiPoint"",""coordinates"":[]}"
20010820,2001-08-20,827.6332992639351,829.1173536462555,825.9633157383721,"{""type"":""MultiPoint"",""coordinates"":[]}"
20010821,2001-08-21,827.1291964686595,828.9831172102683,825.2984169008323,"{""type"":""MultiPoint"",""coordinates"":[]}"
20010822,2001-08-22,825.2550544406987,826.9123388171633,823.4665330368086,"{""type"":""MultiPoint"",""coordinates"":[]}"
20010823,2001-08-23,825.3567834049928,826.6654759187376,823.7580251211491,"{""type"":""MultiPoint"",""coordinates"":[]}"
20010824,2001-08-24,826.0741633553472,827.4566772226287,824.3536041429638,"{""type"":""MultiPoint"",""coordinates"":[]}"
20010825,2001-08-25,827.1280607212153,828.601336839264,825.418427539382,"{""type"":""MultiPoint"",""coordinates"":[]}"
20010826,2001-08-26,826.4863946625636,828.3702826780852,824.7216715662252,"{""type"":""MultiPoint"",""coordinates"":[]}"
20010827,2001-08-27,824.9464056976684,826.6118590486876,823.0784142767484,"{""type"":""MultiPoint"",""coordinates"":[]}"
20010828,2001-08-28,824.2506142926223,825.7808782625908,822.5275028567055,"{""type"":""MultiPoint"",""coordinates"":[]}"
20010829,2001-08-29,824.2464967957022,825.7998819406139,822.4161757763561,"{""type"":""MultiPoint"",""coordinates"":[]}"
20010830,2001-08-30,824.9201891977551,826.3654866557913,823.1433832648879,"{""type"":""MultiPoint"",""coordinates"":[]}"
20010831,2001-08-31,825.6183423766328,827.2139902154439,823.5604141541755,"{""type"":""MultiPoint"",""coordinates"":[]}"
20010901,2001-09-01,826.697969571992,828.2644723736488,824.8533892961073,"{""type"":""MultiPoint"",""coordinates"":[]}"
20010902,2001-09-02,827.6272531460461,829.048268905741,825.7302774396098,"{""type"":""MultiPoint"",""coordinates"":[]}"
20010903,2001-09-03,828.3103302087939,829.8507193605369,826.438717804712,"{""type"":""MultiPoint"",""coordinates"":[]}"
20010904,2001-09-04,827.5806989288236,829.562914417331,825.5962006515463,"{""type"":""MultiPoint"",""coordinates"":[]}"
20010905,2001-09-05,827.0372964620678,828.5280745115034,825.129092339292,"{""type"":""MultiPoint"",""coordinates"":[]}"
20010906,2001-09-06,828.2195849343675,829.716313054079,826.3281549604862,"{""type"":""MultiPoint"",""coordinates"":[]}"
20010907,2001-09-07,829.7600067679467,831.1737365886391,827.9867868646165,"{""type"":""MultiPoint"",""coordinates"":[]}"
20010908,2001-09-08,829.8845260704737,831.6623890225358,828.119531164893,"{""type"":""MultiPoint"",""coordinates"":[]}"
20010909,2001-09-09,828.1240514157165,830.2762037147077,826.1784601186589,"{""type"":""MultiPoint"",""coordinates"":[]}"
20010910,2001-09-10,826.9766123236427,828.6881939805905,825.169698700621,"{""type"":""MultiPoint"",""coordinates"":[]}"
20010911,2001-09-11,827.7443237084119,829.2370368819161,825.9322262457255,"{""type"":""MultiPoint"",""coordinates"":[]}"
20010912,2001-09-12,828.1058187513194,829.7387569401873,826.3074468079976,"{""type"":""MultiPoint"",""coordinates"":[]}"
20010913,2001-09-13,827.5689100349068,829.218418896291,825.5372163294472,"{""type"":""MultiPoint"",""coordinates"":[]}"
20010914,2001-09-14,829.0647668965742,830.6345946569942,826.8688920502632,"{""type"":""MultiPoint"",""coordinates"":[]}"
20010915,2001-09-15,829.9794215179846,831.7364052879634,827.9239591605001,"{""type"":""MultiPoint"",""coordinates"":[]}"
20010916,2001-09-16,829.6895021087541,831.5411554931144,827.7039095634386,"{""type"":""MultiPoint"",""coordinates"":[]}"
20010917,2001-09-17,828.3733574201859,830.5044763110176,826.4120019863192,"{""type"":""MultiPoint"",""coordinates"":[]}"
20010918,2001-09-18,827.8407804200145,829.4358536987114,825.9074335618579,"{""type"":""MultiPoint"",""coordinates"":[]}"
20010919,2001-09-19,828.0858574242428,829.7447074297615,826.2497043966655,"{""type"":""MultiPoint"",""coordinates"":[]}"
20010920,2001-09-20,828.8766518714755,830.4438545926666,826.9498519225933,"{""type"":""MultiPoint"",""coordinates"":[]}"
20010921,2001-09-21,829.9895754370793,831.7735316416782,828.2326447293212,"{""type"":""MultiPoint"",""coordinates"":[]}"
20010922,2001-09-22,829.7962004360008,831.754263132302,827.9542895661668,"{""type"":""MultiPoint"",""coordinates"":[]}"
20010923,2001-09-23,829.6973890952056,831.6082724867073,827.9190395694658,"{""type"":""MultiPoint"",""coordinates"":[]}"
20010924,2001-09-24,829.3168046029294,831.2530451186293,827.5510167139624,"{""type"":""MultiPoint"",""coordinates"":[]}"
20010925,2001-09-25,828.6300292547121,830.7395521275009,826.6584897033504,"{""type"":""MultiPoint"",""coordinates"":[]}"
20010926,2001-09-26,827.9347940774948,829.8608581120493,825.9591033469129,"{""type"":""MultiPoint"",""coordinates"":[]}"
20010927,2001-09-27,828.3200738011325,830.3154903968414,826.2273263897563,"{""type"":""MultiPoint"",""coordinates"":[]}"
20010928,2001-09-28,828.7429558963455,830.6354222908676,826.763391942075,"{""type"":""MultiPoint"",""coordinates"":[]}"
20010929,2001-09-29,828.7434081317646,830.7765127487272,826.6831286550218,"{""type"":""MultiPoint"",""coordinates"":[]}"
20010930,2001-09-30,828.8055456593424,830.6307678197335,826.6866138932287,"{""type"":""MultiPoint"",""coordinates"":[]}"
20011001,2001-10-01,829.484998473447,831.1349147697424,827.5776305426941,"{""type"":""MultiPoint"",""coordinates"":[]}"
20011002,2001-10-02,829.5452059024908,831.0703157816032,827.683756981256,"{""type"":""MultiPoint"",""coordinates"":[]}"
20011003,2001-10-03,828.8784201441377,830.8664086773035,826.7055840202311,"{""type"":""MultiPoint"",""coordinates"":[]}"
20011004,2001-10-04,828.3391960697954,830.2538926421032,826.4720660571005,"{""type"":""MultiPoint"",""coordinates"":[]}"
20011005,2001-10-05,827.9838468582167,829.6594709795191,826.1186422847137,"{""type"":""MultiPoint"",""coordinates"":[]}"
20011006,2001-10-06,829.1209586054752,830.7607306101515,827.0542709903879,"{""type"":""MultiPoint"",""coordinates"":[]}"
20011007,2001-10-07,830.7890098128726,832.6669594634711,828.8738990142348,"{""type"":""MultiPoint"",""coordinates"":[]}"
20011008,2001-10-08,830.9573749746262,832.7919585062267,828.9388775346881,"{""type"":""MultiPoint"",""coordinates"":[]}"
20011009,2001-10-09,829.9614793960599,831.8375025189594,827.9790648788095,"{""type"":""MultiPoint"",""coordinates"":[]}"
20011010,2001-10-10,829.2957238251194,831.3105851592744,827.0420511865589,"{""type"":""MultiPoint"",""coordinates"":[]}"
20011011,2001-10-11,829.5880058570453,831.3389705206868,827.4948027033467,"{""type"":""MultiPoint"",""coordinates"":[]}"
20011012,2001-10-12,830.349804424613,832.3116676571641,828.3841766782538,"{""type"":""MultiPoint"",""coordinates"":[]}"
20011013,2001-10-13,830.1799694634476,832.1998934290791,828.2179533071082,"{""type"":""MultiPoint"",""coordinates"":[]}"
20011014,2001-10-14,829.2095299654163,831.1630037394423,827.0678021938063,"{""type"":""MultiPoint"",""coordinates"":[]}"
20011015,2001-10-15,830.4510466805484,831.8195420660905,828.6669488101059,"{""type"":""MultiPoint"",""coordinates"":[]}"
20011016,2001-10-16,830.2750674781663,832.282257331705,828.4798126156738,"{""type"":""MultiPoint"",""coordinates"":[]}"
20011017,2001-10-17,829.4555744890235,831.3786278070917,827.4343928370739,"{""type"":""MultiPoint"",""coordinates"":[]}"
20011018,2001-10-18,829.791993788733,831.3428219654768,827.5788610744443,"{""type"":""MultiPoint"",""coordinates"":[]}"
20011019,2001-10-19,832.0468405016368,833.635820992315,830.0336898085452,"{""type"":""MultiPoint"",""coordinates"":[]}"
20011020,2001-10-20,832.5596941247053,834.6380306313858,830.9149723796709,"{""type"":""MultiPoint"",""coordinates"":[]}"
20011021,2001-10-21,831.5687118244143,833.3966559950585,829.9056792510798,"{""type"":""MultiPoint"",""coordinates"":[]}"
20011022,2001-10-22,831.883602779117,833.5150855462692,830.2929043611676,"{""type"":""MultiPoint"",""coordinates"":[]}"
20011023,2001-10-23,831.9346596012628,833.9434641818414,830.0830182511163,"{""type"":""MultiPoint"",""coordinates"":[]}"
20011024,2001-10-24,830.3301273809722,832.5395003352497,828.4165961948826,"{""type"":""MultiPoint"",""coordinates"":[]}"
20011025,2001-10-25,829.4388002280009,831.2425089171959,827.6433565598911,"{""type"":""MultiPoint"",""coordinates"":[]}"
20011026,2001-10-26,830.6698546486073,832.2456028820702,828.6657513136834,"{""type"":""MultiPoint"",""coordinates"":[]}"
20011027,2001-10-27,832.1447927193216,833.903658586585,830.1161519886182,"{""type"":""MultiPoint"",""coordinates"":[]}"
20011028,2001-10-28,831.2986766324739,833.5551696061231,829.2467231142479,"{""type"":""MultiPoint"",""coordinates"":[]}"
20011029,2001-10-29,830.3487937106901,832.2230811766614,828.3651177239975,"{""type"":""MultiPoint"",""coordinates"":[]}"
20011030,2001-10-30,830.2808503076843,832.0614783787129,828.3027728589401,"{""type"":""MultiPoint"",""coordinates"":[]}"
20011031,2001-10-31,830.3084989464504,831.969875230733,828.5717275948923,"{""type"":""MultiPoint"",""coordinates"":[]}"
20011101,2001-11-01,831.3059297624562,832.8334219007173,829.5022537722382,"{""type"":""MultiPoint"",""coordinates"":[]}"
20011102,2001-11-02,831.2337782554596,833.4430840448907,829.3142437912742,"{""type"":""MultiPoint"",""coordinates"":[]}"
20011103,2001-11-03,830.4262202823662,832.4069770828878,828.5333652409873,"{""type"":""MultiPoint"",""coordinates"":[]}"
20011104,2001-11-04,830.6207971637899,832.1494692888309,828.8860532308893,"{""type"":""MultiPoint"",""coordinates"":[]}"
20011105,2001-11-05,831.6827831463921,833.2469174838892,829.9098270962434,"{""type"":""MultiPoint"",""coordinates"":[]}"
20011106,2001-11-06,832.0311963006736,833.6697034232175,830.4133454780213,"{""type"":""MultiPoint"",""coordinates"":[]}"
20011107,2001-11-07,831.1580564903857,832.8432412399058,829.3881854262146,"{""type"":""MultiPoint"",""coordinates"":[]}"
20011108,2001-11-08,831.2589737667871,832.6731029531675,829.5837665271895,"{""type"":""MultiPoint"",""coordinates"":[]}"
20011109,2001-11-09,831.5727032694134,833.3946131437417,829.8712026402131,"{""type"":""MultiPoint"",""coordinates"":[]}"
20011110,2001-11-10,830.9604953253111,832.7475897831938,829.3544997956994,"{""type"":""MultiPoint"",""coordinates"":[]}"
20011111,2001-11-11,830.8378087549818,832.3473233387965,829.0275422699247,"{""type"":""MultiPoint"",""coordinates"":[]}"
20011112,2001-11-12,832.0960791616749,833.8020531207502,830.1661145373733,"{""type"":""MultiPoint"",""coordinates"":[]}"
20011113,2001-11-13,833.9069658779116,835.6629830896889,831.9555308098167,"{""type"":""MultiPoint"",""coordinates"":[]}"
20011114,2001-11-14,834.146565165347,835.9989164980769,832.2345532301224,"{""type"":""MultiPoint"",""coordinates"":[]}"
20011115,2001-11-15,833.3307614451764,835.3083986005466,831.5359106177594,"{""type"":""MultiPoint"",""coordinates"":[]}"
20011116,2001-11-16,832.9281681556752,834.7473553742869,831.3295865502014,"{""type"":""MultiPoint"",""coordinates"":[]}"
20011117,2001-11-17,833.3830672660685,835.1534979390825,831.520351340778,"{""type"":""MultiPoint"",""coordinates"":[]}"
20011118,2001-11-18,834.1479477394583,835.908233588523,832.5140429020229,"{""type"":""MultiPoint"",""coordinates"":[]}"
20011119,2001-11-19,834.2237501624704,835.7264087125617,832.3302656235865,"{""type"":""MultiPoint"",""coordinates"":[]}"
20011120,2001-11-20,834.1705235373598,836.1418081441981,832.4751864320217,"{""type"":""MultiPoint"",""coordinates"":[]}"
20011121,2001-11-21,833.5970707249857,835.406243655346,832.0085300258501,"{""type"":""MultiPoint"",""coordinates"":[]}"
20011122,2001-11-22,832.9949146596855,834.8010533820014,831.4188104345914,"{""type"":""MultiPoint"",""coordinates"":[]}"
20011123,2001-11-23,833.4704934967533,835.365375723119,831.5708351123953,"{""type"":""MultiPoint"",""coordinates"":[]}"
20011124,2001-11-24,833.8647167612775,835.6224211839503,832.2560917178978,"{""type"":""MultiPoint"",""coordinates"":[]}"
20011125,2001-11-25,833.1438773362651,835.3911915723123,831.0916586044044,"{""type"":""MultiPoint"",""coordinates"":[]}"
20011126,2001-11-26,831.98572669748,833.7509755874162,830.2535195404121,"{""type"":""MultiPoint"",""coordinates"":[]}"
20011127,2001-11-27,831.5700261063595,833.6581545689619,829.7918768452219,"{""type"":""MultiPoint"",""coordinates"":[]}"
20011128,2001-11-28,830.0963873792339,832.0672611198313,828.2557395962147,"{""type"":""MultiPoint"",""coordinates"":[]}"
20011129,2001-11-29,831.1753520086768,832.8005015097626,829.3952993937633,"{""type"":""MultiPoint"",""coordinates"":[]}"
20011130,2001-11-30,832.1972580444855,834.2306391978534,830.2540289001821,"{""type"":""MultiPoint"",""coordinates"":[]}"
20011201,2001-12-01,830.936228384723,833.011682236405,829.2576552611396,"{""type"":""MultiPoint"",""coordinates"":[]}"
20011202,2001-12-02,830.3143870304625,832.0245813132855,828.6382600045691,"{""type"":""MultiPoint"",""coordinates"":[]}"
20011203,2001-12-03,830.4199619805374,832.09602049768,828.8432561921898,"{""type"":""MultiPoint"",""coordinates"":[]}"
20011204,2001-12-04,829.969628347853,831.8469307691698,828.374707668155,"{""type"":""MultiPoint"",""coordinates"":[]}"
20011205,2001-12-05,830.2236414886055,831.6783203829655,828.4906568700242,"{""type"":""MultiPoint"",""coordinates"":[]}"
20011206,2001-12-06,830.597348856817,832.4433515737658,828.9413569687043,"{""type"":""MultiPoint"",""coordinates"":[]}"
20011207,2001-12-07,829.6565448991147,831.8142535960988,827.9561153063376,"{""type"":""MultiPoint"",""coordinates"":[]}"
20011208,2001-12-08,830.047586801715,831.6118479527444,828.3000014069161,"{""type"":""MultiPoint"",""coordinates"":[]}"
20011209,2001-12-09,830.7472587448045,832.4865877395292,828.9752949173729,"{""type"":""MultiPoint"",""coordinates"":[]}"
20011210,2001-12-10,830.7651456610988,832.6045231162678,829.0101371678188,"{""type"":""MultiPoint"",""coordinates"":[]}"
20011211,2001-12-11,831.4788795728815,833.1058368445589,829.7279987286695,"{""type"":""MultiPoint"",""coordinates"":[]}"
20011212,2001-12-12,833.138837481864,834.8983435645853,831.0564542844005,"{""type"":""MultiPoint"",""coordinates"":[]}"
20011213,2001-12-13,834.0655969495215,835.7127562586198,832.3616889650436,"{""type"":""MultiPoint"",""coordinates"":[]}"
20011214,2001-12-14,833.2369487008752,835.1920994580738,831.5381923181127,"{""type"":""MultiPoint"",""coordinates"":[]}"
20011215,2001-12-15,832.7438043812897,834.664160779608,831.0586026704764,"{""type"":""MultiPoint"",""coordinates"":[]}"
20011216,2001-12-16,832.5141224230772,834.3492249705463,830.8527180822767,"{""type"":""MultiPoint"",""coordinates"":[]}"
20011217,2001-12-17,833.7082608237611,835.2571089326061,831.8095918348835,"{""type"":""MultiPoint"",""coordinates"":[]}"
20011218,2001-12-18,834.0520224851225,836.0972576361096,832.1528280462093,"{""type"":""MultiPoint"",""coordinates"":[]}"
20011219,2001-12-19,834.7208371163796,836.7433764062963,832.5731455183087,"{""type"":""MultiPoint"",""coordinates"":[]}"
20011220,2001-12-20,835.7016275483413,837.3376162488605,833.9578891189662,"{""type"":""MultiPoint"",""coordinates"":[]}"
20011221,2001-12-21,836.4344635348922,837.9740121115126,834.8688393823428,"{""type"":""MultiPoint"",""coordinates"":[]}"
20011222,2001-12-22,836.0538263974055,838.0604419043648,834.3620063595109,"{""type"":""MultiPoint"",""coordinates"":[]}"
20011223,2001-12-23,834.9445927388043,836.8550399095453,833.3200462570519,"{""type"":""MultiPoint"",""coordinates"":[]}"
20011224,2001-12-24,833.9230756607395,836.1237463735565,832.2288528958458,"{""type"":""MultiPoint"",""coordinates"":[]}"
20011225,2001-12-25,833.4033046966848,834.8977743703331,831.6307848449785,"{""type"":""MultiPoint"",""coordinates"":[]}"
20011226,2001-12-26,834.724612084004,836.2281520290032,833.1946404140751,"{""type"":""MultiPoint"",""coordinates"":[]}"
20011227,2001-12-27,835.8463150277414,837.2409986165649,834.1948064695056,"{""type"":""MultiPoint"",""coordinates"":[]}"
20011228,2001-12-28,835.4279287730724,837.4897178068323,833.8907324066438,"{""type"":""MultiPoint"",""coordinates"":[]}"
20011229,2001-12-29,833.8436324394208,835.991697746162,832.2227746265255,"{""type"":""MultiPoint"",""coordinates"":[]}"
20011230,2001-12-30,833.4776774297969,835.3043502852098,831.9074265969618,"{""type"":""MultiPoint"",""coordinates"":[]}"
20011231,2001-12-31,833.9940176187984,835.51224102222,832.2389632172391,"{""type"":""MultiPoint"",""coordinates"":[]}"
20020101,2002-01-01,835.094164224385,836.6475976098042,833.5835492027574,"{""type"":""MultiPoint"",""coordinates"":[]}"
20020102,2002-01-02,835.8004806373536,837.4292321533785,834.3090140121991,"{""type"":""MultiPoint"",""coordinates"":[]}"
20020103,2002-01-03,835.1229406110067,836.9396820556408,833.6086486366758,"{""type"":""MultiPoint"",""coordinates"":[]}"
20020104,2002-01-04,834.4746266772296,836.1278109724554,832.9420291552861,"{""type"":""MultiPoint"",""coordinates"":[]}"
20020105,2002-01-05,833.9253076958184,835.9863052095584,832.2148233330824,"{""type"":""MultiPoint"",""coordinates"":[]}"
20020106,2002-01-06,833.7628667671586,835.5175391712152,832.0526609904439,"{""type"":""MultiPoint"",""coordinates"":[]}"
20020107,2002-01-07,833.9383834511101,835.742829178547,832.2731483881387,"{""type"":""MultiPoint"",""coordinates"":[]}"
20020108,2002-01-08,834.4345116710684,836.0349820467419,832.635578014316,"{""type"":""MultiPoint"",""coordinates"":[]}"
20020109,2002-01-09,834.4974270000909,836.419127405592,832.7574621986313,"{""type"":""MultiPoint"",""coordinates"":[]}"
20020110,2002-01-10,833.7181513220007,835.823169821658,832.000445017137,"{""type"":""MultiPoint"",""coordinates"":[]}"
20020111,2002-01-11,831.7795016793718,833.9932465308173,829.8834070690693,"{""type"":""MultiPoint"",""coordinates"":[]}"
20020112,2002-01-12,830.7676021396107,833.0541411818198,828.3577708262266,"{""type"":""MultiPoint"",""coordinates"":[]}"
20020113,2002-01-13,828.2647581867957,830.7841318895189,826.1265014039527,"{""type"":""MultiPoint"",""coordinates"":[]}"
20020114,2002-01-14,826.850701485476,828.9546476018919,825.0873573426203,"{""type"":""MultiPoint"",""coordinates"":[]}"
20020115,2002-01-15,827.5089223121156,829.2412313502044,825.6506201693127,"{""type"":""MultiPoint"",""coordinates"":[]}"
20020116,2002-01-16,827.552152207918,829.5145612932396,825.8049313636129,"{""type"":""MultiPoint"",""coordinates"":[]}"
20020117,2002-01-17,827.1629471121388,829.1431662644604,825.5377111445528,"{""type"":""MultiPoint"",""coordinates"":[]}"
20020118,2002-01-18,827.2863273946563,829.1642657716169,825.3686728971292,"{""type"":""MultiPoint"",""coordinates"":[]}"
20020119,2002-01-19,829.033152237596,830.6202170160096,827.2540380517801,"{""type"":""MultiPoint"",""coordinates"":[]}"
20020120,2002-01-20,829.7483742752318,831.4942929245755,827.9934801653719,"{""type"":""MultiPoint"",""coordinates"":[]}"
20020121,2002-01-21,829.1150324441577,831.2428913178265,827.3972675397846,"{""type"":""MultiPoint"",""coordinates"":[]}"
20020122,2002-01-22,828.393194450543,830.250364805088,826.7501266463796,"{""type"":""MultiPoint"",""coordinates"":[]}"
20020123,2002-01-23,828.2403620084422,830.1045333653371,826.6160792591127,"{""type"":""MultiPoint"",""coordinates"":[]}"
20020124,2002-01-24,827.4224846895243,829.2792088338164,825.6902977913587,"{""type"":""MultiPoint"",""coordinates"":[]}"
20020125,2002-01-25,827.0712268028733,829.0472809428641,825.3942946700903,"{""type"":""MultiPoint"",""coordinates"":[]}"
20020126,2002-01-26,827.3106332459027,829.1209960183837,825.7434531835725,"{""type"":""MultiPoint"",""coordinates"":[]}"
20020127,2002-01-27,827.8092547650238,829.4686625527561,825.8039562069879,"{""type"":""MultiPoint"",""coordinates"":[]}"
20020128,2002-01-28,830.1311160892287,831.8086669307473,828.1346038854882,"{""type"":""MultiPoint"",""coordinates"":[]}"
20020129,2002-01-29,831.8488519730247,833.4316326070874,830.1423517890988,"{""type"":""MultiPoint"",""coordinates"":[]}"
20020130,2002-01-30,832.1156651461753,833.6828489624439,830.4808909879365,"{""type"":""MultiPoint"",""coordinates"":[]}"
20020131,2002-01-31,832.3406504271281,833.9186080448345,830.8136532758213,"{""type"":""MultiPoint"",""coordinates"":[]}"
20020201,2002-02-01,832.0289193898849,834.1374169983615,830.2726957261383,"{""type"":""MultiPoint"",""coordinates"":[]}"
20020202,2002-02-02,830.8892487872542,833.1450799175005,828.9960370354062,"{""type"":""MultiPoint"",""coordinates"":[]}"
20020203,2002-02-03,830.6329075634819,832.7722328013589,828.6455311622253,"{""type"":""MultiPoint"",""coordinates"":[]}"
20020204,2002-02-04,830.5324715998248,832.5314293585891,828.5855709955007,"{""type"":""MultiPoint"",""coordinates"":[]}"
20020205,2002-02-05,829.1569639330537,831.3002115853678,827.3069809839824,"{""type"":""MultiPoint"",""coordinates"":[]}"
20020206,2002-02-06,828.2607709036968,830.3261282670837,826.3011649387734,"{""type"":""MultiPoint"",""coordinates"":[]}"
20020207,2002-02-07,829.2621680580427,831.0022009364848,827.2279187302794,"{""type"":""MultiPoint"",""coordinates"":[]}"
20020208,2002-02-08,830.7166313501205,832.3636587202603,828.6384836680711,"{""type"":""MultiPoint"",""coordinates"":[]}"
20020209,2002-02-09,831.5376415411864,833.549618564704,829.5844725865927,"{""type"":""MultiPoint"",""coordinates"":[]}"
20020210,2002-02-10,831.6270985365207,833.9003747817251,829.3298348941419,"{""type"":""MultiPoint"",""coordinates"":[]}"
20020211,2002-02-11,831.49068466115,833.6014783694745,829.0860372398612,"{""type"":""MultiPoint"",""coordinates"":[]}"
20020212,2002-02-12,832.2882413599435,834.3601414989794,829.9219868342539,"{""type"":""MultiPoint"",""coordinates"":[]}"
20020213,2002-02-13,833.1049198863003,835.1880362580949,830.930794900388,"{""type"":""MultiPoint"",""coordinates"":[]}"
20020214,2002-02-14,833.3681984128069,835.366323720676,831.5737881708978,"{""type"":""MultiPoint"",""coordinates"":[]}"
20020215,2002-02-15,832.6784006607915,834.6043399248407,830.8559319519006,"{""type"":""MultiPoint"",""coordinates"":[]}"
20020216,2002-02-16,831.666790556143,833.4037091736851,829.9517184133621,"{""type"":""MultiPoint"",""coordinates"":[]}"
20020217,2002-02-17,832.5772993477539,834.2866727140457,830.769179095187,"{""type"":""MultiPoint"",""coordinates"":[]}"
20020218,2002-02-18,834.1878672388651,835.8998535897174,832.2154859698935,"{""type"":""MultiPoint"",""coordinates"":[]}"
20020219,2002-02-19,833.9792023083628,836.4733892802482,831.6985069777614,"{""type"":""MultiPoint"",""coordinates"":[]}"
20020220,2002-02-20,831.8366814841934,834.118424891574,829.7084361596537,"{""type"":""MultiPoint"",""coordinates"":[]}"
20020221,2002-02-21,831.9365029082753,833.8277726439737,829.925345551206,"{""type"":""MultiPoint"",""coordinates"":[]}"
20020222,2002-02-22,833.2923115526141,835.1671385517118,831.348254915616,"{""type"":""MultiPoint"",""coordinates"":[]}"
20020223,2002-02-23,832.3067323160309,834.6810586718466,830.3317881956879,"{""type"":""MultiPoint"",""coordinates"":[]}"
20020224,2002-02-24,830.918531386258,832.9692630128025,828.9575652874211,"{""type"":""MultiPoint"",""coordinates"":[]}"
20020225,2002-02-25,830.199021544262,832.4037677301557,828.0579788795167,"{""type"":""MultiPoint"",""coordinates"":[]}"
20020226,2002-02-26,829.9916604419323,832.0266148964403,828.0498751824612,"{""type"":""MultiPoint"",""coordinates"":[]}"
20020227,2002-02-27,829.3046126644176,831.1585874187136,827.5660725924054,"{""type"":""MultiPoint"",""coordinates"":[]}"
20020228,2002-02-28,828.6047237252428,830.577085519107,826.4758891373802,"{""type"":""MultiPoint"",""coordinates"":[]}"
20020301,2002-03-01,828.1662935736613,830.3111128786311,826.1510472096231,"{""type"":""MultiPoint"",""coordinates"":[]}"
20020302,2002-03-02,827.6285526104691,829.7759286593182,825.5489933846335,"{""type"":""MultiPoint"",""coordinates"":[]}"
20020303,2002-03-03,828.366372400294,830.6947286120883,825.9432053800386,"{""type"":""MultiPoint"",""coordinates"":[]}"
20020304,2002-03-04,829.1936145608489,830.8400029125838,827.2236522650535,"{""type"":""MultiPoint"",""coordinates"":[]}"
20020305,2002-03-05,830.3453253675607,832.2033906681494,828.3556621403561,"{""type"":""MultiPoint"",""coordinates"":[]}"
20020306,2002-03-06,830.5241932369435,832.5897534541887,828.4223787895756,"{""type"":""MultiPoint"",""coordinates"":[]}"
20020307,2002-03-07,829.0253710117086,831.3450144179872,826.7623939286349,"{""type"":""MultiPoint"",""coordinates"":[]}"
20020308,2002-03-08,829.4154668439322,831.1161194535017,827.172126336319,"{""type"":""MultiPoint"",""coordinates"":[]}"
20020309,2002-03-09,830.8079780271537,832.5328914092215,828.9326959938983,"{""type"":""MultiPoint"",""coordinates"":[]}"
20020310,2002-03-10,831.5233458995673,833.6637065060287,829.479969133426,"{""type"":""MultiPoint"",""coordinates"":[]}"
20020311,2002-03-11,830.9765492408819,833.2094495971905,828.7964963366894,"{""type"":""MultiPoint"",""coordinates"":[]}"
20020312,2002-03-12,830.9451106377488,832.6632255921934,828.9804401157415,"{""type"":""MultiPoint"",""coordinates"":[]}"
20020313,2002-03-13,831.3631486131271,833.4784520153796,829.329601574751,"{""type"":""MultiPoint"",""coordinates"":[]}"
20020314,2002-03-14,830.4523014531544,832.5349269150472,828.5387319043823,"{""type"":""MultiPoint"",""coordinates"":[]}"
20020315,2002-03-15,829.6932838262343,831.8228066009788,827.8177283970482,"{""type"":""MultiPoint"",""coordinates"":[]}"
20020316,2002-03-16,829.4784209705078,831.4580647854953,827.4244980810741,"{""type"":""MultiPoint"",""coordinates"":[]}"
20020317,2002-03-17,830.8352010200983,832.5020070576787,828.688320396003,"{""type"":""MultiPoint"",""coordinates"":[]}"
20020318,2002-03-18,832.4867878369596,834.3007597366112,830.5606752126373,"{""type"":""MultiPoint"",""coordinates"":[]}"
20020319,2002-03-19,832.2620704588488,834.3646680340488,830.3220909717077,"{""type"":""MultiPoint"",""coordinates"":[]}"
20020320,2002-03-20,830.1531314159914,833.0520591285073,827.7384774433034,"{""type"":""MultiPoint"",""coordinates"":[]}"
20020321,2002-03-21,828.2021256896833,830.3226835402724,826.2001839868038,"{""type"":""MultiPoint"",""coordinates"":[]}"
20020322,2002-03-22,826.4709724878984,829.0666043774015,824.118365696721,"{""type"":""MultiPoint"",""coordinates"":[]}"
20020323,2002-03-23,825.468773763468,828.0551373446381,823.2192462913134,"{""type"":""MultiPoint"",""coordinates"":[]}"
20020324,2002-03-24,823.7777904504675,826.123112727211,821.5914955171439,"{""type"":""MultiPoint"",""coordinates"":[]}"
20020325,2002-03-25,824.3296264188604,826.0327602335572,822.2550201675836,"{""type"":""MultiPoint"",""coordinates"":[]}"
20020326,2002-03-26,826.3528425360931,828.1652138584608,824.153689582831,"{""type"":""MultiPoint"",""coordinates"":[]}"
20020327,2002-03-27,828.0106190904714,829.8507439017462,825.8742093506337,"{""type"":""MultiPoint"",""coordinates"":[]}"
20020328,2002-03-28,828.8163693096681,830.6107787529595,826.8400077803504,"{""type"":""MultiPoint"",""coordinates"":[]}"
20020329,2002-03-29,829.325116531013,831.1965329783411,827.4108409836299,"{""type"":""MultiPoint"",""coordinates"":[]}"
20020330,2002-03-30,828.5032112429255,830.602045208924,826.4782876023596,"{""type"":""MultiPoint"",""coordinates"":[]}"
20020331,2002-03-31,828.3429484927262,830.1420534982694,826.2492890233187,"{""type"":""MultiPoint"",""coordinates"":[]}"
20020401,2002-04-01,828.5604382913405,830.7110880067978,826.3891931599684,"{""type"":""MultiPoint"",""coordinates"":[]}"
20020402,2002-04-02,827.6858843729106,830.1305288496856,825.4893599468649,"{""type"":""MultiPoint"",""coordinates"":[]}"
20020403,2002-04-03,826.8687286538246,829.0632433667554,824.6521292498767,"{""type"":""MultiPoint"",""coordinates"":[]}"
20020404,2002-04-04,827.2165081641118,829.2793409038924,825.0300374147863,"{""type"":""MultiPoint"",""coordinates"":[]}"
20020405,2002-04-05,828.2459820261423,830.1076569594603,826.0188867738404,"{""type"":""MultiPoint"",""coordinates"":[]}"
20020406,2002-04-06,829.3510966062184,831.2163342095031,827.4277845232573,"{""type"":""MultiPoint"",""coordinates"":[]}"
20020407,2002-04-07,829.7234261122691,831.6376803261695,827.6390125554317,"{""type"":""MultiPoint"",""coordinates"":[]}"
20020408,2002-04-08,829.2294941285107,831.1567172235784,827.0996080044997,"{""type"":""MultiPoint"",""coordinates"":[]}"
20020409,2002-04-09,827.8476642012711,830.0697368604789,825.6843846752549,"{""type"":""MultiPoint"",""coordinates"":[]}"
20020410,2002-04-10,827.2439739327348,829.0082949032176,825.1885183867703,"{""type"":""MultiPoint"",""coordinates"":[]}"
20020411,2002-04-11,828.7449728509321,830.4205503117292,826.5866278133026,"{""type"":""MultiPoint"",""coordinates"":[]}"
20020412,2002-04-12,830.2461312210695,832.0337902414361,828.1063881221062,"{""type"":""MultiPoint"",""coordinates"":[]}"
20020413,2002-04-13,829.4301216811518,831.9573846705129,827.181231040508,"{""type"":""MultiPoint"",""coordinates"":[]}"
20020414,2002-04-14,827.8520012663998,830.0800270784856,825.7146416647721,"{""type"":""MultiPoint"",""coordinates"":[]}"
20020415,2002-04-15,828.1845249969206,830.098224186744,826.2821803933398,"{""type"":""MultiPoint"",""coordinates"":[]}"
20020416,2002-04-16,828.1400129190024,830.147892480208,826.1596887235197,"{""type"":""MultiPoint"",""coordinates"":[]}"
20020417,2002-04-17,827.8701475257978,829.9430424545261,825.8939317380193,"{""type"":""MultiPoint"",""coordinates"":[]}"
20020418,2002-04-18,827.0905301481723,829.0142862557517,824.8694334201825,"{""type"":""MultiPoint"",""coordinates"":[]}"
20020419,2002-04-19,828.5641726972672,830.1709572040705,826.4916748675086,"{""type"":""MultiPoint"",""coordinates"":[]}"
20020420,2002-04-20,828.90908208034,831.0025390397149,826.920691720885,"{""type"":""MultiPoint"",""coordinates"":[]}"
20020421,2002-04-21,827.0749580256332,829.1654291556374,825.0673214556555,"{""type"":""MultiPoint"",""coordinates"":[]}"
20020422,2002-04-22,826.887858560074,828.8655928178028,824.6998163325524,"{""type"":""MultiPoint"",""coordinates"":[]}"
20020423,2002-04-23,827.0824526727674,829.2748086711142,824.940301094824,"{""type"":""MultiPoint"",""coordinates"":[]}"
20020424,2002-04-24,826.1001715332603,828.3064830729421,824.0583812473932,"{""type"":""MultiPoint"",""coordinates"":[]}"
20020425,2002-04-25,825.6234703090636,827.6980324024056,823.4366862361851,"{""type"":""MultiPoint"",""coordinates"":[]}"
20020426,2002-04-26,825.6045693691666,827.7936517034103,823.339132610254,"{""type"":""MultiPoint"",""coordinates"":[]}"
20020427,2002-04-27,825.228829991834,827.2006895872815,823.2125656931914,"{""type"":""MultiPoint"",""coordinates"":[]}"
20020428,2002-04-28,824.855192196683,826.913205698107,822.8316851783443,"{""type"":""MultiPoint"",""coordinates"":[]}"
20020429,2002-04-29,824.10506323022,826.4556461655943,821.8914119651924,"{""type"":""MultiPoint"",""coordinates"":[]}"
20020430,2002-04-30,824.4963421553152,826.4283420156112,822.4395463077566,"{""type"":""MultiPoint"",""coordinates"":[]}"
20020501,2002-05-01,825.009124384086,826.8831708164573,823.0233119467962,"{""type"":""MultiPoint"",""coordinates"":[]}"
20020502,2002-05-02,826.1905663436125,827.9436682265202,824.1923443928972,"{""type"":""MultiPoint"",""coordinates"":[]}"
20020503,2002-05-03,827.0174380309106,829.1007145379116,824.9036711250212,"{""type"":""MultiPoint"",""coordinates"":[]}"
20020504,2002-05-04,826.4878419883024,828.5247884336785,824.4365153506257,"{""type"":""MultiPoint"",""coordinates"":[]}"
20020505,2002-05-05,825.3473642341788,827.4982465112141,823.2874314798323,"{""type"":""MultiPoint"",""coordinates"":[]}"
20020506,2002-05-06,825.2312918876145,826.9604735031761,823.3134504802182,"{""type"":""MultiPoint"",""coordinates"":[]}"
20020507,2002-05-07,826.0652728312666,828.1351652054,823.8812660592314,"{""type"":""MultiPoint"",""coordinates"":[]}"
20020508,2002-05-08,827.1061729475879,828.845044815299,825.0790390244279,"{""type"":""MultiPoint"",""coordinates"":[]}"
20020509,2002-05-09,827.7201784876507,829.6829308803932,825.6958766323321,"{""type"":""MultiPoint"",""coordinates"":[]}"
20020510,2002-05-10,826.2196753352342,828.8610526291104,823.8915172828681,"{""type"":""MultiPoint"",""coordinates"":[]}"
20020511,2002-05-11,824.1764967290547,826.4085268373959,821.9208197485613,"{""type"":""MultiPoint"",""coordinates"":[]}"
20020512,2002-05-12,824.9380571007594,826.5999250440639,822.9336862531197,"{""type"":""MultiPoint"",""coordinates"":[]}"
20020513,2002-05-13,826.5013229933712,828.0722064506514,824.504844843104,"{""type"":""MultiPoint"",""coordinates"":[]}"
20020514,2002-05-14,827.2042180712549,828.9029225628891,825.1240146006481,"{""type"":""MultiPoint"",""coordinates"":[]}"
20020515,2002-05-15,826.7524481961382,828.7183949764623,824.7745273577551,"{""type"":""MultiPoint"",""coordinates"":[]}"
20020516,2002-05-16,824.9528981897473,827.0903591755174,822.7721474096968,"{""type"":""MultiPoint"",""coordinates"":[]}"
20020517,2002-05-17,823.2086879921887,825.5870480161773,820.9230742216123,"{""type"":""MultiPoint"",""coordinates"":[]}"
20020518,2002-05-18,820.6215485566269,822.9982440866265,818.3712662329086,"{""type"":""MultiPoint"",""coordinates"":[]}"
20020519,2002-05-19,819.4275878392226,820.8910889735894,817.5372627062176,"{""type"":""MultiPoint"",""coordinates"":[]}"
20020520,2002-05-20,820.6590584201859,822.283675469794,818.6008932340801,"{""type"":""MultiPoint"",""coordinates"":[]}"
20020521,2002-05-21,823.8518299511409,825.8401807894398,821.4628983313771,"{""type"":""MultiPoint"",""coordinates"":[]}"
20020522,2002-05-22,826.4630123851938,828.2605664895943,824.4580611616361,"{""type"":""MultiPoint"",""coordinates"":[]}"
20020523,2002-05-23,827.9629557646695,829.548593663916,825.9872102938582,"{""type"":""MultiPoint"",""coordinates"":[]}"
20020524,2002-05-24,828.2513171651558,830.1386369923196,826.0812765226196,"{""type"":""MultiPoint"",""coordinates"":[]}"
20020525,2002-05-25,827.6031806735234,829.396155009721,825.7018212670014,"{""type"":""MultiPoint"",""coordinates"":[]}"
20020526,2002-05-26,826.3200376658634,828.4150659311512,824.2532118067764,"{""type"":""MultiPoint"",""coordinates"":[]}"
20020527,2002-05-27,825.2000118967519,826.9087701319116,823.2963362211855,"{""type"":""MultiPoint"",""coordinates"":[]}"
20020528,2002-05-28,826.0819007343088,827.7549134826994,824.1197946355413,"{""type"":""MultiPoint"",""coordinates"":[]}"
20020529,2002-05-29,826.9018953391577,828.7061122945723,824.918399678359,"{""type"":""MultiPoint"",""coordinates"":[]}"
20020530,2002-05-30,827.0949097303479,828.7231571126201,825.1850081775639,"{""type"":""MultiPoint"",""coordinates"":[]}"
20020531,2002-05-31,827.3146887437237,828.8462569130625,825.4276098262799,"{""type"":""MultiPoint"",""coordinates"":[]}"
20020601,2002-06-01,826.7821858197251,828.2689042478305,824.8507716992993,"{""type"":""MultiPoint"",""coordinates"":[]}"
20020602,2002-06-02,826.5743244734634,828.3292741256138,824.6382825487824,"{""type"":""MultiPoint"",""coordinates"":[]}"
20020603,2002-06-03,825.8386185460888,827.6749220533493,823.991985842094,"{""type"":""MultiPoint"",""coordinates"":[]}"
20020604,2002-06-04,825.3830746680218,826.9265248656066,823.496165542668,"{""type"":""MultiPoint"",""coordinates"":[]}"
20020605,2002-06-05,825.0299376277711,826.788501265948,823.1339237443594,"{""type"":""MultiPoint"",""coordinates"":[]}"
20020606,2002-06-06,824.642635566254,826.1198961123845,822.7999103915398,"{""type"":""MultiPoint"",""coordinates"":[]}"
20020607,2002-06-07,824.7538836585474,826.4697245104398,822.9191528912737,"{""type"":""MultiPoint"",""coordinates"":[]}"
20020608,2002-06-08,824.6520370133504,826.2104732721816,822.6952769445405,"{""type"":""MultiPoint"",""coordinates"":[]}"
20020609,2002-06-09,825.0548209272234,826.603314717881,823.1514706030458,"{""type"":""MultiPoint"",""coordinates"":[]}"
20020610,2002-06-10,825.6777070191357,827.3085249437887,823.6402580633579,"{""type"":""MultiPoint"",""coordinates"":[]}"
20020611,2002-06-11,825.731192262949,827.4250041676219,823.7603886191487,"{""type"":""MultiPoint"",""coordinates"":[]}"
20020612,2002-06-12,825.0040460761842,826.6950420332169,823.1704339037348,"{""type"":""MultiPoint"",""coordinates"":[]}"
20020613,2002-06-13,823.5432901105191,825.1902554950734,821.56927420888,"{""type"":""MultiPoint"",""coordinates"":[]}"
20020614,2002-06-14,823.7094033866789,825.2256075017932,821.8478108432023,"{""type"":""MultiPoint"",""coordinates"":[]}"
20020615,2002-06-15,823.7408773017768,825.2173482342238,821.7092919652125,"{""type"":""MultiPoint"",""coordinates"":[]}"
20020616,2002-06-16,824.3624957219116,825.7839219135341,822.4371788480531,"{""type"":""MultiPoint"",""coordinates"":[]}"
20020617,2002-06-17,825.04778445311,826.7305435112215,823.1053835972693,"{""type"":""MultiPoint"",""coordinates"":[]}"
20020618,2002-06-18,823.8026367129561,825.8152562219295,821.7811935687718,"{""type"":""MultiPoint"",""coordinates"":[]}"
20020619,2002-06-19,823.0153447464721,824.6139116309254,821.3407680605806,"{""type"":""MultiPoint"",""coordinates"":[]}"
20020620,2002-06-20,822.7298526081843,824.304288022049,820.9412404776581,"{""type"":""MultiPoint"",""coordinates"":[]}"
20020621,2002-06-21,822.5720721618633,824.2665318774966,820.6549775066461,"{""type"":""MultiPoint"",""coordinates"":[]}"
20020622,2002-06-22,823.5808924992232,825.3606138312001,821.6154145533377,"{""type"":""MultiPoint"",""coordinates"":[]}"
20020623,2002-06-23,825.4717458500304,827.0257095779193,823.5786141716741,"{""type"":""MultiPoint"",""coordinates"":[]}"
20020624,2002-06-24,825.8397775506563,827.4154447244639,824.0069122495547,"{""type"":""MultiPoint"",""coordinates"":[]}"
20020625,2002-06-25,825.8307007037658,827.3771245143337,823.9320835354737,"{""type"":""MultiPoint"",""coordinates"":[]}"
20020626,2002-06-26,826.796687322444,828.3474588468126,824.9620144956187,"{""type"":""MultiPoint"",""coordinates"":[]}"
20020627,2002-06-27,827.6512324634548,829.0192514847898,825.7405566438333,"{""type"":""MultiPoint"",""coordinates"":[]}"
20020628,2002-06-28,827.9864610696152,829.5057640952579,826.049602510754,"{""type"":""MultiPoint"",""coordinates"":[]}"
20020629,2002-06-29,826.7637535036632,828.4833027192581,824.9376837373576,"{""type"":""MultiPoint"",""coordinates"":[]}"
20020630,2002-06-30,824.8768381833783,826.5513399791746,823.1191284749215,"{""type"":""MultiPoint"",""coordinates"":[]}"
20020701,2002-07-01,824.8084670680582,826.1762145677222,823.1727730284234,"{""type"":""MultiPoint"",""coordinates"":[]}"
20020702,2002-07-02,825.3046263653588,826.649377366002,823.746162832329,"{""type"":""MultiPoint"",""coordinates"":[]}"
20020703,2002-07-03,824.975680022726,826.3587697476253,823.3481385586823,"{""type"":""MultiPoint"",""coordinates"":[]}"
20020704,2002-07-04,824.53606716872,825.8855882938931,823.0464131345868,"{""type"":""MultiPoint"",""coordinates"":[]}"
20020705,2002-07-05,825.0286143269042,826.3228392371382,823.4925266310524,"{""type"":""MultiPoint"",""coordinates"":[]}"
20020706,2002-07-06,824.4879860857073,825.8443162418615,822.7758525186756,"{""type"":""MultiPoint"",""coordinates"":[]}"
20020707,2002-07-07,823.8954610936781,825.3084900078695,822.17528717898,"{""type"":""MultiPoint"",""coordinates"":[]}"
20020708,2002-07-08,823.9803254540066,825.3383303716877,822.1907937924508,"{""type"":""MultiPoint"",""coordinates"":[]}"
20020709,2002-07-09,824.6061115838432,825.948747206894,823.0945989846093,"{""type"":""MultiPoint"",""coordinates"":[]}"
20020710,2002-07-10,823.8670542839542,825.3230758922888,822.2498566699867,"{""type"":""MultiPoint"",""coordinates"":[]}"
20020711,2002-07-11,823.0951088681774,824.4780398489238,821.3771920827235,"{""type"":""MultiPoint"",""coordinates"":[]}"
20020712,2002-07-12,824.4062536697467,825.8896382026898,822.5825555923889,"{""type"":""MultiPoint"",""coordinates"":[]}"
20020713,2002-07-13,825.2008105636424,826.502122522272,823.5095850657946,"{""type"":""MultiPoint"",""coordinates"":[]}"
20020714,2002-07-14,825.2220017012244,826.6207653636837,823.4091253942916,"{""type"":""MultiPoint"",""coordinates"":[]}"
20020715,2002-07-15,825.4744377246814,826.7644594790113,823.8274091112913,"{""type"":""MultiPoint"",""coordinates"":[]}"
20020716,2002-07-16,825.8610310031919,827.3492073623727,824.0882291672007,"{""type"":""MultiPoint"",""coordinates"":[]}"
20020717,2002-07-17,826.3685715513283,827.784812548116,824.6017638634572,"{""type"":""MultiPoint"",""coordinates"":[]}"
20020718,2002-07-18,826.8244373993844,828.1805750267247,825.1086540830611,"{""type"":""MultiPoint"",""coordinates"":[]}"
20020719,2002-07-19,826.766285812539,828.2547868514076,825.1662357161825,"{""type"":""MultiPoint"",""coordinates"":[]}"
20020720,2002-07-20,825.7379303328067,827.2801391724179,824.0178197579625,"{""type"":""MultiPoint"",""coordinates"":[]}"
20020721,2002-07-21,824.3145279601164,825.8233571381003,822.7327115283628,"{""type"":""MultiPoint"",""coordinates"":[]}"
20020722,2002-07-22,824.5599429356649,826.1686885222247,822.9709887518787,"{""type"":""MultiPoint"",""coordinates"":[]}"
20020723,2002-07-23,825.6300624121803,827.0759410851043,824.0880138917038,"{""type"":""MultiPoint"",""coordinates"":[]}"
20020724,2002-07-24,825.5197558702048,826.945942845631,823.8943066009477,"{""type"":""MultiPoint"",""coordinates"":[]}"
20020725,2002-07-25,825.1625495784526,826.624505547722,823.4480223299897,"{""type"":""MultiPoint"",""coordinates"":[]}"
20020726,2002-07-26,824.644709467755,826.1580231328907,822.9050737325972,"{""type"":""MultiPoint"",""coordinates"":[]}"
20020727,2002-07-27,825.228192820042,826.5401908197291,823.5842947914592,"{""type"":""MultiPoint"",""coordinates"":[]}"
20020728,2002-07-28,825.9346034727764,827.2938543472774,824.4158950461425,"{""type"":""MultiPoint"",""coordinates"":[]}"
20020729,2002-07-29,824.8139605420683,826.6421492489108,822.9362557136236,"{""type"":""MultiPoint"",""coordinates"":[]}"
20020730,2002-07-30,824.5205348824438,825.9583068310881,822.6741808323989,"{""type"":""MultiPoint"",""coordinates"":[]}"
20020731,2002-07-31,825.3479198851578,826.8254434463229,823.3856478582571,"{""type"":""MultiPoint"",""coordinates"":[]}"
20020801,2002-08-01,826.3372826942948,827.7463013961782,824.5047826272753,"{""type"":""MultiPoint"",""coordinates"":[]}"
20020802,2002-08-02,826.039178427845,827.6337249383997,824.0566854043603,"{""type"":""MultiPoint"",""coordinates"":[]}"
20020803,2002-08-03,825.4272843291523,827.129848171794,823.5529695877177,"{""type"":""MultiPoint"",""coordinates"":[]}"
20020804,2002-08-04,825.1119533841526,826.7292539926209,823.0960525081329,"{""type"":""MultiPoint"",""coordinates"":[]}"
20020805,2002-08-05,824.9425256926854,826.4647745080929,823.0829994254802,"{""type"":""MultiPoint"",""coordinates"":[]}"
20020806,2002-08-06,825.1307499136194,826.7155793522691,823.1054762392747,"{""type"":""MultiPoint"",""coordinates"":[]}"
20020807,2002-08-07,825.5716536370879,827.224947018141,823.5115237154209,"{""type"":""MultiPoint"",""coordinates"":[]}"
20020808,2002-08-08,824.9855170203198,826.9745846123204,822.8330589134416,"{""type"":""MultiPoint"",""coordinates"":[]}"
20020809,2002-08-09,824.5994934208595,826.0771102995274,822.883127972223,"{""type"":""MultiPoint"",""coordinates"":[]}"
20020810,2002-08-10,824.8881492823108,826.338656367343,823.1063384228329,"{""type"":""MultiPoint"",""coordinates"":[]}"
20020811,2002-08-11,825.5616534659763,827.0713134529415,823.9504943478688,"{""type"":""MultiPoint"",""coordinates"":[]}"
20020812,2002-08-12,825.1327194826519,826.5893218546616,823.5957463551694,"{""type"":""MultiPoint"",""coordinates"":[]}"
20020813,2002-08-13,824.3898284852828,825.7729630702529,822.8045771379186,"{""type"":""MultiPoint"",""coordinates"":[]}"
20020814,2002-08-14,824.3820194581799,825.9058441153962,822.6633430816898,"{""type"":""MultiPoint"",""coordinates"":[]}"
20020815,2002-08-15,823.9828998802822,825.4779323571609,822.2943948003008,"{""type"":""MultiPoint"",""coordinates"":[]}"
20020816,2002-08-16,823.5209859907029,825.0057852968506,821.7883893981884,"{""type"":""MultiPoint"",""coordinates"":[]}"
20020817,2002-08-17,823.986990395277,825.4282973420217,822.3933670275763,"{""type"":""MultiPoint"",""coordinates"":[]}"
20020818,2002-08-18,825.0452906642502,826.4990360692874,823.397672156781,"{""type"":""MultiPoint"",""coordinates"":[]}"
20020819,2002-08-19,825.413314721705,826.8376526091454,823.7152093392931,"{""type"":""MultiPoint"",""coordinates"":[]}"
20020820,2002-08-20,825.2410418025049,826.6208474500232,823.4157470953862,"{""type"":""MultiPoint"",""coordinates"":[]}"
20020821,2002-08-21,826.6067441314435,828.2365836052603,824.8293694306967,"{""type"":""MultiPoint"",""coordinates"":[]}"
20020822,2002-08-22,828.1438640229816,829.6949336399078,826.2809446180922,"{""type"":""MultiPoint"",""coordinates"":[]}"
20020823,2002-08-23,829.1375613317964,830.6180805063359,827.2879953201052,"{""type"":""MultiPoint"",""coordinates"":[]}"
20020824,2002-08-24,830.0412912313445,831.6132975855656,828.2912326803047,"{""type"":""MultiPoint"",""coordinates"":[]}"
20020825,2002-08-25,829.969781770666,831.5633965554226,827.986231391534,"{""type"":""MultiPoint"",""coordinates"":[]}"
20020826,2002-08-26,829.6615103682966,831.3410911814782,827.8100117416965,"{""type"":""MultiPoint"",""coordinates"":[]}"
20020827,2002-08-27,829.368563705816,831.007886412445,827.4084228738496,"{""type"":""MultiPoint"",""coordinates"":[]}"
20020828,2002-08-28,829.6934188595966,831.1478174785999,828.0040291113626,"{""type"":""MultiPoint"",""coordinates"":[]}"
20020829,2002-08-29,829.9893231797148,831.5654077435729,828.197533193926,"{""type"":""MultiPoint"",""coordinates"":[]}"
20020830,2002-08-30,829.1681900409047,830.8370935659525,827.2414517613016,"{""type"":""MultiPoint"",""coordinates"":[]}"
20020831,2002-08-31,828.2468776147036,829.9429568266679,826.3413733680093,"{""type"":""MultiPoint"",""coordinates"":[]}"
20020901,2002-09-01,828.6764521961662,830.2656567400776,826.8262381553499,"{""type"":""MultiPoint"",""coordinates"":[]}"
20020902,2002-09-02,828.9948469410124,830.4866758512911,826.9576413969917,"{""type"":""MultiPoint"",""coordinates"":[]}"
20020903,2002-09-03,828.2506610658426,830.4051588108896,826.0827001738927,"{""type"":""MultiPoint"",""coordinates"":[]}"
20020904,2002-09-04,827.2312724048468,828.8515640441275,825.2275026174589,"{""type"":""MultiPoint"",""coordinates"":[]}"
20020905,2002-09-05,827.0901378399512,828.5921391801803,825.2094960656674,"{""type"":""MultiPoint"",""coordinates"":[]}"
20020906,2002-09-06,826.9489836533509,828.4396631953515,825.0886479544873,"{""type"":""MultiPoint"",""coordinates"":[]}"
20020907,2002-09-07,827.1209180938712,828.5139767923469,825.311023709115,"{""type"":""MultiPoint"",""coordinates"":[]}"
20020908,2002-09-08,827.6127056088058,829.1576246313332,825.9438032526117,"{""type"":""MultiPoint"",""coordinates"":[]}"
20020909,2002-09-09,827.1970252843104,828.7913862811159,825.4560651172241,"{""type"":""MultiPoint"",""coordinates"":[]}"
20020910,2002-09-10,827.0036063027229,828.4114319099973,825.0935883296486,"{""type"":""MultiPoint"",""coordinates"":[]}"
20020911,2002-09-11,828.1165628553047,829.6976091304283,826.2349635106798,"{""type"":""MultiPoint"",""coordinates"":[]}"
20020912,2002-09-12,829.3358086661889,830.8522589789726,827.4059436268639,"{""type"":""MultiPoint"",""coordinates"":[]}"
20020913,2002-09-13,830.170923035879,831.6392767402587,828.3448811826671,"{""type"":""MultiPoint"",""coordinates"":[]}"
20020914,2002-09-14,830.5400602391426,832.1259231040198,828.6429747053836,"{""type"":""MultiPoint"",""coordinates"":[]}"
20020915,2002-09-15,829.9415826804882,831.7106728936326,827.9347529753201,"{""type"":""MultiPoint"",""coordinates"":[]}"
20020916,2002-09-16,829.2751135654937,831.1083789204167,827.4372235684631,"{""type"":""MultiPoint"",""coordinates"":[]}"
20020917,2002-09-17,828.5878561107056,830.1471799762577,826.5100598153149,"{""type"":""MultiPoint"",""coordinates"":[]}"
20020918,2002-09-18,830.3121877729744,831.9619921223647,828.056315376074,"{""type"":""MultiPoint"",""coordinates"":[]}"
20020919,2002-09-19,831.5643812359742,833.1327043841097,829.5936131509991,"{""type"":""MultiPoint"",""coordinates"":[]}"
20020920,2002-09-20,831.3063916702545,833.1757826203956,829.4091514431931,"{""type"":""MultiPoint"",""coordinates"":[]}"
20020921,2002-09-21,830.5533447728852,832.403524788395,828.6202413076779,"{""type"":""MultiPoint"",""coordinates"":[]}"
20020922,2002-09-22,830.0024041964901,831.7930526348997,828.0977534366459,"{""type"":""MultiPoint"",""coordinates"":[]}"
20020923,2002-09-23,828.8751986485693,831.1269082431817,826.8925382652525,"{""type"":""MultiPoint"",""coordinates"":[]}"
20020924,2002-09-24,827.8046309791915,829.4044866707402,825.8098792397299,"{""type"":""MultiPoint"",""coordinates"":[]}"
20020925,2002-09-25,829.0421553303784,830.4321367302798,827.2028203487575,"{""type"":""MultiPoint"",""coordinates"":[]}"
20020926,2002-09-26,829.9664139922426,831.5797882383894,828.2634001540447,"{""type"":""MultiPoint"",""coordinates"":[]}"
20020927,2002-09-27,829.9713836431185,831.6104795680494,828.0380637272525,"{""type"":""MultiPoint"",""coordinates"":[]}"
20020928,2002-09-28,830.6474992857854,832.0563135715192,828.9012514450367,"{""type"":""MultiPoint"",""coordinates"":[]}"
20020929,2002-09-29,830.9541490236884,832.6761317674,829.3891692258657,"{""type"":""MultiPoint"",""coordinates"":[]}"
20020930,2002-09-30,831.1367369197482,832.606103100404,829.4781337382333,"{""type"":""MultiPoint"",""coordinates"":[]}"
20021001,2002-10-01,831.791779037689,833.3560937737369,830.1886644788664,"{""type"":""MultiPoint"",""coordinates"":[]}"
20021002,2002-10-02,831.4230313659228,833.5199544630915,829.5875954385336,"{""type"":""MultiPoint"",""coordinates"":[]}"
20021003,2002-10-03,830.8251297143679,832.4850914950548,829.0308986974964,"{""type"":""MultiPoint"",""coordinates"":[]}"
20021004,2002-10-04,831.4429940084401,833.4301595078131,829.4496520254575,"{""type"":""MultiPoint"",""coordinates"":[]}"
20021005,2002-10-05,832.1568672978053,833.7804688204843,830.2336085385824,"{""type"":""MultiPoint"",""coordinates"":[]}"
20021006,2002-10-06,832.641550884721,834.4800223443442,830.7560340801723,"{""type"":""MultiPoint"",""coordinates"":[]}"
20021007,2002-10-07,832.2257298686806,833.884038923568,830.1911257987784,"{""type"":""MultiPoint"",""coordinates"":[]}"
20021008,2002-10-08,832.5282307307433,834.4184442861856,830.3465302094305,"{""type"":""MultiPoint"",""coordinates"":[]}"
20021009,2002-10-09,833.3640469948144,835.1244737055084,831.5500047081676,"{""type"":""MultiPoint"",""coordinates"":[]}"
20021010,2002-10-10,833.4126104722521,835.5074977035323,831.5603914315393,"{""type"":""MultiPoint"",""coordinates"":[]}"
20021011,2002-10-11,830.7116012267538,833.4226457341838,828.5994638662385,"{""type"":""MultiPoint"",""coordinates"":[]}"
20021012,2002-10-12,829.127367675153,830.7457721862457,827.192965559865,"{""type"":""MultiPoint"",""coordinates"":[]}"
20021013,2002-10-13,829.9139035298156,831.394455758642,828.118934641555,"{""type"":""MultiPoint"",""coordinates"":[]}"
20021014,2002-10-14,830.3212424069018,831.7682756627715,828.5456689857747,"{""type"":""MultiPoint"",""coordinates"":[]}"
20021015,2002-10-15,830.6916206767588,832.2318404036473,828.9748484145804,"{""type"":""MultiPoint"",""coordinates"":[]}"
20021016,2002-10-16,830.5610973649013,832.5049917112831,828.7389507972182,"{""type"":""MultiPoint"",""coordinates"":[]}"
20021017,2002-10-17,829.43556665353,831.6066939189772,827.5016182906842,"{""type"":""MultiPoint"",""coordinates"":[]}"
20021018,2002-10-18,828.1282236305518,829.8773848175208,826.4338760898959,"{""type"":""MultiPoint"",""coordinates"":[]}"
20021019,2002-10-19,828.5929524341844,829.9562549706984,826.792601200869,"{""type"":""MultiPoint"",""coordinates"":[]}"
20021020,2002-10-20,829.9351526148573,831.3690400638797,828.1316448947698,"{""type"":""MultiPoint"",""coordinates"":[]}"
20021021,2002-10-21,830.8837979744989,832.6940948705799,829.071858424987,"{""type"":""MultiPoint"",""coordinates"":[]}"
20021022,2002-10-22,831.0171003853233,832.8820566702292,829.0413854306172,"{""type"":""MultiPoint"",""coordinates"":[]}"
20021023,2002-10-23,830.262268341187,831.7502370488496,828.5813692887809,"{""type"":""MultiPoint"",""coordinates"":[]}"
20021024,2002-10-24,831.2141036165701,832.6891443378477,829.3065824540656,"{""type"":""MultiPoint"",""coordinates"":[]}"
20021025,2002-10-25,832.4252730903954,833.856336136169,830.8323002463816,"{""type"":""MultiPoint"",""coordinates"":[]}"
20021026,2002-10-26,831.9113272242845,833.9281994933664,830.0261673828966,"{""type"":""MultiPoint"",""coordinates"":[]}"
20021027,2002-10-27,829.7973409955929,832.0008325031183,828.1483984164522,"{""type"":""MultiPoint"",""coordinates"":[]}"
20021028,2002-10-28,828.7017973337718,830.5305717293668,826.9741051373671,"{""type"":""MultiPoint"",""coordinates"":[]}"
20021029,2002-10-29,829.3996877793431,830.8614530285681,827.6241289359508,"{""type"":""MultiPoint"",""coordinates"":[]}"
20021030,2002-10-30,831.0842941431252,832.577978909923,829.3775109735893,"{""type"":""MultiPoint"",""coordinates"":[]}"
20021031,2002-10-31,832.1427189916454,833.6203720124514,830.3223686071154,"{""type"":""MultiPoint"",""coordinates"":[]}"
20021101,2002-11-01,832.589852262337,834.1409732560345,830.8131370388435,"{""type"":""MultiPoint"",""coordinates"":[]}"
20021102,2002-11-02,833.4428594668906,835.0154129586765,831.7926685570211,"{""type"":""MultiPoint"",""coordinates"":[]}"
20021103,2002-11-03,833.5729081585422,835.2741901237423,831.8342464972047,"{""type"":""MultiPoint"",""coordinates"":[]}"
20021104,2002-11-04,833.0666326641162,834.940192907802,831.3757675750055,"{""type"":""MultiPoint"",""coordinates"":[]}"
20021105,2002-11-05,832.4172013298322,834.3528446297286,830.7952248123761,"{""type"":""MultiPoint"",""coordinates"":[]}"
20021106,2002-11-06,833.1499072401293,834.7341279234109,831.1823739368534,"{""type"":""MultiPoint"",""coordinates"":[]}"
20021107,2002-11-07,833.9215301739303,835.7422327649073,832.1926774355943,"{""type"":""MultiPoint"",""coordinates"":[]}"
20021108,2002-11-08,833.4715330262441,835.1519620881943,831.7748523674491,"{""type"":""MultiPoint"",""coordinates"":[]}"
20021109,2002-11-09,832.6633944909136,834.473391875951,830.976316860836,"{""type"":""MultiPoint"",""coordinates"":[]}"
20021110,2002-11-10,831.9204606713337,833.7823553473902,830.1967026963396,"{""type"":""MultiPoint"",""coordinates"":[]}"
20021111,2002-11-11,831.1223042779767,833.0178899789953,829.4099399528103,"{""type"":""MultiPoint"",""coordinates"":[]}"
20021112,2002-11-12,830.0459185950402,831.8010853398262,827.8372263507184,"{""type"":""MultiPoint"",""coordinates"":[]}"
20021113,2002-11-13,829.4630912269157,831.3862278129998,827.6156060944382,"{""type"":""MultiPoint"",""coordinates"":[]}"
20021114,2002-11-14,830.1249606112297,832.0768726327495,828.2423561326045,"{""type"":""MultiPoint"",""coordinates"":[]}"
20021115,2002-11-15,831.8796076566392,833.2756320392189,830.0499380120918,"{""type"":""MultiPoint"",""coordinates"":[]}"
20021116,2002-11-16,832.2921896531012,833.9369289323009,830.740207335742,"{""type"":""MultiPoint"",""coordinates"":[]}"
20021117,2002-11-17,832.1886513256017,834.0473427031408,830.3162811605766,"{""type"":""MultiPoint"",""coordinates"":[]}"
20021118,2002-11-18,831.0519766655943,833.1575673272215,829.1184498157928,"{""type"":""MultiPoint"",""coordinates"":[]}"
20021119,2002-11-19,830.617408943954,832.4215928180189,828.8192786595619,"{""type"":""MultiPoint"",""coordinates"":[]}"
20021120,2002-11-20,831.8461566359157,833.5506824712118,829.7648604205066,"{""type"":""MultiPoint"",""coordinates"":[]}"
20021121,2002-11-21,832.4522129736825,834.2878079601155,830.74246890907,"{""type"":""MultiPoint"",""coordinates"":[]}"
20021122,2002-11-22,831.9368580725861,833.9860129061246,830.0503362003151,"{""type"":""MultiPoint"",""coordinates"":[]}"
20021123,2002-11-23,831.6019593459919,833.5251363786168,829.8959321008499,"{""type"":""MultiPoint"",""coordinates"":[]}"
20021124,2002-11-24,830.6677007614497,832.6377307639546,828.9611941513149,"{""type"":""MultiPoint"",""coordinates"":[]}"
20021125,2002-11-25,830.1408299182013,831.6941704558116,828.3704073872116,"{""type"":""MultiPoint"",""coordinates"":[]}"
20021126,2002-11-26,831.2531073609448,832.620548260255,829.5975480211273,"{""type"":""MultiPoint"",""coordinates"":[]}"
20021127,2002-11-27,832.1927902617842,833.5530371146318,830.4985128961803,"{""type"":""MultiPoint"",""coordinates"":[]}"
20021128,2002-11-28,833.346542499316,834.893033716612,831.6883309366341,"{""type"":""MultiPoint"",""coordinates"":[]}"
20021129,2002-11-29,833.2042447525777,835.3484094572863,831.3230226756444,"{""type"":""MultiPoint"",""coordinates"":[]}"
20021130,2002-11-30,831.1663963660958,833.4269215783291,829.1214314517559,"{""type"":""MultiPoint"",""coordinates"":[]}"
20021201,2002-12-01,830.9009050306053,833.0410311828316,828.7508373878829,"{""type"":""MultiPoint"",""coordinates"":[]}"
20021202,2002-12-02,832.3362082303162,833.7930271172476,830.7213429951969,"{""type"":""MultiPoint"",""coordinates"":[]}"
20021203,2002-12-03,831.7106397219161,833.815951474606,829.8446372566113,"{""type"":""MultiPoint"",""coordinates"":[]}"
20021204,2002-12-04,830.9475566118423,832.7271767673302,829.3245375333364,"{""type"":""MultiPoint"",""coordinates"":[]}"
20021205,2002-12-05,830.653727682685,832.2788067179401,829.0651640724458,"{""type"":""MultiPoint"",""coordinates"":[]}"
20021206,2002-12-06,831.5845884034352,833.315732612832,829.7537889810803,"{""type"":""MultiPoint"",""coordinates"":[]}"
20021207,2002-12-07,832.8224824601363,834.5041795078419,831.0518824315924,"{""type"":""MultiPoint"",""coordinates"":[]}"
20021208,2002-12-08,833.3179929906551,834.8434024227095,831.5171889333591,"{""type"":""MultiPoint"",""coordinates"":[]}"
20021209,2002-12-09,833.7038501222215,835.8441616247734,831.6907464600553,"{""type"":""MultiPoint"",""coordinates"":[]}"
20021210,2002-12-10,833.5578085085116,835.2064715743908,831.8406830705569,"{""type"":""MultiPoint"",""coordinates"":[]}"
20021211,2002-12-11,834.3903863671646,835.7048827864108,832.5851262359525,"{""type"":""MultiPoint"",""coordinates"":[]}"
20021212,2002-12-12,835.8625624728799,837.2899570215922,834.0655788292114,"{""type"":""MultiPoint"",""coordinates"":[]}"
20021213,2002-12-13,836.147294472222,837.9890478610482,834.5046604846586,"{""type"":""MultiPoint"",""coordinates"":[]}"
20021214,2002-12-14,834.7316417404938,836.9244872332214,832.7514912572678,"{""type"":""MultiPoint"",""coordinates"":[]}"
20021215,2002-12-15,833.1971982345303,835.2506514675619,831.4266983161572,"{""type"":""MultiPoint"",""coordinates"":[]}"
20021216,2002-12-16,832.1155479034168,834.4773440105506,830.194370518843,"{""type"":""MultiPoint"",""coordinates"":[]}"
20021217,2002-12-17,830.4866020699213,832.609742437049,828.6695617486855,"{""type"":""MultiPoint"",""coordinates"":[]}"
20021218,2002-12-18,828.8125568677196,831.1537775815387,826.8195590443894,"{""type"":""MultiPoint"",""coordinates"":[]}"
20021219,2002-12-19,827.6655895313263,830.0157192111966,825.7401727407843,"{""type"":""MultiPoint"",""coordinates"":[]}"
20021220,2002-12-20,827.8285977676221,829.7116611725804,825.8473237432189,"{""type"":""MultiPoint"",""coordinates"":[]}"
20021221,2002-12-21,829.0317300293319,830.9230715975713,826.8125119930692,"{""type"":""MultiPoint"",""coordinates"":[]}"
20021222,2002-12-22,830.5269394805839,832.0487867084742,828.6604832475596,"{""type"":""MultiPoint"",""coordinates"":[]}"
20021223,2002-12-23,830.0965503141272,832.1141449464814,828.2362386871597,"{""type"":""MultiPoint"",""coordinates"":[]}"
20021224,2002-12-24,829.456577080174,831.3640594546617,827.64030379003,"{""type"":""MultiPoint"",""coordinates"":[]}"
20021225,2002-12-25,830.0969508841541,831.743434636237,828.254433281911,"{""type"":""MultiPoint"",""coordinates"":[]}"
20021226,2002-12-26,830.3833316116828,832.2751705131403,828.6628198479792,"{""type"":""MultiPoint"",""coordinates"":[]}"
20021227,2002-12-27,829.8371934227326,831.686460193718,828.0746804723987,"{""type"":""MultiPoint"",""coordinates"":[]}"
20021228,2002-12-28,829.6569798535701,831.6101420863181,827.8667920577526,"{""type"":""MultiPoint"",""coordinates"":[]}"
20021229,2002-12-29,830.3206783982554,831.9182493451791,828.6515894282194,"{""type"":""MultiPoint"",""coordinates"":[]}"
20021230,2002-12-30,830.027747547405,831.9054620659708,828.2396228188941,"{""type"":""MultiPoint"",""coordinates"":[]}"
20021231,2002-12-31,829.4212823937822,831.4673577470684,827.2875063930665,"{""type"":""MultiPoint"",""coordinates"":[]}"
20030101,2003-01-01,832.2935207322473,834.3106232383388,829.6530932522779,"{""type"":""MultiPoint"",""coordinates"":[]}"
20030102,2003-01-02,834.7846059132291,836.3874892248105,832.9933663817969,"{""type"":""MultiPoint"",""coordinates"":[]}"
20030103,2003-01-03,833.8999278664216,836.103987858474,832.0596266787844,"{""type"":""MultiPoint"",""coordinates"":[]}"
20030104,2003-01-04,832.7276635675018,835.092487658129,830.8017199838088,"{""type"":""MultiPoint"",""coordinates"":[]}"
20030105,2003-01-05,833.6573849967824,835.3909546073215,831.6899823056701,"{""type"":""MultiPoint"",""coordinates"":[]}"
20030106,2003-01-06,833.5724194379796,835.28954548187,831.8091773751993,"{""type"":""MultiPoint"",""coordinates"":[]}"
20030107,2003-01-07,832.3670906712237,834.080708113614,830.7220364525216,"{""type"":""MultiPoint"",""coordinates"":[]}"
20030108,2003-01-08,831.9712972807403,833.9581347893004,830.1345449435161,"{""type"":""MultiPoint"",""coordinates"":[]}"
20030109,2003-01-09,833.1923856343666,835.0169038580698,831.4553106939999,"{""type"":""MultiPoint"",""coordinates"":[]}"
20030110,2003-01-10,833.3736815237678,835.0892887184028,831.7052772376857,"{""type"":""MultiPoint"",""coordinates"":[]}"
20030111,2003-01-11,833.3930936197194,835.0330641143266,831.729697798813,"{""type"":""MultiPoint"",""coordinates"":[]}"
20030112,2003-01-12,833.244350801614,835.2025452622595,831.5938169535655,"{""type"":""MultiPoint"",""coordinates"":[]}"
20030113,2003-01-13,833.3188386920908,834.9401052779423,831.5027919625969,"{""type"":""MultiPoint"",""coordinates"":[]}"
20030114,2003-01-14,834.5019368020104,836.1992723715955,832.4782717871799,"{""type"":""MultiPoint"",""coordinates"":[]}"
20030115,2003-01-15,835.0269116048526,836.9758376296217,833.3862858811632,"{""type"":""MultiPoint"",""coordinates"":[]}"
20030116,2003-01-16,834.699585039758,836.4533052399215,833.0858013292435,"{""type"":""MultiPoint"",""coordinates"":[]}"
20030117,2003-01-17,835.6624849471503,837.3494444931478,833.8417840712256,"{""type"":""MultiPoint"",""coordinates"":[]}"
20030118,2003-01-18,835.9856967106115,837.8998733651359,834.3354843890794,"{""type"":""MultiPoint"",""coordinates"":[]}"
20030119,2003-01-19,834.3172535253628,836.5064832602595,832.5121878312542,"{""type"":""MultiPoint"",""coordinates"":[]}"
20030120,2003-01-20,832.5438223233816,834.6672396253672,830.7384304679443,"{""type"":""MultiPoint"",""coordinates"":[]}"
20030121,2003-01-21,831.7591067548396,833.5338766080861,829.9428395381049,"{""type"":""MultiPoint"",""coordinates"":[]}"
20030122,2003-01-22,829.4627801373773,832.1345482913551,827.2715710603468,"{""type"":""MultiPoint"",""coordinates"":[]}"
20030123,2003-01-23,826.7596607342139,829.410503771774,824.9809307512454,"{""type"":""MultiPoint"",""coordinates"":[]}"
20030124,2003-01-24,826.124180619501,827.7149270493355,824.4888645295987,"{""type"":""MultiPoint"",""coordinates"":[]}"
20030125,2003-01-25,828.7830972560092,830.6966817502721,826.3047320591247,"{""type"":""MultiPoint"",""coordinates"":[]}"
20030126,2003-01-26,831.1407427917616,832.722283476895,829.2756922732367,"{""type"":""MultiPoint"",""coordinates"":[]}"
20030127,2003-01-27,830.845839457828,832.9944603253018,828.8190941221884,"{""type"":""MultiPoint"",""coordinates"":[]}"
20030128,2003-01-28,830.3004047357676,832.3414450637271,828.3457760365704,"{""type"":""MultiPoint"",""coordinates"":[]}"
20030129,2003-01-29,829.516437579176,831.9155592721305,827.484074332726,"{""type"":""MultiPoint"",""coordinates"":[]}"
20030130,2003-01-30,828.7172457008713,830.4515896103717,826.920949139657,"{""type"":""MultiPoint"",""coordinates"":[]}"
20030131,2003-01-31,829.370879499283,831.3634372855239,827.4296691207751,"{""type"":""MultiPoint"",""coordinates"":[]}"
20030201,2003-02-01,831.801658843315,833.9292866489136,829.0632814420093,"{""type"":""MultiPoint"",""coordinates"":[]}"
20030202,2003-02-02,833.679415846696,835.7555196584547,831.8207813263457,"{""type"":""MultiPoint"",""coordinates"":[]}"
20030203,2003-02-03,833.0282673767626,834.8488538352788,831.2904317929347,"{""type"":""MultiPoint"",""coordinates"":[]}"
20030204,2003-02-04,832.8923285572719,834.5831320304164,831.2196962818382,"{""type"":""MultiPoint"",""coordinates"":[]}"
20030205,2003-02-05,832.4594058076234,834.5600187722225,830.5448371784483,"{""type"":""MultiPoint"",""coordinates"":[]}"
20030206,2003-02-06,830.4052864423895,832.9130758025699,828.0886798113986,"{""type"":""MultiPoint"",""coordinates"":[]}"
20030207,2003-02-07,827.8062031688179,829.9628355766607,825.8332973742386,"{""type"":""MultiPoint"",""coordinates"":[]}"
20030208,2003-02-08,827.0088830468511,828.9180642951175,825.0974305954661,"{""type"":""MultiPoint"",""coordinates"":[]}"
20030209,2003-02-09,827.8801198333689,829.7036982654575,826.0044898235918,"{""type"":""MultiPoint"",""coordinates"":[]}"
20030210,2003-02-10,829.3233909664373,830.752695539187,827.6697194637533,"{""type"":""MultiPoint"",""coordinates"":[]}"
20030211,2003-02-11,829.7103750616681,831.4927639629511,827.9069473499459,"{""type"":""MultiPoint"",""coordinates"":[]}"
20030212,2003-02-12,828.5871391436374,830.7780615854108,826.6980906943734,"{""type"":""MultiPoint"",""coordinates"":[]}"
20030213,2003-02-13,827.6876661427809,829.5980064223545,825.6543406061297,"{""type"":""MultiPoint"",""coordinates"":[]}"
20030214,2003-02-14,828.1502361704034,829.9891161566496,825.8783867281254,"{""type"":""MultiPoint"",""coordinates"":[]}"
20030215,2003-02-15,830.0033314425502,831.918566672513,828.0202638869982,"{""type"":""MultiPoint"",""coordinates"":[]}"
20030216,2003-02-16,830.136129736324,832.0885917464728,828.1253310837922,"{""type"":""MultiPoint"",""coordinates"":[]}"
20030217,2003-02-17,828.6035489979333,830.9456349191089,826.3638921923216,"{""type"":""MultiPoint"",""coordinates"":[]}"
20030218,2003-02-18,827.3286055426018,829.8347856090855,825.0528648700895,"{""type"":""MultiPoint"",""coordinates"":[]}"
20030219,2003-02-19,827.3911640299672,830.3380522580195,824.0392917893906,"{""type"":""MultiPoint"",""coordinates"":[]}"
20030220,2003-02-20,829.5641342864106,831.3988301856318,827.2233901139716,"{""type"":""MultiPoint"",""coordinates"":[]}"
20030221,2003-02-21,831.0049406130487,832.724729006635,829.1471520945395,"{""type"":""MultiPoint"",""coordinates"":[]}"
20030222,2003-02-22,830.674082837691,832.8247117719811,828.7970835613559,"{""type"":""MultiPoint"",""coordinates"":[]}"
20030223,2003-02-23,829.565643510562,831.5536873954607,827.7881233249277,"{""type"":""MultiPoint"",""coordinates"":[]}"
20030224,2003-02-24,829.3137000577278,831.1723503854606,827.6085819748024,"{""type"":""MultiPoint"",""coordinates"":[]}"
20030225,2003-02-25,827.9676748302859,830.2097718714911,826.021436806326,"{""type"":""MultiPoint"",""coordinates"":[]}"
20030226,2003-02-26,828.0301792485652,829.9309814458895,826.0898168368409,"{""type"":""MultiPoint"",""coordinates"":[]}"
20030227,2003-02-27,829.0989017569495,831.0925632659405,827.0841919356046,"{""type"":""MultiPoint"",""coordinates"":[]}"
20030228,2003-02-28,828.8522738462445,831.1684442521477,826.9199368574108,"{""type"":""MultiPoint"",""coordinates"":[]}"
20030301,2003-03-01,827.3938586203438,829.6719413735159,825.2851980028297,"{""type"":""MultiPoint"",""coordinates"":[]}"
20030302,2003-03-02,826.5128565994048,828.6087991171771,824.3362277730491,"{""type"":""MultiPoint"",""coordinates"":[]}"
20030303,2003-03-03,826.0136960128204,828.6693565933774,823.3063519444601,"{""type"":""MultiPoint"",""coordinates"":[]}"
20030304,2003-03-04,826.124833279944,828.3585693997258,823.8117878024492,"{""type"":""MultiPoint"",""coordinates"":[]}"
20030305,2003-03-05,827.4434606755316,829.2090547836219,825.3366163664869,"{""type"":""MultiPoint"",""coordinates"":[]}"
20030306,2003-03-06,828.5577203226492,830.2321574563053,826.7376388474247,"{""type"":""MultiPoint"",""coordinates"":[]}"
20030307,2003-03-07,828.1805659488178,830.2700833377883,826.2829108832823,"{""type"":""MultiPoint"",""coordinates"":[]}"
20030308,2003-03-08,828.5344581960702,830.8051627935218,826.0833575497679,"{""type"":""MultiPoint"",""coordinates"":[]}"
20030309,2003-03-09,828.9640619062636,831.1229029524325,826.9873402362324,"{""type"":""MultiPoint"",""coordinates"":[]}"
20030310,2003-03-10,828.5364460881912,830.601568357529,826.656768004293,"{""type"":""MultiPoint"",""coordinates"":[]}"
20030311,2003-03-11,827.9172819629166,829.504125725735,826.0262440145573,"{""type"":""MultiPoint"",""coordinates"":[]}"
20030312,2003-03-12,829.5512333649109,831.100915860259,827.4341798752404,"{""type"":""MultiPoint"",""coordinates"":[]}"
20030313,2003-03-13,830.94906072835,832.7723665533348,829.0063125217811,"{""type"":""MultiPoint"",""coordinates"":[]}"
20030314,2003-03-14,829.9515239740289,832.7576865040061,827.17397945503,"{""type"":""MultiPoint"",""coordinates"":[]}"
20030315,2003-03-15,827.4853550650968,829.780026993748,825.3970786969002,"{""type"":""MultiPoint"",""coordinates"":[]}"
20030316,2003-03-16,827.947533109496,829.6248972168432,825.8803169750466,"{""type"":""MultiPoint"",""coordinates"":[]}"
20030317,2003-03-17,830.1879223845883,831.8921106843297,828.0332796936342,"{""type"":""MultiPoint"",""coordinates"":[]}"
20030318,2003-03-18,830.654197070982,832.6124823483245,828.580824967783,"{""type"":""MultiPoint"",""coordinates"":[]}"
20030319,2003-03-19,829.8072891368859,832.0438530481405,827.7295256132288,"{""type"":""MultiPoint"",""coordinates"":[]}"
20030320,2003-03-20,828.7063677872055,831.1095014271782,826.5097434245301,"{""type"":""MultiPoint"",""coordinates"":[]}"
20030321,2003-03-21,830.2562818967681,831.9442543895394,827.9232966591002,"{""type"":""MultiPoint"",""coordinates"":[]}"
20030322,2003-03-22,831.7763381137626,833.604823719097,829.8257389365348,"{""type"":""MultiPoint"",""coordinates"":[]}"
20030323,2003-03-23,831.5944114829091,833.7003829912852,829.5373984560621,"{""type"":""MultiPoint"",""coordinates"":[]}"
20030324,2003-03-24,830.0082039358985,832.463770896926,827.7866204843516,"{""type"":""MultiPoint"",""coordinates"":[]}"
20030325,2003-03-25,829.9261221947978,831.7760702050178,827.6632318062029,"{""type"":""MultiPoint"",""coordinates"":[]}"
20030326,2003-03-26,831.3488951163799,833.4335131754027,829.0644802602676,"{""type"":""MultiPoint"",""coordinates"":[]}"
20030327,2003-03-27,830.8555039904785,833.5316864341149,828.4737152176931,"{""type"":""MultiPoint"",""coordinates"":[]}"
20030328,2003-03-28,828.6948906868753,831.516558516754,826.0727309029512,"{""type"":""MultiPoint"",""coordinates"":[]}"
20030329,2003-03-29,826.5315255280047,828.783359203904,824.3111248824534,"{""type"":""MultiPoint"",""coordinates"":[]}"
20030330,2003-03-30,827.0057819658456,828.8456329587493,824.8004843283384,"{""type"":""MultiPoint"",""coordinates"":[]}"
20030331,2003-03-31,827.3519585345845,829.2590335109451,825.2758291167955,"{""type"":""MultiPoint"",""coordinates"":[]}"
20030401,2003-04-01,826.0106239066622,828.3744185282269,823.8158860658574,"{""type"":""MultiPoint"",""coordinates"":[]}"
20030402,2003-04-02,825.0484958745807,827.192475577546,822.8867913055301,"{""type"":""MultiPoint"",""coordinates"":[]}"
20030403,2003-04-03,825.2340455353269,827.0106623075196,823.1714701539007,"{""type"":""MultiPoint"",""coordinates"":[]}"
20030404,2003-04-04,826.9742159190843,828.7307546809388,824.8586179795848,"{""type"":""MultiPoint"",""coordinates"":[]}"
20030405,2003-04-05,828.2653598455994,830.1849289163853,825.8549162765107,"{""type"":""MultiPoint"",""coordinates"":[]}"
20030406,2003-04-06,830.2536881444925,831.7843287565112,828.1998218383187,"{""type"":""MultiPoint"",""coordinates"":[]}"
20030407,2003-04-07,831.7852321115857,833.6438274418784,829.7693657772545,"{""type"":""MultiPoint"",""coordinates"":[]}"
20030408,2003-04-08,829.9363116390131,832.2012788239936,827.7677455778165,"{""type"":""MultiPoint"",""coordinates"":[]}"
20030409,2003-04-09,828.6511936345522,830.6620108521208,826.633108511452,"{""type"":""MultiPoint"",""coordinates"":[]}"
20030410,2003-04-10,829.2486497086484,830.8162060166694,827.3683264054927,"{""type"":""MultiPoint"",""coordinates"":[]}"
20030411,2003-04-11,829.3992794696699,831.6570369655623,827.3374082823073,"{""type"":""MultiPoint"",""coordinates"":[]}"
20030412,2003-04-12,828.8469390259813,831.0687915893722,826.639785156509,"{""type"":""MultiPoint"",""coordinates"":[]}"
20030413,2003-04-13,828.6430390499116,830.5183644605888,826.3540560801509,"{""type"":""MultiPoint"",""coordinates"":[]}"
20030414,2003-04-14,828.5993825570637,830.7588930273589,826.3571884382707,"{""type"":""MultiPoint"",""coordinates"":[]}"
20030415,2003-04-15,827.9680083460026,829.7438208896798,825.7351806027109,"{""type"":""MultiPoint"",""coordinates"":[]}"
20030416,2003-04-16,828.7068844957549,830.7663791594512,826.3490503614112,"{""type"":""MultiPoint"",""coordinates"":[]}"
20030417,2003-04-17,828.8906353005809,831.1477741682327,826.6024063401283,"{""type"":""MultiPoint"",""coordinates"":[]}"
20030418,2003-04-18,827.5607350869856,829.7407965904127,825.2091006713333,"{""type"":""MultiPoint"",""coordinates"":[]}"
20030419,2003-04-19,825.047258085299,827.3832940424867,822.6992039872721,"{""type"":""MultiPoint"",""coordinates"":[]}"
20030420,2003-04-20,826.0159994555501,827.9203976857152,823.3867536376874,"{""type"":""MultiPoint"",""coordinates"":[]}"
20030421,2003-04-21,828.0201862669884,829.9052687591169,825.8582133219048,"{""type"":""MultiPoint"",""coordinates"":[]}"
20030422,2003-04-22,829.2811336631576,831.1833770645725,827.2540404079753,"{""type"":""MultiPoint"",""coordinates"":[]}"
20030423,2003-04-23,829.5365977631008,831.6903124762626,827.5728674817378,"{""type"":""MultiPoint"",""coordinates"":[]}"
20030424,2003-04-24,828.2680711898203,830.3548357696167,826.2778035679261,"{""type"":""MultiPoint"",""coordinates"":[]}"
20030425,2003-04-25,827.5220218005043,829.5669811763082,825.5388184989417,"{""type"":""MultiPoint"",""coordinates"":[]}"
20030426,2003-04-26,827.1003930013352,828.9109120224014,825.1899675854743,"{""type"":""MultiPoint"",""coordinates"":[]}"
20030427,2003-04-27,827.6346077971185,829.5160393928522,825.3602527471311,"{""type"":""MultiPoint"",""coordinates"":[]}"
20030428,2003-04-28,829.1240609282215,830.7188874938732,827.0370071760465,"{""type"":""MultiPoint"",""coordinates"":[]}"
20030429,2003-04-29,830.1020887266791,831.8671420572296,827.7918576108699,"{""type"":""MultiPoint"",""coordinates"":[]}"
20030430,2003-04-30,828.8954847484036,831.6368820777735,826.214972310274,"{""type"":""MultiPoint"",""coordinates"":[]}"
20030501,2003-05-01,825.3787119731164,827.908501052023,822.9620763763096,"{""type"":""MultiPoint"",""coordinates"":[]}"
20030502,2003-05-02,823.4691856136878,825.498145793636,821.2564806524127,"{""type"":""MultiPoint"",""coordinates"":[]}"
20030503,2003-05-03,823.0041680139738,825.162398146571,820.8296577543882,"{""type"":""MultiPoint"",""coordinates"":[]}"
20030504,2003-05-04,823.5044971016326,825.3963473512559,821.540800803765,"{""type"":""MultiPoint"",""coordinates"":[]}"
20030505,2003-05-05,824.3562573050185,826.0296622887963,822.3511008281786,"{""type"":""MultiPoint"",""coordinates"":[]}"
20030506,2003-05-06,825.8214871075392,827.3971157875014,823.9055927423286,"{""type"":""MultiPoint"",""coordinates"":[]}"
20030507,2003-05-07,826.9192171410658,828.5484989321698,824.8983079839558,"{""type"":""MultiPoint"",""coordinates"":[]}"
20030508,2003-05-08,828.1773567131116,829.7751460153406,826.29718138365,"{""type"":""MultiPoint"",""coordinates"":[]}"
20030509,2003-05-09,828.8527865288613,830.5040018029321,826.8695783614538,"{""type"":""MultiPoint"",""coordinates"":[]}"
20030510,2003-05-10,828.5014586455451,830.3842286850996,826.6489606681553,"{""type"":""MultiPoint"",""coordinates"":[]}"
20030511,2003-05-11,827.2931860436659,829.3890670515743,825.309816691542,"{""type"":""MultiPoint"",""coordinates"":[]}"
20030512,2003-05-12,826.6384785327193,828.3905300337806,824.723879533845,"{""type"":""MultiPoint"",""coordinates"":[]}"
20030513,2003-05-13,826.4783745189909,828.2591570739161,824.5134558747386,"{""type"":""MultiPoint"",""coordinates"":[]}"
20030514,2003-05-14,825.8452191096419,827.6243059195601,823.9832462983851,"{""type"":""MultiPoint"",""coordinates"":[]}"
20030515,2003-05-15,825.5633961751489,827.1249168698548,823.7427905443847,"{""type"":""MultiPoint"",""coordinates"":[]}"
20030516,2003-05-16,825.5627804522034,827.3690786684148,823.5851634497088,"{""type"":""MultiPoint"",""coordinates"":[]}"
20030517,2003-05-17,825.005288563943,826.7241821733408,822.9539405045521,"{""type"":""MultiPoint"",""coordinates"":[]}"
20030518,2003-05-18,824.8072854683031,826.2351225270668,822.9772050518338,"{""type"":""MultiPoint"",""coordinates"":[]}"
20030519,2003-05-19,825.6866965908881,827.2058589405007,823.795099983914,"{""type"":""MultiPoint"",""coordinates"":[]}"
20030520,2003-05-20,827.2424833634492,828.7358806934946,825.4225548163633,"{""type"":""MultiPoint"",""coordinates"":[]}"
20030521,2003-05-21,827.2993389846515,828.9839866506121,825.4519965182723,"{""type"":""MultiPoint"",""coordinates"":[]}"
20030522,2003-05-22,826.590085873762,828.1109911911905,824.7084649121122,"{""type"":""MultiPoint"",""coordinates"":[]}"
20030523,2003-05-23,826.4465929848504,827.9569991441567,824.6345706874653,"{""type"":""MultiPoint"",""coordinates"":[]}"
20030524,2003-05-24,826.8785025835165,828.5414896357992,825.0163401365489,"{""type"":""MultiPoint"",""coordinates"":[]}"
20030525,2003-05-25,827.1045733829241,828.5759218712093,825.4431830486805,"{""type"":""MultiPoint"",""coordinates"":[]}"
20030526,2003-05-26,826.2759736239667,828.3121978545082,824.2657317371122,"{""type"":""MultiPoint"",""coordinates"":[]}"
20030527,2003-05-27,824.510115862444,826.2815517524207,822.689970600125,"{""type"":""MultiPoint"",""coordinates"":[]}"
20030528,2003-05-28,824.8772862369185,826.3672499457583,822.961835385693,"{""type"":""MultiPoint"",""coordinates"":[]}"
20030529,2003-05-29,826.8321365081518,828.4193186257471,824.9355847831528,"{""type"":""MultiPoint"",""coordinates"":[]}"
20030530,2003-05-30,827.567385650865,829.0617237431167,825.7103488543543,"{""type"":""MultiPoint"",""coordinates"":[]}"
20030531,2003-05-31,827.6033628876828,829.4908897076803,825.6865162827368,"{""type"":""MultiPoint"",""coordinates"":[]}"
20030601,2003-06-01,826.3211718162905,828.0907754146226,824.414838867074,"{""type"":""MultiPoint"",""coordinates"":[]}"
20030602,2003-06-02,825.3628042816702,827.223408822284,823.3453664019207,"{""type"":""MultiPoint"",""coordinates"":[]}"
20030603,2003-06-03,825.1427058863326,826.761360168715,823.2903335616471,"{""type"":""MultiPoint"",""coordinates"":[]}"
20030604,2003-06-04,824.6138993101976,826.4478642841455,822.5898919165617,"{""type"":""MultiPoint"",""coordinates"":[]}"
20030605,2003-06-05,823.53649093495,825.2733756489337,821.6429202758972,"{""type"":""MultiPoint"",""coordinates"":[]}"
20030606,2003-06-06,823.3970547461814,824.976421077048,821.6929944946461,"{""type"":""MultiPoint"",""coordinates"":[]}"
20030607,2003-06-07,824.0355175689814,825.441286215852,822.4650245342079,"{""type"":""MultiPoint"",""coordinates"":[]}"
20030608,2003-06-08,824.8998816437122,826.3518048859385,823.2725496942786,"{""type"":""MultiPoint"",""coordinates"":[]}"
20030609,2003-06-09,825.0098344913496,826.6173359079492,823.2382121238772,"{""type"":""MultiPoint"",""coordinates"":[]}"
20030610,2003-06-10,823.8123225074083,825.5979705001313,821.8979188936996,"{""type"":""MultiPoint"",""coordinates"":[]}"
20030611,2003-06-11,823.6618695940454,825.1939248446572,821.7367066085714,"{""type"":""MultiPoint"",""coordinates"":[]}"
20030612,2003-06-12,824.3838240094896,825.8537114739995,822.4276418080527,"{""type"":""MultiPoint"",""coordinates"":[]}"
20030613,2003-06-13,825.2736046285846,826.7835837000475,823.3313307677253,"{""type"":""MultiPoint"",""coordinates"":[]}"
20030614,2003-06-14,825.5573817485136,826.9817942320022,823.6643167622807,"{""type"":""MultiPoint"",""coordinates"":[]}"
20030615,2003-06-15,824.8360542035823,826.7869898201509,822.6784663921441,"{""type"":""MultiPoint"",""coordinates"":[]}"
20030616,2003-06-16,824.5919837004438,826.0920371502458,822.7072940769348,"{""type"":""MultiPoint"",""coordinates"":[]}"
20030617,2003-06-17,825.429764974395,827.0135002507863,823.5538826799891,"{""type"":""MultiPoint"",""coordinates"":[]}"
20030618,2003-06-18,825.118733271304,826.7129918558237,823.2689346028902,"{""type"":""MultiPoint"",""coordinates"":[]}"
20030619,2003-06-19,822.7968815612979,824.7813667261267,820.7484713826805,"{""type"":""MultiPoint"",""coordinates"":[]}"
20030620,2003-06-20,821.9025266511295,823.4810384721833,820.1028978162537,"{""type"":""MultiPoint"",""coordinates"":[]}"
20030621,2003-06-21,822.2045618060885,823.6271009242155,820.6201154588209,"{""type"":""MultiPoint"",""coordinates"":[]}"
20030622,2003-06-22,823.0295485696919,824.6043806237961,821.2132231434749,"{""type"":""MultiPoint"",""coordinates"":[]}"
20030623,2003-06-23,824.1259922302501,825.5489421967353,822.3788144130882,"{""type"":""MultiPoint"",""coordinates"":[]}"
20030624,2003-06-24,824.5242702881807,826.0262440838388,822.7736086314752,"{""type"":""MultiPoint"",""coordinates"":[]}"
20030625,2003-06-25,824.242470708825,825.8588520240544,822.3928875507435,"{""type"":""MultiPoint"",""coordinates"":[]}"
20030626,2003-06-26,824.4440191408931,826.1191196230819,822.5751257490589,"{""type"":""MultiPoint"",""coordinates"":[]}"
20030627,2003-06-27,824.3959938411955,826.0314384419123,822.544573143251,"{""type"":""MultiPoint"",""coordinates"":[]}"
20030628,2003-06-28,823.7773506475924,825.232969253608,822.0185767389997,"{""type"":""MultiPoint"",""coordinates"":[]}"
20030629,2003-06-29,823.1551980598716,824.5974827946875,821.4974221640969,"{""type"":""MultiPoint"",""coordinates"":[]}"
20030630,2003-06-30,823.3325521929842,824.9785071104214,821.4055156325999,"{""type"":""MultiPoint"",""coordinates"":[]}"
20030701,2003-07-01,825.3180126427782,827.116575485801,823.2663843432574,"{""type"":""MultiPoint"",""coordinates"":[]}"
20030702,2003-07-02,827.5567826277669,829.0305739959122,825.7364227185877,"{""type"":""MultiPoint"",""coordinates"":[]}"
20030703,2003-07-03,827.1537379826325,828.8150855917552,825.2456825254156,"{""type"":""MultiPoint"",""coordinates"":[]}"
20030704,2003-07-04,826.1334070223725,827.5331586589251,824.1458589862044,"{""type"":""MultiPoint"",""coordinates"":[]}"
20030705,2003-07-05,826.652171158772,828.1912120877828,824.7142536957535,"{""type"":""MultiPoint"",""coordinates"":[]}"
20030706,2003-07-06,826.6933542957755,828.2636694579179,824.9157257249618,"{""type"":""MultiPoint"",""coordinates"":[]}"
20030707,2003-07-07,825.6150700392475,827.1808024586967,823.8663234206012,"{""type"":""MultiPoint"",""coordinates"":[]}"
20030708,2003-07-08,824.498520765469,825.9520543813946,822.7606491503738,"{""type"":""MultiPoint"",""coordinates"":[]}"
20030709,2003-07-09,824.8355230684559,826.3903968892126,823.1918489262006,"{""type"":""MultiPoint"",""coordinates"":[]}"
20030710,2003-07-10,825.1088083134852,826.6478309106012,823.4301276377819,"{""type"":""MultiPoint"",""coordinates"":[]}"
20030711,2003-07-11,824.3309929116406,825.7936008025966,822.5225708298628,"{""type"":""MultiPoint"",""coordinates"":[]}"
20030712,2003-07-12,824.7018609858304,826.2058092488071,822.890189324383,"{""type"":""MultiPoint"",""coordinates"":[]}"
20030713,2003-07-13,824.9669379424585,826.4461649190733,823.0450807331853,"{""type"":""MultiPoint"",""coordinates"":[]}"
20030714,2003-07-14,825.5154735307593,827.2314349431217,823.4422716544444,"{""type"":""MultiPoint"",""coordinates"":[]}"
20030715,2003-07-15,826.8504983946651,828.4930788143948,825.1297322541099,"{""type"":""MultiPoint"",""coordinates"":[]}"
20030716,2003-07-16,827.7006296695645,829.1735555062616,825.9262258884099,"{""type"":""MultiPoint"",""coordinates"":[]}"
20030717,2003-07-17,828.340472738892,829.9481004397747,826.451633537868,"{""type"":""MultiPoint"",""coordinates"":[]}"
20030718,2003-07-18,828.0240632685053,829.6891326828818,826.2843376838964,"{""type"":""MultiPoint"",""coordinates"":[]}"
20030719,2003-07-19,825.8415403019648,827.3853301425962,824.0794988025426,"{""type"":""MultiPoint"",""coordinates"":[]}"
20030720,2003-07-20,825.9683712599118,827.2834075087586,824.4063349718473,"{""type"":""MultiPoint"",""coordinates"":[]}"
20030721,2003-07-21,826.351536873933,827.7368942175411,824.7842428328929,"{""type"":""MultiPoint"",""coordinates"":[]}"
20030722,2003-07-22,825.4212442376307,826.9308581751199,823.6473696373776,"{""type"":""MultiPoint"",""coordinates"":[]}"
20030723,2003-07-23,824.0358521178326,825.5668705006836,822.149001880321,"{""type"":""MultiPoint"",""coordinates"":[]}"
20030724,2003-07-24,823.384670317598,824.9832674329028,821.7105986304601,"{""type"":""MultiPoint"",""coordinates"":[]}"
20030725,2003-07-25,823.3818638471173,824.9881552690055,821.466386598906,"{""type"":""MultiPoint"",""coordinates"":[]}"
20030726,2003-07-26,824.6311897133913,826.6121358655622,822.6470325189947,"{""type"":""MultiPoint"",""coordinates"":[]}"
20030727,2003-07-27,826.1250945828708,827.9979801371991,824.093045938703,"{""type"":""MultiPoint"",""coordinates"":[]}"
20030728,2003-07-28,827.0460080590584,828.8655821554252,824.9928030574861,"{""type"":""MultiPoint"",""coordinates"":[]}"
20030729,2003-07-29,826.7493736130871,828.4970237180347,824.8544361322871,"{""type"":""MultiPoint"",""coordinates"":[]}"
20030730,2003-07-30,826.054834459539,827.5908408654304,824.4281206105608,"{""type"":""MultiPoint"",""coordinates"":[]}"
20030731,2003-07-31,826.502739504154,828.0089138046635,824.8088038304622,"{""type"":""MultiPoint"",""coordinates"":[]}"
20030801,2003-08-01,827.115030692235,828.4765313857192,825.4668813338654,"{""type"":""MultiPoint"",""coordinates"":[]}"
20030802,2003-08-02,827.3356915741916,828.6107254854759,825.6178558196821,"{""type"":""MultiPoint"",""coordinates"":[]}"
20030803,2003-08-03,827.3159743122384,828.6593825150487,825.5939263556697,"{""type"":""MultiPoint"",""coordinates"":[]}"
20030804,2003-08-04,827.2843662673982,828.5682282689127,825.6662620560768,"{""type"":""MultiPoint"",""coordinates"":[]}"
20030805,2003-08-05,826.6387291704156,828.2031454525575,824.7610033726523,"{""type"":""MultiPoint"",""coordinates"":[]}"
20030806,2003-08-06,825.8695800085144,827.2689427038264,824.0515578662731,"{""type"":""MultiPoint"",""coordinates"":[]}"
20030807,2003-08-07,826.2034121357742,827.6570267142265,824.4389909227086,"{""type"":""MultiPoint"",""coordinates"":[]}"
20030808,2003-08-08,825.9912852206293,827.5099994570649,824.1869159234774,"{""type"":""MultiPoint"",""coordinates"":[]}"
20030809,2003-08-09,825.1481259112027,826.6669739514924,822.9658570657247,"{""type"":""MultiPoint"",""coordinates"":[]}"
20030810,2003-08-10,825.7452440152911,827.0670261499763,823.8995539285004,"{""type"":""MultiPoint"",""coordinates"":[]}"
20030811,2003-08-11,827.0678286058919,828.411633684482,825.3327718055015,"{""type"":""MultiPoint"",""coordinates"":[]}"
20030812,2003-08-12,826.996832070611,828.4993163455566,825.234501117606,"{""type"":""MultiPoint"",""coordinates"":[]}"
20030813,2003-08-13,826.295640860371,827.7662761472383,824.3515825857776,"{""type"":""MultiPoint"",""coordinates"":[]}"
20030814,2003-08-14,826.619458912862,827.9735260553844,825.0367111999327,"{""type"":""MultiPoint"",""coordinates"":[]}"
20030815,2003-08-15,827.0798413136499,828.4140497248789,825.2734861285816,"{""type"":""MultiPoint"",""coordinates"":[]}"
20030816,2003-08-16,828.2482866170218,829.5969388094189,826.7830966888172,"{""type"":""MultiPoint"",""coordinates"":[]}"
20030817,2003-08-17,827.6801236287724,829.2308788725925,825.9209394287725,"{""type"":""MultiPoint"",""coordinates"":[]}"
20030818,2003-08-18,826.063053353317,827.9532243285067,824.1268969423514,"{""type"":""MultiPoint"",""coordinates"":[]}"
20030819,2003-08-19,824.3966357264142,826.137146554789,822.6131935440119,"{""type"":""MultiPoint"",""coordinates"":[]}"
20030820,2003-08-20,823.7934491864074,825.315898734023,821.985740958905,"{""type"":""MultiPoint"",""coordinates"":[]}"
20030821,2003-08-21,825.6330133057248,827.3280827329135,823.5626297359111,"{""type"":""MultiPoint"",""coordinates"":[]}"
20030822,2003-08-22,827.4403108156956,829.1415780504933,825.394098057772,"{""type"":""MultiPoint"",""coordinates"":[]}"
20030823,2003-08-23,827.4428654312213,829.2107141563241,825.5537638418085,"{""type"":""MultiPoint"",""coordinates"":[]}"
20030824,2003-08-24,826.3717883195053,828.0625152360299,824.3332483849697,"{""type"":""MultiPoint"",""coordinates"":[]}"
20030825,2003-08-25,826.1834529181086,827.6597927859672,824.4374816283143,"{""type"":""MultiPoint"",""coordinates"":[]}"
20030826,2003-08-26,826.1452103236339,827.769006812264,824.1310609363603,"{""type"":""MultiPoint"",""coordinates"":[]}"
20030827,2003-08-27,826.9877410112886,828.5952034732868,825.0548856035258,"{""type"":""MultiPoint"",""coordinates"":[]}"
20030828,2003-08-28,827.6898367623872,829.284105885399,825.6723162505134,"{""type"":""MultiPoint"",""coordinates"":[]}"
20030829,2003-08-29,828.2477313447924,829.7429385786919,826.4329363676699,"{""type"":""MultiPoint"",""coordinates"":[]}"
20030830,2003-08-30,827.4274759925356,829.2282782438956,825.32417808055,"{""type"":""MultiPoint"",""coordinates"":[]}"
20030831,2003-08-31,826.9192195298883,828.457237028187,824.8931399569171,"{""type"":""MultiPoint"",""coordinates"":[]}"
20030901,2003-09-01,826.7173904853535,828.197129249499,825.1044231411948,"{""type"":""MultiPoint"",""coordinates"":[]}"
20030902,2003-09-02,826.6254665015717,828.0116258929137,825.018817399891,"{""type"":""MultiPoint"",""coordinates"":[]}"
20030903,2003-09-03,827.0550472386833,828.5121582341671,825.1993611379716,"{""type"":""MultiPoint"",""coordinates"":[]}"
20030904,2003-09-04,827.2089014086843,828.688373665937,825.4478810847539,"{""type"":""MultiPoint"",""coordinates"":[]}"
20030905,2003-09-05,827.2818953516221,828.8375507253678,825.3834965628386,"{""type"":""MultiPoint"",""coordinates"":[]}"
20030906,2003-09-06,827.6905981268735,829.1151162447064,825.9726838850225,"{""type"":""MultiPoint"",""coordinates"":[]}"
20030907,2003-09-07,827.6869388270399,829.2571555426589,825.7817658966848,"{""type"":""MultiPoint"",""coordinates"":[]}"
20030908,2003-09-08,827.3766813612954,828.8873286468893,825.4782378688097,"{""type"":""MultiPoint"",""coordinates"":[]}"
20030909,2003-09-09,827.2406761658225,828.9406643395199,825.3335052577224,"{""type"":""MultiPoint"",""coordinates"":[]}"
20030910,2003-09-10,827.1149744993222,828.6021210735352,825.2972952889997,"{""type"":""MultiPoint"",""coordinates"":[]}"
20030911,2003-09-11,827.0093528746373,828.5475588709639,825.0755473358245,"{""type"":""MultiPoint"",""coordinates"":[]}"
20030912,2003-09-12,826.9814402295239,828.4824441372776,825.0820220468399,"{""type"":""MultiPoint"",""coordinates"":[]}"
20030913,2003-09-13,827.6601241614449,829.1395269092072,825.8097226903749,"{""type"":""MultiPoint"",""coordinates"":[]}"
20030914,2003-09-14,827.9604046674716,829.5211510951862,826.213462129925,"{""type"":""MultiPoint"",""coordinates"":[]}"
20030915,2003-09-15,827.7036346793252,829.2249985309778,825.724737015529,"{""type"":""MultiPoint"",""coordinates"":[]}"
20030916,2003-09-16,828.2255834314348,829.5590679397218,826.4463675564467,"{""type"":""MultiPoint"",""coordinates"":[]}"
20030917,2003-09-17,828.9668608622698,830.3908737404909,827.0015301745416,"{""type"":""MultiPoint"",""coordinates"":[]}"
20030918,2003-09-18,830.1513188054166,831.7735420215275,828.1312956157269,"{""type"":""MultiPoint"",""coordinates"":[]}"
20030919,2003-09-19,830.4308849413799,832.0534786532269,828.3147699260426,"{""type"":""MultiPoint"",""coordinates"":[]}"
20030920,2003-09-20,830.7857361984246,832.3642096133924,828.6956566112201,"{""type"":""MultiPoint"",""coordinates"":[]}"
20030921,2003-09-21,831.2191019056145,832.9826744530384,829.3700395098514,"{""type"":""MultiPoint"",""coordinates"":[]}"
20030922,2003-09-22,830.2772065191216,832.4530682714714,827.9725376579828,"{""type"":""MultiPoint"",""coordinates"":[]}"
20030923,2003-09-23,828.9749507183765,831.0007863555276,826.6123802448478,"{""type"":""MultiPoint"",""coordinates"":[]}"
20030924,2003-09-24,828.8955091061188,830.5000906906853,826.4778621324958,"{""type"":""MultiPoint"",""coordinates"":[]}"
20030925,2003-09-25,829.9951886291724,831.6382111163531,828.0571358476622,"{""type"":""MultiPoint"",""coordinates"":[]}"
20030926,2003-09-26,829.3233666583246,831.523683577317,827.0658391080713,"{""type"":""MultiPoint"",""coordinates"":[]}"
20030927,2003-09-27,827.919452481358,829.855328929636,825.8672316362159,"{""type"":""MultiPoint"",""coordinates"":[]}"
20030928,2003-09-28,827.8416578509141,829.3423972703021,825.8676339517987,"{""type"":""MultiPoint"",""coordinates"":[]}"
20030929,2003-09-29,828.4136274221175,829.9316902276735,826.4260412426441,"{""type"":""MultiPoint"",""coordinates"":[]}"
20030930,2003-09-30,828.4959007403089,830.223045078547,826.5199683389611,"{""type"":""MultiPoint"",""coordinates"":[]}"
20031001,2003-10-01,829.0046739591714,830.6789826201408,827.0018400179804,"{""type"":""MultiPoint"",""coordinates"":[]}"
20031002,2003-10-02,829.8853373268794,831.3578161295744,827.9366978720785,"{""type"":""MultiPoint"",""coordinates"":[]}"
20031003,2003-10-03,831.1340692104562,832.8061660164968,829.2883649942687,"{""type"":""MultiPoint"",""coordinates"":[]}"
20031004,2003-10-04,830.8978115708295,832.7888002449827,829.0059311449905,"{""type"":""MultiPoint"",""coordinates"":[]}"
20031005,2003-10-05,830.2804844060958,832.1584151468322,828.3499990587685,"{""type"":""MultiPoint"",""coordinates"":[]}"
20031006,2003-10-06,829.9930665090718,831.6351364994376,828.046258785286,"{""type"":""MultiPoint"",""coordinates"":[]}"
20031007,2003-10-07,829.0792710743872,831.154746164456,827.0443352645825,"{""type"":""MultiPoint"",""coordinates"":[]}"
20031008,2003-10-08,828.4330478040259,830.4535715632397,826.4721940665354,"{""type"":""MultiPoint"",""coordinates"":[]}"
20031009,2003-10-09,827.5976767150873,829.5290211328286,825.7123657011786,"{""type"":""MultiPoint"",""coordinates"":[]}"
20031010,2003-10-10,827.1954345973246,828.6831578802905,825.4891094677856,"{""type"":""MultiPoint"",""coordinates"":[]}"
20031011,2003-10-11,828.2819013000586,829.6907053299607,826.4381693806464,"{""type"":""MultiPoint"",""coordinates"":[]}"
20031012,2003-10-12,830.057132859665,831.4005708354869,828.1704541920244,"{""type"":""MultiPoint"",""coordinates"":[]}"
20031013,2003-10-13,832.041514014639,833.2924465562237,830.3025333895572,"{""type"":""MultiPoint"",""coordinates"":[]}"
20031014,2003-10-14,832.4521982437824,834.0112170304345,830.6504650384961,"{""type"":""MultiPoint"",""coordinates"":[]}"
20031015,2003-10-15,832.6063018756936,834.2004659215542,830.9928598771118,"{""type"":""MultiPoint"",""coordinates"":[]}"
20031016,2003-10-16,832.5854322414805,834.4355837278538,830.8859776752982,"{""type"":""MultiPoint"",""coordinates"":[]}"
20031017,2003-10-17,832.0486037235764,833.9596046720997,830.2614874699618,"{""type"":""MultiPoint"",""coordinates"":[]}"
20031018,2003-10-18,831.9125401673224,833.6281068640791,830.1475953055901,"{""type"":""MultiPoint"",""coordinates"":[]}"
20031019,2003-10-19,831.9011526300154,833.5847303446236,829.9799601760119,"{""type"":""MultiPoint"",""coordinates"":[]}"
20031020,2003-10-20,831.3327309444294,833.5303301621057,829.5577734184944,"{""type"":""MultiPoint"",""coordinates"":[]}"
20031021,2003-10-21,831.2555025756914,832.7425317416671,829.3924999570361,"{""type"":""MultiPoint"",""coordinates"":[]}"
20031022,2003-10-22,832.247553006295,833.7837128185508,830.3183348771272,"{""type"":""MultiPoint"",""coordinates"":[]}"
20031023,2003-10-23,832.0889361049516,834.1136011623056,830.1784062327255,"{""type"":""MultiPoint"",""coordinates"":[]}"
20031024,2003-10-24,830.8120539797109,832.7491786286781,828.9594128893985,"{""type"":""MultiPoint"",""coordinates"":[]}"
20031025,2003-10-25,830.8021213682067,832.457385904675,829.0397013623563,"{""type"":""MultiPoint"",""coordinates"":[]}"
20031026,2003-10-26,830.9721578154071,832.4873665016642,829.1956476643027,"{""type"":""MultiPoint"",""coordinates"":[]}"
20031027,2003-10-27,833.1321195709363,834.9787875296696,830.8676933930834,"{""type"":""MultiPoint"",""coordinates"":[]}"
20031028,2003-10-28,835.334809664795,837.0526712982482,833.572186424993,"{""type"":""MultiPoint"",""coordinates"":[]}"
20031029,2003-10-29,835.144302026736,837.2990078274189,833.436917578575,"{""type"":""MultiPoint"",""coordinates"":[]}"
20031030,2003-10-30,833.1331447594513,835.4659550533686,831.1968443323397,"{""type"":""MultiPoint"",""coordinates"":[]}"
20031031,2003-10-31,831.651826267484,833.5916006478512,829.8505110733471,"{""type"":""MultiPoint"",""coordinates"":[]}"
20031101,2003-11-01,831.7623930349189,833.2837344604072,829.9494960797637,"{""type"":""MultiPoint"",""coordinates"":[]}"
20031102,2003-11-02,833.297238441722,834.8889499902193,831.4176723535949,"{""type"":""MultiPoint"",""coordinates"":[]}"
20031103,2003-11-03,833.4093903252208,835.4830146106606,831.5887509106176,"{""type"":""MultiPoint"",""coordinates"":[]}"
20031104,2003-11-04,831.9876606748618,834.3728268277223,829.7870215135463,"{""type"":""MultiPoint"",""coordinates"":[]}"
20031105,2003-11-05,830.2504206971983,832.4540498125225,828.3923942716984,"{""type"":""MultiPoint"",""coordinates"":[]}"
20031106,2003-11-06,829.7530603322698,831.7721636575009,828.058699251046,"{""type"":""MultiPoint"",""coordinates"":[]}"
20031107,2003-11-07,829.2140183001133,830.8729938106569,827.5132398659034,"{""type"":""MultiPoint"",""coordinates"":[]}"
20031108,2003-11-08,829.9915226401109,831.7456695505425,827.985702579845,"{""type"":""MultiPoint"",""coordinates"":[]}"
20031109,2003-11-09,831.2858998967068,833.0672988580635,829.3321785027947,"{""type"":""MultiPoint"",""coordinates"":[]}"
20031110,2003-11-10,832.2577966455011,834.1551209223124,830.3566708420587,"{""type"":""MultiPoint"",""coordinates"":[]}"
20031111,2003-11-11,832.7118466625676,834.5076775448225,830.8226510946706,"{""type"":""MultiPoint"",""coordinates"":[]}"
20031112,2003-11-12,832.6695340593949,834.5376685339877,830.8997386533442,"{""type"":""MultiPoint"",""coordinates"":[]}"
20031113,2003-11-13,833.1473826764119,834.679729116501,831.2973714253382,"{""type"":""MultiPoint"",""coordinates"":[]}"
20031114,2003-11-14,833.7909189551767,835.7684795612768,832.1106054284337,"{""type"":""MultiPoint"",""coordinates"":[]}"
20031115,2003-11-15,832.3950824398131,834.6627808513226,830.5788665090855,"{""type"":""MultiPoint"",""coordinates"":[]}"
20031116,2003-11-16,830.1017414998084,832.5270216738888,828.0365516168647,"{""type"":""MultiPoint"",""coordinates"":[]}"
20031117,2003-11-17,829.3075486863746,831.0320728809683,827.6222755452194,"{""type"":""MultiPoint"",""coordinates"":[]}"
20031118,2003-11-18,830.5430119465268,832.1121511630698,828.6176724286711,"{""type"":""MultiPoint"",""coordinates"":[]}"
20031119,2003-11-19,831.7352384631482,833.3890369714697,829.8925992163512,"{""type"":""MultiPoint"",""coordinates"":[]}"
20031120,2003-11-20,832.3783343537415,834.4820188967702,830.4202382146847,"{""type"":""MultiPoint"",""coordinates"":[]}"
20031121,2003-11-21,833.3284131186662,835.0348803768371,831.3931369525037,"{""type"":""MultiPoint"",""coordinates"":[]}"
20031122,2003-11-22,833.2540313572297,835.1558282450626,831.3514928262789,"{""type"":""MultiPoint"",""coordinates"":[]}"
20031123,2003-11-23,833.4725580821793,835.358172943619,831.5779574900516,"{""type"":""MultiPoint"",""coordinates"":[]}"
20031124,2003-11-24,834.8611000601254,836.7608973886707,832.9348074251966,"{""type"":""MultiPoint"",""coordinates"":[]}"
20031125,2003-11-25,834.2402784586059,836.7837528930966,831.7935771221307,"{""type"":""MultiPoint"",""coordinates"":[]}"
20031126,2003-11-26,831.4514134860095,833.7313498751439,829.7181913874996,"{""type"":""MultiPoint"",""coordinates"":[]}"
20031127,2003-11-27,830.8509561218992,832.7489024998048,829.042209149146,"{""type"":""MultiPoint"",""coordinates"":[]}"
20031128,2003-11-28,831.2771838084086,832.6958927868645,829.4263382676336,"{""type"":""MultiPoint"",""coordinates"":[]}"
20031129,2003-11-29,832.169987820554,833.9054315765513,830.509051721833,"{""type"":""MultiPoint"",""coordinates"":[]}"
20031130,2003-11-30,832.3191725666096,834.0058692504748,830.6784881914136,"{""type"":""MultiPoint"",""coordinates"":[]}"
20031201,2003-12-01,832.3296459604068,834.0349075673356,830.6921347112155,"{""type"":""MultiPoint"",""coordinates"":[]}"
20031202,2003-12-02,831.3144269329446,833.5685096798335,829.3804455783688,"{""type"":""MultiPoint"",""coordinates"":[]}"
20031203,2003-12-03,829.9135227014934,831.8588024054311,828.0980042567002,"{""type"":""MultiPoint"",""coordinates"":[]}"
20031204,2003-12-04,830.247539587924,831.7385332064055,828.3984492021352,"{""type"":""MultiPoint"",""coordinates"":[]}"
20031205,2003-12-05,831.7338898385045,833.2645046738176,830.1256232064211,"{""type"":""MultiPoint"",""coordinates"":[]}"
20031206,2003-12-06,832.0363989878264,833.7615454295994,830.2579712892203,"{""type"":""MultiPoint"",""coordinates"":[]}"
20031207,2003-12-07,832.2101814997445,834.0745612192492,830.2878519089915,"{""type"":""MultiPoint"",""coordinates"":[]}"
20031208,2003-12-08,831.7075377879024,833.8283924742503,829.9879742412237,"{""type"":""MultiPoint"",""coordinates"":[]}"
20031209,2003-12-09,831.494115944302,833.1583859276633,829.8282540390734,"{""type"":""MultiPoint"",""coordinates"":[]}"
20031210,2003-12-10,832.1704064776837,834.0576561272369,830.5798531983131,"{""type"":""MultiPoint"",""coordinates"":[]}"
20031211,2003-12-11,832.5128509635837,834.2311662296572,830.6006946353596,"{""type"":""MultiPoint"",""coordinates"":[]}"
20031212,2003-12-12,832.6784031689939,834.4704912699373,830.8657615159226,"{""type"":""MultiPoint"",""coordinates"":[]}"
20031213,2003-12-13,832.6221960308222,834.3127033950486,831.0800965882023,"{""type"":""MultiPoint"",""coordinates"":[]}"
20031214,2003-12-14,832.4935640115624,834.4531045642368,830.9146824137565,"{""type"":""MultiPoint"",""coordinates"":[]}"
20031215,2003-12-15,831.2830988120659,833.3812755576464,829.4393873471652,"{""type"":""MultiPoint"",""coordinates"":[]}"
20031216,2003-12-16,830.1759177572421,831.9357714361605,828.4360715122111,"{""type"":""MultiPoint"",""coordinates"":[]}"
20031217,2003-12-17,831.2408657514077,832.7873063739579,829.415784461468,"{""type"":""MultiPoint"",""coordinates"":[]}"
20031218,2003-12-18,832.7264075810942,834.0939704684514,831.0084854685994,"{""type"":""MultiPoint"",""coordinates"":[]}"
20031219,2003-12-19,833.375526555464,834.9414659756728,831.5737241432458,"{""type"":""MultiPoint"",""coordinates"":[]}"
20031220,2003-12-20,834.3662609948319,836.2258624435289,832.6279380737046,"{""type"":""MultiPoint"",""coordinates"":[]}"
20031221,2003-12-21,834.3194573741781,836.0289363651395,832.8149679135798,"{""type"":""MultiPoint"",""coordinates"":[]}"
20031222,2003-12-22,833.3330971892,835.4557737997993,831.7487783955602,"{""type"":""MultiPoint"",""coordinates"":[]}"
20031223,2003-12-23,832.5856309509082,834.4546314369583,830.8374727955562,"{""type"":""MultiPoint"",""coordinates"":[]}"
20031224,2003-12-24,832.0452678175384,833.8252065190461,830.5586692532928,"{""type"":""MultiPoint"",""coordinates"":[]}"
20031225,2003-12-25,831.7615952832915,833.5012005493069,830.3127698225137,"{""type"":""MultiPoint"",""coordinates"":[]}"
20031226,2003-12-26,830.8250517668969,832.387199137953,829.3517448080606,"{""type"":""MultiPoint"",""coordinates"":[]}"
20031227,2003-12-27,831.4456815387994,833.0647942140952,829.6079607988112,"{""type"":""MultiPoint"",""coordinates"":[]}"
20031228,2003-12-28,832.8134997922641,834.6354219850633,830.9693938429891,"{""type"":""MultiPoint"",""coordinates"":[]}"
20031229,2003-12-29,834.6828271758294,836.2921742260804,832.8486377650227,"{""type"":""MultiPoint"",""coordinates"":[]}"
20031230,2003-12-30,834.1721116745017,836.2000537156894,832.4518410129108,"{""type"":""MultiPoint"",""coordinates"":[]}"
20031231,2003-12-31,832.4561882400185,834.8020669750974,830.5990097067406,"{""type"":""MultiPoint"",""coordinates"":[]}"
20040101,2004-01-01,831.1478556361623,833.1086261071896,829.3613045610854,"{""type"":""MultiPoint"",""coordinates"":[]}"
20040102,2004-01-02,831.2732942792934,832.9149333502231,829.6202268548175,"{""type"":""MultiPoint"",""coordinates"":[]}"
20040103,2004-01-03,831.7537770740946,833.4490387961386,830.1848275102591,"{""type"":""MultiPoint"",""coordinates"":[]}"
20040104,2004-01-04,832.230264350301,834.0805041250617,830.188536360368,"{""type"":""MultiPoint"",""coordinates"":[]}"
20040105,2004-01-05,832.9712775804492,834.6156882285808,831.2876162055621,"{""type"":""MultiPoint"",""coordinates"":[]}"
20040106,2004-01-06,832.5824186218005,834.5245909508675,830.8231995841174,"{""type"":""MultiPoint"",""coordinates"":[]}"
20040107,2004-01-07,833.0073798694026,834.7160972564014,831.4982744867772,"{""type"":""MultiPoint"",""coordinates"":[]}"
20040108,2004-01-08,833.3785991291396,835.0738906634386,831.8202754327847,"{""type"":""MultiPoint"",""coordinates"":[]}"
20040109,2004-01-09,833.7717562211132,835.5576802548316,831.8526632393695,"{""type"":""MultiPoint"",""coordinates"":[]}"
20040110,2004-01-10,834.2054904598439,835.9275284868382,832.763605724416,"{""type"":""MultiPoint"",""coordinates"":[]}"
20040111,2004-01-11,833.0771124530502,835.295538169546,831.2651031982646,"{""type"":""MultiPoint"",""coordinates"":[]}"
20040112,2004-01-12,831.3288226187889,833.6573267575686,829.3037650491062,"{""type"":""MultiPoint"",""coordinates"":[]}"
20040113,2004-01-13,828.7940227638837,831.4512361768865,826.7558467851451,"{""type"":""MultiPoint"",""coordinates"":[]}"
20040114,2004-01-14,828.4457143421429,830.1334265035366,826.3734954284344,"{""type"":""MultiPoint"",""coordinates"":[]}"
20040115,2004-01-15,830.5027163421538,832.0437071883977,828.5511785232969,"{""type"":""MultiPoint"",""coordinates"":[]}"
20040116,2004-01-16,830.4750308429234,833.0297314274356,828.3537209490918,"{""type"":""MultiPoint"",""coordinates"":[]}"
20040117,2004-01-17,828.9358558512254,830.8175163506118,827.0720623395952,"{""type"":""MultiPoint"",""coordinates"":[]}"
20040118,2004-01-18,828.7821757164858,830.9102735663356,826.8447529086529,"{""type"":""MultiPoint"",""coordinates"":[]}"
20040119,2004-01-19,828.9309005695493,830.6619039868314,827.0337032361513,"{""type"":""MultiPoint"",""coordinates"":[]}"
20040120,2004-01-20,829.391542719018,831.2623952405896,827.5246652869333,"{""type"":""MultiPoint"",""coordinates"":[]}"
20040121,2004-01-21,828.1570888514254,830.2342656693871,826.3291129999743,"{""type"":""MultiPoint"",""coordinates"":[]}"
20040122,2004-01-22,828.492090881953,830.434888723024,826.5482403280627,"{""type"":""MultiPoint"",""coordinates"":[]}"
20040123,2004-01-23,828.7251068169068,830.836841900325,826.6494473347412,"{""type"":""MultiPoint"",""coordinates"":[]}"
20040124,2004-01-24,828.5814838544145,830.7271300181858,826.8725038042735,"{""type"":""MultiPoint"",""coordinates"":[]}"
20040125,2004-01-25,828.6483716257023,830.466768757054,826.8991959720886,"{""type"":""MultiPoint"",""coordinates"":[]}"
20040126,2004-01-26,828.772766441521,830.3380923568236,827.2120863528061,"{""type"":""MultiPoint"",""coordinates"":[]}"
20040127,2004-01-27,828.4846607645618,830.6047555757245,826.7562483041662,"{""type"":""MultiPoint"",""coordinates"":[]}"
20040128,2004-01-28,827.642002659131,829.7654464412209,825.780950452275,"{""type"":""MultiPoint"",""coordinates"":[]}"
20040129,2004-01-29,827.6153551176856,829.5041111142791,825.8641252595063,"{""type"":""MultiPoint"",""coordinates"":[]}"
20040130,2004-01-30,827.2559934860435,829.068768837353,825.6002133897955,"{""type"":""MultiPoint"",""coordinates"":[]}"
20040131,2004-01-31,827.2749345864374,828.9899150225739,825.4172141597185,"{""type"":""MultiPoint"",""coordinates"":[]}"
20040201,2004-02-01,827.9243053541308,829.7196509637341,826.1811758668348,"{""type"":""MultiPoint"",""coordinates"":[]}"
20040202,2004-02-02,829.004236088078,830.6651522009864,827.2652794667407,"{""type"":""MultiPoint"",""coordinates"":[]}"
20040203,2004-02-03,828.7947630875569,830.9039517901833,826.8386867679704,"{""type"":""MultiPoint"",""coordinates"":[]}"
20040204,2004-02-04,828.0380040978337,829.8828304241164,826.4093805157015,"{""type"":""MultiPoint"",""coordinates"":[]}"
20040205,2004-02-05,828.3357482347487,829.9641209520858,826.4934679021147,"{""type"":""MultiPoint"",""coordinates"":[]}"
20040206,2004-02-06,829.9802767897672,831.8932988267716,827.7162517768713,"{""type"":""MultiPoint"",""coordinates"":[]}"
20040207,2004-02-07,832.6502030074306,834.3497971574019,830.5629993502153,"{""type"":""MultiPoint"",""coordinates"":[]}"
20040208,2004-02-08,832.3143429077045,834.4571736524545,830.3679325179237,"{""type"":""MultiPoint"",""coordinates"":[]}"
20040209,2004-02-09,831.5746318537066,833.4737824891621,829.521200834653,"{""type"":""MultiPoint"",""coordinates"":[]}"
20040210,2004-02-10,832.8816222729766,834.8034928297473,830.6989710733882,"{""type"":""MultiPoint"",""coordinates"":[]}"
20040211,2004-02-11,834.3050507919362,836.0401783391814,832.4194842204529,"{""type"":""MultiPoint"",""coordinates"":[]}"
20040212,2004-02-12,834.6992523795101,836.6615119320492,832.8337390238781,"{""type"":""MultiPoint"",""coordinates"":[]}"
20040213,2004-02-13,832.984542065664,835.3382844555166,830.6935458238798,"{""type"":""MultiPoint"",""coordinates"":[]}"
20040214,2004-02-14,830.6941121711906,832.9705944792346,828.8249022978268,"{""type"":""MultiPoint"",""coordinates"":[]}"
20040215,2004-02-15,830.9711324691591,832.8567059896487,828.906857567791,"{""type"":""MultiPoint"",""coordinates"":[]}"
20040216,2004-02-16,831.7972625621803,833.8342652252866,829.7145249831101,"{""type"":""MultiPoint"",""coordinates"":[]}"
20040217,2004-02-17,829.1965995744824,832.2945662003997,826.4589324596724,"{""type"":""MultiPoint"",""coordinates"":[]}"
20040218,2004-02-18,826.6785271664111,829.0146565179921,824.5413723757546,"{""type"":""MultiPoint"",""coordinates"":[]}"
20040219,2004-02-19,827.5010694982819,829.3877222363574,825.3142711696565,"{""type"":""MultiPoint"",""coordinates"":[]}"
20040220,2004-02-20,829.9777829177128,831.7311435236865,828.0191705736783,"{""type"":""MultiPoint"",""coordinates"":[]}"
20040221,2004-02-21,831.1072357907809,833.2083659635477,829.1172189851857,"{""type"":""MultiPoint"",""coordinates"":[]}"
20040222,2004-02-22,829.8872412306418,831.9850751248641,827.8836937904553,"{""type"":""MultiPoint"",""coordinates"":[]}"
20040223,2004-02-23,830.351321579322,831.9346179173328,828.3740229181888,"{""type"":""MultiPoint"",""coordinates"":[]}"
20040224,2004-02-24,831.6548443367279,833.4824856668844,829.7572964286416,"{""type"":""MultiPoint"",""coordinates"":[]}"
20040225,2004-02-25,830.8699263502573,833.1164767984045,829.0537846345593,"{""type"":""MultiPoint"",""coordinates"":[]}"
20040226,2004-02-26,829.1254980460635,831.4557577458041,827.0763376712551,"{""type"":""MultiPoint"",""coordinates"":[]}"
20040227,2004-02-27,828.1783266629801,830.1702709680936,826.2490418280966,"{""type"":""MultiPoint"",""coordinates"":[]}"
20040228,2004-02-28,827.8176150718293,829.5719839589267,826.0836197590803,"{""type"":""MultiPoint"",""coordinates"":[]}"
20040229,2004-02-29,828.3502348488593,830.2072993231365,826.4684022002469,"{""type"":""MultiPoint"",""coordinates"":[]}"
20040301,2004-03-01,828.5850324538442,830.4967204380181,826.6458762897624,"{""type"":""MultiPoint"",""coordinates"":[]}"
20040302,2004-03-02,828.953939780895,831.0081951094603,827.070922386327,"{""type"":""MultiPoint"",""coordinates"":[]}"
20040303,2004-03-03,829.0988097914332,830.8624237648698,827.2840019264679,"{""type"":""MultiPoint"",""coordinates"":[]}"
20040304,2004-03-04,829.2333836328902,831.212110694299,827.3301382525883,"{""type"":""MultiPoint"",""coordinates"":[]}"
20040305,2004-03-05,828.9829945261422,830.8281445501137,827.1155279842892,"{""type"":""MultiPoint"",""coordinates"":[]}"
20040306,2004-03-06,829.9339212675778,832.0188077265491,827.829749158878,"{""type"":""MultiPoint"",""coordinates"":[]}"
20040307,2004-03-07,833.073902123536,835.3564823308914,829.8859463650303,"{""type"":""MultiPoint"",""coordinates"":[]}"
20040308,2004-03-08,835.5212290614747,837.3835797442523,833.4181089223445,"{""type"":""MultiPoint"",""coordinates"":[]}"
20040309,2004-03-09,833.0534124288216,836.2755625767306,830.3087283673335,"{""type"":""MultiPoint"",""coordinates"":[]}"
20040310,2004-03-10,829.8287233974518,832.2911292542228,827.6755015098748,"{""type"":""MultiPoint"",""coordinates"":[]}"
20040311,2004-03-11,829.6096320703895,831.4885352170052,827.5974953297606,"{""type"":""MultiPoint"",""coordinates"":[]}"
20040312,2004-03-12,830.6681155715407,832.5861308386749,828.5529356149738,"{""type"":""MultiPoint"",""coordinates"":[]}"
20040313,2004-03-13,831.7549912940177,833.5761845444006,829.9313842857429,"{""type"":""MultiPoint"",""coordinates"":[]}"
20040314,2004-03-14,831.3530371504944,833.7200583550238,829.4281034007882,"{""type"":""MultiPoint"",""coordinates"":[]}"
20040315,2004-03-15,830.2969418383377,832.6260974394195,828.296544967881,"{""type"":""MultiPoint"",""coordinates"":[]}"
20040316,2004-03-16,829.2846744025871,831.4834180210435,827.160910832591,"{""type"":""MultiPoint"",""coordinates"":[]}"
20040317,2004-03-17,829.4563610692134,831.3556415509153,827.5197761483297,"{""type"":""MultiPoint"",""coordinates"":[]}"
20040318,2004-03-18,829.322083998013,831.6365497262998,827.321835529243,"{""type"":""MultiPoint"",""coordinates"":[]}"
20040319,2004-03-19,827.424117372147,830.1427051712097,824.9985998233138,"{""type"":""MultiPoint"",""coordinates"":[]}"
20040320,2004-03-20,825.8125292627268,828.0728960242488,823.4491518355338,"{""type"":""MultiPoint"",""coordinates"":[]}"
20040321,2004-03-21,826.0547233017181,827.9739310170069,824.0653538265414,"{""type"":""MultiPoint"",""coordinates"":[]}"
20040322,2004-03-22,826.1601084108831,828.2777374686929,824.1213067679131,"{""type"":""MultiPoint"",""coordinates"":[]}"
20040323,2004-03-23,826.1556317878203,828.0077332963016,824.2335733275679,"{""type"":""MultiPoint"",""coordinates"":[]}"
20040324,2004-03-24,825.9842987660458,828.0096212544207,824.0808833124229,"{""type"":""MultiPoint"",""coordinates"":[]}"
20040325,2004-03-25,825.9264318870761,827.6234601981434,824.001749763596,"{""type"":""MultiPoint"",""coordinates"":[]}"
20040326,2004-03-26,827.8631382750791,829.5167789685878,825.6945051376498,"{""type"":""MultiPoint"",""coordinates"":[]}"
20040327,2004-03-27,829.6625123002416,831.4729406939167,827.7404960755504,"{""type"":""MultiPoint"",""coordinates"":[]}"
20040328,2004-03-28,829.3822916266142,831.5491982948809,827.4151763324686,"{""type"":""MultiPoint"",""coordinates"":[]}"
20040329,2004-03-29,828.8335654071542,830.6927144184808,826.808824569365,"{""type"":""MultiPoint"",""coordinates"":[]}"
20040330,2004-03-30,828.918724979233,830.6745610074462,827.0169922588144,"{""type"":""MultiPoint"",""coordinates"":[]}"
20040331,2004-03-31,829.8608400642835,831.7154313602138,827.518251288914,"{""type"":""MultiPoint"",""coordinates"":[]}"
20040401,2004-04-01,830.5161527091051,832.5510466903277,828.4305959048637,"{""type"":""MultiPoint"",""coordinates"":[]}"
20040402,2004-04-02,829.865530478088,832.0967468095685,827.6693933129887,"{""type"":""MultiPoint"",""coordinates"":[]}"
20040403,2004-04-03,830.3841967744389,832.1227942720371,828.3322676598068,"{""type"":""MultiPoint"",""coordinates"":[]}"
20040404,2004-04-04,831.1050670849368,833.2095072230172,829.0582368457133,"{""type"":""MultiPoint"",""coordinates"":[]}"
20040405,2004-04-05,829.5177684715886,831.5278325561532,827.2979915663359,"{""type"":""MultiPoint"",""coordinates"":[]}"
20040406,2004-04-06,828.8940800505893,830.9596523469099,826.5830389080116,"{""type"":""MultiPoint"",""coordinates"":[]}"
20040407,2004-04-07,828.2894563219996,830.1976806254847,826.1703516375942,"{""type"":""MultiPoint"",""coordinates"":[]}"
20040408,2004-04-08,827.1174528666843,829.4302163784042,824.8498626335269,"{""type"":""MultiPoint"",""coordinates"":[]}"
20040409,2004-04-09,826.2390949671608,827.9857882884933,824.1767237248229,"{""type"":""MultiPoint"",""coordinates"":[]}"
20040410,2004-04-10,827.5930538159388,829.3108410578272,825.4725854365147,"{""type"":""MultiPoint"",""coordinates"":[]}"
20040411,2004-04-11,827.9951985523958,829.9927644833942,825.9982323879665,"{""type"":""MultiPoint"",""coordinates"":[]}"
20040412,2004-04-12,826.5112573542398,828.7926300309296,824.4319527351297,"{""type"":""MultiPoint"",""coordinates"":[]}"
20040413,2004-04-13,825.0343929871011,826.98827442464,822.9821980914295,"{""type"":""MultiPoint"",""coordinates"":[]}"
20040414,2004-04-14,824.7350969693251,826.7322344657321,822.7495523298575,"{""type"":""MultiPoint"",""coordinates"":[]}"
20040415,2004-04-15,824.766482021721,826.7372111469176,822.6639775342403,"{""type"":""MultiPoint"",""coordinates"":[]}"
20040416,2004-04-16,824.9950189437591,827.0930051220971,822.918289330579,"{""type"":""MultiPoint"",""coordinates"":[]}"
20040417,2004-04-17,824.7948938182977,826.6534852251946,822.9033634168767,"{""type"":""MultiPoint"",""coordinates"":[]}"
20040418,2004-04-18,825.3938421992048,827.2948165362134,823.2761452887356,"{""type"":""MultiPoint"",""coordinates"":[]}"
20040419,2004-04-19,828.1353022875726,830.1476275198164,825.7542869940405,"{""type"":""MultiPoint"",""coordinates"":[]}"
20040420,2004-04-20,829.9853226362391,831.8836200430692,827.9791869024663,"{""type"":""MultiPoint"",""coordinates"":[]}"
20040421,2004-04-21,827.9837218643659,830.6801514928807,825.6594106627476,"{""type"":""MultiPoint"",""coordinates"":[]}"
20040422,2004-04-22,826.1560153190673,827.9917943527371,823.9455541927161,"{""type"":""MultiPoint"",""coordinates"":[]}"
20040423,2004-04-23,826.4406355117906,828.1662066467339,824.431698014884,"{""type"":""MultiPoint"",""coordinates"":[]}"
20040424,2004-04-24,827.9231653112638,829.7174562984396,825.6929806371845,"{""type"":""MultiPoint"",""coordinates"":[]}"
20040425,2004-04-25,829.1477216322884,830.885375383986,826.8506806195227,"{""type"":""MultiPoint"",""coordinates"":[]}"
20040426,2004-04-26,829.0402186415794,831.2260200941444,826.8009051842367,"{""type"":""MultiPoint"",""coordinates"":[]}"
20040427,2004-04-27,827.5895464565659,829.8562245754847,825.4235971982281,"{""type"":""MultiPoint"",""coordinates"":[]}"
20040428,2004-04-28,826.3218846680472,828.265641688907,824.2458422694087,"{""type"":""MultiPoint"",""coordinates"":[]}"
20040429,2004-04-29,825.5354908253972,827.9151004765987,823.1515348771862,"{""type"":""MultiPoint"",""coordinates"":[]}"
20040430,2004-04-30,825.6211798447994,827.5730601039647,823.4680572226124,"{""type"":""MultiPoint"",""coordinates"":[]}"
20040501,2004-05-01,826.175851924356,828.190408133642,823.8675852943622,"{""type"":""MultiPoint"",""coordinates"":[]}"
20040502,2004-05-02,826.9442764705462,828.8105534216825,824.8782936845229,"{""type"":""MultiPoint"",""coordinates"":[]}"
20040503,2004-05-03,827.7391279614726,829.5605251783362,825.7933285666168,"{""type"":""MultiPoint"",""coordinates"":[]}"
20040504,2004-05-04,827.2356096882983,829.2128068032683,825.1468764799453,"{""type"":""MultiPoint"",""coordinates"":[]}"
20040505,2004-05-05,826.9476507883641,828.8666237132919,824.7815845438886,"{""type"":""MultiPoint"",""coordinates"":[]}"
20040506,2004-05-06,827.5363691813293,829.2592589586401,825.4104911387847,"{""type"":""MultiPoint"",""coordinates"":[]}"
20040507,2004-05-07,827.55146849463,829.6331139813367,825.4017384809976,"{""type"":""MultiPoint"",""coordinates"":[]}"
20040508,2004-05-08,826.6545685534255,828.547544616613,824.6769936415398,"{""type"":""MultiPoint"",""coordinates"":[]}"
20040509,2004-05-09,826.5429451569441,828.2474863881085,824.5171570322385,"{""type"":""MultiPoint"",""coordinates"":[]}"
20040510,2004-05-10,826.3168702758392,828.2636053031449,824.269440064307,"{""type"":""MultiPoint"",""coordinates"":[]}"
20040511,2004-05-11,825.3990307457093,827.2121248839632,823.3305539613767,"{""type"":""MultiPoint"",""coordinates"":[]}"
20040512,2004-05-12,823.7256940509687,825.8041866681643,821.6345697083714,"{""type"":""MultiPoint"",""coordinates"":[]}"
20040513,2004-05-13,823.7771665622255,825.4518440240828,821.696667013187,"{""type"":""MultiPoint"",""coordinates"":[]}"
20040514,2004-05-14,824.862496575209,826.5076524487105,823.0291979977123,"{""type"":""MultiPoint"",""coordinates"":[]}"
20040515,2004-05-15,825.5727045443576,827.0928279710828,823.6669509184992,"{""type"":""MultiPoint"",""coordinates"":[]}"
20040516,2004-05-16,826.329569100194,827.8934553185214,824.400733187327,"{""type"":""MultiPoint"",""coordinates"":[]}"
20040517,2004-05-17,825.8882189788501,827.7212403810021,823.9681861631249,"{""type"":""MultiPoint"",""coordinates"":[]}"
20040518,2004-05-18,823.8827174503479,826.1677047596222,821.5046073293282,"{""type"":""MultiPoint"",""coordinates"":[]}"
20040519,2004-05-19,821.383888470149,823.311036385813,819.170378844748,"{""type"":""MultiPoint"",""coordinates"":[]}"
20040520,2004-05-20,822.1481913270335,823.6963598812438,820.2226469123024,"{""type"":""MultiPoint"",""coordinates"":[]}"
20040521,2004-05-21,822.9412023724591,824.5785225498503,821.0779008608084,"{""type"":""MultiPoint"",""coordinates"":[]}"
20040522,2004-05-22,823.4312635699024,824.9826105413108,821.5162135569693,"{""type"":""MultiPoint"",""coordinates"":[]}"
20040523,2004-05-23,824.5858400633712,826.2713694051369,822.4191796610753,"{""type"":""MultiPoint"",""coordinates"":[]}"
20040524,2004-05-24,825.9562041481087,827.4883788618689,823.8934127998734,"{""type"":""MultiPoint"",""coordinates"":[]}"
20040525,2004-05-25,826.2076490933588,827.8438847539283,824.1632372116836,"{""type"":""MultiPoint"",""coordinates"":[]}"
20040526,2004-05-26,827.2693782607395,828.7837680340959,825.327415428028,"{""type"":""MultiPoint"",""coordinates"":[]}"
20040527,2004-05-27,828.1223611723705,829.7858745035165,825.9700479562722,"{""type"":""MultiPoint"",""coordinates"":[]}"
20040528,2004-05-28,828.0600710251932,830.1836446900255,825.8230019390663,"{""type"":""MultiPoint"",""coordinates"":[]}"
20040529,2004-05-29,827.4201534319287,829.235562028629,825.5125892657037,"{""type"":""MultiPoint"",""coordinates"":[]}"
20040530,2004-05-30,827.680180767847,829.3784608382058,825.6947305752997,"{""type"":""MultiPoint"",""coordinates"":[]}"
20040531,2004-05-31,827.8854078033097,829.750476611797,825.7875392214,"{""type"":""MultiPoint"",""coordinates"":[]}"
20040601,2004-06-01,827.7158191803771,829.3875214863732,825.7092080730113,"{""type"":""MultiPoint"",""coordinates"":[]}"
20040602,2004-06-02,827.0887248967365,829.1743465657091,824.8813414190091,"{""type"":""MultiPoint"",""coordinates"":[]}"
20040603,2004-06-03,826.166043897299,827.9592653181289,824.0436172059352,"{""type"":""MultiPoint"",""coordinates"":[]}"
20040604,2004-06-04,826.5038959291032,828.1394761595582,824.4237201261541,"{""type"":""MultiPoint"",""coordinates"":[]}"
20040605,2004-06-05,826.748048654473,828.4866335764824,824.7020866053832,"{""type"":""MultiPoint"",""coordinates"":[]}"
20040606,2004-06-06,826.7542948253551,828.250581706526,824.7234308949127,"{""type"":""MultiPoint"",""coordinates"":[]}"
20040607,2004-06-07,826.391784647469,828.0942005339648,824.1882742832639,"{""type"":""MultiPoint"",""coordinates"":[]}"
20040608,2004-06-08,826.3410414272988,827.908875535602,824.2007442799901,"{""type"":""MultiPoint"",""coordinates"":[]}"
20040609,2004-06-09,826.7716569072221,828.4176006143384,824.8944983167324,"{""type"":""MultiPoint"",""coordinates"":[]}"
20040610,2004-06-10,825.8382855661057,827.4560161665036,823.9384720395212,"{""type"":""MultiPoint"",""coordinates"":[]}"
20040611,2004-06-11,826.2040327985029,827.7402759389996,824.2552132455044,"{""type"":""MultiPoint"",""coordinates"":[]}"
20040612,2004-06-12,826.7017986114339,828.3210894163789,824.8241184708843,"{""type"":""MultiPoint"",""coordinates"":[]}"
20040613,2004-06-13,825.9058656725898,827.648866782734,823.9399531920045,"{""type"":""MultiPoint"",""coordinates"":[]}"
20040614,2004-06-14,824.7053946250138,826.5380688783835,822.533052444953,"{""type"":""MultiPoint"",""coordinates"":[]}"
20040615,2004-06-15,824.3191939985214,826.1901625084707,822.2151214890963,"{""type"":""MultiPoint"",""coordinates"":[]}"
20040616,2004-06-16,823.1062570434292,825.1237213400034,821.0475124668872,"{""type"":""MultiPoint"",""coordinates"":[]}"
20040617,2004-06-17,822.3218452135468,823.9880043593284,820.4315773118542,"{""type"":""MultiPoint"",""coordinates"":[]}"
20040618,2004-06-18,822.8598827694611,824.4143177313857,821.0941890485554,"{""type"":""MultiPoint"",""coordinates"":[]}"
20040619,2004-06-19,822.8054857117415,824.1244221105139,821.075579061691,"{""type"":""MultiPoint"",""coordinates"":[]}"
20040620,2004-06-20,823.802492293091,825.2439163697745,822.2226327479951,"{""type"":""MultiPoint"",""coordinates"":[]}"
20040621,2004-06-21,824.4017433348164,825.9381467247712,822.7897950504517,"{""type"":""MultiPoint"",""coordinates"":[]}"
20040622,2004-06-22,824.824852900299,826.2674590062251,823.3195691505433,"{""type"":""MultiPoint"",""coordinates"":[]}"
20040623,2004-06-23,823.3694064953395,824.9765793056819,821.4830636120579,"{""type"":""MultiPoint"",""coordinates"":[]}"
20040624,2004-06-24,824.5701093076116,826.2754268585861,822.7825187016524,"{""type"":""MultiPoint"",""coordinates"":[]}"
20040625,2004-06-25,825.2539712844302,826.6287492303431,823.5906499306631,"{""type"":""MultiPoint"",""coordinates"":[]}"
20040626,2004-06-26,825.4404678060523,826.7099829598633,823.7398352325291,"{""type"":""MultiPoint"",""coordinates"":[]}"
20040627,2004-06-27,825.88406546789,827.314884796092,824.0493864311909,"{""type"":""MultiPoint"",""coordinates"":[]}"
20040628,2004-06-28,826.5121348658622,827.8105783929543,824.8171315625782,"{""type"":""MultiPoint"",""coordinates"":[]}"
20040629,2004-06-29,825.8738304906822,827.6101835310334,824.1160770578782,"{""type"":""MultiPoint"",""coordinates"":[]}"
20040630,2004-06-30,825.3078761219376,826.6471697289204,823.5902675131783,"{""type"":""MultiPoint"",""coordinates"":[]}"
20040701,2004-07-01,825.6299268894327,827.1256575807649,823.7629839298631,"{""type"":""MultiPoint"",""coordinates"":[]}"
20040702,2004-07-02,824.9392897539889,826.4839257261204,822.9908028618158,"{""type"":""MultiPoint"",""coordinates"":[]}"
20040703,2004-07-03,825.0974765966221,826.6212643137713,823.1927375695626,"{""type"":""MultiPoint"",""coordinates"":[]}"
20040704,2004-07-04,825.8618843095629,827.2656574575255,823.9637909292506,"{""type"":""MultiPoint"",""coordinates"":[]}"
20040705,2004-07-05,825.8446759179831,827.4135305152844,823.7904197475768,"{""type"":""MultiPoint"",""coordinates"":[]}"
20040706,2004-07-06,825.7769474580688,827.3643841260174,823.8053227193041,"{""type"":""MultiPoint"",""coordinates"":[]}"
20040707,2004-07-07,825.9670308398149,827.3687307215183,824.3736561122774,"{""type"":""MultiPoint"",""coordinates"":[]}"
20040708,2004-07-08,825.8877395749512,827.2722928269849,824.142923157508,"{""type"":""MultiPoint"",""coordinates"":[]}"
20040709,2004-07-09,825.1430169279234,826.6062796513137,823.545480580096,"{""type"":""MultiPoint"",""coordinates"":[]}"
20040710,2004-07-10,824.2537055811756,825.7553531645748,822.5655380595681,"{""type"":""MultiPoint"",""coordinates"":[]}"
20040711,2004-07-11,824.7514492278606,826.2227645927692,823.1198286261827,"{""type"":""MultiPoint"",""coordinates"":[]}"
20040712,2004-07-12,825.5545180137879,826.9626648876321,823.9821630200478,"{""type"":""MultiPoint"",""coordinates"":[]}"
20040713,2004-07-13,825.3830623277587,826.9465211226676,823.7394266561696,"{""type"":""MultiPoint"",""coordinates"":[]}"
20040714,2004-07-14,824.0835621918682,825.7333927935372,822.0463923109206,"{""type"":""MultiPoint"",""coordinates"":[]}"
20040715,2004-07-15,824.5173933431212,826.1260497626657,822.6916401043412,"{""type"":""MultiPoint"",""coordinates"":[]}"
20040716,2004-07-16,825.5162446018114,826.8985795853381,823.7628795927341,"{""type"":""MultiPoint"",""coordinates"":[]}"
20040717,2004-07-17,825.3511959169115,826.7844904398721,823.5346464428839,"{""type"":""MultiPoint"",""coordinates"":[]}"
20040718,2004-07-18,823.9220601659886,825.5913245778868,822.0221128430461,"{""type"":""MultiPoint"",""coordinates"":[]}"
20040719,2004-07-19,822.9859837204672,824.3894618002957,821.2548182139271,"{""type"":""MultiPoint"",""coordinates"":[]}"
20040720,2004-07-20,823.2535372538712,824.7000807391094,821.4635170067792,"{""type"":""MultiPoint"",""coordinates"":[]}"
20040721,2004-07-21,824.4841076840646,826.0984254648308,822.7930378955607,"{""type"":""MultiPoint"",""coordinates"":[]}"
20040722,2004-07-22,825.9672203713861,827.5794373415339,824.1893624897526,"{""type"":""MultiPoint"",""coordinates"":[]}"
20040723,2004-07-23,826.6115767257909,828.1548110322813,824.8154927523201,"{""type"":""MultiPoint"",""coordinates"":[]}"
20040724,2004-07-24,826.0405259366275,827.5424751431484,824.2023024223364,"{""type"":""MultiPoint"",""coordinates"":[]}"
20040725,2004-07-25,825.705481079817,827.3525800827291,823.7360570592525,"{""type"":""MultiPoint"",""coordinates"":[]}"
20040726,2004-07-26,825.307431002296,826.8004532586124,823.3651383262594,"{""type"":""MultiPoint"",""coordinates"":[]}"
20040727,2004-07-27,825.2843445897571,826.7467918463202,823.4412362285545,"{""type"":""MultiPoint"",""coordinates"":[]}"
20040728,2004-07-28,825.4852980413766,826.8972078666811,823.6528603708119,"{""type"":""MultiPoint"",""coordinates"":[]}"
20040729,2004-07-29,826.4056677113888,827.9573677743246,824.661285389933,"{""type"":""MultiPoint"",""coordinates"":[]}"
20040730,2004-07-30,826.6105438667079,828.3167716617397,824.6410605925508,"{""type"":""MultiPoint"",""coordinates"":[]}"
20040731,2004-07-31,825.8117074975356,827.5710484441047,823.8793672985435,"{""type"":""MultiPoint"",""coordinates"":[]}"
20040801,2004-08-01,824.198157029738,826.0248330150234,822.150633045172,"{""type"":""MultiPoint"",""coordinates"":[]}"
20040802,2004-08-02,823.5714740556905,825.0148995586225,821.7364784915463,"{""type"":""MultiPoint"",""coordinates"":[]}"
20040803,2004-08-03,823.4402786473479,825.0181037018208,821.4658710448361,"{""type"":""MultiPoint"",""coordinates"":[]}"
20040804,2004-08-04,823.6931058990998,825.1841007475118,821.6537412276946,"{""type"":""MultiPoint"",""coordinates"":[]}"
20040805,2004-08-05,824.9447193810693,826.5362951293608,823.0966116932955,"{""type"":""MultiPoint"",""coordinates"":[]}"
20040806,2004-08-06,825.5850527856057,827.1979019407297,823.6464293975602,"{""type"":""MultiPoint"",""coordinates"":[]}"
20040807,2004-08-07,825.6036633516676,827.1230793086818,823.8588162966174,"{""type"":""MultiPoint"",""coordinates"":[]}"
20040808,2004-08-08,825.443981901898,826.9676793042333,823.5705805969743,"{""type"":""MultiPoint"",""coordinates"":[]}"
20040809,2004-08-09,825.6564081930268,827.1604320979536,823.8804301450311,"{""type"":""MultiPoint"",""coordinates"":[]}"
20040810,2004-08-10,825.8643635218244,827.3820989709949,824.1088507726589,"{""type"":""MultiPoint"",""coordinates"":[]}"
20040811,2004-08-11,825.6743779526324,827.054850891194,823.8961458791027,"{""type"":""MultiPoint"",""coordinates"":[]}"
20040812,2004-08-12,826.2858891868203,827.8013439307915,824.3783953820159,"{""type"":""MultiPoint"",""coordinates"":[]}"
20040813,2004-08-13,827.0143200690121,828.5426269349318,825.0791148512451,"{""type"":""MultiPoint"",""coordinates"":[]}"
20040814,2004-08-14,826.8527659214417,828.4608526358902,824.9070140445564,"{""type"":""MultiPoint"",""coordinates"":[]}"
20040815,2004-08-15,826.2509876314767,827.7743348542534,824.413697292398,"{""type"":""MultiPoint"",""coordinates"":[]}"
20040816,2004-08-16,826.2608400044152,827.8445744517657,824.2969931394573,"{""type"":""MultiPoint"",""coordinates"":[]}"
20040817,2004-08-17,827.4330174754597,829.0113988974545,825.4865283225986,"{""type"":""MultiPoint"",""coordinates"":[]}"
20040818,2004-08-18,827.0599722579376,828.7748755270555,825.0872540407254,"{""type"":""MultiPoint"",""coordinates"":[]}"
20040819,2004-08-19,825.1046979453035,826.9495815546704,823.0178786707864,"{""type"":""MultiPoint"",""coordinates"":[]}"
20040820,2004-08-20,824.9371806833209,826.4155459400354,823.0237100833086,"{""type"":""MultiPoint"",""coordinates"":[]}"
20040821,2004-08-21,826.2670289140375,827.7470747918586,824.3626966904211,"{""type"":""MultiPoint"",""coordinates"":[]}"
20040822,2004-08-22,827.4974316053822,828.9482049795488,825.7961902275267,"{""type"":""MultiPoint"",""coordinates"":[]}"
20040823,2004-08-23,827.798973162977,829.2790378331116,825.9244564629415,"{""type"":""MultiPoint"",""coordinates"":[]}"
20040824,2004-08-24,827.8675846160456,829.4164607245875,825.9648010606937,"{""type"":""MultiPoint"",""coordinates"":[]}"
20040825,2004-08-25,827.1455932064961,828.9991786388036,825.2412658657086,"{""type"":""MultiPoint"",""coordinates"":[]}"
20040826,2004-08-26,825.4641169142068,827.1364690546144,823.5779639039959,"{""type"":""MultiPoint"",""coordinates"":[]}"
20040827,2004-08-27,825.2440651225284,826.6415064514357,823.3976228946071,"{""type"":""MultiPoint"",""coordinates"":[]}"
20040828,2004-08-28,826.346527208812,827.7421688161569,824.6136279279201,"{""type"":""MultiPoint"",""coordinates"":[]}"
20040829,2004-08-29,826.5280689346245,828.1647971094993,824.6927279146103,"{""type"":""MultiPoint"",""coordinates"":[]}"
20040830,2004-08-30,826.6815417610477,828.0936712869224,824.9946916326705,"{""type"":""MultiPoint"",""coordinates"":[]}"
20040831,2004-08-31,826.5028656703306,828.0489099982896,824.697949742211,"{""type"":""MultiPoint"",""coordinates"":[]}"
20040901,2004-09-01,826.9265516192606,828.3241603848211,824.9640330837342,"{""type"":""MultiPoint"",""coordinates"":[]}"
20040902,2004-09-02,828.7060398635501,830.070446295328,826.8086378700159,"{""type"":""MultiPoint"",""coordinates"":[]}"
20040903,2004-09-03,829.3015730468888,831.0479165776384,827.5052238236617,"{""type"":""MultiPoint"",""coordinates"":[]}"
20040904,2004-09-04,828.032327788563,829.8639461921676,826.1317950435104,"{""type"":""MultiPoint"",""coordinates"":[]}"
20040905,2004-09-05,828.0127598248691,829.518621742061,826.1555246440877,"{""type"":""MultiPoint"",""coordinates"":[]}"
20040906,2004-09-06,828.9783214111513,830.4959172294816,827.1615935836929,"{""type"":""MultiPoint"",""coordinates"":[]}"
20040907,2004-09-07,828.8173786120236,830.7178783208942,826.793200446964,"{""type"":""MultiPoint"",""coordinates"":[]}"
20040908,2004-09-08,827.7603205868907,829.6167280347511,825.8786468000728,"{""type"":""MultiPoint"",""coordinates"":[]}"
20040909,2004-09-09,827.0575291177612,828.8340128110228,824.9887914923544,"{""type"":""MultiPoint"",""coordinates"":[]}"
20040910,2004-09-10,827.6617135254228,829.2789236486198,825.9109758919424,"{""type"":""MultiPoint"",""coordinates"":[]}"
20040911,2004-09-11,827.7250607586963,829.4630687091832,825.652230740083,"{""type"":""MultiPoint"",""coordinates"":[]}"
20040912,2004-09-12,829.5813484101965,831.2480813593786,827.6532202863942,"{""type"":""MultiPoint"",""coordinates"":[]}"
20040913,2004-09-13,831.0935137859065,832.7498414971438,829.2446983681333,"{""type"":""MultiPoint"",""coordinates"":[]}"
20040914,2004-09-14,829.5539336149304,832.0585526116439,827.3331973945888,"{""type"":""MultiPoint"",""coordinates"":[]}"
20040915,2004-09-15,827.8207253469157,829.5065503028136,825.6057121650757,"{""type"":""MultiPoint"",""coordinates"":[]}"
20040916,2004-09-16,829.1690618250637,830.6311853995347,827.2261077931538,"{""type"":""MultiPoint"",""coordinates"":[]}"
20040917,2004-09-17,830.1146975392332,831.8321472254402,828.3398991863551,"{""type"":""MultiPoint"",""coordinates"":[]}"
20040918,2004-09-18,829.2332989740293,831.2976654549755,827.040468723768,"{""type"":""MultiPoint"",""coordinates"":[]}"
20040919,2004-09-19,829.2942566612063,830.9200411457149,827.156165910712,"{""type"":""MultiPoint"",""coordinates"":[]}"
20040920,2004-09-20,830.0282659147414,831.7143965544351,827.8921072588541,"{""type"":""MultiPoint"",""coordinates"":[]}"
20040921,2004-09-21,830.0152649600134,831.9350902966429,827.8840612661786,"{""type"":""MultiPoint"",""coordinates"":[]}"
20040922,2004-09-22,829.9520287656909,831.6458651836972,827.9616036940695,"{""type"":""MultiPoint"",""coordinates"":[]}"
20040923,2004-09-23,829.7581609427523,831.7124849473045,827.7022483785752,"{""type"":""MultiPoint"",""coordinates"":[]}"
20040924,2004-09-24,829.9441402026833,831.6386422939385,827.8971928270183,"{""type"":""MultiPoint"",""coordinates"":[]}"
20040925,2004-09-25,831.1415229091805,832.6215608528746,828.93376741929,"{""type"":""MultiPoint"",""coordinates"":[]}"
20040926,2004-09-26,832.0610484414107,833.6787205454166,830.1015701654402,"{""type"":""MultiPoint"",""coordinates"":[]}"
20040927,2004-09-27,831.040217687474,833.4586482668592,828.8058837244695,"{""type"":""MultiPoint"",""coordinates"":[]}"
20040928,2004-09-28,829.2472862969166,831.0754772176014,827.1083559087033,"{""type"":""MultiPoint"",""coordinates"":[]}"
20040929,2004-09-29,831.1561736364072,833.0184088490466,828.7168940649246,"{""type"":""MultiPoint"",""coordinates"":[]}"
20040930,2004-09-30,832.9048156631727,834.5147688383091,830.84417821137,"{""type"":""MultiPoint"",""coordinates"":[]}"
20041001,2004-10-01,832.7956658956969,835.1331592434852,830.4842515674889,"{""type"":""MultiPoint"",""coordinates"":[]}"
20041002,2004-10-02,831.4114894200006,833.7230776972236,829.0098219942226,"{""type"":""MultiPoint"",""coordinates"":[]}"
20041003,2004-10-03,830.346251025052,832.2312994743439,828.191014120494,"{""type"":""MultiPoint"",""coordinates"":[]}"
20041004,2004-10-04,829.7182982517951,831.9317780007206,827.6764462158749,"{""type"":""MultiPoint"",""coordinates"":[]}"
20041005,2004-10-05,829.6340149337082,831.2713933208923,827.7376767647313,"{""type"":""MultiPoint"",""coordinates"":[]}"
20041006,2004-10-06,830.1182195618956,831.903633817993,828.194026970462,"{""type"":""MultiPoint"",""coordinates"":[]}"
20041007,2004-10-07,828.961173101743,831.0762895390804,826.7590703883844,"{""type"":""MultiPoint"",""coordinates"":[]}"
20041008,2004-10-08,829.0982076142901,830.7286362565067,827.1205907171412,"{""type"":""MultiPoint"",""coordinates"":[]}"
20041009,2004-10-09,830.9208524484908,832.4465718457141,828.9961933789892,"{""type"":""MultiPoint"",""coordinates"":[]}"
20041010,2004-10-10,832.0295173460904,833.9261234763438,830.1915245237376,"{""type"":""MultiPoint"",""coordinates"":[]}"
20041011,2004-10-11,831.725889177723,833.6867292783495,829.7512039141307,"{""type"":""MultiPoint"",""coordinates"":[]}"
20041012,2004-10-12,832.0461571546319,833.5827520751855,830.1257690147796,"{""type"":""MultiPoint"",""coordinates"":[]}"
20041013,2004-10-13,832.7797168026684,834.3325139563489,830.706476692288,"{""type"":""MultiPoint"",""coordinates"":[]}"
20041014,2004-10-14,832.7691669199411,834.6927594084041,830.8469124539881,"{""type"":""MultiPoint"",""coordinates"":[]}"
20041015,2004-10-15,832.141560489249,833.963660540251,830.2896010604248,"{""type"":""MultiPoint"",""coordinates"":[]}"
20041016,2004-10-16,832.5815910330365,834.1558782277474,830.714611286442,"{""type"":""MultiPoint"",""coordinates"":[]}"
20041017,2004-10-17,833.0136555858803,834.7764223684304,831.3484219829417,"{""type"":""MultiPoint"",""coordinates"":[]}"
20041018,2004-10-18,832.5230547148072,834.5655913668649,830.7352423111555,"{""type"":""MultiPoint"",""coordinates"":[]}"
20041019,2004-10-19,831.9021665049215,833.8909102599275,830.1907380293561,"{""type"":""MultiPoint"",""coordinates"":[]}"
20041020,2004-10-20,832.1059886455282,833.7056731394456,830.4100845573217,"{""type"":""MultiPoint"",""coordinates"":[]}"
20041021,2004-10-21,832.8928617542957,834.4637303757269,831.1813497005494,"{""type"":""MultiPoint"",""coordinates"":[]}"
20041022,2004-10-22,833.5776589302408,835.4075087809681,831.7986888613916,"{""type"":""MultiPoint"",""coordinates"":[]}"
20041023,2004-10-23,832.9840198252854,834.9408198223064,831.2598847046044,"{""type"":""MultiPoint"",""coordinates"":[]}"
20041024,2004-10-24,833.9061376428127,835.313823764563,832.2061170805827,"{""type"":""MultiPoint"",""coordinates"":[]}"
20041025,2004-10-25,834.2569994228668,836.2551855667641,832.4112682025293,"{""type"":""MultiPoint"",""coordinates"":[]}"
20041026,2004-10-26,833.3802229196431,835.5584549265473,831.4272642053822,"{""type"":""MultiPoint"",""coordinates"":[]}"
20041027,2004-10-27,832.0669992086802,834.371266349258,830.2704601093311,"{""type"":""MultiPoint"",""coordinates"":[]}"
20041028,2004-10-28,831.9040204671239,833.4874707041361,830.1402930890116,"{""type"":""MultiPoint"",""coordinates"":[]}"
20041029,2004-10-29,832.6914101569442,834.4065915759576,830.8544674136385,"{""type"":""MultiPoint"",""coordinates"":[]}"
20041030,2004-10-30,833.304919910331,835.190483499058,831.5889996086116,"{""type"":""MultiPoint"",""coordinates"":[]}"
20041031,2004-10-31,832.731867921113,834.7095378342705,831.0656965954605,"{""type"":""MultiPoint"",""coordinates"":[]}"
20041101,2004-11-01,832.2406532205704,833.9896716121609,830.589750753816,"{""type"":""MultiPoint"",""coordinates"":[]}"
20041102,2004-11-02,832.4824143459159,834.2669024849434,830.813404907782,"{""type"":""MultiPoint"",""coordinates"":[]}"
20041103,2004-11-03,833.2262182658826,835.0924287061853,831.4104764881407,"{""type"":""MultiPoint"",""coordinates"":[]}"
20041104,2004-11-04,833.4375105716214,834.8986902867141,831.8281270402357,"{""type"":""MultiPoint"",""coordinates"":[]}"
20041105,2004-11-05,833.0982358196613,834.8383119977503,831.2999911729625,"{""type"":""MultiPoint"",""coordinates"":[]}"
20041106,2004-11-06,832.3829986101981,834.4589372991011,830.7402410932265,"{""type"":""MultiPoint"",""coordinates"":[]}"
20041107,2004-11-07,831.3824361552457,833.5033186632583,829.5803131259344,"{""type"":""MultiPoint"",""coordinates"":[]}"
20041108,2004-11-08,831.0647920726745,832.9341309960328,829.5280909742719,"{""type"":""MultiPoint"",""coordinates"":[]}"
20041109,2004-11-09,830.858396186624,832.4950749213639,829.0500972424172,"{""type"":""MultiPoint"",""coordinates"":[]}"
20041110,2004-11-10,831.0891655404108,832.9274528014089,829.3291065612929,"{""type"":""MultiPoint"",""coordinates"":[]}"
20041111,2004-11-11,831.747256733166,833.2363153723378,829.9661402201692,"{""type"":""MultiPoint"",""coordinates"":[]}"
20041112,2004-11-12,832.7057883181228,834.2309127078463,830.9838121659296,"{""type"":""MultiPoint"",""coordinates"":[]}"
20041113,2004-11-13,833.0789759639254,835.1131118445575,831.2978276216493,"{""type"":""MultiPoint"",""coordinates"":[]}"
20041114,2004-11-14,832.8521054983485,834.8051998789213,831.2724288380657,"{""type"":""MultiPoint"",""coordinates"":[]}"
20041115,2004-11-15,832.509295510444,834.3570520022116,830.913595923186,"{""type"":""MultiPoint"",""coordinates"":[]}"
20041116,2004-11-16,832.2736738690227,833.9471786118025,830.6988397931457,"{""type"":""MultiPoint"",""coordinates"":[]}"
20041117,2004-11-17,832.4332511889507,834.2599477043676,830.7869260478311,"{""type"":""MultiPoint"",""coordinates"":[]}"
20041118,2004-11-18,831.6707154297671,833.5115275643624,829.943378006002,"{""type"":""MultiPoint"",""coordinates"":[]}"
20041119,2004-11-19,832.2364676446572,834.0451937645946,830.308883678515,"{""type"":""MultiPoint"",""coordinates"":[]}"
20041120,2004-11-20,833.1006525684336,834.7408758130474,831.2819484421948,"{""type"":""MultiPoint"",""coordinates"":[]}"
20041121,2004-11-21,832.7054910698163,834.7725597797798,831.0432206778163,"{""type"":""MultiPoint"",""coordinates"":[]}"
20041122,2004-11-22,832.1577888280436,834.0838809947227,830.4307361485877,"{""type"":""MultiPoint"",""coordinates"":[]}"
20041123,2004-11-23,831.8645092009043,833.9087076528667,830.1504279438652,"{""type"":""MultiPoint"",""coordinates"":[]}"
20041124,2004-11-24,832.5199928911421,833.9886741209996,830.6054650170626,"{""type"":""MultiPoint"",""coordinates"":[]}"
20041125,2004-11-25,833.47333723388,835.2139867354514,831.7617827433523,"{""type"":""MultiPoint"",""coordinates"":[]}"
20041126,2004-11-26,833.7349055627789,835.5897414840649,831.9897069117078,"{""type"":""MultiPoint"",""coordinates"":[]}"
20041127,2004-11-27,834.0435238526846,835.6744477530941,832.2429165674008,"{""type"":""MultiPoint"",""coordinates"":[]}"
20041128,2004-11-28,834.6179091384724,836.6069663491821,832.7622523451887,"{""type"":""MultiPoint"",""coordinates"":[]}"
20041129,2004-11-29,832.7500300443286,835.1906206939132,830.6513103332948,"{""type"":""MultiPoint"",""coordinates"":[]}"
20041130,2004-11-30,830.9923984266204,833.1963190369986,829.2178758794506,"{""type"":""MultiPoint"",""coordinates"":[]}"
20041201,2004-12-01,831.7888681313209,833.4896554999126,829.7036002695044,"{""type"":""MultiPoint"",""coordinates"":[]}"
20041202,2004-12-02,835.0647261577969,836.5521405320738,832.9531398180574,"{""type"":""MultiPoint"",""coordinates"":[]}"
20041203,2004-12-03,835.2773159973544,837.5497194845036,833.1990879846663,"{""type"":""MultiPoint"",""coordinates"":[]}"
20041204,2004-12-04,833.4307894487908,835.5779045843962,831.5782515755393,"{""type"":""MultiPoint"",""coordinates"":[]}"
20041205,2004-12-05,833.1449693093863,834.8614463142545,831.3633234115601,"{""type"":""MultiPoint"",""coordinates"":[]}"
20041206,2004-12-06,834.7409780303825,836.323732567725,832.6685186930412,"{""type"":""MultiPoint"",""coordinates"":[]}"
20041207,2004-12-07,835.4807666145819,837.29258020314,833.8143654067076,"{""type"":""MultiPoint"",""coordinates"":[]}"
20041208,2004-12-08,834.3501527487861,836.6298162697581,832.5515498659975,"{""type"":""MultiPoint"",""coordinates"":[]}"
20041209,2004-12-09,833.2720449990794,835.1646650891167,831.5383335662171,"{""type"":""MultiPoint"",""coordinates"":[]}"
20041210,2004-12-10,834.224601901008,835.7103617066531,832.4457548796198,"{""type"":""MultiPoint"",""coordinates"":[]}"
20041211,2004-12-11,835.2405284339873,836.8595969475117,833.4038378909761,"{""type"":""MultiPoint"",""coordinates"":[]}"
20041212,2004-12-12,835.4426583661304,837.5144538128685,833.7906565705531,"{""type"":""MultiPoint"",""coordinates"":[]}"
20041213,2004-12-13,833.8992331430301,836.4433425627243,831.7958644912233,"{""type"":""MultiPoint"",""coordinates"":[]}"
20041214,2004-12-14,831.3015042199361,833.577945340211,829.5113667065916,"{""type"":""MultiPoint"",""coordinates"":[]}"
20041215,2004-12-15,831.0946817779419,833.0083880208023,829.2633597559246,"{""type"":""MultiPoint"",""coordinates"":[]}"
20041216,2004-12-16,832.7347553335857,834.2602159806419,830.7865498094073,"{""type"":""MultiPoint"",""coordinates"":[]}"
20041217,2004-12-17,833.7163847668842,835.4825261655297,832.0454439883849,"{""type"":""MultiPoint"",""coordinates"":[]}"
20041218,2004-12-18,831.44344294656,834.1537037542596,828.7263675668308,"{""type"":""MultiPoint"",""coordinates"":[]}"
20041219,2004-12-19,827.6618220272018,830.3996737243331,825.2017105023574,"{""type"":""MultiPoint"",""coordinates"":[]}"
20041220,2004-12-20,826.5866075260758,828.6086842695372,824.6527971753994,"{""type"":""MultiPoint"",""coordinates"":[]}"
20041221,2004-12-21,827.0110345353437,828.4507250741459,825.3409616426278,"{""type"":""MultiPoint"",""coordinates"":[]}"
20041222,2004-12-22,827.8776184311663,829.691712380706,826.2429324164049,"{""type"":""MultiPoint"",""coordinates"":[]}"
20041223,2004-12-23,828.8576998886881,830.4901777103797,827.0220403002484,"{""type"":""MultiPoint"",""coordinates"":[]}"
20041224,2004-12-24,830.7617448599275,832.2773307025197,828.9440460640246,"{""type"":""MultiPoint"",""coordinates"":[]}"
20041225,2004-12-25,830.6593967599324,833.0299798687789,828.6572783388365,"{""type"":""MultiPoint"",""coordinates"":[]}"
20041226,2004-12-26,829.3551264527724,831.7331634323216,827.2115992886356,"{""type"":""MultiPoint"",""coordinates"":[]}"
20041227,2004-12-27,830.8500068811528,832.633984374624,828.5545665911318,"{""type"":""MultiPoint"",""coordinates"":[]}"
20041228,2004-12-28,831.7546695085161,833.8590287931148,829.8297620396503,"{""type"":""MultiPoint"",""coordinates"":[]}"
20041229,2004-12-29,831.8803228807544,833.8717371888876,830.2904657811246,"{""type"":""MultiPoint"",""coordinates"":[]}"
20041230,2004-12-30,831.4544062038765,833.2652938701435,829.5687182434356,"{""type"":""MultiPoint"",""coordinates"":[]}"
20041231,2004-12-31,830.7435544009795,832.7757081038015,828.6989017001536,"{""type"":""MultiPoint"",""coordinates"":[]}"
20050101,2005-01-01,831.44416955314,833.4102088424709,829.4718364293353,"{""type"":""MultiPoint"",""coordinates"":[]}"
20050102,2005-01-02,831.104694846071,832.9357278962956,829.4223442552059,"{""type"":""MultiPoint"",""coordinates"":[]}"
20050103,2005-01-03,831.6499066239024,833.5469629000573,829.3890641219269,"{""type"":""MultiPoint"",""coordinates"":[]}"
20050104,2005-01-04,832.9245200025839,834.8797671109387,830.9656650735393,"{""type"":""MultiPoint"",""coordinates"":[]}"
20050105,2005-01-05,832.283753002169,834.0554952374908,830.6569456970468,"{""type"":""MultiPoint"",""coordinates"":[]}"
20050106,2005-01-06,831.9052555433202,833.8675570431681,830.183614244941,"{""type"":""MultiPoint"",""coordinates"":[]}"
20050107,2005-01-07,831.6394198220829,833.8188944083445,829.9418658725557,"{""type"":""MultiPoint"",""coordinates"":[]}"
20050108,2005-01-08,831.0312337819138,832.9401824687266,829.2970522524721,"{""type"":""MultiPoint"",""coordinates"":[]}"
20050109,2005-01-09,828.6380918759586,831.4426194032613,826.0089739068402,"{""type"":""MultiPoint"",""coordinates"":[]}"
20050110,2005-01-10,826.6885046254276,828.4496138750912,824.8258448512906,"{""type"":""MultiPoint"",""coordinates"":[]}"
20050111,2005-01-11,829.5604278074146,831.2812535943049,826.9779101678547,"{""type"":""MultiPoint"",""coordinates"":[]}"
20050112,2005-01-12,831.31179119903,833.072027941962,829.6484029702258,"{""type"":""MultiPoint"",""coordinates"":[]}"
20050113,2005-01-13,830.4242002933678,832.3773980697769,828.588588877273,"{""type"":""MultiPoint"",""coordinates"":[]}"
20050114,2005-01-14,829.3833085222903,831.2255104601961,827.7002707410207,"{""type"":""MultiPoint"",""coordinates"":[]}"
20050115,2005-01-15,829.5969426276072,831.3344942440679,827.9839602876933,"{""type"":""MultiPoint"",""coordinates"":[]}"
20050116,2005-01-16,829.4361292135717,831.3874859751603,827.6103017631735,"{""type"":""MultiPoint"",""coordinates"":[]}"
20050117,2005-01-17,828.3335080778623,830.4660657015875,826.5061814306908,"{""type"":""MultiPoint"",""coordinates"":[]}"
20050118,2005-01-18,829.1276265720178,831.0660801312774,827.1229240734676,"{""type"":""MultiPoint"",""coordinates"":[]}"
20050119,2005-01-19,830.2975043464504,831.8344748913609,828.7988616461902,"{""type"":""MultiPoint"",""coordinates"":[]}"
20050120,2005-01-20,831.4775893749637,833.3125134650537,829.3652092507397,"{""type"":""MultiPoint"",""coordinates"":[]}"
20050121,2005-01-21,832.049506994123,834.3091086728875,829.8264582165846,"{""type"":""MultiPoint"",""coordinates"":[]}"
20050122,2005-01-22,829.7299926522911,832.1154281229838,827.4936875738011,"{""type"":""MultiPoint"",""coordinates"":[]}"
20050123,2005-01-23,828.776515209509,830.818766343098,826.511895455219,"{""type"":""MultiPoint"",""coordinates"":[]}"
20050124,2005-01-24,829.770514646321,831.4882108418293,827.9643342257637,"{""type"":""MultiPoint"",""coordinates"":[]}"
20050125,2005-01-25,828.9790485769624,831.3661311601923,826.8074048545136,"{""type"":""MultiPoint"",""coordinates"":[]}"
20050126,2005-01-26,827.0582818541898,829.5029226998706,824.955989355439,"{""type"":""MultiPoint"",""coordinates"":[]}"
20050127,2005-01-27,826.6645897359523,828.3483894138482,824.8187453973815,"{""type"":""MultiPoint"",""coordinates"":[]}"
20050128,2005-01-28,827.2842936654845,829.2639285523317,824.8974583385848,"{""type"":""MultiPoint"",""coordinates"":[]}"
20050129,2005-01-29,828.2531068888613,830.217925640514,826.1691016947392,"{""type"":""MultiPoint"",""coordinates"":[]}"
20050130,2005-01-30,829.7765639887504,831.2419046730715,827.946654596336,"{""type"":""MultiPoint"",""coordinates"":[]}"
20050131,2005-01-31,830.6719446435624,832.286341522328,828.7610566474217,"{""type"":""MultiPoint"",""coordinates"":[]}"
20050201,2005-02-01,830.2189895913615,831.9006849684439,828.5737248447583,"{""type"":""MultiPoint"",""coordinates"":[]}"
20050202,2005-02-02,829.6732653363965,831.3484895488195,828.0617369570191,"{""type"":""MultiPoint"",""coordinates"":[]}"
20050203,2005-02-03,829.2046569849238,830.9175117666472,827.6058418676598,"{""type"":""MultiPoint"",""coordinates"":[]}"
20050204,2005-02-04,828.1592103944239,830.423212524113,826.3615408533248,"{""type"":""MultiPoint"",""coordinates"":[]}"
20050205,2005-02-05,827.7606198855644,829.547318304785,826.1150393853693,"{""type"":""MultiPoint"",""coordinates"":[]}"
20050206,2005-02-06,828.4141456170436,829.9979723139427,826.6652115225722,"{""type"":""MultiPoint"",""coordinates"":[]}"
20050207,2005-02-07,829.9667206916862,831.6298860123368,828.1138479703626,"{""type"":""MultiPoint"",""coordinates"":[]}"
20050208,2005-02-08,831.5284459900906,833.5057852216027,829.503348630598,"{""type"":""MultiPoint"",""coordinates"":[]}"
20050209,2005-02-09,832.5839791862968,834.2406890053908,830.7987890679398,"{""type"":""MultiPoint"",""coordinates"":[]}"
20050210,2005-02-10,832.8361328647637,834.6794216681969,830.8139662664408,"{""type"":""MultiPoint"",""coordinates"":[]}"
20050211,2005-02-11,831.9283739992378,834.2437621951283,829.9372288302271,"{""type"":""MultiPoint"",""coordinates"":[]}"
20050212,2005-02-12,830.2475290535276,832.6535689466843,827.8016793579837,"{""type"":""MultiPoint"",""coordinates"":[]}"
20050213,2005-02-13,827.7186163907379,830.2482916706166,825.4618335597102,"{""type"":""MultiPoint"",""coordinates"":[]}"
20050214,2005-02-14,825.770231357604,827.8612467720732,823.4583988985706,"{""type"":""MultiPoint"",""coordinates"":[]}"
20050215,2005-02-15,824.0653879172245,826.1875202147115,822.1309748409287,"{""type"":""MultiPoint"",""coordinates"":[]}"
20050216,2005-02-16,824.5057201512528,826.521716678031,822.1437946586803,"{""type"":""MultiPoint"",""coordinates"":[]}"
20050217,2005-02-17,826.0527780516073,827.6694241024186,824.1126004796789,"{""type"":""MultiPoint"",""coordinates"":[]}"
20050218,2005-02-18,827.6292138458165,829.2749889875615,825.6163236460517,"{""type"":""MultiPoint"",""coordinates"":[]}"
20050219,2005-02-19,829.2247602937412,831.076680521454,827.2742935179996,"{""type"":""MultiPoint"",""coordinates"":[]}"
20050220,2005-02-20,830.1646344849776,831.9799783294591,828.2119542474386,"{""type"":""MultiPoint"",""coordinates"":[]}"
20050221,2005-02-21,830.6556558059939,832.4094725833858,828.6245084093928,"{""type"":""MultiPoint"",""coordinates"":[]}"
20050222,2005-02-22,831.0266996354742,833.103128310995,829.0894106355975,"{""type"":""MultiPoint"",""coordinates"":[]}"
20050223,2005-02-23,830.6849654157494,832.7881808684712,828.4979663635721,"{""type"":""MultiPoint"",""coordinates"":[]}"
20050224,2005-02-24,829.6639189840915,831.7152586077316,827.828563043192,"{""type"":""MultiPoint"",""coordinates"":[]}"
20050225,2005-02-25,829.4384453831324,831.1903596337736,827.334478746697,"{""type"":""MultiPoint"",""coordinates"":[]}"
20050226,2005-02-26,830.101964532601,832.1586227368792,828.1225895171212,"{""type"":""MultiPoint"",""coordinates"":[]}"
20050227,2005-02-27,829.499740067111,831.4472081647748,827.5535051168885,"{""type"":""MultiPoint"",""coordinates"":[]}"
20050228,2005-02-28,829.2875600581982,831.1903856419975,827.3616426900741,"{""type"":""MultiPoint"",""coordinates"":[]}"
20050301,2005-03-01,830.8832692590315,832.586817077991,828.7392000612058,"{""type"":""MultiPoint"",""coordinates"":[]}"
20050302,2005-03-02,832.1863425378898,833.9928089826622,830.1877717533953,"{""type"":""MultiPoint"",""coordinates"":[]}"
20050303,2005-03-03,832.1724256977565,834.161957560386,830.2997418867712,"{""type"":""MultiPoint"",""coordinates"":[]}"
20050304,2005-03-04,832.8143597480769,834.5875949695843,830.7082069871211,"{""type"":""MultiPoint"",""coordinates"":[]}"
20050305,2005-03-05,833.5306268988437,835.5894749774267,831.5113917387986,"{""type"":""MultiPoint"",""coordinates"":[]}"
20050306,2005-03-06,832.7121880160867,834.8279093341265,830.7314650962894,"{""type"":""MultiPoint"",""coordinates"":[]}"
20050307,2005-03-07,832.4656774390588,834.2335417480422,830.5731731548071,"{""type"":""MultiPoint"",""coordinates"":[]}"
20050308,2005-03-08,832.8954801375082,834.8809479121204,830.9961356176009,"{""type"":""MultiPoint"",""coordinates"":[]}"
20050309,2005-03-09,831.5323915320147,833.5297731824764,829.4192552920418,"{""type"":""MultiPoint"",""coordinates"":[]}"
20050310,2005-03-10,830.5200764028976,832.7612500209726,828.3873784037849,"{""type"":""MultiPoint"",""coordinates"":[]}"
20050311,2005-03-11,830.417690927108,832.5034180245148,828.2712289073041,"{""type"":""MultiPoint"",""coordinates"":[]}"
20050312,2005-03-12,831.8252570051499,833.7170207448626,829.6629073175435,"{""type"":""MultiPoint"",""coordinates"":[]}"
20050313,2005-03-13,832.0885296270319,833.9712407925037,830.1914130727713,"{""type"":""MultiPoint"",""coordinates"":[]}"
20050314,2005-03-14,830.4146928873055,832.6158439587476,828.2688567145995,"{""type"":""MultiPoint"",""coordinates"":[]}"
20050315,2005-03-15,829.1088194523417,831.1622218740923,827.0380479113749,"{""type"":""MultiPoint"",""coordinates"":[]}"
20050316,2005-03-16,830.3028221816429,831.9458997058503,828.4122476301566,"{""type"":""MultiPoint"",""coordinates"":[]}"
20050317,2005-03-17,830.3294009663036,832.3385989876346,828.3414015782953,"{""type"":""MultiPoint"",""coordinates"":[]}"
20050318,2005-03-18,828.8563528053492,830.9865347848538,826.8749059605814,"{""type"":""MultiPoint"",""coordinates"":[]}"
20050319,2005-03-19,827.9069703105018,830.0235568458287,825.8151461196877,"{""type"":""MultiPoint"",""coordinates"":[]}"
20050320,2005-03-20,827.4664541570877,829.8372543778273,825.2921283967057,"{""type"":""MultiPoint"",""coordinates"":[]}"
20050321,2005-03-21,826.113360983372,828.3680466149754,823.9728058321621,"{""type"":""MultiPoint"",""coordinates"":[]}"
20050322,2005-03-22,825.6875375497904,827.7879167261855,823.7193581866654,"{""type"":""MultiPoint"",""coordinates"":[]}"
20050323,2005-03-23,825.8428374124989,827.5641632213975,823.8401744809315,"{""type"":""MultiPoint"",""coordinates"":[]}"
20050324,2005-03-24,826.9491219670738,828.7831029538504,824.8062796996649,"{""type"":""MultiPoint"",""coordinates"":[]}"
20050325,2005-03-25,827.1354569848048,828.9990245704411,825.296037101722,"{""type"":""MultiPoint"",""coordinates"":[]}"
20050326,2005-03-26,827.451243305245,829.3930941510891,825.5270253771608,"{""type"":""MultiPoint"",""coordinates"":[]}"
20050327,2005-03-27,826.7414859229401,828.8625637839309,824.7900500633402,"{""type"":""MultiPoint"",""coordinates"":[]}"
20050328,2005-03-28,827.0031206849804,828.8019237933097,825.1698187999631,"{""type"":""MultiPoint"",""coordinates"":[]}"
20050329,2005-03-29,826.9726581736644,828.866668943898,825.1409160744074,"{""type"":""MultiPoint"",""coordinates"":[]}"
20050330,2005-03-30,827.038234595293,828.9801471054634,825.0038876915377,"{""type"":""MultiPoint"",""coordinates"":[]}"
20050331,2005-03-31,827.9467972763007,829.7548657654953,825.9026903030899,"{""type"":""MultiPoint"",""coordinates"":[]}"
20050401,2005-04-01,828.7859866429989,830.4195948919039,826.8867631004262,"{""type"":""MultiPoint"",""coordinates"":[]}"
20050402,2005-04-02,830.0461868364933,831.6521757701586,828.1685409830776,"{""type"":""MultiPoint"",""coordinates"":[]}"
20050403,2005-04-03,830.3435277246897,832.2613107035651,828.3841137474013,"{""type"":""MultiPoint"",""coordinates"":[]}"
20050404,2005-04-04,830.308345242409,832.196580501491,828.2488953974595,"{""type"":""MultiPoint"",""coordinates"":[]}"
20050405,2005-04-05,829.2829964379442,831.6392670971667,826.8881470543929,"{""type"":""MultiPoint"",""coordinates"":[]}"
20050406,2005-04-06,826.7916550610798,829.798524922893,824.1197951090818,"{""type"":""MultiPoint"",""coordinates"":[]}"
20050407,2005-04-07,825.7633896408327,827.7669841258358,823.4644133489383,"{""type"":""MultiPoint"",""coordinates"":[]}"
20050408,2005-04-08,827.0269512828525,828.8406824615441,824.8946913321106,"{""type"":""MultiPoint"",""coordinates"":[]}"
20050409,2005-04-09,827.1620244302347,828.7814215250114,825.278679970911,"{""type"":""MultiPoint"",""coordinates"":[]}"
20050410,2005-04-10,828.2550489573664,829.970505419292,826.1855957486724,"{""type"":""MultiPoint"",""coordinates"":[]}"
20050411,2005-04-11,829.3375470684426,831.2220873426713,827.2057881503199,"{""type"":""MultiPoint"",""coordinates"":[]}"
20050412,2005-04-12,830.2776050577215,832.0574311487727,828.2798202722954,"{""type"":""MultiPoint"",""coordinates"":[]}"
20050413,2005-04-13,830.8239317151146,832.725793549101,828.9132589889302,"{""type"":""MultiPoint"",""coordinates"":[]}"
20050414,2005-04-14,830.7613811289419,832.7401789096166,828.7897146413188,"{""type"":""MultiPoint"",""coordinates"":[]}"
20050415,2005-04-15,830.9110397945238,832.6135498831411,829.1053916017634,"{""type"":""MultiPoint"",""coordinates"":[]}"
20050416,2005-04-16,830.7316419330767,832.5265219369667,828.9850878400247,"{""type"":""MultiPoint"",""coordinates"":[]}"
20050417,2005-04-17,830.4147847564407,832.3794753443985,828.4599648905156,"{""type"":""MultiPoint"",""coordinates"":[]}"
20050418,2005-04-18,831.840779294661,833.6605620026277,829.6493992798869,"{""type"":""MultiPoint"",""coordinates"":[]}"
20050419,2005-04-19,832.7370290489446,834.5159587373903,830.7843513302217,"{""type"":""MultiPoint"",""coordinates"":[]}"
20050420,2005-04-20,832.1955411812155,834.5365239693097,830.0315620296884,"{""type"":""MultiPoint"",""coordinates"":[]}"
20050421,2005-04-21,830.3728116390567,832.433529018976,828.3781508059573,"{""type"":""MultiPoint"",""coordinates"":[]}"
20050422,2005-04-22,830.0574062454102,831.6844058610086,828.093958546027,"{""type"":""MultiPoint"",""coordinates"":[]}"
20050423,2005-04-23,830.1881694421542,831.8835566617048,828.2048432619562,"{""type"":""MultiPoint"",""coordinates"":[]}"
20050424,2005-04-24,829.8836474402207,831.7114104484497,827.7039439903515,"{""type"":""MultiPoint"",""coordinates"":[]}"
20050425,2005-04-25,829.1059319977188,831.1293225762535,827.0758984423214,"{""type"":""MultiPoint"",""coordinates"":[]}"
20050426,2005-04-26,827.7062537795592,829.7572188653911,825.6142512565608,"{""type"":""MultiPoint"",""coordinates"":[]}"
20050427,2005-04-27,826.846806260694,828.4208830849813,824.9774561461381,"{""type"":""MultiPoint"",""coordinates"":[]}"
20050428,2005-04-28,826.2408344564202,828.0978096164588,824.4235657171976,"{""type"":""MultiPoint"",""coordinates"":[]}"
20050429,2005-04-29,825.9386501756649,827.4887914797475,824.1162232141364,"{""type"":""MultiPoint"",""coordinates"":[]}"
20050430,2005-04-30,826.5928821604115,828.0343146202179,824.7999122728087,"{""type"":""MultiPoint"",""coordinates"":[]}"
20050501,2005-05-01,827.5419642568426,828.9768212382627,825.6264966091803,"{""type"":""MultiPoint"",""coordinates"":[]}"
20050502,2005-05-02,827.5055509321461,829.2995290637567,825.4925070709762,"{""type"":""MultiPoint"",""coordinates"":[]}"
20050503,2005-05-03,827.2317737624509,828.9714616581709,825.1690033634009,"{""type"":""MultiPoint"",""coordinates"":[]}"
20050504,2005-05-04,827.2791108126448,829.1527741077513,825.2828644353426,"{""type"":""MultiPoint"",""coordinates"":[]}"
20050505,2005-05-05,826.1588716376046,828.1133098124628,823.924987925291,"{""type"":""MultiPoint"",""coordinates"":[]}"
20050506,2005-05-06,825.0422885057118,826.8930704882875,822.9951662973557,"{""type"":""MultiPoint"",""coordinates"":[]}"
20050507,2005-05-07,825.1857279721174,826.7787696061505,823.2217687637503,"{""type"":""MultiPoint"",""coordinates"":[]}"
20050508,2005-05-08,825.8301232045542,827.4204711020221,824.0906156059663,"{""type"":""MultiPoint"",""coordinates"":[]}"
20050509,2005-05-09,825.5382645658821,827.3635106867514,823.6428713111521,"{""type"":""MultiPoint"",""coordinates"":[]}"
20050510,2005-05-10,824.8198537199022,826.4402941811668,822.8984540201365,"{""type"":""MultiPoint"",""coordinates"":[]}"
20050511,2005-05-11,825.7711603522204,827.2370449298085,824.0348833918276,"{""type"":""MultiPoint"",""coordinates"":[]}"
20050512,2005-05-12,826.1115221963976,827.6772601032347,824.41549852672,"{""type"":""MultiPoint"",""coordinates"":[]}"
20050513,2005-05-13,825.0695892671097,826.5574961982514,823.2593719522315,"{""type"":""MultiPoint"",""coordinates"":[]}"
20050514,2005-05-14,825.5489097937527,827.1232425715791,823.6569940661614,"{""type"":""MultiPoint"",""coordinates"":[]}"
20050515,2005-05-15,826.1544488258507,827.7913496487944,824.2162538884836,"{""type"":""MultiPoint"",""coordinates"":[]}"
20050516,2005-05-16,826.9535203124486,828.460865327401,825.178165201901,"{""type"":""MultiPoint"",""coordinates"":[]}"
20050517,2005-05-17,826.68604073279,828.4009112020034,824.7825909474049,"{""type"":""MultiPoint"",""coordinates"":[]}"
20050518,2005-05-18,826.8195458660018,828.379929689178,825.0269573925353,"{""type"":""MultiPoint"",""coordinates"":[]}"
20050519,2005-05-19,826.4218904490285,828.3717285411677,824.3587557083408,"{""type"":""MultiPoint"",""coordinates"":[]}"
20050520,2005-05-20,825.8689152117223,827.5193313928996,824.0221065673782,"{""type"":""MultiPoint"",""coordinates"":[]}"
20050521,2005-05-21,826.0789669797822,827.7361429666717,824.0519273756654,"{""type"":""MultiPoint"",""coordinates"":[]}"
20050522,2005-05-22,826.6548468728073,828.2355125070611,824.789710134173,"{""type"":""MultiPoint"",""coordinates"":[]}"
20050523,2005-05-23,826.9534718815958,828.4751936151566,825.1457701852646,"{""type"":""MultiPoint"",""coordinates"":[]}"
20050524,2005-05-24,827.254498835977,828.9971906634014,825.3810069962335,"{""type"":""MultiPoint"",""coordinates"":[]}"
20050525,2005-05-25,827.0584820107529,828.5922751404813,825.1824652766562,"{""type"":""MultiPoint"",""coordinates"":[]}"
20050526,2005-05-26,827.1759488738188,828.6661727375185,825.4271032132873,"{""type"":""MultiPoint"",""coordinates"":[]}"
20050527,2005-05-27,827.4282452941924,829.3014642656809,825.5734367346507,"{""type"":""MultiPoint"",""coordinates"":[]}"
20050528,2005-05-28,827.6767693421616,829.1073452325048,825.7434556369907,"{""type"":""MultiPoint"",""coordinates"":[]}"
20050529,2005-05-29,828.2879476644325,829.8415283681359,826.4642262144938,"{""type"":""MultiPoint"",""coordinates"":[]}"
20050530,2005-05-30,827.5201956781993,829.3387852222264,825.6996687542573,"{""type"":""MultiPoint"",""coordinates"":[]}"
20050531,2005-05-31,825.6049649570289,828.0188048471749,823.5482537127531,"{""type"":""MultiPoint"",""coordinates"":[]}"
20050601,2005-06-01,823.8073922364747,825.6841892914127,821.8611821179712,"{""type"":""MultiPoint"",""coordinates"":[]}"
20050602,2005-06-02,823.9247305095371,825.4011122425394,822.0664753300456,"{""type"":""MultiPoint"",""coordinates"":[]}"
20050603,2005-06-03,824.4010219003778,826.1724674780894,822.5167829534133,"{""type"":""MultiPoint"",""coordinates"":[]}"
20050604,2005-06-04,824.6628416499715,826.5318052385383,822.700815891605,"{""type"":""MultiPoint"",""coordinates"":[]}"
20050605,2005-06-05,825.0406417698994,826.6510885455332,823.095021751166,"{""type"":""MultiPoint"",""coordinates"":[]}"
20050606,2005-06-06,825.1165376556388,826.6335344337078,823.1604985223904,"{""type"":""MultiPoint"",""coordinates"":[]}"
20050607,2005-06-07,824.2564271978908,826.1461590605296,822.3673545140302,"{""type"":""MultiPoint"",""coordinates"":[]}"
20050608,2005-06-08,823.4805706126718,824.9108366513989,821.6458875820917,"{""type"":""MultiPoint"",""coordinates"":[]}"
20050609,2005-06-09,823.3568166188721,824.8718186486677,821.4267978616485,"{""type"":""MultiPoint"",""coordinates"":[]}"
20050610,2005-06-10,823.6482227216321,825.1399395702866,821.803834241042,"{""type"":""MultiPoint"",""coordinates"":[]}"
20050611,2005-06-11,824.1746467031202,825.6396579687191,822.5462735239686,"{""type"":""MultiPoint"",""coordinates"":[]}"
20050612,2005-06-12,824.1334455532088,825.4742178212322,822.4673186499308,"{""type"":""MultiPoint"",""coordinates"":[]}"
20050613,2005-06-13,825.4563699095766,826.7740944459456,823.7234538776256,"{""type"":""MultiPoint"",""coordinates"":[]}"
20050614,2005-06-14,826.0589660596868,827.5994135474339,824.3935800610493,"{""type"":""MultiPoint"",""coordinates"":[]}"
20050615,2005-06-15,825.0186734562718,826.7974106577125,823.2469377486537,"{""type"":""MultiPoint"",""coordinates"":[]}"
20050616,2005-06-16,824.1154899758742,825.6094184936694,822.395042992126,"{""type"":""MultiPoint"",""coordinates"":[]}"
20050617,2005-06-17,823.2434209811223,824.9389376524123,821.3433230662491,"{""type"":""MultiPoint"",""coordinates"":[]}"
20050618,2005-06-18,823.0415489844722,824.4051108427293,821.3274743673051,"{""type"":""MultiPoint"",""coordinates"":[]}"
20050619,2005-06-19,823.6029784757471,825.0847330777265,821.625208097251,"{""type"":""MultiPoint"",""coordinates"":[]}"
20050620,2005-06-20,824.3484740344661,825.8113225890676,822.3492097319433,"{""type"":""MultiPoint"",""coordinates"":[]}"
20050621,2005-06-21,825.6942373845418,827.0607193727722,823.9392224558723,"{""type"":""MultiPoint"",""coordinates"":[]}"
20050622,2005-06-22,826.2390174288612,827.7289791231251,824.4873395855341,"{""type"":""MultiPoint"",""coordinates"":[]}"
20050623,2005-06-23,825.7009354761431,827.1709953465293,823.9606773915774,"{""type"":""MultiPoint"",""coordinates"":[]}"
20050624,2005-06-24,825.0214070540017,826.7368327202771,822.9806581765711,"{""type"":""MultiPoint"",""coordinates"":[]}"
20050625,2005-06-25,824.8279672378573,826.3259843710597,823.2509233128716,"{""type"":""MultiPoint"",""coordinates"":[]}"
20050626,2005-06-26,824.0051884198186,825.4545955912572,822.2361179520893,"{""type"":""MultiPoint"",""coordinates"":[]}"
20050627,2005-06-27,823.5036564673076,824.828559120315,821.8555265592706,"{""type"":""MultiPoint"",""coordinates"":[]}"
20050628,2005-06-28,823.2533403701038,824.664895981044,821.5566294892632,"{""type"":""MultiPoint"",""coordinates"":[]}"
20050629,2005-06-29,823.7720230064502,825.2856795650072,822.1157057069603,"{""type"":""MultiPoint"",""coordinates"":[]}"
20050630,2005-06-30,823.7450640046246,825.2205369212664,822.027147597865,"{""type"":""MultiPoint"",""coordinates"":[]}"
20050701,2005-07-01,824.4632369359824,826.01449672284,822.7288657072381,"{""type"":""MultiPoint"",""coordinates"":[]}"
20050702,2005-07-02,824.5874387627555,826.0086718824962,822.8300799603758,"{""type"":""MultiPoint"",""coordinates"":[]}"
20050703,2005-07-03,824.2090085653934,825.7555344285219,822.4666816329102,"{""type"":""MultiPoint"",""coordinates"":[]}"
20050704,2005-07-04,823.3430497231544,824.8563173704371,821.4512717541039,"{""type"":""MultiPoint"",""coordinates"":[]}"
20050705,2005-07-05,824.0087295017663,825.8507290371995,822.0548911228764,"{""type"":""MultiPoint"",""coordinates"":[]}"
20050706,2005-07-06,825.6099067278559,827.0468245353372,823.9567527109249,"{""type"":""MultiPoint"",""coordinates"":[]}"
20050707,2005-07-07,825.8679227765657,827.3342318181565,824.1146940529027,"{""type"":""MultiPoint"",""coordinates"":[]}"
20050708,2005-07-08,825.6998565602834,827.1371418763825,823.9082375944732,"{""type"":""MultiPoint"",""coordinates"":[]}"
20050709,2005-07-09,825.4862776774439,826.9431105784695,823.6423119380162,"{""type"":""MultiPoint"",""coordinates"":[]}"
20050710,2005-07-10,826.4681505406428,827.856490205807,824.876315264227,"{""type"":""MultiPoint"",""coordinates"":[]}"
20050711,2005-07-11,827.7673045046647,829.0925140360581,826.2433827686598,"{""type"":""MultiPoint"",""coordinates"":[]}"
20050712,2005-07-12,827.4403945418621,828.7868836555842,825.8669043948305,"{""type"":""MultiPoint"",""coordinates"":[]}"
20050713,2005-07-13,827.2421588270203,828.5212054969999,825.4676364323934,"{""type"":""MultiPoint"",""coordinates"":[]}"
20050714,2005-07-14,828.2445302175389,829.6996907471722,826.5986949757605,"{""type"":""MultiPoint"",""coordinates"":[]}"
20050715,2005-07-15,828.3413011080728,829.8432073113904,826.5752229889282,"{""type"":""MultiPoint"",""coordinates"":[]}"
20050716,2005-07-16,827.3359509148969,829.0258925416032,825.5487092492501,"{""type"":""MultiPoint"",""coordinates"":[]}"
20050717,2005-07-17,826.4021295718796,827.9607248042288,824.5160939908169,"{""type"":""MultiPoint"",""coordinates"":[]}"
20050718,2005-07-18,827.4575171252268,828.9491480530146,825.7143481839887,"{""type"":""MultiPoint"",""coordinates"":[]}"
20050719,2005-07-19,827.1823758814229,828.8714367887455,825.2746953896732,"{""type"":""MultiPoint"",""coordinates"":[]}"
20050720,2005-07-20,826.1190667074736,827.5092597184054,824.285144861277,"{""type"":""MultiPoint"",""coordinates"":[]}"
20050721,2005-07-21,825.6101755414294,827.2764042526983,823.7595180997357,"{""type"":""MultiPoint"",""coordinates"":[]}"
20050722,2005-07-22,824.868301332581,826.4810901833662,823.00030589321,"{""type"":""MultiPoint"",""coordinates"":[]}"
20050723,2005-07-23,824.8917920052115,826.3199254297632,823.1979998838519,"{""type"":""MultiPoint"",""coordinates"":[]}"
20050724,2005-07-24,824.4963443897277,826.1189049962843,822.7054424970436,"{""type"":""MultiPoint"",""coordinates"":[]}"
20050725,2005-07-25,823.5615932328651,824.9900028051779,821.8053222630728,"{""type"":""MultiPoint"",""coordinates"":[]}"
20050726,2005-07-26,823.8395197949428,825.2665005232454,822.1705092494307,"{""type"":""MultiPoint"",""coordinates"":[]}"
20050727,2005-07-27,824.0009400906473,825.408758145902,822.334530016944,"{""type"":""MultiPoint"",""coordinates"":[]}"
20050728,2005-07-28,824.061940631664,825.5922415290675,822.2397549606183,"{""type"":""MultiPoint"",""coordinates"":[]}"
20050729,2005-07-29,823.8122346899768,825.2622483760547,822.0994210726232,"{""type"":""MultiPoint"",""coordinates"":[]}"
20050730,2005-07-30,823.4728499165374,824.9070036768815,821.8043549763595,"{""type"":""MultiPoint"",""coordinates"":[]}"
20050731,2005-07-31,823.5996681598158,825.126762185782,821.9149853530588,"{""type"":""MultiPoint"",""coordinates"":[]}"
20050801,2005-08-01,823.5736162073606,825.0758477995751,821.8280180542399,"{""type"":""MultiPoint"",""coordinates"":[]}"
20050802,2005-08-02,824.0275872192333,825.6173153768729,822.3045920954758,"{""type"":""MultiPoint"",""coordinates"":[]}"
20050803,2005-08-03,824.9026569373503,826.6007171323204,823.0261172336352,"{""type"":""MultiPoint"",""coordinates"":[]}"
20050804,2005-08-04,825.0202061496793,826.7124554941159,823.2950029100023,"{""type"":""MultiPoint"",""coordinates"":[]}"
20050805,2005-08-05,824.1173701658105,825.8448448784656,822.3501413651588,"{""type"":""MultiPoint"",""coordinates"":[]}"
20050806,2005-08-06,822.8524402087311,824.2767610946039,821.2308873178366,"{""type"":""MultiPoint"",""coordinates"":[]}"
20050807,2005-08-07,823.3651608583343,825.1511589916591,821.6746240270611,"{""type"":""MultiPoint"",""coordinates"":[]}"
20050808,2005-08-08,825.214564058616,826.6256628451604,823.5109408526992,"{""type"":""MultiPoint"",""coordinates"":[]}"
20050809,2005-08-09,825.7513853945479,827.1781219520253,824.3023269124295,"{""type"":""MultiPoint"",""coordinates"":[]}"
20050810,2005-08-10,824.962410870582,826.6262655568519,823.1033480935844,"{""type"":""MultiPoint"",""coordinates"":[]}"
20050811,2005-08-11,824.6647389162354,826.1180771964379,822.9986957399344,"{""type"":""MultiPoint"",""coordinates"":[]}"
20050812,2005-08-12,825.2197817650654,826.4914722960074,823.5828984313719,"{""type"":""MultiPoint"",""coordinates"":[]}"
20050813,2005-08-13,825.9618287455119,827.5302210648917,824.1194396667842,"{""type"":""MultiPoint"",""coordinates"":[]}"
20050814,2005-08-14,826.1609406391676,827.8140569008548,824.3275383350638,"{""type"":""MultiPoint"",""coordinates"":[]}"
20050815,2005-08-15,825.9267267966798,827.4018944343081,824.0981378393637,"{""type"":""MultiPoint"",""coordinates"":[]}"
20050816,2005-08-16,826.3897655449624,827.8799842205394,824.6806431408866,"{""type"":""MultiPoint"",""coordinates"":[]}"
20050817,2005-08-17,825.9389082398778,827.3762113912051,824.1034223854249,"{""type"":""MultiPoint"",""coordinates"":[]}"
20050818,2005-08-18,826.3170783802947,827.914147073006,824.3872071033442,"{""type"":""MultiPoint"",""coordinates"":[]}"
20050819,2005-08-19,826.1517381893176,827.8253209081877,824.2381450144507,"{""type"":""MultiPoint"",""coordinates"":[]}"
20050820,2005-08-20,825.8728932625557,827.4025289388198,824.0128402614005,"{""type"":""MultiPoint"",""coordinates"":[]}"
20050821,2005-08-21,826.3543022346812,827.8296329671466,824.4314293576788,"{""type"":""MultiPoint"",""coordinates"":[]}"
20050822,2005-08-22,827.7514367194057,829.1892968162177,826.0936700083089,"{""type"":""MultiPoint"",""coordinates"":[]}"
20050823,2005-08-23,827.9756002100627,829.4703556259595,826.3909540936711,"{""type"":""MultiPoint"",""coordinates"":[]}"
20050824,2005-08-24,827.406954459951,828.8195717597241,825.8724304684589,"{""type"":""MultiPoint"",""coordinates"":[]}"
20050825,2005-08-25,827.4123394613796,828.7189116152884,825.6541893794963,"{""type"":""MultiPoint"",""coordinates"":[]}"
20050826,2005-08-26,827.7031642964079,829.2001250169011,826.0365002285118,"{""type"":""MultiPoint"",""coordinates"":[]}"
20050827,2005-08-27,827.8510459155347,829.4453384185268,826.2646552232848,"{""type"":""MultiPoint"",""coordinates"":[]}"
20050828,2005-08-28,828.1405917164649,829.4414168346576,826.4599255025845,"{""type"":""MultiPoint"",""coordinates"":[]}"
20050829,2005-08-29,828.304342259277,830.0784759940656,826.4939983811679,"{""type"":""MultiPoint"",""coordinates"":[]}"
20050830,2005-08-30,826.7507111580077,828.6896432996743,824.8687669432627,"{""type"":""MultiPoint"",""coordinates"":[]}"
20050831,2005-08-31,826.9398232742124,828.5496098546706,824.8967099285082,"{""type"":""MultiPoint"",""coordinates"":[]}"
20050901,2005-09-01,828.3679579574587,829.8212717664667,826.3882217630319,"{""type"":""MultiPoint"",""coordinates"":[]}"
20050902,2005-09-02,829.0377490773977,830.787562748613,827.0278151995789,"{""type"":""MultiPoint"",""coordinates"":[]}"
20050903,2005-09-03,828.1744215844599,830.1404307978255,826.1288452933724,"{""type"":""MultiPoint"",""coordinates"":[]}"
20050904,2005-09-04,827.2789851890243,829.1755665593549,825.0259465559415,"{""type"":""MultiPoint"",""coordinates"":[]}"
20050905,2005-09-05,827.9589747833603,829.4809234571137,826.0513682351324,"{""type"":""MultiPoint"",""coordinates"":[]}"
20050906,2005-09-06,828.9776743816344,830.5047460385837,826.8898355798267,"{""type"":""MultiPoint"",""coordinates"":[]}"
20050907,2005-09-07,829.639515768349,831.3387205408336,827.5235859756998,"{""type"":""MultiPoint"",""coordinates"":[]}"
20050908,2005-09-08,829.2527837887485,830.8666224346176,827.2153572579055,"{""type"":""MultiPoint"",""coordinates"":[]}"
20050909,2005-09-09,828.6403575905889,830.6680859640849,826.4528726112409,"{""type"":""MultiPoint"",""coordinates"":[]}"
20050910,2005-09-10,826.9821098820513,828.9647207652466,824.817676661663,"{""type"":""MultiPoint"",""coordinates"":[]}"
20050911,2005-09-11,826.0121804116221,827.6372704517789,823.9029730384358,"{""type"":""MultiPoint"",""coordinates"":[]}"
20050912,2005-09-12,826.6323540977509,828.1650524321831,824.5546031474402,"{""type"":""MultiPoint"",""coordinates"":[]}"
20050913,2005-09-13,828.1081289218122,829.6237305929457,826.1576258685859,"{""type"":""MultiPoint"",""coordinates"":[]}"
20050914,2005-09-14,829.0132227204442,830.6268175992948,826.9581516492589,"{""type"":""MultiPoint"",""coordinates"":[]}"
20050915,2005-09-15,828.9152967764755,830.7216389379756,827.0418408636,"{""type"":""MultiPoint"",""coordinates"":[]}"
20050916,2005-09-16,828.6077814423721,830.1972593678777,826.869537163653,"{""type"":""MultiPoint"",""coordinates"":[]}"
20050917,2005-09-17,828.8111103040729,830.280310902854,826.9567358624777,"{""type"":""MultiPoint"",""coordinates"":[]}"
20050918,2005-09-18,829.5840252686482,831.3645355170261,827.5404627707509,"{""type"":""MultiPoint"",""coordinates"":[]}"
20050919,2005-09-19,828.394295057097,830.6028736516198,826.2908301163126,"{""type"":""MultiPoint"",""coordinates"":[]}"
20050920,2005-09-20,828.0452242518503,829.5783447535465,826.3034893107542,"{""type"":""MultiPoint"",""coordinates"":[]}"
20050921,2005-09-21,829.2172054086669,830.7195767272553,827.3994704233126,"{""type"":""MultiPoint"",""coordinates"":[]}"
20050922,2005-09-22,829.6420153554816,831.4087337274948,827.6638163830012,"{""type"":""MultiPoint"",""coordinates"":[]}"
20050923,2005-09-23,829.0269104099658,830.921817183892,827.0212407802858,"{""type"":""MultiPoint"",""coordinates"":[]}"
20050924,2005-09-24,828.3415698865043,830.1524986526263,826.536287402619,"{""type"":""MultiPoint"",""coordinates"":[]}"
20050925,2005-09-25,827.744528280628,829.2250401610822,826.1996957223597,"{""type"":""MultiPoint"",""coordinates"":[]}"
20050926,2005-09-26,827.9349773807743,829.3152716221476,826.0984696499355,"{""type"":""MultiPoint"",""coordinates"":[]}"
20050927,2005-09-27,829.1873631882652,830.7439191578425,827.3662838987956,"{""type"":""MultiPoint"",""coordinates"":[]}"
20050928,2005-09-28,829.4425026781703,831.3164389773762,827.6779971132665,"{""type"":""MultiPoint"",""coordinates"":[]}"
20050929,2005-09-29,829.2210790867803,830.7951872924925,827.3248017948072,"{""type"":""MultiPoint"",""coordinates"":[]}"
20050930,2005-09-30,830.5676404885406,831.9577451676678,828.6772962875182,"{""type"":""MultiPoint"",""coordinates"":[]}"
20051001,2005-10-01,831.2831356788085,832.9540687183136,829.6540431292996,"{""type"":""MultiPoint"",""coordinates"":[]}"
20051002,2005-10-02,830.8399852701415,832.9593765395414,828.9732142632303,"{""type"":""MultiPoint"",""coordinates"":[]}"
20051003,2005-10-03,829.6575027535674,831.3999818263422,827.6988584787501,"{""type"":""MultiPoint"",""coordinates"":[]}"
20051004,2005-10-04,830.5635547275607,832.0155522530216,828.8641436714275,"{""type"":""MultiPoint"",""coordinates"":[]}"
20051005,2005-10-05,831.6501427931828,833.302887605974,829.8552400777584,"{""type"":""MultiPoint"",""coordinates"":[]}"
20051006,2005-10-06,832.1628432294461,834.0119750012908,830.3029308097218,"{""type"":""MultiPoint"",""coordinates"":[]}"
20051007,2005-10-07,831.749079298632,833.7393624555083,829.7720777891009,"{""type"":""MultiPoint"",""coordinates"":[]}"
20051008,2005-10-08,831.518801238562,833.2749890981909,829.6268927267623,"{""type"":""MultiPoint"",""coordinates"":[]}"
20051009,2005-10-09,831.3708083834991,833.1547839146968,829.6747879393316,"{""type"":""MultiPoint"",""coordinates"":[]}"
20051010,2005-10-10,831.3534536334611,832.9572245138825,829.5700741744713,"{""type"":""MultiPoint"",""coordinates"":[]}"
20051011,2005-10-11,831.5949288111894,833.214650861455,829.9314091211967,"{""type"":""MultiPoint"",""coordinates"":[]}"
20051012,2005-10-12,831.1911581616937,833.211876593731,829.3150449556114,"{""type"":""MultiPoint"",""coordinates"":[]}"
20051013,2005-10-13,830.7251288117347,832.2517378354615,828.8983281925368,"{""type"":""MultiPoint"",""coordinates"":[]}"
20051014,2005-10-14,830.762981418092,832.3924681549171,828.8168164846085,"{""type"":""MultiPoint"",""coordinates"":[]}"
20051015,2005-10-15,831.0419288567297,832.7767259920965,829.118884836414,"{""type"":""MultiPoint"",""coordinates"":[]}"
20051016,2005-10-16,831.4935956434838,833.0761920844003,829.4996676993375,"{""type"":""MultiPoint"",""coordinates"":[]}"
20051017,2005-10-17,831.632288383911,833.4639587761699,829.6867037784052,"{""type"":""MultiPoint"",""coordinates"":[]}"
20051018,2005-10-18,831.3775168126626,833.4677022441468,829.4396776673306,"{""type"":""MultiPoint"",""coordinates"":[]}"
20051019,2005-10-19,831.1672582943658,833.0087791883702,829.3123519086007,"{""type"":""MultiPoint"",""coordinates"":[]}"
20051020,2005-10-20,831.2623465069578,833.1297528354286,829.5020178579477,"{""type"":""MultiPoint"",""coordinates"":[]}"
20051021,2005-10-21,831.9794030860658,833.6494222973068,830.2698260508671,"{""type"":""MultiPoint"",""coordinates"":[]}"
20051022,2005-10-22,832.0445222892429,833.7969195409968,830.3911676954942,"{""type"":""MultiPoint"",""coordinates"":[]}"
20051023,2005-10-23,831.7248641364532,833.3814217173659,830.0848757674744,"{""type"":""MultiPoint"",""coordinates"":[]}"
20051024,2005-10-24,831.458409416825,833.2154799470335,829.766843148838,"{""type"":""MultiPoint"",""coordinates"":[]}"
20051025,2005-10-25,830.6673453890054,832.601019094467,828.9328682584859,"{""type"":""MultiPoint"",""coordinates"":[]}"
20051026,2005-10-26,830.6880325812594,832.269950012477,828.9486096390525,"{""type"":""MultiPoint"",""coordinates"":[]}"
20051027,2005-10-27,831.7985304002826,833.4027830844801,829.7672556927835,"{""type"":""MultiPoint"",""coordinates"":[]}"
20051028,2005-10-28,832.5565080915004,834.5432909389211,830.8293596138328,"{""type"":""MultiPoint"",""coordinates"":[]}"
20051029,2005-10-29,830.6197157392878,833.1553669683678,828.5319886017832,"{""type"":""MultiPoint"",""coordinates"":[]}"
20051030,2005-10-30,829.509441650216,831.2813766503876,827.601644262197,"{""type"":""MultiPoint"",""coordinates"":[]}"
20051031,2005-10-31,829.2943960995186,831.0968821583792,827.5316068913086,"{""type"":""MultiPoint"",""coordinates"":[]}"
20051101,2005-11-01,829.8352787255034,831.4062885831063,828.0137638025606,"{""type"":""MultiPoint"",""coordinates"":[]}"
20051102,2005-11-02,830.9274649303065,832.5149638785344,829.4211116046552,"{""type"":""MultiPoint"",""coordinates"":[]}"
20051103,2005-11-03,831.2181997252471,832.9192798124197,829.7344420294618,"{""type"":""MultiPoint"",""coordinates"":[]}"
20051104,2005-11-04,831.9505504994522,833.5287924810273,830.4460642516756,"{""type"":""MultiPoint"",""coordinates"":[]}"
20051105,2005-11-05,832.5753465735409,834.0816396495125,831.1599449243571,"{""type"":""MultiPoint"",""coordinates"":[]}"
20051106,2005-11-06,831.9247824491442,833.6328643492259,830.4460492441054,"{""type"":""MultiPoint"",""coordinates"":[]}"
20051107,2005-11-07,831.2236782313848,832.8534828914405,829.7413703454409,"{""type"":""MultiPoint"",""coordinates"":[]}"
20051108,2005-11-08,831.6973262823716,833.2975109346831,830.1244246946685,"{""type"":""MultiPoint"",""coordinates"":[]}"
20051109,2005-11-09,831.9150994335517,833.7982754389305,830.1871735967768,"{""type"":""MultiPoint"",""coordinates"":[]}"
20051110,2005-11-10,831.1647404149245,833.1419850496663,829.5656107479954,"{""type"":""MultiPoint"",""coordinates"":[]}"
20051111,2005-11-11,830.9681549873382,832.7712901423254,829.3908711579604,"{""type"":""MultiPoint"",""coordinates"":[]}"
20051112,2005-11-12,831.6290544076705,833.3665451662125,830.0919013396704,"{""type"":""MultiPoint"",""coordinates"":[]}"
20051113,2005-11-13,831.6606556104856,833.3089221689177,830.0571139896607,"{""type"":""MultiPoint"",""coordinates"":[]}"
20051114,2005-11-14,831.3734961877149,833.4741871919488,829.6333717746577,"{""type"":""MultiPoint"",""coordinates"":[]}"
20051115,2005-11-15,830.0520002652022,832.2606113268846,828.2770870336539,"{""type"":""MultiPoint"",""coordinates"":[]}"
20051116,2005-11-16,830.1448983190515,831.690497649364,828.4182384409615,"{""type"":""MultiPoint"",""coordinates"":[]}"
20051117,2005-11-17,831.1366716750894,833.1046515746086,829.3316611060642,"{""type"":""MultiPoint"",""coordinates"":[]}"
20051118,2005-11-18,831.7528995210488,833.351881290935,829.9434817039516,"{""type"":""MultiPoint"",""coordinates"":[]}"
20051119,2005-11-19,832.6562311091096,834.03839510073,830.9870512327167,"{""type"":""MultiPoint"",""coordinates"":[]}"
20051120,2005-11-20,832.9816001841606,834.7022102930101,831.3264855031493,"{""type"":""MultiPoint"",""coordinates"":[]}"
20051121,2005-11-21,832.7091200436906,834.706105321167,831.0830999144921,"{""type"":""MultiPoint"",""coordinates"":[]}"
20051122,2005-11-22,831.8818577169026,833.6987432495196,830.3229185187113,"{""type"":""MultiPoint"",""coordinates"":[]}"
20051123,2005-11-23,831.8887561927096,833.5515451734552,830.377693944618,"{""type"":""MultiPoint"",""coordinates"":[]}"
20051124,2005-11-24,832.2522119196178,833.8799813141304,830.4511964285906,"{""type"":""MultiPoint"",""coordinates"":[]}"
20051125,2005-11-25,831.629508982106,833.7641750023023,829.699147891967,"{""type"":""MultiPoint"",""coordinates"":[]}"
20051126,2005-11-26,831.1818311113035,832.8059296482518,829.6331079782902,"{""type"":""MultiPoint"",""coordinates"":[]}"
20051127,2005-11-27,831.9250738254468,833.4533631431268,830.3022105448092,"{""type"":""MultiPoint"",""coordinates"":[]}"
20051128,2005-11-28,832.0557099417715,833.7692173809271,830.3891377926385,"{""type"":""MultiPoint"",""coordinates"":[]}"
20051129,2005-11-29,830.4346254486277,833.0160411331992,828.1631201600808,"{""type"":""MultiPoint"",""coordinates"":[]}"
20051130,2005-11-30,827.8350930471499,829.9255845015546,826.1566734317951,"{""type"":""MultiPoint"",""coordinates"":[]}"
20051201,2005-12-01,829.2309472772301,830.7553913953593,827.2252410033525,"{""type"":""MultiPoint"",""coordinates"":[]}"
20051202,2005-12-02,831.8472436930429,833.3886456888655,830.0404697886561,"{""type"":""MultiPoint"",""coordinates"":[]}"
20051203,2005-12-03,831.1555048277959,833.8199787568756,828.774709126333,"{""type"":""MultiPoint"",""coordinates"":[]}"
20051204,2005-12-04,829.7596339530293,831.7168414482071,827.6802594835799,"{""type"":""MultiPoint"",""coordinates"":[]}"
20051205,2005-12-05,830.5439281124989,832.1349801312185,828.5964141085193,"{""type"":""MultiPoint"",""coordinates"":[]}"
20051206,2005-12-06,831.5095368633066,833.1367303106802,829.8616155123091,"{""type"":""MultiPoint"",""coordinates"":[]}"
20051207,2005-12-07,831.0882410430626,832.9813261351873,829.4379503374091,"{""type"":""MultiPoint"",""coordinates"":[]}"
20051208,2005-12-08,829.8665144631339,831.9076653954744,828.1168395047611,"{""type"":""MultiPoint"",""coordinates"":[]}"
20051209,2005-12-09,829.4901574540625,831.0725852636883,827.6337501248803,"{""type"":""MultiPoint"",""coordinates"":[]}"
20051210,2005-12-10,830.6176237971347,832.4351831493238,828.836506266881,"{""type"":""MultiPoint"",""coordinates"":[]}"
20051211,2005-12-11,832.0673687176023,833.7318421211594,830.3752564996031,"{""type"":""MultiPoint"",""coordinates"":[]}"
20051212,2005-12-12,832.5841642989392,834.0462838363743,831.0107861410575,"{""type"":""MultiPoint"",""coordinates"":[]}"
20051213,2005-12-13,832.4333225378322,834.4761391853729,830.6751513298194,"{""type"":""MultiPoint"",""coordinates"":[]}"
20051214,2005-12-14,831.7942606146688,833.3849404033119,830.0733388266401,"{""type"":""MultiPoint"",""coordinates"":[]}"
20051215,2005-12-15,833.148536983589,834.4166732577648,831.641581146509,"{""type"":""MultiPoint"",""coordinates"":[]}"
20051216,2005-12-16,833.8096489723322,835.5715662953281,832.3716289153891,"{""type"":""MultiPoint"",""coordinates"":[]}"
20051217,2005-12-17,832.8037894340465,834.7437868697764,831.2045828474438,"{""type"":""MultiPoint"",""coordinates"":[]}"
20051218,2005-12-18,830.815270707456,833.3429610616339,828.9887278315178,"{""type"":""MultiPoint"",""coordinates"":[]}"
20051219,2005-12-19,830.0346682172031,831.7972846641665,828.3580044365572,"{""type"":""MultiPoint"",""coordinates"":[]}"
20051220,2005-12-20,830.8140738175523,832.2133447595994,829.1654137621806,"{""type"":""MultiPoint"",""coordinates"":[]}"
20051221,2005-12-21,831.6558411308138,833.4578184227898,829.9333532398498,"{""type"":""MultiPoint"",""coordinates"":[]}"
20051222,2005-12-22,830.4511450748781,832.8396180992078,828.5750494379885,"{""type"":""MultiPoint"",""coordinates"":[]}"
20051223,2005-12-23,829.6565897184149,831.0775838575103,828.0865965152117,"{""type"":""MultiPoint"",""coordinates"":[]}"
20051224,2005-12-24,830.7934991665884,832.3928933735318,829.1315537568181,"{""type"":""MultiPoint"",""coordinates"":[]}"
20051225,2005-12-25,831.9347935446384,833.8262839643081,830.0882015125497,"{""type"":""MultiPoint"",""coordinates"":[]}"
20051226,2005-12-26,832.3780697741372,834.1544674943528,830.6513162537475,"{""type"":""MultiPoint"",""coordinates"":[]}"
20051227,2005-12-27,832.2913976339815,834.1477336318311,830.5839652486346,"{""type"":""MultiPoint"",""coordinates"":[]}"
20051228,2005-12-28,831.5171049919537,833.5687429183367,829.8663098337515,"{""type"":""MultiPoint"",""coordinates"":[]}"
20051229,2005-12-29,831.7384928619265,833.4386844482134,830.1416142839466,"{""type"":""MultiPoint"",""coordinates"":[]}"
20051230,2005-12-30,832.2843429325725,833.9179388830427,830.7546610174354,"{""type"":""MultiPoint"",""coordinates"":[]}"
20051231,2005-12-31,832.8423341022209,834.3277269735289,831.1806520583228,"{""type"":""MultiPoint"",""coordinates"":[]}"
20060101,2006-01-01,832.250749428639,834.3752860683962,830.6626745753299,"{""type"":""MultiPoint"",""coordinates"":[]}"
20060102,2006-01-02,830.4236466101355,832.5305665951271,828.5572839118232,"{""type"":""MultiPoint"",""coordinates"":[]}"
20060103,2006-01-03,830.2970907322206,832.3065379047799,828.1686670211268,"{""type"":""MultiPoint"",""coordinates"":[]}"
20060104,2006-01-04,830.8617503701246,832.5577689160066,829.3424790643564,"{""type"":""MultiPoint"",""coordinates"":[]}"
20060105,2006-01-05,831.0243175146728,832.4756214583122,829.481423394728,"{""type"":""MultiPoint"",""coordinates"":[]}"
20060106,2006-01-06,831.2388150410989,832.9100604414856,829.5802185742165,"{""type"":""MultiPoint"",""coordinates"":[]}"
20060107,2006-01-07,832.0014508388638,833.6391365363944,830.2459579620953,"{""type"":""MultiPoint"",""coordinates"":[]}"
20060108,2006-01-08,831.7329565010281,833.6994075549603,830.1663168038259,"{""type"":""MultiPoint"",""coordinates"":[]}"
20060109,2006-01-09,831.4632910765254,833.1210872646717,829.6984574276498,"{""type"":""MultiPoint"",""coordinates"":[]}"
20060110,2006-01-10,830.6044006611114,832.8555770779901,828.8132219483397,"{""type"":""MultiPoint"",""coordinates"":[]}"
20060111,2006-01-11,830.3697740204088,832.2474544488938,828.7013989018144,"{""type"":""MultiPoint"",""coordinates"":[]}"
20060112,2006-01-12,829.8242703541853,831.9961995301707,828.1958035225708,"{""type"":""MultiPoint"",""coordinates"":[]}"
20060113,2006-01-13,828.839118785988,830.49900804572,827.1250097545043,"{""type"":""MultiPoint"",""coordinates"":[]}"
20060114,2006-01-14,828.6240861197605,830.5748558721233,826.6417530405392,"{""type"":""MultiPoint"",""coordinates"":[]}"
20060115,2006-01-15,828.286529951421,830.2710844729773,826.685746126645,"{""type"":""MultiPoint"",""coordinates"":[]}"
20060116,2006-01-16,827.9889703942811,829.57040334002,826.3423942763536,"{""type"":""MultiPoint"",""coordinates"":[]}"
20060117,2006-01-17,827.5214033736506,829.582190916153,825.6335825601889,"{""type"":""MultiPoint"",""coordinates"":[]}"
20060118,2006-01-18,828.4360220000071,830.0397974164856,826.6900402102196,"{""type"":""MultiPoint"",""coordinates"":[]}"
20060119,2006-01-19,829.3345675049395,830.7606173999877,827.7394217575329,"{""type"":""MultiPoint"",""coordinates"":[]}"
20060120,2006-01-20,830.211868665346,831.7610740526196,828.4498165685486,"{""type"":""MultiPoint"",""coordinates"":[]}"
20060121,2006-01-21,829.575022528443,832.1209938058541,827.448173520231,"{""type"":""MultiPoint"",""coordinates"":[]}"
20060122,2006-01-22,828.8563192351673,830.9705846952821,827.1217841030038,"{""type"":""MultiPoint"",""coordinates"":[]}"
20060123,2006-01-23,829.0937658168295,830.5993132382443,827.3688779000281,"{""type"":""MultiPoint"",""coordinates"":[]}"
20060124,2006-01-24,831.7136873334699,833.340070597229,829.4374716116527,"{""type"":""MultiPoint"",""coordinates"":[]}"
20060125,2006-01-25,833.3509789383048,834.9180822250923,831.500331575213,"{""type"":""MultiPoint"",""coordinates"":[]}"
20060126,2006-01-26,833.809970305959,835.9538695241621,831.9618283571639,"{""type"":""MultiPoint"",""coordinates"":[]}"
20060127,2006-01-27,832.5912450403823,834.732290807615,830.7784361670841,"{""type"":""MultiPoint"",""coordinates"":[]}"
20060128,2006-01-28,831.1903876647556,833.1442940743227,829.3958638367632,"{""type"":""MultiPoint"",""coordinates"":[]}"
20060129,2006-01-29,831.9876342140818,833.8691923392098,830.010485162527,"{""type"":""MultiPoint"",""coordinates"":[]}"
20060130,2006-01-30,833.8926650356866,835.3876943627413,831.9630431504945,"{""type"":""MultiPoint"",""coordinates"":[]}"
20060131,2006-01-31,834.639554509998,836.2166956207791,833.0262682493598,"{""type"":""MultiPoint"",""coordinates"":[]}"
20060201,2006-02-01,834.2495043955022,836.1198477823971,832.4702711457844,"{""type"":""MultiPoint"",""coordinates"":[]}"
20060202,2006-02-02,834.0527877243431,835.849640232091,832.2943157223135,"{""type"":""MultiPoint"",""coordinates"":[]}"
20060203,2006-02-03,834.2457217093337,835.9691986731655,832.3999011184991,"{""type"":""MultiPoint"",""coordinates"":[]}"
20060204,2006-02-04,834.3081647561195,836.4606749651706,832.1372286340447,"{""type"":""MultiPoint"",""coordinates"":[]}"
20060205,2006-02-05,833.4746811294557,835.379270915484,831.7187027453112,"{""type"":""MultiPoint"",""coordinates"":[]}"
20060206,2006-02-06,832.7144403707281,834.7858473569255,831.0029936626844,"{""type"":""MultiPoint"",""coordinates"":[]}"
20060207,2006-02-07,832.43242877153,833.911839966979,830.6543873194734,"{""type"":""MultiPoint"",""coordinates"":[]}"
20060208,2006-02-08,833.6399589321256,835.042718576638,831.7556621864344,"{""type"":""MultiPoint"",""coordinates"":[]}"
20060209,2006-02-09,834.2417656512532,836.1491689892403,832.2293005838734,"{""type"":""MultiPoint"",""coordinates"":[]}"
20060210,2006-02-10,832.9645560272968,835.434698853946,830.7014539809588,"{""type"":""MultiPoint"",""coordinates"":[]}"
20060211,2006-02-11,831.6506159470102,833.879976132777,829.5866148708106,"{""type"":""MultiPoint"",""coordinates"":[]}"
20060212,2006-02-12,831.1596515881453,833.0979401817403,829.3650112144904,"{""type"":""MultiPoint"",""coordinates"":[]}"
20060213,2006-02-13,829.8589566830916,832.2208828561321,827.7700961358355,"{""type"":""MultiPoint"",""coordinates"":[]}"
20060214,2006-02-14,827.7876833205263,830.1801534125855,825.6900100568677,"{""type"":""MultiPoint"",""coordinates"":[]}"
20060215,2006-02-15,826.41010198944,828.6159265702157,824.5141626828444,"{""type"":""MultiPoint"",""coordinates"":[]}"
20060216,2006-02-16,827.130216605521,828.9113992057019,824.9244892567893,"{""type"":""MultiPoint"",""coordinates"":[]}"
20060217,2006-02-17,829.4591121528734,831.213105292209,827.2191953539735,"{""type"":""MultiPoint"",""coordinates"":[]}"
20060218,2006-02-18,830.4307969529691,832.384695946715,828.6907208309416,"{""type"":""MultiPoint"",""coordinates"":[]}"
20060219,2006-02-19,829.9177658812958,831.984153176841,827.9569470014536,"{""type"":""MultiPoint"",""coordinates"":[]}"
20060220,2006-02-20,829.8515079819356,831.893806624845,827.9516425460645,"{""type"":""MultiPoint"",""coordinates"":[]}"
20060221,2006-02-21,829.6687407294456,831.6618766922205,827.908643374611,"{""type"":""MultiPoint"",""coordinates"":[]}"
20060222,2006-02-22,829.4868707314407,831.5801721873885,827.6015717399588,"{""type"":""MultiPoint"",""coordinates"":[]}"
20060223,2006-02-23,829.2370686631041,831.3860746091791,827.3918342745378,"{""type"":""MultiPoint"",""coordinates"":[]}"
20060224,2006-02-24,828.6779302242539,830.6676835486464,826.6956171522972,"{""type"":""MultiPoint"",""coordinates"":[]}"
20060225,2006-02-25,828.0208181893493,830.192436066459,826.0162600860612,"{""type"":""MultiPoint"",""coordinates"":[]}"
20060226,2006-02-26,827.6792299512867,829.9270581035274,825.4623972573977,"{""type"":""MultiPoint"",""coordinates"":[]}"
20060227,2006-02-27,827.7727868514149,829.994596466925,825.795172550369,"{""type"":""MultiPoint"",""coordinates"":[]}"
20060228,2006-02-28,828.3032067829324,830.1630455049516,826.3581640004116,"{""type"":""MultiPoint"",""coordinates"":[]}"
20060301,2006-03-01,828.9144459281337,830.8034386164719,826.8375525754101,"{""type"":""MultiPoint"",""coordinates"":[]}"
20060302,2006-03-02,829.0239687557547,830.8764220654575,827.0830341315346,"{""type"":""MultiPoint"",""coordinates"":[]}"
20060303,2006-03-03,829.7338227063419,831.6337524222716,827.9442066272638,"{""type"":""MultiPoint"",""coordinates"":[]}"
20060304,2006-03-04,829.276325200291,831.1677391238452,827.3876584975308,"{""type"":""MultiPoint"",""coordinates"":[]}"
20060305,2006-03-05,829.1783215580823,830.8224620867492,827.4917605985747,"{""type"":""MultiPoint"",""coordinates"":[]}"
20060306,2006-03-06,829.9444714323547,831.6185915283929,828.1014009641932,"{""type"":""MultiPoint"",""coordinates"":[]}"
20060307,2006-03-07,830.5418900517709,832.314298714309,828.6455047692112,"{""type"":""MultiPoint"",""coordinates"":[]}"
20060308,2006-03-08,831.9022259119909,833.5033205956514,829.7957428930671,"{""type"":""MultiPoint"",""coordinates"":[]}"
20060309,2006-03-09,832.4334474136417,834.6665767452693,830.4330804499016,"{""type"":""MultiPoint"",""coordinates"":[]}"
20060310,2006-03-10,830.2276571131168,832.6939082308496,827.9991166607621,"{""type"":""MultiPoint"",""coordinates"":[]}"
20060311,2006-03-11,828.3943027973106,830.5534567306834,826.3355464296827,"{""type"":""MultiPoint"",""coordinates"":[]}"
20060312,2006-03-12,827.7119138796013,829.5656149995516,825.5322076188288,"{""type"":""MultiPoint"",""coordinates"":[]}"
20060313,2006-03-13,828.2978948262947,829.9178429571584,826.4224472859388,"{""type"":""MultiPoint"",""coordinates"":[]}"
20060314,2006-03-14,828.7551510332765,830.7796738907804,826.6511184918045,"{""type"":""MultiPoint"",""coordinates"":[]}"
20060315,2006-03-15,828.4625365860626,830.5036262391651,826.3310599109722,"{""type"":""MultiPoint"",""coordinates"":[]}"
20060316,2006-03-16,827.8114155563082,829.8856465338574,825.7384995478812,"{""type"":""MultiPoint"",""coordinates"":[]}"
20060317,2006-03-17,828.5923224344133,830.4152889517476,826.5375926452855,"{""type"":""MultiPoint"",""coordinates"":[]}"
20060318,2006-03-18,829.3436936471757,831.2110268784791,827.5237868093361,"{""type"":""MultiPoint"",""coordinates"":[]}"
20060319,2006-03-19,829.2811468815182,831.3073237891846,827.4720707771218,"{""type"":""MultiPoint"",""coordinates"":[]}"
20060320,2006-03-20,828.1378428045483,830.275030071025,826.1588026657463,"{""type"":""MultiPoint"",""coordinates"":[]}"
20060321,2006-03-21,826.9165973281462,829.4065145843107,824.8315869020703,"{""type"":""MultiPoint"",""coordinates"":[]}"
20060322,2006-03-22,826.3822207133435,828.2632730692934,824.5486680119336,"{""type"":""MultiPoint"",""coordinates"":[]}"
20060323,2006-03-23,826.5191814901026,828.3838890765568,824.5537495575965,"{""type"":""MultiPoint"",""coordinates"":[]}"
20060324,2006-03-24,827.014263369764,828.9160604713459,825.0573508255411,"{""type"":""MultiPoint"",""coordinates"":[]}"
20060325,2006-03-25,827.5311028094297,829.254072463269,825.6744449680974,"{""type"":""MultiPoint"",""coordinates"":[]}"
20060326,2006-03-26,827.6055918416431,829.5720739861705,825.7060247744357,"{""type"":""MultiPoint"",""coordinates"":[]}"
20060327,2006-03-27,827.774345076335,829.5009182128445,825.6532384876464,"{""type"":""MultiPoint"",""coordinates"":[]}"
20060328,2006-03-28,829.209604370401,831.10695342341,827.0409011360696,"{""type"":""MultiPoint"",""coordinates"":[]}"
20060329,2006-03-29,829.8034919449472,831.7309658277193,827.7405507147419,"{""type"":""MultiPoint"",""coordinates"":[]}"
20060330,2006-03-30,830.1542393106727,831.9762438141513,828.2473374276911,"{""type"":""MultiPoint"",""coordinates"":[]}"
20060331,2006-03-31,829.1232180381501,831.3747114334128,827.019188427128,"{""type"":""MultiPoint"",""coordinates"":[]}"
20060401,2006-04-01,827.7514219367449,829.7212040994731,825.643255469197,"{""type"":""MultiPoint"",""coordinates"":[]}"
20060402,2006-04-02,827.4259938490475,829.358785124358,825.5424560001417,"{""type"":""MultiPoint"",""coordinates"":[]}"
20060403,2006-04-03,827.2682611240429,829.0806839616346,825.3774087581377,"{""type"":""MultiPoint"",""coordinates"":[]}"
20060404,2006-04-04,827.5985681152997,829.4768341510569,825.7190633727068,"{""type"":""MultiPoint"",""coordinates"":[]}"
20060405,2006-04-05,828.0654518664381,829.7314355764279,826.124298502744,"{""type"":""MultiPoint"",""coordinates"":[]}"
20060406,2006-04-06,827.9534960902481,829.9595660800653,826.0163071715676,"{""type"":""MultiPoint"",""coordinates"":[]}"
20060407,2006-04-07,827.2262987479994,829.2410300811513,825.2532239188141,"{""type"":""MultiPoint"",""coordinates"":[]}"
20060408,2006-04-08,826.322045737104,828.5016154204843,823.8437264427829,"{""type"":""MultiPoint"",""coordinates"":[]}"
20060409,2006-04-09,825.2088662253842,827.221598718304,822.8659309817104,"{""type"":""MultiPoint"",""coordinates"":[]}"
20060410,2006-04-10,825.7650799746535,828.2429659893965,823.2900077461848,"{""type"":""MultiPoint"",""coordinates"":[]}"
20060411,2006-04-11,825.7912873691948,827.7128281825317,823.91726749262,"{""type"":""MultiPoint"",""coordinates"":[]}"
20060412,2006-04-12,825.0350247657228,827.1461707358203,822.9152876707205,"{""type"":""MultiPoint"",""coordinates"":[]}"
20060413,2006-04-13,826.2106679023123,828.1854893183577,823.8182802149105,"{""type"":""MultiPoint"",""coordinates"":[]}"
20060414,2006-04-14,828.4806791994366,830.2203439681371,826.3950853454892,"{""type"":""MultiPoint"",""coordinates"":[]}"
20060415,2006-04-15,827.9741128927843,830.2487152401228,825.8937904857421,"{""type"":""MultiPoint"",""coordinates"":[]}"
20060416,2006-04-16,826.9881141531549,828.5138933336201,825.0318176805201,"{""type"":""MultiPoint"",""coordinates"":[]}"
20060417,2006-04-17,828.0592208119954,829.7797943214922,826.0139418225866,"{""type"":""MultiPoint"",""coordinates"":[]}"
20060418,2006-04-18,828.3016829884041,830.232556838883,826.1371527605506,"{""type"":""MultiPoint"",""coordinates"":[]}"
20060419,2006-04-19,829.1509785401889,830.8592295961973,827.209575724642,"{""type"":""MultiPoint"",""coordinates"":[]}"
20060420,2006-04-20,829.6244798881379,831.5762287220134,827.7729351755986,"{""type"":""MultiPoint"",""coordinates"":[]}"
20060421,2006-04-21,828.721037562418,830.6898568831259,826.8198520354998,"{""type"":""MultiPoint"",""coordinates"":[]}"
20060422,2006-04-22,827.9763582249425,829.8411008173139,826.2473691851654,"{""type"":""MultiPoint"",""coordinates"":[]}"
20060423,2006-04-23,827.816181005984,829.6307537959199,825.9734214599171,"{""type"":""MultiPoint"",""coordinates"":[]}"
20060424,2006-04-24,827.6390724758107,829.5096833979695,825.7786501294943,"{""type"":""MultiPoint"",""coordinates"":[]}"
20060425,2006-04-25,827.4396519752376,829.2804045780774,825.3698295010034,"{""type"":""MultiPoint"",""coordinates"":[]}"
20060426,2006-04-26,828.1624625090027,829.9829206138805,826.0651801427421,"{""type"":""MultiPoint"",""coordinates"":[]}"
20060427,2006-04-27,828.979419164752,830.8584191367164,826.8281018390427,"{""type"":""MultiPoint"",""coordinates"":[]}"
20060428,2006-04-28,828.6660814446149,830.5321805576656,826.471070646769,"{""type"":""MultiPoint"",""coordinates"":[]}"
20060429,2006-04-29,827.5567365610773,829.3707360693061,825.5407557361458,"{""type"":""MultiPoint"",""coordinates"":[]}"
20060430,2006-04-30,828.0468321171365,829.6016763668168,826.2592689522002,"{""type"":""MultiPoint"",""coordinates"":[]}"
20060501,2006-05-01,828.5078624317811,830.1565329202101,826.7534968325133,"{""type"":""MultiPoint"",""coordinates"":[]}"
20060502,2006-05-02,828.57763575532,830.1564655345519,826.6482943081115,"{""type"":""MultiPoint"",""coordinates"":[]}"
20060503,2006-05-03,828.8873298294526,830.4596779069598,826.9481414439731,"{""type"":""MultiPoint"",""coordinates"":[]}"
20060504,2006-05-04,829.1862065995033,830.8664967699838,827.2758354930303,"{""type"":""MultiPoint"",""coordinates"":[]}"
20060505,2006-05-05,829.459594855215,831.2600375650504,827.6565329538937,"{""type"":""MultiPoint"",""coordinates"":[]}"
20060506,2006-05-06,827.8304555052522,829.8599689711527,825.7485148870617,"{""type"":""MultiPoint"",""coordinates"":[]}"
20060507,2006-05-07,826.7485904991337,828.5628320816237,824.6074686162848,"{""type"":""MultiPoint"",""coordinates"":[]}"
20060508,2006-05-08,827.680029499477,829.4364367911712,825.5348930595508,"{""type"":""MultiPoint"",""coordinates"":[]}"
20060509,2006-05-09,827.4913267599948,829.6562818704546,825.3524991501138,"{""type"":""MultiPoint"",""coordinates"":[]}"
20060510,2006-05-10,826.0326783018523,828.2250419388808,823.4649529112179,"{""type"":""MultiPoint"",""coordinates"":[]}"
20060511,2006-05-11,827.798431008378,829.5230485353426,825.5623988204424,"{""type"":""MultiPoint"",""coordinates"":[]}"
20060512,2006-05-12,829.0351916396475,831.2890465441333,826.9119842304397,"{""type"":""MultiPoint"",""coordinates"":[]}"
20060513,2006-05-13,828.8734649912661,830.5611600418739,826.8468030675776,"{""type"":""MultiPoint"",""coordinates"":[]}"
20060514,2006-05-14,828.7711042944289,830.4585601218595,826.7929768605554,"{""type"":""MultiPoint"",""coordinates"":[]}"
20060515,2006-05-15,828.6303469061347,830.3567704288026,826.6636071978998,"{""type"":""MultiPoint"",""coordinates"":[]}"
20060516,2006-05-16,829.3970849046118,831.0155639374099,827.4657116356082,"{""type"":""MultiPoint"",""coordinates"":[]}"
20060517,2006-05-17,829.3990123044696,831.6624031199703,827.2047834268068,"{""type"":""MultiPoint"",""coordinates"":[]}"
20060518,2006-05-18,827.0168056914572,829.4218987110859,824.7543612969164,"{""type"":""MultiPoint"",""coordinates"":[]}"
20060519,2006-05-19,825.858867769076,827.7764604793844,823.744873067971,"{""type"":""MultiPoint"",""coordinates"":[]}"
20060520,2006-05-20,825.9990940709741,827.5866426999228,824.1519178133249,"{""type"":""MultiPoint"",""coordinates"":[]}"
20060521,2006-05-21,825.8936511442242,827.4696791622341,823.9060242367233,"{""type"":""MultiPoint"",""coordinates"":[]}"
20060522,2006-05-22,825.7173702075395,827.3014588238628,823.6370745672695,"{""type"":""MultiPoint"",""coordinates"":[]}"
20060523,2006-05-23,825.7466812232375,827.861681504884,823.6345260744325,"{""type"":""MultiPoint"",""coordinates"":[]}"
20060524,2006-05-24,825.1686967625469,826.7677994659573,823.1152668111405,"{""type"":""MultiPoint"",""coordinates"":[]}"
20060525,2006-05-25,825.9631254968292,827.5584320299388,823.9584277472518,"{""type"":""MultiPoint"",""coordinates"":[]}"
20060526,2006-05-26,827.3162125492455,828.9723377266773,825.3500802949908,"{""type"":""MultiPoint"",""coordinates"":[]}"
20060527,2006-05-27,826.8416405605782,828.73470585136,824.8603034156422,"{""type"":""MultiPoint"",""coordinates"":[]}"
20060528,2006-05-28,824.583725830684,826.8972547728468,822.1998613157551,"{""type"":""MultiPoint"",""coordinates"":[]}"
20060529,2006-05-29,822.2328505967216,823.9731531637915,820.1978783100154,"{""type"":""MultiPoint"",""coordinates"":[]}"
20060530,2006-05-30,822.5681931627702,823.9975383066969,820.8014993217104,"{""type"":""MultiPoint"",""coordinates"":[]}"
20060531,2006-05-31,824.5848708248376,826.2833957699082,822.6495805461176,"{""type"":""MultiPoint"",""coordinates"":[]}"
20060601,2006-06-01,825.3091502997986,826.6936411257805,823.4218606011879,"{""type"":""MultiPoint"",""coordinates"":[]}"
20060602,2006-06-02,824.886571748413,826.3026647984394,823.0272507792836,"{""type"":""MultiPoint"",""coordinates"":[]}"
20060603,2006-06-03,824.4260676684536,825.8534706395761,822.6246137534037,"{""type"":""MultiPoint"",""coordinates"":[]}"
20060604,2006-06-04,824.5720356734148,826.028396324262,822.7738329989269,"{""type"":""MultiPoint"",""coordinates"":[]}"
20060605,2006-06-05,825.0951712666043,826.5615650625992,823.2708688902953,"{""type"":""MultiPoint"",""coordinates"":[]}"
20060606,2006-06-06,825.2355983938211,826.7437638472059,823.1458490727426,"{""type"":""MultiPoint"",""coordinates"":[]}"
20060607,2006-06-07,826.2229914834455,827.5923591228809,824.5303560809215,"{""type"":""MultiPoint"",""coordinates"":[]}"
20060608,2006-06-08,826.0364202763133,827.8334824811166,824.0934414831574,"{""type"":""MultiPoint"",""coordinates"":[]}"
20060609,2006-06-09,825.119211331236,826.8570779684949,823.1718471856416,"{""type"":""MultiPoint"",""coordinates"":[]}"
20060610,2006-06-10,824.8386415216556,826.4760031076776,823.0267300203279,"{""type"":""MultiPoint"",""coordinates"":[]}"
20060611,2006-06-11,824.7296029735173,826.2214389416093,823.0479083319506,"{""type"":""MultiPoint"",""coordinates"":[]}"
20060612,2006-06-12,824.9295165131088,826.3417662579895,823.1543080426266,"{""type"":""MultiPoint"",""coordinates"":[]}"
20060613,2006-06-13,825.6314671675694,826.8875017534006,823.9612651343602,"{""type"":""MultiPoint"",""coordinates"":[]}"
20060614,2006-06-14,826.5359571287629,827.7461503756304,824.9285335905073,"{""type"":""MultiPoint"",""coordinates"":[]}"
20060615,2006-06-15,826.1352679765297,827.6685741084214,824.2930160432195,"{""type"":""MultiPoint"",""coordinates"":[]}"
20060616,2006-06-16,826.4131876294554,827.8001521082222,824.6177803134963,"{""type"":""MultiPoint"",""coordinates"":[]}"
20060617,2006-06-17,827.2234002305872,828.5930033632609,825.6080372372206,"{""type"":""MultiPoint"",""coordinates"":[]}"
20060618,2006-06-18,826.547437559028,828.0444156324431,824.7054225693996,"{""type"":""MultiPoint"",""coordinates"":[]}"
20060619,2006-06-19,826.5562261293065,828.1669390406339,824.5694930288189,"{""type"":""MultiPoint"",""coordinates"":[]}"
20060620,2006-06-20,826.6192376506995,828.1411571160028,824.7126785106317,"{""type"":""MultiPoint"",""coordinates"":[]}"
20060621,2006-06-21,826.8943567697311,828.5722225358408,825.0408104519652,"{""type"":""MultiPoint"",""coordinates"":[]}"
20060622,2006-06-22,826.0975596919692,827.7389799183137,824.0933693535402,"{""type"":""MultiPoint"",""coordinates"":[]}"
20060623,2006-06-23,826.4910892529117,827.9987307035636,824.4690983725379,"{""type"":""MultiPoint"",""coordinates"":[]}"
20060624,2006-06-24,826.894928618026,828.4145937743785,825.0089697822442,"{""type"":""MultiPoint"",""coordinates"":[]}"
20060625,2006-06-25,826.7500393479139,828.3034382983918,824.8678024386561,"{""type"":""MultiPoint"",""coordinates"":[]}"
20060626,2006-06-26,826.2398927850409,827.8938611118147,824.4540207810968,"{""type"":""MultiPoint"",""coordinates"":[]}"
20060627,2006-06-27,825.1599656524414,826.619410291482,823.2025584738054,"{""type"":""MultiPoint"",""coordinates"":[]}"
20060628,2006-06-28,825.0176047715279,826.7083781349174,823.1081615148648,"{""type"":""MultiPoint"",""coordinates"":[]}"
20060629,2006-06-29,824.387719697643,825.9271542974234,822.5816061948196,"{""type"":""MultiPoint"",""coordinates"":[]}"
20060630,2006-06-30,824.172808681436,825.5712952180476,822.5177083058593,"{""type"":""MultiPoint"",""coordinates"":[]}"
20060701,2006-07-01,823.6193413610024,825.2200104135277,821.7406104852132,"{""type"":""MultiPoint"",""coordinates"":[]}"
20060702,2006-07-02,822.8444095023127,824.4539402626729,820.9484838755708,"{""type"":""MultiPoint"",""coordinates"":[]}"
20060703,2006-07-03,823.4572353530191,825.0671206166033,821.7081516052897,"{""type"":""MultiPoint"",""coordinates"":[]}"
20060704,2006-07-04,823.5392130048964,825.1314564899864,821.489533999219,"{""type"":""MultiPoint"",""coordinates"":[]}"
20060705,2006-07-05,825.0157764934962,826.5802874667188,823.1493255326708,"{""type"":""MultiPoint"",""coordinates"":[]}"
20060706,2006-07-06,825.5855465572482,827.067822024282,823.9714163928755,"{""type"":""MultiPoint"",""coordinates"":[]}"
20060707,2006-07-07,824.653049163345,826.0833943429833,823.132944313899,"{""type"":""MultiPoint"",""coordinates"":[]}"
20060708,2006-07-08,824.0413379397844,825.4364109094171,822.4127840625528,"{""type"":""MultiPoint"",""coordinates"":[]}"
20060709,2006-07-09,824.1088860721543,825.5587351124258,822.3720981396838,"{""type"":""MultiPoint"",""coordinates"":[]}"
20060710,2006-07-10,824.289704284921,825.7832257729618,822.5962858574746,"{""type"":""MultiPoint"",""coordinates"":[]}"
20060711,2006-07-11,823.9197573428887,825.3199829692871,822.2701326347972,"{""type"":""MultiPoint"",""coordinates"":[]}"
20060712,2006-07-12,823.4928707005653,824.9030298643726,821.7200111312715,"{""type"":""MultiPoint"",""coordinates"":[]}"
20060713,2006-07-13,822.8334946195417,824.1911992050512,821.183873349114,"{""type"":""MultiPoint"",""coordinates"":[]}"
20060714,2006-07-14,823.3083194329824,824.688097893719,821.5400833959214,"{""type"":""MultiPoint"",""coordinates"":[]}"
20060715,2006-07-15,823.7852670869759,825.095482300706,822.1213709370942,"{""type"":""MultiPoint"",""coordinates"":[]}"
20060716,2006-07-16,823.9482033393894,825.2811219837641,822.2722841527863,"{""type"":""MultiPoint"",""coordinates"":[]}"
20060717,2006-07-17,823.7650904522867,825.1964781964566,822.0453532992412,"{""type"":""MultiPoint"",""coordinates"":[]}"
20060718,2006-07-18,824.730676457259,826.2486568714556,823.0479004748186,"{""type"":""MultiPoint"",""coordinates"":[]}"
20060719,2006-07-19,825.7601738831875,827.2115514786226,824.163236061879,"{""type"":""MultiPoint"",""coordinates"":[]}"
20060720,2006-07-20,826.3560016520951,827.7089356380311,824.7081564554585,"{""type"":""MultiPoint"",""coordinates"":[]}"
20060721,2006-07-21,826.4517496305843,827.8781115819344,824.6354696913161,"{""type"":""MultiPoint"",""coordinates"":[]}"
20060722,2006-07-22,827.3064185678279,828.7015510348754,825.7067583435298,"{""type"":""MultiPoint"",""coordinates"":[]}"
20060723,2006-07-23,827.8249461408459,829.4258808468388,826.0146772606244,"{""type"":""MultiPoint"",""coordinates"":[]}"
20060724,2006-07-24,827.7509646982717,829.1214388120185,825.8984722143509,"{""type"":""MultiPoint"",""coordinates"":[]}"
20060725,2006-07-25,826.982258874919,828.5617325686833,824.8829688812451,"{""type"":""MultiPoint"",""coordinates"":[]}"
20060726,2006-07-26,826.9200644945198,828.4987571801113,825.273027249149,"{""type"":""MultiPoint"",""coordinates"":[]}"
20060727,2006-07-27,825.0058647112494,826.8220086425985,823.0270235254815,"{""type"":""MultiPoint"",""coordinates"":[]}"
20060728,2006-07-28,823.0109515795489,824.3310954825433,821.2093007695199,"{""type"":""MultiPoint"",""coordinates"":[]}"
20060729,2006-07-29,824.4446140558501,826.4739725961857,822.5382875891494,"{""type"":""MultiPoint"",""coordinates"":[]}"
20060730,2006-07-30,826.6724708796803,828.1547804771159,824.9251866241331,"{""type"":""MultiPoint"",""coordinates"":[]}"
20060731,2006-07-31,826.961331508629,828.5001140072735,825.2388805317624,"{""type"":""MultiPoint"",""coordinates"":[]}"
20060801,2006-08-01,826.2990643368959,827.8904678809946,824.4308234874889,"{""type"":""MultiPoint"",""coordinates"":[]}"
20060802,2006-08-02,826.2127370438642,827.787600100313,824.4638169531786,"{""type"":""MultiPoint"",""coordinates"":[]}"
20060803,2006-08-03,826.0050415566238,827.4378918597554,824.3342927433874,"{""type"":""MultiPoint"",""coordinates"":[]}"
20060804,2006-08-04,826.682445917992,828.1817260454374,824.9253696586611,"{""type"":""MultiPoint"",""coordinates"":[]}"
20060805,2006-08-05,827.4444730250929,828.9850946221003,825.766517904579,"{""type"":""MultiPoint"",""coordinates"":[]}"
20060806,2006-08-06,827.0974964569216,828.6074980286372,825.3708671447827,"{""type"":""MultiPoint"",""coordinates"":[]}"
20060807,2006-08-07,826.2948622346028,827.8027196886105,824.485321500431,"{""type"":""MultiPoint"",""coordinates"":[]}"
20060808,2006-08-08,825.9100937921602,827.4060483456879,824.0963328304565,"{""type"":""MultiPoint"",""coordinates"":[]}"
20060809,2006-08-09,825.4937207084852,827.0100810277767,823.6524849070171,"{""type"":""MultiPoint"",""coordinates"":[]}"
20060810,2006-08-10,825.1732123064513,826.6190114250446,823.268565699764,"{""type"":""MultiPoint"",""coordinates"":[]}"
20060811,2006-08-11,825.3669616108444,826.925277750999,823.3942066038958,"{""type"":""MultiPoint"",""coordinates"":[]}"
20060812,2006-08-12,825.4883012999003,826.898830069351,823.6651492491718,"{""type"":""MultiPoint"",""coordinates"":[]}"
20060813,2006-08-13,825.3534484715506,826.9838679827773,823.5321497829071,"{""type"":""MultiPoint"",""coordinates"":[]}"
20060814,2006-08-14,824.3488615101711,825.9828505574278,822.5935295877975,"{""type"":""MultiPoint"",""coordinates"":[]}"
20060815,2006-08-15,824.0449955777241,825.4661820743178,822.1729181306099,"{""type"":""MultiPoint"",""coordinates"":[]}"
20060816,2006-08-16,824.2633941340218,825.7642391278376,822.3178878246787,"{""type"":""MultiPoint"",""coordinates"":[]}"
20060817,2006-08-17,825.7845350308004,827.5423727854213,823.7589442710836,"{""type"":""MultiPoint"",""coordinates"":[]}"
20060818,2006-08-18,827.6679197317742,829.3348457755119,825.5564490279947,"{""type"":""MultiPoint"",""coordinates"":[]}"
20060819,2006-08-19,828.4383929832711,830.0115113233531,826.4849709393247,"{""type"":""MultiPoint"",""coordinates"":[]}"
20060820,2006-08-20,827.8381614650741,829.5387161584779,826.001528908434,"{""type"":""MultiPoint"",""coordinates"":[]}"
20060821,2006-08-21,827.2365931708158,828.7878809880505,825.525145237951,"{""type"":""MultiPoint"",""coordinates"":[]}"
20060822,2006-08-22,826.9658999337116,828.3043452526058,825.2759409780479,"{""type"":""MultiPoint"",""coordinates"":[]}"
20060823,2006-08-23,827.500022817876,828.9068465473497,825.8436890980747,"{""type"":""MultiPoint"",""coordinates"":[]}"
20060824,2006-08-24,827.8951904224682,829.3479302541444,826.2232279375634,"{""type"":""MultiPoint"",""coordinates"":[]}"
20060825,2006-08-25,828.3163045662765,829.7767519459996,826.6845176094621,"{""type"":""MultiPoint"",""coordinates"":[]}"
20060826,2006-08-26,826.6369663955821,828.4378530378306,824.7593091954711,"{""type"":""MultiPoint"",""coordinates"":[]}"
20060827,2006-08-27,825.3992984083616,826.7554672569577,823.673408057255,"{""type"":""MultiPoint"",""coordinates"":[]}"
20060828,2006-08-28,825.6931243503905,827.2639006031687,823.8977159238545,"{""type"":""MultiPoint"",""coordinates"":[]}"
20060829,2006-08-29,827.3815492114976,828.919814344051,825.5924181532292,"{""type"":""MultiPoint"",""coordinates"":[]}"
20060830,2006-08-30,828.2282348021937,829.8696961088543,826.529615171165,"{""type"":""MultiPoint"",""coordinates"":[]}"
20060831,2006-08-31,827.3694730498385,829.0380858755539,825.5176027233729,"{""type"":""MultiPoint"",""coordinates"":[]}"
20060901,2006-09-01,827.0785462446235,828.4922095644,825.311926923791,"{""type"":""MultiPoint"",""coordinates"":[]}"
20060902,2006-09-02,828.5835145399849,830.1415420727444,826.6819699393715,"{""type"":""MultiPoint"",""coordinates"":[]}"
20060903,2006-09-03,829.4055674418873,831.1758139380829,827.5994128870792,"{""type"":""MultiPoint"",""coordinates"":[]}"
20060904,2006-09-04,829.0691509968789,830.7293694061758,827.3074786210161,"{""type"":""MultiPoint"",""coordinates"":[]}"
20060905,2006-09-05,828.4044809601027,830.1119662562703,826.5548659289451,"{""type"":""MultiPoint"",""coordinates"":[]}"
20060906,2006-09-06,828.189637011275,829.7936010946356,826.2218533808777,"{""type"":""MultiPoint"",""coordinates"":[]}"
20060907,2006-09-07,828.8663332757956,830.4502640485217,826.9850500501364,"{""type"":""MultiPoint"",""coordinates"":[]}"
20060908,2006-09-08,829.4986986364172,830.8860767911517,827.5156943917889,"{""type"":""MultiPoint"",""coordinates"":[]}"
20060909,2006-09-09,830.2163472205472,831.6770729986052,828.4470153143689,"{""type"":""MultiPoint"",""coordinates"":[]}"
20060910,2006-09-10,829.1948398304237,831.586087751546,827.1595396833786,"{""type"":""MultiPoint"",""coordinates"":[]}"
20060911,2006-09-11,827.5385882948527,829.2737966747751,825.6103914723589,"{""type"":""MultiPoint"",""coordinates"":[]}"
20060912,2006-09-12,828.3520488664574,829.7655371127707,826.4637843785465,"{""type"":""MultiPoint"",""coordinates"":[]}"
20060913,2006-09-13,829.7874736650392,831.3879243690893,827.859507710781,"{""type"":""MultiPoint"",""coordinates"":[]}"
20060914,2006-09-14,829.3632863838183,831.1421180148583,827.3915642787163,"{""type"":""MultiPoint"",""coordinates"":[]}"
20060915,2006-09-15,829.1110975424341,830.8378837921982,827.0492095752795,"{""type"":""MultiPoint"",""coordinates"":[]}"
20060916,2006-09-16,829.7831231048924,831.6114619705177,827.934076213572,"{""type"":""MultiPoint"",""coordinates"":[]}"
20060917,2006-09-17,829.234297104421,831.2289246349408,827.1828263480792,"{""type"":""MultiPoint"",""coordinates"":[]}"
20060918,2006-09-18,828.7025264826875,830.5917894166146,826.633141842085,"{""type"":""MultiPoint"",""coordinates"":[]}"
20060919,2006-09-19,827.9577023005392,829.7924681179434,825.7970585201765,"{""type"":""MultiPoint"",""coordinates"":[]}"
20060920,2006-09-20,828.3820243824964,829.9725550612269,826.5643867887608,"{""type"":""MultiPoint"",""coordinates"":[]}"
20060921,2006-09-21,827.7139908280282,829.4505571322051,825.8233700575137,"{""type"":""MultiPoint"",""coordinates"":[]}"
20060922,2006-09-22,827.3595517598744,828.8977581699141,825.4486334266148,"{""type"":""MultiPoint"",""coordinates"":[]}"
20060923,2006-09-23,828.694317410373,830.2186881264943,826.8449539901993,"{""type"":""MultiPoint"",""coordinates"":[]}"
20060924,2006-09-24,829.3965677457738,830.8793544551093,827.5882642362116,"{""type"":""MultiPoint"",""coordinates"":[]}"
20060925,2006-09-25,829.4817885900621,831.1655691270831,827.7773069178419,"{""type"":""MultiPoint"",""coordinates"":[]}"
20060926,2006-09-26,828.5937997097276,830.711851998104,826.6826699454213,"{""type"":""MultiPoint"",""coordinates"":[]}"
20060927,2006-09-27,828.1616661771635,829.5558003857252,826.2826621303624,"{""type"":""MultiPoint"",""coordinates"":[]}"
20060928,2006-09-28,829.8003919578678,831.4035891104745,827.8654244758242,"{""type"":""MultiPoint"",""coordinates"":[]}"
20060929,2006-09-29,830.2729659775102,831.9504404786159,828.3059403199007,"{""type"":""MultiPoint"",""coordinates"":[]}"
20060930,2006-09-30,830.4004805622378,832.238970918039,828.3233850817331,"{""type"":""MultiPoint"",""coordinates"":[]}"
20061001,2006-10-01,830.1092457138715,831.9911149238758,828.3988487563448,"{""type"":""MultiPoint"",""coordinates"":[]}"
20061002,2006-10-02,829.2294252699378,830.8825164533995,827.4711347328033,"{""type"":""MultiPoint"",""coordinates"":[]}"
20061003,2006-10-03,829.0428736095265,831.0065593904571,827.0634831915276,"{""type"":""MultiPoint"",""coordinates"":[]}"
20061004,2006-10-04,828.5548390490984,830.6399528879965,826.508809631186,"{""type"":""MultiPoint"",""coordinates"":[]}"
20061005,2006-10-05,827.8359239239311,829.5549321906059,825.7564852959063,"{""type"":""MultiPoint"",""coordinates"":[]}"
20061006,2006-10-06,828.0919576442599,829.7884224686463,826.2391826145507,"{""type"":""MultiPoint"",""coordinates"":[]}"
20061007,2006-10-07,829.4570644207453,831.2011036286943,827.3516026635259,"{""type"":""MultiPoint"",""coordinates"":[]}"
20061008,2006-10-08,830.8818143816228,832.4120203631774,829.0274590445831,"{""type"":""MultiPoint"",""coordinates"":[]}"
20061009,2006-10-09,831.2272101644414,832.8922013089534,829.4830372847362,"{""type"":""MultiPoint"",""coordinates"":[]}"
20061010,2006-10-10,832.1120202941293,833.4509137784805,830.4739103206908,"{""type"":""MultiPoint"",""coordinates"":[]}"
20061011,2006-10-11,832.7018229726087,834.5154942879631,831.0464074983877,"{""type"":""MultiPoint"",""coordinates"":[]}"
20061012,2006-10-12,832.732523639479,834.2195912562837,830.8569400684612,"{""type"":""MultiPoint"",""coordinates"":[]}"
20061013,2006-10-13,833.6779481608692,835.3902272196513,831.8232574564961,"{""type"":""MultiPoint"",""coordinates"":[]}"
20061014,2006-10-14,833.1259778431206,835.2866343923196,831.3726797387625,"{""type"":""MultiPoint"",""coordinates"":[]}"
20061015,2006-10-15,832.7092198758166,834.5046039609491,830.8897219942387,"{""type"":""MultiPoint"",""coordinates"":[]}"
20061016,2006-10-16,833.1775876517115,834.8656307184849,831.4782145731425,"{""type"":""MultiPoint"",""coordinates"":[]}"
20061017,2006-10-17,833.2291576549206,835.1229296758429,831.5231030416187,"{""type"":""MultiPoint"",""coordinates"":[]}"
20061018,2006-10-18,832.4598348810747,834.4528530506708,830.5925092405398,"{""type"":""MultiPoint"",""coordinates"":[]}"
20061019,2006-10-19,832.036598701965,833.5500457557958,829.9791606447207,"{""type"":""MultiPoint"",""coordinates"":[]}"
20061020,2006-10-20,833.4649755841391,834.9605410053299,831.5562565988006,"{""type"":""MultiPoint"",""coordinates"":[]}"
20061021,2006-10-21,833.3235770020294,835.425633771911,831.3561213566243,"{""type"":""MultiPoint"",""coordinates"":[]}"
20061022,2006-10-22,832.7816144010065,834.641324455517,831.0139436336144,"{""type"":""MultiPoint"",""coordinates"":[]}"
20061023,2006-10-23,833.339079966378,834.9097500422492,831.5749370066633,"{""type"":""MultiPoint"",""coordinates"":[]}"
20061024,2006-10-24,834.2923866045986,835.6497615671143,832.5423020004234,"{""type"":""MultiPoint"",""coordinates"":[]}"
20061025,2006-10-25,834.6784392820241,836.6197376776202,832.9560327898091,"{""type"":""MultiPoint"",""coordinates"":[]}"
20061026,2006-10-26,834.0595086218505,835.7186765383575,832.4377870658548,"{""type"":""MultiPoint"",""coordinates"":[]}"
20061027,2006-10-27,833.7959397881115,835.9103766457721,832.0663043564454,"{""type"":""MultiPoint"",""coordinates"":[]}"
20061028,2006-10-28,833.0554933464024,834.7365073800034,831.338720847729,"{""type"":""MultiPoint"",""coordinates"":[]}"
20061029,2006-10-29,832.9329733333158,834.6931703964792,831.2219745787078,"{""type"":""MultiPoint"",""coordinates"":[]}"
20061030,2006-10-30,833.457523455789,835.1486852318171,831.6221252097107,"{""type"":""MultiPoint"",""coordinates"":[]}"
20061031,2006-10-31,833.928758701386,835.5189034649032,832.2854604326495,"{""type"":""MultiPoint"",""coordinates"":[]}"
20061101,2006-11-01,833.3764506329463,835.1361982794531,831.6415297116198,"{""type"":""MultiPoint"",""coordinates"":[]}"
20061102,2006-11-02,833.0996506046087,834.9345304752391,831.3971119611782,"{""type"":""MultiPoint"",""coordinates"":[]}"
20061103,2006-11-03,833.297394243209,835.1039636516168,831.6929757969802,"{""type"":""MultiPoint"",""coordinates"":[]}"
20061104,2006-11-04,833.2747296290933,834.6770541455177,831.6537689755428,"{""type"":""MultiPoint"",""coordinates"":[]}"
20061105,2006-11-05,833.1847169487442,835.0062984883817,831.4698366214243,"{""type"":""MultiPoint"",""coordinates"":[]}"
20061106,2006-11-06,832.2896934216592,834.4059221199341,830.3695885880655,"{""type"":""MultiPoint"",""coordinates"":[]}"
20061107,2006-11-07,832.0458642423055,833.6264234590438,830.1638076706976,"{""type"":""MultiPoint"",""coordinates"":[]}"
20061108,2006-11-08,833.6800014458319,835.0407094953828,831.7633264107111,"{""type"":""MultiPoint"",""coordinates"":[]}"
20061109,2006-11-09,835.0855715626228,836.6147243058385,833.2735832470272,"{""type"":""MultiPoint"",""coordinates"":[]}"
20061110,2006-11-10,835.2661489427385,837.0225384745484,833.4875556057796,"{""type"":""MultiPoint"",""coordinates"":[]}"
20061111,2006-11-11,834.285226551984,836.3504256205368,832.6013082563611,"{""type"":""MultiPoint"",""coordinates"":[]}"
20061112,2006-11-12,833.0880543912133,835.1347362252568,831.3500962770735,"{""type"":""MultiPoint"",""coordinates"":[]}"
20061113,2006-11-13,832.2756713189741,834.1348827923206,830.5536814917126,"{""type"":""MultiPoint"",""coordinates"":[]}"
20061114,2006-11-14,832.3307119151469,833.8895953571882,830.6377737861242,"{""type"":""MultiPoint"",""coordinates"":[]}"
20061115,2006-11-15,832.5386739375746,834.558522371939,830.8011016710177,"{""type"":""MultiPoint"",""coordinates"":[]}"
20061116,2006-11-16,831.3681802126808,833.5795447195578,829.5821949065822,"{""type"":""MultiPoint"",""coordinates"":[]}"
20061117,2006-11-17,830.8113982290937,832.4619968481398,829.1745792051189,"{""type"":""MultiPoint"",""coordinates"":[]}"
20061118,2006-11-18,830.6760420332346,832.6976105737011,828.945098008285,"{""type"":""MultiPoint"",""coordinates"":[]}"
20061119,2006-11-19,830.0478653022652,831.8454324048098,828.4403089539569,"{""type"":""MultiPoint"",""coordinates"":[]}"
20061120,2006-11-20,829.5867670076365,831.2553955125215,827.9431435382459,"{""type"":""MultiPoint"",""coordinates"":[]}"
20061121,2006-11-21,828.651734335555,830.9395070279887,826.8382521894376,"{""type"":""MultiPoint"",""coordinates"":[]}"
20061122,2006-11-22,828.0735857942265,830.1169478591763,826.2871389572952,"{""type"":""MultiPoint"",""coordinates"":[]}"
20061123,2006-11-23,827.898089248138,829.6525652265904,826.2375824389746,"{""type"":""MultiPoint"",""coordinates"":[]}"
20061124,2006-11-24,828.6662890156781,830.2220821163429,827.1639686570534,"{""type"":""MultiPoint"",""coordinates"":[]}"
20061125,2006-11-25,829.0097651547964,830.6378648897086,827.4373468846147,"{""type"":""MultiPoint"",""coordinates"":[]}"
20061126,2006-11-26,828.4100386995897,830.3949376136203,826.6797669852758,"{""type"":""MultiPoint"",""coordinates"":[]}"
20061127,2006-11-27,828.6814026321697,830.2840659011104,826.992221022726,"{""type"":""MultiPoint"",""coordinates"":[]}"
20061128,2006-11-28,829.6105205540312,831.2869584523463,827.5533614337684,"{""type"":""MultiPoint"",""coordinates"":[]}"
20061129,2006-11-29,831.4794030553114,833.4537918510957,829.4387849575395,"{""type"":""MultiPoint"",""coordinates"":[]}"
20061130,2006-11-30,831.985770423423,833.6917152900385,830.0881234337968,"{""type"":""MultiPoint"",""coordinates"":[]}"
20061201,2006-12-01,831.2287636397153,833.1918643641136,829.6366622500689,"{""type"":""MultiPoint"",""coordinates"":[]}"
20061202,2006-12-02,831.3907784499361,833.120491595207,829.6453326901003,"{""type"":""MultiPoint"",""coordinates"":[]}"
20061203,2006-12-03,832.4755182547415,833.9389095723952,830.6074640879623,"{""type"":""MultiPoint"",""coordinates"":[]}"
20061204,2006-12-04,832.5988949613239,834.6247939736758,830.5549730548735,"{""type"":""MultiPoint"",""coordinates"":[]}"
20061205,2006-12-05,832.1423291000457,834.1000571311517,830.2278017409172,"{""type"":""MultiPoint"",""coordinates"":[]}"
20061206,2006-12-06,832.3759636932988,834.3273794390931,830.6348140828824,"{""type"":""MultiPoint"",""coordinates"":[]}"
20061207,2006-12-07,831.9478993877706,833.7222874149167,830.4364817444374,"{""type"":""MultiPoint"",""coordinates"":[]}"
20061208,2006-12-08,832.3828928168496,833.756906281047,830.7402774514859,"{""type"":""MultiPoint"",""coordinates"":[]}"
20061209,2006-12-09,832.7833880156445,834.6019573758641,830.939345914908,"{""type"":""MultiPoint"",""coordinates"":[]}"
20061210,2006-12-10,831.1779026481236,833.5340763403357,828.9896001892986,"{""type"":""MultiPoint"",""coordinates"":[]}"
20061211,2006-12-11,829.9734668793195,832.2562208914413,827.821384004061,"{""type"":""MultiPoint"",""coordinates"":[]}"
20061212,2006-12-12,831.470202423531,833.0825897592534,829.6155785129162,"{""type"":""MultiPoint"",""coordinates"":[]}"
20061213,2006-12-13,832.8661826564363,834.4045392460602,831.0689123156043,"{""type"":""MultiPoint"",""coordinates"":[]}"
20061214,2006-12-14,833.4706902237574,835.7607465442394,831.3434274398444,"{""type"":""MultiPoint"",""coordinates"":[]}"
20061215,2006-12-15,834.05258735142,835.579969503994,832.124370660207,"{""type"":""MultiPoint"",""coordinates"":[]}"
20061216,2006-12-16,835.0136509867888,836.662219233265,833.1947235792647,"{""type"":""MultiPoint"",""coordinates"":[]}"
20061217,2006-12-17,833.8962479961659,836.3263914384123,831.9806667080794,"{""type"":""MultiPoint"",""coordinates"":[]}"
20061218,2006-12-18,833.1409294744699,834.8180973204937,831.5496914486754,"{""type"":""MultiPoint"",""coordinates"":[]}"
20061219,2006-12-19,834.0965726401888,835.7835630466379,832.3084263440559,"{""type"":""MultiPoint"",""coordinates"":[]}"
20061220,2006-12-20,834.2769686210145,836.1807808415264,832.59854615403,"{""type"":""MultiPoint"",""coordinates"":[]}"
20061221,2006-12-21,832.9956165985141,835.201322977144,831.1922714574351,"{""type"":""MultiPoint"",""coordinates"":[]}"
20061222,2006-12-22,832.2345896304458,834.2810067354845,830.4126773084399,"{""type"":""MultiPoint"",""coordinates"":[]}"
20061223,2006-12-23,832.187159604075,834.1682587353523,830.5833480766582,"{""type"":""MultiPoint"",""coordinates"":[]}"
20061224,2006-12-24,831.3648542768644,832.9456662451114,829.9131164130856,"{""type"":""MultiPoint"",""coordinates"":[]}"
20061225,2006-12-25,830.9646680885501,832.9941788345519,829.1953089728938,"{""type"":""MultiPoint"",""coordinates"":[]}"
20061226,2006-12-26,830.5053285833598,832.2411792472262,828.5718182991409,"{""type"":""MultiPoint"",""coordinates"":[]}"
20061227,2006-12-27,830.5457688816273,832.266658660732,828.8657712089451,"{""type"":""MultiPoint"",""coordinates"":[]}"
20061228,2006-12-28,832.0375536728885,833.6059581127048,830.2594994333854,"{""type"":""MultiPoint"",""coordinates"":[]}"
20061229,2006-12-29,832.2581175885665,834.220362345784,830.6706990136756,"{""type"":""MultiPoint"",""coordinates"":[]}"
20061230,2006-12-30,831.1358801876021,833.4351063330913,829.5176786632657,"{""type"":""MultiPoint"",""coordinates"":[]}"
20061231,2006-12-31,830.6751540370518,832.4935229079588,829.0896328970931,"{""type"":""MultiPoint"",""coordinates"":[]}"
20070101,2007-01-01,830.5262159018083,832.1623072289283,829.0697233652312,"{""type"":""MultiPoint"",""coordinates"":[]}"
20070102,2007-01-02,831.2345376693567,832.7865600297237,829.8124906285643,"{""type"":""MultiPoint"",""coordinates"":[]}"
20070103,2007-01-03,831.6828694123734,833.4422525547161,830.0583149574653,"{""type"":""MultiPoint"",""coordinates"":[]}"
20070104,2007-01-04,831.7824406188677,833.4629998442388,830.3222072609469,"{""type"":""MultiPoint"",""coordinates"":[]}"
20070105,2007-01-05,832.4163151659968,833.9942240488979,830.8151291585023,"{""type"":""MultiPoint"",""coordinates"":[]}"
20070106,2007-01-06,832.7547514362727,834.4434722743448,830.9131011796756,"{""type"":""MultiPoint"",""coordinates"":[]}"
20070107,2007-01-07,832.0468959351492,834.1280878624934,830.2611836181987,"{""type"":""MultiPoint"",""coordinates"":[]}"
20070108,2007-01-08,832.1635410926109,833.9876819937191,830.4553617873523,"{""type"":""MultiPoint"",""coordinates"":[]}"
20070109,2007-01-09,832.3474523597939,834.1550215684098,830.8335687185287,"{""type"":""MultiPoint"",""coordinates"":[]}"
20070110,2007-01-10,832.1800377579697,834.1180378802925,830.5788937363706,"{""type"":""MultiPoint"",""coordinates"":[]}"
20070111,2007-01-11,831.0680775789207,833.1480794652439,829.136365719689,"{""type"":""MultiPoint"",""coordinates"":[]}"
20070112,2007-01-12,830.5035703551243,832.4047412296997,828.9620908148573,"{""type"":""MultiPoint"",""coordinates"":[]}"
20070113,2007-01-13,829.7137299941512,831.6370342213866,828.014842829364,"{""type"":""MultiPoint"",""coordinates"":[]}"
20070114,2007-01-14,829.0795959196691,830.8802674856453,827.4897783162078,"{""type"":""MultiPoint"",""coordinates"":[]}"
20070115,2007-01-15,828.7849195253885,830.7279104423013,827.1672484855604,"{""type"":""MultiPoint"",""coordinates"":[]}"
20070116,2007-01-16,829.6530805463021,831.3218283924571,827.8331624762416,"{""type"":""MultiPoint"",""coordinates"":[]}"
20070117,2007-01-17,831.9091116160616,833.7429822708285,829.6592602416897,"{""type"":""MultiPoint"",""coordinates"":[]}"
20070118,2007-01-18,831.4538315892687,833.6823188931056,829.3581748595086,"{""type"":""MultiPoint"",""coordinates"":[]}"
20070119,2007-01-19,830.3522412851644,832.3723803912995,828.71953049157,"{""type"":""MultiPoint"",""coordinates"":[]}"
20070120,2007-01-20,830.1289176142548,831.6672441435072,828.5338984090608,"{""type"":""MultiPoint"",""coordinates"":[]}"
20070121,2007-01-21,831.0488101332951,832.9843788805669,829.0893805358255,"{""type"":""MultiPoint"",""coordinates"":[]}"
20070122,2007-01-22,832.9456221583176,834.5836251761026,830.8662285685939,"{""type"":""MultiPoint"",""coordinates"":[]}"
20070123,2007-01-23,834.4259411716812,836.3508034051814,832.7714519583631,"{""type"":""MultiPoint"",""coordinates"":[]}"
20070124,2007-01-24,834.4443449896863,836.520512205411,832.7251551742069,"{""type"":""MultiPoint"",""coordinates"":[]}"
20070125,2007-01-25,833.8536799048434,836.1312183671865,831.7628011709483,"{""type"":""MultiPoint"",""coordinates"":[]}"
20070126,2007-01-26,833.5850363530827,835.2944674463024,831.8434382914509,"{""type"":""MultiPoint"",""coordinates"":[]}"
20070127,2007-01-27,834.111185219415,835.8661574943529,832.2877238976517,"{""type"":""MultiPoint"",""coordinates"":[]}"
20070128,2007-01-28,833.9534128137376,835.9740504693374,832.1794525288836,"{""type"":""MultiPoint"",""coordinates"":[]}"
20070129,2007-01-29,833.6587249095913,835.5167686795945,831.8609976129648,"{""type"":""MultiPoint"",""coordinates"":[]}"
20070130,2007-01-30,833.939146677694,835.7422050905842,832.0675120718097,"{""type"":""MultiPoint"",""coordinates"":[]}"
20070131,2007-01-31,834.4458408391747,836.5158599759848,832.6470014209506,"{""type"":""MultiPoint"",""coordinates"":[]}"
20070201,2007-02-01,834.024733500166,835.9578524315972,832.1242692984872,"{""type"":""MultiPoint"",""coordinates"":[]}"
20070202,2007-02-02,833.4039678715626,835.3931444418944,831.4234290179226,"{""type"":""MultiPoint"",""coordinates"":[]}"
20070203,2007-02-03,831.8977534782772,834.4796320477536,829.7126520149293,"{""type"":""MultiPoint"",""coordinates"":[]}"
20070204,2007-02-04,829.5335569239343,832.1347792711483,827.4788255294269,"{""type"":""MultiPoint"",""coordinates"":[]}"
20070205,2007-02-05,828.9178092480851,830.6752824458034,827.1212428268185,"{""type"":""MultiPoint"",""coordinates"":[]}"
20070206,2007-02-06,829.1982364462322,831.1067438955912,827.3543448727402,"{""type"":""MultiPoint"",""coordinates"":[]}"
20070207,2007-02-07,830.18687048137,831.7582686782999,828.321500659023,"{""type"":""MultiPoint"",""coordinates"":[]}"
20070208,2007-02-08,831.6471210326383,833.3423688824715,829.8814652890954,"{""type"":""MultiPoint"",""coordinates"":[]}"
20070209,2007-02-09,831.7143104436661,833.6991211226996,829.9825111198335,"{""type"":""MultiPoint"",""coordinates"":[]}"
20070210,2007-02-10,830.1121864051578,832.1785483880534,828.0142974637962,"{""type"":""MultiPoint"",""coordinates"":[]}"
20070211,2007-02-11,829.2923249359742,831.5710860034795,827.1425783685825,"{""type"":""MultiPoint"",""coordinates"":[]}"
20070212,2007-02-12,828.1949501731585,830.6364849136609,826.3046651577929,"{""type"":""MultiPoint"",""coordinates"":[]}"
20070213,2007-02-13,827.2431808443025,828.8435325781145,825.5106831047788,"{""type"":""MultiPoint"",""coordinates"":[]}"
20070214,2007-02-14,827.9138729547591,829.8096748541886,825.6201545396337,"{""type"":""MultiPoint"",""coordinates"":[]}"
20070215,2007-02-15,827.4771328658101,829.2561877311676,825.9240093325736,"{""type"":""MultiPoint"",""coordinates"":[]}"
20070216,2007-02-16,827.3709071538032,829.0755631744136,825.5547131773226,"{""type"":""MultiPoint"",""coordinates"":[]}"
20070217,2007-02-17,828.3240679982299,829.8597118406736,826.6030135174057,"{""type"":""MultiPoint"",""coordinates"":[]}"
20070218,2007-02-18,829.2904555877175,831.1133414052,827.3342592473997,"{""type"":""MultiPoint"",""coordinates"":[]}"
20070219,2007-02-19,830.3621398679801,832.3774940376452,828.5705436428738,"{""type"":""MultiPoint"",""coordinates"":[]}"
20070220,2007-02-20,831.1223161864193,833.1086752415108,829.089862198736,"{""type"":""MultiPoint"",""coordinates"":[]}"
20070221,2007-02-21,830.6007921164656,832.9300422471713,828.3564019996719,"{""type"":""MultiPoint"",""coordinates"":[]}"
20070222,2007-02-22,829.0413273129706,831.243803775431,826.9953167478935,"{""type"":""MultiPoint"",""coordinates"":[]}"
20070223,2007-02-23,828.928467290596,830.4764795767055,827.2503983910543,"{""type"":""MultiPoint"",""coordinates"":[]}"
20070224,2007-02-24,828.58342623132,830.4375877756183,826.9536782962788,"{""type"":""MultiPoint"",""coordinates"":[]}"
20070225,2007-02-25,827.7206339151954,829.5713283585269,825.8796671917264,"{""type"":""MultiPoint"",""coordinates"":[]}"
20070226,2007-02-26,826.2003780175792,828.2664829686395,824.2408168323748,"{""type"":""MultiPoint"",""coordinates"":[]}"
20070227,2007-02-27,826.6717491005729,828.4394587705472,824.8940169633206,"{""type"":""MultiPoint"",""coordinates"":[]}"
20070228,2007-02-28,826.640876870669,828.5490331514819,824.688475421767,"{""type"":""MultiPoint"",""coordinates"":[]}"
20070301,2007-03-01,826.5190611336133,828.4619206200861,824.4174539717994,"{""type"":""MultiPoint"",""coordinates"":[]}"
20070302,2007-03-02,827.896712797222,830.0481895521634,825.6765362433924,"{""type"":""MultiPoint"",""coordinates"":[]}"
20070303,2007-03-03,829.3094853095891,831.064406764893,827.4602516814426,"{""type"":""MultiPoint"",""coordinates"":[]}"
20070304,2007-03-04,829.7110780432929,831.3339460217319,827.8988221935366,"{""type"":""MultiPoint"",""coordinates"":[]}"
20070305,2007-03-05,829.9688469114526,832.0952575102577,827.9242154131143,"{""type"":""MultiPoint"",""coordinates"":[]}"
20070306,2007-03-06,827.9806904708759,830.263069214338,825.7421089135753,"{""type"":""MultiPoint"",""coordinates"":[]}"
20070307,2007-03-07,826.8064151492104,828.7792059038334,824.9937918062417,"{""type"":""MultiPoint"",""coordinates"":[]}"
20070308,2007-03-08,827.4529757852732,829.1380024821557,825.7878077858021,"{""type"":""MultiPoint"",""coordinates"":[]}"
20070309,2007-03-09,828.4015790998519,829.8764739812082,826.586195603754,"{""type"":""MultiPoint"",""coordinates"":[]}"
20070310,2007-03-10,829.0636313248824,830.8798608972807,827.3382117727117,"{""type"":""MultiPoint"",""coordinates"":[]}"
20070311,2007-03-11,828.6435930547455,830.668242208763,826.3108137473827,"{""type"":""MultiPoint"",""coordinates"":[]}"
20070312,2007-03-12,828.6957557571702,830.3596093876379,826.9174196070618,"{""type"":""MultiPoint"",""coordinates"":[]}"
20070313,2007-03-13,828.6847630109646,830.7046774416618,826.6558995803058,"{""type"":""MultiPoint"",""coordinates"":[]}"
20070314,2007-03-14,828.1454983551223,830.2800761237877,826.0601644451912,"{""type"":""MultiPoint"",""coordinates"":[]}"
20070315,2007-03-15,827.8324750935925,829.7979042180224,825.8011722471293,"{""type"":""MultiPoint"",""coordinates"":[]}"
20070316,2007-03-16,828.3500404604916,830.2518619024617,826.2747007864722,"{""type"":""MultiPoint"",""coordinates"":[]}"
20070317,2007-03-17,828.8862861796172,830.9248138676309,826.9150390393136,"{""type"":""MultiPoint"",""coordinates"":[]}"
20070318,2007-03-18,828.5933045002935,830.4960924077396,826.3220575896245,"{""type"":""MultiPoint"",""coordinates"":[]}"
20070319,2007-03-19,829.3936182121525,831.1864557254912,827.2803375786079,"{""type"":""MultiPoint"",""coordinates"":[]}"
20070320,2007-03-20,829.5524819557575,831.5746903210255,827.5707830829563,"{""type"":""MultiPoint"",""coordinates"":[]}"
20070321,2007-03-21,829.2944156301799,830.851776706691,827.4850166378042,"{""type"":""MultiPoint"",""coordinates"":[]}"
20070322,2007-03-22,830.5589422947497,832.4137231531796,828.5245538269344,"{""type"":""MultiPoint"",""coordinates"":[]}"
20070323,2007-03-23,830.8077366314731,832.5685761505193,829.020193266967,"{""type"":""MultiPoint"",""coordinates"":[]}"
20070324,2007-03-24,829.5837261345973,831.7462445806259,827.4154468433835,"{""type"":""MultiPoint"",""coordinates"":[]}"
20070325,2007-03-25,828.0539423201751,830.1531301906441,826.0778971533884,"{""type"":""MultiPoint"",""coordinates"":[]}"
20070326,2007-03-26,829.2533835401395,830.8107306379435,827.3316189375012,"{""type"":""MultiPoint"",""coordinates"":[]}"
20070327,2007-03-27,831.1707097596253,832.8430622361329,829.0557534725691,"{""type"":""MultiPoint"",""coordinates"":[]}"
20070328,2007-03-28,831.580373309935,833.6236992156176,829.603844526698,"{""type"":""MultiPoint"",""coordinates"":[]}"
20070329,2007-03-29,830.6413372341693,832.4938547045459,828.7464087016788,"{""type"":""MultiPoint"",""coordinates"":[]}"
20070330,2007-03-30,830.4268679402358,832.232479516382,828.4849582928055,"{""type"":""MultiPoint"",""coordinates"":[]}"
20070331,2007-03-31,830.4513487008894,832.313661951402,828.467931315989,"{""type"":""MultiPoint"",""coordinates"":[]}"
20070401,2007-04-01,829.3749882828263,831.7676717605287,826.9628654353521,"{""type"":""MultiPoint"",""coordinates"":[]}"
20070402,2007-04-02,828.2953815563261,830.121867105865,826.3517648503265,"{""type"":""MultiPoint"",""coordinates"":[]}"
20070403,2007-04-03,828.0324026524576,829.8975802097029,825.7399580479247,"{""type"":""MultiPoint"",""coordinates"":[]}"
20070404,2007-04-04,828.7635953783291,830.4082749614987,826.8658850387257,"{""type"":""MultiPoint"",""coordinates"":[]}"
20070405,2007-04-05,829.3750183758115,831.2245862610145,827.5380969496442,"{""type"":""MultiPoint"",""coordinates"":[]}"
20070406,2007-04-06,829.2960619704368,831.2580501453185,827.3416512693911,"{""type"":""MultiPoint"",""coordinates"":[]}"
20070407,2007-04-07,828.5819630898865,830.6210815552823,826.592657788887,"{""type"":""MultiPoint"",""coordinates"":[]}"
20070408,2007-04-08,828.3453609035062,830.1752249953746,826.2733355953272,"{""type"":""MultiPoint"",""coordinates"":[]}"
20070409,2007-04-09,829.0383792550487,830.6631565593405,827.1460409646565,"{""type"":""MultiPoint"",""coordinates"":[]}"
20070410,2007-04-10,829.3022949802142,831.0324322082137,827.6182623668036,"{""type"":""MultiPoint"",""coordinates"":[]}"
20070411,2007-04-11,828.833473920706,830.555930134099,826.9335541035042,"{""type"":""MultiPoint"",""coordinates"":[]}"
20070412,2007-04-12,828.7669353676672,830.3969525295261,826.7214762666006,"{""type"":""MultiPoint"",""coordinates"":[]}"
20070413,2007-04-13,830.1371301534176,831.7178928975391,828.1239609228193,"{""type"":""MultiPoint"",""coordinates"":[]}"
20070414,2007-04-14,830.9779735060308,832.862162080589,829.0025307338237,"{""type"":""MultiPoint"",""coordinates"":[]}"
20070415,2007-04-15,830.9578626026688,832.6697847468131,829.0276828082772,"{""type"":""MultiPoint"",""coordinates"":[]}"
20070416,2007-04-16,830.2352875806906,832.3853806500505,827.9273463494111,"{""type"":""MultiPoint"",""coordinates"":[]}"
20070417,2007-04-17,829.8140193734847,831.6325707817174,827.5235430340422,"{""type"":""MultiPoint"",""coordinates"":[]}"
20070418,2007-04-18,830.1659520232823,832.0252306027271,827.92667604112,"{""type"":""MultiPoint"",""coordinates"":[]}"
20070419,2007-04-19,829.8205898606011,831.6031516204765,827.7237403728885,"{""type"":""MultiPoint"",""coordinates"":[]}"
20070420,2007-04-20,829.0106007169229,830.8720843572345,826.9974360828451,"{""type"":""MultiPoint"",""coordinates"":[]}"
20070421,2007-04-21,827.727950546224,829.6637458785071,825.716775525609,"{""type"":""MultiPoint"",""coordinates"":[]}"
20070422,2007-04-22,827.5655119401963,829.5678674448787,825.6533726089446,"{""type"":""MultiPoint"",""coordinates"":[]}"
20070423,2007-04-23,827.1872594800446,828.8020105730334,825.4225452076741,"{""type"":""MultiPoint"",""coordinates"":[]}"
20070424,2007-04-24,826.9306758422678,828.6461225833248,825.0658705599324,"{""type"":""MultiPoint"",""coordinates"":[]}"
20070425,2007-04-25,827.5435602832403,829.2870775372415,825.441624360236,"{""type"":""MultiPoint"",""coordinates"":[]}"
20070426,2007-04-26,829.2513838130609,831.0743869649049,827.0565329376186,"{""type"":""MultiPoint"",""coordinates"":[]}"
20070427,2007-04-27,830.216733741006,831.9507950850576,828.2696162221382,"{""type"":""MultiPoint"",""coordinates"":[]}"
20070428,2007-04-28,829.4761330121379,831.3289979811237,827.4475500267429,"{""type"":""MultiPoint"",""coordinates"":[]}"
20070429,2007-04-29,829.7504976198086,831.4785781529969,827.6527485715126,"{""type"":""MultiPoint"",""coordinates"":[]}"
20070430,2007-04-30,830.5657491124085,832.3338786396304,828.4797923853847,"{""type"":""MultiPoint"",""coordinates"":[]}"
20070501,2007-05-01,830.8129575494183,832.8843106187187,828.8932818369333,"{""type"":""MultiPoint"",""coordinates"":[]}"
20070502,2007-05-02,829.305173187506,831.7721380412232,827.0148466441158,"{""type"":""MultiPoint"",""coordinates"":[]}"
20070503,2007-05-03,827.8250748792734,829.6525166719706,825.5348945384738,"{""type"":""MultiPoint"",""coordinates"":[]}"
20070504,2007-05-04,828.0857649731322,829.6612105382352,825.981957041486,"{""type"":""MultiPoint"",""coordinates"":[]}"
20070505,2007-05-05,828.0667363350065,830.000681962193,826.0072901067458,"{""type"":""MultiPoint"",""coordinates"":[]}"
20070506,2007-05-06,826.8438138101187,828.7846647593724,824.7065422531547,"{""type"":""MultiPoint"",""coordinates"":[]}"
20070507,2007-05-07,826.0937268818793,827.7695489922992,823.9256678861008,"{""type"":""MultiPoint"",""coordinates"":[]}"
20070508,2007-05-08,826.1863837179935,827.9613261900085,823.9288570715983,"{""type"":""MultiPoint"",""coordinates"":[]}"
20070509,2007-05-09,826.6843457475032,828.3546595947256,824.6152964021614,"{""type"":""MultiPoint"",""coordinates"":[]}"
20070510,2007-05-10,827.1048084413434,829.1179360738184,824.9860270704952,"{""type"":""MultiPoint"",""coordinates"":[]}"
20070511,2007-05-11,826.7349634222825,828.2193316739549,825.0038667788062,"{""type"":""MultiPoint"",""coordinates"":[]}"
20070512,2007-05-12,827.6367489082734,829.3200529932586,825.7352163974127,"{""type"":""MultiPoint"",""coordinates"":[]}"
20070513,2007-05-13,826.9602501018612,828.8157150698567,825.1848641330099,"{""type"":""MultiPoint"",""coordinates"":[]}"
20070514,2007-05-14,826.3863037111192,828.3254033601556,824.3152275750488,"{""type"":""MultiPoint"",""coordinates"":[]}"
20070515,2007-05-15,826.3676397026471,828.0464167838048,824.3155651680552,"{""type"":""MultiPoint"",""coordinates"":[]}"
20070516,2007-05-16,827.8470245353659,829.5271319811367,825.6895079148514,"{""type"":""MultiPoint"",""coordinates"":[]}"
20070517,2007-05-17,827.4886641348922,829.4454204169368,825.3691948069766,"{""type"":""MultiPoint"",""coordinates"":[]}"
20070518,2007-05-18,827.209186639823,828.8952329098086,825.1373973526054,"{""type"":""MultiPoint"",""coordinates"":[]}"
20070519,2007-05-19,826.7954595654581,828.4093600537385,824.8583997836366,"{""type"":""MultiPoint"",""coordinates"":[]}"
20070520,2007-05-20,825.1240077610286,827.1819207479223,823.0213736652063,"{""type"":""MultiPoint"",""coordinates"":[]}"
20070521,2007-05-21,823.7993540661223,825.4575006406973,822.0850301071576,"{""type"":""MultiPoint"",""coordinates"":[]}"
20070522,2007-05-22,824.7449795963023,826.2807490375147,822.8350974782785,"{""type"":""MultiPoint"",""coordinates"":[]}"
20070523,2007-05-23,826.0946081690819,827.5596608148345,824.4626619257143,"{""type"":""MultiPoint"",""coordinates"":[]}"
20070524,2007-05-24,825.1978494661487,826.8752639535517,823.354806095998,"{""type"":""MultiPoint"",""coordinates"":[]}"
20070525,2007-05-25,825.4878809555661,826.9147158891362,823.6238174662376,"{""type"":""MultiPoint"",""coordinates"":[]}"
20070526,2007-05-26,827.0651735075345,828.4829381162006,825.2653193267389,"{""type"":""MultiPoint"",""coordinates"":[]}"
20070527,2007-05-27,827.4396018265016,828.911605520491,825.7514366455841,"{""type"":""MultiPoint"",""coordinates"":[]}"
20070528,2007-05-28,827.3208755016852,828.8123617462228,825.4730656482383,"{""type"":""MultiPoint"",""coordinates"":[]}"
20070529,2007-05-29,827.9272233727489,829.3607651316194,826.1790959615331,"{""type"":""MultiPoint"",""coordinates"":[]}"
20070530,2007-05-30,828.0100324916592,829.5499915693404,826.2102391054508,"{""type"":""MultiPoint"",""coordinates"":[]}"
20070531,2007-05-31,827.6316516689932,829.2806829201436,825.8363656565583,"{""type"":""MultiPoint"",""coordinates"":[]}"
20070601,2007-06-01,826.2804649911237,828.0463110123719,824.3397178781255,"{""type"":""MultiPoint"",""coordinates"":[]}"
20070602,2007-06-02,826.1048530610159,827.7436943210292,824.1897952202601,"{""type"":""MultiPoint"",""coordinates"":[]}"
20070603,2007-06-03,826.714495258456,828.1007971079954,824.8843949347381,"{""type"":""MultiPoint"",""coordinates"":[]}"
20070604,2007-06-04,827.4132493652667,828.8627032399205,825.790296033177,"{""type"":""MultiPoint"",""coordinates"":[]}"
20070605,2007-06-05,826.313365885244,828.1274280287089,824.435349653684,"{""type"":""MultiPoint"",""coordinates"":[]}"
20070606,2007-06-06,825.7841194215082,827.3170509901155,823.9789409863946,"{""type"":""MultiPoint"",""coordinates"":[]}"
20070607,2007-06-07,825.7605498556456,827.3244995189992,824.0549984734479,"{""type"":""MultiPoint"",""coordinates"":[]}"
20070608,2007-06-08,825.8054327986936,827.2788419397874,824.1374910551157,"{""type"":""MultiPoint"",""coordinates"":[]}"
20070609,2007-06-09,825.069127117481,826.8100872279832,823.253149766635,"{""type"":""MultiPoint"",""coordinates"":[]}"
20070610,2007-06-10,823.6284505462082,825.2193711678293,821.9000793795464,"{""type"":""MultiPoint"",""coordinates"":[]}"
20070611,2007-06-11,823.478118459702,824.7752847181991,821.8144050314316,"{""type"":""MultiPoint"",""coordinates"":[]}"
20070612,2007-06-12,823.8561688956025,825.1679940467596,822.1902496572822,"{""type"":""MultiPoint"",""coordinates"":[]}"
20070613,2007-06-13,824.2168753642546,825.7317425800471,822.5292356607322,"{""type"":""MultiPoint"",""coordinates"":[]}"
20070614,2007-06-14,823.4566777684441,824.8933137170555,821.7080502165107,"{""type"":""MultiPoint"",""coordinates"":[]}"
20070615,2007-06-15,822.7698373914205,824.2271577432216,820.9193969884059,"{""type"":""MultiPoint"",""coordinates"":[]}"
20070616,2007-06-16,822.2883744434984,823.655723853228,820.5552724737631,"{""type"":""MultiPoint"",""coordinates"":[]}"
20070617,2007-06-17,822.5534875419121,823.9821499384799,820.8694914337899,"{""type"":""MultiPoint"",""coordinates"":[]}"
20070618,2007-06-18,823.3761750176051,824.8673724717152,821.5062096174967,"{""type"":""MultiPoint"",""coordinates"":[]}"
20070619,2007-06-19,823.7057727948622,825.1042387381473,821.8177934451974,"{""type"":""MultiPoint"",""coordinates"":[]}"
20070620,2007-06-20,824.2344612124664,825.7171576731478,822.354501737122,"{""type"":""MultiPoint"",""coordinates"":[]}"
20070621,2007-06-21,824.7839493544625,826.3559087898126,822.9053644235323,"{""type"":""MultiPoint"",""coordinates"":[]}"
20070622,2007-06-22,825.2965002014789,826.9591722628943,823.2560808766037,"{""type"":""MultiPoint"",""coordinates"":[]}"
20070623,2007-06-23,827.2916554559681,828.923145077361,825.2064395227562,"{""type"":""MultiPoint"",""coordinates"":[]}"
20070624,2007-06-24,827.7238919992272,829.4114999664865,825.7578026581782,"{""type"":""MultiPoint"",""coordinates"":[]}"
20070625,2007-06-25,826.2269276637761,828.2876791509681,824.1230129740428,"{""type"":""MultiPoint"",""coordinates"":[]}"
20070626,2007-06-26,824.599207090192,826.3146804419245,822.732406270928,"{""type"":""MultiPoint"",""coordinates"":[]}"
20070627,2007-06-27,824.0937575887883,825.8020513493022,822.1549938657746,"{""type"":""MultiPoint"",""coordinates"":[]}"
20070628,2007-06-28,824.1879983673971,825.7867932542259,822.4330007686743,"{""type"":""MultiPoint"",""coordinates"":[]}"
20070629,2007-06-29,824.1625560151108,825.8056160442793,822.1835214510995,"{""type"":""MultiPoint"",""coordinates"":[]}"
20070630,2007-06-30,823.7774860040403,825.6265697758375,821.7964240584442,"{""type"":""MultiPoint"",""coordinates"":[]}"
20070701,2007-07-01,822.5531188695654,824.0730004112808,820.7989974561478,"{""type"":""MultiPoint"",""coordinates"":[]}"
20070702,2007-07-02,822.5154685399618,824.0956547343429,820.7356853733813,"{""type"":""MultiPoint"",""coordinates"":[]}"
20070703,2007-07-03,823.0959621978598,824.7060912385906,821.3385321433817,"{""type"":""MultiPoint"",""coordinates"":[]}"
20070704,2007-07-04,823.3526040519113,824.7145681138292,821.7469030782634,"{""type"":""MultiPoint"",""coordinates"":[]}"
20070705,2007-07-05,822.9834589492585,824.3161607871576,821.4644465083088,"{""type"":""MultiPoint"",""coordinates"":[]}"
20070706,2007-07-06,822.8488396304994,824.2473737064065,821.2105527136148,"{""type"":""MultiPoint"",""coordinates"":[]}"
20070707,2007-07-07,823.6147673861548,825.0625065954479,822.0244332132152,"{""type"":""MultiPoint"",""coordinates"":[]}"
20070708,2007-07-08,824.3857913977869,825.955863496881,822.5906908914911,"{""type"":""MultiPoint"",""coordinates"":[]}"
20070709,2007-07-09,824.0825047311653,825.5617007099071,822.335608311405,"{""type"":""MultiPoint"",""coordinates"":[]}"
20070710,2007-07-10,824.1750882728135,825.4973548496533,822.4705006179736,"{""type"":""MultiPoint"",""coordinates"":[]}"
20070711,2007-07-11,824.8092562379956,826.0898760192606,823.3979793062739,"{""type"":""MultiPoint"",""coordinates"":[]}"
20070712,2007-07-12,824.0028100278305,825.448380744365,822.3107787013922,"{""type"":""MultiPoint"",""coordinates"":[]}"
20070713,2007-07-13,822.7416846461623,824.239970707214,820.8305937417014,"{""type"":""MultiPoint"",""coordinates"":[]}"
20070714,2007-07-14,821.8051796406235,823.2518012320653,820.0166283973832,"{""type"":""MultiPoint"",""coordinates"":[]}"
20070715,2007-07-15,822.7790765941916,824.2727544292544,821.1274637298884,"{""type"":""MultiPoint"",""coordinates"":[]}"
20070716,2007-07-16,823.8502478183127,825.4202621208756,822.0957432815993,"{""type"":""MultiPoint"",""coordinates"":[]}"
20070717,2007-07-17,824.5592535508729,825.9013117283357,822.8782186509811,"{""type"":""MultiPoint"",""coordinates"":[]}"
20070718,2007-07-18,825.1379146599716,826.5113779789875,823.3490215978937,"{""type"":""MultiPoint"",""coordinates"":[]}"
20070719,2007-07-19,825.9282755481997,827.3772314639718,824.3219956212279,"{""type"":""MultiPoint"",""coordinates"":[]}"
20070720,2007-07-20,825.5637777671129,826.937665840641,824.0259344236047,"{""type"":""MultiPoint"",""coordinates"":[]}"
20070721,2007-07-21,825.2362897850153,826.5279822314675,823.7990972691708,"{""type"":""MultiPoint"",""coordinates"":[]}"
20070722,2007-07-22,825.5983050281031,826.9300466445812,824.072406833965,"{""type"":""MultiPoint"",""coordinates"":[]}"
20070723,2007-07-23,826.7492946279241,828.3500916845427,824.9754203488349,"{""type"":""MultiPoint"",""coordinates"":[]}"
20070724,2007-07-24,827.2022625084121,828.5349933094075,825.2642859420974,"{""type"":""MultiPoint"",""coordinates"":[]}"
20070725,2007-07-25,826.8002116691111,828.3524404754087,824.9737426747406,"{""type"":""MultiPoint"",""coordinates"":[]}"
20070726,2007-07-26,826.0019030890545,827.4716487473517,824.3102405811159,"{""type"":""MultiPoint"",""coordinates"":[]}"
20070727,2007-07-27,825.4885886088239,826.8793169047839,823.7278208244695,"{""type"":""MultiPoint"",""coordinates"":[]}"
20070728,2007-07-28,825.9641482132815,827.3934364456267,824.1812497620834,"{""type"":""MultiPoint"",""coordinates"":[]}"
20070729,2007-07-29,827.006060910722,828.3033368666192,825.2023147457816,"{""type"":""MultiPoint"",""coordinates"":[]}"
20070730,2007-07-30,827.8353108108855,829.1173062878053,826.2265735388451,"{""type"":""MultiPoint"",""coordinates"":[]}"
20070731,2007-07-31,827.0884479675397,828.651713295647,825.2360811162331,"{""type"":""MultiPoint"",""coordinates"":[]}"
20070801,2007-08-01,825.8794853698263,827.5317387710081,823.9319568459839,"{""type"":""MultiPoint"",""coordinates"":[]}"
20070802,2007-08-02,825.6625039359822,827.0583133262422,823.8399734058083,"{""type"":""MultiPoint"",""coordinates"":[]}"
20070803,2007-08-03,825.4208981829338,827.0609487430074,823.6465252818622,"{""type"":""MultiPoint"",""coordinates"":[]}"
20070804,2007-08-04,823.6912678948621,825.1242634587784,821.9381651626156,"{""type"":""MultiPoint"",""coordinates"":[]}"
20070805,2007-08-05,823.6948385393804,825.0952754403141,821.883259431355,"{""type"":""MultiPoint"",""coordinates"":[]}"
20070806,2007-08-06,824.5242977645286,826.0024353797858,822.6486680822501,"{""type"":""MultiPoint"",""coordinates"":[]}"
20070807,2007-08-07,824.5583565081926,826.2394048110255,822.7584286579452,"{""type"":""MultiPoint"",""coordinates"":[]}"
20070808,2007-08-08,823.86312367501,825.2973076026049,822.2084204556986,"{""type"":""MultiPoint"",""coordinates"":[]}"
20070809,2007-08-09,824.1775961590474,825.7650935928418,822.3089259276454,"{""type"":""MultiPoint"",""coordinates"":[]}"
20070810,2007-08-10,824.7112203242694,826.1798834292061,822.9430240234149,"{""type"":""MultiPoint"",""coordinates"":[]}"
20070811,2007-08-11,824.4276886710132,826.1014990854092,822.5738346959574,"{""type"":""MultiPoint"",""coordinates"":[]}"
20070812,2007-08-12,823.8762553164914,825.480306102003,822.0900496494228,"{""type"":""MultiPoint"",""coordinates"":[]}"
20070813,2007-08-13,823.9708841137735,825.4828153968771,822.2034488857541,"{""type"":""MultiPoint"",""coordinates"":[]}"
20070814,2007-08-14,824.7880809265214,826.1422938345988,823.3007437731276,"{""type"":""MultiPoint"",""coordinates"":[]}"
20070815,2007-08-15,824.5222882490514,826.0330386999785,822.9585918039143,"{""type"":""MultiPoint"",""coordinates"":[]}"
20070816,2007-08-16,824.6720798404074,826.0929027503911,823.0764199521594,"{""type"":""MultiPoint"",""coordinates"":[]}"
20070817,2007-08-17,825.1833063784144,826.5602510074574,823.5090891550218,"{""type"":""MultiPoint"",""coordinates"":[]}"
20070818,2007-08-18,826.1713809681378,827.5752083481685,824.5466040955861,"{""type"":""MultiPoint"",""coordinates"":[]}"
20070819,2007-08-19,827.1608183418498,828.483757546234,825.4857833037943,"{""type"":""MultiPoint"",""coordinates"":[]}"
20070820,2007-08-20,828.1560122811371,829.573655086189,826.4955970993886,"{""type"":""MultiPoint"",""coordinates"":[]}"
20070821,2007-08-21,827.1790097846323,828.8279460026831,825.2760325758213,"{""type"":""MultiPoint"",""coordinates"":[]}"
20070822,2007-08-22,827.4000237890383,828.8609108531066,825.5139652254466,"{""type"":""MultiPoint"",""coordinates"":[]}"
20070823,2007-08-23,827.8614822315882,829.1593019524364,825.9444692392788,"{""type"":""MultiPoint"",""coordinates"":[]}"
20070824,2007-08-24,828.6351431635809,830.1399503073675,826.6961482482501,"{""type"":""MultiPoint"",""coordinates"":[]}"
20070825,2007-08-25,828.2338308069938,829.8795692525324,826.3002965193217,"{""type"":""MultiPoint"",""coordinates"":[]}"
20070826,2007-08-26,827.2860431173323,828.7972291309004,825.1275060582024,"{""type"":""MultiPoint"",""coordinates"":[]}"
20070827,2007-08-27,827.1972622818469,828.8237917542444,825.2320440860052,"{""type"":""MultiPoint"",""coordinates"":[]}"
20070828,2007-08-28,827.3837850561721,828.8791785212443,825.2712415781255,"{""type"":""MultiPoint"",""coordinates"":[]}"
20070829,2007-08-29,827.0735989813692,828.7442769468678,824.8915910025221,"{""type"":""MultiPoint"",""coordinates"":[]}"
20070830,2007-08-30,826.5456280897163,828.1541475657752,824.4779731150371,"{""type"":""MultiPoint"",""coordinates"":[]}"
20070831,2007-08-31,826.2592529132345,827.9101466913883,824.2701067869654,"{""type"":""MultiPoint"",""coordinates"":[]}"
20070901,2007-09-01,826.007875652408,827.541193800005,823.947590497949,"{""type"":""MultiPoint"",""coordinates"":[]}"
20070902,2007-09-02,826.4638628171534,827.871265420791,824.5163160897852,"{""type"":""MultiPoint"",""coordinates"":[]}"
20070903,2007-09-03,826.3165825737613,828.0716131744599,824.4874783750613,"{""type"":""MultiPoint"",""coordinates"":[]}"
20070904,2007-09-04,824.8354344375882,826.6413897515603,822.909690529508,"{""type"":""MultiPoint"",""coordinates"":[]}"
20070905,2007-09-05,823.98663278398,825.6194856304493,822.083730553801,"{""type"":""MultiPoint"",""coordinates"":[]}"
20070906,2007-09-06,823.9659128897885,825.5202183802503,822.2108523541491,"{""type"":""MultiPoint"",""coordinates"":[]}"
20070907,2007-09-07,824.8803848246218,826.2521023035173,822.8888375771835,"{""type"":""MultiPoint"",""coordinates"":[]}"
20070908,2007-09-08,826.4928964577605,827.8024740066821,824.5571028819281,"{""type"":""MultiPoint"",""coordinates"":[]}"
20070909,2007-09-09,827.408603172634,828.8372083350218,825.4528323453782,"{""type"":""MultiPoint"",""coordinates"":[]}"
20070910,2007-09-10,827.7203484855124,829.254372633341,825.805274023637,"{""type"":""MultiPoint"",""coordinates"":[]}"
20070911,2007-09-11,827.8115317501101,829.5784791436786,825.8079040038454,"{""type"":""MultiPoint"",""coordinates"":[]}"
20070912,2007-09-12,827.5754653296221,829.108918769378,825.4975783246217,"{""type"":""MultiPoint"",""coordinates"":[]}"
20070913,2007-09-13,828.1889653268504,829.7486164221834,826.1921609231633,"{""type"":""MultiPoint"",""coordinates"":[]}"
20070914,2007-09-14,827.9937954174073,829.9437864243604,826.0597859954664,"{""type"":""MultiPoint"",""coordinates"":[]}"
20070915,2007-09-15,827.302936608241,829.2256415668176,825.289660464868,"{""type"":""MultiPoint"",""coordinates"":[]}"
20070916,2007-09-16,828.1560595306537,829.633918291297,826.0838543151065,"{""type"":""MultiPoint"",""coordinates"":[]}"
20070917,2007-09-17,828.9148325229276,830.5082250299442,827.0283229689716,"{""type"":""MultiPoint"",""coordinates"":[]}"
20070918,2007-09-18,827.9902105541479,830.0259946071264,825.8512591044179,"{""type"":""MultiPoint"",""coordinates"":[]}"
20070919,2007-09-19,827.4279173861211,829.0870578093462,825.3639757978184,"{""type"":""MultiPoint"",""coordinates"":[]}"
20070920,2007-09-20,827.5088716882675,829.1007716594254,825.5554342907857,"{""type"":""MultiPoint"",""coordinates"":[]}"
20070921,2007-09-21,827.1473169685185,828.8026015008065,825.295363088415,"{""type"":""MultiPoint"",""coordinates"":[]}"
20070922,2007-09-22,826.5638511010608,828.023099379886,824.7644980373714,"{""type"":""MultiPoint"",""coordinates"":[]}"
20070923,2007-09-23,826.1745740745181,827.7035396159804,824.3520419696811,"{""type"":""MultiPoint"",""coordinates"":[]}"
20070924,2007-09-24,826.0996846582736,827.5812783439238,824.3254836703773,"{""type"":""MultiPoint"",""coordinates"":[]}"
20070925,2007-09-25,827.3813136159621,829.0509207180262,825.4567286713279,"{""type"":""MultiPoint"",""coordinates"":[]}"
20070926,2007-09-26,828.1052992452923,829.6543595392058,826.1200431036386,"{""type"":""MultiPoint"",""coordinates"":[]}"
20070927,2007-09-27,827.8201104153327,829.6224501510312,825.5144875943702,"{""type"":""MultiPoint"",""coordinates"":[]}"
20070928,2007-09-28,828.0097337516225,829.4464559442661,825.8811470561916,"{""type"":""MultiPoint"",""coordinates"":[]}"
20070929,2007-09-29,829.6428764697274,831.1097412189663,827.7336375432952,"{""type"":""MultiPoint"",""coordinates"":[]}"
20070930,2007-09-30,829.8140587244818,831.9500016779972,827.7320534279046,"{""type"":""MultiPoint"",""coordinates"":[]}"
20071001,2007-10-01,827.8251017438836,829.8105151395328,825.763622159779,"{""type"":""MultiPoint"",""coordinates"":[]}"
20071002,2007-10-02,827.2423124238619,828.8167316323846,825.3522495098256,"{""type"":""MultiPoint"",""coordinates"":[]}"
20071003,2007-10-03,827.6359745214031,829.0614256177635,825.9038442968674,"{""type"":""MultiPoint"",""coordinates"":[]}"
20071004,2007-10-04,828.2113919873242,829.610145149383,826.5290835256358,"{""type"":""MultiPoint"",""coordinates"":[]}"
20071005,2007-10-05,827.3961840950163,829.1133416610143,825.5789852898574,"{""type"":""MultiPoint"",""coordinates"":[]}"
20071006,2007-10-06,826.332900719753,828.247074612245,824.4590958627515,"{""type"":""MultiPoint"",""coordinates"":[]}"
20071007,2007-10-07,826.480144109425,828.012991928602,824.7427950107364,"{""type"":""MultiPoint"",""coordinates"":[]}"
20071008,2007-10-08,827.7233482714302,829.190922794998,825.8957825618411,"{""type"":""MultiPoint"",""coordinates"":[]}"
20071009,2007-10-09,828.6468953190835,830.2149692117127,826.9751987299828,"{""type"":""MultiPoint"",""coordinates"":[]}"
20071010,2007-10-10,829.1901505031434,830.4773476727041,827.4710133843686,"{""type"":""MultiPoint"",""coordinates"":[]}"
20071011,2007-10-11,830.6684182913467,831.9345903595042,828.9116927602879,"{""type"":""MultiPoint"",""coordinates"":[]}"
20071012,2007-10-12,831.9140055041444,833.3731015340238,830.1857755722549,"{""type"":""MultiPoint"",""coordinates"":[]}"
20071013,2007-10-13,831.8035897167813,833.6865028686485,829.9304475869548,"{""type"":""MultiPoint"",""coordinates"":[]}"
20071014,2007-10-14,832.0538177516491,833.5581980860346,830.2463095712086,"{""type"":""MultiPoint"",""coordinates"":[]}"
20071015,2007-10-15,832.2380290615141,833.9881631751903,830.412992998596,"{""type"":""MultiPoint"",""coordinates"":[]}"
20071016,2007-10-16,831.2757343625626,832.9055927095209,829.4642848289627,"{""type"":""MultiPoint"",""coordinates"":[]}"
20071017,2007-10-17,831.520679182731,832.9620217728674,829.7119673570452,"{""type"":""MultiPoint"",""coordinates"":[]}"
20071018,2007-10-18,832.3415943440507,833.9174355376248,830.5139912085788,"{""type"":""MultiPoint"",""coordinates"":[]}"
20071019,2007-10-19,832.6813364188145,834.5811319523045,830.7855865365058,"{""type"":""MultiPoint"",""coordinates"":[]}"
20071020,2007-10-20,830.9683525004714,833.1687297948858,828.8918176429884,"{""type"":""MultiPoint"",""coordinates"":[]}"
20071021,2007-10-21,830.1490276300428,831.8281259700714,828.2091791675253,"{""type"":""MultiPoint"",""coordinates"":[]}"
20071022,2007-10-22,830.9147561565641,832.6597508751357,829.0716604534782,"{""type"":""MultiPoint"",""coordinates"":[]}"
20071023,2007-10-23,831.5990511266799,833.1130347639452,829.8458945288537,"{""type"":""MultiPoint"",""coordinates"":[]}"
20071024,2007-10-24,832.1879457461479,833.8767855643977,830.4256257696289,"{""type"":""MultiPoint"",""coordinates"":[]}"
20071025,2007-10-25,832.2944802359129,834.1619506480101,830.6707100508962,"{""type"":""MultiPoint"",""coordinates"":[]}"
20071026,2007-10-26,831.719338304195,833.5301979380896,830.0672446819153,"{""type"":""MultiPoint"",""coordinates"":[]}"
20071027,2007-10-27,830.607416780332,832.8573964026966,828.8162062546652,"{""type"":""MultiPoint"",""coordinates"":[]}"
20071028,2007-10-28,829.5481036630979,831.498570445748,827.9216941930891,"{""type"":""MultiPoint"",""coordinates"":[]}"
20071029,2007-10-29,829.1896695846759,830.6770807501042,827.5841742972904,"{""type"":""MultiPoint"",""coordinates"":[]}"
20071030,2007-10-30,831.0017185605353,832.3789250531422,829.1610856017513,"{""type"":""MultiPoint"",""coordinates"":[]}"
20071031,2007-10-31,832.1362775398393,833.5506031738635,830.6423845794579,"{""type"":""MultiPoint"",""coordinates"":[]}"
20071101,2007-11-01,831.9298249984708,833.8803153024758,830.0257947590716,"{""type"":""MultiPoint"",""coordinates"":[]}"
20071102,2007-11-02,830.2181005785229,832.1406590064041,828.37400686285,"{""type"":""MultiPoint"",""coordinates"":[]}"
20071103,2007-11-03,830.4870342003358,831.9058030744762,828.5579618355639,"{""type"":""MultiPoint"",""coordinates"":[]}"
20071104,2007-11-04,832.0397480132692,833.716569901422,830.3918667900566,"{""type"":""MultiPoint"",""coordinates"":[]}"
20071105,2007-11-05,831.6439891763602,833.7444181998837,829.7653050649905,"{""type"":""MultiPoint"",""coordinates"":[]}"
20071106,2007-11-06,831.1483719951841,832.9383844109539,829.3216277424312,"{""type"":""MultiPoint"",""coordinates"":[]}"
20071107,2007-11-07,830.8329558789877,832.8804399412361,829.0160423103299,"{""type"":""MultiPoint"",""coordinates"":[]}"
20071108,2007-11-08,830.0977292161139,831.9994104149248,828.1373195946309,"{""type"":""MultiPoint"",""coordinates"":[]}"
20071109,2007-11-09,829.649499605664,831.7332919026885,827.8202649820363,"{""type"":""MultiPoint"",""coordinates"":[]}"
20071110,2007-11-10,829.8150279411625,831.1994200994648,828.0232853615441,"{""type"":""MultiPoint"",""coordinates"":[]}"
20071111,2007-11-11,830.559646662743,832.0869826014118,829.0718657576292,"{""type"":""MultiPoint"",""coordinates"":[]}"
20071112,2007-11-12,830.6139602113255,832.4604611794855,829.0546689356636,"{""type"":""MultiPoint"",""coordinates"":[]}"
20071113,2007-11-13,829.723827860866,831.6583882133804,828.054217064456,"{""type"":""MultiPoint"",""coordinates"":[]}"
20071114,2007-11-14,830.135971111839,831.6497332774117,828.3883519791314,"{""type"":""MultiPoint"",""coordinates"":[]}"
20071115,2007-11-15,832.0633029849813,833.6208816711552,830.1363527947054,"{""type"":""MultiPoint"",""coordinates"":[]}"
20071116,2007-11-16,832.6575638269226,834.449172165843,830.9096887806506,"{""type"":""MultiPoint"",""coordinates"":[]}"
20071117,2007-11-17,832.0883844582378,834.0825221295203,830.3537815424189,"{""type"":""MultiPoint"",""coordinates"":[]}"
20071118,2007-11-18,832.7207651026748,834.0178840155202,831.0287060624971,"{""type"":""MultiPoint"",""coordinates"":[]}"
20071119,2007-11-19,834.2925283242637,835.907425308874,832.445335735668,"{""type"":""MultiPoint"",""coordinates"":[]}"
20071120,2007-11-20,833.9853835939039,836.0705836064822,832.1755827237748,"{""type"":""MultiPoint"",""coordinates"":[]}"
20071121,2007-11-21,833.3523088106449,834.9971682655739,831.6992491462297,"{""type"":""MultiPoint"",""coordinates"":[]}"
20071122,2007-11-22,834.0525225423092,835.7568921391933,832.4415344884517,"{""type"":""MultiPoint"",""coordinates"":[]}"
20071123,2007-11-23,832.9116326704116,835.0556107139454,831.1344834794663,"{""type"":""MultiPoint"",""coordinates"":[]}"
20071124,2007-11-24,832.7118861112278,834.3755554449434,830.9993480383648,"{""type"":""MultiPoint"",""coordinates"":[]}"
20071125,2007-11-25,833.9492933067534,835.4511566340458,832.1538170935637,"{""type"":""MultiPoint"",""coordinates"":[]}"
20071126,2007-11-26,834.3239948001886,836.3453038660888,832.4595376984055,"{""type"":""MultiPoint"",""coordinates"":[]}"
20071127,2007-11-27,832.2705745191433,834.6446442323478,830.5027763683634,"{""type"":""MultiPoint"",""coordinates"":[]}"
20071128,2007-11-28,830.9463291613584,832.7243881299228,829.3162592624035,"{""type"":""MultiPoint"",""coordinates"":[]}"
20071129,2007-11-29,831.4574727868742,833.0045285692742,829.6510706175358,"{""type"":""MultiPoint"",""coordinates"":[]}"
20071130,2007-11-30,832.2828478900998,833.873173292223,830.5311460497445,"{""type"":""MultiPoint"",""coordinates"":[]}"
20071201,2007-12-01,832.5122574122674,834.3585491137131,830.748069683171,"{""type"":""MultiPoint"",""coordinates"":[]}"
20071202,2007-12-02,832.2849580128687,833.9168464233242,830.7055602688271,"{""type"":""MultiPoint"",""coordinates"":[]}"
20071203,2007-12-03,832.9844710238285,834.6860055877682,831.3444651145081,"{""type"":""MultiPoint"",""coordinates"":[]}"
20071204,2007-12-04,834.0913241953891,835.7692886155022,832.0880482316854,"{""type"":""MultiPoint"",""coordinates"":[]}"
20071205,2007-12-05,835.3971602444485,836.9079522366376,833.7450396342964,"{""type"":""MultiPoint"",""coordinates"":[]}"
20071206,2007-12-06,834.497507001308,836.7850809663962,832.489712842577,"{""type"":""MultiPoint"",""coordinates"":[]}"
20071207,2007-12-07,831.5670804940265,834.2255066801583,829.6260908630474,"{""type"":""MultiPoint"",""coordinates"":[]}"
20071208,2007-12-08,830.170331848731,832.2027365538739,828.2975048142205,"{""type"":""MultiPoint"",""coordinates"":[]}"
20071209,2007-12-09,829.4768164656208,831.4339797490003,827.6018052783654,"{""type"":""MultiPoint"",""coordinates"":[]}"
20071210,2007-12-10,828.1285259693279,830.2291760576774,826.4000934514931,"{""type"":""MultiPoint"",""coordinates"":[]}"
20071211,2007-12-11,828.827316270321,830.5008476092873,827.0135258585645,"{""type"":""MultiPoint"",""coordinates"":[]}"
20071212,2007-12-12,829.0901989891366,831.0527879648482,827.4599622480654,"{""type"":""MultiPoint"",""coordinates"":[]}"
20071213,2007-12-13,829.1586871491614,830.7244252338661,827.6625171345636,"{""type"":""MultiPoint"",""coordinates"":[]}"
20071214,2007-12-14,829.307539374316,830.9530705025106,827.8166888695863,"{""type"":""MultiPoint"",""coordinates"":[]}"
20071215,2007-12-15,829.9522735787024,831.4965625250856,828.1222382212519,"{""type"":""MultiPoint"",""coordinates"":[]}"
20071216,2007-12-16,831.8020457100891,833.3781433824842,830.1794299547528,"{""type"":""MultiPoint"",""coordinates"":[]}"
20071217,2007-12-17,832.279672177412,834.0462555287049,830.4111777594815,"{""type"":""MultiPoint"",""coordinates"":[]}"
20071218,2007-12-18,831.9677458094995,833.9538274434746,830.2368110232933,"{""type"":""MultiPoint"",""coordinates"":[]}"
20071219,2007-12-19,831.0958922359866,833.0115439736244,829.4921502494582,"{""type"":""MultiPoint"",""coordinates"":[]}"
20071220,2007-12-20,831.2596763651727,833.102793226032,829.6473616167716,"{""type"":""MultiPoint"",""coordinates"":[]}"
20071221,2007-12-21,831.7068684817036,833.8900363709961,829.6843884414244,"{""type"":""MultiPoint"",""coordinates"":[]}"
20071222,2007-12-22,831.5992595099045,833.8332401400884,829.4454763433894,"{""type"":""MultiPoint"",""coordinates"":[]}"
20071223,2007-12-23,830.2554796220892,832.5292716019903,828.3535581281277,"{""type"":""MultiPoint"",""coordinates"":[]}"
20071224,2007-12-24,829.1402776162703,831.2427681459261,827.5802347293537,"{""type"":""MultiPoint"",""coordinates"":[]}"
20071225,2007-12-25,829.4012053289243,830.8037080049932,827.8510948535023,"{""type"":""MultiPoint"",""coordinates"":[]}"
20071226,2007-12-26,830.5514908348175,832.1074634493257,829.0942197402528,"{""type"":""MultiPoint"",""coordinates"":[]}"
20071227,2007-12-27,830.9687533643885,833.1725996300231,829.0087312957211,"{""type"":""MultiPoint"",""coordinates"":[]}"
20071228,2007-12-28,829.0077565766728,830.8904711776702,827.3638627708807,"{""type"":""MultiPoint"",""coordinates"":[]}"
20071229,2007-12-29,829.3876426512375,831.0188382775755,827.6993813264245,"{""type"":""MultiPoint"",""coordinates"":[]}"
20071230,2007-12-30,830.5391459554429,832.0559043844347,829.1212935801707,"{""type"":""MultiPoint"",""coordinates"":[]}"
20071231,2007-12-31,830.6466311029243,832.2513279046472,829.1558983864297,"{""type"":""MultiPoint"",""coordinates"":[]}"
20080101,2008-01-01,831.0495797470969,832.9875755967538,829.3220510546641,"{""type"":""MultiPoint"",""coordinates"":[]}"
20080102,2008-01-02,832.0627434791793,833.5376714933504,830.3200380502361,"{""type"":""MultiPoint"",""coordinates"":[]}"
20080103,2008-01-03,832.7150213346451,834.5616618336134,831.0378188013931,"{""type"":""MultiPoint"",""coordinates"":[]}"
20080104,2008-01-04,832.5995684094532,834.4221618354105,831.1014302918556,"{""type"":""MultiPoint"",""coordinates"":[]}"
20080105,2008-01-05,832.3836224836721,834.1644718931727,830.6842401275081,"{""type"":""MultiPoint"",""coordinates"":[]}"
20080106,2008-01-06,833.0469585844228,834.8198204388226,831.3487816047517,"{""type"":""MultiPoint"",""coordinates"":[]}"
20080107,2008-01-07,833.3489730818676,835.4373669313685,831.4104041524554,"{""type"":""MultiPoint"",""coordinates"":[]}"
20080108,2008-01-08,832.0703871142906,834.357439712896,830.2831267115754,"{""type"":""MultiPoint"",""coordinates"":[]}"
20080109,2008-01-09,830.4175572481046,832.6861047711551,828.3262566876898,"{""type"":""MultiPoint"",""coordinates"":[]}"
20080110,2008-01-10,828.8755329991069,830.9632043036095,826.9764313078912,"{""type"":""MultiPoint"",""coordinates"":[]}"
20080111,2008-01-11,829.6484857199418,831.7810055146472,827.5436208776388,"{""type"":""MultiPoint"",""coordinates"":[]}"
20080112,2008-01-12,830.5256018676472,832.3111812954504,828.7621099499166,"{""type"":""MultiPoint"",""coordinates"":[]}"
20080113,2008-01-13,830.4535668058593,832.4801451698805,828.8671466189834,"{""type"":""MultiPoint"",""coordinates"":[]}"
20080114,2008-01-14,830.3951043173855,832.0392439294476,828.6808526403597,"{""type"":""MultiPoint"",""coordinates"":[]}"
20080115,2008-01-15,831.4058285409809,833.1068000300631,829.5069707067589,"{""type"":""MultiPoint"",""coordinates"":[]}"
20080116,2008-01-16,832.6232340751782,834.4413833601607,830.5893050872705,"{""type"":""MultiPoint"",""coordinates"":[]}"
20080117,2008-01-17,830.0559682225108,832.8867706633987,827.3999386050695,"{""type"":""MultiPoint"",""coordinates"":[]}"
20080118,2008-01-18,826.7844936819191,829.0545483456764,824.9728392967097,"{""type"":""MultiPoint"",""coordinates"":[]}"
20080119,2008-01-19,826.1614813657573,827.9030435445229,824.5535864969804,"{""type"":""MultiPoint"",""coordinates"":[]}"
20080120,2008-01-20,826.6777610787356,828.3634528678231,824.931172773975,"{""type"":""MultiPoint"",""coordinates"":[]}"
20080121,2008-01-21,826.3283189802293,828.1177988083862,824.5255643617712,"{""type"":""MultiPoint"",""coordinates"":[]}"
20080122,2008-01-22,825.941294038819,827.7789872323535,824.3273715220517,"{""type"":""MultiPoint"",""coordinates"":[]}"
20080123,2008-01-23,825.973633405476,827.7515222772761,824.2883827360462,"{""type"":""MultiPoint"",""coordinates"":[]}"
20080124,2008-01-24,826.458314299402,828.1473723448943,824.9394328518247,"{""type"":""MultiPoint"",""coordinates"":[]}"
20080125,2008-01-25,826.1839116638265,827.9754414121957,824.6525665057546,"{""type"":""MultiPoint"",""coordinates"":[]}"
20080126,2008-01-26,826.3397783906236,828.0904301042553,824.4983543564769,"{""type"":""MultiPoint"",""coordinates"":[]}"
20080127,2008-01-27,827.2007511460963,829.1172302688275,825.3774378129355,"{""type"":""MultiPoint"",""coordinates"":[]}"
20080128,2008-01-28,826.8382479206624,828.7886514650171,825.1215238042138,"{""type"":""MultiPoint"",""coordinates"":[]}"
20080129,2008-01-29,824.8786512709314,827.3196975810447,822.9415194619983,"{""type"":""MultiPoint"",""coordinates"":[]}"
20080130,2008-01-30,824.8074145416568,826.5203210326076,822.8448891457874,"{""type"":""MultiPoint"",""coordinates"":[]}"
20080131,2008-01-31,826.4062470782417,828.3695453547016,824.5155667741897,"{""type"":""MultiPoint"",""coordinates"":[]}"
20080201,2008-02-01,827.3764046713843,828.9585810859736,825.705615010019,"{""type"":""MultiPoint"",""coordinates"":[]}"
20080202,2008-02-02,826.9365070660236,829.0146581924398,824.9725558514622,"{""type"":""MultiPoint"",""coordinates"":[]}"
20080203,2008-02-03,826.5047599035602,828.3229384808782,824.8558295867347,"{""type"":""MultiPoint"",""coordinates"":[]}"
20080204,2008-02-04,827.1871124561898,828.6437222748922,825.6439934855355,"{""type"":""MultiPoint"",""coordinates"":[]}"
20080205,2008-02-05,828.1362301719414,829.8972166755048,826.5322030087759,"{""type"":""MultiPoint"",""coordinates"":[]}"
20080206,2008-02-06,828.1174560738528,829.8706061819591,826.6064939206269,"{""type"":""MultiPoint"",""coordinates"":[]}"
20080207,2008-02-07,827.3451378576741,829.2852223579808,825.6816261369354,"{""type"":""MultiPoint"",""coordinates"":[]}"
20080208,2008-02-08,827.9055488867403,829.5731710854267,826.0543790716321,"{""type"":""MultiPoint"",""coordinates"":[]}"
20080209,2008-02-09,827.5634496107493,829.6194818594515,825.7157533201092,"{""type"":""MultiPoint"",""coordinates"":[]}"
20080210,2008-02-10,827.7258118598462,829.3063286735003,825.8675023542158,"{""type"":""MultiPoint"",""coordinates"":[]}"
20080211,2008-02-11,828.6129875503905,830.2040223529212,826.9374667838537,"{""type"":""MultiPoint"",""coordinates"":[]}"
20080212,2008-02-12,828.9946303901423,831.1293098743286,827.1242972955702,"{""type"":""MultiPoint"",""coordinates"":[]}"
20080213,2008-02-13,830.2503236654587,832.2413554369817,828.1012219073011,"{""type"":""MultiPoint"",""coordinates"":[]}"
20080214,2008-02-14,830.6318873959493,832.6008617836253,828.7857596508719,"{""type"":""MultiPoint"",""coordinates"":[]}"
20080215,2008-02-15,830.7875053652856,832.7931283574788,828.812983487868,"{""type"":""MultiPoint"",""coordinates"":[]}"
20080216,2008-02-16,830.8272505706551,832.8897857149315,828.9015522435383,"{""type"":""MultiPoint"",""coordinates"":[]}"
20080217,2008-02-17,829.8086183965028,832.0125565937717,827.9071530076181,"{""type"":""MultiPoint"",""coordinates"":[]}"
20080218,2008-02-18,829.7717765262164,831.4541863189571,828.0042283313741,"{""type"":""MultiPoint"",""coordinates"":[]}"
20080219,2008-02-19,830.4365977888566,832.1279817030332,828.5277537321592,"{""type"":""MultiPoint"",""coordinates"":[]}"
20080220,2008-02-20,831.4497232128969,833.3816474520169,829.3133061204692,"{""type"":""MultiPoint"",""coordinates"":[]}"
20080221,2008-02-21,831.2070238109036,833.7283444900801,829.1315904030863,"{""type"":""MultiPoint"",""coordinates"":[]}"
20080222,2008-02-22,829.989246107329,832.2287614121758,828.020785088293,"{""type"":""MultiPoint"",""coordinates"":[]}"
20080223,2008-02-23,829.5168082148739,831.5704862108643,827.6756772224898,"{""type"":""MultiPoint"",""coordinates"":[]}"
20080224,2008-02-24,828.7328209595646,830.6537643204175,826.8554300429431,"{""type"":""MultiPoint"",""coordinates"":[]}"
20080225,2008-02-25,828.487938283791,830.2781338106296,826.7142040914305,"{""type"":""MultiPoint"",""coordinates"":[]}"
20080226,2008-02-26,829.9488318197772,831.6456186015679,827.9756849492318,"{""type"":""MultiPoint"",""coordinates"":[]}"
20080227,2008-02-27,832.5041841075456,834.510466011077,830.2448518487506,"{""type"":""MultiPoint"",""coordinates"":[]}"
20080228,2008-02-28,832.1967550825437,834.6642356786512,829.9199714825903,"{""type"":""MultiPoint"",""coordinates"":[]}"
20080229,2008-02-29,829.987392985827,832.297723139001,827.8154766397762,"{""type"":""MultiPoint"",""coordinates"":[]}"
20080301,2008-03-01,829.0520674148784,830.9277033723339,827.2930976476009,"{""type"":""MultiPoint"",""coordinates"":[]}"
20080302,2008-03-02,829.6561894570391,831.1203911222769,827.8966058167512,"{""type"":""MultiPoint"",""coordinates"":[]}"
20080303,2008-03-03,828.968913951222,831.3573138136151,827.0708960028958,"{""type"":""MultiPoint"",""coordinates"":[]}"
20080304,2008-03-04,827.8960616179752,829.6605860856945,826.1369383580823,"{""type"":""MultiPoint"",""coordinates"":[]}"
20080305,2008-03-05,829.6200132206169,831.3816201569697,827.5660102618244,"{""type"":""MultiPoint"",""coordinates"":[]}"
20080306,2008-03-06,831.293856797602,832.9282990594213,829.4587516468797,"{""type"":""MultiPoint"",""coordinates"":[]}"
20080307,2008-03-07,831.1601351746381,833.1276822212411,829.3587605712007,"{""type"":""MultiPoint"",""coordinates"":[]}"
20080308,2008-03-08,830.1094990761975,832.0276093502047,828.1077256527683,"{""type"":""MultiPoint"",""coordinates"":[]}"
20080309,2008-03-09,830.647206479636,832.3354056695639,828.6162880255484,"{""type"":""MultiPoint"",""coordinates"":[]}"
20080310,2008-03-10,830.47300292828,832.4630046870227,828.7644154028792,"{""type"":""MultiPoint"",""coordinates"":[]}"
20080311,2008-03-11,829.6972317893651,831.6714247569132,827.9925979044842,"{""type"":""MultiPoint"",""coordinates"":[]}"
20080312,2008-03-12,829.4895359376336,831.3241530196326,827.7791003058227,"{""type"":""MultiPoint"",""coordinates"":[]}"
20080313,2008-03-13,829.3099762378738,830.8796949576895,827.4389748368935,"{""type"":""MultiPoint"",""coordinates"":[]}"
20080314,2008-03-14,829.2139382833802,831.2476979155277,827.3915168406401,"{""type"":""MultiPoint"",""coordinates"":[]}"
20080315,2008-03-15,828.2559253234064,830.2117791795428,826.5141386225728,"{""type"":""MultiPoint"",""coordinates"":[]}"
20080316,2008-03-16,828.0835366251977,830.0245213003826,826.2748359273593,"{""type"":""MultiPoint"",""coordinates"":[]}"
20080317,2008-03-17,826.7434406955516,828.8964785259941,824.7969666744618,"{""type"":""MultiPoint"",""coordinates"":[]}"
20080318,2008-03-18,825.8481338801276,828.0270217112987,823.9185800514424,"{""type"":""MultiPoint"",""coordinates"":[]}"
20080319,2008-03-19,826.0740073982838,828.134910292952,824.0556430407621,"{""type"":""MultiPoint"",""coordinates"":[]}"
20080320,2008-03-20,826.2927589586591,827.9974244429578,824.4359496468221,"{""type"":""MultiPoint"",""coordinates"":[]}"
20080321,2008-03-21,827.0915602978511,828.8316399582347,825.237455335012,"{""type"":""MultiPoint"",""coordinates"":[]}"
20080322,2008-03-22,827.4099379746839,829.1748413535815,825.4115578926574,"{""type"":""MultiPoint"",""coordinates"":[]}"
20080323,2008-03-23,828.129234923855,830.1432192984644,826.1119529224868,"{""type"":""MultiPoint"",""coordinates"":[]}"
20080324,2008-03-24,828.688935460225,830.392094664832,826.751224968041,"{""type"":""MultiPoint"",""coordinates"":[]}"
20080325,2008-03-25,828.3873015734744,830.172988917357,826.3799067574512,"{""type"":""MultiPoint"",""coordinates"":[]}"
20080326,2008-03-26,827.6370538880383,829.795846021073,825.6382578911174,"{""type"":""MultiPoint"",""coordinates"":[]}"
20080327,2008-03-27,826.4613491386771,828.5000227429534,824.4474417913142,"{""type"":""MultiPoint"",""coordinates"":[]}"
20080328,2008-03-28,826.4684261193981,828.065548069193,824.4808733753458,"{""type"":""MultiPoint"",""coordinates"":[]}"
20080329,2008-03-29,827.1539505269885,828.7916182230969,825.2799894910137,"{""type"":""MultiPoint"",""coordinates"":[]}"
20080330,2008-03-30,826.7331404900565,828.7449345060078,824.7273694852095,"{""type"":""MultiPoint"",""coordinates"":[]}"
20080331,2008-03-31,826.9136538856322,828.523223611518,824.8909759874253,"{""type"":""MultiPoint"",""coordinates"":[]}"
20080401,2008-04-01,827.2534293470715,828.8744091265647,825.3172031441103,"{""type"":""MultiPoint"",""coordinates"":[]}"
20080402,2008-04-02,827.5621310837349,829.2388792233772,825.4999416001568,"{""type"":""MultiPoint"",""coordinates"":[]}"
20080403,2008-04-03,827.6812715046825,829.6749300539975,825.5148026575254,"{""type"":""MultiPoint"",""coordinates"":[]}"
20080404,2008-04-04,827.4226252983835,829.1050060860514,825.1256108035894,"{""type"":""MultiPoint"",""coordinates"":[]}"
20080405,2008-04-05,830.1092680985744,832.0796805538057,827.8005323629017,"{""type"":""MultiPoint"",""coordinates"":[]}"
20080406,2008-04-06,831.2872202427658,833.7406379335862,828.9780273179238,"{""type"":""MultiPoint"",""coordinates"":[]}"
20080407,2008-04-07,829.785838398287,831.691046799437,827.9068259488502,"{""type"":""MultiPoint"",""coordinates"":[]}"
20080408,2008-04-08,828.9481506172208,830.7375249882439,827.0987240177462,"{""type"":""MultiPoint"",""coordinates"":[]}"
20080409,2008-04-09,828.674297224441,830.3004794385354,826.8386613089326,"{""type"":""MultiPoint"",""coordinates"":[]}"
20080410,2008-04-10,828.0592102817812,830.2971420766185,825.8801086788128,"{""type"":""MultiPoint"",""coordinates"":[]}"
20080411,2008-04-11,826.4887097447009,828.4512099137339,824.3587544071936,"{""type"":""MultiPoint"",""coordinates"":[]}"
20080412,2008-04-12,826.3869365175989,828.4042966450746,824.2445547832375,"{""type"":""MultiPoint"",""coordinates"":[]}"
20080413,2008-04-13,825.9091702798271,827.9564532404665,823.9291308064182,"{""type"":""MultiPoint"",""coordinates"":[]}"
20080414,2008-04-14,826.2201457023866,827.8922419421838,824.2345613586077,"{""type"":""MultiPoint"",""coordinates"":[]}"
20080415,2008-04-15,827.0796498495091,828.8466558863321,825.1297061010234,"{""type"":""MultiPoint"",""coordinates"":[]}"
20080416,2008-04-16,827.3743672714015,829.4379819564338,825.2794470515319,"{""type"":""MultiPoint"",""coordinates"":[]}"
20080417,2008-04-17,826.3797036755418,828.7828822857838,824.2432217324106,"{""type"":""MultiPoint"",""coordinates"":[]}"
20080418,2008-04-18,826.2816763931585,828.1209387314155,824.4049165608149,"{""type"":""MultiPoint"",""coordinates"":[]}"
20080419,2008-04-19,826.9718836206453,828.7899540884904,825.0610068761949,"{""type"":""MultiPoint"",""coordinates"":[]}"
20080420,2008-04-20,827.6096477875466,829.8278066687875,825.5634146855344,"{""type"":""MultiPoint"",""coordinates"":[]}"
20080421,2008-04-21,827.6118110696368,829.3285012532713,825.578451037583,"{""type"":""MultiPoint"",""coordinates"":[]}"
20080422,2008-04-22,828.7946586428943,830.4528256712366,826.7155105936835,"{""type"":""MultiPoint"",""coordinates"":[]}"
20080423,2008-04-23,829.5178768083855,831.018226666836,827.7351809146164,"{""type"":""MultiPoint"",""coordinates"":[]}"
20080424,2008-04-24,829.1256730321494,830.9825618140144,826.9281311665264,"{""type"":""MultiPoint"",""coordinates"":[]}"
20080425,2008-04-25,828.8162739250081,830.7265274043729,826.764155195947,"{""type"":""MultiPoint"",""coordinates"":[]}"
20080426,2008-04-26,827.8414028986389,830.1737849122508,825.5758336785484,"{""type"":""MultiPoint"",""coordinates"":[]}"
20080427,2008-04-27,825.2309305646559,827.2657383155439,823.0998124757588,"{""type"":""MultiPoint"",""coordinates"":[]}"
20080428,2008-04-28,824.7065477094211,826.4638544951099,822.726301806531,"{""type"":""MultiPoint"",""coordinates"":[]}"
20080429,2008-04-29,825.9922077150825,827.5180381167143,824.0432821106565,"{""type"":""MultiPoint"",""coordinates"":[]}"
20080430,2008-04-30,826.4797866052321,828.4964817003491,824.5105892067356,"{""type"":""MultiPoint"",""coordinates"":[]}"
20080501,2008-05-01,825.2180207128973,827.5000850181854,823.149373166458,"{""type"":""MultiPoint"",""coordinates"":[]}"
20080502,2008-05-02,824.1407747763252,826.1954487224965,822.033842791784,"{""type"":""MultiPoint"",""coordinates"":[]}"
20080503,2008-05-03,824.7396725843066,826.3830227953089,822.6467081038653,"{""type"":""MultiPoint"",""coordinates"":[]}"
20080504,2008-05-04,825.9233405403545,827.6752770795691,823.8024051957248,"{""type"":""MultiPoint"",""coordinates"":[]}"
20080505,2008-05-05,825.5518489634743,827.6033640352655,823.5583920948379,"{""type"":""MultiPoint"",""coordinates"":[]}"
20080506,2008-05-06,825.4630318031633,827.1344973703348,823.3871725910959,"{""type"":""MultiPoint"",""coordinates"":[]}"
20080507,2008-05-07,826.7913783144004,828.4393275348201,824.5223672654643,"{""type"":""MultiPoint"",""coordinates"":[]}"
20080508,2008-05-08,827.666636947438,829.3601575439772,825.6427672628681,"{""type"":""MultiPoint"",""coordinates"":[]}"
20080509,2008-05-09,827.0754917062885,828.8820562617592,825.1850450864085,"{""type"":""MultiPoint"",""coordinates"":[]}"
20080510,2008-05-10,826.9711027688936,828.4823055447174,825.0842400926684,"{""type"":""MultiPoint"",""coordinates"":[]}"
20080511,2008-05-11,826.7771986403446,828.5707725924594,824.7203674291471,"{""type"":""MultiPoint"",""coordinates"":[]}"
20080512,2008-05-12,826.741069430119,828.3011412361087,824.7098302901159,"{""type"":""MultiPoint"",""coordinates"":[]}"
20080513,2008-05-13,827.4959195666536,829.2390706891114,825.5114414817983,"{""type"":""MultiPoint"",""coordinates"":[]}"
20080514,2008-05-14,827.208425000651,829.0074800466072,825.2316867446407,"{""type"":""MultiPoint"",""coordinates"":[]}"
20080515,2008-05-15,827.0069939536457,828.7873306766022,824.9781589890073,"{""type"":""MultiPoint"",""coordinates"":[]}"
20080516,2008-05-16,826.6366625480882,828.7360002527342,824.6756548165525,"{""type"":""MultiPoint"",""coordinates"":[]}"
20080517,2008-05-17,824.8727512825376,827.0481721861158,822.7051144270996,"{""type"":""MultiPoint"",""coordinates"":[]}"
20080518,2008-05-18,824.4173097563837,826.1448771835605,822.3011384335991,"{""type"":""MultiPoint"",""coordinates"":[]}"
20080519,2008-05-19,825.8613737135328,827.4801874774454,823.8717086971096,"{""type"":""MultiPoint"",""coordinates"":[]}"
20080520,2008-05-20,826.0983206228663,827.8072145666376,824.0610852145899,"{""type"":""MultiPoint"",""coordinates"":[]}"
20080521,2008-05-21,825.959437504547,827.5838170558895,824.1096898690129,"{""type"":""MultiPoint"",""coordinates"":[]}"
20080522,2008-05-22,826.184960836624,827.6820506769077,824.3604699587064,"{""type"":""MultiPoint"",""coordinates"":[]}"
20080523,2008-05-23,826.4390178837989,828.1870150088384,824.4831352759595,"{""type"":""MultiPoint"",""coordinates"":[]}"
20080524,2008-05-24,825.583005154958,827.2863689648808,823.7021004182138,"{""type"":""MultiPoint"",""coordinates"":[]}"
20080525,2008-05-25,825.5512611976347,826.9882370191998,823.6318979107879,"{""type"":""MultiPoint"",""coordinates"":[]}"
20080526,2008-05-26,826.6225777568283,828.0242233263923,824.7305922793362,"{""type"":""MultiPoint"",""coordinates"":[]}"
20080527,2008-05-27,826.0258018690151,828.0782735443939,824.123742443523,"{""type"":""MultiPoint"",""coordinates"":[]}"
20080528,2008-05-28,824.5122663066566,826.2720250429761,822.6713841905108,"{""type"":""MultiPoint"",""coordinates"":[]}"
20080529,2008-05-29,825.3718562936359,826.7328691577144,823.5009384500322,"{""type"":""MultiPoint"",""coordinates"":[]}"
20080530,2008-05-30,825.8747252121648,827.3551088593636,824.0718601006183,"{""type"":""MultiPoint"",""coordinates"":[]}"
20080531,2008-05-31,826.0459363356977,827.6650201741844,823.9464242556353,"{""type"":""MultiPoint"",""coordinates"":[]}"
20080601,2008-06-01,826.3630209760375,827.9091828671872,824.461053774948,"{""type"":""MultiPoint"",""coordinates"":[]}"
20080602,2008-06-02,827.0824744781493,828.4940568044877,825.14790455233,"{""type"":""MultiPoint"",""coordinates"":[]}"
20080603,2008-06-03,827.9987885315027,829.4368438669013,826.0481556526587,"{""type"":""MultiPoint"",""coordinates"":[]}"
20080604,2008-06-04,827.5565798409222,829.5672311277946,825.567790831548,"{""type"":""MultiPoint"",""coordinates"":[]}"
20080605,2008-06-05,825.1941816011331,827.3679315925006,823.0164678514105,"{""type"":""MultiPoint"",""coordinates"":[]}"
20080606,2008-06-06,824.3123722331497,825.8958081646465,822.3336849317177,"{""type"":""MultiPoint"",""coordinates"":[]}"
20080607,2008-06-07,825.1517042729205,826.7236702979703,823.1931990317823,"{""type"":""MultiPoint"",""coordinates"":[]}"
20080608,2008-06-08,825.8678332983691,827.3613325189641,823.8487491594219,"{""type"":""MultiPoint"",""coordinates"":[]}"
20080609,2008-06-09,826.2675660308599,827.7214695519103,824.3033597870458,"{""type"":""MultiPoint"",""coordinates"":[]}"
20080610,2008-06-10,826.5074179272551,828.0338711345862,824.5233889522659,"{""type"":""MultiPoint"",""coordinates"":[]}"
20080611,2008-06-11,826.0977730324515,827.5838483691633,824.2493883644045,"{""type"":""MultiPoint"",""coordinates"":[]}"
20080612,2008-06-12,824.8448246180501,826.7271293699299,822.9026068576151,"{""type"":""MultiPoint"",""coordinates"":[]}"
20080613,2008-06-13,823.3041648929957,825.106945908747,821.4310902593363,"{""type"":""MultiPoint"",""coordinates"":[]}"
20080614,2008-06-14,822.5358603558907,824.0161289145025,820.9960998390602,"{""type"":""MultiPoint"",""coordinates"":[]}"
20080615,2008-06-15,822.14334112067,823.6218642854316,820.5756463460289,"{""type"":""MultiPoint"",""coordinates"":[]}"
20080616,2008-06-16,822.0923238366238,823.5226328843431,820.485217678855,"{""type"":""MultiPoint"",""coordinates"":[]}"
20080617,2008-06-17,821.9039499231251,823.3510671300072,820.1694838115884,"{""type"":""MultiPoint"",""coordinates"":[]}"
20080618,2008-06-18,822.7449239782611,824.2925898907799,821.1020666208228,"{""type"":""MultiPoint"",""coordinates"":[]}"
20080619,2008-06-19,824.2025117018981,825.6171883871626,822.4623687702252,"{""type"":""MultiPoint"",""coordinates"":[]}"
20080620,2008-06-20,825.2400928572081,826.6483464587614,823.6205472769275,"{""type"":""MultiPoint"",""coordinates"":[]}"
20080621,2008-06-21,825.3192987379881,826.8356041786697,823.5591651831778,"{""type"":""MultiPoint"",""coordinates"":[]}"
20080622,2008-06-22,825.0239607121518,826.4444455289768,823.314398526538,"{""type"":""MultiPoint"",""coordinates"":[]}"
20080623,2008-06-23,824.6282976620237,826.1547225213678,822.8822922517655,"{""type"":""MultiPoint"",""coordinates"":[]}"
20080624,2008-06-24,824.7919616731712,826.3801963861074,822.9318698700124,"{""type"":""MultiPoint"",""coordinates"":[]}"
20080625,2008-06-25,826.0660343185451,827.5054603201374,824.2917688828757,"{""type"":""MultiPoint"",""coordinates"":[]}"
20080626,2008-06-26,825.9491409605658,827.4753608814058,824.2102302709807,"{""type"":""MultiPoint"",""coordinates"":[]}"
20080627,2008-06-27,825.1070289084959,826.6957625937098,823.4562795196575,"{""type"":""MultiPoint"",""coordinates"":[]}"
20080628,2008-06-28,824.213804124274,825.7113363788645,822.4785069016923,"{""type"":""MultiPoint"",""coordinates"":[]}"
20080629,2008-06-29,823.7009763364586,825.0906444429488,822.044067648486,"{""type"":""MultiPoint"",""coordinates"":[]}"
20080630,2008-06-30,824.2535411402221,825.7481488621098,822.4653809321123,"{""type"":""MultiPoint"",""coordinates"":[]}"
20080701,2008-07-01,825.2722777759236,826.8586311688795,823.5614639802909,"{""type"":""MultiPoint"",""coordinates"":[]}"
20080702,2008-07-02,825.3858865256942,826.8485720376593,823.5749578795823,"{""type"":""MultiPoint"",""coordinates"":[]}"
20080703,2008-07-03,825.4354512595014,827.0022085823335,823.6675965005377,"{""type"":""MultiPoint"",""coordinates"":[]}"
20080704,2008-07-04,825.202494601686,826.5158658602641,823.667640013518,"{""type"":""MultiPoint"",""coordinates"":[]}"
20080705,2008-07-05,824.5721850747717,825.8806666747311,823.0441760836172,"{""type"":""MultiPoint"",""coordinates"":[]}"
20080706,2008-07-06,824.2609257135286,825.70686199518,822.6928135199325,"{""type"":""MultiPoint"",""coordinates"":[]}"
20080707,2008-07-07,823.6540688749093,825.0024267439242,822.1126314151821,"{""type"":""MultiPoint"",""coordinates"":[]}"
20080708,2008-07-08,823.8787793261363,825.3216746999617,822.130022592384,"{""type"":""MultiPoint"",""coordinates"":[]}"
20080709,2008-07-09,825.5867948285397,826.9354552673548,823.8414823801094,"{""type"":""MultiPoint"",""coordinates"":[]}"
20080710,2008-07-10,825.9500508146185,827.4568550552881,824.3025759683396,"{""type"":""MultiPoint"",""coordinates"":[]}"
20080711,2008-07-11,824.3059092209909,825.8824826537452,822.4974569166973,"{""type"":""MultiPoint"",""coordinates"":[]}"
20080712,2008-07-12,823.6928917242601,825.0677616911524,821.9006598909014,"{""type"":""MultiPoint"",""coordinates"":[]}"
20080713,2008-07-13,825.030436024488,826.723941819282,823.2411850295641,"{""type"":""MultiPoint"",""coordinates"":[]}"
20080714,2008-07-14,826.217843910765,827.5731373425045,824.6421707535982,"{""type"":""MultiPoint"",""coordinates"":[]}"
20080715,2008-07-15,825.061113471818,826.8234233092862,823.197986716555,"{""type"":""MultiPoint"",""coordinates"":[]}"
20080716,2008-07-16,824.3203937004886,825.7914658802456,822.4657100651634,"{""type"":""MultiPoint"",""coordinates"":[]}"
20080717,2008-07-17,824.5849511265275,825.9855434032368,822.7763388722223,"{""type"":""MultiPoint"",""coordinates"":[]}"
20080718,2008-07-18,824.8667713466085,826.4038238399395,823.188809286335,"{""type"":""MultiPoint"",""coordinates"":[]}"
20080719,2008-07-19,824.6456343058676,826.1179823627364,822.8600578618382,"{""type"":""MultiPoint"",""coordinates"":[]}"
20080720,2008-07-20,825.5227147798412,826.9501999499738,823.7364689120008,"{""type"":""MultiPoint"",""coordinates"":[]}"
20080721,2008-07-21,825.4799178244745,827.023348601019,823.7599507264781,"{""type"":""MultiPoint"",""coordinates"":[]}"
20080722,2008-07-22,824.5540170840244,826.0142411542664,822.9159279335529,"{""type"":""MultiPoint"",""coordinates"":[]}"
20080723,2008-07-23,824.4622045135578,825.8005532036512,822.7747991713513,"{""type"":""MultiPoint"",""coordinates"":[]}"
20080724,2008-07-24,824.0316375523792,825.5038964732615,822.3532594245564,"{""type"":""MultiPoint"",""coordinates"":[]}"
20080725,2008-07-25,823.0904523266855,824.4720819702419,821.1905758230363,"{""type"":""MultiPoint"",""coordinates"":[]}"
20080726,2008-07-26,823.7686793584074,825.2465867479749,821.9810626686699,"{""type"":""MultiPoint"",""coordinates"":[]}"
20080727,2008-07-27,824.1004383111649,825.5137416050425,822.4253653807375,"{""type"":""MultiPoint"",""coordinates"":[]}"
20080728,2008-07-28,823.7798651081963,825.1393829850856,822.0505249311614,"{""type"":""MultiPoint"",""coordinates"":[]}"
20080729,2008-07-29,824.0981291234316,825.6997515855011,822.1620751347156,"{""type"":""MultiPoint"",""coordinates"":[]}"
20080730,2008-07-30,824.6122938791104,826.2649839870187,822.6236512551551,"{""type"":""MultiPoint"",""coordinates"":[]}"
20080731,2008-07-31,825.768666895293,827.2972092436445,823.9293196194852,"{""type"":""MultiPoint"",""coordinates"":[]}"
20080801,2008-08-01,826.7868727145632,828.268528189973,825.0923459486664,"{""type"":""MultiPoint"",""coordinates"":[]}"
20080802,2008-08-02,826.4424659443621,827.880522591462,824.7644920102308,"{""type"":""MultiPoint"",""coordinates"":[]}"
20080803,2008-08-03,826.081964217659,827.5141579428831,824.4114008440838,"{""type"":""MultiPoint"",""coordinates"":[]}"
20080804,2008-08-04,825.7765369069359,827.2240370774566,823.9991626827671,"{""type"":""MultiPoint"",""coordinates"":[]}"
20080805,2008-08-05,825.5230381395817,827.2064524267856,823.7553951264357,"{""type"":""MultiPoint"",""coordinates"":[]}"
20080806,2008-08-06,824.1594940668946,825.7899444009794,822.3323375971379,"{""type"":""MultiPoint"",""coordinates"":[]}"
20080807,2008-08-07,823.1306031408662,824.7463696652311,821.1139775230153,"{""type"":""MultiPoint"",""coordinates"":[]}"
20080808,2008-08-08,823.2722061662352,824.6802897125468,821.6075695834579,"{""type"":""MultiPoint"",""coordinates"":[]}"
20080809,2008-08-09,823.1745147292795,824.6661057880166,821.6071679662809,"{""type"":""MultiPoint"",""coordinates"":[]}"
20080810,2008-08-10,822.9876044508092,824.5409204070338,821.1894765512016,"{""type"":""MultiPoint"",""coordinates"":[]}"
20080811,2008-08-11,822.823134396404,824.4081574216395,820.9328868130123,"{""type"":""MultiPoint"",""coordinates"":[]}"
20080812,2008-08-12,824.0801032736281,825.770305888981,822.3018082437483,"{""type"":""MultiPoint"",""coordinates"":[]}"
20080813,2008-08-13,824.8679849143927,826.2411284696552,823.2812431602948,"{""type"":""MultiPoint"",""coordinates"":[]}"
20080814,2008-08-14,824.671167083795,826.180783386455,822.897593177009,"{""type"":""MultiPoint"",""coordinates"":[]}"
20080815,2008-08-15,824.0165795991549,825.4908524785811,822.0672177078991,"{""type"":""MultiPoint"",""coordinates"":[]}"
20080816,2008-08-16,824.7561432649405,826.482825227451,822.8828618989103,"{""type"":""MultiPoint"",""coordinates"":[]}"
20080817,2008-08-17,825.9624045233719,827.3273304812537,824.3606435018424,"{""type"":""MultiPoint"",""coordinates"":[]}"
20080818,2008-08-18,826.2656836147037,827.7293167586655,824.4353473769218,"{""type"":""MultiPoint"",""coordinates"":[]}"
20080819,2008-08-19,827.506119048566,829.1812864767047,825.5090985078373,"{""type"":""MultiPoint"",""coordinates"":[]}"
20080820,2008-08-20,828.2929008309143,829.7307505640226,826.7177426311963,"{""type"":""MultiPoint"",""coordinates"":[]}"
20080821,2008-08-21,827.6443893965159,829.0172690925699,825.976999444904,"{""type"":""MultiPoint"",""coordinates"":[]}"
20080822,2008-08-22,827.3046973826935,828.7838971257091,825.5080682927788,"{""type"":""MultiPoint"",""coordinates"":[]}"
20080823,2008-08-23,827.835674547186,829.2261479524952,825.9961565235666,"{""type"":""MultiPoint"",""coordinates"":[]}"
20080824,2008-08-24,828.4568930050796,829.9673191938647,826.6296210323895,"{""type"":""MultiPoint"",""coordinates"":[]}"
20080825,2008-08-25,828.594342114234,830.1041522623848,826.8145532904728,"{""type"":""MultiPoint"",""coordinates"":[]}"
20080826,2008-08-26,827.9288549076996,829.6936664031869,826.0884946078677,"{""type"":""MultiPoint"",""coordinates"":[]}"
20080827,2008-08-27,826.9753854659346,828.3971266258948,825.269860202749,"{""type"":""MultiPoint"",""coordinates"":[]}"
20080828,2008-08-28,826.5980149268837,828.2215196727915,824.6330832215499,"{""type"":""MultiPoint"",""coordinates"":[]}"
20080829,2008-08-29,826.7838239105897,828.2080012348608,824.8920497886419,"{""type"":""MultiPoint"",""coordinates"":[]}"
20080830,2008-08-30,827.6592160709819,829.2198658425286,825.563952831264,"{""type"":""MultiPoint"",""coordinates"":[]}"
20080831,2008-08-31,828.4251923379833,830.0768481687999,826.4935231323581,"{""type"":""MultiPoint"",""coordinates"":[]}"
20080901,2008-09-01,828.5928899187929,830.3558880486281,826.5419047329675,"{""type"":""MultiPoint"",""coordinates"":[]}"
20080902,2008-09-02,828.9529025495151,830.8202939165259,827.0230970107358,"{""type"":""MultiPoint"",""coordinates"":[]}"
20080903,2008-09-03,828.6014105940593,830.2467835926357,826.5436712167765,"{""type"":""MultiPoint"",""coordinates"":[]}"
20080904,2008-09-04,828.0204482175582,830.0767846551757,825.8343784299587,"{""type"":""MultiPoint"",""coordinates"":[]}"
20080905,2008-09-05,827.1301880587806,828.905462143733,825.0384506367812,"{""type"":""MultiPoint"",""coordinates"":[]}"
20080906,2008-09-06,827.6406748344793,829.1783573288119,825.4537102430767,"{""type"":""MultiPoint"",""coordinates"":[]}"
20080907,2008-09-07,828.5570671332601,830.2155079609126,826.5278222487543,"{""type"":""MultiPoint"",""coordinates"":[]}"
20080908,2008-09-08,828.2173190254857,830.0070962958403,826.204021920645,"{""type"":""MultiPoint"",""coordinates"":[]}"
20080909,2008-09-09,828.1219756868652,830.0027178868173,826.0341123470691,"{""type"":""MultiPoint"",""coordinates"":[]}"
20080910,2008-09-10,827.6057560386128,829.2206444697977,825.4219178409837,"{""type"":""MultiPoint"",""coordinates"":[]}"
20080911,2008-09-11,827.434137585811,829.0649982859571,825.3330364395046,"{""type"":""MultiPoint"",""coordinates"":[]}"
20080912,2008-09-12,827.3112283822471,829.0287587033558,825.2834855718922,"{""type"":""MultiPoint"",""coordinates"":[]}"
20080913,2008-09-13,827.8001852646632,829.3905128901208,825.853041332128,"{""type"":""MultiPoint"",""coordinates"":[]}"
20080914,2008-09-14,828.06634486036,829.6907397586742,825.9745386379691,"{""type"":""MultiPoint"",""coordinates"":[]}"
20080915,2008-09-15,827.1814469893051,829.0508347824485,825.0442668314062,"{""type"":""MultiPoint"",""coordinates"":[]}"
20080916,2008-09-16,826.4119642587727,827.9783841061331,824.3378865630866,"{""type"":""MultiPoint"",""coordinates"":[]}"
20080917,2008-09-17,826.9545069505002,828.663812501078,824.956791664892,"{""type"":""MultiPoint"",""coordinates"":[]}"
20080918,2008-09-18,827.0889566315221,828.7237556227632,825.0315429570525,"{""type"":""MultiPoint"",""coordinates"":[]}"
20080919,2008-09-19,826.9998010513174,828.8660372707593,824.7695023329625,"{""type"":""MultiPoint"",""coordinates"":[]}"
20080920,2008-09-20,827.716459081745,829.4577752989582,825.6590763048254,"{""type"":""MultiPoint"",""coordinates"":[]}"
20080921,2008-09-21,827.7136421471264,829.4635340978256,825.8796652062625,"{""type"":""MultiPoint"",""coordinates"":[]}"
20080922,2008-09-22,827.7310669934335,829.1414988452549,825.8459522211892,"{""type"":""MultiPoint"",""coordinates"":[]}"
20080923,2008-09-23,828.3254567602523,829.7667575978725,826.6615658241776,"{""type"":""MultiPoint"",""coordinates"":[]}"
20080924,2008-09-24,828.5802922088833,830.1484175493443,826.7714623877464,"{""type"":""MultiPoint"",""coordinates"":[]}"
20080925,2008-09-25,828.4482591909658,830.137221620497,826.6397187266749,"{""type"":""MultiPoint"",""coordinates"":[]}"
20080926,2008-09-26,827.7659855157018,829.4369073313244,825.9390384372095,"{""type"":""MultiPoint"",""coordinates"":[]}"
20080927,2008-09-27,828.3145485700285,829.7346267111885,826.6634708035687,"{""type"":""MultiPoint"",""coordinates"":[]}"
20080928,2008-09-28,829.1019307516775,830.604884395416,827.2230425186121,"{""type"":""MultiPoint"",""coordinates"":[]}"
20080929,2008-09-29,829.8479633499808,831.5258250524477,828.0478443712173,"{""type"":""MultiPoint"",""coordinates"":[]}"
20080930,2008-09-30,830.2673077659641,832.1092476137137,828.5250242247239,"{""type"":""MultiPoint"",""coordinates"":[]}"
20081001,2008-10-01,829.8499366704299,831.8397729584116,827.9852292082683,"{""type"":""MultiPoint"",""coordinates"":[]}"
20081002,2008-10-02,830.5638313206892,831.9866199004689,828.6067371844429,"{""type"":""MultiPoint"",""coordinates"":[]}"
20081003,2008-10-03,831.7796328323268,833.4042789215051,829.9908435022901,"{""type"":""MultiPoint"",""coordinates"":[]}"
20081004,2008-10-04,830.9667299050104,833.0092883093414,828.7409356685752,"{""type"":""MultiPoint"",""coordinates"":[]}"
20081005,2008-10-05,830.3122209070048,832.3138308307656,828.083519911383,"{""type"":""MultiPoint"",""coordinates"":[]}"
20081006,2008-10-06,829.2923161637594,831.2440380400932,827.136323940897,"{""type"":""MultiPoint"",""coordinates"":[]}"
20081007,2008-10-07,829.5057353549112,831.3529804098507,827.5095390290473,"{""type"":""MultiPoint"",""coordinates"":[]}"
20081008,2008-10-08,829.1542144080154,830.6816411974492,827.1446825235655,"{""type"":""MultiPoint"",""coordinates"":[]}"
20081009,2008-10-09,831.2252862899824,832.6637124652859,829.1481067751839,"{""type"":""MultiPoint"",""coordinates"":[]}"
20081010,2008-10-10,833.0216710986924,834.6120811249525,831.130364929339,"{""type"":""MultiPoint"",""coordinates"":[]}"
20081011,2008-10-11,833.5939675591845,835.5528687133822,831.7514612457516,"{""type"":""MultiPoint"",""coordinates"":[]}"
20081012,2008-10-12,832.8036589639852,834.9916372216986,830.9058420121271,"{""type"":""MultiPoint"",""coordinates"":[]}"
20081013,2008-10-13,831.0529672416603,833.0517440401181,829.0891809936073,"{""type"":""MultiPoint"",""coordinates"":[]}"
20081014,2008-10-14,831.7012305369167,833.4269168163617,829.8331331998668,"{""type"":""MultiPoint"",""coordinates"":[]}"
20081015,2008-10-15,832.143391749969,833.8405561495538,830.2804256551271,"{""type"":""MultiPoint"",""coordinates"":[]}"
20081016,2008-10-16,832.259360531245,834.1303584897777,830.5394949013488,"{""type"":""MultiPoint"",""coordinates"":[]}"
20081017,2008-10-17,831.6179691811484,833.2787468754042,829.9801274064057,"{""type"":""MultiPoint"",""coordinates"":[]}"
20081018,2008-10-18,831.8845314153345,833.3384121997798,830.3646558386722,"{""type"":""MultiPoint"",""coordinates"":[]}"
20081019,2008-10-19,831.1972056161105,833.2110511143295,829.3602195241685,"{""type"":""MultiPoint"",""coordinates"":[]}"
20081020,2008-10-20,829.9664924793136,831.9319687600466,827.9307851358095,"{""type"":""MultiPoint"",""coordinates"":[]}"
20081021,2008-10-21,830.798602518714,832.7030183745599,828.9126071008177,"{""type"":""MultiPoint"",""coordinates"":[]}"
20081022,2008-10-22,830.6888655758187,832.4547748237071,828.9679574444896,"{""type"":""MultiPoint"",""coordinates"":[]}"
20081023,2008-10-23,830.8743962407742,832.456701430245,829.1632843744707,"{""type"":""MultiPoint"",""coordinates"":[]}"
20081024,2008-10-24,830.7130405774028,832.4971399394905,828.920622724876,"{""type"":""MultiPoint"",""coordinates"":[]}"
20081025,2008-10-25,830.3332439013167,832.1417302276066,828.40173131199,"{""type"":""MultiPoint"",""coordinates"":[]}"
20081026,2008-10-26,829.3597143349921,831.1329606517331,827.3852522792273,"{""type"":""MultiPoint"",""coordinates"":[]}"
20081027,2008-10-27,829.5141839752307,831.5447537728787,827.1808779203385,"{""type"":""MultiPoint"",""coordinates"":[]}"
20081028,2008-10-28,830.5643626414886,832.4833265054018,828.854887927259,"{""type"":""MultiPoint"",""coordinates"":[]}"
20081029,2008-10-29,830.8673318992135,832.2766358750761,829.1448962514537,"{""type"":""MultiPoint"",""coordinates"":[]}"
20081030,2008-10-30,831.8168226057651,833.2768726105055,830.0712499725579,"{""type"":""MultiPoint"",""coordinates"":[]}"
20081031,2008-10-31,831.8628578081866,833.7291012331061,830.2077437059341,"{""type"":""MultiPoint"",""coordinates"":[]}"
20081101,2008-11-01,831.4949518326422,833.4257774791873,829.8217167178481,"{""type"":""MultiPoint"",""coordinates"":[]}"
20081102,2008-11-02,830.8059561068457,832.3708505954945,829.1669812893724,"{""type"":""MultiPoint"",""coordinates"":[]}"
20081103,2008-11-03,830.8154185454847,832.6484795934417,829.1006675560234,"{""type"":""MultiPoint"",""coordinates"":[]}"
20081104,2008-11-04,830.1533343716974,832.1887379221771,828.4579892818642,"{""type"":""MultiPoint"",""coordinates"":[]}"
20081105,2008-11-05,830.3039317884189,832.2057665246733,828.5119505625845,"{""type"":""MultiPoint"",""coordinates"":[]}"
20081106,2008-11-06,831.5280584263869,832.8838722099963,829.6490581256899,"{""type"":""MultiPoint"",""coordinates"":[]}"
20081107,2008-11-07,832.9891369178561,834.4533047238145,831.3174406950124,"{""type"":""MultiPoint"",""coordinates"":[]}"
20081108,2008-11-08,833.3411767152298,835.347703992007,831.6756603155139,"{""type"":""MultiPoint"",""coordinates"":[]}"
20081109,2008-11-09,832.9388485918008,834.6116437683463,831.2229010473974,"{""type"":""MultiPoint"",""coordinates"":[]}"
20081110,2008-11-10,832.5129428499106,834.6226019136479,830.6591133459324,"{""type"":""MultiPoint"",""coordinates"":[]}"
20081111,2008-11-11,831.3497266985989,833.7233476605605,829.4241148279102,"{""type"":""MultiPoint"",""coordinates"":[]}"
20081112,2008-11-12,829.833359709856,832.2001461205992,828.0808294342214,"{""type"":""MultiPoint"",""coordinates"":[]}"
20081113,2008-11-13,829.4166607804963,831.3754021126423,827.6845241117451,"{""type"":""MultiPoint"",""coordinates"":[]}"
20081114,2008-11-14,829.6040201393218,831.329796464588,828.0509410215133,"{""type"":""MultiPoint"",""coordinates"":[]}"
20081115,2008-11-15,829.7398440350834,831.3567513921726,828.2454477413113,"{""type"":""MultiPoint"",""coordinates"":[]}"
20081116,2008-11-16,829.7849278469292,831.4626847945636,828.1839853060446,"{""type"":""MultiPoint"",""coordinates"":[]}"
20081117,2008-11-17,829.6269360299236,831.354367069656,827.9743459998359,"{""type"":""MultiPoint"",""coordinates"":[]}"
20081118,2008-11-18,830.7604943190607,832.3630403055568,829.1258145507176,"{""type"":""MultiPoint"",""coordinates"":[]}"
20081119,2008-11-19,831.4396022582837,832.932490802025,829.7381357865371,"{""type"":""MultiPoint"",""coordinates"":[]}"
20081120,2008-11-20,831.4085752478452,833.3298947498168,829.4063897384134,"{""type"":""MultiPoint"",""coordinates"":[]}"
20081121,2008-11-21,831.6202089928742,833.9820151134783,829.6141923831364,"{""type"":""MultiPoint"",""coordinates"":[]}"
20081122,2008-11-22,833.1930283204488,834.7903889987531,831.3201929154357,"{""type"":""MultiPoint"",""coordinates"":[]}"
20081123,2008-11-23,833.0277644548278,835.0558880879981,831.3284493847551,"{""type"":""MultiPoint"",""coordinates"":[]}"
20081124,2008-11-24,832.4976015798769,834.234390692048,830.7969159125552,"{""type"":""MultiPoint"",""coordinates"":[]}"
20081125,2008-11-25,833.2028699618563,834.8804766473826,831.4978164373498,"{""type"":""MultiPoint"",""coordinates"":[]}"
20081126,2008-11-26,833.6765391928669,835.4555989541566,831.8255514716966,"{""type"":""MultiPoint"",""coordinates"":[]}"
20081127,2008-11-27,833.70493121261,835.6047792163162,832.0068055086133,"{""type"":""MultiPoint"",""coordinates"":[]}"
20081128,2008-11-28,834.9709570923665,836.5700815237153,833.2791919173591,"{""type"":""MultiPoint"",""coordinates"":[]}"
20081129,2008-11-29,835.4518519629553,837.4086184655465,833.856715682945,"{""type"":""MultiPoint"",""coordinates"":[]}"
20081130,2008-11-30,834.4997827120826,836.7336448840817,832.7934248507437,"{""type"":""MultiPoint"",""coordinates"":[]}"
20081201,2008-12-01,832.882514818934,835.1845639204739,830.8659482389354,"{""type"":""MultiPoint"",""coordinates"":[]}"
20081202,2008-12-02,830.8895630888544,832.913330952707,829.2240252358596,"{""type"":""MultiPoint"",""coordinates"":[]}"
20081203,2008-12-03,831.2047218304725,832.8585631455344,829.4487253277322,"{""type"":""MultiPoint"",""coordinates"":[]}"
20081204,2008-12-04,832.3775051595611,833.7789426147448,830.5014689071893,"{""type"":""MultiPoint"",""coordinates"":[]}"
20081205,2008-12-05,834.5564568582014,836.0619706100593,832.8653229307317,"{""type"":""MultiPoint"",""coordinates"":[]}"
20081206,2008-12-06,833.6388009328612,835.892767859275,831.8112399816572,"{""type"":""MultiPoint"",""coordinates"":[]}"
20081207,2008-12-07,833.4634422387575,835.4085504717418,831.0641806944036,"{""type"":""MultiPoint"",""coordinates"":[]}"
20081208,2008-12-08,833.0019842772493,834.9760185213371,831.4000021681842,"{""type"":""MultiPoint"",""coordinates"":[]}"
20081209,2008-12-09,832.2848870531113,834.3416413561648,830.7115128815058,"{""type"":""MultiPoint"",""coordinates"":[]}"
20081210,2008-12-10,831.6992556740164,833.8045789936137,829.6828593914956,"{""type"":""MultiPoint"",""coordinates"":[]}"
20081211,2008-12-11,830.6237472974303,832.7514488241408,828.9801092904662,"{""type"":""MultiPoint"",""coordinates"":[]}"
20081212,2008-12-12,830.7932160821309,832.2894934020886,828.9361026500258,"{""type"":""MultiPoint"",""coordinates"":[]}"
20081213,2008-12-13,832.8010516075494,834.3369779661522,831.0390409218824,"{""type"":""MultiPoint"",""coordinates"":[]}"
20081214,2008-12-14,832.69748851161,834.6949259823629,831.1338253746046,"{""type"":""MultiPoint"",""coordinates"":[]}"
20081215,2008-12-15,831.9407670362287,833.718169359965,830.3426305916164,"{""type"":""MultiPoint"",""coordinates"":[]}"
20081216,2008-12-16,832.1997899834804,833.6463524137175,830.520376829131,"{""type"":""MultiPoint"",""coordinates"":[]}"
20081217,2008-12-17,833.9998653404298,835.7507040075984,832.1970118700773,"{""type"":""MultiPoint"",""coordinates"":[]}"
20081218,2008-12-18,833.9089483694771,835.783266449499,832.339487283654,"{""type"":""MultiPoint"",""coordinates"":[]}"
20081219,2008-12-19,832.6589560077646,834.8231130574583,830.7114888666152,"{""type"":""MultiPoint"",""coordinates"":[]}"
20081220,2008-12-20,831.7493230926896,833.8581873602545,830.0129291645276,"{""type"":""MultiPoint"",""coordinates"":[]}"
20081221,2008-12-21,831.5400052989595,833.2327139900873,829.771495760119,"{""type"":""MultiPoint"",""coordinates"":[]}"
20081222,2008-12-22,832.1935216839312,833.7465347610582,830.7533211224484,"{""type"":""MultiPoint"",""coordinates"":[]}"
20081223,2008-12-23,831.7311189010908,833.7699777416786,830.103188417526,"{""type"":""MultiPoint"",""coordinates"":[]}"
20081224,2008-12-24,831.2799682544146,833.1523827635857,829.5995846798643,"{""type"":""MultiPoint"",""coordinates"":[]}"
20081225,2008-12-25,830.7889513651781,833.0242529784234,828.9702585002544,"{""type"":""MultiPoint"",""coordinates"":[]}"
20081226,2008-12-26,829.9652048368747,831.8557420059186,828.4089408824157,"{""type"":""MultiPoint"",""coordinates"":[]}"
20081227,2008-12-27,829.7036395380024,831.6974313141953,828.0759432848823,"{""type"":""MultiPoint"",""coordinates"":[]}"
20081228,2008-12-28,829.4773391384036,831.0990657109921,827.9146499095523,"{""type"":""MultiPoint"",""coordinates"":[]}"
20081229,2008-12-29,830.1035366332252,831.6931714637228,828.2972985678881,"{""type"":""MultiPoint"",""coordinates"":[]}"
20081230,2008-12-30,830.6250287036752,832.637419334838,829.1206037585019,"{""type"":""MultiPoint"",""coordinates"":[]}"
20081231,2008-12-31,830.3595689343289,832.1909649077122,828.8246933196073,"{""type"":""MultiPoint"",""coordinates"":[]}"
20090101,2009-01-01,830.2384418188293,831.9841180917242,828.4851371429596,"{""type"":""MultiPoint"",""coordinates"":[]}"
20090102,2009-01-02,830.8875441816022,832.6068767976394,829.2574034981194,"{""type"":""MultiPoint"",""coordinates"":[]}"
20090103,2009-01-03,830.5528166975205,832.7383616618424,828.7803653659004,"{""type"":""MultiPoint"",""coordinates"":[]}"
20090104,2009-01-04,828.8395812897512,831.2426615228799,827.0099448260794,"{""type"":""MultiPoint"",""coordinates"":[]}"
20090105,2009-01-05,828.3473836870851,829.965947879601,826.5718938632954,"{""type"":""MultiPoint"",""coordinates"":[]}"
20090106,2009-01-06,829.684961347237,831.1210573072608,827.8661659752322,"{""type"":""MultiPoint"",""coordinates"":[]}"
20090107,2009-01-07,831.9240846913408,833.5103001287608,829.8823533768991,"{""type"":""MultiPoint"",""coordinates"":[]}"
20090108,2009-01-08,833.9493910563442,835.3586191037328,832.3385315325751,"{""type"":""MultiPoint"",""coordinates"":[]}"
20090109,2009-01-09,834.0076527935997,835.8345182508677,832.3551653439987,"{""type"":""MultiPoint"",""coordinates"":[]}"
20090110,2009-01-10,833.2412964825402,835.5750419572453,831.6459863728107,"{""type"":""MultiPoint"",""coordinates"":[]}"
20090111,2009-01-11,833.6423946832336,835.2314356006686,831.8910673921365,"{""type"":""MultiPoint"",""coordinates"":[]}"
20090112,2009-01-12,835.2292100586466,836.8686922982561,833.4980032411178,"{""type"":""MultiPoint"",""coordinates"":[]}"
20090113,2009-01-13,836.1836757299028,837.9895028605099,834.560104327046,"{""type"":""MultiPoint"",""coordinates"":[]}"
20090114,2009-01-14,836.06124526632,837.9606564512757,834.4809108170208,"{""type"":""MultiPoint"",""coordinates"":[]}"
20090115,2009-01-15,835.5225348611397,837.2352836810276,834.002680635241,"{""type"":""MultiPoint"",""coordinates"":[]}"
20090116,2009-01-16,834.7839169268849,836.5420423006309,833.1559433617691,"{""type"":""MultiPoint"",""coordinates"":[]}"
20090117,2009-01-17,833.2060517594158,835.5288222525436,831.079330843469,"{""type"":""MultiPoint"",""coordinates"":[]}"
20090118,2009-01-18,831.6724431602803,833.7168484407965,829.9055078333519,"{""type"":""MultiPoint"",""coordinates"":[]}"
20090119,2009-01-19,831.5877394655827,833.5855877853882,829.6652622270991,"{""type"":""MultiPoint"",""coordinates"":[]}"
20090120,2009-01-20,832.1233332645886,834.3251996082961,829.9992552846755,"{""type"":""MultiPoint"",""coordinates"":[]}"
20090121,2009-01-21,832.1515938040549,834.2217200597622,830.4762679742538,"{""type"":""MultiPoint"",""coordinates"":[]}"
20090122,2009-01-22,831.3810018115298,833.5014157103599,829.7561803897264,"{""type"":""MultiPoint"",""coordinates"":[]}"
20090123,2009-01-23,831.2104217058013,832.9816066738177,829.460280623774,"{""type"":""MultiPoint"",""coordinates"":[]}"
20090124,2009-01-24,830.2333245751915,832.4727873858559,828.3266218278208,"{""type"":""MultiPoint"",""coordinates"":[]}"
20090125,2009-01-25,829.5605301549898,831.3876150700949,827.8979129440002,"{""type"":""MultiPoint"",""coordinates"":[]}"
20090126,2009-01-26,829.0620451532609,830.7155760030157,827.3083298230284,"{""type"":""MultiPoint"",""coordinates"":[]}"
20090127,2009-01-27,828.9745174365694,831.0677583095289,827.1167043524601,"{""type"":""MultiPoint"",""coordinates"":[]}"
20090128,2009-01-28,830.2323869338019,832.0039916909084,828.3371217663549,"{""type"":""MultiPoint"",""coordinates"":[]}"
20090129,2009-01-29,830.6758273320803,832.5220624652535,829.2768920786026,"{""type"":""MultiPoint"",""coordinates"":[]}"
20090130,2009-01-30,830.1769385810215,832.1168825983274,828.547365306661,"{""type"":""MultiPoint"",""coordinates"":[]}"
20090131,2009-01-31,829.3530591947409,831.2477040521927,827.5231072920253,"{""type"":""MultiPoint"",""coordinates"":[]}"
20090201,2009-02-01,830.4727796882131,832.0037310974037,828.8612381158496,"{""type"":""MultiPoint"",""coordinates"":[]}"
20090202,2009-02-02,830.5461891872936,832.5147156294742,828.7903254019922,"{""type"":""MultiPoint"",""coordinates"":[]}"
20090203,2009-02-03,830.0373869473195,831.9469380309633,828.3382374200321,"{""type"":""MultiPoint"",""coordinates"":[]}"
20090204,2009-02-04,830.4987157075,832.3980107818687,828.5835402328222,"{""type"":""MultiPoint"",""coordinates"":[]}"
20090205,2009-02-05,830.3012901889749,831.9592462341895,828.60363597738,"{""type"":""MultiPoint"",""coordinates"":[]}"
20090206,2009-02-06,831.2169782630752,833.124646460837,829.1719901993326,"{""type"":""MultiPoint"",""coordinates"":[]}"
20090207,2009-02-07,831.6917362471011,833.3734337457356,829.6950403593834,"{""type"":""MultiPoint"",""coordinates"":[]}"
20090208,2009-02-08,832.8271449559807,834.6401686784912,831.141279608771,"{""type"":""MultiPoint"",""coordinates"":[]}"
20090209,2009-02-09,832.4301467229457,834.5582591662429,830.4347209659801,"{""type"":""MultiPoint"",""coordinates"":[]}"
20090210,2009-02-10,829.9861678090627,832.3730517109339,827.842678179771,"{""type"":""MultiPoint"",""coordinates"":[]}"
20090211,2009-02-11,828.5156101858747,830.8618438832139,826.3698670054058,"{""type"":""MultiPoint"",""coordinates"":[]}"
20090212,2009-02-12,827.9004133050117,830.0079718680613,825.8938571850028,"{""type"":""MultiPoint"",""coordinates"":[]}"
20090213,2009-02-13,828.1399251846536,829.9130127586363,826.0926586324566,"{""type"":""MultiPoint"",""coordinates"":[]}"
20090214,2009-02-14,828.779728263545,830.7377099838898,826.7733244593045,"{""type"":""MultiPoint"",""coordinates"":[]}"
20090215,2009-02-15,828.9209479418582,830.4141968927084,827.1916654085037,"{""type"":""MultiPoint"",""coordinates"":[]}"
20090216,2009-02-16,830.3132748667731,831.8345728237531,828.7158381080801,"{""type"":""MultiPoint"",""coordinates"":[]}"
20090217,2009-02-17,830.1710743019912,832.1533946210701,828.4853503329724,"{""type"":""MultiPoint"",""coordinates"":[]}"
20090218,2009-02-18,829.3816974194776,831.5540509150973,827.6985671483211,"{""type"":""MultiPoint"",""coordinates"":[]}"
20090219,2009-02-19,828.7944930954758,830.5070031704433,826.7186360599328,"{""type"":""MultiPoint"",""coordinates"":[]}"
20090220,2009-02-20,829.8563236887934,831.8627219638099,827.5965594064808,"{""type"":""MultiPoint"",""coordinates"":[]}"
20090221,2009-02-21,828.1149462094951,830.660060567882,825.7990940621124,"{""type"":""MultiPoint"",""coordinates"":[]}"
20090222,2009-02-22,825.6727035796258,827.8376355956862,823.6416333698228,"{""type"":""MultiPoint"",""coordinates"":[]}"
20090223,2009-02-23,825.6997233265993,827.7446912761105,824.0259512481565,"{""type"":""MultiPoint"",""coordinates"":[]}"
20090224,2009-02-24,825.237939398046,827.429800475254,823.3682559451192,"{""type"":""MultiPoint"",""coordinates"":[]}"
20090225,2009-02-25,825.4019981781652,827.3228631797433,823.5608234692809,"{""type"":""MultiPoint"",""coordinates"":[]}"
20090226,2009-02-26,826.0453727791983,827.6403253401938,824.2710928939398,"{""type"":""MultiPoint"",""coordinates"":[]}"
20090227,2009-02-27,826.954706163298,828.8063783680645,825.2240069039103,"{""type"":""MultiPoint"",""coordinates"":[]}"
20090228,2009-02-28,826.6682953124218,828.794980497011,824.8041948613833,"{""type"":""MultiPoint"",""coordinates"":[]}"
20090301,2009-03-01,827.7622912304289,829.5080111962033,825.7507801205189,"{""type"":""MultiPoint"",""coordinates"":[]}"
20090302,2009-03-02,828.5599744722357,830.2817950627334,826.5555481161539,"{""type"":""MultiPoint"",""coordinates"":[]}"
20090303,2009-03-03,827.4352366065139,829.7356187181606,825.468616167956,"{""type"":""MultiPoint"",""coordinates"":[]}"
20090304,2009-03-04,826.9697440129794,828.7894833996102,825.1508293119973,"{""type"":""MultiPoint"",""coordinates"":[]}"
20090305,2009-03-05,826.6721976293054,828.3710543651368,824.8308974719444,"{""type"":""MultiPoint"",""coordinates"":[]}"
20090306,2009-03-06,827.7150129210754,829.5226865985824,825.8110841144664,"{""type"":""MultiPoint"",""coordinates"":[]}"
20090307,2009-03-07,827.6078811644328,830.0010060232545,825.580325512196,"{""type"":""MultiPoint"",""coordinates"":[]}"
20090308,2009-03-08,827.911813533741,829.5619772382096,825.9549177879693,"{""type"":""MultiPoint"",""coordinates"":[]}"
20090309,2009-03-09,829.1092824702946,831.033132870037,827.056408631688,"{""type"":""MultiPoint"",""coordinates"":[]}"
20090310,2009-03-10,829.8845569687652,831.9885041768118,827.7371816894702,"{""type"":""MultiPoint"",""coordinates"":[]}"
20090311,2009-03-11,829.6504261829928,831.7608427901787,827.5930812508055,"{""type"":""MultiPoint"",""coordinates"":[]}"
20090312,2009-03-12,830.8321597099275,833.2013675750939,827.9865284229513,"{""type"":""MultiPoint"",""coordinates"":[]}"
20090313,2009-03-13,832.8378712328946,834.7642472705912,830.7681053955296,"{""type"":""MultiPoint"",""coordinates"":[]}"
20090314,2009-03-14,831.600171544962,833.9791908507098,829.4337891765884,"{""type"":""MultiPoint"",""coordinates"":[]}"
20090315,2009-03-15,829.9964979882511,831.9389964520567,828.033192782808,"{""type"":""MultiPoint"",""coordinates"":[]}"
20090316,2009-03-16,829.2414017625129,831.0525040176384,827.4081546646968,"{""type"":""MultiPoint"",""coordinates"":[]}"
20090317,2009-03-17,828.8926432756275,830.7017754069016,827.0322837814722,"{""type"":""MultiPoint"",""coordinates"":[]}"
20090318,2009-03-18,829.0874173096428,830.9682151314883,827.345872163464,"{""type"":""MultiPoint"",""coordinates"":[]}"
20090319,2009-03-19,828.0288187144268,830.1690160418611,826.0251061552996,"{""type"":""MultiPoint"",""coordinates"":[]}"
20090320,2009-03-20,827.8360117427012,829.8435456810248,825.6577110604393,"{""type"":""MultiPoint"",""coordinates"":[]}"
20090321,2009-03-21,828.1222442148936,830.0245210487883,825.9019022785216,"{""type"":""MultiPoint"",""coordinates"":[]}"
20090322,2009-03-22,829.18544329788,830.9224020787966,827.0598458200484,"{""type"":""MultiPoint"",""coordinates"":[]}"
20090323,2009-03-23,830.3888807142661,832.1518277942982,828.5267638813814,"{""type"":""MultiPoint"",""coordinates"":[]}"
20090324,2009-03-24,830.0728391126946,832.1469116451809,827.9699442308371,"{""type"":""MultiPoint"",""coordinates"":[]}"
20090325,2009-03-25,828.8912006941983,831.3440071200818,826.6415529945673,"{""type"":""MultiPoint"",""coordinates"":[]}"
20090326,2009-03-26,827.456014324989,829.6143980443428,825.2529897903336,"{""type"":""MultiPoint"",""coordinates"":[]}"
20090327,2009-03-27,828.189931701544,829.9562101563755,826.0027354916587,"{""type"":""MultiPoint"",""coordinates"":[]}"
20090328,2009-03-28,828.6227899618085,830.7790925906726,826.5354011604674,"{""type"":""MultiPoint"",""coordinates"":[]}"
20090329,2009-03-29,828.3497471902621,830.077175408963,826.4798551886582,"{""type"":""MultiPoint"",""coordinates"":[]}"
20090330,2009-03-30,827.8564352890643,829.6958582499126,825.9189442207322,"{""type"":""MultiPoint"",""coordinates"":[]}"
20090331,2009-03-31,827.2005992829754,829.2045164053088,825.0087815874672,"{""type"":""MultiPoint"",""coordinates"":[]}"
20090401,2009-04-01,827.7699020510851,829.4987050755321,825.8027541975705,"{""type"":""MultiPoint"",""coordinates"":[]}"
20090402,2009-04-02,828.0341048890258,829.8342644343066,826.2932994217435,"{""type"":""MultiPoint"",""coordinates"":[]}"
20090403,2009-04-03,828.5528137914303,830.3329652646426,826.5305249859342,"{""type"":""MultiPoint"",""coordinates"":[]}"
20090404,2009-04-04,829.314144110106,831.3256061857733,826.9392555743274,"{""type"":""MultiPoint"",""coordinates"":[]}"
20090405,2009-04-05,829.6563992353086,831.8455739603633,827.4645444674956,"{""type"":""MultiPoint"",""coordinates"":[]}"
20090406,2009-04-06,827.5104456304634,829.8860497194463,825.1608930151001,"{""type"":""MultiPoint"",""coordinates"":[]}"
20090407,2009-04-07,826.3743945402844,828.5506445810506,823.830502096869,"{""type"":""MultiPoint"",""coordinates"":[]}"
20090408,2009-04-08,827.2390912795732,829.0734698747597,825.0074901045206,"{""type"":""MultiPoint"",""coordinates"":[]}"
20090409,2009-04-09,828.4882206014778,830.5581894403094,826.2457460637335,"{""type"":""MultiPoint"",""coordinates"":[]}"
20090410,2009-04-10,828.7702687849927,830.9782452266562,826.5793876129314,"{""type"":""MultiPoint"",""coordinates"":[]}"
20090411,2009-04-11,829.0210122798865,831.0554935629724,826.8622949884242,"{""type"":""MultiPoint"",""coordinates"":[]}"
20090412,2009-04-12,828.3376728885889,830.5189432345164,826.3929195747361,"{""type"":""MultiPoint"",""coordinates"":[]}"
20090413,2009-04-13,826.6950572250586,828.7721761105196,824.6389859136609,"{""type"":""MultiPoint"",""coordinates"":[]}"
20090414,2009-04-14,826.8887126493985,828.4385053401821,824.8526330814533,"{""type"":""MultiPoint"",""coordinates"":[]}"
20090415,2009-04-15,827.1399932956268,829.1359188028675,824.8254443364762,"{""type"":""MultiPoint"",""coordinates"":[]}"
20090416,2009-04-16,825.9786649941658,828.3607589120783,823.7812381815177,"{""type"":""MultiPoint"",""coordinates"":[]}"
20090417,2009-04-17,825.661369183154,827.3046389658907,823.7241145010078,"{""type"":""MultiPoint"",""coordinates"":[]}"
20090418,2009-04-18,827.1523892587954,828.8019250228159,825.2087026211157,"{""type"":""MultiPoint"",""coordinates"":[]}"
20090419,2009-04-19,827.985448520564,829.9807627441986,826.004162161954,"{""type"":""MultiPoint"",""coordinates"":[]}"
20090420,2009-04-20,825.3682449767527,828.0144558408616,822.9675516994294,"{""type"":""MultiPoint"",""coordinates"":[]}"
20090421,2009-04-21,824.1078914165882,825.7626968783312,822.0032999180739,"{""type"":""MultiPoint"",""coordinates"":[]}"
20090422,2009-04-22,825.9459630684818,827.5368382473772,823.8217701150256,"{""type"":""MultiPoint"",""coordinates"":[]}"
20090423,2009-04-23,828.0598509502246,829.8412139748009,826.0912288297503,"{""type"":""MultiPoint"",""coordinates"":[]}"
20090424,2009-04-24,829.0761467184597,830.504583553396,827.305297739138,"{""type"":""MultiPoint"",""coordinates"":[]}"
20090425,2009-04-25,829.7049586279317,831.4197027662952,827.767010271601,"{""type"":""MultiPoint"",""coordinates"":[]}"
20090426,2009-04-26,829.247849669358,831.0163791701347,827.3295981358987,"{""type"":""MultiPoint"",""coordinates"":[]}"
20090427,2009-04-27,828.7521149819705,830.6576856603438,826.8194001435952,"{""type"":""MultiPoint"",""coordinates"":[]}"
20090428,2009-04-28,828.4219691944297,830.2463683188732,826.4928605185918,"{""type"":""MultiPoint"",""coordinates"":[]}"
20090429,2009-04-29,828.6484554001531,830.6315697722589,826.7532568907378,"{""type"":""MultiPoint"",""coordinates"":[]}"
20090430,2009-04-30,828.6007610455207,830.3066163318695,826.7107214188414,"{""type"":""MultiPoint"",""coordinates"":[]}"
20090501,2009-05-01,829.0126168274933,830.5478069695776,827.1205807021381,"{""type"":""MultiPoint"",""coordinates"":[]}"
20090502,2009-05-02,829.3249080840161,831.1907319493687,827.1651081800678,"{""type"":""MultiPoint"",""coordinates"":[]}"
20090503,2009-05-03,828.3656579072989,830.5528354488555,826.1951232386592,"{""type"":""MultiPoint"",""coordinates"":[]}"
20090504,2009-05-04,827.2033360638741,829.2262824864847,825.1029214960888,"{""type"":""MultiPoint"",""coordinates"":[]}"
20090505,2009-05-05,827.9490121640869,829.6033594613309,826.0871255285803,"{""type"":""MultiPoint"",""coordinates"":[]}"
20090506,2009-05-06,827.8792056235366,830.1060161310521,825.7663388533653,"{""type"":""MultiPoint"",""coordinates"":[]}"
20090507,2009-05-07,826.4565689852753,828.2669158242314,824.5492028505201,"{""type"":""MultiPoint"",""coordinates"":[]}"
20090508,2009-05-08,825.7909692604094,827.5341924675632,823.9112613865814,"{""type"":""MultiPoint"",""coordinates"":[]}"
20090509,2009-05-09,824.5023002546823,826.4043344654735,822.4838387981395,"{""type"":""MultiPoint"",""coordinates"":[]}"
20090510,2009-05-10,824.3572481735358,825.9895861977454,822.3917811649832,"{""type"":""MultiPoint"",""coordinates"":[]}"
20090511,2009-05-11,825.2643850780696,827.028537639978,823.2446605499365,"{""type"":""MultiPoint"",""coordinates"":[]}"
20090512,2009-05-12,825.8266888501032,827.5645263249877,823.9858595777047,"{""type"":""MultiPoint"",""coordinates"":[]}"
20090513,2009-05-13,824.796322075531,826.7731212072472,822.8345180549526,"{""type"":""MultiPoint"",""coordinates"":[]}"
20090514,2009-05-14,824.5795960606278,826.1227951581479,822.4926871554242,"{""type"":""MultiPoint"",""coordinates"":[]}"
20090515,2009-05-15,825.9834390168601,827.5144466277392,823.9887601584222,"{""type"":""MultiPoint"",""coordinates"":[]}"
20090516,2009-05-16,827.1656992889513,828.653407392626,825.1386970873759,"{""type"":""MultiPoint"",""coordinates"":[]}"
20090517,2009-05-17,828.2245618421654,830.0829060679872,826.2688645387155,"{""type"":""MultiPoint"",""coordinates"":[]}"
20090518,2009-05-18,827.9653301029513,829.7075079220012,825.9468779490758,"{""type"":""MultiPoint"",""coordinates"":[]}"
20090519,2009-05-19,827.3219091874305,829.2150587412721,825.314381757512,"{""type"":""MultiPoint"",""coordinates"":[]}"
20090520,2009-05-20,826.4997213933336,828.3311673293824,824.4007866890228,"{""type"":""MultiPoint"",""coordinates"":[]}"
20090521,2009-05-21,826.7925059123635,828.5630058978882,824.9206130081932,"{""type"":""MultiPoint"",""coordinates"":[]}"
20090522,2009-05-22,825.9097981368279,827.9822215023852,823.8209047057666,"{""type"":""MultiPoint"",""coordinates"":[]}"
20090523,2009-05-23,824.7469230301795,826.5683234174104,822.6267109000912,"{""type"":""MultiPoint"",""coordinates"":[]}"
20090524,2009-05-24,823.1580528124448,825.1229595493,820.9464338002231,"{""type"":""MultiPoint"",""coordinates"":[]}"
20090525,2009-05-25,822.1225288853691,823.9141755819624,819.9245151469644,"{""type"":""MultiPoint"",""coordinates"":[]}"
20090526,2009-05-26,822.808615634956,824.9207650660433,820.4319854301265,"{""type"":""MultiPoint"",""coordinates"":[]}"
20090527,2009-05-27,825.2123111181963,826.9764859817583,823.120272196411,"{""type"":""MultiPoint"",""coordinates"":[]}"
20090528,2009-05-28,825.9356844619899,827.3591638639268,824.0670069756649,"{""type"":""MultiPoint"",""coordinates"":[]}"
20090529,2009-05-29,826.2030508058135,827.9334526115518,824.2500634942467,"{""type"":""MultiPoint"",""coordinates"":[]}"
20090530,2009-05-30,825.3077512385983,826.8588327926949,823.4941735845562,"{""type"":""MultiPoint"",""coordinates"":[]}"
20090531,2009-05-31,825.1172764483726,826.743534456288,823.2072995430722,"{""type"":""MultiPoint"",""coordinates"":[]}"
20090601,2009-06-01,824.9898566676255,826.5958907026343,823.1231176321362,"{""type"":""MultiPoint"",""coordinates"":[]}"
20090602,2009-06-02,825.3075778335129,826.8542690300686,823.424486724525,"{""type"":""MultiPoint"",""coordinates"":[]}"
20090603,2009-06-03,825.700519698613,827.3861921943228,823.828159758241,"{""type"":""MultiPoint"",""coordinates"":[]}"
20090604,2009-06-04,824.2971849731259,826.3284146048695,822.1720298917525,"{""type"":""MultiPoint"",""coordinates"":[]}"
20090605,2009-06-05,823.0746196385232,825.0122217993293,821.0048521340461,"{""type"":""MultiPoint"",""coordinates"":[]}"
20090606,2009-06-06,821.9191420355926,823.610433316542,820.1055180397057,"{""type"":""MultiPoint"",""coordinates"":[]}"
20090607,2009-06-07,821.7238060392493,823.1028675264181,819.9308310504483,"{""type"":""MultiPoint"",""coordinates"":[]}"
20090608,2009-06-08,823.6431551190877,825.1748960158939,821.8288870395191,"{""type"":""MultiPoint"",""coordinates"":[]}"
20090609,2009-06-09,825.5158100358252,826.9815511268284,823.809117832786,"{""type"":""MultiPoint"",""coordinates"":[]}"
20090610,2009-06-10,826.1748202525383,827.5075213996233,824.6706575632104,"{""type"":""MultiPoint"",""coordinates"":[]}"
20090611,2009-06-11,826.1550567870602,827.4197669069678,824.6269721266973,"{""type"":""MultiPoint"",""coordinates"":[]}"
20090612,2009-06-12,826.1614518585785,827.5041913866837,824.2785424682778,"{""type"":""MultiPoint"",""coordinates"":[]}"
20090613,2009-06-13,827.159533481433,828.5892995544165,825.4254544688994,"{""type"":""MultiPoint"",""coordinates"":[]}"
20090614,2009-06-14,826.6653673754413,828.510796841205,824.8380444149939,"{""type"":""MultiPoint"",""coordinates"":[]}"
20090615,2009-06-15,825.3709917952388,826.916614888672,823.6035541919372,"{""type"":""MultiPoint"",""coordinates"":[]}"
20090616,2009-06-16,824.9695148450944,826.3991486159058,823.2814850362543,"{""type"":""MultiPoint"",""coordinates"":[]}"
20090617,2009-06-17,824.7467338992909,826.3232500914158,822.9860278923836,"{""type"":""MultiPoint"",""coordinates"":[]}"
20090618,2009-06-18,824.9818510813396,826.434800317589,823.2616638224335,"{""type"":""MultiPoint"",""coordinates"":[]}"
20090619,2009-06-19,825.0712423600582,826.4620343814136,823.3468370648866,"{""type"":""MultiPoint"",""coordinates"":[]}"
20090620,2009-06-20,825.4117260226183,826.8992766136471,823.5489934645493,"{""type"":""MultiPoint"",""coordinates"":[]}"
20090621,2009-06-21,825.2846336486904,826.6993918073277,823.5684422123759,"{""type"":""MultiPoint"",""coordinates"":[]}"
20090622,2009-06-22,824.9774084801946,826.3512088090379,823.3331857599137,"{""type"":""MultiPoint"",""coordinates"":[]}"
20090623,2009-06-23,824.8436817939479,826.1936829533337,823.0942716304268,"{""type"":""MultiPoint"",""coordinates"":[]}"
20090624,2009-06-24,825.3995512296592,826.7212230799848,823.6115658574906,"{""type"":""MultiPoint"",""coordinates"":[]}"
20090625,2009-06-25,825.5483684099737,826.9551958223957,823.7767366944191,"{""type"":""MultiPoint"",""coordinates"":[]}"
20090626,2009-06-26,824.8585773550278,826.353430773458,823.0571659132836,"{""type"":""MultiPoint"",""coordinates"":[]}"
20090627,2009-06-27,824.3530071556505,825.6331943703406,822.7321300455104,"{""type"":""MultiPoint"",""coordinates"":[]}"
20090628,2009-06-28,824.3407666068792,825.6271701210907,822.7814369250549,"{""type"":""MultiPoint"",""coordinates"":[]}"
20090629,2009-06-29,824.1999618413355,825.5030002353861,822.5878085704137,"{""type"":""MultiPoint"",""coordinates"":[]}"
20090630,2009-06-30,824.5168857758615,826.0315957074175,822.7658247432844,"{""type"":""MultiPoint"",""coordinates"":[]}"
20090701,2009-07-01,824.1294672254759,825.6078248518966,822.2980135144109,"{""type"":""MultiPoint"",""coordinates"":[]}"
20090702,2009-07-02,823.1159512358041,824.5392538496031,821.3285860793623,"{""type"":""MultiPoint"",""coordinates"":[]}"
20090703,2009-07-03,822.8189809095,824.2167533512264,821.0436419428312,"{""type"":""MultiPoint"",""coordinates"":[]}"
20090704,2009-07-04,823.2157580808231,824.6960003524852,821.3227309058087,"{""type"":""MultiPoint"",""coordinates"":[]}"
20090705,2009-07-05,823.6880341399486,825.1449606251707,821.9426606058172,"{""type"":""MultiPoint"",""coordinates"":[]}"
20090706,2009-07-06,824.075343074002,825.5594921376095,822.3989191610234,"{""type"":""MultiPoint"",""coordinates"":[]}"
20090707,2009-07-07,824.2909864417,825.7581578921394,822.6231973081193,"{""type"":""MultiPoint"",""coordinates"":[]}"
20090708,2009-07-08,824.304072452557,825.6610999925085,822.50805110189,"{""type"":""MultiPoint"",""coordinates"":[]}"
20090709,2009-07-09,824.9145803677292,826.4374538725838,823.3408289622969,"{""type"":""MultiPoint"",""coordinates"":[]}"
20090710,2009-07-10,825.5173273960088,826.9506619577105,823.8179791244355,"{""type"":""MultiPoint"",""coordinates"":[]}"
20090711,2009-07-11,825.4141668847017,826.9533302378226,823.6700936482142,"{""type"":""MultiPoint"",""coordinates"":[]}"
20090712,2009-07-12,823.7455062619222,825.4220657971688,821.8589019426244,"{""type"":""MultiPoint"",""coordinates"":[]}"
20090713,2009-07-13,822.6376120660543,824.0347315237591,820.9088084303686,"{""type"":""MultiPoint"",""coordinates"":[]}"
20090714,2009-07-14,822.7414033204891,824.0567940526513,821.1114809811328,"{""type"":""MultiPoint"",""coordinates"":[]}"
20090715,2009-07-15,823.1612339393758,824.6788339682215,821.1537987657704,"{""type"":""MultiPoint"",""coordinates"":[]}"
20090716,2009-07-16,823.9897693726274,825.5653513137792,822.2934907110861,"{""type"":""MultiPoint"",""coordinates"":[]}"
20090717,2009-07-17,823.3441557196352,824.8518663420683,821.500410786277,"{""type"":""MultiPoint"",""coordinates"":[]}"
20090718,2009-07-18,824.9340757590612,826.6176368163052,823.0679110128489,"{""type"":""MultiPoint"",""coordinates"":[]}"
20090719,2009-07-19,825.0396517927113,826.8178761975299,823.1479871048066,"{""type"":""MultiPoint"",""coordinates"":[]}"
20090720,2009-07-20,824.7811864407322,826.1878775549761,823.0520272414444,"{""type"":""MultiPoint"",""coordinates"":[]}"
20090721,2009-07-21,825.4823103787763,826.918593897379,823.7149959365943,"{""type"":""MultiPoint"",""coordinates"":[]}"
20090722,2009-07-22,824.8688668995843,826.3854818098686,822.9660231810435,"{""type"":""MultiPoint"",""coordinates"":[]}"
20090723,2009-07-23,825.2779287211223,826.7226044041169,823.53955432246,"{""type"":""MultiPoint"",""coordinates"":[]}"
20090724,2009-07-24,826.0945887718254,827.518187092752,824.3716627298502,"{""type"":""MultiPoint"",""coordinates"":[]}"
20090725,2009-07-25,825.5463613485553,826.8561189474152,823.9419619773571,"{""type"":""MultiPoint"",""coordinates"":[]}"
20090726,2009-07-26,824.2026389570622,825.6484112938239,822.5079230163188,"{""type"":""MultiPoint"",""coordinates"":[]}"
20090727,2009-07-27,823.3651125713166,824.7924722529409,821.9072841836969,"{""type"":""MultiPoint"",""coordinates"":[]}"
20090728,2009-07-28,823.405192072948,824.6653673994034,821.9763202927761,"{""type"":""MultiPoint"",""coordinates"":[]}"
20090729,2009-07-29,824.7811547308668,826.4607465157956,823.0555199094939,"{""type"":""MultiPoint"",""coordinates"":[]}"
20090730,2009-07-30,825.7346442466109,827.0767183528511,824.2813733488041,"{""type"":""MultiPoint"",""coordinates"":[]}"
20090731,2009-07-31,825.5382837489041,826.8324883631526,824.0792455096325,"{""type"":""MultiPoint"",""coordinates"":[]}"
20090801,2009-08-01,825.4257383950312,826.7829440782483,823.7901152646175,"{""type"":""MultiPoint"",""coordinates"":[]}"
20090802,2009-08-02,825.6550908874907,826.9940671992998,823.9627503464618,"{""type"":""MultiPoint"",""coordinates"":[]}"
20090803,2009-08-03,825.2950440128376,826.7649764263175,823.5636136088812,"{""type"":""MultiPoint"",""coordinates"":[]}"
20090804,2009-08-04,825.0580167054246,826.4443542434465,823.3491283003174,"{""type"":""MultiPoint"",""coordinates"":[]}"
20090805,2009-08-05,824.4684455358401,825.966538474916,822.770586750051,"{""type"":""MultiPoint"",""coordinates"":[]}"
20090806,2009-08-06,824.5211784065664,825.8854048790621,822.9285664686694,"{""type"":""MultiPoint"",""coordinates"":[]}"
20090807,2009-08-07,824.9831366904377,826.391921831521,823.2771589766064,"{""type"":""MultiPoint"",""coordinates"":[]}"
20090808,2009-08-08,824.6154849224744,826.0036222432602,822.8158527429483,"{""type"":""MultiPoint"",""coordinates"":[]}"
20090809,2009-08-09,824.4799122093704,825.901462705792,822.6765394575947,"{""type"":""MultiPoint"",""coordinates"":[]}"
20090810,2009-08-10,825.6307312114744,827.1502046004998,823.7333012225297,"{""type"":""MultiPoint"",""coordinates"":[]}"
20090811,2009-08-11,827.5485918884606,828.9416915703594,825.8962402019941,"{""type"":""MultiPoint"",""coordinates"":[]}"
20090812,2009-08-12,827.3396619937384,828.6708915293351,825.7790449772565,"{""type"":""MultiPoint"",""coordinates"":[]}"
20090813,2009-08-13,827.1958140171245,828.6159457713659,825.5657653528559,"{""type"":""MultiPoint"",""coordinates"":[]}"
20090814,2009-08-14,827.646304583322,829.0370882868469,826.0614938209172,"{""type"":""MultiPoint"",""coordinates"":[]}"
20090815,2009-08-15,827.6336543935274,828.9752159077332,826.0014205655829,"{""type"":""MultiPoint"",""coordinates"":[]}"
20090816,2009-08-16,827.8067986163951,829.2624430339995,826.0627008063924,"{""type"":""MultiPoint"",""coordinates"":[]}"
20090817,2009-08-17,828.1369791312655,829.5574517823368,826.3573512111807,"{""type"":""MultiPoint"",""coordinates"":[]}"
20090818,2009-08-18,828.2162691228647,829.7044818203011,826.3325067248484,"{""type"":""MultiPoint"",""coordinates"":[]}"
20090819,2009-08-19,828.4755975413087,830.0770766274,826.4686179241033,"{""type"":""MultiPoint"",""coordinates"":[]}"
20090820,2009-08-20,828.0365982825621,829.6415749732902,826.1183224100834,"{""type"":""MultiPoint"",""coordinates"":[]}"
20090821,2009-08-21,827.2607647751358,828.7966135060749,825.4323487223237,"{""type"":""MultiPoint"",""coordinates"":[]}"
20090822,2009-08-22,826.4481731863116,828.1641866584881,824.2699773723084,"{""type"":""MultiPoint"",""coordinates"":[]}"
20090823,2009-08-23,826.9116107320473,828.380415962305,824.9409206073132,"{""type"":""MultiPoint"",""coordinates"":[]}"
20090824,2009-08-24,827.7485005010288,829.2845281857889,825.8182184567589,"{""type"":""MultiPoint"",""coordinates"":[]}"
20090825,2009-08-25,827.9986590697713,829.4980600592023,826.1157133537445,"{""type"":""MultiPoint"",""coordinates"":[]}"
20090826,2009-08-26,827.5217504894746,829.2235732556998,825.6374281096465,"{""type"":""MultiPoint"",""coordinates"":[]}"
20090827,2009-08-27,827.6447999908925,829.1903972800899,825.5967677066888,"{""type"":""MultiPoint"",""coordinates"":[]}"
20090828,2009-08-28,828.9094651221184,830.4395535215108,827.0711143632924,"{""type"":""MultiPoint"",""coordinates"":[]}"
20090829,2009-08-29,828.6827844143223,830.3703565887796,826.5991867406368,"{""type"":""MultiPoint"",""coordinates"":[]}"
20090830,2009-08-30,829.0526476753381,830.749962062017,826.9575770218889,"{""type"":""MultiPoint"",""coordinates"":[]}"
20090831,2009-08-31,829.1021956808022,830.8143122475261,827.0233274927037,"{""type"":""MultiPoint"",""coordinates"":[]}"
20090901,2009-09-01,827.9754362859068,830.1328582710875,825.8531534055614,"{""type"":""MultiPoint"",""coordinates"":[]}"
20090902,2009-09-02,826.1845868867597,828.0670462931271,823.892437500458,"{""type"":""MultiPoint"",""coordinates"":[]}"
20090903,2009-09-03,825.7684769730525,827.3206852752372,823.6709931180138,"{""type"":""MultiPoint"",""coordinates"":[]}"
20090904,2009-09-04,825.3828643512924,827.2063421301586,823.3804286826796,"{""type"":""MultiPoint"",""coordinates"":[]}"
20090905,2009-09-05,824.3224007852779,826.0537637792823,822.2931405617884,"{""type"":""MultiPoint"",""coordinates"":[]}"
20090906,2009-09-06,824.0918406195517,825.52314659403,822.1722531826342,"{""type"":""MultiPoint"",""coordinates"":[]}"
20090907,2009-09-07,825.6931222320926,827.1761647844726,823.7758589281126,"{""type"":""MultiPoint"",""coordinates"":[]}"
20090908,2009-09-08,826.8732880298227,828.3961525689286,825.0042779527492,"{""type"":""MultiPoint"",""coordinates"":[]}"
20090909,2009-09-09,827.2987170373883,828.8782962936305,825.5800328035909,"{""type"":""MultiPoint"",""coordinates"":[]}"
20090910,2009-09-10,827.2697959475053,828.6442315624737,825.3796573108285,"{""type"":""MultiPoint"",""coordinates"":[]}"
20090911,2009-09-11,828.8744391552009,830.3998502889891,826.8131177798459,"{""type"":""MultiPoint"",""coordinates"":[]}"
20090912,2009-09-12,830.1840881015193,831.8528114104695,828.2092618876997,"{""type"":""MultiPoint"",""coordinates"":[]}"
20090913,2009-09-13,830.0951075746477,831.8563723595696,828.2834007735116,"{""type"":""MultiPoint"",""coordinates"":[]}"
20090914,2009-09-14,829.1905222476792,831.4548504302203,827.3386542754017,"{""type"":""MultiPoint"",""coordinates"":[]}"
20090915,2009-09-15,827.5497824614595,829.2511629563401,825.6928539356816,"{""type"":""MultiPoint"",""coordinates"":[]}"
20090916,2009-09-16,828.15586051468,829.6367735882699,826.2526653231299,"{""type"":""MultiPoint"",""coordinates"":[]}"
20090917,2009-09-17,829.7418935213555,831.3166632432311,827.7768895948058,"{""type"":""MultiPoint"",""coordinates"":[]}"
20090918,2009-09-18,830.6797889655386,832.2752467043684,828.9067499169713,"{""type"":""MultiPoint"",""coordinates"":[]}"
20090919,2009-09-19,830.7706260895243,832.3658791648344,828.9005705496512,"{""type"":""MultiPoint"",""coordinates"":[]}"
20090920,2009-09-20,830.5220027637869,832.173902777041,828.6309959611058,"{""type"":""MultiPoint"",""coordinates"":[]}"
20090921,2009-09-21,830.0077435881719,831.8911209793167,827.9811534882207,"{""type"":""MultiPoint"",""coordinates"":[]}"
20090922,2009-09-22,828.7417945486106,830.7694753923735,826.6059598520035,"{""type"":""MultiPoint"",""coordinates"":[]}"
20090923,2009-09-23,828.8529159903563,830.4320427944097,826.7425723734871,"{""type"":""MultiPoint"",""coordinates"":[]}"
20090924,2009-09-24,829.2211972309741,830.8405328247862,827.2439304571557,"{""type"":""MultiPoint"",""coordinates"":[]}"
20090925,2009-09-25,829.8424965047836,831.4760660724941,827.8253163049008,"{""type"":""MultiPoint"",""coordinates"":[]}"
20090926,2009-09-26,829.6659265632666,831.5471050313992,827.5888332652913,"{""type"":""MultiPoint"",""coordinates"":[]}"
20090927,2009-09-27,828.768279257354,830.3475818347906,826.8145186890458,"{""type"":""MultiPoint"",""coordinates"":[]}"
20090928,2009-09-28,828.2793896290943,830.0046389652764,826.2841213454327,"{""type"":""MultiPoint"",""coordinates"":[]}"
20090929,2009-09-29,828.2350521102052,830.0193237628627,826.1779417868429,"{""type"":""MultiPoint"",""coordinates"":[]}"
20090930,2009-09-30,828.5413774661569,830.1173589242663,826.7041685443317,"{""type"":""MultiPoint"",""coordinates"":[]}"
20091001,2009-10-01,828.8161773480261,830.2788063390618,826.9255947219134,"{""type"":""MultiPoint"",""coordinates"":[]}"
20091002,2009-10-02,828.7977345332437,830.6142053558762,826.7751185575618,"{""type"":""MultiPoint"",""coordinates"":[]}"
20091003,2009-10-03,828.1332526893618,829.9555303260142,825.8385767951665,"{""type"":""MultiPoint"",""coordinates"":[]}"
20091004,2009-10-04,828.5091533947755,830.16938564323,826.3556730344269,"{""type"":""MultiPoint"",""coordinates"":[]}"
20091005,2009-10-05,828.0713176951024,829.7534412821042,826.2546090535322,"{""type"":""MultiPoint"",""coordinates"":[]}"
20091006,2009-10-06,827.4329801815707,829.0815413647607,825.6430544201378,"{""type"":""MultiPoint"",""coordinates"":[]}"
20091007,2009-10-07,826.4929567396739,828.3496381436516,824.5253917800782,"{""type"":""MultiPoint"",""coordinates"":[]}"
20091008,2009-10-08,826.0927822281536,827.4772329564018,824.5689377950309,"{""type"":""MultiPoint"",""coordinates"":[]}"
20091009,2009-10-09,827.2189869803512,828.5563364222969,825.464985859599,"{""type"":""MultiPoint"",""coordinates"":[]}"
20091010,2009-10-10,829.3197601155885,830.5811260091588,827.499259334156,"{""type"":""MultiPoint"",""coordinates"":[]}"
20091011,2009-10-11,830.9360773268669,832.2714744819484,829.1188014845716,"{""type"":""MultiPoint"",""coordinates"":[]}"
20091012,2009-10-12,831.6400296795978,833.0389820535559,829.9832804413643,"{""type"":""MultiPoint"",""coordinates"":[]}"
20091013,2009-10-13,831.9900921247151,833.4962915885773,830.2111209180684,"{""type"":""MultiPoint"",""coordinates"":[]}"
20091014,2009-10-14,832.1783090675223,833.7839768659848,830.503955028945,"{""type"":""MultiPoint"",""coordinates"":[]}"
20091015,2009-10-15,832.1591011999466,833.6227230009329,830.5524683524156,"{""type"":""MultiPoint"",""coordinates"":[]}"
20091016,2009-10-16,831.3759585564144,833.1893769689061,829.7884320056285,"{""type"":""MultiPoint"",""coordinates"":[]}"
20091017,2009-10-17,829.7687325448195,832.0470195782128,827.9515608535792,"{""type"":""MultiPoint"",""coordinates"":[]}"
20091018,2009-10-18,829.4387462054518,830.9506171484322,827.7630454294716,"{""type"":""MultiPoint"",""coordinates"":[]}"
20091019,2009-10-19,830.2272929764639,831.6172206186009,828.5056086092156,"{""type"":""MultiPoint"",""coordinates"":[]}"
20091020,2009-10-20,831.0386524895509,832.5118390289575,829.2889215341124,"{""type"":""MultiPoint"",""coordinates"":[]}"
20091021,2009-10-21,832.0502651153113,833.578587835321,830.3161946275428,"{""type"":""MultiPoint"",""coordinates"":[]}"
20091022,2009-10-22,832.0960587670074,834.0281171194611,830.4952112934616,"{""type"":""MultiPoint"",""coordinates"":[]}"
20091023,2009-10-23,830.9870210800317,833.0987117251002,829.3263494012041,"{""type"":""MultiPoint"",""coordinates"":[]}"
20091024,2009-10-24,830.2929708407504,831.7802748810788,828.6899680295566,"{""type"":""MultiPoint"",""coordinates"":[]}"
20091025,2009-10-25,831.1126559546343,832.4365453359852,829.5222803079293,"{""type"":""MultiPoint"",""coordinates"":[]}"
20091026,2009-10-26,831.7018668059447,833.353150461324,830.2128014822609,"{""type"":""MultiPoint"",""coordinates"":[]}"
20091027,2009-10-27,831.5391201171626,833.0144361767507,829.9492996495237,"{""type"":""MultiPoint"",""coordinates"":[]}"
20091028,2009-10-28,832.296772651584,833.6573264662352,830.3894821960128,"{""type"":""MultiPoint"",""coordinates"":[]}"
20091029,2009-10-29,833.5607219997955,835.3321886908027,831.8940740920394,"{""type"":""MultiPoint"",""coordinates"":[]}"
20091030,2009-10-30,833.295475427632,835.3688682923865,831.5321532611396,"{""type"":""MultiPoint"",""coordinates"":[]}"
20091031,2009-10-31,832.5927909885409,834.3160063771286,831.0526350993063,"{""type"":""MultiPoint"",""coordinates"":[]}"
20091101,2009-11-01,832.9495135911785,834.4297126715871,831.3195641509208,"{""type"":""MultiPoint"",""coordinates"":[]}"
20091102,2009-11-02,833.9102552777579,835.508099692495,832.1763214455855,"{""type"":""MultiPoint"",""coordinates"":[]}"
20091103,2009-11-03,834.6319049155111,836.1576148141094,833.0599336733544,"{""type"":""MultiPoint"",""coordinates"":[]}"
20091104,2009-11-04,834.4093045871864,836.3858185609288,832.7202400468606,"{""type"":""MultiPoint"",""coordinates"":[]}"
20091105,2009-11-05,833.2858260602756,835.2671814018191,831.6105982606205,"{""type"":""MultiPoint"",""coordinates"":[]}"
20091106,2009-11-06,831.2697241774956,833.7189699050689,829.3378406943567,"{""type"":""MultiPoint"",""coordinates"":[]}"
20091107,2009-11-07,829.9408216697085,831.5713405188961,828.3670948341719,"{""type"":""MultiPoint"",""coordinates"":[]}"
20091108,2009-11-08,829.3762898200737,831.2886929225218,827.6278243202361,"{""type"":""MultiPoint"",""coordinates"":[]}"
20091109,2009-11-09,827.3224741202913,829.7639091388043,825.2625843058502,"{""type"":""MultiPoint"",""coordinates"":[]}"
20091110,2009-11-10,826.1268468645885,828.1583821894602,824.2120905497686,"{""type"":""MultiPoint"",""coordinates"":[]}"
20091111,2009-11-11,827.3646411092918,829.218872883506,825.0879182540017,"{""type"":""MultiPoint"",""coordinates"":[]}"
20091112,2009-11-12,830.1248655386091,831.6895129867928,827.9178749267805,"{""type"":""MultiPoint"",""coordinates"":[]}"
20091113,2009-11-13,831.3388628878826,833.326076591469,829.455785840268,"{""type"":""MultiPoint"",""coordinates"":[]}"
20091114,2009-11-14,829.0697003907804,831.8124706720803,826.8779610417661,"{""type"":""MultiPoint"",""coordinates"":[]}"
20091115,2009-11-15,827.3527224496264,829.2251253978117,825.6447424261826,"{""type"":""MultiPoint"",""coordinates"":[]}"
20091116,2009-11-16,828.5032472457146,829.9183748505903,826.7051968763839,"{""type"":""MultiPoint"",""coordinates"":[]}"
20091117,2009-11-17,829.053583595056,830.7976190645466,827.254954419777,"{""type"":""MultiPoint"",""coordinates"":[]}"
20091118,2009-11-18,830.0058854763664,831.5722089378344,828.197752291845,"{""type"":""MultiPoint"",""coordinates"":[]}"
20091119,2009-11-19,832.1746910082572,833.7563215028632,830.1296478133637,"{""type"":""MultiPoint"",""coordinates"":[]}"
20091120,2009-11-20,833.6212836806011,835.4665640773994,831.7934047069527,"{""type"":""MultiPoint"",""coordinates"":[]}"
20091121,2009-11-21,833.0473464819083,835.0667645484531,831.3442122557648,"{""type"":""MultiPoint"",""coordinates"":[]}"
20091122,2009-11-22,832.6902937063298,834.261748269741,831.1188789052035,"{""type"":""MultiPoint"",""coordinates"":[]}"
20091123,2009-11-23,832.8637208410596,834.7238436463033,831.1517002931827,"{""type"":""MultiPoint"",""coordinates"":[]}"
20091124,2009-11-24,832.0741244776704,834.2815595270224,830.1910927724142,"{""type"":""MultiPoint"",""coordinates"":[]}"
20091125,2009-11-25,830.9075908850757,833.026585961344,829.2004956346556,"{""type"":""MultiPoint"",""coordinates"":[]}"
20091126,2009-11-26,830.4061737483621,832.1573782571916,828.5754141564563,"{""type"":""MultiPoint"",""coordinates"":[]}"
20091127,2009-11-27,832.4490720314833,833.9973779898173,830.3916905341118,"{""type"":""MultiPoint"",""coordinates"":[]}"
20091128,2009-11-28,833.4806273244118,835.1534550910986,831.8443803587525,"{""type"":""MultiPoint"",""coordinates"":[]}"
20091129,2009-11-29,833.4451206354769,835.2750895172167,831.7556469671675,"{""type"":""MultiPoint"",""coordinates"":[]}"
20091130,2009-11-30,833.5150998831757,835.2053790516925,831.9090160172045,"{""type"":""MultiPoint"",""coordinates"":[]}"
20091201,2009-12-01,833.5330423699892,835.2580706843127,831.878280783436,"{""type"":""MultiPoint"",""coordinates"":[]}"
20091202,2009-12-02,833.2767059452834,835.226652013372,831.6623817986655,"{""type"":""MultiPoint"",""coordinates"":[]}"
20091203,2009-12-03,833.0444047084865,834.9186047470308,831.4048889623873,"{""type"":""MultiPoint"",""coordinates"":[]}"
20091204,2009-12-04,831.5815047139982,833.9343151054318,829.3705000100105,"{""type"":""MultiPoint"",""coordinates"":[]}"
20091205,2009-12-05,829.8639769652286,831.7676697636083,828.3371131538061,"{""type"":""MultiPoint"",""coordinates"":[]}"
20091206,2009-12-06,829.458440022194,831.0820387690976,827.7225363652756,"{""type"":""MultiPoint"",""coordinates"":[]}"
20091207,2009-12-07,830.0287751535232,831.75605085065,828.5476578179928,"{""type"":""MultiPoint"",""coordinates"":[]}"
20091208,2009-12-08,830.3581082173238,832.2069159625657,828.5825941232583,"{""type"":""MultiPoint"",""coordinates"":[]}"
20091209,2009-12-09,830.2825035157398,831.9966360016105,828.6198608067002,"{""type"":""MultiPoint"",""coordinates"":[]}"
20091210,2009-12-10,829.9544681800501,831.7882285697518,828.1946643636566,"{""type"":""MultiPoint"",""coordinates"":[]}"
20091211,2009-12-11,830.1842291619865,831.9809847786395,828.393230008469,"{""type"":""MultiPoint"",""coordinates"":[]}"
20091212,2009-12-12,830.402090445348,831.9711574087038,828.6058306346304,"{""type"":""MultiPoint"",""coordinates"":[]}"
20091213,2009-12-13,830.6567388870687,832.5921990501031,828.788475066008,"{""type"":""MultiPoint"",""coordinates"":[]}"
20091214,2009-12-14,831.7588279245814,833.5019982070721,829.9273590078669,"{""type"":""MultiPoint"",""coordinates"":[]}"
20091215,2009-12-15,832.1917388089772,833.9733821394925,830.5751778711751,"{""type"":""MultiPoint"",""coordinates"":[]}"
20091216,2009-12-16,831.9687107494723,833.793780973731,830.370235468536,"{""type"":""MultiPoint"",""coordinates"":[]}"
20091217,2009-12-17,832.2760452893872,833.7603443803349,830.5355695306472,"{""type"":""MultiPoint"",""coordinates"":[]}"
20091218,2009-12-18,833.399115791211,834.9291472684208,831.8487746532978,"{""type"":""MultiPoint"",""coordinates"":[]}"
20091219,2009-12-19,834.2182290167672,835.6724266438448,832.5161386632775,"{""type"":""MultiPoint"",""coordinates"":[]}"
20091220,2009-12-20,834.4346102952477,836.219832521854,832.6218775887465,"{""type"":""MultiPoint"",""coordinates"":[]}"
20091221,2009-12-21,833.2311253288859,835.272368462597,831.5958285239086,"{""type"":""MultiPoint"",""coordinates"":[]}"
20091222,2009-12-22,831.9425653388714,834.0514982197279,830.3588395512097,"{""type"":""MultiPoint"",""coordinates"":[]}"
20091223,2009-12-23,831.7477645092544,833.4057182960483,830.0892499105726,"{""type"":""MultiPoint"",""coordinates"":[]}"
20091224,2009-12-24,831.2635398149549,833.3295557390062,829.529032197095,"{""type"":""MultiPoint"",""coordinates"":[]}"
20091225,2009-12-25,829.829198662001,831.9283491094104,828.0902468270422,"{""type"":""MultiPoint"",""coordinates"":[]}"
20091226,2009-12-26,829.6693205637846,831.6538548778444,827.7709500350596,"{""type"":""MultiPoint"",""coordinates"":[]}"
20091227,2009-12-27,829.400893374752,831.023973123089,827.7587768042646,"{""type"":""MultiPoint"",""coordinates"":[]}"
20091228,2009-12-28,828.8964121185882,830.7790268749367,827.1075198019444,"{""type"":""MultiPoint"",""coordinates"":[]}"
20091229,2009-12-29,829.2605107693183,830.8909225407107,827.6833218108206,"{""type"":""MultiPoint"",""coordinates"":[]}"
20091230,2009-12-30,829.3062015657342,831.1842875226891,827.4117854531214,"{""type"":""MultiPoint"",""coordinates"":[]}"
20091231,2009-12-31,830.0764908024682,832.061079906003,827.9859306116838,"{""type"":""MultiPoint"",""coordinates"":[]}"
20100101,2010-01-01,831.8156722742679,833.5523684318108,829.8116401392095,"{""type"":""MultiPoint"",""coordinates"":[]}"
20100102,2010-01-02,833.072635496682,834.6900236074847,831.4123948016354,"{""type"":""MultiPoint"",""coordinates"":[]}"
20100103,2010-01-03,831.6689813171607,833.9266524159418,829.4445226858132,"{""type"":""MultiPoint"",""coordinates"":[]}"
20100104,2010-01-04,829.821444749309,832.2682624781402,827.4507665835495,"{""type"":""MultiPoint"",""coordinates"":[]}"
20100105,2010-01-05,829.6293226444002,831.2892400010152,827.8427237390634,"{""type"":""MultiPoint"",""coordinates"":[]}"
20100106,2010-01-06,831.0367341084033,832.5960337726774,829.0269775635076,"{""type"":""MultiPoint"",""coordinates"":[]}"
20100107,2010-01-07,832.111892032992,833.7698649915749,830.3969168306386,"{""type"":""MultiPoint"",""coordinates"":[]}"
20100108,2010-01-08,831.1094360811676,833.267835183256,829.3520539448313,"{""type"":""MultiPoint"",""coordinates"":[]}"
20100109,2010-01-09,830.7425278430474,832.4302478660823,829.1290193754658,"{""type"":""MultiPoint"",""coordinates"":[]}"
20100110,2010-01-10,831.3118094232894,832.8928057927496,829.5890295536304,"{""type"":""MultiPoint"",""coordinates"":[]}"
20100111,2010-01-11,831.5666990865076,833.5385357763012,829.8204207469001,"{""type"":""MultiPoint"",""coordinates"":[]}"
20100112,2010-01-12,831.6168564761059,833.3285655712667,829.6176697658415,"{""type"":""MultiPoint"",""coordinates"":[]}"
20100113,2010-01-13,832.4385756951912,834.4026990923172,830.1661127531784,"{""type"":""MultiPoint"",""coordinates"":[]}"
20100114,2010-01-14,834.5533249329303,836.4864769914489,832.3710360498851,"{""type"":""MultiPoint"",""coordinates"":[]}"
20100115,2010-01-15,835.7002132464063,837.4216289257434,833.8030532236481,"{""type"":""MultiPoint"",""coordinates"":[]}"
20100116,2010-01-16,836.4721566240678,838.305019423854,834.6866305076361,"{""type"":""MultiPoint"",""coordinates"":[]}"
20100117,2010-01-17,835.1172864543577,837.1909205302392,833.2806931919393,"{""type"":""MultiPoint"",""coordinates"":[]}"
20100118,2010-01-18,833.2594749463825,835.6613824436157,831.453643939212,"{""type"":""MultiPoint"",""coordinates"":[]}"
20100119,2010-01-19,831.9959716660275,833.9802867074462,830.0905066198752,"{""type"":""MultiPoint"",""coordinates"":[]}"
20100120,2010-01-20,833.586216105533,835.2483763061266,831.911654527229,"{""type"":""MultiPoint"",""coordinates"":[]}"
20100121,2010-01-21,832.6635016540566,834.8983329334053,830.9199867652909,"{""type"":""MultiPoint"",""coordinates"":[]}"
20100122,2010-01-22,832.1496165056805,834.0393318657348,830.3995101932409,"{""type"":""MultiPoint"",""coordinates"":[]}"
20100123,2010-01-23,831.5455143074705,833.6340099662369,829.8893582485114,"{""type"":""MultiPoint"",""coordinates"":[]}"
20100124,2010-01-24,831.4659518564106,833.082706884554,829.8374283863441,"{""type"":""MultiPoint"",""coordinates"":[]}"
20100125,2010-01-25,831.4369384819122,833.6119830782542,829.7415044027448,"{""type"":""MultiPoint"",""coordinates"":[]}"
20100126,2010-01-26,831.6633925509833,833.82881714381,829.9675362528184,"{""type"":""MultiPoint"",""coordinates"":[]}"
20100127,2010-01-27,831.7230309050045,833.5587169659575,830.1174695254902,"{""type"":""MultiPoint"",""coordinates"":[]}"
20100128,2010-01-28,831.8506949580028,833.9200967048187,830.1511489723857,"{""type"":""MultiPoint"",""coordinates"":[]}"
20100129,2010-01-29,831.4366169160185,833.7620215804103,829.3112038927793,"{""type"":""MultiPoint"",""coordinates"":[]}"
20100130,2010-01-30,831.2227726444228,833.0888346752131,829.535346997198,"{""type"":""MultiPoint"",""coordinates"":[]}"
20100131,2010-01-31,830.8321986438868,832.6551762583906,829.2628741747986,"{""type"":""MultiPoint"",""coordinates"":[]}"
20100201,2010-02-01,829.6606306203809,831.5994816072059,828.2851742720851,"{""type"":""MultiPoint"",""coordinates"":[]}"
20100202,2010-02-02,829.3737609490681,831.0505815529912,827.9626650537191,"{""type"":""MultiPoint"",""coordinates"":[]}"
20100203,2010-02-03,829.5748028517812,831.2413667963461,828.0808402173581,"{""type"":""MultiPoint"",""coordinates"":[]}"
20100204,2010-02-04,829.8949348053297,831.4676283299071,828.311705056333,"{""type"":""MultiPoint"",""coordinates"":[]}"
20100205,2010-02-05,830.2835988271904,832.097526712943,828.4017396878359,"{""type"":""MultiPoint"",""coordinates"":[]}"
20100206,2010-02-06,831.5088018758134,833.3062845063818,829.7032096565915,"{""type"":""MultiPoint"",""coordinates"":[]}"
20100207,2010-02-07,830.7323617072406,833.2424812550324,828.222021171805,"{""type"":""MultiPoint"",""coordinates"":[]}"
20100208,2010-02-08,827.0207944448252,829.9078876264018,824.4661264682899,"{""type"":""MultiPoint"",""coordinates"":[]}"
20100209,2010-02-09,826.5347387437879,829.0071313395723,824.0369077123704,"{""type"":""MultiPoint"",""coordinates"":[]}"
20100210,2010-02-10,829.4765909249093,831.1217837522547,826.9742326716453,"{""type"":""MultiPoint"",""coordinates"":[]}"
20100211,2010-02-11,831.4501546103336,833.2308994992632,829.5437375974393,"{""type"":""MultiPoint"",""coordinates"":[]}"
20100212,2010-02-12,830.3404825195074,832.6872603571176,828.2684328711052,"{""type"":""MultiPoint"",""coordinates"":[]}"
20100213,2010-02-13,828.9441687944098,831.210855868176,827.0878013909754,"{""type"":""MultiPoint"",""coordinates"":[]}"
20100214,2010-02-14,827.5297929885115,829.4187533730552,825.7174466863197,"{""type"":""MultiPoint"",""coordinates"":[]}"
20100215,2010-02-15,828.4671451523952,830.4352107019591,826.3476399138146,"{""type"":""MultiPoint"",""coordinates"":[]}"
20100216,2010-02-16,829.5381047831619,831.4384715436344,827.6408647356353,"{""type"":""MultiPoint"",""coordinates"":[]}"
20100217,2010-02-17,829.7433167508309,831.7819650139221,827.7339831392327,"{""type"":""MultiPoint"",""coordinates"":[]}"
20100218,2010-02-18,830.1312783630291,831.8086878237916,828.0117011500106,"{""type"":""MultiPoint"",""coordinates"":[]}"
20100219,2010-02-19,830.8010659985108,832.6009966073935,828.9838578042633,"{""type"":""MultiPoint"",""coordinates"":[]}"
20100220,2010-02-20,831.058429275163,833.0757857195609,829.2045216938213,"{""type"":""MultiPoint"",""coordinates"":[]}"
20100221,2010-02-21,831.2796421140956,833.1453879860792,829.4515754828382,"{""type"":""MultiPoint"",""coordinates"":[]}"
20100222,2010-02-22,829.6244779931343,832.5166878829427,827.0092561982984,"{""type"":""MultiPoint"",""coordinates"":[]}"
20100223,2010-02-23,827.2764604330412,829.3738470793562,825.3853104263596,"{""type"":""MultiPoint"",""coordinates"":[]}"
20100224,2010-02-24,827.0087929007782,828.5727439766998,825.2042358094861,"{""type"":""MultiPoint"",""coordinates"":[]}"
20100225,2010-02-25,828.807476191535,830.5297975920879,826.6972423554827,"{""type"":""MultiPoint"",""coordinates"":[]}"
20100226,2010-02-26,829.5579302290148,831.6873176392128,827.724661822154,"{""type"":""MultiPoint"",""coordinates"":[]}"
20100227,2010-02-27,828.9957754043007,831.0959253307097,826.87141348246,"{""type"":""MultiPoint"",""coordinates"":[]}"
20100228,2010-02-28,829.0041326325498,830.8156355743815,827.0835276816454,"{""type"":""MultiPoint"",""coordinates"":[]}"
20100301,2010-03-01,829.0374236610685,831.3713563513446,826.8691754655866,"{""type"":""MultiPoint"",""coordinates"":[]}"
20100302,2010-03-02,828.0641848395793,830.451849202132,825.8671149843068,"{""type"":""MultiPoint"",""coordinates"":[]}"
20100303,2010-03-03,826.605620818434,828.8570550166562,824.4354060848516,"{""type"":""MultiPoint"",""coordinates"":[]}"
20100304,2010-03-04,826.2119561913858,828.0079870832956,824.3467324526243,"{""type"":""MultiPoint"",""coordinates"":[]}"
20100305,2010-03-05,827.2664965824047,829.1317639743572,825.2364076150667,"{""type"":""MultiPoint"",""coordinates"":[]}"
20100306,2010-03-06,828.5697256696045,830.1140387213595,826.610855258335,"{""type"":""MultiPoint"",""coordinates"":[]}"
20100307,2010-03-07,830.0337197300139,832.1205925297693,827.8208402792094,"{""type"":""MultiPoint"",""coordinates"":[]}"
20100308,2010-03-08,831.5395164612804,833.357654574812,829.4049574278482,"{""type"":""MultiPoint"",""coordinates"":[]}"
20100309,2010-03-09,832.6813310530085,834.423382581397,830.7314324897243,"{""type"":""MultiPoint"",""coordinates"":[]}"
20100310,2010-03-10,832.8969008529715,834.7645420175777,831.0583765564098,"{""type"":""MultiPoint"",""coordinates"":[]}"
20100311,2010-03-11,833.33572870842,834.9124260157856,831.610373700226,"{""type"":""MultiPoint"",""coordinates"":[]}"
20100312,2010-03-12,832.1843138357834,834.6750923246532,830.0579591596194,"{""type"":""MultiPoint"",""coordinates"":[]}"
20100313,2010-03-13,830.1410519905751,832.7491316924677,828.0514638252048,"{""type"":""MultiPoint"",""coordinates"":[]}"
20100314,2010-03-14,829.3322595982223,831.2815046033261,827.3233658530804,"{""type"":""MultiPoint"",""coordinates"":[]}"
20100315,2010-03-15,830.3892152448403,832.1831117182898,828.3469653158564,"{""type"":""MultiPoint"",""coordinates"":[]}"
20100316,2010-03-16,832.1404481851106,833.9075645930088,829.7907356801296,"{""type"":""MultiPoint"",""coordinates"":[]}"
20100317,2010-03-17,834.3847983159523,835.987426427199,832.3858875824977,"{""type"":""MultiPoint"",""coordinates"":[]}"
20100318,2010-03-18,834.8061988856432,837.0080904176026,832.8316700447303,"{""type"":""MultiPoint"",""coordinates"":[]}"
20100319,2010-03-19,833.0351790171179,835.7089424745412,830.84987007043,"{""type"":""MultiPoint"",""coordinates"":[]}"
20100320,2010-03-20,831.143062701394,833.6503683930789,828.8440581648035,"{""type"":""MultiPoint"",""coordinates"":[]}"
20100321,2010-03-21,828.235757244893,831.1180824093103,825.5445989405079,"{""type"":""MultiPoint"",""coordinates"":[]}"
20100322,2010-03-22,825.3061008312466,827.591112678578,823.2573524589317,"{""type"":""MultiPoint"",""coordinates"":[]}"
20100323,2010-03-23,824.8144273994257,826.732367077565,822.6830509539907,"{""type"":""MultiPoint"",""coordinates"":[]}"
20100324,2010-03-24,827.1314361288913,828.9713733901542,824.8994870109323,"{""type"":""MultiPoint"",""coordinates"":[]}"
20100325,2010-03-25,827.9764247111281,830.1429698551188,825.7314029871989,"{""type"":""MultiPoint"",""coordinates"":[]}"
20100326,2010-03-26,827.78176650795,829.9197922752779,825.5296717446859,"{""type"":""MultiPoint"",""coordinates"":[]}"
20100327,2010-03-27,828.3319358076774,830.1441559445609,826.3058189868603,"{""type"":""MultiPoint"",""coordinates"":[]}"
20100328,2010-03-28,828.4629231662624,830.3172627921508,826.3955939552809,"{""type"":""MultiPoint"",""coordinates"":[]}"
20100329,2010-03-29,828.105361549505,830.5116485395059,825.7718151915992,"{""type"":""MultiPoint"",""coordinates"":[]}"
20100330,2010-03-30,826.2847100464656,828.5769350202988,824.1774503450564,"{""type"":""MultiPoint"",""coordinates"":[]}"
20100331,2010-03-31,826.0140146579614,827.9067923768748,824.0164227297842,"{""type"":""MultiPoint"",""coordinates"":[]}"
20100401,2010-04-01,826.0723758545256,827.839580841194,824.1111630427974,"{""type"":""MultiPoint"",""coordinates"":[]}"
20100402,2010-04-02,826.9627220998801,828.652334199209,824.9509633169031,"{""type"":""MultiPoint"",""coordinates"":[]}"
20100403,2010-04-03,828.4902414037117,830.1637217886861,826.5886415275855,"{""type"":""MultiPoint"",""coordinates"":[]}"
20100404,2010-04-04,829.3158052542668,831.0911014585834,827.4834101703003,"{""type"":""MultiPoint"",""coordinates"":[]}"
20100405,2010-04-05,828.7216716109197,830.8266926179639,826.754885281919,"{""type"":""MultiPoint"",""coordinates"":[]}"
20100406,2010-04-06,829.5007512878359,831.5324504685831,827.2343940385972,"{""type"":""MultiPoint"",""coordinates"":[]}"
20100407,2010-04-07,831.2929591715125,833.0642718757533,829.2085320081331,"{""type"":""MultiPoint"",""coordinates"":[]}"
20100408,2010-04-08,830.9286627391069,833.0846494124926,828.9313870562917,"{""type"":""MultiPoint"",""coordinates"":[]}"
20100409,2010-04-09,827.8508684527211,830.8690619393491,825.3609402422774,"{""type"":""MultiPoint"",""coordinates"":[]}"
20100410,2010-04-10,825.6624951118414,827.7173600489301,823.5989189499782,"{""type"":""MultiPoint"",""coordinates"":[]}"
20100411,2010-04-11,826.2274800257856,828.0201186919146,824.3405208205296,"{""type"":""MultiPoint"",""coordinates"":[]}"
20100412,2010-04-12,826.9001079654665,828.7109570515189,824.7504840435721,"{""type"":""MultiPoint"",""coordinates"":[]}"
20100413,2010-04-13,827.4918456714508,829.7335592715191,825.1284158340557,"{""type"":""MultiPoint"",""coordinates"":[]}"
20100414,2010-04-14,829.1479881187277,830.7513405565483,827.1255653719376,"{""type"":""MultiPoint"",""coordinates"":[]}"
20100415,2010-04-15,830.1335384032799,832.0311626004202,828.2758615805045,"{""type"":""MultiPoint"",""coordinates"":[]}"
20100416,2010-04-16,829.428309585516,831.4018882987971,827.4575606778171,"{""type"":""MultiPoint"",""coordinates"":[]}"
20100417,2010-04-17,828.5744487103321,830.3648965283938,826.4438540857093,"{""type"":""MultiPoint"",""coordinates"":[]}"
20100418,2010-04-18,826.6060448351085,829.1751477741409,824.3737005199526,"{""type"":""MultiPoint"",""coordinates"":[]}"
20100419,2010-04-19,824.9256851158144,827.0548210945249,822.8738452720308,"{""type"":""MultiPoint"",""coordinates"":[]}"
20100420,2010-04-20,824.7556885904339,826.3679984557513,822.8623661574233,"{""type"":""MultiPoint"",""coordinates"":[]}"
20100421,2010-04-21,826.2441974333443,827.9172424890065,824.2305644641004,"{""type"":""MultiPoint"",""coordinates"":[]}"
20100422,2010-04-22,827.6074225461051,829.185013228051,825.6887919697782,"{""type"":""MultiPoint"",""coordinates"":[]}"
20100423,2010-04-23,828.0892945662405,830.0581144976335,826.1848256614054,"{""type"":""MultiPoint"",""coordinates"":[]}"
20100424,2010-04-24,827.5729977377355,829.6461663026444,825.4890410241605,"{""type"":""MultiPoint"",""coordinates"":[]}"
20100425,2010-04-25,828.4031781691481,830.1333211872418,826.2263982260475,"{""type"":""MultiPoint"",""coordinates"":[]}"
20100426,2010-04-26,831.1163588603359,832.677438558627,829.1076119672554,"{""type"":""MultiPoint"",""coordinates"":[]}"
20100427,2010-04-27,831.2601878569533,833.002083689069,829.3197428305053,"{""type"":""MultiPoint"",""coordinates"":[]}"
20100428,2010-04-28,829.9801357564828,832.1809986163727,827.8671973308623,"{""type"":""MultiPoint"",""coordinates"":[]}"
20100429,2010-04-29,829.6081748824165,831.2466694828441,827.4259905648661,"{""type"":""MultiPoint"",""coordinates"":[]}"
20100430,2010-04-30,830.2113788695867,831.9069353471642,827.9123729320561,"{""type"":""MultiPoint"",""coordinates"":[]}"
20100501,2010-05-01,830.1735715715938,832.2107633157116,828.0227327705752,"{""type"":""MultiPoint"",""coordinates"":[]}"
20100502,2010-05-02,828.4776755372058,830.7756390478563,826.3736320706805,"{""type"":""MultiPoint"",""coordinates"":[]}"
20100503,2010-05-03,826.9837079736618,828.8742786720313,825.0548331410358,"{""type"":""MultiPoint"",""coordinates"":[]}"
20100504,2010-05-04,826.330372858735,828.1797825691837,824.2632119565578,"{""type"":""MultiPoint"",""coordinates"":[]}"
20100505,2010-05-05,825.9422556551688,827.579945111246,823.971022201619,"{""type"":""MultiPoint"",""coordinates"":[]}"
20100506,2010-05-06,826.038016612709,827.6885702916691,824.1096688893678,"{""type"":""MultiPoint"",""coordinates"":[]}"
20100507,2010-05-07,825.8365113605151,827.4417188542136,823.9094090417946,"{""type"":""MultiPoint"",""coordinates"":[]}"
20100508,2010-05-08,825.6456598366331,827.7395682481967,823.6761369633131,"{""type"":""MultiPoint"",""coordinates"":[]}"
20100509,2010-05-09,825.0119566480295,826.7378431788062,823.1688594119167,"{""type"":""MultiPoint"",""coordinates"":[]}"
20100510,2010-05-10,824.99775009767,826.7091816445059,823.2219957514338,"{""type"":""MultiPoint"",""coordinates"":[]}"
20100511,2010-05-11,825.0108519687604,826.6754426103466,823.3619920378181,"{""type"":""MultiPoint"",""coordinates"":[]}"
20100512,2010-05-12,825.2802177364885,826.8856695629617,823.5520820813413,"{""type"":""MultiPoint"",""coordinates"":[]}"
20100513,2010-05-13,825.4132737256155,827.0770745606437,823.6292521383557,"{""type"":""MultiPoint"",""coordinates"":[]}"
20100514,2010-05-14,824.6909277416237,826.4196248093378,822.7100951503044,"{""type"":""MultiPoint"",""coordinates"":[]}"
20100515,2010-05-15,824.967615039236,826.8871706913807,823.0372792595392,"{""type"":""MultiPoint"",""coordinates"":[]}"
20100516,2010-05-16,825.6366230938334,827.2741737906802,823.6494120488766,"{""type"":""MultiPoint"",""coordinates"":[]}"
20100517,2010-05-17,826.6286667524281,828.1756432912615,824.6943839146932,"{""type"":""MultiPoint"",""coordinates"":[]}"
20100518,2010-05-18,826.7068777760329,828.4131334398752,824.7536686588571,"{""type"":""MultiPoint"",""coordinates"":[]}"
20100519,2010-05-19,825.5407330015115,827.4414524513144,823.5681239575595,"{""type"":""MultiPoint"",""coordinates"":[]}"
20100520,2010-05-20,825.2436896996658,826.9729696166842,823.2989677576115,"{""type"":""MultiPoint"",""coordinates"":[]}"
20100521,2010-05-21,826.4966172044487,828.1731312347395,824.6563692730354,"{""type"":""MultiPoint"",""coordinates"":[]}"
20100522,2010-05-22,826.4888148285403,828.1673639461825,824.555066176979,"{""type"":""MultiPoint"",""coordinates"":[]}"
20100523,2010-05-23,825.2999179040671,827.4218923917787,823.2162263680729,"{""type"":""MultiPoint"",""coordinates"":[]}"
20100524,2010-05-24,823.7625479148792,825.8464589627122,821.6592207205163,"{""type"":""MultiPoint"",""coordinates"":[]}"
20100525,2010-05-25,823.1433891419465,825.0132477964792,821.0630244187205,"{""type"":""MultiPoint"",""coordinates"":[]}"
20100526,2010-05-26,823.7155101001924,825.358827478699,821.762375023128,"{""type"":""MultiPoint"",""coordinates"":[]}"
20100527,2010-05-27,824.1941762262156,825.8341512405988,822.2252906061071,"{""type"":""MultiPoint"",""coordinates"":[]}"
20100528,2010-05-28,825.5500653948247,827.1265323929019,823.6401203800458,"{""type"":""MultiPoint"",""coordinates"":[]}"
20100529,2010-05-29,825.7974227273417,827.5037401636896,823.9813803529123,"{""type"":""MultiPoint"",""coordinates"":[]}"
20100530,2010-05-30,825.9385893766467,827.5622797860082,824.070670132995,"{""type"":""MultiPoint"",""coordinates"":[]}"
20100531,2010-05-31,826.5560152576336,828.0325345899929,824.8453559269315,"{""type"":""MultiPoint"",""coordinates"":[]}"
20100601,2010-06-01,827.2639852314298,828.804348569897,825.4700884897857,"{""type"":""MultiPoint"",""coordinates"":[]}"
20100602,2010-06-02,828.0789323344767,829.3998318814911,826.3722059822786,"{""type"":""MultiPoint"",""coordinates"":[]}"
20100603,2010-06-03,828.0099872126755,829.5547114230637,826.0699091768483,"{""type"":""MultiPoint"",""coordinates"":[]}"
20100604,2010-06-04,827.0127469539291,828.8557865042798,825.0456171568544,"{""type"":""MultiPoint"",""coordinates"":[]}"
20100605,2010-06-05,824.7002680119057,826.6282668351328,822.8614271962705,"{""type"":""MultiPoint"",""coordinates"":[]}"
20100606,2010-06-06,824.1975594002562,825.8666966304012,822.1115974766327,"{""type"":""MultiPoint"",""coordinates"":[]}"
20100607,2010-06-07,825.389836805267,826.9240493795553,823.4223958095474,"{""type"":""MultiPoint"",""coordinates"":[]}"
20100608,2010-06-08,825.853167554059,827.3277266770202,824.2324403285543,"{""type"":""MultiPoint"",""coordinates"":[]}"
20100609,2010-06-09,825.9800180093097,827.3574385766311,824.1987296319799,"{""type"":""MultiPoint"",""coordinates"":[]}"
20100610,2010-06-10,826.1465573396729,827.6256106875186,824.3729206600045,"{""type"":""MultiPoint"",""coordinates"":[]}"
20100611,2010-06-11,825.8100912563721,827.3804794212301,823.8715824093017,"{""type"":""MultiPoint"",""coordinates"":[]}"
20100612,2010-06-12,825.30924328173,826.8579410072568,823.5098830374308,"{""type"":""MultiPoint"",""coordinates"":[]}"
20100613,2010-06-13,825.1059937201163,826.5669924648272,823.3288905737534,"{""type"":""MultiPoint"",""coordinates"":[]}"
20100614,2010-06-14,825.2241965159798,826.7046761858869,823.4286543315533,"{""type"":""MultiPoint"",""coordinates"":[]}"
20100615,2010-06-15,825.2823043052402,826.6863515363406,823.4128925990472,"{""type"":""MultiPoint"",""coordinates"":[]}"
20100616,2010-06-16,825.2002518275449,826.4940919619735,823.4898860504737,"{""type"":""MultiPoint"",""coordinates"":[]}"
20100617,2010-06-17,825.5246664415571,827.1328982457829,823.6363819819378,"{""type"":""MultiPoint"",""coordinates"":[]}"
20100618,2010-06-18,826.4411596213531,827.9435116840011,824.5308618984207,"{""type"":""MultiPoint"",""coordinates"":[]}"
20100619,2010-06-19,826.8909671668074,828.3428460954676,825.1545617464999,"{""type"":""MultiPoint"",""coordinates"":[]}"
20100620,2010-06-20,826.8529783298634,828.2768480121443,825.2148867091465,"{""type"":""MultiPoint"",""coordinates"":[]}"
20100621,2010-06-21,825.5250591436826,827.4036025231218,823.6995883682193,"{""type"":""MultiPoint"",""coordinates"":[]}"
20100622,2010-06-22,824.5048148619426,825.8850998425274,822.625355968669,"{""type"":""MultiPoint"",""coordinates"":[]}"
20100623,2010-06-23,824.2144491619385,825.7628916095604,822.3295673519148,"{""type"":""MultiPoint"",""coordinates"":[]}"
20100624,2010-06-24,823.0991146630745,824.5705193156277,821.353621349157,"{""type"":""MultiPoint"",""coordinates"":[]}"
20100625,2010-06-25,822.9328429664664,824.4495166175294,821.0754929672622,"{""type"":""MultiPoint"",""coordinates"":[]}"
20100626,2010-06-26,823.8427522294868,825.3732889790215,822.0613696723915,"{""type"":""MultiPoint"",""coordinates"":[]}"
20100627,2010-06-27,824.5017940257891,825.9061253813342,822.6587212042236,"{""type"":""MultiPoint"",""coordinates"":[]}"
20100628,2010-06-28,824.2589133992198,825.7178306437978,822.412260370833,"{""type"":""MultiPoint"",""coordinates"":[]}"
20100629,2010-06-29,824.1872289044821,825.5674234276624,822.4288670251414,"{""type"":""MultiPoint"",""coordinates"":[]}"
20100630,2010-06-30,824.1092867366158,825.6027434781168,822.2848563591343,"{""type"":""MultiPoint"",""coordinates"":[]}"
20100701,2010-07-01,824.3754027096804,825.7976152671243,822.6552496162118,"{""type"":""MultiPoint"",""coordinates"":[]}"
20100702,2010-07-02,825.2503796304314,826.635940057995,823.4403633344622,"{""type"":""MultiPoint"",""coordinates"":[]}"
20100703,2010-07-03,826.0966757618891,827.5350818872217,824.3013450608071,"{""type"":""MultiPoint"",""coordinates"":[]}"
20100704,2010-07-04,826.923030057382,828.3701485686034,825.1465158922,"{""type"":""MultiPoint"",""coordinates"":[]}"
20100705,2010-07-05,827.0514647457607,828.5680708741263,825.1716427530291,"{""type"":""MultiPoint"",""coordinates"":[]}"
20100706,2010-07-06,827.232667488905,828.6957836476544,825.5150982904819,"{""type"":""MultiPoint"",""coordinates"":[]}"
20100707,2010-07-07,828.4511658864739,829.8014582246484,826.7587623018696,"{""type"":""MultiPoint"",""coordinates"":[]}"
20100708,2010-07-08,828.723038439933,830.1810817875548,827.0902599598799,"{""type"":""MultiPoint"",""coordinates"":[]}"
20100709,2010-07-09,827.0003193498442,828.4737771222466,825.1470303813744,"{""type"":""MultiPoint"",""coordinates"":[]}"
20100710,2010-07-10,826.135204424306,827.5329939165646,824.3791882931632,"{""type"":""MultiPoint"",""coordinates"":[]}"
20100711,2010-07-11,825.540376747037,827.007588617022,823.7789708635268,"{""type"":""MultiPoint"",""coordinates"":[]}"
20100712,2010-07-12,825.3149104299363,826.8315930675416,823.6027799922654,"{""type"":""MultiPoint"",""coordinates"":[]}"
20100713,2010-07-13,826.2743297346357,827.7345842242605,824.4584568665988,"{""type"":""MultiPoint"",""coordinates"":[]}"
20100714,2010-07-14,826.9902672206005,828.5413386373758,825.1282914361053,"{""type"":""MultiPoint"",""coordinates"":[]}"
20100715,2010-07-15,826.5758952982529,828.082755778585,824.884889597117,"{""type"":""MultiPoint"",""coordinates"":[]}"
20100716,2010-07-16,825.9649429339033,827.3547950651962,824.249400404992,"{""type"":""MultiPoint"",""coordinates"":[]}"
20100717,2010-07-17,826.4833241477015,827.9361691291892,824.7170538004059,"{""type"":""MultiPoint"",""coordinates"":[]}"
20100718,2010-07-18,825.7614239743957,827.4106351184148,823.9455326718102,"{""type"":""MultiPoint"",""coordinates"":[]}"
20100719,2010-07-19,824.3562015093286,825.860283146558,822.6833154302199,"{""type"":""MultiPoint"",""coordinates"":[]}"
20100720,2010-07-20,824.5825338489592,825.9466725268949,823.0490224812384,"{""type"":""MultiPoint"",""coordinates"":[]}"
20100721,2010-07-21,824.926383228145,826.4001948399149,823.206412780647,"{""type"":""MultiPoint"",""coordinates"":[]}"
20100722,2010-07-22,825.303927332872,826.7249941520045,823.5790528059484,"{""type"":""MultiPoint"",""coordinates"":[]}"
20100723,2010-07-23,824.5029439289433,826.2542051020697,822.5070105850343,"{""type"":""MultiPoint"",""coordinates"":[]}"
20100724,2010-07-24,823.4989175593008,825.10013074988,821.6361022192083,"{""type"":""MultiPoint"",""coordinates"":[]}"
20100725,2010-07-25,822.993094391542,824.5649273065109,821.1257700619781,"{""type"":""MultiPoint"",""coordinates"":[]}"
20100726,2010-07-26,824.5697906056954,826.2902952464842,822.7581153070807,"{""type"":""MultiPoint"",""coordinates"":[]}"
20100727,2010-07-27,826.03363940986,827.6347714306967,824.2608380015743,"{""type"":""MultiPoint"",""coordinates"":[]}"
20100728,2010-07-28,826.0242737849132,827.45132597762,824.2389500758269,"{""type"":""MultiPoint"",""coordinates"":[]}"
20100729,2010-07-29,825.679773243849,827.1336738007951,823.8198751462961,"{""type"":""MultiPoint"",""coordinates"":[]}"
20100730,2010-07-30,826.1439461147954,827.6366717978889,824.3148464153314,"{""type"":""MultiPoint"",""coordinates"":[]}"
20100731,2010-07-31,826.7527777746303,828.2578150469593,825.0463266233899,"{""type"":""MultiPoint"",""coordinates"":[]}"
20100801,2010-08-01,827.0612253477307,828.5042337215538,825.2717679959648,"{""type"":""MultiPoint"",""coordinates"":[]}"
20100802,2010-08-02,826.3130098160987,827.9664937955439,824.3405695484681,"{""type"":""MultiPoint"",""coordinates"":[]}"
20100803,2010-08-03,825.3266349381929,826.8940115869638,823.4095169053816,"{""type"":""MultiPoint"",""coordinates"":[]}"
20100804,2010-08-04,825.6727268251509,827.3018067454033,823.8731064230367,"{""type"":""MultiPoint"",""coordinates"":[]}"
20100805,2010-08-05,827.7462402123163,829.2332628413459,825.8882372241376,"{""type"":""MultiPoint"",""coordinates"":[]}"
20100806,2010-08-06,828.6741089839737,830.1528303534033,827.0616425268057,"{""type"":""MultiPoint"",""coordinates"":[]}"
20100807,2010-08-07,827.479871493264,829.2444663121308,825.6656111437911,"{""type"":""MultiPoint"",""coordinates"":[]}"
20100808,2010-08-08,826.5050693145273,828.0438216479258,824.801434231029,"{""type"":""MultiPoint"",""coordinates"":[]}"
20100809,2010-08-09,826.2286260669014,827.6472588139993,824.44933212474,"{""type"":""MultiPoint"",""coordinates"":[]}"
20100810,2010-08-10,826.8338100719878,828.1723987174793,824.9641824021616,"{""type"":""MultiPoint"",""coordinates"":[]}"
20100811,2010-08-11,827.4158472219933,828.7764146090298,825.4974665744868,"{""type"":""MultiPoint"",""coordinates"":[]}"
20100812,2010-08-12,827.3912008563041,828.6855287590904,825.5521278718508,"{""type"":""MultiPoint"",""coordinates"":[]}"
20100813,2010-08-13,827.3089378084976,828.6865449488479,825.5997645827757,"{""type"":""MultiPoint"",""coordinates"":[]}"
20100814,2010-08-14,827.307917556281,828.7167467447927,825.4180757071877,"{""type"":""MultiPoint"",""coordinates"":[]}"
20100815,2010-08-15,828.2914660210813,829.8269487122095,826.2862323662132,"{""type"":""MultiPoint"",""coordinates"":[]}"
20100816,2010-08-16,828.0307483042963,829.7988905137568,826.2921437629217,"{""type"":""MultiPoint"",""coordinates"":[]}"
20100817,2010-08-17,826.2227750590739,827.7193691242732,824.3137766123757,"{""type"":""MultiPoint"",""coordinates"":[]}"
20100818,2010-08-18,826.6474514484751,828.1127649158241,824.7740834866798,"{""type"":""MultiPoint"",""coordinates"":[]}"
20100819,2010-08-19,828.6509910387903,830.4334644935044,826.5025352933034,"{""type"":""MultiPoint"",""coordinates"":[]}"
20100820,2010-08-20,829.5331907133074,831.1768220114822,827.7599733058369,"{""type"":""MultiPoint"",""coordinates"":[]}"
20100821,2010-08-21,827.8444821747706,829.621190955725,825.9803449395748,"{""type"":""MultiPoint"",""coordinates"":[]}"
20100822,2010-08-22,827.0665555921613,828.5816763309766,825.4181885604229,"{""type"":""MultiPoint"",""coordinates"":[]}"
20100823,2010-08-23,826.2491083360748,827.9278395421159,824.3868268549586,"{""type"":""MultiPoint"",""coordinates"":[]}"
20100824,2010-08-24,825.6514446609253,827.0383640899543,823.7303232302257,"{""type"":""MultiPoint"",""coordinates"":[]}"
20100825,2010-08-25,826.7718511169504,828.2738233502192,824.7410209574083,"{""type"":""MultiPoint"",""coordinates"":[]}"
20100826,2010-08-26,827.5674312000621,828.9094841530128,825.7633484459398,"{""type"":""MultiPoint"",""coordinates"":[]}"
20100827,2010-08-27,827.2664762369764,828.7966470227061,825.3752718655766,"{""type"":""MultiPoint"",""coordinates"":[]}"
20100828,2010-08-28,827.0528288461841,828.5014215967798,825.2400426819747,"{""type"":""MultiPoint"",""coordinates"":[]}"
20100829,2010-08-29,826.798878557328,828.5843623495067,824.9041932220733,"{""type"":""MultiPoint"",""coordinates"":[]}"
20100830,2010-08-30,826.0764546569814,827.4511038214524,824.2959737992869,"{""type"":""MultiPoint"",""coordinates"":[]}"
20100831,2010-08-31,826.5234953042334,827.9601491555982,824.7461878134629,"{""type"":""MultiPoint"",""coordinates"":[]}"
20100901,2010-09-01,828.0715316148439,829.4524072604521,826.2581059865948,"{""type"":""MultiPoint"",""coordinates"":[]}"
20100902,2010-09-02,828.2836420819643,829.796437900942,826.464831125943,"{""type"":""MultiPoint"",""coordinates"":[]}"
20100903,2010-09-03,826.8508422456434,828.6006145283815,824.9451774302422,"{""type"":""MultiPoint"",""coordinates"":[]}"
20100904,2010-09-04,826.265143864053,827.7449232307839,824.2293669080586,"{""type"":""MultiPoint"",""coordinates"":[]}"
20100905,2010-09-05,827.2888138111766,828.8125512749633,825.4285608350721,"{""type"":""MultiPoint"",""coordinates"":[]}"
20100906,2010-09-06,827.0016432750597,828.7440819053202,825.0504809767242,"{""type"":""MultiPoint"",""coordinates"":[]}"
20100907,2010-09-07,826.2830715470798,827.7873354604993,824.2849594701289,"{""type"":""MultiPoint"",""coordinates"":[]}"
20100908,2010-09-08,827.1889667093458,828.6675632855372,825.3053630198118,"{""type"":""MultiPoint"",""coordinates"":[]}"
20100909,2010-09-09,827.8286343356367,829.3958263515135,826.0957580118584,"{""type"":""MultiPoint"",""coordinates"":[]}"
20100910,2010-09-10,827.1029883730191,828.6807256322961,825.1423259600067,"{""type"":""MultiPoint"",""coordinates"":[]}"
20100911,2010-09-11,827.788565945641,829.3545670471002,825.9961232025281,"{""type"":""MultiPoint"",""coordinates"":[]}"
20100912,2010-09-12,827.8795456231015,829.5171352949602,826.0143963138983,"{""type"":""MultiPoint"",""coordinates"":[]}"
20100913,2010-09-13,826.84821245336,828.7089744526672,824.8161971144187,"{""type"":""MultiPoint"",""coordinates"":[]}"
20100914,2010-09-14,826.7185873606381,828.1029626499613,824.8422670353764,"{""type"":""MultiPoint"",""coordinates"":[]}"
20100915,2010-09-15,826.8465742814403,828.316746812932,824.9804009628194,"{""type"":""MultiPoint"",""coordinates"":[]}"
20100916,2010-09-16,826.9035923075535,828.5655442106737,824.9566118301008,"{""type"":""MultiPoint"",""coordinates"":[]}"
20100917,2010-09-17,826.6710357324314,828.3744245298652,824.6528936057746,"{""type"":""MultiPoint"",""coordinates"":[]}"
20100918,2010-09-18,826.9897662705582,828.4948017523307,825.0089846729235,"{""type"":""MultiPoint"",""coordinates"":[]}"
20100919,2010-09-19,827.9634948786583,829.6900873139391,825.9450155035266,"{""type"":""MultiPoint"",""coordinates"":[]}"
20100920,2010-09-20,829.1574571250422,830.7891118445245,827.2410653596995,"{""type"":""MultiPoint"",""coordinates"":[]}"
20100921,2010-09-21,830.1705314980783,831.713635303433,828.3510159958553,"{""type"":""MultiPoint"",""coordinates"":[]}"
20100922,2010-09-22,829.6793277652482,831.6341635546856,827.6563107471629,"{""type"":""MultiPoint"",""coordinates"":[]}"
20100923,2010-09-23,828.6897999950936,830.5374021801728,826.7459914744873,"{""type"":""MultiPoint"",""coordinates"":[]}"
20100924,2010-09-24,828.4775557998694,829.9110688169347,826.5902928601356,"{""type"":""MultiPoint"",""coordinates"":[]}"
20100925,2010-09-25,829.2831005458173,830.7733534749152,827.4263960445662,"{""type"":""MultiPoint"",""coordinates"":[]}"
20100926,2010-09-26,830.2620353115565,831.7539204508091,828.4572067783312,"{""type"":""MultiPoint"",""coordinates"":[]}"
20100927,2010-09-27,830.4795635772333,832.1112114360491,828.7257796602202,"{""type"":""MultiPoint"",""coordinates"":[]}"
20100928,2010-09-28,830.6970357723432,832.2042811547393,828.9373987200205,"{""type"":""MultiPoint"",""coordinates"":[]}"
20100929,2010-09-29,831.0214766672889,832.5319568450947,829.3249481017656,"{""type"":""MultiPoint"",""coordinates"":[]}"
20100930,2010-09-30,830.5493924117366,832.3107262021682,828.8950913005466,"{""type"":""MultiPoint"",""coordinates"":[]}"
20101001,2010-10-01,830.1575301102653,831.9798303028571,828.461312900039,"{""type"":""MultiPoint"",""coordinates"":[]}"
20101002,2010-10-02,830.2052075099958,831.7653806288498,828.1772063687814,"{""type"":""MultiPoint"",""coordinates"":[]}"
20101003,2010-10-03,830.1690317065035,832.1257808929576,828.336689914592,"{""type"":""MultiPoint"",""coordinates"":[]}"
20101004,2010-10-04,829.5317329958838,831.6629263010224,827.6757010969532,"{""type"":""MultiPoint"",""coordinates"":[]}"
20101005,2010-10-05,828.8867137133141,830.5203738820942,826.9780416827615,"{""type"":""MultiPoint"",""coordinates"":[]}"
20101006,2010-10-06,828.702488804392,830.4980342069985,826.8407144921919,"{""type"":""MultiPoint"",""coordinates"":[]}"
20101007,2010-10-07,827.7135196245973,829.6270055642894,825.9314493271175,"{""type"":""MultiPoint"",""coordinates"":[]}"
20101008,2010-10-08,826.6722620260855,828.8373907853368,824.5026213176369,"{""type"":""MultiPoint"",""coordinates"":[]}"
20101009,2010-10-09,825.2718781571874,826.9500964567532,823.2853861948861,"{""type"":""MultiPoint"",""coordinates"":[]}"
20101010,2010-10-10,825.8840513237916,827.4452150023617,823.917528229259,"{""type"":""MultiPoint"",""coordinates"":[]}"
20101011,2010-10-11,828.4553988102115,829.9039560927077,826.3604679112073,"{""type"":""MultiPoint"",""coordinates"":[]}"
20101012,2010-10-12,830.1959873228482,831.7854845549401,828.5603770988861,"{""type"":""MultiPoint"",""coordinates"":[]}"
20101013,2010-10-13,830.0576437952155,832.0700138596501,828.2207198789692,"{""type"":""MultiPoint"",""coordinates"":[]}"
20101014,2010-10-14,829.3471008834399,831.0195067900172,827.5548044307019,"{""type"":""MultiPoint"",""coordinates"":[]}"
20101015,2010-10-15,829.5024724033253,831.1203973438817,827.8008741743982,"{""type"":""MultiPoint"",""coordinates"":[]}"
20101016,2010-10-16,829.3174912201922,831.0346949557132,827.4526066854834,"{""type"":""MultiPoint"",""coordinates"":[]}"
20101017,2010-10-17,829.8499015806759,831.2532784816791,827.9003455925641,"{""type"":""MultiPoint"",""coordinates"":[]}"
20101018,2010-10-18,830.5668254328716,832.0954718396144,828.704420703206,"{""type"":""MultiPoint"",""coordinates"":[]}"
20101019,2010-10-19,830.8055632023437,832.6425193408916,828.7459961290538,"{""type"":""MultiPoint"",""coordinates"":[]}"
20101020,2010-10-20,829.3581357432729,831.9061878703126,826.9359755516863,"{""type"":""MultiPoint"",""coordinates"":[]}"
20101021,2010-10-21,825.9387927995584,828.762185381025,823.4351725717391,"{""type"":""MultiPoint"",""coordinates"":[]}"
20101022,2010-10-22,824.8953426898587,826.5326802615058,822.817725287524,"{""type"":""MultiPoint"",""coordinates"":[]}"
20101023,2010-10-23,826.4006707331904,827.9989648173495,824.386784661115,"{""type"":""MultiPoint"",""coordinates"":[]}"
20101024,2010-10-24,828.1557036473772,829.6021590632879,826.294728289841,"{""type"":""MultiPoint"",""coordinates"":[]}"
20101025,2010-10-25,829.9019102021288,831.1481845072145,828.1526484912512,"{""type"":""MultiPoint"",""coordinates"":[]}"
20101026,2010-10-26,831.0568479939932,832.407277048944,829.489016250491,"{""type"":""MultiPoint"",""coordinates"":[]}"
20101027,2010-10-27,831.3454247858426,832.9514268508475,829.8296915325535,"{""type"":""MultiPoint"",""coordinates"":[]}"
20101028,2010-10-28,831.8834633252262,833.5041536472124,830.0684874034894,"{""type"":""MultiPoint"",""coordinates"":[]}"
20101029,2010-10-29,832.9451102730849,834.4520323886654,831.1428132143027,"{""type"":""MultiPoint"",""coordinates"":[]}"
20101030,2010-10-30,833.7654876139181,835.4442954170701,831.8196024029922,"{""type"":""MultiPoint"",""coordinates"":[]}"
20101031,2010-10-31,832.6781202642218,835.1695881927163,830.7108450333023,"{""type"":""MultiPoint"",""coordinates"":[]}"
20101101,2010-11-01,831.0511415216579,832.7954031318349,829.2154488821251,"{""type"":""MultiPoint"",""coordinates"":[]}"
20101102,2010-11-02,832.1744414883474,833.498624162076,830.2637088327753,"{""type"":""MultiPoint"",""coordinates"":[]}"
20101103,2010-11-03,833.5953938817349,835.4891927657492,831.7644091596666,"{""type"":""MultiPoint"",""coordinates"":[]}"
20101104,2010-11-04,832.9275190499358,834.8965638047484,831.1943071428319,"{""type"":""MultiPoint"",""coordinates"":[]}"
20101105,2010-11-05,832.0623231126197,834.1586960293729,830.3074250757132,"{""type"":""MultiPoint"",""coordinates"":[]}"
20101106,2010-11-06,831.3694999997462,833.1936640324166,829.6434856247729,"{""type"":""MultiPoint"",""coordinates"":[]}"
20101107,2010-11-07,832.2023974990706,834.0180443887845,830.2806270808067,"{""type"":""MultiPoint"",""coordinates"":[]}"
20101108,2010-11-08,834.1615566294759,835.706550935604,832.1687039168663,"{""type"":""MultiPoint"",""coordinates"":[]}"
20101109,2010-11-09,835.0972576042911,836.8902585142844,833.4223126592938,"{""type"":""MultiPoint"",""coordinates"":[]}"
20101110,2010-11-10,833.6936476578564,836.125576028461,831.5701560092887,"{""type"":""MultiPoint"",""coordinates"":[]}"
20101111,2010-11-11,830.8076966173107,833.6291757583449,828.6000114204264,"{""type"":""MultiPoint"",""coordinates"":[]}"
20101112,2010-11-12,828.3115229719095,830.3154984824071,826.5339477650057,"{""type"":""MultiPoint"",""coordinates"":[]}"
20101113,2010-11-13,829.6778068924817,831.3822062586628,827.4570230817787,"{""type"":""MultiPoint"",""coordinates"":[]}"
20101114,2010-11-14,832.9720786992726,834.282370445904,831.1136084037308,"{""type"":""MultiPoint"",""coordinates"":[]}"
20101115,2010-11-15,832.7905911287372,835.1786161896141,830.8007812923241,"{""type"":""MultiPoint"",""coordinates"":[]}"
20101116,2010-11-16,831.2120096458488,833.1140469774161,829.4641989346122,"{""type"":""MultiPoint"",""coordinates"":[]}"
20101117,2010-11-17,832.0163808750102,833.8241162493641,830.0168750533442,"{""type"":""MultiPoint"",""coordinates"":[]}"
20101118,2010-11-18,831.8937168411824,834.3836890544967,829.6318306418406,"{""type"":""MultiPoint"",""coordinates"":[]}"
20101119,2010-11-19,829.4482331102688,831.8981914753278,827.6034996520647,"{""type"":""MultiPoint"",""coordinates"":[]}"
20101120,2010-11-20,828.0244334809828,829.8122038024688,826.2540026734415,"{""type"":""MultiPoint"",""coordinates"":[]}"
20101121,2010-11-21,827.9815617168466,829.7740957986529,826.1480500560518,"{""type"":""MultiPoint"",""coordinates"":[]}"
20101122,2010-11-22,828.5984793119412,830.3345453319962,826.8701759828025,"{""type"":""MultiPoint"",""coordinates"":[]}"
20101123,2010-11-23,829.6710634928664,831.2356125521704,827.76769637467,"{""type"":""MultiPoint"",""coordinates"":[]}"
20101124,2010-11-24,830.9627879576477,832.4399632919755,829.2605898144805,"{""type"":""MultiPoint"",""coordinates"":[]}"
20101125,2010-11-25,831.1673406594281,833.1302075139314,829.6758074268214,"{""type"":""MultiPoint"",""coordinates"":[]}"
20101126,2010-11-26,829.8541630790093,832.0408482256208,828.1662828812556,"{""type"":""MultiPoint"",""coordinates"":[]}"
20101127,2010-11-27,829.6624314666287,830.9850718714977,827.9041744275356,"{""type"":""MultiPoint"",""coordinates"":[]}"
20101128,2010-11-28,830.6709276028432,832.0922495884084,828.9728279791668,"{""type"":""MultiPoint"",""coordinates"":[]}"
20101129,2010-11-29,831.1820898752791,833.1555914882595,829.6349601698652,"{""type"":""MultiPoint"",""coordinates"":[]}"
20101130,2010-11-30,830.290097268787,832.0934639732544,828.5507377012304,"{""type"":""MultiPoint"",""coordinates"":[]}"
20101201,2010-12-01,830.3122909508508,831.880749045642,828.5663402322778,"{""type"":""MultiPoint"",""coordinates"":[]}"
20101202,2010-12-02,830.9299418475672,832.5612665590601,829.0379160639052,"{""type"":""MultiPoint"",""coordinates"":[]}"
20101203,2010-12-03,831.05004170591,833.3123594929526,829.2389211431729,"{""type"":""MultiPoint"",""coordinates"":[]}"
20101204,2010-12-04,829.6250770177643,831.7859607097396,827.8845254599129,"{""type"":""MultiPoint"",""coordinates"":[]}"
20101205,2010-12-05,829.6860063512136,831.5310647483221,827.8409967253325,"{""type"":""MultiPoint"",""coordinates"":[]}"
20101206,2010-12-06,831.1577661084939,832.715765299267,829.5979192017902,"{""type"":""MultiPoint"",""coordinates"":[]}"
20101207,2010-12-07,830.7673945504964,832.7218824121558,828.939800838557,"{""type"":""MultiPoint"",""coordinates"":[]}"
20101208,2010-12-08,828.9064216188258,831.0064975509688,827.1654247431416,"{""type"":""MultiPoint"",""coordinates"":[]}"
20101209,2010-12-09,827.5212253544788,829.4429791690455,825.8814185172497,"{""type"":""MultiPoint"",""coordinates"":[]}"
20101210,2010-12-10,826.6283369037542,828.480465729406,824.8685488580614,"{""type"":""MultiPoint"",""coordinates"":[]}"
20101211,2010-12-11,825.3025670387781,827.2778847579257,823.5841642285914,"{""type"":""MultiPoint"",""coordinates"":[]}"
20101212,2010-12-12,825.6242357036845,827.2878402554607,823.677243461811,"{""type"":""MultiPoint"",""coordinates"":[]}"
20101213,2010-12-13,828.2840600319304,829.8827434436791,826.1522401600278,"{""type"":""MultiPoint"",""coordinates"":[]}"
20101214,2010-12-14,829.6733850186963,831.6671345715442,827.6585995824843,"{""type"":""MultiPoint"",""coordinates"":[]}"
20101215,2010-12-15,830.9745946097784,833.0613191107568,828.8756394059658,"{""type"":""MultiPoint"",""coordinates"":[]}"
20101216,2010-12-16,830.1325338608374,832.2259990833265,828.4038260081062,"{""type"":""MultiPoint"",""coordinates"":[]}"
20101217,2010-12-17,829.4549649681459,831.3321949341486,828.0274904271531,"{""type"":""MultiPoint"",""coordinates"":[]}"
20101218,2010-12-18,829.5977514053627,831.0638687390464,828.0722794986224,"{""type"":""MultiPoint"",""coordinates"":[]}"
20101219,2010-12-19,831.6963194952591,833.5028095374846,829.570839171453,"{""type"":""MultiPoint"",""coordinates"":[]}"
20101220,2010-12-20,832.3072302077779,834.587279769724,830.3059450203322,"{""type"":""MultiPoint"",""coordinates"":[]}"
20101221,2010-12-21,829.4818489730192,832.1840263150558,826.821556983259,"{""type"":""MultiPoint"",""coordinates"":[]}"
20101222,2010-12-22,826.3296111523,828.4160728108416,824.6286624413574,"{""type"":""MultiPoint"",""coordinates"":[]}"
20101223,2010-12-23,827.4101239430013,829.1370516247919,825.37290219664,"{""type"":""MultiPoint"",""coordinates"":[]}"
20101224,2010-12-24,829.0281249766568,830.8161503044184,827.4326403991228,"{""type"":""MultiPoint"",""coordinates"":[]}"
20101225,2010-12-25,829.1494625887381,830.8641530677429,827.6405705046701,"{""type"":""MultiPoint"",""coordinates"":[]}"
20101226,2010-12-26,829.5298633241622,831.0933462261144,827.8871089340852,"{""type"":""MultiPoint"",""coordinates"":[]}"
20101227,2010-12-27,829.94302523124,831.6882999378323,828.3807915649392,"{""type"":""MultiPoint"",""coordinates"":[]}"
20101228,2010-12-28,830.5950739337741,832.3083624852187,828.8800939851565,"{""type"":""MultiPoint"",""coordinates"":[]}"
20101229,2010-12-29,830.8506943250077,832.7128954135708,828.9202802303621,"{""type"":""MultiPoint"",""coordinates"":[]}"
20101230,2010-12-30,828.816948525775,831.3492977540925,826.6117384522072,"{""type"":""MultiPoint"",""coordinates"":[]}"
20101231,2010-12-31,827.0279033857819,829.3582644282101,824.8390226538252,"{""type"":""MultiPoint"",""coordinates"":[]}"
20110101,2011-01-01,827.1323138754087,829.4512838932048,824.8241650746234,"{""type"":""MultiPoint"",""coordinates"":[]}"
20110102,2011-01-02,828.9714528426309,830.4814016286193,826.8868879388809,"{""type"":""MultiPoint"",""coordinates"":[]}"
20110103,2011-01-03,830.6375935900563,832.129033795969,829.0182454677185,"{""type"":""MultiPoint"",""coordinates"":[]}"
20110104,2011-01-04,829.9511600558365,831.8262526745218,828.2619122274469,"{""type"":""MultiPoint"",""coordinates"":[]}"
20110105,2011-01-05,829.2122213519324,830.5854742388532,827.4541060821446,"{""type"":""MultiPoint"",""coordinates"":[]}"
20110106,2011-01-06,830.399914537926,832.16837382423,828.7306003698776,"{""type"":""MultiPoint"",""coordinates"":[]}"
20110107,2011-01-07,829.1061635634253,831.5887580347777,827.285814524161,"{""type"":""MultiPoint"",""coordinates"":[]}"
20110108,2011-01-08,827.8177905809807,829.8818180288469,826.1242728169859,"{""type"":""MultiPoint"",""coordinates"":[]}"
20110109,2011-01-09,827.9870990769152,829.7039656509195,826.1761255799256,"{""type"":""MultiPoint"",""coordinates"":[]}"
20110110,2011-01-10,828.2325506306233,830.1415483645078,826.2782070597308,"{""type"":""MultiPoint"",""coordinates"":[]}"
20110111,2011-01-11,827.3301480279173,829.2690806569641,825.7342181731149,"{""type"":""MultiPoint"",""coordinates"":[]}"
20110112,2011-01-12,826.9339630469015,828.9880031957065,825.3336688000003,"{""type"":""MultiPoint"",""coordinates"":[]}"
20110113,2011-01-13,827.3217828494512,829.153804825417,825.7214454222828,"{""type"":""MultiPoint"",""coordinates"":[]}"
20110114,2011-01-14,827.7955428601803,829.5496141343158,826.0542210023839,"{""type"":""MultiPoint"",""coordinates"":[]}"
20110115,2011-01-15,828.3819975691147,830.8080545945513,825.6149867975586,"{""type"":""MultiPoint"",""coordinates"":[]}"
20110116,2011-01-16,826.9712787202202,829.38529560854,824.7968276271579,"{""type"":""MultiPoint"",""coordinates"":[]}"
20110117,2011-01-17,826.558756722412,828.4786542534979,824.5191120739598,"{""type"":""MultiPoint"",""coordinates"":[]}"
20110118,2011-01-18,826.0962104631266,828.2463125907632,824.2482390627198,"{""type"":""MultiPoint"",""coordinates"":[]}"
20110119,2011-01-19,827.2950739705176,829.095221168637,825.2142450524343,"{""type"":""MultiPoint"",""coordinates"":[]}"
20110120,2011-01-20,829.215992468715,830.8244483242842,827.5357065402533,"{""type"":""MultiPoint"",""coordinates"":[]}"
20110121,2011-01-21,829.1554782917358,830.9768110002807,827.5723704975279,"{""type"":""MultiPoint"",""coordinates"":[]}"
20110122,2011-01-22,829.879124824052,831.5795876156077,828.125058394675,"{""type"":""MultiPoint"",""coordinates"":[]}"
20110123,2011-01-23,830.7955293523071,832.4778221457763,829.1669640774866,"{""type"":""MultiPoint"",""coordinates"":[]}"
20110124,2011-01-24,830.3242409380672,832.0632965189162,828.7081384118426,"{""type"":""MultiPoint"",""coordinates"":[]}"
20110125,2011-01-25,830.5357636433159,832.1346393932229,828.8060835691541,"{""type"":""MultiPoint"",""coordinates"":[]}"
20110126,2011-01-26,831.8122505557225,833.7377086430362,829.8313373751888,"{""type"":""MultiPoint"",""coordinates"":[]}"
20110127,2011-01-27,832.1160515702221,834.3494179174427,830.1417179417085,"{""type"":""MultiPoint"",""coordinates"":[]}"
20110128,2011-01-28,830.4512028270575,832.8184438582924,828.6103821898096,"{""type"":""MultiPoint"",""coordinates"":[]}"
20110129,2011-01-29,829.5831308591037,831.7363829645889,827.5607574367986,"{""type"":""MultiPoint"",""coordinates"":[]}"
20110130,2011-01-30,830.6480576406343,832.5934732697867,828.4789318171966,"{""type"":""MultiPoint"",""coordinates"":[]}"
20110131,2011-01-31,831.3361730665501,833.10208779634,829.4728714159467,"{""type"":""MultiPoint"",""coordinates"":[]}"
20110201,2011-02-01,831.7188969418198,833.705905904465,829.8376729557366,"{""type"":""MultiPoint"",""coordinates"":[]}"
20110202,2011-02-02,832.1964983382309,834.2445773197815,830.2941986422729,"{""type"":""MultiPoint"",""coordinates"":[]}"
20110203,2011-02-03,832.0157797195278,833.733720001876,830.1966325371942,"{""type"":""MultiPoint"",""coordinates"":[]}"
20110204,2011-02-04,830.8522130129768,833.0526917881748,828.8443600598654,"{""type"":""MultiPoint"",""coordinates"":[]}"
20110205,2011-02-05,829.4581759983649,831.5633690891187,827.6767678622093,"{""type"":""MultiPoint"",""coordinates"":[]}"
20110206,2011-02-06,828.1452847696805,830.5570692358801,826.0386672750709,"{""type"":""MultiPoint"",""coordinates"":[]}"
20110207,2011-02-07,826.4139671016952,829.0006550055342,824.0286854708985,"{""type"":""MultiPoint"",""coordinates"":[]}"
20110208,2011-02-08,825.8977619303195,828.0883621618831,823.734654791262,"{""type"":""MultiPoint"",""coordinates"":[]}"
20110209,2011-02-09,826.5412424745647,828.2927286962292,824.7358746251394,"{""type"":""MultiPoint"",""coordinates"":[]}"
20110210,2011-02-10,828.8013624983065,830.4063985773012,826.6846839176546,"{""type"":""MultiPoint"",""coordinates"":[]}"
20110211,2011-02-11,829.3587808689701,831.1928592638801,827.5321431319649,"{""type"":""MultiPoint"",""coordinates"":[]}"
20110212,2011-02-12,828.2715348301821,830.3817995786529,826.1388664604766,"{""type"":""MultiPoint"",""coordinates"":[]}"
20110213,2011-02-13,826.4339117995065,828.6956165334132,824.5585499108342,"{""type"":""MultiPoint"",""coordinates"":[]}"
20110214,2011-02-14,825.9925189017719,827.7369925594463,824.0987609430565,"{""type"":""MultiPoint"",""coordinates"":[]}"
20110215,2011-02-15,826.8817323191884,828.6307464214866,825.1032474684627,"{""type"":""MultiPoint"",""coordinates"":[]}"
20110216,2011-02-16,827.519748511319,829.5156858471303,825.4777132462438,"{""type"":""MultiPoint"",""coordinates"":[]}"
20110217,2011-02-17,827.6755960641601,829.8389303193259,825.8014172419537,"{""type"":""MultiPoint"",""coordinates"":[]}"
20110218,2011-02-18,827.9378707548188,829.4420746871662,826.0821441383769,"{""type"":""MultiPoint"",""coordinates"":[]}"
20110219,2011-02-19,829.3676996240446,830.8935026672075,827.6434748926243,"{""type"":""MultiPoint"",""coordinates"":[]}"
20110220,2011-02-20,830.206047582402,832.1545559096902,828.1306987878592,"{""type"":""MultiPoint"",""coordinates"":[]}"
20110221,2011-02-21,831.0166559048537,833.0764499074403,828.8898991722843,"{""type"":""MultiPoint"",""coordinates"":[]}"
20110222,2011-02-22,830.6781636019225,832.5773530318091,828.8360754146844,"{""type"":""MultiPoint"",""coordinates"":[]}"
20110223,2011-02-23,830.0088225898089,832.0163746398408,828.1972562799656,"{""type"":""MultiPoint"",""coordinates"":[]}"
20110224,2011-02-24,828.2613672346226,830.6964782335775,826.2296779846724,"{""type"":""MultiPoint"",""coordinates"":[]}"
20110225,2011-02-25,826.5914856924413,828.6726694501342,824.5407230095635,"{""type"":""MultiPoint"",""coordinates"":[]}"
20110226,2011-02-26,827.7670744260989,829.3805294790931,825.6657355025258,"{""type"":""MultiPoint"",""coordinates"":[]}"
20110227,2011-02-27,830.0561120730976,832.0604599503172,827.8305014279512,"{""type"":""MultiPoint"",""coordinates"":[]}"
20110228,2011-02-28,830.5930577327014,832.784878554979,828.594370408749,"{""type"":""MultiPoint"",""coordinates"":[]}"
20110301,2011-03-01,829.4642382618082,831.8907972653448,827.370949627938,"{""type"":""MultiPoint"",""coordinates"":[]}"
20110302,2011-03-02,828.8722738806819,830.9681018501058,826.749563893864,"{""type"":""MultiPoint"",""coordinates"":[]}"
20110303,2011-03-03,828.043545302835,830.1441977102768,826.029140181332,"{""type"":""MultiPoint"",""coordinates"":[]}"
20110304,2011-03-04,827.3513672949745,829.5525447486597,825.448458201007,"{""type"":""MultiPoint"",""coordinates"":[]}"
20110305,2011-03-05,828.7093079536879,830.6358447269239,826.4352124473156,"{""type"":""MultiPoint"",""coordinates"":[]}"
20110306,2011-03-06,831.1487670536126,832.8249458309645,829.2186935390298,"{""type"":""MultiPoint"",""coordinates"":[]}"
20110307,2011-03-07,830.7066622131136,833.2107630992793,828.2939692962111,"{""type"":""MultiPoint"",""coordinates"":[]}"
20110308,2011-03-08,828.5873193571655,830.8693806177062,826.4787183703747,"{""type"":""MultiPoint"",""coordinates"":[]}"
20110309,2011-03-09,828.9760842270413,830.7150970543787,826.8805201217413,"{""type"":""MultiPoint"",""coordinates"":[]}"
20110310,2011-03-10,830.1183087397003,832.0894781184883,828.2537215126199,"{""type"":""MultiPoint"",""coordinates"":[]}"
20110311,2011-03-11,829.4478239544928,831.4043187573577,827.3932861404639,"{""type"":""MultiPoint"",""coordinates"":[]}"
20110312,2011-03-12,829.1588731612419,831.2221760653791,827.0146188479918,"{""type"":""MultiPoint"",""coordinates"":[]}"
20110313,2011-03-13,830.2450280742696,832.317255410737,828.0158229500499,"{""type"":""MultiPoint"",""coordinates"":[]}"
20110314,2011-03-14,830.8229033537885,832.6633962521872,828.579352988257,"{""type"":""MultiPoint"",""coordinates"":[]}"
20110315,2011-03-15,831.0037894810907,832.9616968346702,828.8171799895282,"{""type"":""MultiPoint"",""coordinates"":[]}"
20110316,2011-03-16,829.2277312316279,831.6781709550478,826.7069609439035,"{""type"":""MultiPoint"",""coordinates"":[]}"
20110317,2011-03-17,827.7369827316372,830.5982404581544,825.0698337632078,"{""type"":""MultiPoint"",""coordinates"":[]}"
20110318,2011-03-18,825.2377090295994,828.0295416098354,822.6799091134934,"{""type"":""MultiPoint"",""coordinates"":[]}"
20110319,2011-03-19,823.5208991111482,825.5388566237687,821.3793978181135,"{""type"":""MultiPoint"",""coordinates"":[]}"
20110320,2011-03-20,824.3525805731604,826.4441801965164,821.8783633190612,"{""type"":""MultiPoint"",""coordinates"":[]}"
20110321,2011-03-21,826.7443373729927,828.6010325806137,824.3862829799511,"{""type"":""MultiPoint"",""coordinates"":[]}"
20110322,2011-03-22,827.7615715104124,829.4759701166346,825.8434753275513,"{""type"":""MultiPoint"",""coordinates"":[]}"
20110323,2011-03-23,828.6908610846261,830.6089942754852,826.6389337395505,"{""type"":""MultiPoint"",""coordinates"":[]}"
20110324,2011-03-24,828.9631217177457,830.7847839244877,827.0019487532821,"{""type"":""MultiPoint"",""coordinates"":[]}"
20110325,2011-03-25,829.5211111188008,831.4684037793625,827.4976965550472,"{""type"":""MultiPoint"",""coordinates"":[]}"
20110326,2011-03-26,830.0196791285886,831.8597712785789,828.1056079179722,"{""type"":""MultiPoint"",""coordinates"":[]}"
20110327,2011-03-27,829.3014217367066,831.5911588338342,827.0588178888792,"{""type"":""MultiPoint"",""coordinates"":[]}"
20110328,2011-03-28,828.292253701916,830.123036824044,826.0657933408235,"{""type"":""MultiPoint"",""coordinates"":[]}"
20110329,2011-03-29,828.695666096007,830.6939084057888,826.5251203705637,"{""type"":""MultiPoint"",""coordinates"":[]}"
20110330,2011-03-30,828.5710759413524,830.6442105594894,826.6069917996566,"{""type"":""MultiPoint"",""coordinates"":[]}"
20110331,2011-03-31,828.1943093791372,830.2376352998125,826.3514985182215,"{""type"":""MultiPoint"",""coordinates"":[]}"
20110401,2011-04-01,827.8422189575327,829.6261845608816,826.005947205782,"{""type"":""MultiPoint"",""coordinates"":[]}"
20110402,2011-04-02,828.1401063903513,829.909535238996,826.1917777191115,"{""type"":""MultiPoint"",""coordinates"":[]}"
20110403,2011-04-03,828.218584325703,830.220518177686,826.0835911809415,"{""type"":""MultiPoint"",""coordinates"":[]}"
20110404,2011-04-04,828.0102067475124,830.1758447022056,825.8428182318911,"{""type"":""MultiPoint"",""coordinates"":[]}"
20110405,2011-04-05,829.169759799398,831.0898495548856,827.0698749485796,"{""type"":""MultiPoint"",""coordinates"":[]}"
20110406,2011-04-06,829.1755492202403,830.8931409223192,827.3365425509517,"{""type"":""MultiPoint"",""coordinates"":[]}"
20110407,2011-04-07,829.4748836627932,831.3109734945061,827.4764330693453,"{""type"":""MultiPoint"",""coordinates"":[]}"
20110408,2011-04-08,829.8254780369004,831.9183548725186,827.5894436233381,"{""type"":""MultiPoint"",""coordinates"":[]}"
20110409,2011-04-09,830.7144617807935,832.3835693811195,828.6743459838057,"{""type"":""MultiPoint"",""coordinates"":[]}"
20110410,2011-04-10,831.3111323111148,833.3371855139268,829.3969873522742,"{""type"":""MultiPoint"",""coordinates"":[]}"
20110411,2011-04-11,830.3009279387852,832.4731119834125,828.2726546517274,"{""type"":""MultiPoint"",""coordinates"":[]}"
20110412,2011-04-12,829.6438257300407,831.4639541655537,827.6696439501799,"{""type"":""MultiPoint"",""coordinates"":[]}"
20110413,2011-04-13,829.5601179920388,831.4019261369913,827.5575746709653,"{""type"":""MultiPoint"",""coordinates"":[]}"
20110414,2011-04-14,828.4485687018331,830.5735236675453,826.3755177640659,"{""type"":""MultiPoint"",""coordinates"":[]}"
20110415,2011-04-15,828.213201271398,829.8001772278909,826.1730812719497,"{""type"":""MultiPoint"",""coordinates"":[]}"
20110416,2011-04-16,829.5546859627361,831.3661886242601,827.2952353857952,"{""type"":""MultiPoint"",""coordinates"":[]}"
20110417,2011-04-17,829.2712028272568,831.5042472874353,827.0603687946985,"{""type"":""MultiPoint"",""coordinates"":[]}"
20110418,2011-04-18,827.4675252051522,829.6285075727653,825.3442514876776,"{""type"":""MultiPoint"",""coordinates"":[]}"
20110419,2011-04-19,827.3123313273281,828.998924037116,825.3082251629978,"{""type"":""MultiPoint"",""coordinates"":[]}"
20110420,2011-04-20,827.7296267489252,829.3236262802616,825.824132350034,"{""type"":""MultiPoint"",""coordinates"":[]}"
20110421,2011-04-21,828.5685613764483,830.1326005841105,826.627302747809,"{""type"":""MultiPoint"",""coordinates"":[]}"
20110422,2011-04-22,828.802236186499,830.5110284407996,826.8836608909052,"{""type"":""MultiPoint"",""coordinates"":[]}"
20110423,2011-04-23,828.6682932867649,830.3329559900216,826.745385161649,"{""type"":""MultiPoint"",""coordinates"":[]}"
20110424,2011-04-24,828.8198496810492,830.2701618970405,826.9769191574388,"{""type"":""MultiPoint"",""coordinates"":[]}"
20110425,2011-04-25,829.2706874665307,830.8553211850722,827.2735310915456,"{""type"":""MultiPoint"",""coordinates"":[]}"
20110426,2011-04-26,829.8933759167927,831.6940962813118,828.0999471625036,"{""type"":""MultiPoint"",""coordinates"":[]}"
20110427,2011-04-27,828.4013700291177,830.854845407261,826.2106310805283,"{""type"":""MultiPoint"",""coordinates"":[]}"
20110428,2011-04-28,826.6738633823451,828.5128247741893,824.6245321470223,"{""type"":""MultiPoint"",""coordinates"":[]}"
20110429,2011-04-29,826.8553656963022,828.4427232164163,824.7596356185218,"{""type"":""MultiPoint"",""coordinates"":[]}"
20110430,2011-04-30,827.9552277829406,829.622890343488,825.8987336447944,"{""type"":""MultiPoint"",""coordinates"":[]}"
20110501,2011-05-01,828.1367703352583,829.9833244165844,826.0269723934765,"{""type"":""MultiPoint"",""coordinates"":[]}"
20110502,2011-05-02,827.0992712471198,828.8379918097611,825.0860616995211,"{""type"":""MultiPoint"",""coordinates"":[]}"
20110503,2011-05-03,827.1246586568786,828.8278043569469,825.1547960773951,"{""type"":""MultiPoint"",""coordinates"":[]}"
20110504,2011-05-04,827.7075294898673,829.2682788232318,825.9166174852669,"{""type"":""MultiPoint"",""coordinates"":[]}"
20110505,2011-05-05,827.3698442977176,828.9888011354316,825.4059030594423,"{""type"":""MultiPoint"",""coordinates"":[]}"
20110506,2011-05-06,826.820514487799,828.7246267341054,824.7679246027404,"{""type"":""MultiPoint"",""coordinates"":[]}"
20110507,2011-05-07,825.7255674489436,827.7816362580987,823.6537911398001,"{""type"":""MultiPoint"",""coordinates"":[]}"
20110508,2011-05-08,824.7111043305964,826.5132744688515,822.628554438607,"{""type"":""MultiPoint"",""coordinates"":[]}"
20110509,2011-05-09,825.3039667431959,826.8989240074269,823.3540761615924,"{""type"":""MultiPoint"",""coordinates"":[]}"
20110510,2011-05-10,825.7544309427825,827.4553789184437,823.9142288404763,"{""type"":""MultiPoint"",""coordinates"":[]}"
20110511,2011-05-11,826.2142636726294,827.7433280659047,824.4754081156133,"{""type"":""MultiPoint"",""coordinates"":[]}"
20110512,2011-05-12,826.4232898942564,827.9829206287997,824.5134969687532,"{""type"":""MultiPoint"",""coordinates"":[]}"
20110513,2011-05-13,827.2024525175748,828.8372387988323,825.4030064170295,"{""type"":""MultiPoint"",""coordinates"":[]}"
20110514,2011-05-14,827.8893098344819,829.7266962676518,825.7222724203087,"{""type"":""MultiPoint"",""coordinates"":[]}"
20110515,2011-05-15,830.2310301849845,831.7454556578131,828.1672707196764,"{""type"":""MultiPoint"",""coordinates"":[]}"
20110516,2011-05-16,831.9055253928655,833.4152361898804,830.1341297405372,"{""type"":""MultiPoint"",""coordinates"":[]}"
20110517,2011-05-17,830.583056000275,832.6919821214714,828.5032713503507,"{""type"":""MultiPoint"",""coordinates"":[]}"
20110518,2011-05-18,828.3911829061445,830.6175039546943,826.215335651362,"{""type"":""MultiPoint"",""coordinates"":[]}"
20110519,2011-05-19,826.1141239823442,828.3812241382631,823.882058044601,"{""type"":""MultiPoint"",""coordinates"":[]}"
20110520,2011-05-20,824.0187474367416,825.8191439093642,822.0205753513047,"{""type"":""MultiPoint"",""coordinates"":[]}"
20110521,2011-05-21,823.8948147724748,825.4830207752566,822.0578427618624,"{""type"":""MultiPoint"",""coordinates"":[]}"
20110522,2011-05-22,825.5016015631192,827.1677519746893,823.5284098951527,"{""type"":""MultiPoint"",""coordinates"":[]}"
20110523,2011-05-23,826.597057056609,828.3471640255582,824.8035295475951,"{""type"":""MultiPoint"",""coordinates"":[]}"
20110524,2011-05-24,826.7770762112872,828.2413209125468,825.0434627678562,"{""type"":""MultiPoint"",""coordinates"":[]}"
20110525,2011-05-25,827.1079668264831,828.5817538300046,825.1746491774084,"{""type"":""MultiPoint"",""coordinates"":[]}"
20110526,2011-05-26,827.6481366811969,829.2717641326232,825.7339379696537,"{""type"":""MultiPoint"",""coordinates"":[]}"
20110527,2011-05-27,827.0876215992024,828.8320703077349,825.184732092913,"{""type"":""MultiPoint"",""coordinates"":[]}"
20110528,2011-05-28,827.1079998921622,828.8255338035912,825.2791125535663,"{""type"":""MultiPoint"",""coordinates"":[]}"
20110529,2011-05-29,827.2254423723723,828.6647050323794,825.4938195840913,"{""type"":""MultiPoint"",""coordinates"":[]}"
20110530,2011-05-30,826.0262008983807,827.8642948661198,823.9789922978407,"{""type"":""MultiPoint"",""coordinates"":[]}"
20110531,2011-05-31,823.9656981566802,825.7678055395053,821.9928527821147,"{""type"":""MultiPoint"",""coordinates"":[]}"
20110601,2011-06-01,824.5857638443191,826.4161564241227,822.4389709984457,"{""type"":""MultiPoint"",""coordinates"":[]}"
20110602,2011-06-02,826.2817939129287,827.8537172072154,824.1695474993815,"{""type"":""MultiPoint"",""coordinates"":[]}"
20110603,2011-06-03,826.648889635081,828.3381235512993,824.7719467134663,"{""type"":""MultiPoint"",""coordinates"":[]}"
20110604,2011-06-04,825.849938195605,827.5455891230488,823.9379839723268,"{""type"":""MultiPoint"",""coordinates"":[]}"
20110605,2011-06-05,826.1649945494805,827.623748854177,824.2957419328999,"{""type"":""MultiPoint"",""coordinates"":[]}"
20110606,2011-06-06,826.455954412392,828.0568292270674,824.6123844036738,"{""type"":""MultiPoint"",""coordinates"":[]}"
20110607,2011-06-07,825.3312865004717,826.9841670274841,823.5186801411922,"{""type"":""MultiPoint"",""coordinates"":[]}"
20110608,2011-06-08,824.6019236507002,826.2332012357516,822.7395545629577,"{""type"":""MultiPoint"",""coordinates"":[]}"
20110609,2011-06-09,823.7685484303694,825.2057625711101,822.0453423241844,"{""type"":""MultiPoint"",""coordinates"":[]}"
20110610,2011-06-10,823.3481320965266,824.7850689249577,821.7840766588752,"{""type"":""MultiPoint"",""coordinates"":[]}"
20110611,2011-06-11,823.8333298853298,825.1990658766888,822.117528527744,"{""type"":""MultiPoint"",""coordinates"":[]}"
20110612,2011-06-12,824.9048143268794,826.3034896395025,823.1454803692787,"{""type"":""MultiPoint"",""coordinates"":[]}"
20110613,2011-06-13,825.2781803798734,826.8492613297755,823.4487431805456,"{""type"":""MultiPoint"",""coordinates"":[]}"
20110614,2011-06-14,824.5150470964269,826.2030191487713,822.6361036051113,"{""type"":""MultiPoint"",""coordinates"":[]}"
20110615,2011-06-15,824.0654481978922,825.5741276776498,822.2382906355972,"{""type"":""MultiPoint"",""coordinates"":[]}"
20110616,2011-06-16,823.3693839307477,824.9645555777005,821.6061822161201,"{""type"":""MultiPoint"",""coordinates"":[]}"
20110617,2011-06-17,822.7000589564834,824.1981518153148,820.8629906037127,"{""type"":""MultiPoint"",""coordinates"":[]}"
20110618,2011-06-18,822.8386836711665,824.1582702354425,821.2889701542974,"{""type"":""MultiPoint"",""coordinates"":[]}"
20110619,2011-06-19,822.607104658982,823.9892149650796,820.8301168794213,"{""type"":""MultiPoint"",""coordinates"":[]}"
20110620,2011-06-20,823.976407529163,825.5044400916421,822.2511136538337,"{""type"":""MultiPoint"",""coordinates"":[]}"
20110621,2011-06-21,824.4658096616492,825.9255161063562,822.81075982873,"{""type"":""MultiPoint"",""coordinates"":[]}"
20110622,2011-06-22,823.9048905894878,825.2459908748265,822.2984991995713,"{""type"":""MultiPoint"",""coordinates"":[]}"
20110623,2011-06-23,823.5669350441349,824.9053977804012,822.0117798563969,"{""type"":""MultiPoint"",""coordinates"":[]}"
20110624,2011-06-24,823.4898548065265,824.7015995895174,822.0479842725691,"{""type"":""MultiPoint"",""coordinates"":[]}"
20110625,2011-06-25,823.2540222719023,824.5807378818592,821.7428992147647,"{""type"":""MultiPoint"",""coordinates"":[]}"
20110626,2011-06-26,823.5645415959485,824.9048397839247,821.9979373173072,"{""type"":""MultiPoint"",""coordinates"":[]}"
20110627,2011-06-27,823.2364798894266,824.6225186406595,821.7095092843913,"{""type"":""MultiPoint"",""coordinates"":[]}"
20110628,2011-06-28,822.928743071463,824.336549968928,821.3344797749268,"{""type"":""MultiPoint"",""coordinates"":[]}"
20110629,2011-06-29,823.7335889979405,825.2330653493433,822.2156611924478,"{""type"":""MultiPoint"",""coordinates"":[]}"
20110630,2011-06-30,823.7487738763913,825.0918064369876,822.0967854443566,"{""type"":""MultiPoint"",""coordinates"":[]}"
20110701,2011-07-01,823.7696088844033,825.1254442845004,822.0450491813584,"{""type"":""MultiPoint"",""coordinates"":[]}"
20110702,2011-07-02,824.0004483307556,825.4086449026945,822.3193377237219,"{""type"":""MultiPoint"",""coordinates"":[]}"
20110703,2011-07-03,825.2722509708519,827.0708367851157,823.4124321713558,"{""type"":""MultiPoint"",""coordinates"":[]}"
20110704,2011-07-04,827.0742197284667,828.4778246714864,825.463429304963,"{""type"":""MultiPoint"",""coordinates"":[]}"
20110705,2011-07-05,827.0088154890472,828.4253330125616,825.2737368564887,"{""type"":""MultiPoint"",""coordinates"":[]}"
20110706,2011-07-06,826.395290632328,828.0056015409134,824.6111081163443,"{""type"":""MultiPoint"",""coordinates"":[]}"
20110707,2011-07-07,826.67691992288,828.1726372617208,824.9444923283054,"{""type"":""MultiPoint"",""coordinates"":[]}"
20110708,2011-07-08,827.4600140267289,828.9267473661665,825.8206996650806,"{""type"":""MultiPoint"",""coordinates"":[]}"
20110709,2011-07-09,826.3325171610818,827.8700368963534,824.6209805221353,"{""type"":""MultiPoint"",""coordinates"":[]}"
20110710,2011-07-10,825.5386739349619,826.8988892616452,823.8551645497355,"{""type"":""MultiPoint"",""coordinates"":[]}"
20110711,2011-07-11,824.7691747585224,826.2608354983425,822.9835672316893,"{""type"":""MultiPoint"",""coordinates"":[]}"
20110712,2011-07-12,824.5082535110815,825.9444666743872,822.7717085051837,"{""type"":""MultiPoint"",""coordinates"":[]}"
20110713,2011-07-13,824.589055056,825.9476861157808,823.0442685420675,"{""type"":""MultiPoint"",""coordinates"":[]}"
20110714,2011-07-14,824.1351422596135,825.6464519853865,822.5713318159394,"{""type"":""MultiPoint"",""coordinates"":[]}"
20110715,2011-07-15,823.6540406917053,825.0679103054052,821.9595224307282,"{""type"":""MultiPoint"",""coordinates"":[]}"
20110716,2011-07-16,823.3861159615287,824.7673831181015,821.8478579181846,"{""type"":""MultiPoint"",""coordinates"":[]}"
20110717,2011-07-17,823.2328371641022,824.5999070263437,821.657039778346,"{""type"":""MultiPoint"",""coordinates"":[]}"
20110718,2011-07-18,823.3502261938647,824.7065419568085,821.748483217164,"{""type"":""MultiPoint"",""coordinates"":[]}"
20110719,2011-07-19,822.7617975700023,824.1212316911782,821.2032003122432,"{""type"":""MultiPoint"",""coordinates"":[]}"
20110720,2011-07-20,822.5192024855643,823.8143176233958,821.0524476411262,"{""type"":""MultiPoint"",""coordinates"":[]}"
20110721,2011-07-21,823.1464391804905,824.5002069105215,821.6538519220422,"{""type"":""MultiPoint"",""coordinates"":[]}"
20110722,2011-07-22,823.8225207724897,825.3999778311361,822.2310598772718,"{""type"":""MultiPoint"",""coordinates"":[]}"
20110723,2011-07-23,824.598395021281,825.8268782650462,823.0733205082312,"{""type"":""MultiPoint"",""coordinates"":[]}"
20110724,2011-07-24,826.3732861192108,827.7063083506569,824.7268190281907,"{""type"":""MultiPoint"",""coordinates"":[]}"
20110725,2011-07-25,828.1873796642539,829.58631154527,826.6013389567115,"{""type"":""MultiPoint"",""coordinates"":[]}"
20110726,2011-07-26,828.041372374541,829.7062973627548,826.2588451689547,"{""type"":""MultiPoint"",""coordinates"":[]}"
20110727,2011-07-27,826.5936220381989,828.1546183778687,824.7702007203395,"{""type"":""MultiPoint"",""coordinates"":[]}"
20110728,2011-07-28,825.8439025007106,827.306412991877,823.9284867883646,"{""type"":""MultiPoint"",""coordinates"":[]}"
20110729,2011-07-29,825.5563811287449,826.9469908379099,823.8130417545965,"{""type"":""MultiPoint"",""coordinates"":[]}"
20110730,2011-07-30,824.519927088902,826.1023778727158,822.6134209684993,"{""type"":""MultiPoint"",""coordinates"":[]}"
20110731,2011-07-31,823.9332029850704,825.3721261446441,822.1762940382474,"{""type"":""MultiPoint"",""coordinates"":[]}"
20110801,2011-08-01,823.905276127887,825.3242259984629,822.0613750700799,"{""type"":""MultiPoint"",""coordinates"":[]}"
20110802,2011-08-02,824.5434249012802,826.1417744701506,822.7291382754363,"{""type"":""MultiPoint"",""coordinates"":[]}"
20110803,2011-08-03,825.1025727538337,826.4762106538708,823.4170784838178,"{""type"":""MultiPoint"",""coordinates"":[]}"
20110804,2011-08-04,825.267130661264,826.4670073818031,823.8521078464162,"{""type"":""MultiPoint"",""coordinates"":[]}"
20110805,2011-08-05,824.8066621791687,826.2101297462173,823.2780781258879,"{""type"":""MultiPoint"",""coordinates"":[]}"
20110806,2011-08-06,824.3230859873042,825.5350521084007,822.891993298644,"{""type"":""MultiPoint"",""coordinates"":[]}"
20110807,2011-08-07,824.3309399601835,825.6199997024813,822.7872667578986,"{""type"":""MultiPoint"",""coordinates"":[]}"
20110808,2011-08-08,824.7529083317974,826.1045052326278,823.1802303916377,"{""type"":""MultiPoint"",""coordinates"":[]}"
20110809,2011-08-09,825.1185075400039,826.3626619596017,823.612043371908,"{""type"":""MultiPoint"",""coordinates"":[]}"
20110810,2011-08-10,825.264783934683,826.6209534201399,823.6486418779335,"{""type"":""MultiPoint"",""coordinates"":[]}"
20110811,2011-08-11,824.5714180235964,826.2448801362831,822.6720068512093,"{""type"":""MultiPoint"",""coordinates"":[]}"
20110812,2011-08-12,823.617180750208,824.9510679988881,821.899399017391,"{""type"":""MultiPoint"",""coordinates"":[]}"
20110813,2011-08-13,824.9229349846335,826.6133202754306,823.0417386823987,"{""type"":""MultiPoint"",""coordinates"":[]}"
20110814,2011-08-14,827.1191644821255,828.6956043032117,825.3030346814546,"{""type"":""MultiPoint"",""coordinates"":[]}"
20110815,2011-08-15,826.8716621714325,828.3944125620463,824.9864434348442,"{""type"":""MultiPoint"",""coordinates"":[]}"
20110816,2011-08-16,825.9522089300184,827.405269988223,824.1518829051649,"{""type"":""MultiPoint"",""coordinates"":[]}"
20110817,2011-08-17,826.0616236723635,827.3523326521257,824.3115617151191,"{""type"":""MultiPoint"",""coordinates"":[]}"
20110818,2011-08-18,826.543487213225,827.9813836297177,824.8131661930795,"{""type"":""MultiPoint"",""coordinates"":[]}"
20110819,2011-08-19,827.3965232335627,828.7924771591443,825.6097894748314,"{""type"":""MultiPoint"",""coordinates"":[]}"
20110820,2011-08-20,828.6214016741519,830.0270026603121,826.89154982399,"{""type"":""MultiPoint"",""coordinates"":[]}"
20110821,2011-08-21,828.5989816574063,830.1051344569977,826.8005925356161,"{""type"":""MultiPoint"",""coordinates"":[]}"
20110822,2011-08-22,828.9493666284075,830.3418655706972,827.3194788035812,"{""type"":""MultiPoint"",""coordinates"":[]}"
20110823,2011-08-23,828.3742472193364,829.9956910238656,826.5220599725905,"{""type"":""MultiPoint"",""coordinates"":[]}"
20110824,2011-08-24,827.7966084775927,829.1945930528294,825.9796300891529,"{""type"":""MultiPoint"",""coordinates"":[]}"
20110825,2011-08-25,828.039944994797,829.5713244787697,826.1436757396518,"{""type"":""MultiPoint"",""coordinates"":[]}"
20110826,2011-08-26,827.6727419342999,829.4097712182262,825.8872249139029,"{""type"":""MultiPoint"",""coordinates"":[]}"
20110827,2011-08-27,826.6828392143558,828.2891565387024,824.8872063732567,"{""type"":""MultiPoint"",""coordinates"":[]}"
20110828,2011-08-28,826.314992623119,827.754613147081,824.348886967499,"{""type"":""MultiPoint"",""coordinates"":[]}"
20110829,2011-08-29,827.152325436724,828.6588706713928,825.1809609927014,"{""type"":""MultiPoint"",""coordinates"":[]}"
20110830,2011-08-30,827.4761090469298,828.9803038971005,825.5359773262498,"{""type"":""MultiPoint"",""coordinates"":[]}"
20110831,2011-08-31,826.832257040501,828.4419988518544,824.8344909153714,"{""type"":""MultiPoint"",""coordinates"":[]}"
20110901,2011-09-01,826.0243504286111,827.7182949251,824.1376399446639,"{""type"":""MultiPoint"",""coordinates"":[]}"
20110902,2011-09-02,825.8507562750066,827.3992366732655,823.9797752270242,"{""type"":""MultiPoint"",""coordinates"":[]}"
20110903,2011-09-03,826.3221879584825,827.8411684314906,824.4915914949437,"{""type"":""MultiPoint"",""coordinates"":[]}"
20110904,2011-09-04,827.2249905864848,828.7353805899393,825.5221539440635,"{""type"":""MultiPoint"",""coordinates"":[]}"
20110905,2011-09-05,826.8971835454224,828.4674089146,825.2155131074185,"{""type"":""MultiPoint"",""coordinates"":[]}"
20110906,2011-09-06,826.0142789348638,827.5857095024855,824.205102873312,"{""type"":""MultiPoint"",""coordinates"":[]}"
20110907,2011-09-07,825.3061069224376,826.8091424638911,823.438125773129,"{""type"":""MultiPoint"",""coordinates"":[]}"
20110908,2011-09-08,826.0435814990365,827.5226958249164,824.1614790573344,"{""type"":""MultiPoint"",""coordinates"":[]}"
20110909,2011-09-09,827.7769582612477,829.4516367445835,825.7339062426324,"{""type"":""MultiPoint"",""coordinates"":[]}"
20110910,2011-09-10,827.9612600963355,829.8406559823532,826.0966226767762,"{""type"":""MultiPoint"",""coordinates"":[]}"
20110911,2011-09-11,827.0201234479406,828.6133064318609,825.0815800300622,"{""type"":""MultiPoint"",""coordinates"":[]}"
20110912,2011-09-12,826.9966773530953,828.4906070748192,825.2268204367216,"{""type"":""MultiPoint"",""coordinates"":[]}"
20110913,2011-09-13,827.0580180272159,828.6720293862227,825.2107166669324,"{""type"":""MultiPoint"",""coordinates"":[]}"
20110914,2011-09-14,826.3331005375325,828.0051947911755,824.3679649137157,"{""type"":""MultiPoint"",""coordinates"":[]}"
20110915,2011-09-15,825.894792974103,827.4706752546628,823.8257022416898,"{""type"":""MultiPoint"",""coordinates"":[]}"
20110916,2011-09-16,826.0622187420172,827.6662986604717,824.113341224693,"{""type"":""MultiPoint"",""coordinates"":[]}"
20110917,2011-09-17,825.9913576278224,827.6264826896963,823.946984333417,"{""type"":""MultiPoint"",""coordinates"":[]}"
20110918,2011-09-18,827.1054570688196,828.7029764291261,825.1194484929513,"{""type"":""MultiPoint"",""coordinates"":[]}"
20110919,2011-09-19,828.5353904367106,829.8624555739742,826.6084377707629,"{""type"":""MultiPoint"",""coordinates"":[]}"
20110920,2011-09-20,828.5362937508295,830.4302126559464,826.694148376824,"{""type"":""MultiPoint"",""coordinates"":[]}"
20110921,2011-09-21,827.6623119956614,829.3273342624719,825.7372521863603,"{""type"":""MultiPoint"",""coordinates"":[]}"
20110922,2011-09-22,827.8789723698052,829.5274037476962,826.063646617786,"{""type"":""MultiPoint"",""coordinates"":[]}"
20110923,2011-09-23,827.5340823373742,829.1028560784357,825.633323467398,"{""type"":""MultiPoint"",""coordinates"":[]}"
20110924,2011-09-24,828.2934052402329,829.6791404821304,826.4178087976126,"{""type"":""MultiPoint"",""coordinates"":[]}"
20110925,2011-09-25,829.1753632498412,830.5613028356873,827.4058101847208,"{""type"":""MultiPoint"",""coordinates"":[]}"
20110926,2011-09-26,828.9018809432785,830.8028820306783,827.0936167392015,"{""type"":""MultiPoint"",""coordinates"":[]}"
20110927,2011-09-27,828.3960282822269,830.2022612304294,826.5670957304345,"{""type"":""MultiPoint"",""coordinates"":[]}"
20110928,2011-09-28,828.7044543085682,830.2235943663649,827.0478120134838,"{""type"":""MultiPoint"",""coordinates"":[]}"
20110929,2011-09-29,829.044231001316,830.5169538929786,827.3343013456063,"{""type"":""MultiPoint"",""coordinates"":[]}"
20110930,2011-09-30,829.2929595754886,831.1198103456356,827.5504815679154,"{""type"":""MultiPoint"",""coordinates"":[]}"
20111001,2011-10-01,828.7104386920912,830.687695246079,826.8441852807061,"{""type"":""MultiPoint"",""coordinates"":[]}"
20111002,2011-10-02,828.8550894204744,830.523358874856,827.0323955499642,"{""type"":""MultiPoint"",""coordinates"":[]}"
20111003,2011-10-03,829.3402097712523,830.9474646960582,827.4571211694266,"{""type"":""MultiPoint"",""coordinates"":[]}"
20111004,2011-10-04,829.9401432878456,831.3804979810906,828.1340584060166,"{""type"":""MultiPoint"",""coordinates"":[]}"
20111005,2011-10-05,831.6199500397291,833.0366543598321,829.8306174942344,"{""type"":""MultiPoint"",""coordinates"":[]}"
20111006,2011-10-06,831.8787905694593,833.7356102039707,830.1804033622823,"{""type"":""MultiPoint"",""coordinates"":[]}"
20111007,2011-10-07,831.1535976915288,832.8745282627513,829.1765529749177,"{""type"":""MultiPoint"",""coordinates"":[]}"
20111008,2011-10-08,831.116205765556,832.6489423630686,829.0202348578963,"{""type"":""MultiPoint"",""coordinates"":[]}"
20111009,2011-10-09,831.5291709362131,833.0546376414013,829.658221174252,"{""type"":""MultiPoint"",""coordinates"":[]}"
20111010,2011-10-10,832.5236793752963,834.0116344317281,830.7064310680761,"{""type"":""MultiPoint"",""coordinates"":[]}"
20111011,2011-10-11,833.1645468701829,834.9276899656641,831.4404166686559,"{""type"":""MultiPoint"",""coordinates"":[]}"
20111012,2011-10-12,832.2435852879905,834.321160559582,830.3869846985021,"{""type"":""MultiPoint"",""coordinates"":[]}"
20111013,2011-10-13,830.760285564523,832.732556572308,828.7796181486216,"{""type"":""MultiPoint"",""coordinates"":[]}"
20111014,2011-10-14,829.6548183478267,831.5953851756678,827.8605655440878,"{""type"":""MultiPoint"",""coordinates"":[]}"
20111015,2011-10-15,829.3936514448031,830.8645046774361,827.6244066417535,"{""type"":""MultiPoint"",""coordinates"":[]}"
20111016,2011-10-16,829.7404554735112,831.1407069291799,827.9830952547271,"{""type"":""MultiPoint"",""coordinates"":[]}"
20111017,2011-10-17,830.4108199372344,831.8514770516136,828.5679387487295,"{""type"":""MultiPoint"",""coordinates"":[]}"
20111018,2011-10-18,830.3907822160954,832.4023612454906,828.5892305568376,"{""type"":""MultiPoint"",""coordinates"":[]}"
20111019,2011-10-19,828.8921928063958,830.6245536417578,827.1075651328547,"{""type"":""MultiPoint"",""coordinates"":[]}"
20111020,2011-10-20,828.8713562273224,830.2897603308984,827.1322153547807,"{""type"":""MultiPoint"",""coordinates"":[]}"
20111021,2011-10-21,829.1671270205768,830.7591755607244,827.3539040081898,"{""type"":""MultiPoint"",""coordinates"":[]}"
20111022,2011-10-22,830.1000066589042,831.7083668513303,828.2388849844782,"{""type"":""MultiPoint"",""coordinates"":[]}"
20111023,2011-10-23,831.0908392065817,832.6308594329028,829.278324638091,"{""type"":""MultiPoint"",""coordinates"":[]}"
20111024,2011-10-24,830.8406723531075,832.6643868671689,829.0410376039632,"{""type"":""MultiPoint"",""coordinates"":[]}"
20111025,2011-10-25,830.8096213369762,832.4874102045712,828.9623525754087,"{""type"":""MultiPoint"",""coordinates"":[]}"
20111026,2011-10-26,831.5057975050482,833.3515659914818,829.62166649611,"{""type"":""MultiPoint"",""coordinates"":[]}"
20111027,2011-10-27,831.9465290476421,833.7699151222135,830.2157761625541,"{""type"":""MultiPoint"",""coordinates"":[]}"
20111028,2011-10-28,831.6567809836899,833.5671326992311,829.6898566947265,"{""type"":""MultiPoint"",""coordinates"":[]}"
20111029,2011-10-29,830.3980229790994,832.8435395603649,828.4488371602503,"{""type"":""MultiPoint"",""coordinates"":[]}"
20111030,2011-10-30,829.3636537653242,831.0050735802572,827.7986241016746,"{""type"":""MultiPoint"",""coordinates"":[]}"
20111031,2011-10-31,829.8419670696578,831.2938383921714,828.0914115684453,"{""type"":""MultiPoint"",""coordinates"":[]}"
20111101,2011-11-01,829.9852396584675,831.9826844135072,828.1098739196865,"{""type"":""MultiPoint"",""coordinates"":[]}"
20111102,2011-11-02,829.311441010625,831.1969869323887,827.5144491444884,"{""type"":""MultiPoint"",""coordinates"":[]}"
20111103,2011-11-03,829.6973344159536,831.3405502468274,828.0749952134302,"{""type"":""MultiPoint"",""coordinates"":[]}"
20111104,2011-11-04,830.4597202484928,832.1092759734508,828.7767321508355,"{""type"":""MultiPoint"",""coordinates"":[]}"
20111105,2011-11-05,830.4595489748294,832.5383589628702,828.636156946746,"{""type"":""MultiPoint"",""coordinates"":[]}"
20111106,2011-11-06,830.8522228037823,832.9190780515513,828.7247216890056,"{""type"":""MultiPoint"",""coordinates"":[]}"
20111107,2011-11-07,832.1191728062308,833.8671596701379,830.215135250822,"{""type"":""MultiPoint"",""coordinates"":[]}"
20111108,2011-11-08,832.2270339414113,834.1896200536717,830.5236223297129,"{""type"":""MultiPoint"",""coordinates"":[]}"
20111109,2011-11-09,831.8535427174685,833.7580224232597,830.1417761285464,"{""type"":""MultiPoint"",""coordinates"":[]}"
20111110,2011-11-10,831.439878908933,833.2348769964938,829.4524022448944,"{""type"":""MultiPoint"",""coordinates"":[]}"
20111111,2011-11-11,830.5525916935615,832.8223057955757,828.7568977438698,"{""type"":""MultiPoint"",""coordinates"":[]}"
20111112,2011-11-12,830.8877008630864,832.5591710030478,829.1807218271856,"{""type"":""MultiPoint"",""coordinates"":[]}"
20111113,2011-11-13,831.162529185919,832.9223443366218,829.5095880016107,"{""type"":""MultiPoint"",""coordinates"":[]}"
20111114,2011-11-14,831.5306810428738,833.0581407982617,829.8436698865684,"{""type"":""MultiPoint"",""coordinates"":[]}"
20111115,2011-11-15,831.3006890440931,833.4453946852168,829.6276483896393,"{""type"":""MultiPoint"",""coordinates"":[]}"
20111116,2011-11-16,830.452794649485,832.3717060391,828.7967747666263,"{""type"":""MultiPoint"",""coordinates"":[]}"
20111117,2011-11-17,830.8147447079715,832.5482370775683,829.138371961226,"{""type"":""MultiPoint"",""coordinates"":[]}"
20111118,2011-11-18,831.3278680203209,833.0210480103577,829.5870628228173,"{""type"":""MultiPoint"",""coordinates"":[]}"
20111119,2011-11-19,832.1441953878075,833.8862118502647,830.4355068070216,"{""type"":""MultiPoint"",""coordinates"":[]}"
20111120,2011-11-20,834.1031415170095,835.6915848294177,832.1033716584578,"{""type"":""MultiPoint"",""coordinates"":[]}"
20111121,2011-11-21,834.9140632299654,836.7165473235743,833.318687957885,"{""type"":""MultiPoint"",""coordinates"":[]}"
20111122,2011-11-22,834.3722312615681,836.3297585677462,832.6651460781127,"{""type"":""MultiPoint"",""coordinates"":[]}"
20111123,2011-11-23,833.840942208916,835.8437823290722,832.1285561840712,"{""type"":""MultiPoint"",""coordinates"":[]}"
20111124,2011-11-24,833.5920628355979,835.6762237453513,831.823461748182,"{""type"":""MultiPoint"",""coordinates"":[]}"
20111125,2011-11-25,832.444500067702,834.7556830218656,830.6200391216253,"{""type"":""MultiPoint"",""coordinates"":[]}"
20111126,2011-11-26,831.4972524602839,833.6373036355593,829.7661714503723,"{""type"":""MultiPoint"",""coordinates"":[]}"
20111127,2011-11-27,830.7680148107602,833.0808104511825,829.0309302261901,"{""type"":""MultiPoint"",""coordinates"":[]}"
20111128,2011-11-28,829.7991495916847,831.7545910041557,828.065393086417,"{""type"":""MultiPoint"",""coordinates"":[]}"
20111129,2011-11-29,830.5303103741918,832.2465709851787,828.6576534587842,"{""type"":""MultiPoint"",""coordinates"":[]}"
20111130,2011-11-30,832.0718512513189,834.0048071386212,829.9246981435422,"{""type"":""MultiPoint"",""coordinates"":[]}"
20111201,2011-12-01,832.1236557692702,834.4146992294211,829.7590087222236,"{""type"":""MultiPoint"",""coordinates"":[]}"
20111202,2011-12-02,829.647448919289,832.4713421775888,827.2028454687172,"{""type"":""MultiPoint"",""coordinates"":[]}"
20111203,2011-12-03,827.5314621153371,829.455384544002,825.9271284857426,"{""type"":""MultiPoint"",""coordinates"":[]}"
20111204,2011-12-04,828.1238531532665,829.604879535981,826.4448678244902,"{""type"":""MultiPoint"",""coordinates"":[]}"
20111205,2011-12-05,829.38408818423,831.0205975597444,827.7145486892642,"{""type"":""MultiPoint"",""coordinates"":[]}"
20111206,2011-12-06,830.427310158235,832.1202321606193,828.7234835256146,"{""type"":""MultiPoint"",""coordinates"":[]}"
20111207,2011-12-07,831.4239616748679,833.2336255573907,829.792819355709,"{""type"":""MultiPoint"",""coordinates"":[]}"
20111208,2011-12-08,831.0921425548457,832.9609500774459,829.4089669115683,"{""type"":""MultiPoint"",""coordinates"":[]}"
20111209,2011-12-09,830.2883817153388,832.6407301266286,828.3888952655187,"{""type"":""MultiPoint"",""coordinates"":[]}"
20111210,2011-12-10,829.8043035911493,831.5920258598657,828.1997958686557,"{""type"":""MultiPoint"",""coordinates"":[]}"
20111211,2011-12-11,830.448166747547,831.9398978787038,828.6542482752803,"{""type"":""MultiPoint"",""coordinates"":[]}"
20111212,2011-12-12,831.0076256117393,832.86894372021,829.2945823848466,"{""type"":""MultiPoint"",""coordinates"":[]}"
20111213,2011-12-13,831.3210485079923,833.1292500331723,829.7823742121901,"{""type"":""MultiPoint"",""coordinates"":[]}"
20111214,2011-12-14,831.5952766199078,833.2788243219613,830.2411631117706,"{""type"":""MultiPoint"",""coordinates"":[]}"
20111215,2011-12-15,831.0765861408588,833.1501311036121,829.3731741331786,"{""type"":""MultiPoint"",""coordinates"":[]}"
20111216,2011-12-16,831.0024192854852,832.7309126707963,829.3939034279398,"{""type"":""MultiPoint"",""coordinates"":[]}"
20111217,2011-12-17,831.4424786995206,833.2217450403933,829.7450099544958,"{""type"":""MultiPoint"",""coordinates"":[]}"
20111218,2011-12-18,831.576155135513,833.5263841481737,829.8701527840818,"{""type"":""MultiPoint"",""coordinates"":[]}"
20111219,2011-12-19,830.8873796209979,833.1663670818194,828.8597355161411,"{""type"":""MultiPoint"",""coordinates"":[]}"
20111220,2011-12-20,830.4442338658619,832.2166534060515,828.6649456773088,"{""type"":""MultiPoint"",""coordinates"":[]}"
20111221,2011-12-21,831.0682768408212,832.8718247971609,829.3460157559715,"{""type"":""MultiPoint"",""coordinates"":[]}"
20111222,2011-12-22,830.8618411237596,832.8999211443918,829.1591306229398,"{""type"":""MultiPoint"",""coordinates"":[]}"
20111223,2011-12-23,830.1557663650406,832.3642436042132,828.2301712912994,"{""type"":""MultiPoint"",""coordinates"":[]}"
20111224,2011-12-24,829.5650269453595,831.0754464462055,827.9348282641114,"{""type"":""MultiPoint"",""coordinates"":[]}"
20111225,2011-12-25,830.1886540215273,831.8326086352511,828.6474900773295,"{""type"":""MultiPoint"",""coordinates"":[]}"
20111226,2011-12-26,830.1939431074692,831.949290494964,828.6988674830427,"{""type"":""MultiPoint"",""coordinates"":[]}"
20111227,2011-12-27,830.3868641831455,832.0632524603667,828.6011117227723,"{""type"":""MultiPoint"",""coordinates"":[]}"
20111228,2011-12-28,831.6044374995837,833.2610187911605,829.9737706709509,"{""type"":""MultiPoint"",""coordinates"":[]}"
20111229,2011-12-29,832.1117320564439,834.0967490935744,830.3555664569321,"{""type"":""MultiPoint"",""coordinates"":[]}"
20111230,2011-12-30,832.7060769482416,834.5472008857793,831.1303733550543,"{""type"":""MultiPoint"",""coordinates"":[]}"
20111231,2011-12-31,832.643886160037,834.529187741259,830.9405303583001,"{""type"":""MultiPoint"",""coordinates"":[]}"
20120101,2012-01-01,830.709810569281,833.2392911771013,828.5108271324164,"{""type"":""MultiPoint"",""coordinates"":[]}"
20120102,2012-01-02,829.6871611184586,831.53410623408,828.0726908906034,"{""type"":""MultiPoint"",""coordinates"":[]}"
20120103,2012-01-03,828.8158579271171,830.8591062848815,827.1704395629978,"{""type"":""MultiPoint"",""coordinates"":[]}"
20120104,2012-01-04,828.6226886491521,830.3343467600978,826.8511471904006,"{""type"":""MultiPoint"",""coordinates"":[]}"
20120105,2012-01-05,829.3267759987644,831.106655195159,827.7817867222955,"{""type"":""MultiPoint"",""coordinates"":[]}"
20120106,2012-01-06,829.742883703882,831.4900329101235,828.160059030497,"{""type"":""MultiPoint"",""coordinates"":[]}"
20120107,2012-01-07,831.2590769236549,833.1126473863087,829.2681309914838,"{""type"":""MultiPoint"",""coordinates"":[]}"
20120108,2012-01-08,831.4121236110191,833.6149881653683,829.6634385626145,"{""type"":""MultiPoint"",""coordinates"":[]}"
20120109,2012-01-09,830.8533771597504,832.8142123395592,829.1745554971388,"{""type"":""MultiPoint"",""coordinates"":[]}"
20120110,2012-01-10,831.0281984554427,832.6639080940214,829.4633789123022,"{""type"":""MultiPoint"",""coordinates"":[]}"
20120111,2012-01-11,830.7978915725437,832.6736156711473,829.2278470142782,"{""type"":""MultiPoint"",""coordinates"":[]}"
20120112,2012-01-12,829.9756117031006,831.8623104401497,828.2362077478857,"{""type"":""MultiPoint"",""coordinates"":[]}"
20120113,2012-01-13,830.0329045600797,832.2045629027476,828.24830676946,"{""type"":""MultiPoint"",""coordinates"":[]}"
20120114,2012-01-14,828.6679095620888,830.9542499189067,826.7250151182166,"{""type"":""MultiPoint"",""coordinates"":[]}"
20120115,2012-01-15,826.6252152082674,828.9929218543678,824.623023043638,"{""type"":""MultiPoint"",""coordinates"":[]}"
20120116,2012-01-16,825.1823502550578,827.3658823725982,823.4311135550157,"{""type"":""MultiPoint"",""coordinates"":[]}"
20120117,2012-01-17,824.5765654940361,826.4887140618417,823.1897817892876,"{""type"":""MultiPoint"",""coordinates"":[]}"
20120118,2012-01-18,824.5136722348367,826.2417129857103,822.9748887730889,"{""type"":""MultiPoint"",""coordinates"":[]}"
20120119,2012-01-19,825.5693871807778,827.0378058521541,823.8335346993273,"{""type"":""MultiPoint"",""coordinates"":[]}"
20120120,2012-01-20,826.80818167274,828.3856061988939,825.0826983836232,"{""type"":""MultiPoint"",""coordinates"":[]}"
20120121,2012-01-21,828.0436593601243,830.0259075685079,826.064821635347,"{""type"":""MultiPoint"",""coordinates"":[]}"
20120122,2012-01-22,829.3275800528868,831.003976556104,827.6697194012878,"{""type"":""MultiPoint"",""coordinates"":[]}"
20120123,2012-01-23,829.4497465487686,831.4103651110887,827.8032676660702,"{""type"":""MultiPoint"",""coordinates"":[]}"
20120124,2012-01-24,828.9112504417332,830.8815965566307,827.3300922145394,"{""type"":""MultiPoint"",""coordinates"":[]}"
20120125,2012-01-25,828.8850182069833,830.4647170455089,827.2554899680291,"{""type"":""MultiPoint"",""coordinates"":[]}"
20120126,2012-01-26,828.7239681188385,830.7666889150163,826.995595842539,"{""type"":""MultiPoint"",""coordinates"":[]}"
20120127,2012-01-27,828.5427729790224,830.4701269819925,826.8727315169082,"{""type"":""MultiPoint"",""coordinates"":[]}"
20120128,2012-01-28,828.4936899792039,830.1872644911853,826.89478315018,"{""type"":""MultiPoint"",""coordinates"":[]}"
20120129,2012-01-29,829.9463779674005,831.5864796682279,827.9162745813292,"{""type"":""MultiPoint"",""coordinates"":[]}"
20120130,2012-01-30,830.9972195260249,832.4407734672544,829.3539028226872,"{""type"":""MultiPoint"",""coordinates"":[]}"
20120131,2012-01-31,831.4729255364724,833.1737767394109,829.6760431501685,"{""type"":""MultiPoint"",""coordinates"":[]}"
20120201,2012-02-01,831.5828498467192,833.4710690726589,829.6101820372207,"{""type"":""MultiPoint"",""coordinates"":[]}"
20120202,2012-02-02,831.9561548306925,833.9394836643711,830.0526627273301,"{""type"":""MultiPoint"",""coordinates"":[]}"
20120203,2012-02-03,830.9804787685329,833.3538933633805,828.8464475480164,"{""type"":""MultiPoint"",""coordinates"":[]}"
20120204,2012-02-04,829.316855607917,831.2279932540958,827.5481434856913,"{""type"":""MultiPoint"",""coordinates"":[]}"
20120205,2012-02-05,829.8615980250678,831.7617090811259,827.879059124034,"{""type"":""MultiPoint"",""coordinates"":[]}"
20120206,2012-02-06,829.6657474831643,831.4505750636596,827.998660788795,"{""type"":""MultiPoint"",""coordinates"":[]}"
20120207,2012-02-07,828.6624043899326,830.6102339899857,826.5995379822913,"{""type"":""MultiPoint"",""coordinates"":[]}"
20120208,2012-02-08,827.2153897325045,829.6754156270856,824.9587856668411,"{""type"":""MultiPoint"",""coordinates"":[]}"
20120209,2012-02-09,828.1543646877689,829.9854890112612,826.2131196184224,"{""type"":""MultiPoint"",""coordinates"":[]}"
20120210,2012-02-10,828.3284577544208,830.2308289115634,826.5695965265782,"{""type"":""MultiPoint"",""coordinates"":[]}"
20120211,2012-02-11,827.8179360294292,829.7971498111909,825.9854743436807,"{""type"":""MultiPoint"",""coordinates"":[]}"
20120212,2012-02-12,827.6240480110619,829.8129593877611,825.6772581924074,"{""type"":""MultiPoint"",""coordinates"":[]}"
20120213,2012-02-13,828.2373667157368,830.0453688420162,826.3641979261229,"{""type"":""MultiPoint"",""coordinates"":[]}"
20120214,2012-02-14,828.8679692972181,830.6190373727503,827.1648397849907,"{""type"":""MultiPoint"",""coordinates"":[]}"
20120215,2012-02-15,827.9547991779853,830.154696233792,826.110224704797,"{""type"":""MultiPoint"",""coordinates"":[]}"
20120216,2012-02-16,827.9527598540517,829.8009845530545,826.1511353034531,"{""type"":""MultiPoint"",""coordinates"":[]}"
20120217,2012-02-17,829.3320723593292,831.2276443011552,827.3511348117264,"{""type"":""MultiPoint"",""coordinates"":[]}"
20120218,2012-02-18,829.9409177404112,831.7194705414763,828.1348928711238,"{""type"":""MultiPoint"",""coordinates"":[]}"
20120219,2012-02-19,828.8373251819479,830.8028548793066,827.0514882916419,"{""type"":""MultiPoint"",""coordinates"":[]}"
20120220,2012-02-20,826.8457947528385,829.2967778449033,824.7770988655318,"{""type"":""MultiPoint"",""coordinates"":[]}"
20120221,2012-02-21,825.8102279093872,827.7778619511612,823.9456490748421,"{""type"":""MultiPoint"",""coordinates"":[]}"
20120222,2012-02-22,826.4741832752177,828.239755040662,824.5523563516018,"{""type"":""MultiPoint"",""coordinates"":[]}"
20120223,2012-02-23,826.9185005650346,828.84512676591,825.1816748038941,"{""type"":""MultiPoint"",""coordinates"":[]}"
20120224,2012-02-24,826.9180137461683,828.9885348370279,825.0972778622676,"{""type"":""MultiPoint"",""coordinates"":[]}"
20120225,2012-02-25,826.9610788701762,828.7726334619078,825.1001338048181,"{""type"":""MultiPoint"",""coordinates"":[]}"
20120226,2012-02-26,826.6923734859107,829.1994731318773,824.1584176642145,"{""type"":""MultiPoint"",""coordinates"":[]}"
20120227,2012-02-27,825.5553544979064,828.2944187417351,823.3293654450791,"{""type"":""MultiPoint"",""coordinates"":[]}"
20120228,2012-02-28,823.3592009782282,825.4355558859145,821.4622881638953,"{""type"":""MultiPoint"",""coordinates"":[]}"
20120229,2012-02-29,823.553227266967,825.1590725870697,821.634998268801,"{""type"":""MultiPoint"",""coordinates"":[]}"
20120301,2012-03-01,824.2713897978545,826.1330786762272,822.5813457843602,"{""type"":""MultiPoint"",""coordinates"":[]}"
20120302,2012-03-02,823.8361551788881,825.9843405727548,822.0648125282227,"{""type"":""MultiPoint"",""coordinates"":[]}"
20120303,2012-03-03,824.1051361366234,825.8138128902715,822.2550660731405,"{""type"":""MultiPoint"",""coordinates"":[]}"
20120304,2012-03-04,825.2487568254818,827.1502346223243,823.2505239254164,"{""type"":""MultiPoint"",""coordinates"":[]}"
20120305,2012-03-05,824.7920232654311,827.1342185718455,822.6893671872218,"{""type"":""MultiPoint"",""coordinates"":[]}"
20120306,2012-03-06,824.0237531774017,826.3938003223902,821.7930507800976,"{""type"":""MultiPoint"",""coordinates"":[]}"
20120307,2012-03-07,822.7175006412434,824.516734792146,820.9936223888265,"{""type"":""MultiPoint"",""coordinates"":[]}"
20120308,2012-03-08,823.9776143875499,825.6212373925249,821.9087460593984,"{""type"":""MultiPoint"",""coordinates"":[]}"
20120309,2012-03-09,825.1051221730469,826.7289381003243,823.3285003710312,"{""type"":""MultiPoint"",""coordinates"":[]}"
20120310,2012-03-10,826.7560110238835,828.5701438718231,824.6925314801772,"{""type"":""MultiPoint"",""coordinates"":[]}"
20120311,2012-03-11,828.6876447887025,830.4650861492897,826.5831968633138,"{""type"":""MultiPoint"",""coordinates"":[]}"
20120312,2012-03-12,829.5339436637041,831.635207099703,827.2840360558814,"{""type"":""MultiPoint"",""coordinates"":[]}"
20120313,2012-03-13,829.4186814503753,831.445535829081,827.2662597678798,"{""type"":""MultiPoint"",""coordinates"":[]}"
20120314,2012-03-14,829.1063906835184,831.1793045857142,827.1254466260069,"{""type"":""MultiPoint"",""coordinates"":[]}"
20120315,2012-03-15,828.9055708017568,830.9052110828679,827.0048278844736,"{""type"":""MultiPoint"",""coordinates"":[]}"
20120316,2012-03-16,828.5655830206176,830.8284772385028,826.5706292426366,"{""type"":""MultiPoint"",""coordinates"":[]}"
20120317,2012-03-17,828.3140505903193,830.281844277992,826.4717816472332,"{""type"":""MultiPoint"",""coordinates"":[]}"
20120318,2012-03-18,829.3616523751047,831.2464794911001,827.2581197196365,"{""type"":""MultiPoint"",""coordinates"":[]}"
20120319,2012-03-19,828.6771121556204,831.1568724649958,826.2645513906127,"{""type"":""MultiPoint"",""coordinates"":[]}"
20120320,2012-03-20,828.2742436689967,830.718609535099,825.7773019255613,"{""type"":""MultiPoint"",""coordinates"":[]}"
20120321,2012-03-21,828.2668427235644,830.2631603123256,826.2825324121188,"{""type"":""MultiPoint"",""coordinates"":[]}"
20120322,2012-03-22,829.4807138191251,831.193645799661,827.4609784225934,"{""type"":""MultiPoint"",""coordinates"":[]}"
20120323,2012-03-23,830.5885041870976,832.2226539929635,828.8159428494604,"{""type"":""MultiPoint"",""coordinates"":[]}"
20120324,2012-03-24,830.7868712907887,832.8802911989044,828.8931074523047,"{""type"":""MultiPoint"",""coordinates"":[]}"
20120325,2012-03-25,830.2687759861425,832.241786763887,828.249904555517,"{""type"":""MultiPoint"",""coordinates"":[]}"
20120326,2012-03-26,829.8713620749643,831.8876255086559,827.8911458554659,"{""type"":""MultiPoint"",""coordinates"":[]}"
20120327,2012-03-27,830.883906096558,832.5775866230291,828.9033697990673,"{""type"":""MultiPoint"",""coordinates"":[]}"
20120328,2012-03-28,831.8295929750338,833.8163833434985,829.8338036304376,"{""type"":""MultiPoint"",""coordinates"":[]}"
20120329,2012-03-29,830.6993907166072,833.0591727181899,828.5016909681817,"{""type"":""MultiPoint"",""coordinates"":[]}"
20120330,2012-03-30,830.6102618309303,832.4605360924043,828.2937601252971,"{""type"":""MultiPoint"",""coordinates"":[]}"
20120331,2012-03-31,831.1491210313319,833.1541144058609,828.9715622981049,"{""type"":""MultiPoint"",""coordinates"":[]}"
20120401,2012-04-01,831.2274093333341,833.2452406104621,829.1796231610195,"{""type"":""MultiPoint"",""coordinates"":[]}"
20120402,2012-04-02,831.9005197938341,833.6017978760304,829.645390241652,"{""type"":""MultiPoint"",""coordinates"":[]}"
20120403,2012-04-03,832.099734297077,834.2032829023041,830.0273632119555,"{""type"":""MultiPoint"",""coordinates"":[]}"
20120404,2012-04-04,830.4134187454631,832.8355402834213,828.1748559692334,"{""type"":""MultiPoint"",""coordinates"":[]}"
20120405,2012-04-05,828.8420003015456,831.1030333501575,826.6399364848958,"{""type"":""MultiPoint"",""coordinates"":[]}"
20120406,2012-04-06,828.0362884442299,829.8781996395358,826.0040503025983,"{""type"":""MultiPoint"",""coordinates"":[]}"
20120407,2012-04-07,827.6893173119634,829.370767895056,825.7894762844984,"{""type"":""MultiPoint"",""coordinates"":[]}"
20120408,2012-04-08,827.5560967883808,829.3015741612459,825.5570511544116,"{""type"":""MultiPoint"",""coordinates"":[]}"
20120409,2012-04-09,827.973295908523,829.5674727137779,826.1033526585408,"{""type"":""MultiPoint"",""coordinates"":[]}"
20120410,2012-04-10,827.6747327934593,829.7737677714522,825.544627219131,"{""type"":""MultiPoint"",""coordinates"":[]}"
20120411,2012-04-11,827.0063711219738,828.9222502199284,825.05569653787,"{""type"":""MultiPoint"",""coordinates"":[]}"
20120412,2012-04-12,826.0018039410041,827.847774969538,823.9128649894539,"{""type"":""MultiPoint"",""coordinates"":[]}"
20120413,2012-04-13,826.8444452089506,828.5053592310423,824.7406407653484,"{""type"":""MultiPoint"",""coordinates"":[]}"
20120414,2012-04-14,828.4706332318534,830.1403678155727,826.5377475894193,"{""type"":""MultiPoint"",""coordinates"":[]}"
20120415,2012-04-15,827.8478662712031,829.9031457022771,825.8580980681584,"{""type"":""MultiPoint"",""coordinates"":[]}"
20120416,2012-04-16,826.794165817151,828.8561637168702,824.8466906076775,"{""type"":""MultiPoint"",""coordinates"":[]}"
20120417,2012-04-17,825.843003468099,827.7287148365226,823.9311371649095,"{""type"":""MultiPoint"",""coordinates"":[]}"
20120418,2012-04-18,826.4270735120178,828.0702063691016,824.5043971067889,"{""type"":""MultiPoint"",""coordinates"":[]}"
20120419,2012-04-19,828.1242640224825,829.7298169765617,825.9724431086132,"{""type"":""MultiPoint"",""coordinates"":[]}"
20120420,2012-04-20,829.2126571609026,830.8424877045492,827.2343542284049,"{""type"":""MultiPoint"",""coordinates"":[]}"
20120421,2012-04-21,827.8349669769485,830.3630596981136,825.3550009388225,"{""type"":""MultiPoint"",""coordinates"":[]}"
20120422,2012-04-22,824.9096354714601,826.9676900995532,822.7550804886462,"{""type"":""MultiPoint"",""coordinates"":[]}"
20120423,2012-04-23,825.3842414337522,827.1733802006269,823.1516542180393,"{""type"":""MultiPoint"",""coordinates"":[]}"
20120424,2012-04-24,827.0997648123813,828.7085408201083,825.0951326689249,"{""type"":""MultiPoint"",""coordinates"":[]}"
20120425,2012-04-25,827.9620320132015,829.3925538039982,826.1790985241842,"{""type"":""MultiPoint"",""coordinates"":[]}"
20120426,2012-04-26,827.8845259659136,829.6650120414259,825.912379142152,"{""type"":""MultiPoint"",""coordinates"":[]}"
20120427,2012-04-27,826.0797988188881,828.1584599049004,823.9817463076155,"{""type"":""MultiPoint"",""coordinates"":[]}"
20120428,2012-04-28,824.4138421282978,826.0924890944214,822.6008167659144,"{""type"":""MultiPoint"",""coordinates"":[]}"
20120429,2012-04-29,824.2094010355062,825.6657433057187,822.5420384346927,"{""type"":""MultiPoint"",""coordinates"":[]}"
20120430,2012-04-30,824.2571838438696,825.8686551569126,822.3834246509023,"{""type"":""MultiPoint"",""coordinates"":[]}"
20120501,2012-05-01,825.3935251299603,826.9148840375617,823.4375445350876,"{""type"":""MultiPoint"",""coordinates"":[]}"
20120502,2012-05-02,826.3902805133647,828.3063108113919,824.5857780554273,"{""type"":""MultiPoint"",""coordinates"":[]}"
20120503,2012-05-03,825.8519020493892,827.5323352529983,824.1705107095592,"{""type"":""MultiPoint"",""coordinates"":[]}"
20120504,2012-05-04,826.0039787071634,827.6072399327927,824.052023933887,"{""type"":""MultiPoint"",""coordinates"":[]}"
20120505,2012-05-05,827.0317832031793,828.5969545623547,825.2191031469172,"{""type"":""MultiPoint"",""coordinates"":[]}"
20120506,2012-05-06,827.3626351533082,829.0639712451607,825.5161998340207,"{""type"":""MultiPoint"",""coordinates"":[]}"
20120507,2012-05-07,827.162163307014,828.8070337689754,825.2244320908711,"{""type"":""MultiPoint"",""coordinates"":[]}"
20120508,2012-05-08,828.0097463560937,829.4077014776126,826.1527385539871,"{""type"":""MultiPoint"",""coordinates"":[]}"
20120509,2012-05-09,829.1222816444777,830.4829164308336,827.2307719860473,"{""type"":""MultiPoint"",""coordinates"":[]}"
20120510,2012-05-10,829.5175675540147,831.2242866421423,827.697037783903,"{""type"":""MultiPoint"",""coordinates"":[]}"
20120511,2012-05-11,827.3735471861437,829.5328422273841,825.1795191051493,"{""type"":""MultiPoint"",""coordinates"":[]}"
20120512,2012-05-12,825.8327041000897,827.4898403528563,823.8167652463335,"{""type"":""MultiPoint"",""coordinates"":[]}"
20120513,2012-05-13,826.0338506006307,827.6544289226213,824.2784436671886,"{""type"":""MultiPoint"",""coordinates"":[]}"
20120514,2012-05-14,826.3586915482172,827.7732371834958,824.6623027500398,"{""type"":""MultiPoint"",""coordinates"":[]}"
20120515,2012-05-15,826.3792453531601,828.0740335664635,824.7313945610487,"{""type"":""MultiPoint"",""coordinates"":[]}"
20120516,2012-05-16,825.0172486111207,826.8895441218837,823.0843341322617,"{""type"":""MultiPoint"",""coordinates"":[]}"
20120517,2012-05-17,825.6443287791914,827.228661462675,823.7728990540523,"{""type"":""MultiPoint"",""coordinates"":[]}"
20120518,2012-05-18,826.8189810369129,828.3490483707518,825.1434593480149,"{""type"":""MultiPoint"",""coordinates"":[]}"
20120519,2012-05-19,827.0977850159562,828.6892460584281,825.3983172977893,"{""type"":""MultiPoint"",""coordinates"":[]}"
20120520,2012-05-20,826.3897854848166,828.1306609390065,824.5309092410644,"{""type"":""MultiPoint"",""coordinates"":[]}"
20120521,2012-05-21,826.0782705175667,827.641375865063,824.3093551331542,"{""type"":""MultiPoint"",""coordinates"":[]}"
20120522,2012-05-22,825.9844028015232,827.5865733597861,824.2511828147401,"{""type"":""MultiPoint"",""coordinates"":[]}"
20120523,2012-05-23,825.4432212676684,827.096127583854,823.6718017668504,"{""type"":""MultiPoint"",""coordinates"":[]}"
20120524,2012-05-24,824.7531356084692,826.556022044671,822.7922796140339,"{""type"":""MultiPoint"",""coordinates"":[]}"
20120525,2012-05-25,824.9459678941612,826.4665881758148,823.1177781160222,"{""type"":""MultiPoint"",""coordinates"":[]}"
20120526,2012-05-26,825.4995399055767,826.9540843393452,823.7849259833846,"{""type"":""MultiPoint"",""coordinates"":[]}"
20120527,2012-05-27,825.4194175480161,827.1319960106938,823.5559977712977,"{""type"":""MultiPoint"",""coordinates"":[]}"
20120528,2012-05-28,826.1301291092655,827.6635193719995,824.2810135602142,"{""type"":""MultiPoint"",""coordinates"":[]}"
20120529,2012-05-29,826.4001050936372,828.1360399588873,824.6987465913757,"{""type"":""MultiPoint"",""coordinates"":[]}"
20120530,2012-05-30,824.8995234569207,826.8707829918009,823.020332448946,"{""type"":""MultiPoint"",""coordinates"":[]}"
20120531,2012-05-31,824.2024341358245,825.7590637957362,822.4238413334658,"{""type"":""MultiPoint"",""coordinates"":[]}"
20120601,2012-06-01,824.1339833569929,825.5843962483718,822.4309477891557,"{""type"":""MultiPoint"",""coordinates"":[]}"
20120602,2012-06-02,823.2730861873493,825.0864629539345,821.3810820691474,"{""type"":""MultiPoint"",""coordinates"":[]}"
20120603,2012-06-03,822.1800070018123,823.5629825873366,820.4459174468183,"{""type"":""MultiPoint"",""coordinates"":[]}"
20120604,2012-06-04,822.9897249744017,824.5031831441165,821.0473273539798,"{""type"":""MultiPoint"",""coordinates"":[]}"
20120605,2012-06-05,823.7042106577682,825.2664802137899,821.865501921887,"{""type"":""MultiPoint"",""coordinates"":[]}"
20120606,2012-06-06,823.6011220050591,824.9869543853097,821.8948124699464,"{""type"":""MultiPoint"",""coordinates"":[]}"
20120607,2012-06-07,824.1582140248804,825.5114320050807,822.345332845846,"{""type"":""MultiPoint"",""coordinates"":[]}"
20120608,2012-06-08,824.6516183359273,826.0212990099798,822.9093552238854,"{""type"":""MultiPoint"",""coordinates"":[]}"
20120609,2012-06-09,823.8955019085878,825.4794419800845,822.275876797738,"{""type"":""MultiPoint"",""coordinates"":[]}"
20120610,2012-06-10,823.0970870255908,824.5958091979754,821.4307511221484,"{""type"":""MultiPoint"",""coordinates"":[]}"
20120611,2012-06-11,823.7605663861991,825.1822892545139,822.0677902242369,"{""type"":""MultiPoint"",""coordinates"":[]}"
20120612,2012-06-12,824.3009518641308,825.696253825764,822.3620652009064,"{""type"":""MultiPoint"",""coordinates"":[]}"
20120613,2012-06-13,825.5083134568864,826.7621909851931,823.8537323386178,"{""type"":""MultiPoint"",""coordinates"":[]}"
20120614,2012-06-14,825.4826735744455,826.9587211921014,823.7523056228098,"{""type"":""MultiPoint"",""coordinates"":[]}"
20120615,2012-06-15,824.2842802894178,825.9838654779927,822.3932068749624,"{""type"":""MultiPoint"",""coordinates"":[]}"
20120616,2012-06-16,822.9004345759956,824.4102087426267,821.155790950688,"{""type"":""MultiPoint"",""coordinates"":[]}"
20120617,2012-06-17,822.8532650761985,824.1999561191183,821.1104835377758,"{""type"":""MultiPoint"",""coordinates"":[]}"
20120618,2012-06-18,823.6991529276545,825.1231455958791,822.1256159284167,"{""type"":""MultiPoint"",""coordinates"":[]}"
20120619,2012-06-19,822.7371575672622,824.2000270555639,821.0777389539049,"{""type"":""MultiPoint"",""coordinates"":[]}"
20120620,2012-06-20,822.5351890082339,824.0510354993474,820.8488203303675,"{""type"":""MultiPoint"",""coordinates"":[]}"
20120621,2012-06-21,823.6620567402925,825.0844830074053,822.1414500458335,"{""type"":""MultiPoint"",""coordinates"":[]}"
20120622,2012-06-22,824.5566535499488,825.8375690815926,823.051034770954,"{""type"":""MultiPoint"",""coordinates"":[]}"
20120623,2012-06-23,823.227976635743,824.8838534846806,821.5018191782516,"{""type"":""MultiPoint"",""coordinates"":[]}"
20120624,2012-06-24,822.3234876756718,823.5601414361423,820.8081120435097,"{""type"":""MultiPoint"",""coordinates"":[]}"
20120625,2012-06-25,823.0137042694766,824.2629609087878,821.5477997728519,"{""type"":""MultiPoint"",""coordinates"":[]}"
20120626,2012-06-26,823.1811053963025,824.4909591477468,821.55719714421,"{""type"":""MultiPoint"",""coordinates"":[]}"
20120627,2012-06-27,824.1309045942367,825.4764957395396,822.605205625179,"{""type"":""MultiPoint"",""coordinates"":[]}"
20120628,2012-06-28,824.5480173746407,825.865129397583,822.9707090285397,"{""type"":""MultiPoint"",""coordinates"":[]}"
20120629,2012-06-29,824.2193378254944,825.6676461991589,822.5293980688352,"{""type"":""MultiPoint"",""coordinates"":[]}"
20120630,2012-06-30,823.6801473807343,825.2711782778495,821.8552325278912,"{""type"":""MultiPoint"",""coordinates"":[]}"
20120701,2012-07-01,823.8177739426793,825.2853098400846,821.9523818999598,"{""type"":""MultiPoint"",""coordinates"":[]}"
20120702,2012-07-02,823.6561075547156,825.1634540844176,821.9992400865355,"{""type"":""MultiPoint"",""coordinates"":[]}"
20120703,2012-07-03,822.4097322831449,823.9742114056594,820.7024112494362,"{""type"":""MultiPoint"",""coordinates"":[]}"
20120704,2012-07-04,821.9099992722843,823.4143718672852,820.1640491755932,"{""type"":""MultiPoint"",""coordinates"":[]}"
20120705,2012-07-05,822.9914016210685,824.4920003413255,821.3199157566231,"{""type"":""MultiPoint"",""coordinates"":[]}"
20120706,2012-07-06,822.6633687549567,824.0677469576098,821.0189716647996,"{""type"":""MultiPoint"",""coordinates"":[]}"
20120707,2012-07-07,822.0365812291038,823.3839897112896,820.3152279780671,"{""type"":""MultiPoint"",""coordinates"":[]}"
20120708,2012-07-08,823.1915014775534,824.8613418096796,821.5163741327666,"{""type"":""MultiPoint"",""coordinates"":[]}"
20120709,2012-07-09,824.6595303193336,826.3230164664155,822.8595418393357,"{""type"":""MultiPoint"",""coordinates"":[]}"
20120710,2012-07-10,825.719721851093,827.2535075694577,823.8878970974193,"{""type"":""MultiPoint"",""coordinates"":[]}"
20120711,2012-07-11,825.9276939672957,827.3087409812427,824.2750853192839,"{""type"":""MultiPoint"",""coordinates"":[]}"
20120712,2012-07-12,825.4204741565643,826.8177126419415,823.6362399115861,"{""type"":""MultiPoint"",""coordinates"":[]}"
20120713,2012-07-13,824.6396928940992,826.0802716531265,822.9115794621026,"{""type"":""MultiPoint"",""coordinates"":[]}"
20120714,2012-07-14,824.1046102124251,825.4258107657787,822.4270540668825,"{""type"":""MultiPoint"",""coordinates"":[]}"
20120715,2012-07-15,824.9236710763686,826.4661519015392,823.3583920594342,"{""type"":""MultiPoint"",""coordinates"":[]}"
20120716,2012-07-16,826.3747967176882,827.6381924127187,824.7806583674683,"{""type"":""MultiPoint"",""coordinates"":[]}"
20120717,2012-07-17,826.2157200565866,827.9075204543647,824.3406316531227,"{""type"":""MultiPoint"",""coordinates"":[]}"
20120718,2012-07-18,824.5443239503812,826.1696573677576,822.7905536263288,"{""type"":""MultiPoint"",""coordinates"":[]}"
20120719,2012-07-19,823.5859251812889,825.046486509859,821.9398534622927,"{""type"":""MultiPoint"",""coordinates"":[]}"
20120720,2012-07-20,824.5151191794697,826.2386738647167,822.6970015139668,"{""type"":""MultiPoint"",""coordinates"":[]}"
20120721,2012-07-21,826.0575809780812,827.3528421032912,824.5144264284706,"{""type"":""MultiPoint"",""coordinates"":[]}"
20120722,2012-07-22,824.8355679786396,826.4480661810621,823.0466280186902,"{""type"":""MultiPoint"",""coordinates"":[]}"
20120723,2012-07-23,823.2213493262097,824.5980979434235,821.585605757665,"{""type"":""MultiPoint"",""coordinates"":[]}"
20120724,2012-07-24,822.9979944142909,824.6023488021076,821.3744208102579,"{""type"":""MultiPoint"",""coordinates"":[]}"
20120725,2012-07-25,824.0411597615271,825.320916419475,822.5200688384805,"{""type"":""MultiPoint"",""coordinates"":[]}"
20120726,2012-07-26,823.8275640154746,825.0806995039005,822.3585888516652,"{""type"":""MultiPoint"",""coordinates"":[]}"
20120727,2012-07-27,823.6896059033603,825.2123822509946,822.0299193797747,"{""type"":""MultiPoint"",""coordinates"":[]}"
20120728,2012-07-28,824.1736386689174,825.5271793055749,822.3479244912468,"{""type"":""MultiPoint"",""coordinates"":[]}"
20120729,2012-07-29,825.0719097851677,826.4270486902695,823.524822920037,"{""type"":""MultiPoint"",""coordinates"":[]}"
20120730,2012-07-30,824.8929123355606,826.0952270921248,823.5512942161855,"{""type"":""MultiPoint"",""coordinates"":[]}"
20120731,2012-07-31,824.7597908745895,825.9653303618506,823.2469925497583,"{""type"":""MultiPoint"",""coordinates"":[]}"
20120801,2012-08-01,825.3587421912953,826.7358740632943,823.8611015079258,"{""type"":""MultiPoint"",""coordinates"":[]}"
20120802,2012-08-02,824.6330077997195,826.2907709841967,822.7921665464531,"{""type"":""MultiPoint"",""coordinates"":[]}"
20120803,2012-08-03,823.1248896448712,824.5778160538796,821.4602590500546,"{""type"":""MultiPoint"",""coordinates"":[]}"
20120804,2012-08-04,823.5915949733378,825.1691567039255,821.899323800297,"{""type"":""MultiPoint"",""coordinates"":[]}"
20120805,2012-08-05,825.1140990114228,826.6719339569217,823.4604340352261,"{""type"":""MultiPoint"",""coordinates"":[]}"
20120806,2012-08-06,825.6147001191894,827.1306203476879,823.8235911352906,"{""type"":""MultiPoint"",""coordinates"":[]}"
20120807,2012-08-07,826.2176365831515,827.595058384988,824.5435387192822,"{""type"":""MultiPoint"",""coordinates"":[]}"
20120808,2012-08-08,826.0133427204479,827.4048060280664,824.3954932925519,"{""type"":""MultiPoint"",""coordinates"":[]}"
20120809,2012-08-09,824.8448557377202,826.3599110723887,823.0968284819554,"{""type"":""MultiPoint"",""coordinates"":[]}"
20120810,2012-08-10,824.9874670807599,826.4364808525559,823.208848719709,"{""type"":""MultiPoint"",""coordinates"":[]}"
20120811,2012-08-11,826.2519820189121,827.8414165397892,824.6209701703261,"{""type"":""MultiPoint"",""coordinates"":[]}"
20120812,2012-08-12,826.1807832864221,827.6164525792886,824.6171502444774,"{""type"":""MultiPoint"",""coordinates"":[]}"
20120813,2012-08-13,825.901767822863,827.3188403852153,824.1047499430251,"{""type"":""MultiPoint"",""coordinates"":[]}"
20120814,2012-08-14,826.2240171981969,827.5213468376426,824.5096956385937,"{""type"":""MultiPoint"",""coordinates"":[]}"
20120815,2012-08-15,826.8984079311967,828.2735314990881,825.1132569051799,"{""type"":""MultiPoint"",""coordinates"":[]}"
20120816,2012-08-16,827.1541252481123,828.5989078992037,825.4054710553962,"{""type"":""MultiPoint"",""coordinates"":[]}"
20120817,2012-08-17,827.1187474682166,828.5962543460731,825.193849339179,"{""type"":""MultiPoint"",""coordinates"":[]}"
20120818,2012-08-18,826.4837463553469,828.1739509018277,824.6008465276166,"{""type"":""MultiPoint"",""coordinates"":[]}"
20120819,2012-08-19,826.1176032578946,827.5488559344209,824.4345940517385,"{""type"":""MultiPoint"",""coordinates"":[]}"
20120820,2012-08-20,826.4268477667335,827.6862977800118,824.8906979425944,"{""type"":""MultiPoint"",""coordinates"":[]}"
20120821,2012-08-21,827.202590956362,828.5402516538882,825.5087258047945,"{""type"":""MultiPoint"",""coordinates"":[]}"
20120822,2012-08-22,827.6457932500639,829.1543678658983,825.9403533183163,"{""type"":""MultiPoint"",""coordinates"":[]}"
20120823,2012-08-23,828.0507578294222,829.5020670895076,826.3566608279729,"{""type"":""MultiPoint"",""coordinates"":[]}"
20120824,2012-08-24,827.7391957974338,829.2492507363974,825.9153823209358,"{""type"":""MultiPoint"",""coordinates"":[]}"
20120825,2012-08-25,827.9202045408603,829.4845811215224,826.0131647832325,"{""type"":""MultiPoint"",""coordinates"":[]}"
20120826,2012-08-26,827.097206206154,828.850703329802,825.1156383272446,"{""type"":""MultiPoint"",""coordinates"":[]}"
20120827,2012-08-27,826.5266931986667,827.9957075449307,824.5881077159238,"{""type"":""MultiPoint"",""coordinates"":[]}"
20120828,2012-08-28,827.2272435630468,828.7024997221255,825.3291432387679,"{""type"":""MultiPoint"",""coordinates"":[]}"
20120829,2012-08-29,827.7887871824059,829.3166158286351,825.9497618566694,"{""type"":""MultiPoint"",""coordinates"":[]}"
20120830,2012-08-30,827.4079401015568,829.3030323899925,825.4573260466883,"{""type"":""MultiPoint"",""coordinates"":[]}"
20120831,2012-08-31,826.9103373766676,828.7828020748977,824.8594336069212,"{""type"":""MultiPoint"",""coordinates"":[]}"
20120901,2012-09-01,827.4334309946867,828.9631958089077,825.6549495489697,"{""type"":""MultiPoint"",""coordinates"":[]}"
20120902,2012-09-02,827.4703253196489,829.0803471633632,825.6053978970638,"{""type"":""MultiPoint"",""coordinates"":[]}"
20120903,2012-09-03,826.7813844592775,828.4236099358997,824.8351895714334,"{""type"":""MultiPoint"",""coordinates"":[]}"
20120904,2012-09-04,827.406718117769,828.8907672208738,825.5972727559829,"{""type"":""MultiPoint"",""coordinates"":[]}"
20120905,2012-09-05,828.1155797203119,829.6346461888273,826.1835478861784,"{""type"":""MultiPoint"",""coordinates"":[]}"
20120906,2012-09-06,828.7116680880678,830.2750474262536,826.8131840951858,"{""type"":""MultiPoint"",""coordinates"":[]}"
20120907,2012-09-07,828.4262872958808,829.9822008516547,826.6022720542834,"{""type"":""MultiPoint"",""coordinates"":[]}"
20120908,2012-09-08,828.3631106018618,829.8776722602447,826.5453934592738,"{""type"":""MultiPoint"",""coordinates"":[]}"
20120909,2012-09-09,828.7376296393552,830.2027215933005,827.0073292698594,"{""type"":""MultiPoint"",""coordinates"":[]}"
20120910,2012-09-10,828.6912113669686,830.3595175791384,826.8739916255313,"{""type"":""MultiPoint"",""coordinates"":[]}"
20120911,2012-09-11,828.1358569941875,829.6816017058367,826.1793545296536,"{""type"":""MultiPoint"",""coordinates"":[]}"
20120912,2012-09-12,828.0744638175871,829.6039261118232,826.1707816299006,"{""type"":""MultiPoint"",""coordinates"":[]}"
20120913,2012-09-13,827.5983945168517,829.1803615158974,825.8638469015957,"{""type"":""MultiPoint"",""coordinates"":[]}"
20120914,2012-09-14,826.045390303331,828.0062503146796,824.1325557906824,"{""type"":""MultiPoint"",""coordinates"":[]}"
20120915,2012-09-15,825.5175463135058,827.1371605177512,823.5106550674187,"{""type"":""MultiPoint"",""coordinates"":[]}"
20120916,2012-09-16,826.9904509185441,828.5397157890543,825.0491734526386,"{""type"":""MultiPoint"",""coordinates"":[]}"
20120917,2012-09-17,828.2657366196995,829.6649923648179,826.573250225766,"{""type"":""MultiPoint"",""coordinates"":[]}"
20120918,2012-09-18,828.2124456932193,829.8130336488007,826.4616815033672,"{""type"":""MultiPoint"",""coordinates"":[]}"
20120919,2012-09-19,828.0371939782231,829.495425468406,826.168550148063,"{""type"":""MultiPoint"",""coordinates"":[]}"
20120920,2012-09-20,828.5168570445103,829.990038404053,826.638737768853,"{""type"":""MultiPoint"",""coordinates"":[]}"
20120921,2012-09-21,828.4749992997534,829.9609494955012,826.4206270799925,"{""type"":""MultiPoint"",""coordinates"":[]}"
20120922,2012-09-22,828.652302102183,830.3383762446035,826.8774742280336,"{""type"":""MultiPoint"",""coordinates"":[]}"
20120923,2012-09-23,827.9774771459068,829.6804862800857,826.2044807852122,"{""type"":""MultiPoint"",""coordinates"":[]}"
20120924,2012-09-24,827.877924017704,829.4343485470679,825.996714775849,"{""type"":""MultiPoint"",""coordinates"":[]}"
20120925,2012-09-25,829.4095136405878,830.8096733881952,827.4742298692639,"{""type"":""MultiPoint"",""coordinates"":[]}"
20120926,2012-09-26,831.6480293624594,833.1434782034279,829.7018421472445,"{""type"":""MultiPoint"",""coordinates"":[]}"
20120927,2012-09-27,832.1733732124633,833.9272756240288,830.3369867375898,"{""type"":""MultiPoint"",""coordinates"":[]}"
20120928,2012-09-28,831.4590942987714,833.2895558954017,829.3890028701454,"{""type"":""MultiPoint"",""coordinates"":[]}"
20120929,2012-09-29,831.1836461681144,833.0959795132354,829.2206247113592,"{""type"":""MultiPoint"",""coordinates"":[]}"
20120930,2012-09-30,830.7728456856094,832.7060163689456,828.8809782849324,"{""type"":""MultiPoint"",""coordinates"":[]}"
20121001,2012-10-01,830.5734814759703,832.2257416797769,828.8394974587928,"{""type"":""MultiPoint"",""coordinates"":[]}"
20121002,2012-10-02,829.4812327299308,831.5359345940954,827.5007424770558,"{""type"":""MultiPoint"",""coordinates"":[]}"
20121003,2012-10-03,827.7275939313662,829.8227276069525,825.5491465198486,"{""type"":""MultiPoint"",""coordinates"":[]}"
20121004,2012-10-04,827.0525148933267,828.3804133521874,825.2530859052526,"{""type"":""MultiPoint"",""coordinates"":[]}"
20121005,2012-10-05,828.7713976374531,830.2311775201557,826.787850969876,"{""type"":""MultiPoint"",""coordinates"":[]}"
20121006,2012-10-06,830.7911246308237,832.1751711651636,829.0424459356046,"{""type"":""MultiPoint"",""coordinates"":[]}"
20121007,2012-10-07,831.4980021114079,833.169981815637,829.7774531206279,"{""type"":""MultiPoint"",""coordinates"":[]}"
20121008,2012-10-08,830.7769333867651,832.729536557249,829.0391821671587,"{""type"":""MultiPoint"",""coordinates"":[]}"
20121009,2012-10-09,829.9122520803238,831.6042742677188,828.0192960832916,"{""type"":""MultiPoint"",""coordinates"":[]}"
20121010,2012-10-10,830.1302218797154,831.5974610144173,828.4838421903833,"{""type"":""MultiPoint"",""coordinates"":[]}"
20121011,2012-10-11,829.930855265408,831.746836569253,828.1954798110364,"{""type"":""MultiPoint"",""coordinates"":[]}"
20121012,2012-10-12,829.8627705589894,831.5336186978783,828.1228417611253,"{""type"":""MultiPoint"",""coordinates"":[]}"
20121013,2012-10-13,830.1156223221482,831.6256250640726,828.3167384551379,"{""type"":""MultiPoint"",""coordinates"":[]}"
20121014,2012-10-14,830.9617009317277,832.5071997396094,829.0350539222072,"{""type"":""MultiPoint"",""coordinates"":[]}"
20121015,2012-10-15,833.053368565436,834.62700724255,830.9981262732532,"{""type"":""MultiPoint"",""coordinates"":[]}"
20121016,2012-10-16,833.4206140749005,835.2267137762049,831.4800827208121,"{""type"":""MultiPoint"",""coordinates"":[]}"
20121017,2012-10-17,832.2814692020918,834.3269913461943,830.5303755370609,"{""type"":""MultiPoint"",""coordinates"":[]}"
20121018,2012-10-18,831.9097364141135,833.9991375731659,830.2041318120363,"{""type"":""MultiPoint"",""coordinates"":[]}"
20121019,2012-10-19,832.1060610799261,833.8074205097662,830.3655856507879,"{""type"":""MultiPoint"",""coordinates"":[]}"
20121020,2012-10-20,832.6884942636901,834.344158959494,831.0618794211002,"{""type"":""MultiPoint"",""coordinates"":[]}"
20121021,2012-10-21,833.1835146675677,834.9179074735277,831.673765366453,"{""type"":""MultiPoint"",""coordinates"":[]}"
20121022,2012-10-22,832.5129201536704,834.4836408064955,831.0375889113606,"{""type"":""MultiPoint"",""coordinates"":[]}"
20121023,2012-10-23,831.3697702217439,833.5681056416701,829.5062763699324,"{""type"":""MultiPoint"",""coordinates"":[]}"
20121024,2012-10-24,829.9638845563993,831.6678779859117,828.2448002910817,"{""type"":""MultiPoint"",""coordinates"":[]}"
20121025,2012-10-25,829.9063536132277,831.9837817475548,827.9559046104083,"{""type"":""MultiPoint"",""coordinates"":[]}"
20121026,2012-10-26,830.5665998661487,832.2155516626505,828.8777567361196,"{""type"":""MultiPoint"",""coordinates"":[]}"
20121027,2012-10-27,831.3688791281899,832.788269909291,829.7543677245974,"{""type"":""MultiPoint"",""coordinates"":[]}"
20121028,2012-10-28,832.2948405517192,834.0442417192639,830.5896408231652,"{""type"":""MultiPoint"",""coordinates"":[]}"
20121029,2012-10-29,832.2192733920342,833.981013622782,830.6350740183406,"{""type"":""MultiPoint"",""coordinates"":[]}"
20121030,2012-10-30,831.9058258636313,833.7483802514577,830.1641349221471,"{""type"":""MultiPoint"",""coordinates"":[]}"
20121031,2012-10-31,831.7189577673328,833.4346563018014,830.0831479302144,"{""type"":""MultiPoint"",""coordinates"":[]}"
20121101,2012-11-01,830.9580911042501,832.9502254458097,829.2052359244861,"{""type"":""MultiPoint"",""coordinates"":[]}"
20121102,2012-11-02,830.5448828048764,832.477839763466,828.8108937488478,"{""type"":""MultiPoint"",""coordinates"":[]}"
20121103,2012-11-03,830.3972695076441,832.0217691716481,828.7773504519869,"{""type"":""MultiPoint"",""coordinates"":[]}"
20121104,2012-11-04,829.7420187318259,831.6245660964723,828.1779187178273,"{""type"":""MultiPoint"",""coordinates"":[]}"
20121105,2012-11-05,829.8618159131129,831.4232877029134,828.1891490680363,"{""type"":""MultiPoint"",""coordinates"":[]}"
20121106,2012-11-06,830.5525035324353,831.9926110231302,828.8410749531276,"{""type"":""MultiPoint"",""coordinates"":[]}"
20121107,2012-11-07,829.4581167843727,831.8523730708654,827.5601703083603,"{""type"":""MultiPoint"",""coordinates"":[]}"
20121108,2012-11-08,828.4400173718138,830.0418907453237,826.6548054996032,"{""type"":""MultiPoint"",""coordinates"":[]}"
20121109,2012-11-09,830.5721088800333,832.2020152609603,828.4389005312119,"{""type"":""MultiPoint"",""coordinates"":[]}"
20121110,2012-11-10,831.9430996676577,833.8443354735117,830.1541462968461,"{""type"":""MultiPoint"",""coordinates"":[]}"
20121111,2012-11-11,831.4184007492298,833.2473051237683,829.7056800326324,"{""type"":""MultiPoint"",""coordinates"":[]}"
20121112,2012-11-12,832.0540936888341,833.6489715479188,830.0381811045135,"{""type"":""MultiPoint"",""coordinates"":[]}"
20121113,2012-11-13,831.5776458824641,834.0901979439359,829.6771880162597,"{""type"":""MultiPoint"",""coordinates"":[]}"
20121114,2012-11-14,830.765162476222,832.9423863255142,828.8260528150764,"{""type"":""MultiPoint"",""coordinates"":[]}"
20121115,2012-11-15,832.6259300364211,834.3674293888159,830.5460141279726,"{""type"":""MultiPoint"",""coordinates"":[]}"
20121116,2012-11-16,833.3309778534546,835.260235999094,831.5401079285342,"{""type"":""MultiPoint"",""coordinates"":[]}"
20121117,2012-11-17,831.8788137031169,834.0066513769682,830.1554639201569,"{""type"":""MultiPoint"",""coordinates"":[]}"
20121118,2012-11-18,830.5672537248067,832.5933726441502,828.9459806016843,"{""type"":""MultiPoint"",""coordinates"":[]}"
20121119,2012-11-19,830.5994674137253,831.9636158737197,828.9297963142687,"{""type"":""MultiPoint"",""coordinates"":[]}"
20121120,2012-11-20,830.8654471753772,832.5202663144605,829.2975816281333,"{""type"":""MultiPoint"",""coordinates"":[]}"
20121121,2012-11-21,830.7140901723875,832.7415815688902,829.0271969315552,"{""type"":""MultiPoint"",""coordinates"":[]}"
20121122,2012-11-22,830.2497660660381,832.2747806656981,828.334704051946,"{""type"":""MultiPoint"",""coordinates"":[]}"
20121123,2012-11-23,829.2012004399741,831.4996937839422,827.1377002141243,"{""type"":""MultiPoint"",""coordinates"":[]}"
20121124,2012-11-24,829.1958258805003,831.4227065625823,826.8395613638637,"{""type"":""MultiPoint"",""coordinates"":[]}"
20121125,2012-11-25,830.5804050872434,832.3569672728922,828.6376745313335,"{""type"":""MultiPoint"",""coordinates"":[]}"
20121126,2012-11-26,830.3029058802699,832.3376273269308,828.6133513330245,"{""type"":""MultiPoint"",""coordinates"":[]}"
20121127,2012-11-27,829.8493464376802,831.8067233210627,827.937485488858,"{""type"":""MultiPoint"",""coordinates"":[]}"
20121128,2012-11-28,829.0734481078678,831.381274832142,827.1250075036119,"{""type"":""MultiPoint"",""coordinates"":[]}"
20121129,2012-11-29,828.2559729618815,830.3424466591405,826.1861204068003,"{""type"":""MultiPoint"",""coordinates"":[]}"
20121130,2012-11-30,829.8946714918026,831.8400667824834,827.6114782012701,"{""type"":""MultiPoint"",""coordinates"":[]}"
20121201,2012-12-01,830.8614203396369,832.6699066630381,828.9845366825257,"{""type"":""MultiPoint"",""coordinates"":[]}"
20121202,2012-12-02,832.2450315138016,833.9431266833604,830.5297867283948,"{""type"":""MultiPoint"",""coordinates"":[]}"
20121203,2012-12-03,832.045291910117,833.7842041568462,830.496888745797,"{""type"":""MultiPoint"",""coordinates"":[]}"
20121204,2012-12-04,832.1784026045605,833.8820917366908,830.6028361619949,"{""type"":""MultiPoint"",""coordinates"":[]}"
20121205,2012-12-05,832.4403120017714,833.9621426927654,830.9336396426226,"{""type"":""MultiPoint"",""coordinates"":[]}"
20121206,2012-12-06,832.1564308174517,834.0115866993609,830.5406387550627,"{""type"":""MultiPoint"",""coordinates"":[]}"
20121207,2012-12-07,831.0468042185761,832.9512361782131,829.1177672280593,"{""type"":""MultiPoint"",""coordinates"":[]}"
20121208,2012-12-08,829.9660947322002,831.9740050189853,828.2189876986941,"{""type"":""MultiPoint"",""coordinates"":[]}"
20121209,2012-12-09,829.0334942188308,830.8364070628792,827.4892890770814,"{""type"":""MultiPoint"",""coordinates"":[]}"
20121210,2012-12-10,828.9100575044106,830.8249838355738,827.1361415655349,"{""type"":""MultiPoint"",""coordinates"":[]}"
20121211,2012-12-11,828.3529245545811,830.2471614510557,826.358051333206,"{""type"":""MultiPoint"",""coordinates"":[]}"
20121212,2012-12-12,827.8266393363848,829.6013519140153,826.0457191175462,"{""type"":""MultiPoint"",""coordinates"":[]}"
20121213,2012-12-13,828.7944712190732,830.4668519704132,826.7543659387038,"{""type"":""MultiPoint"",""coordinates"":[]}"
20121214,2012-12-14,831.237752108486,833.0994798800333,828.7855050721356,"{""type"":""MultiPoint"",""coordinates"":[]}"
20121215,2012-12-15,832.3025086268473,834.1731919305702,830.7015621631516,"{""type"":""MultiPoint"",""coordinates"":[]}"
20121216,2012-12-16,832.8661476204319,834.5287489265949,831.0242027464982,"{""type"":""MultiPoint"",""coordinates"":[]}"
20121217,2012-12-17,832.7816443165245,834.8285483442545,830.5129700067041,"{""type"":""MultiPoint"",""coordinates"":[]}"
20121218,2012-12-18,831.455897337679,833.7690203426971,829.4907380897313,"{""type"":""MultiPoint"",""coordinates"":[]}"
20121219,2012-12-19,829.4926066636856,831.9010413731403,827.635378889098,"{""type"":""MultiPoint"",""coordinates"":[]}"
20121220,2012-12-20,829.4185975667364,831.1272843005326,827.4367276871569,"{""type"":""MultiPoint"",""coordinates"":[]}"
20121221,2012-12-21,830.9162408043933,832.4477230687521,829.1638536431809,"{""type"":""MultiPoint"",""coordinates"":[]}"
20121222,2012-12-22,832.3043885181736,834.0784190107863,830.093753160774,"{""type"":""MultiPoint"",""coordinates"":[]}"
20121223,2012-12-23,832.0256311644456,834.249358037091,829.9929241642054,"{""type"":""MultiPoint"",""coordinates"":[]}"
20121224,2012-12-24,830.2673657285459,832.7191486024037,828.304942014546,"{""type"":""MultiPoint"",""coordinates"":[]}"
20121225,2012-12-25,829.4654060943633,831.4159377323313,827.7456936550116,"{""type"":""MultiPoint"",""coordinates"":[]}"
20121226,2012-12-26,829.5708279502959,831.2784418159754,827.84800934916,"{""type"":""MultiPoint"",""coordinates"":[]}"
20121227,2012-12-27,828.3767311772714,831.000275261514,826.0905054070428,"{""type"":""MultiPoint"",""coordinates"":[]}"
20121228,2012-12-28,827.6081493642006,829.5074067770643,825.4977545985411,"{""type"":""MultiPoint"",""coordinates"":[]}"
20121229,2012-12-29,829.3270117664566,830.9399129268493,827.5068240450646,"{""type"":""MultiPoint"",""coordinates"":[]}"
20121230,2012-12-30,829.6075614349697,831.4615909175884,828.0292129786421,"{""type"":""MultiPoint"",""coordinates"":[]}"
20121231,2012-12-31,829.1256046179051,831.4495877185658,826.7329160229051,"{""type"":""MultiPoint"",""coordinates"":[]}"
20130101,2013-01-01,828.9183830506707,831.2572098020366,826.884985638552,"{""type"":""MultiPoint"",""coordinates"":[]}"
20130102,2013-01-02,829.6389409886428,831.2275066308588,827.7106311922522,"{""type"":""MultiPoint"",""coordinates"":[]}"
20130103,2013-01-03,829.4676103967814,831.1641979809485,827.8568424373586,"{""type"":""MultiPoint"",""coordinates"":[]}"
20130104,2013-01-04,828.7132055006127,830.9754473406635,826.8468671423167,"{""type"":""MultiPoint"",""coordinates"":[]}"
20130105,2013-01-05,827.708839481956,829.544955501423,825.9192225939773,"{""type"":""MultiPoint"",""coordinates"":[]}"
20130106,2013-01-06,828.4876531693911,830.2639535556754,826.9014238184434,"{""type"":""MultiPoint"",""coordinates"":[]}"
20130107,2013-01-07,829.0525773386296,830.902300055507,827.2692578810048,"{""type"":""MultiPoint"",""coordinates"":[]}"
20130108,2013-01-08,829.8872635282361,831.7546121261337,828.0684612209637,"{""type"":""MultiPoint"",""coordinates"":[]}"
20130109,2013-01-09,829.8549940040667,831.9933396925254,828.11455161855,"{""type"":""MultiPoint"",""coordinates"":[]}"
20130110,2013-01-10,829.7325192572189,831.4396610772869,828.1651910536856,"{""type"":""MultiPoint"",""coordinates"":[]}"
20130111,2013-01-11,830.7565135830259,832.5863754918876,828.575315356394,"{""type"":""MultiPoint"",""coordinates"":[]}"
20130112,2013-01-12,830.3803811503822,832.9997864372411,828.1527899231917,"{""type"":""MultiPoint"",""coordinates"":[]}"
20130113,2013-01-13,829.1136336314438,830.8779801722867,827.7111133235536,"{""type"":""MultiPoint"",""coordinates"":[]}"
20130114,2013-01-14,829.5133483689698,831.1448687223784,828.0292927471866,"{""type"":""MultiPoint"",""coordinates"":[]}"
20130115,2013-01-15,830.4498250425642,831.8383671949624,828.7312130281099,"{""type"":""MultiPoint"",""coordinates"":[]}"
20130116,2013-01-16,831.5471182823749,833.265341830177,829.9601669088662,"{""type"":""MultiPoint"",""coordinates"":[]}"
20130117,2013-01-17,831.5159239377683,833.401380361557,829.6490932204977,"{""type"":""MultiPoint"",""coordinates"":[]}"
20130118,2013-01-18,830.7100052057605,833.3418963077081,828.3451843778325,"{""type"":""MultiPoint"",""coordinates"":[]}"
20130119,2013-01-19,831.2821917089976,833.503856907011,829.2014583447211,"{""type"":""MultiPoint"",""coordinates"":[]}"
20130120,2013-01-20,831.3962391527181,833.2560012929267,829.6957473155506,"{""type"":""MultiPoint"",""coordinates"":[]}"
20130121,2013-01-21,832.8995250404545,834.8459322031142,831.1205316011929,"{""type"":""MultiPoint"",""coordinates"":[]}"
20130122,2013-01-22,832.8215187732178,834.9258304281263,831.1797289325623,"{""type"":""MultiPoint"",""coordinates"":[]}"
20130123,2013-01-23,832.5810466352102,834.4785746658505,830.7571457365628,"{""type"":""MultiPoint"",""coordinates"":[]}"
20130124,2013-01-24,832.2346266279832,834.1938510681963,830.5246314566642,"{""type"":""MultiPoint"",""coordinates"":[]}"
20130125,2013-01-25,832.4675625876743,834.330698507584,831.030282909327,"{""type"":""MultiPoint"",""coordinates"":[]}"
20130126,2013-01-26,832.5659062031015,834.1197707906958,831.1058224965993,"{""type"":""MultiPoint"",""coordinates"":[]}"
20130127,2013-01-27,832.2995295719196,834.3369279806003,830.5436566642271,"{""type"":""MultiPoint"",""coordinates"":[]}"
20130128,2013-01-28,831.5287439145732,833.5716456935572,829.918281472606,"{""type"":""MultiPoint"",""coordinates"":[]}"
20130129,2013-01-29,831.0059878192612,832.7956692026609,829.3241127640352,"{""type"":""MultiPoint"",""coordinates"":[]}"
20130130,2013-01-30,831.5020209288933,832.9784178953818,829.9608759668902,"{""type"":""MultiPoint"",""coordinates"":[]}"
20130131,2013-01-31,832.2289052324223,833.8402902321887,830.7412286430383,"{""type"":""MultiPoint"",""coordinates"":[]}"
20130201,2013-02-01,832.0124652793529,834.1981288383339,830.0968609910262,"{""type"":""MultiPoint"",""coordinates"":[]}"
20130202,2013-02-02,830.6721725575156,832.7041264759517,829.0258959903954,"{""type"":""MultiPoint"",""coordinates"":[]}"
20130203,2013-02-03,830.0539970568781,832.0363403579636,827.9668293598965,"{""type"":""MultiPoint"",""coordinates"":[]}"
20130204,2013-02-04,830.7570829899012,832.3982275661328,828.9228994372703,"{""type"":""MultiPoint"",""coordinates"":[]}"
20130205,2013-02-05,831.8649397569935,834.1843584081664,829.5911189780738,"{""type"":""MultiPoint"",""coordinates"":[]}"
20130206,2013-02-06,832.0307424435595,834.5330116236711,829.9497354305906,"{""type"":""MultiPoint"",""coordinates"":[]}"
20130207,2013-02-07,830.9151754111814,833.0221968016265,828.9789538631507,"{""type"":""MultiPoint"",""coordinates"":[]}"
20130208,2013-02-08,830.8542590672706,832.6341001136631,829.0480240599534,"{""type"":""MultiPoint"",""coordinates"":[]}"
20130209,2013-02-09,830.4718440437675,832.398290470893,828.7379608761773,"{""type"":""MultiPoint"",""coordinates"":[]}"
20130210,2013-02-10,830.4418189185171,832.4921053606698,828.6855591625799,"{""type"":""MultiPoint"",""coordinates"":[]}"
20130211,2013-02-11,830.7860466586637,832.46303900966,829.0868600249473,"{""type"":""MultiPoint"",""coordinates"":[]}"
20130212,2013-02-12,830.5130038820854,832.4867273976304,828.7887752469106,"{""type"":""MultiPoint"",""coordinates"":[]}"
20130213,2013-02-13,829.4773821162951,831.4242705260168,827.8600278792612,"{""type"":""MultiPoint"",""coordinates"":[]}"
20130214,2013-02-14,829.2594237580203,831.2293325925924,827.2723444380329,"{""type"":""MultiPoint"",""coordinates"":[]}"
20130215,2013-02-15,827.9733366634977,830.2533996444464,825.8565587558004,"{""type"":""MultiPoint"",""coordinates"":[]}"
20130216,2013-02-16,826.0046837354425,828.0951978809873,823.6541526007242,"{""type"":""MultiPoint"",""coordinates"":[]}"
20130217,2013-02-17,826.5599387176826,828.4811733664774,824.0621526797833,"{""type"":""MultiPoint"",""coordinates"":[]}"
20130218,2013-02-18,828.5671637343812,830.1005241350806,826.7708220263713,"{""type"":""MultiPoint"",""coordinates"":[]}"
20130219,2013-02-19,829.6064990738641,831.2921116637278,827.8078267195439,"{""type"":""MultiPoint"",""coordinates"":[]}"
20130220,2013-02-20,830.2679854485639,832.27094634281,828.2887172591488,"{""type"":""MultiPoint"",""coordinates"":[]}"
20130221,2013-02-21,831.0517499100027,832.9465278428167,828.8459196564638,"{""type"":""MultiPoint"",""coordinates"":[]}"
20130222,2013-02-22,831.5952906222905,833.6723965077214,829.6676199041326,"{""type"":""MultiPoint"",""coordinates"":[]}"
20130223,2013-02-23,832.0010779429963,833.8892835902033,829.9403450460197,"{""type"":""MultiPoint"",""coordinates"":[]}"
20130224,2013-02-24,832.3093557456563,834.0388268017612,830.4662491765538,"{""type"":""MultiPoint"",""coordinates"":[]}"
20130225,2013-02-25,832.3504852218083,834.065069888737,830.5058615919015,"{""type"":""MultiPoint"",""coordinates"":[]}"
20130226,2013-02-26,831.3710657434881,833.6972694235682,829.0127181451726,"{""type"":""MultiPoint"",""coordinates"":[]}"
20130227,2013-02-27,830.0298951268663,832.4185463944713,827.7011855740964,"{""type"":""MultiPoint"",""coordinates"":[]}"
20130228,2013-02-28,830.2834943930366,832.1465631613887,828.0370182236526,"{""type"":""MultiPoint"",""coordinates"":[]}"
20130301,2013-03-01,832.0979450394531,833.85987723761,829.9012263480372,"{""type"":""MultiPoint"",""coordinates"":[]}"
20130302,2013-03-02,833.3441632734468,835.0667624973097,831.6285288694022,"{""type"":""MultiPoint"",""coordinates"":[]}"
20130303,2013-03-03,833.0969581223312,834.9584429667057,831.1345863719974,"{""type"":""MultiPoint"",""coordinates"":[]}"
20130304,2013-03-04,832.8810696376726,834.7430343208787,831.0039721749251,"{""type"":""MultiPoint"",""coordinates"":[]}"
20130305,2013-03-05,833.4921373012876,835.3841628521344,831.5234979305045,"{""type"":""MultiPoint"",""coordinates"":[]}"
20130306,2013-03-06,833.6744013943934,835.5291615597139,831.9856480419005,"{""type"":""MultiPoint"",""coordinates"":[]}"
20130307,2013-03-07,833.2529840396105,835.232542039508,831.1824576135191,"{""type"":""MultiPoint"",""coordinates"":[]}"
20130308,2013-03-08,831.5932242706566,833.9573304231657,829.3265296290622,"{""type"":""MultiPoint"",""coordinates"":[]}"
20130309,2013-03-09,829.068580060483,831.5287427549993,826.8405739096502,"{""type"":""MultiPoint"",""coordinates"":[]}"
20130310,2013-03-10,828.325124553333,830.1351600901085,826.1333357740017,"{""type"":""MultiPoint"",""coordinates"":[]}"
20130311,2013-03-11,829.5038328643445,831.1653911709881,827.5571140600424,"{""type"":""MultiPoint"",""coordinates"":[]}"
20130312,2013-03-12,829.8468104111447,831.5248539491282,827.8346566343257,"{""type"":""MultiPoint"",""coordinates"":[]}"
20130313,2013-03-13,829.8318637049375,831.7925011372961,827.7829527648295,"{""type"":""MultiPoint"",""coordinates"":[]}"
20130314,2013-03-14,830.8190905558838,832.6313760760307,828.6548453095734,"{""type"":""MultiPoint"",""coordinates"":[]}"
20130315,2013-03-15,832.0001997960928,833.7423986277878,830.0410980529932,"{""type"":""MultiPoint"",""coordinates"":[]}"
20130316,2013-03-16,832.3874021524459,834.1552580250237,830.6308176155908,"{""type"":""MultiPoint"",""coordinates"":[]}"
20130317,2013-03-17,830.5610535485289,833.3796573057949,828.0819993700637,"{""type"":""MultiPoint"",""coordinates"":[]}"
20130318,2013-03-18,827.7487824841895,829.9909991272335,825.8230243561042,"{""type"":""MultiPoint"",""coordinates"":[]}"
20130319,2013-03-19,828.677474911822,830.3688676089085,826.7133832630087,"{""type"":""MultiPoint"",""coordinates"":[]}"
20130320,2013-03-20,829.3330271137472,831.3796878254291,827.3570335887944,"{""type"":""MultiPoint"",""coordinates"":[]}"
20130321,2013-03-21,827.8453022559758,830.2834772092324,825.6775436867883,"{""type"":""MultiPoint"",""coordinates"":[]}"
20130322,2013-03-22,827.1877677505495,829.1300146322139,825.0892108541653,"{""type"":""MultiPoint"",""coordinates"":[]}"
20130323,2013-03-23,828.4537868002569,830.1996714244018,826.3203050712717,"{""type"":""MultiPoint"",""coordinates"":[]}"
20130324,2013-03-24,829.2275967853657,831.4775472313227,826.9558533479623,"{""type"":""MultiPoint"",""coordinates"":[]}"
20130325,2013-03-25,827.7864869677527,830.3838588960277,825.562975432355,"{""type"":""MultiPoint"",""coordinates"":[]}"
20130326,2013-03-26,827.3297260466746,829.0903601609299,825.3738314915532,"{""type"":""MultiPoint"",""coordinates"":[]}"
20130327,2013-03-27,828.413856593604,830.1184692360463,826.3267021914314,"{""type"":""MultiPoint"",""coordinates"":[]}"
20130328,2013-03-28,828.8773119101772,830.6131477105869,826.9819087403957,"{""type"":""MultiPoint"",""coordinates"":[]}"
20130329,2013-03-29,828.333018523636,830.1694544088692,826.527541529488,"{""type"":""MultiPoint"",""coordinates"":[]}"
20130330,2013-03-30,827.6378326586008,829.307219165747,825.8457918967229,"{""type"":""MultiPoint"",""coordinates"":[]}"
20130331,2013-03-31,828.0807900934952,829.8738336167503,826.1483358158742,"{""type"":""MultiPoint"",""coordinates"":[]}"
20130401,2013-04-01,828.2682855833793,830.0012888665384,826.5280967786557,"{""type"":""MultiPoint"",""coordinates"":[]}"
20130402,2013-04-02,828.7375374606083,830.4798920970745,826.9140087931443,"{""type"":""MultiPoint"",""coordinates"":[]}"
20130403,2013-04-03,827.7869616671074,829.8421594581137,825.8076353703918,"{""type"":""MultiPoint"",""coordinates"":[]}"
20130404,2013-04-04,826.4672033957164,828.7730340894285,824.2457800887547,"{""type"":""MultiPoint"",""coordinates"":[]}"
20130405,2013-04-05,826.1702641593779,828.0124693305478,824.2453907630521,"{""type"":""MultiPoint"",""coordinates"":[]}"
20130406,2013-04-06,826.1613301250462,828.2251334082399,824.2429111245635,"{""type"":""MultiPoint"",""coordinates"":[]}"
20130407,2013-04-07,826.6590419160482,828.4450696648884,824.7589377307445,"{""type"":""MultiPoint"",""coordinates"":[]}"
20130408,2013-04-08,827.7144054416844,829.4065104529144,825.6643987994372,"{""type"":""MultiPoint"",""coordinates"":[]}"
20130409,2013-04-09,828.3827265065242,830.0923539277253,826.472977867368,"{""type"":""MultiPoint"",""coordinates"":[]}"
20130410,2013-04-10,828.2047084892118,830.0877389104114,826.2482195510067,"{""type"":""MultiPoint"",""coordinates"":[]}"
20130411,2013-04-11,828.009630311773,829.7426661753957,826.1068969856213,"{""type"":""MultiPoint"",""coordinates"":[]}"
20130412,2013-04-12,829.1226844205381,830.7029273554692,827.4034310421627,"{""type"":""MultiPoint"",""coordinates"":[]}"
20130413,2013-04-13,829.6819612139585,831.2808008900386,827.7229566914236,"{""type"":""MultiPoint"",""coordinates"":[]}"
20130414,2013-04-14,828.6773840784468,830.9064320336242,826.527777519949,"{""type"":""MultiPoint"",""coordinates"":[]}"
20130415,2013-04-15,826.653972431845,828.590981975471,824.419386364146,"{""type"":""MultiPoint"",""coordinates"":[]}"
20130416,2013-04-16,824.6829697006103,826.7127475141259,822.7077898313993,"{""type"":""MultiPoint"",""coordinates"":[]}"
20130417,2013-04-17,824.327236004308,825.9286578705893,822.3736256683598,"{""type"":""MultiPoint"",""coordinates"":[]}"
20130418,2013-04-18,825.6281570295678,827.2315169334399,823.6146637010318,"{""type"":""MultiPoint"",""coordinates"":[]}"
20130419,2013-04-19,826.3812201962944,828.1798019209242,824.2788116486632,"{""type"":""MultiPoint"",""coordinates"":[]}"
20130420,2013-04-20,827.2851628710919,828.9271941699236,825.2230507816571,"{""type"":""MultiPoint"",""coordinates"":[]}"
20130421,2013-04-21,827.8930240317488,829.5048112843804,825.8070660690425,"{""type"":""MultiPoint"",""coordinates"":[]}"
20130422,2013-04-22,829.1779404565361,830.8078469670555,827.2539355442708,"{""type"":""MultiPoint"",""coordinates"":[]}"
20130423,2013-04-23,830.3544646562214,831.9081211254368,828.4282284755245,"{""type"":""MultiPoint"",""coordinates"":[]}"
20130424,2013-04-24,830.4641409400064,832.2987728156086,828.5346606625225,"{""type"":""MultiPoint"",""coordinates"":[]}"
20130425,2013-04-25,830.1464727767533,832.0640223214033,828.1543558567644,"{""type"":""MultiPoint"",""coordinates"":[]}"
20130426,2013-04-26,829.6631984992432,831.6003378865602,827.6844735235226,"{""type"":""MultiPoint"",""coordinates"":[]}"
20130427,2013-04-27,828.335338731807,830.2913430030641,826.3248847314384,"{""type"":""MultiPoint"",""coordinates"":[]}"
20130428,2013-04-28,827.2979924818572,828.8825178772234,825.390395069726,"{""type"":""MultiPoint"",""coordinates"":[]}"
20130429,2013-04-29,827.794343163804,829.4610694964318,825.9434480510643,"{""type"":""MultiPoint"",""coordinates"":[]}"
20130430,2013-04-30,827.8245205168932,829.5535515241329,825.9888000894216,"{""type"":""MultiPoint"",""coordinates"":[]}"
20130501,2013-05-01,825.9481484084557,828.2052290310464,823.8050977589144,"{""type"":""MultiPoint"",""coordinates"":[]}"
20130502,2013-05-02,824.3078022784817,825.8936218738435,822.4232408684048,"{""type"":""MultiPoint"",""coordinates"":[]}"
20130503,2013-05-03,823.8889755967035,825.5137284244017,822.1069063665054,"{""type"":""MultiPoint"",""coordinates"":[]}"
20130504,2013-05-04,824.9928317096959,826.5471160014769,823.1757940932918,"{""type"":""MultiPoint"",""coordinates"":[]}"
20130505,2013-05-05,826.6551569246619,828.2415136721364,824.7945539109254,"{""type"":""MultiPoint"",""coordinates"":[]}"
20130506,2013-05-06,826.7070926785519,828.3712187622593,824.8562176852691,"{""type"":""MultiPoint"",""coordinates"":[]}"
20130507,2013-05-07,826.7087736209064,828.2600197175433,824.9968629310706,"{""type"":""MultiPoint"",""coordinates"":[]}"
20130508,2013-05-08,826.7602586849381,828.4451148519031,824.8557308439393,"{""type"":""MultiPoint"",""coordinates"":[]}"
20130509,2013-05-09,826.6687161321987,828.2783142386212,824.7960184436585,"{""type"":""MultiPoint"",""coordinates"":[]}"
20130510,2013-05-10,826.4662889760148,828.0833092406143,824.5853723615293,"{""type"":""MultiPoint"",""coordinates"":[]}"
20130511,2013-05-11,825.133322101625,826.7574729975818,822.9887294992096,"{""type"":""MultiPoint"",""coordinates"":[]}"
20130512,2013-05-12,825.8951841816624,827.5123279213079,823.8179823616381,"{""type"":""MultiPoint"",""coordinates"":[]}"
20130513,2013-05-13,825.7287779567088,827.3876249822953,823.9716412491589,"{""type"":""MultiPoint"",""coordinates"":[]}"
20130514,2013-05-14,825.1628278404849,826.8688825039301,823.290567012089,"{""type"":""MultiPoint"",""coordinates"":[]}"
20130515,2013-05-15,825.0549814337076,826.653064162016,823.2940966125883,"{""type"":""MultiPoint"",""coordinates"":[]}"
20130516,2013-05-16,825.3825632738117,826.8547195090046,823.6463512420733,"{""type"":""MultiPoint"",""coordinates"":[]}"
20130517,2013-05-17,826.4839024776553,827.931035543549,824.9671727830404,"{""type"":""MultiPoint"",""coordinates"":[]}"
20130518,2013-05-18,826.675144231288,828.3608765867178,824.8142791615978,"{""type"":""MultiPoint"",""coordinates"":[]}"
20130519,2013-05-19,826.536918063791,828.1993526758567,824.7344623109742,"{""type"":""MultiPoint"",""coordinates"":[]}"
20130520,2013-05-20,826.5353416126683,828.1751848683308,824.7156263512718,"{""type"":""MultiPoint"",""coordinates"":[]}"
20130521,2013-05-21,826.9068578489358,828.5176518401296,825.1970573241381,"{""type"":""MultiPoint"",""coordinates"":[]}"
20130522,2013-05-22,826.6347194345498,828.3236407274238,824.7841776614504,"{""type"":""MultiPoint"",""coordinates"":[]}"
20130523,2013-05-23,826.3959157371945,828.0711126950389,824.5916441352348,"{""type"":""MultiPoint"",""coordinates"":[]}"
20130524,2013-05-24,825.7487539384708,827.5386600499708,823.8485315480516,"{""type"":""MultiPoint"",""coordinates"":[]}"
20130525,2013-05-25,825.5658935075926,827.1674982970434,823.6084527702337,"{""type"":""MultiPoint"",""coordinates"":[]}"
20130526,2013-05-26,825.7079028618608,827.3395883586928,823.7719766134005,"{""type"":""MultiPoint"",""coordinates"":[]}"
20130527,2013-05-27,826.2471494112397,827.7600700718856,824.431687405623,"{""type"":""MultiPoint"",""coordinates"":[]}"
20130528,2013-05-28,826.3261574573003,827.8353282190131,824.4908883820844,"{""type"":""MultiPoint"",""coordinates"":[]}"
20130529,2013-05-29,825.999760320552,827.6904395103566,824.1048983680521,"{""type"":""MultiPoint"",""coordinates"":[]}"
20130530,2013-05-30,825.6089574347991,827.1876181228761,823.9192291408082,"{""type"":""MultiPoint"",""coordinates"":[]}"
20130531,2013-05-31,825.9630421345537,827.4850698643457,824.1802113086043,"{""type"":""MultiPoint"",""coordinates"":[]}"
20130601,2013-06-01,826.6635384585915,828.1179818517135,825.0512883635724,"{""type"":""MultiPoint"",""coordinates"":[]}"
20130602,2013-06-02,825.8860851878221,827.6864423585616,823.9551492349152,"{""type"":""MultiPoint"",""coordinates"":[]}"
20130603,2013-06-03,825.5599108100819,826.9869460141398,823.7613130108297,"{""type"":""MultiPoint"",""coordinates"":[]}"
20130604,2013-06-04,826.5090351717636,827.9442812256447,824.7149485083114,"{""type"":""MultiPoint"",""coordinates"":[]}"
20130605,2013-06-05,826.3657675261562,827.9262744639419,824.6357114640267,"{""type"":""MultiPoint"",""coordinates"":[]}"
20130606,2013-06-06,825.5332754948344,827.1289581026641,823.6828653687305,"{""type"":""MultiPoint"",""coordinates"":[]}"
20130607,2013-06-07,825.531331591758,827.1399897435289,823.6374282370155,"{""type"":""MultiPoint"",""coordinates"":[]}"
20130608,2013-06-08,825.5052467700954,827.1615268614675,823.6001562737501,"{""type"":""MultiPoint"",""coordinates"":[]}"
20130609,2013-06-09,825.3954096473033,826.9359641990425,823.4773811849896,"{""type"":""MultiPoint"",""coordinates"":[]}"
20130610,2013-06-10,825.4159728873445,827.0755018722181,823.4618837858773,"{""type"":""MultiPoint"",""coordinates"":[]}"
20130611,2013-06-11,824.9847483606619,826.5937761220617,823.1022176696625,"{""type"":""MultiPoint"",""coordinates"":[]}"
20130612,2013-06-12,824.1000772730574,825.5942028764226,822.4701494981421,"{""type"":""MultiPoint"",""coordinates"":[]}"
20130613,2013-06-13,823.2431168046483,824.712828114414,821.5212070065247,"{""type"":""MultiPoint"",""coordinates"":[]}"
20130614,2013-06-14,822.670241190896,824.1312429937273,820.8758203518582,"{""type"":""MultiPoint"",""coordinates"":[]}"
20130615,2013-06-15,823.1824098473628,824.6917678882398,821.4196058229834,"{""type"":""MultiPoint"",""coordinates"":[]}"
20130616,2013-06-16,823.1280775296692,824.6017682061484,821.4688679486485,"{""type"":""MultiPoint"",""coordinates"":[]}"
20130617,2013-06-17,822.6365912289197,824.2816569509323,820.8910007146258,"{""type"":""MultiPoint"",""coordinates"":[]}"
20130618,2013-06-18,822.7237648917097,824.1149378691711,820.957526883078,"{""type"":""MultiPoint"",""coordinates"":[]}"
20130619,2013-06-19,824.2805951191176,825.9440926245233,822.4531792157532,"{""type"":""MultiPoint"",""coordinates"":[]}"
20130620,2013-06-20,825.1397825986338,826.6425489411996,823.3951065226819,"{""type"":""MultiPoint"",""coordinates"":[]}"
20130621,2013-06-21,825.1175658977398,826.4660014093598,823.458821528272,"{""type"":""MultiPoint"",""coordinates"":[]}"
20130622,2013-06-22,824.9680646790139,826.2832828768209,823.3926183255743,"{""type"":""MultiPoint"",""coordinates"":[]}"
20130623,2013-06-23,824.1760787186604,825.562059725927,822.4502198248099,"{""type"":""MultiPoint"",""coordinates"":[]}"
20130624,2013-06-24,824.3186667526193,825.8458993895897,822.6371307235117,"{""type"":""MultiPoint"",""coordinates"":[]}"
20130625,2013-06-25,825.7427035144627,827.2356925835774,824.0893464658744,"{""type"":""MultiPoint"",""coordinates"":[]}"
20130626,2013-06-26,825.4926712632578,826.9219643429125,823.867671233754,"{""type"":""MultiPoint"",""coordinates"":[]}"
20130627,2013-06-27,824.3487596518318,825.8101028516156,822.8321744979826,"{""type"":""MultiPoint"",""coordinates"":[]}"
20130628,2013-06-28,823.7641444830891,825.1037140576483,822.2437515555126,"{""type"":""MultiPoint"",""coordinates"":[]}"
20130629,2013-06-29,824.2935924843507,825.7372091224244,822.8052974345864,"{""type"":""MultiPoint"",""coordinates"":[]}"
20130630,2013-06-30,824.5813682620808,825.9769435517023,823.001160823509,"{""type"":""MultiPoint"",""coordinates"":[]}"
20130701,2013-07-01,823.4501534472138,824.9579238625726,821.7120368641102,"{""type"":""MultiPoint"",""coordinates"":[]}"
20130702,2013-07-02,823.4330884243421,825.0537037533144,821.696590511838,"{""type"":""MultiPoint"",""coordinates"":[]}"
20130703,2013-07-03,824.4319272751202,825.921899574144,822.68948628309,"{""type"":""MultiPoint"",""coordinates"":[]}"
20130704,2013-07-04,824.7288657138374,826.1854778668522,823.0382219833309,"{""type"":""MultiPoint"",""coordinates"":[]}"
20130705,2013-07-05,825.1480743961029,826.8251659999371,823.3743235196747,"{""type"":""MultiPoint"",""coordinates"":[]}"
20130706,2013-07-06,826.2434835294994,827.7369598022505,824.6524594402837,"{""type"":""MultiPoint"",""coordinates"":[]}"
20130707,2013-07-07,825.7681834776743,827.3403772097978,823.8120085168042,"{""type"":""MultiPoint"",""coordinates"":[]}"
20130708,2013-07-08,824.3294539222443,825.7680264424029,822.4834066401712,"{""type"":""MultiPoint"",""coordinates"":[]}"
20130709,2013-07-09,823.2472388697654,824.7404787483349,821.477288209457,"{""type"":""MultiPoint"",""coordinates"":[]}"
20130710,2013-07-10,823.0726998180184,824.6325748619341,821.3059166781741,"{""type"":""MultiPoint"",""coordinates"":[]}"
20130711,2013-07-11,824.7910481103479,826.5278757259716,822.9996265146199,"{""type"":""MultiPoint"",""coordinates"":[]}"
20130712,2013-07-12,825.7796069380839,827.2077182711272,824.2289881105827,"{""type"":""MultiPoint"",""coordinates"":[]}"
20130713,2013-07-13,825.3712915030021,826.9207709937816,823.666781123802,"{""type"":""MultiPoint"",""coordinates"":[]}"
20130714,2013-07-14,824.9148271519097,826.229506440954,823.2642124564953,"{""type"":""MultiPoint"",""coordinates"":[]}"
20130715,2013-07-15,825.0298885781627,826.4027670066633,823.3999658783913,"{""type"":""MultiPoint"",""coordinates"":[]}"
20130716,2013-07-16,825.029197347891,826.4318824685442,823.3802936706645,"{""type"":""MultiPoint"",""coordinates"":[]}"
20130717,2013-07-17,824.9179616202739,826.4965801744682,823.2506634694605,"{""type"":""MultiPoint"",""coordinates"":[]}"
20130718,2013-07-18,823.5926828649606,825.0946339221167,821.8410973591475,"{""type"":""MultiPoint"",""coordinates"":[]}"
20130719,2013-07-19,823.2203508407152,824.6600613598507,821.579303778106,"{""type"":""MultiPoint"",""coordinates"":[]}"
20130720,2013-07-20,824.4275211051873,825.8929160784375,822.6996306648582,"{""type"":""MultiPoint"",""coordinates"":[]}"
20130721,2013-07-21,823.2368188688675,824.7775517521468,821.3247883146452,"{""type"":""MultiPoint"",""coordinates"":[]}"
20130722,2013-07-22,823.1928729037,824.8808572125795,821.3056782095668,"{""type"":""MultiPoint"",""coordinates"":[]}"
20130723,2013-07-23,823.6996831385277,825.1993297572684,822.0932136257525,"{""type"":""MultiPoint"",""coordinates"":[]}"
20130724,2013-07-24,823.5384500560848,825.080034143239,821.8012852940172,"{""type"":""MultiPoint"",""coordinates"":[]}"
20130725,2013-07-25,822.8114848670917,824.4133516594237,820.8587913656584,"{""type"":""MultiPoint"",""coordinates"":[]}"
20130726,2013-07-26,823.455641926103,825.2409760279977,821.7383818428443,"{""type"":""MultiPoint"",""coordinates"":[]}"
20130727,2013-07-27,825.6382784104109,827.2605362420701,823.9185515810506,"{""type"":""MultiPoint"",""coordinates"":[]}"
20130728,2013-07-28,826.6840862716949,827.9393406957244,825.2423853100911,"{""type"":""MultiPoint"",""coordinates"":[]}"
20130729,2013-07-29,825.5690413911758,827.0358664522848,823.880174666812,"{""type"":""MultiPoint"",""coordinates"":[]}"
20130730,2013-07-30,824.1878622832165,825.7164567021626,822.4463030800509,"{""type"":""MultiPoint"",""coordinates"":[]}"
20130731,2013-07-31,823.850839699653,825.2559399969914,822.1330614055194,"{""type"":""MultiPoint"",""coordinates"":[]}"
20130801,2013-08-01,824.6285455780642,825.9607707969463,823.003190640135,"{""type"":""MultiPoint"",""coordinates"":[]}"
20130802,2013-08-02,826.0685838930108,827.6938431675751,824.2669985578844,"{""type"":""MultiPoint"",""coordinates"":[]}"
20130803,2013-08-03,826.9324425280417,828.4676081907113,825.2419936025772,"{""type"":""MultiPoint"",""coordinates"":[]}"
20130804,2013-08-04,826.5164090054944,828.1511313897701,824.572680904599,"{""type"":""MultiPoint"",""coordinates"":[]}"
20130805,2013-08-05,826.7052432250265,828.243622727376,824.9010986417035,"{""type"":""MultiPoint"",""coordinates"":[]}"
20130806,2013-08-06,827.1838997414102,828.7329594341076,825.40799570394,"{""type"":""MultiPoint"",""coordinates"":[]}"
20130807,2013-08-07,827.6474181735232,829.0643137166518,826.0550475039429,"{""type"":""MultiPoint"",""coordinates"":[]}"
20130808,2013-08-08,826.8521311273031,828.2743933588762,825.2245790548847,"{""type"":""MultiPoint"",""coordinates"":[]}"
20130809,2013-08-09,826.536286173795,827.9398298434365,824.8442738154982,"{""type"":""MultiPoint"",""coordinates"":[]}"
20130810,2013-08-10,827.1699291760372,828.5945767359391,825.4152648503311,"{""type"":""MultiPoint"",""coordinates"":[]}"
20130811,2013-08-11,827.841791443576,829.2354434820447,826.2119123761161,"{""type"":""MultiPoint"",""coordinates"":[]}"
20130812,2013-08-12,827.0362780690064,828.7077797881399,825.1084325587904,"{""type"":""MultiPoint"",""coordinates"":[]}"
20130813,2013-08-13,825.6407351493846,827.2022694387961,823.7760075605665,"{""type"":""MultiPoint"",""coordinates"":[]}"
20130814,2013-08-14,826.1245555932456,827.5681240030498,824.330644660631,"{""type"":""MultiPoint"",""coordinates"":[]}"
20130815,2013-08-15,827.0469163614847,828.5272555468549,825.4066010645591,"{""type"":""MultiPoint"",""coordinates"":[]}"
20130816,2013-08-16,826.2798750283969,827.8368007016055,824.3610656971654,"{""type"":""MultiPoint"",""coordinates"":[]}"
20130817,2013-08-17,825.8773094933051,827.3720320574873,823.9038686862206,"{""type"":""MultiPoint"",""coordinates"":[]}"
20130818,2013-08-18,825.9678956406392,827.3743664877129,824.2051781956624,"{""type"":""MultiPoint"",""coordinates"":[]}"
20130819,2013-08-19,825.906737057549,827.4494271868327,824.1121684659779,"{""type"":""MultiPoint"",""coordinates"":[]}"
20130820,2013-08-20,825.1077730451938,826.702612225744,823.2266011163127,"{""type"":""MultiPoint"",""coordinates"":[]}"
20130821,2013-08-21,825.3648672567166,826.7835662975492,823.6079265833341,"{""type"":""MultiPoint"",""coordinates"":[]}"
20130822,2013-08-22,826.2970073603635,827.6006313611042,824.6133360560044,"{""type"":""MultiPoint"",""coordinates"":[]}"
20130823,2013-08-23,826.8802760963296,828.2824539636118,825.1241376448925,"{""type"":""MultiPoint"",""coordinates"":[]}"
20130824,2013-08-24,826.6463732094172,828.1833137256021,824.9190635064634,"{""type"":""MultiPoint"",""coordinates"":[]}"
20130825,2013-08-25,825.9224802809168,827.5677673603518,824.0172942344703,"{""type"":""MultiPoint"",""coordinates"":[]}"
20130826,2013-08-26,825.7541597320401,827.177779830108,823.9219808358691,"{""type"":""MultiPoint"",""coordinates"":[]}"
20130827,2013-08-27,826.880336162457,828.1710419869478,825.268510153523,"{""type"":""MultiPoint"",""coordinates"":[]}"
20130828,2013-08-28,828.3686520067569,829.7794051681209,826.6531436450956,"{""type"":""MultiPoint"",""coordinates"":[]}"
20130829,2013-08-29,828.6495014864513,830.0083643583879,827.0220596971242,"{""type"":""MultiPoint"",""coordinates"":[]}"
20130830,2013-08-30,827.9525157156436,829.5660130165086,826.1663305749205,"{""type"":""MultiPoint"",""coordinates"":[]}"
20130831,2013-08-31,827.9542291714293,829.3241560204106,826.2480263522312,"{""type"":""MultiPoint"",""coordinates"":[]}"
20130901,2013-09-01,828.6150256413047,830.1268699538522,826.6736419494578,"{""type"":""MultiPoint"",""coordinates"":[]}"
20130902,2013-09-02,828.8305477421677,830.3185451617624,827.056898775159,"{""type"":""MultiPoint"",""coordinates"":[]}"
20130903,2013-09-03,827.9299542874629,829.5036043128836,826.1460634978602,"{""type"":""MultiPoint"",""coordinates"":[]}"
20130904,2013-09-04,827.3924568785927,829.1275984099568,825.6774346970665,"{""type"":""MultiPoint"",""coordinates"":[]}"
20130905,2013-09-05,827.0701397659699,828.5687529869133,825.2098440131189,"{""type"":""MultiPoint"",""coordinates"":[]}"
20130906,2013-09-06,828.3950473649727,829.9323406592056,826.4627297101265,"{""type"":""MultiPoint"",""coordinates"":[]}"
20130907,2013-09-07,829.5049568163365,831.0810125449445,827.7356767833558,"{""type"":""MultiPoint"",""coordinates"":[]}"
20130908,2013-09-08,830.318639030144,831.6880990987951,828.5450730934812,"{""type"":""MultiPoint"",""coordinates"":[]}"
20130909,2013-09-09,830.3498530644466,832.103833379756,828.5741671394063,"{""type"":""MultiPoint"",""coordinates"":[]}"
20130910,2013-09-10,828.9706441213033,830.8128756272479,826.9338067849092,"{""type"":""MultiPoint"",""coordinates"":[]}"
20130911,2013-09-11,829.6165553561506,831.0695633145305,827.6897286240272,"{""type"":""MultiPoint"",""coordinates"":[]}"
20130912,2013-09-12,830.6474210418132,832.1690435402619,828.7254401261181,"{""type"":""MultiPoint"",""coordinates"":[]}"
20130913,2013-09-13,829.9734237545596,831.9655177428573,827.9750567020643,"{""type"":""MultiPoint"",""coordinates"":[]}"
20130914,2013-09-14,827.7123443155531,830.0943162536827,825.5261832908573,"{""type"":""MultiPoint"",""coordinates"":[]}"
20130915,2013-09-15,825.6610555791945,827.7067739902513,823.4918706842889,"{""type"":""MultiPoint"",""coordinates"":[]}"
20130916,2013-09-16,825.9352551827549,827.5079099806142,823.8598029177468,"{""type"":""MultiPoint"",""coordinates"":[]}"
20130917,2013-09-17,826.3841573894279,828.1361291127431,824.1643082591207,"{""type"":""MultiPoint"",""coordinates"":[]}"
20130918,2013-09-18,827.1671206403859,828.9061683786138,825.1370373921187,"{""type"":""MultiPoint"",""coordinates"":[]}"
20130919,2013-09-19,826.9661924546987,828.935712430279,824.8010620598676,"{""type"":""MultiPoint"",""coordinates"":[]}"
20130920,2013-09-20,826.8899188344882,828.5113138839439,824.9002263489147,"{""type"":""MultiPoint"",""coordinates"":[]}"
20130921,2013-09-21,826.7884750664472,828.3690067339493,825.0658836722232,"{""type"":""MultiPoint"",""coordinates"":[]}"
20130922,2013-09-22,826.6216139572916,828.2578488129352,824.8187296593803,"{""type"":""MultiPoint"",""coordinates"":[]}"
20130923,2013-09-23,826.7712407608448,828.2737297885434,824.7921004178867,"{""type"":""MultiPoint"",""coordinates"":[]}"
20130924,2013-09-24,827.913722965021,829.371227246185,825.8563262706803,"{""type"":""MultiPoint"",""coordinates"":[]}"
20130925,2013-09-25,829.4460915140348,830.9533615941093,827.3539030323872,"{""type"":""MultiPoint"",""coordinates"":[]}"
20130926,2013-09-26,830.4888257763613,832.2362217521593,828.5098468465338,"{""type"":""MultiPoint"",""coordinates"":[]}"
20130927,2013-09-27,829.964118378592,831.7415350548542,827.9595056693952,"{""type"":""MultiPoint"",""coordinates"":[]}"
20130928,2013-09-28,828.7436299522158,830.8048006707835,826.6539530174573,"{""type"":""MultiPoint"",""coordinates"":[]}"
20130929,2013-09-29,827.55857334813,829.2859757183404,825.7059430987856,"{""type"":""MultiPoint"",""coordinates"":[]}"
20130930,2013-09-30,828.1297306268567,829.6066186908871,826.1611357395332,"{""type"":""MultiPoint"",""coordinates"":[]}"
20131001,2013-10-01,829.8328601063668,831.3713913301049,827.8025497393197,"{""type"":""MultiPoint"",""coordinates"":[]}"
20131002,2013-10-02,830.9585314245413,832.4677901976637,828.9863948848947,"{""type"":""MultiPoint"",""coordinates"":[]}"
20131003,2013-10-03,830.2726775671072,832.2962958189368,828.1303663393337,"{""type"":""MultiPoint"",""coordinates"":[]}"
20131004,2013-10-04,829.4216400076249,831.1204482390621,827.5430573442686,"{""type"":""MultiPoint"",""coordinates"":[]}"
20131005,2013-10-05,829.2502321529417,830.990211708673,827.2078346285889,"{""type"":""MultiPoint"",""coordinates"":[]}"
20131006,2013-10-06,830.8858568346186,832.4352703166804,828.7209690745879,"{""type"":""MultiPoint"",""coordinates"":[]}"
20131007,2013-10-07,832.5405807128433,834.0405964247464,830.4857976987972,"{""type"":""MultiPoint"",""coordinates"":[]}"
20131008,2013-10-08,832.8502856970849,834.5505759974112,831.0648425162738,"{""type"":""MultiPoint"",""coordinates"":[]}"
20131009,2013-10-09,832.6432763936,834.0823463362482,830.8265034536386,"{""type"":""MultiPoint"",""coordinates"":[]}"
20131010,2013-10-10,832.5980092209686,834.4945082604298,830.5853387710193,"{""type"":""MultiPoint"",""coordinates"":[]}"
20131011,2013-10-11,831.0723688153231,833.2956320443313,829.0685561204033,"{""type"":""MultiPoint"",""coordinates"":[]}"
20131012,2013-10-12,829.3912791944887,831.1360880727723,827.395080620933,"{""type"":""MultiPoint"",""coordinates"":[]}"
20131013,2013-10-13,829.565031199632,831.4473591042251,827.521197175702,"{""type"":""MultiPoint"",""coordinates"":[]}"
20131014,2013-10-14,829.761832420977,831.350018479755,827.8504496873991,"{""type"":""MultiPoint"",""coordinates"":[]}"
20131015,2013-10-15,830.4299936202171,832.0663020625685,828.6315176293646,"{""type"":""MultiPoint"",""coordinates"":[]}"
20131016,2013-10-16,830.4978196159578,831.9965846426949,828.6082920882732,"{""type"":""MultiPoint"",""coordinates"":[]}"
20131017,2013-10-17,831.1725069518467,832.7333455485561,829.3436419804492,"{""type"":""MultiPoint"",""coordinates"":[]}"
20131018,2013-10-18,831.653263194647,833.3901124075907,829.9237131612512,"{""type"":""MultiPoint"",""coordinates"":[]}"
20131019,2013-10-19,831.8574510926383,833.5637855587643,830.0896251506914,"{""type"":""MultiPoint"",""coordinates"":[]}"
20131020,2013-10-20,830.698218578576,832.4958803818193,828.897300648858,"{""type"":""MultiPoint"",""coordinates"":[]}"
20131021,2013-10-21,830.3217725597254,831.8651864983412,828.3371311925157,"{""type"":""MultiPoint"",""coordinates"":[]}"
20131022,2013-10-22,831.8019121152602,833.2089028548526,830.0742861613195,"{""type"":""MultiPoint"",""coordinates"":[]}"
20131023,2013-10-23,832.2720637187468,834.0774502323885,830.4346503856564,"{""type"":""MultiPoint"",""coordinates"":[]}"
20131024,2013-10-24,831.4490539181897,833.3925728015496,829.6132771646556,"{""type"":""MultiPoint"",""coordinates"":[]}"
20131025,2013-10-25,830.5603398707964,832.3560933968316,828.6687558304047,"{""type"":""MultiPoint"",""coordinates"":[]}"
20131026,2013-10-26,830.4043932647742,832.1810201921745,828.6395359032138,"{""type"":""MultiPoint"",""coordinates"":[]}"
20131027,2013-10-27,829.4586018148311,831.4153189294263,827.4947162866397,"{""type"":""MultiPoint"",""coordinates"":[]}"
20131028,2013-10-28,829.3357262304404,830.77036423426,827.4642498140661,"{""type"":""MultiPoint"",""coordinates"":[]}"
20131029,2013-10-29,830.8709476405453,832.3125896485159,829.1121376776754,"{""type"":""MultiPoint"",""coordinates"":[]}"
20131030,2013-10-30,831.7085667997924,833.4110112832831,830.0263754020383,"{""type"":""MultiPoint"",""coordinates"":[]}"
20131031,2013-10-31,831.9218340995777,833.6511937850684,830.3504959653942,"{""type"":""MultiPoint"",""coordinates"":[]}"
20131101,2013-11-01,831.5526010635124,833.5260095885981,829.932902047618,"{""type"":""MultiPoint"",""coordinates"":[]}"
20131102,2013-11-02,831.6137499512059,833.158335057956,829.9691770357714,"{""type"":""MultiPoint"",""coordinates"":[]}"
20131103,2013-11-03,832.8048579810198,834.3329867541933,830.9809228838093,"{""type"":""MultiPoint"",""coordinates"":[]}"
20131104,2013-11-04,834.307876629937,835.9287417762115,832.6601144673044,"{""type"":""MultiPoint"",""coordinates"":[]}"
20131105,2013-11-05,834.0929610695559,835.7634585908544,832.5490837909098,"{""type"":""MultiPoint"",""coordinates"":[]}"
20131106,2013-11-06,833.1440730418838,835.2852050023816,831.3692822228656,"{""type"":""MultiPoint"",""coordinates"":[]}"
20131107,2013-11-07,831.78071657578,833.6841647065075,830.0621579814909,"{""type"":""MultiPoint"",""coordinates"":[]}"
20131108,2013-11-08,830.9960680941655,832.8575187256962,829.2464737879858,"{""type"":""MultiPoint"",""coordinates"":[]}"
20131109,2013-11-09,831.5364256274188,833.3457914121327,829.7991841221018,"{""type"":""MultiPoint"",""coordinates"":[]}"
20131110,2013-11-10,831.888372494408,833.8570616535193,830.2837662203253,"{""type"":""MultiPoint"",""coordinates"":[]}"
20131111,2013-11-11,830.0496024415281,832.0974481729859,828.2290498244307,"{""type"":""MultiPoint"",""coordinates"":[]}"
20131112,2013-11-12,830.1595451976829,831.5844229360215,828.5829936942328,"{""type"":""MultiPoint"",""coordinates"":[]}"
20131113,2013-11-13,830.8939571369116,832.6049692252418,829.3292778418984,"{""type"":""MultiPoint"",""coordinates"":[]}"
20131114,2013-11-14,831.6928747437051,833.2384145200278,829.934228837453,"{""type"":""MultiPoint"",""coordinates"":[]}"
20131115,2013-11-15,832.9463998895482,834.4005116527882,831.2215037920448,"{""type"":""MultiPoint"",""coordinates"":[]}"
20131116,2013-11-16,833.8852977645328,835.5602767835996,832.4457611601166,"{""type"":""MultiPoint"",""coordinates"":[]}"
20131117,2013-11-17,833.7791481246315,835.4932628876423,832.2467678939234,"{""type"":""MultiPoint"",""coordinates"":[]}"
20131118,2013-11-18,833.6801517615663,835.5052699320521,831.9508847437309,"{""type"":""MultiPoint"",""coordinates"":[]}"
20131119,2013-11-19,832.6239196429638,834.7320701684863,830.6379768339956,"{""type"":""MultiPoint"",""coordinates"":[]}"
20131120,2013-11-20,829.8427377744707,832.4568035868166,827.7780413549303,"{""type"":""MultiPoint"",""coordinates"":[]}"
20131121,2013-11-21,829.6403179079169,831.2567631945652,827.6942422399392,"{""type"":""MultiPoint"",""coordinates"":[]}"
20131122,2013-11-22,831.3085426051541,832.9872255621996,829.6085882625538,"{""type"":""MultiPoint"",""coordinates"":[]}"
20131123,2013-11-23,831.9918325070082,833.8060838320322,829.8901968372619,"{""type"":""MultiPoint"",""coordinates"":[]}"
20131124,2013-11-24,832.0334870190941,833.973882525875,830.5323088026162,"{""type"":""MultiPoint"",""coordinates"":[]}"
20131125,2013-11-25,830.7009904203238,832.8729380690284,828.9612644764255,"{""type"":""MultiPoint"",""coordinates"":[]}"
20131126,2013-11-26,830.3708479412444,831.7935814109659,828.6021627095165,"{""type"":""MultiPoint"",""coordinates"":[]}"
20131127,2013-11-27,832.1244515555668,833.5544530581232,830.3130313353729,"{""type"":""MultiPoint"",""coordinates"":[]}"
20131128,2013-11-28,833.5009367973422,835.008967382519,831.780161359333,"{""type"":""MultiPoint"",""coordinates"":[]}"
20131129,2013-11-29,833.3898292027693,835.3457039530107,831.5109529058784,"{""type"":""MultiPoint"",""coordinates"":[]}"
20131130,2013-11-30,833.2695651376562,835.1063386821396,831.5173482718296,"{""type"":""MultiPoint"",""coordinates"":[]}"
20131201,2013-12-01,832.9398412378833,835.0085066060601,831.1502193298088,"{""type"":""MultiPoint"",""coordinates"":[]}"
20131202,2013-12-02,832.3596760653637,834.3468805106444,830.5534779894857,"{""type"":""MultiPoint"",""coordinates"":[]}"
20131203,2013-12-03,831.8270425677157,833.6078774443012,829.93529965877,"{""type"":""MultiPoint"",""coordinates"":[]}"
20131204,2013-12-04,832.3022621849175,834.1558401359539,830.6733523371943,"{""type"":""MultiPoint"",""coordinates"":[]}"
20131205,2013-12-05,831.362352612426,833.5237995874334,829.7183601750073,"{""type"":""MultiPoint"",""coordinates"":[]}"
20131206,2013-12-06,830.429248979769,832.1832311661544,828.7541102501178,"{""type"":""MultiPoint"",""coordinates"":[]}"
20131207,2013-12-07,830.5094368233354,832.0861679433989,828.9432412588659,"{""type"":""MultiPoint"",""coordinates"":[]}"
20131208,2013-12-08,830.1316393337569,832.3211965329182,828.2001162228197,"{""type"":""MultiPoint"",""coordinates"":[]}"
20131209,2013-12-09,828.8402426140576,830.7191246547429,827.1197399907986,"{""type"":""MultiPoint"",""coordinates"":[]}"
20131210,2013-12-10,828.6584491104996,830.3003039185802,826.9185153001275,"{""type"":""MultiPoint"",""coordinates"":[]}"
20131211,2013-12-11,829.235989149242,831.1821156976623,827.5484126982085,"{""type"":""MultiPoint"",""coordinates"":[]}"
20131212,2013-12-12,829.2458471868897,831.1869136154863,827.5807255362855,"{""type"":""MultiPoint"",""coordinates"":[]}"
20131213,2013-12-13,829.7555482248139,831.5752567943401,827.9943422708754,"{""type"":""MultiPoint"",""coordinates"":[]}"
20131214,2013-12-14,830.5623034746507,832.3801875543289,828.4976933929294,"{""type"":""MultiPoint"",""coordinates"":[]}"
20131215,2013-12-15,831.5788165310317,833.2759226385612,829.7608567136183,"{""type"":""MultiPoint"",""coordinates"":[]}"
20131216,2013-12-16,831.5717793390769,833.8398621502381,829.7017141522333,"{""type"":""MultiPoint"",""coordinates"":[]}"
20131217,2013-12-17,830.1607874070753,832.3219852764668,828.1962872087793,"{""type"":""MultiPoint"",""coordinates"":[]}"
20131218,2013-12-18,828.4864180185674,830.8837178631056,826.6270374515257,"{""type"":""MultiPoint"",""coordinates"":[]}"
20131219,2013-12-19,828.9239952688747,830.6790878217378,827.0230543393651,"{""type"":""MultiPoint"",""coordinates"":[]}"
20131220,2013-12-20,830.165605777755,831.8856585146336,828.4100285944623,"{""type"":""MultiPoint"",""coordinates"":[]}"
20131221,2013-12-21,830.557245167954,832.2716546311956,828.8553713132858,"{""type"":""MultiPoint"",""coordinates"":[]}"
20131222,2013-12-22,831.5465705415327,833.2885807547153,829.6934529424248,"{""type"":""MultiPoint"",""coordinates"":[]}"
20131223,2013-12-23,832.965262954293,834.2968053221124,831.2879553500028,"{""type"":""MultiPoint"",""coordinates"":[]}"
20131224,2013-12-24,833.4379235937628,835.1935866447261,831.8401531638539,"{""type"":""MultiPoint"",""coordinates"":[]}"
20131225,2013-12-25,833.20049199327,835.3519615341597,831.6197820778893,"{""type"":""MultiPoint"",""coordinates"":[]}"
20131226,2013-12-26,832.0682842624499,834.163311906827,830.3460090332031,"{""type"":""MultiPoint"",""coordinates"":[]}"
20131227,2013-12-27,830.9283216845813,833.173571136154,829.2307432565534,"{""type"":""MultiPoint"",""coordinates"":[]}"
20131228,2013-12-28,830.7146566740965,832.5718294652287,828.8724151196225,"{""type"":""MultiPoint"",""coordinates"":[]}"
20131229,2013-12-29,831.0991466764841,832.9075057128459,829.3640565624594,"{""type"":""MultiPoint"",""coordinates"":[]}"
20131230,2013-12-30,831.9160489975286,833.5274626042617,830.1422371814084,"{""type"":""MultiPoint"",""coordinates"":[]}"
20131231,2013-12-31,832.3023382765242,834.4905351944913,830.2433827611703,"{""type"":""MultiPoint"",""coordinates"":[]}"
20140101,2014-01-01,832.0601868002851,834.0218778231259,830.2251795668386,"{""type"":""MultiPoint"",""coordinates"":[]}"
20140102,2014-01-02,832.6741918275385,834.581954658434,830.8268636722889,"{""type"":""MultiPoint"",""coordinates"":[]}"
20140103,2014-01-03,832.2225835872267,834.684306553375,830.1127259123715,"{""type"":""MultiPoint"",""coordinates"":[]}"
20140104,2014-01-04,829.851353509077,832.3475601990309,828.0108637330422,"{""type"":""MultiPoint"",""coordinates"":[]}"
20140105,2014-01-05,827.7977154491052,830.0318733714854,826.219769030337,"{""type"":""MultiPoint"",""coordinates"":[]}"
20140106,2014-01-06,828.6860096750496,830.4057821670492,826.8827055133568,"{""type"":""MultiPoint"",""coordinates"":[]}"
20140107,2014-01-07,830.3134672497276,831.9808732285209,828.3831519192131,"{""type"":""MultiPoint"",""coordinates"":[]}"
20140108,2014-01-08,830.6004680801876,832.8074654528984,828.6264378900855,"{""type"":""MultiPoint"",""coordinates"":[]}"
20140109,2014-01-09,829.6298303768982,831.854405969355,827.8641933607037,"{""type"":""MultiPoint"",""coordinates"":[]}"
20140110,2014-01-10,830.3316889376023,832.0904317801792,828.4125531736913,"{""type"":""MultiPoint"",""coordinates"":[]}"
20140111,2014-01-11,832.1967861395191,834.201765310933,829.9658717198851,"{""type"":""MultiPoint"",""coordinates"":[]}"
20140112,2014-01-12,833.7956440773966,835.9193062351153,831.8479118063792,"{""type"":""MultiPoint"",""coordinates"":[]}"
20140113,2014-01-13,832.6145811264403,835.0416293777046,830.7592419542254,"{""type"":""MultiPoint"",""coordinates"":[]}"
20140114,2014-01-14,831.6094669331709,833.5126894976747,830.0158797497769,"{""type"":""MultiPoint"",""coordinates"":[]}"
20140115,2014-01-15,832.5011362091228,834.0556088523715,830.7756395837941,"{""type"":""MultiPoint"",""coordinates"":[]}"
20140116,2014-01-16,833.154822014162,834.9265292769387,831.5342854854691,"{""type"":""MultiPoint"",""coordinates"":[]}"
20140117,2014-01-17,832.671261790533,834.8431503995488,830.6575616368699,"{""type"":""MultiPoint"",""coordinates"":[]}"
20140118,2014-01-18,833.7438201783423,836.0427479579943,831.1222996699762,"{""type"":""MultiPoint"",""coordinates"":[]}"
20140119,2014-01-19,835.7043653490746,838.0364880296103,833.3490126304946,"{""type"":""MultiPoint"",""coordinates"":[]}"
20140120,2014-01-20,835.3908505709081,837.2682769299967,833.6151363523187,"{""type"":""MultiPoint"",""coordinates"":[]}"
20140121,2014-01-21,834.3738062231258,836.3994903588238,832.4914706241241,"{""type"":""MultiPoint"",""coordinates"":[]}"
20140122,2014-01-22,832.9940196309417,834.9674888121383,830.8921221279345,"{""type"":""MultiPoint"",""coordinates"":[]}"
20140123,2014-01-23,832.704644720392,834.8997497678445,830.6928674620225,"{""type"":""MultiPoint"",""coordinates"":[]}"
20140124,2014-01-24,832.0279570540076,833.8102655601177,830.4360556060975,"{""type"":""MultiPoint"",""coordinates"":[]}"
20140125,2014-01-25,832.0554944213179,833.7639166285397,830.2770123106901,"{""type"":""MultiPoint"",""coordinates"":[]}"
20140126,2014-01-26,832.5478737657537,834.2918900908168,830.8609615681986,"{""type"":""MultiPoint"",""coordinates"":[]}"
20140127,2014-01-27,832.5931774007372,834.626811759484,830.8351568778793,"{""type"":""MultiPoint"",""coordinates"":[]}"
20140128,2014-01-28,832.6012477605924,834.6431698212143,830.6854608820332,"{""type"":""MultiPoint"",""coordinates"":[]}"
20140129,2014-01-29,832.6482643730967,834.4279330867606,830.696020520135,"{""type"":""MultiPoint"",""coordinates"":[]}"
20140130,2014-01-30,832.4829374327795,834.2580896505292,830.7021798944943,"{""type"":""MultiPoint"",""coordinates"":[]}"
20140131,2014-01-31,832.7499674844269,834.6987750298639,831.2715071988364,"{""type"":""MultiPoint"",""coordinates"":[]}"
20140201,2014-02-01,832.8056364298988,834.5853259235046,831.2080322343421,"{""type"":""MultiPoint"",""coordinates"":[]}"
20140202,2014-02-02,831.2805726177024,833.7244238513682,828.9764735553703,"{""type"":""MultiPoint"",""coordinates"":[]}"
20140203,2014-02-03,828.1757182284265,830.9166016807684,825.9436990301816,"{""type"":""MultiPoint"",""coordinates"":[]}"
20140204,2014-02-04,826.0676711940565,828.1643091888305,823.9835506518219,"{""type"":""MultiPoint"",""coordinates"":[]}"
20140205,2014-02-05,825.6734812586402,827.7311500207064,823.6883305814741,"{""type"":""MultiPoint"",""coordinates"":[]}"
20140206,2014-02-06,826.2264330330047,828.427755786221,823.943762065084,"{""type"":""MultiPoint"",""coordinates"":[]}"
20140207,2014-02-07,825.323600268476,827.6781091853346,823.2467894122382,"{""type"":""MultiPoint"",""coordinates"":[]}"
20140208,2014-02-08,825.2976846242182,826.9327381415744,823.6825042388645,"{""type"":""MultiPoint"",""coordinates"":[]}"
20140209,2014-02-09,825.5962873057186,827.1287780256519,823.9129768909996,"{""type"":""MultiPoint"",""coordinates"":[]}"
20140210,2014-02-10,825.6615832718751,827.6071241015782,823.7113707862559,"{""type"":""MultiPoint"",""coordinates"":[]}"
20140211,2014-02-11,825.197542165044,827.3026136277738,823.2862134799168,"{""type"":""MultiPoint"",""coordinates"":[]}"
20140212,2014-02-12,826.7152247638435,828.4997062797873,824.6406480473712,"{""type"":""MultiPoint"",""coordinates"":[]}"
20140213,2014-02-13,828.1556943261548,829.8318290060485,826.3683580951376,"{""type"":""MultiPoint"",""coordinates"":[]}"
20140214,2014-02-14,826.8132614772765,829.2938457249836,824.6987603202172,"{""type"":""MultiPoint"",""coordinates"":[]}"
20140215,2014-02-15,825.8132083784068,827.9003962266048,823.8261632820756,"{""type"":""MultiPoint"",""coordinates"":[]}"
20140216,2014-02-16,827.7418629007748,829.7992301928808,825.1336694008968,"{""type"":""MultiPoint"",""coordinates"":[]}"
20140217,2014-02-17,831.3757972168338,833.4244262676051,828.6745638957756,"{""type"":""MultiPoint"",""coordinates"":[]}"
20140218,2014-02-18,832.2199041216028,834.5069305828445,830.138256470659,"{""type"":""MultiPoint"",""coordinates"":[]}"
20140219,2014-02-19,830.32109973119,832.6061705470414,828.4558882360375,"{""type"":""MultiPoint"",""coordinates"":[]}"
20140220,2014-02-20,829.5543356550286,831.1656778019076,827.800726827088,"{""type"":""MultiPoint"",""coordinates"":[]}"
20140221,2014-02-21,830.1673431661251,831.836797727268,828.3135468014989,"{""type"":""MultiPoint"",""coordinates"":[]}"
20140222,2014-02-22,831.1415686933377,832.9196354141715,829.2334614639055,"{""type"":""MultiPoint"",""coordinates"":[]}"
20140223,2014-02-23,831.9059122116988,833.5882139349466,830.2286319770769,"{""type"":""MultiPoint"",""coordinates"":[]}"
20140224,2014-02-24,832.4296133607786,834.3629060696203,830.498987948265,"{""type"":""MultiPoint"",""coordinates"":[]}"
20140225,2014-02-25,831.8981118614442,834.0452964114887,829.8996776432856,"{""type"":""MultiPoint"",""coordinates"":[]}"
20140226,2014-02-26,829.8759094441732,832.0111062658009,827.7731324508835,"{""type"":""MultiPoint"",""coordinates"":[]}"
20140227,2014-02-27,829.2584406867276,831.3380481651732,827.3893693804677,"{""type"":""MultiPoint"",""coordinates"":[]}"
20140228,2014-02-28,829.239069804292,831.1478908656615,827.3994928985837,"{""type"":""MultiPoint"",""coordinates"":[]}"
20140301,2014-03-01,829.4054071263308,831.2637463009135,827.4364027058378,"{""type"":""MultiPoint"",""coordinates"":[]}"
20140302,2014-03-02,829.4428932785445,831.3783005792819,827.7613637892016,"{""type"":""MultiPoint"",""coordinates"":[]}"
20140303,2014-03-03,830.4850336479191,832.270549330735,828.3809128090187,"{""type"":""MultiPoint"",""coordinates"":[]}"
20140304,2014-03-04,831.0253047325224,832.914905864618,829.1773838972985,"{""type"":""MultiPoint"",""coordinates"":[]}"
20140305,2014-03-05,830.0411631434375,832.0089333308941,828.1766679645187,"{""type"":""MultiPoint"",""coordinates"":[]}"
20140306,2014-03-06,830.003096711601,831.7879183918097,828.1229913984704,"{""type"":""MultiPoint"",""coordinates"":[]}"
20140307,2014-03-07,831.1539011005733,832.7695284923294,829.2293737189061,"{""type"":""MultiPoint"",""coordinates"":[]}"
20140308,2014-03-08,831.7842693909221,833.6688301274193,829.8366189950021,"{""type"":""MultiPoint"",""coordinates"":[]}"
20140309,2014-03-09,830.5130630486583,832.8591401447379,828.4453726657525,"{""type"":""MultiPoint"",""coordinates"":[]}"
20140310,2014-03-10,829.9916886215574,831.8335716048789,828.0952033232586,"{""type"":""MultiPoint"",""coordinates"":[]}"
20140311,2014-03-11,830.7786226141733,832.6473289042844,828.8036421816719,"{""type"":""MultiPoint"",""coordinates"":[]}"
20140312,2014-03-12,831.4797467967836,833.3678396495875,829.4206626351485,"{""type"":""MultiPoint"",""coordinates"":[]}"
20140313,2014-03-13,831.9760770808706,834.0826352508105,829.9328193634886,"{""type"":""MultiPoint"",""coordinates"":[]}"
20140314,2014-03-14,832.0250844180139,833.8922996499803,829.8399524096135,"{""type"":""MultiPoint"",""coordinates"":[]}"
20140315,2014-03-15,833.3019341256279,834.9951933091327,831.3406356402468,"{""type"":""MultiPoint"",""coordinates"":[]}"
20140316,2014-03-16,833.0427514744005,835.3373552803986,830.8761325429,"{""type"":""MultiPoint"",""coordinates"":[]}"
20140317,2014-03-17,831.3698194912453,833.6159283258537,829.0587601113313,"{""type"":""MultiPoint"",""coordinates"":[]}"
20140318,2014-03-18,830.9843813670354,833.3795430997799,828.6134974559604,"{""type"":""MultiPoint"",""coordinates"":[]}"
20140319,2014-03-19,829.8676799036155,831.9221522760222,827.8920103574435,"{""type"":""MultiPoint"",""coordinates"":[]}"
20140320,2014-03-20,828.8930544488418,831.0058071766002,826.9376815451124,"{""type"":""MultiPoint"",""coordinates"":[]}"
20140321,2014-03-21,827.2282350991908,829.5412011435862,825.2851582362015,"{""type"":""MultiPoint"",""coordinates"":[]}"
20140322,2014-03-22,827.0392854848174,828.6716644735681,825.1135387608164,"{""type"":""MultiPoint"",""coordinates"":[]}"
20140323,2014-03-23,829.0667766783107,830.6050202561878,827.0741206943818,"{""type"":""MultiPoint"",""coordinates"":[]}"
20140324,2014-03-24,829.5933738046936,831.4060955411903,827.8274424401137,"{""type"":""MultiPoint"",""coordinates"":[]}"
20140325,2014-03-25,828.9486052623911,831.0877251517039,826.9602491958135,"{""type"":""MultiPoint"",""coordinates"":[]}"
20140326,2014-03-26,829.0801945155122,830.909580147851,827.329677789996,"{""type"":""MultiPoint"",""coordinates"":[]}"
20140327,2014-03-27,829.1240088420673,830.932488472769,827.2726721491747,"{""type"":""MultiPoint"",""coordinates"":[]}"
20140328,2014-03-28,828.8489117562667,830.727483670783,826.8662102344646,"{""type"":""MultiPoint"",""coordinates"":[]}"
20140329,2014-03-29,828.6755133984188,830.7126541005945,826.6961204862479,"{""type"":""MultiPoint"",""coordinates"":[]}"
20140330,2014-03-30,828.1615244307435,830.0893536995801,826.2095953232363,"{""type"":""MultiPoint"",""coordinates"":[]}"
20140331,2014-03-31,827.2829376003682,829.2220818339023,825.3025093172853,"{""type"":""MultiPoint"",""coordinates"":[]}"
20140401,2014-04-01,826.4589090007596,828.3608616898866,824.4175812987177,"{""type"":""MultiPoint"",""coordinates"":[]}"
20140402,2014-04-02,826.7922344761939,828.4860079789705,824.7819402571141,"{""type"":""MultiPoint"",""coordinates"":[]}"
20140403,2014-04-03,828.607555627545,830.3539118963084,826.5257738163475,"{""type"":""MultiPoint"",""coordinates"":[]}"
20140404,2014-04-04,829.4141011436529,831.1019938172159,827.5979213533883,"{""type"":""MultiPoint"",""coordinates"":[]}"
20140405,2014-04-05,829.3325314741121,831.0582811547528,827.4231669046031,"{""type"":""MultiPoint"",""coordinates"":[]}"
20140406,2014-04-06,829.3423794067533,831.0472331047749,827.3218300563929,"{""type"":""MultiPoint"",""coordinates"":[]}"
20140407,2014-04-07,829.3980233745614,831.3494427104871,827.3751069242261,"{""type"":""MultiPoint"",""coordinates"":[]}"
20140408,2014-04-08,828.8715749729088,830.6574096465353,826.9508117024894,"{""type"":""MultiPoint"",""coordinates"":[]}"
20140409,2014-04-09,829.575512272135,831.2061308350922,827.5229435150545,"{""type"":""MultiPoint"",""coordinates"":[]}"
20140410,2014-04-10,829.9468119366871,831.7394772899482,828.0551521842517,"{""type"":""MultiPoint"",""coordinates"":[]}"
20140411,2014-04-11,829.2005190379007,831.3412696114073,827.2099754195286,"{""type"":""MultiPoint"",""coordinates"":[]}"
20140412,2014-04-12,828.1675083039466,830.0444099228611,826.0972923721595,"{""type"":""MultiPoint"",""coordinates"":[]}"
20140413,2014-04-13,829.0240908101363,830.6411348435244,827.0279859584867,"{""type"":""MultiPoint"",""coordinates"":[]}"
20140414,2014-04-14,829.8602087176869,831.6034145969861,827.9261965840637,"{""type"":""MultiPoint"",""coordinates"":[]}"
20140415,2014-04-15,829.6190126711311,831.5704283026124,827.6239188387648,"{""type"":""MultiPoint"",""coordinates"":[]}"
20140416,2014-04-16,827.5898244061883,829.8129600556179,825.494538686048,"{""type"":""MultiPoint"",""coordinates"":[]}"
20140417,2014-04-17,827.3705368418117,829.0044212200747,825.1618178299268,"{""type"":""MultiPoint"",""coordinates"":[]}"
20140418,2014-04-18,829.6818057210409,831.3708863490211,827.6498349803478,"{""type"":""MultiPoint"",""coordinates"":[]}"
20140419,2014-04-19,829.109432715362,830.9498142394746,827.1312380540016,"{""type"":""MultiPoint"",""coordinates"":[]}"
20140420,2014-04-20,829.0420341760947,830.8869567959462,826.9780745142222,"{""type"":""MultiPoint"",""coordinates"":[]}"
20140421,2014-04-21,829.9825208304062,831.4354800387572,827.9847206868859,"{""type"":""MultiPoint"",""coordinates"":[]}"
20140422,2014-04-22,830.8655867588461,832.6356600123095,829.0816567588523,"{""type"":""MultiPoint"",""coordinates"":[]}"
20140423,2014-04-23,829.0131954253308,831.265611783029,826.9500239689758,"{""type"":""MultiPoint"",""coordinates"":[]}"
20140424,2014-04-24,828.0314186237536,829.7911980420745,825.9925826847668,"{""type"":""MultiPoint"",""coordinates"":[]}"
20140425,2014-04-25,828.5888776842197,830.6389011712399,826.6478927377033,"{""type"":""MultiPoint"",""coordinates"":[]}"
20140426,2014-04-26,828.8145057523584,830.468300532626,826.8040885503235,"{""type"":""MultiPoint"",""coordinates"":[]}"
20140427,2014-04-27,829.6345995833076,831.4799069030303,827.5324085983344,"{""type"":""MultiPoint"",""coordinates"":[]}"
20140428,2014-04-28,829.4475510643189,831.3710255714822,827.2697333315397,"{""type"":""MultiPoint"",""coordinates"":[]}"
20140429,2014-04-29,828.7464335665114,830.6665624106378,826.6360301335105,"{""type"":""MultiPoint"",""coordinates"":[]}"
20140430,2014-04-30,829.0703596882493,830.9694137878226,827.0323810329835,"{""type"":""MultiPoint"",""coordinates"":[]}"
20140501,2014-05-01,828.3019748555838,830.1784866226448,826.3386632342232,"{""type"":""MultiPoint"",""coordinates"":[]}"
20140502,2014-05-02,827.8660802158973,829.4198176232317,825.8534838803404,"{""type"":""MultiPoint"",""coordinates"":[]}"
20140503,2014-05-03,827.9348058141126,829.6457227294119,826.0103529675489,"{""type"":""MultiPoint"",""coordinates"":[]}"
20140504,2014-05-04,828.0118669439814,829.5043716522158,825.9988034647324,"{""type"":""MultiPoint"",""coordinates"":[]}"
20140505,2014-05-05,829.2017986976745,830.6238942941259,827.3430022514038,"{""type"":""MultiPoint"",""coordinates"":[]}"
20140506,2014-05-06,829.3006852452639,831.2387535723016,827.337565687746,"{""type"":""MultiPoint"",""coordinates"":[]}"
20140507,2014-05-07,827.7639812039354,829.9724390731868,825.7780738918266,"{""type"":""MultiPoint"",""coordinates"":[]}"
20140508,2014-05-08,826.1754008737893,827.9848977065088,824.3363271403011,"{""type"":""MultiPoint"",""coordinates"":[]}"
20140509,2014-05-09,825.4407642318445,827.2125992612606,823.4291726650922,"{""type"":""MultiPoint"",""coordinates"":[]}"
20140510,2014-05-10,826.0413368024391,827.8439186411296,823.896948386088,"{""type"":""MultiPoint"",""coordinates"":[]}"
20140511,2014-05-11,826.721514466762,828.2076934803232,824.7605419856459,"{""type"":""MultiPoint"",""coordinates"":[]}"
20140512,2014-05-12,826.8404511656657,828.5308733547157,824.9314485751047,"{""type"":""MultiPoint"",""coordinates"":[]}"
20140513,2014-05-13,827.6111622696137,829.5179099739248,825.5213000709725,"{""type"":""MultiPoint"",""coordinates"":[]}"
20140514,2014-05-14,826.7319038584882,828.4869274114794,824.7811452440909,"{""type"":""MultiPoint"",""coordinates"":[]}"
20140515,2014-05-15,825.8244188898343,827.5949094852774,823.9307409797988,"{""type"":""MultiPoint"",""coordinates"":[]}"
20140516,2014-05-16,826.6764070983401,828.1339139628225,824.7976037464239,"{""type"":""MultiPoint"",""coordinates"":[]}"
20140517,2014-05-17,828.8768625260411,830.4777554483067,827.0476940716063,"{""type"":""MultiPoint"",""coordinates"":[]}"
20140518,2014-05-18,829.2684233975192,830.8146339125566,827.4380249105258,"{""type"":""MultiPoint"",""coordinates"":[]}"
20140519,2014-05-19,828.6781300890663,830.4107776246901,826.924281929137,"{""type"":""MultiPoint"",""coordinates"":[]}"
20140520,2014-05-20,827.2570703736505,829.3114089847905,825.4115428565566,"{""type"":""MultiPoint"",""coordinates"":[]}"
20140521,2014-05-21,825.6243817901736,827.6001809242772,823.8240803428029,"{""type"":""MultiPoint"",""coordinates"":[]}"
20140522,2014-05-22,824.796075848004,826.4746666590663,822.9334845321354,"{""type"":""MultiPoint"",""coordinates"":[]}"
20140523,2014-05-23,826.3962055713915,828.1683227700539,824.1650514046905,"{""type"":""MultiPoint"",""coordinates"":[]}"
20140524,2014-05-24,828.2691944222046,829.8255864246763,826.3455351280801,"{""type"":""MultiPoint"",""coordinates"":[]}"
20140525,2014-05-25,829.2734826881807,830.7984227423875,827.2986963784958,"{""type"":""MultiPoint"",""coordinates"":[]}"
20140526,2014-05-26,829.3137141531511,831.068065620147,827.3813585224599,"{""type"":""MultiPoint"",""coordinates"":[]}"
20140527,2014-05-27,828.1176110512135,829.8289743066928,826.1089717857238,"{""type"":""MultiPoint"",""coordinates"":[]}"
20140528,2014-05-28,827.2825779386386,828.9840145967341,825.442919294015,"{""type"":""MultiPoint"",""coordinates"":[]}"
20140529,2014-05-29,826.8686078741445,828.5887348599467,825.2268404070888,"{""type"":""MultiPoint"",""coordinates"":[]}"
20140530,2014-05-30,826.1603124682454,827.7296511038829,824.3969307273065,"{""type"":""MultiPoint"",""coordinates"":[]}"
20140531,2014-05-31,826.1032141722781,827.6082522617216,824.27461870336,"{""type"":""MultiPoint"",""coordinates"":[]}"
20140601,2014-06-01,826.9270428353892,828.396115345637,825.0304944380774,"{""type"":""MultiPoint"",""coordinates"":[]}"
20140602,2014-06-02,827.2107495051906,829.1663866471216,825.3789427776709,"{""type"":""MultiPoint"",""coordinates"":[]}"
20140603,2014-06-03,826.0592395574308,827.6895016656665,824.3740680256658,"{""type"":""MultiPoint"",""coordinates"":[]}"
20140604,2014-06-04,825.2875659215783,826.9961864504412,823.631228393738,"{""type"":""MultiPoint"",""coordinates"":[]}"
20140605,2014-06-05,824.7502940099769,826.4617044714258,823.044174440656,"{""type"":""MultiPoint"",""coordinates"":[]}"
20140606,2014-06-06,824.0891051478188,825.7113904423985,822.3226656600714,"{""type"":""MultiPoint"",""coordinates"":[]}"
20140607,2014-06-07,823.0562899816529,824.6995674808986,821.2079875789173,"{""type"":""MultiPoint"",""coordinates"":[]}"
20140608,2014-06-08,822.5644216788372,823.9634415238705,820.8579135956047,"{""type"":""MultiPoint"",""coordinates"":[]}"
20140609,2014-06-09,823.0436047753622,824.4054089969557,821.4189969045392,"{""type"":""MultiPoint"",""coordinates"":[]}"
20140610,2014-06-10,823.6979735615761,825.1540919670765,821.839046451047,"{""type"":""MultiPoint"",""coordinates"":[]}"
20140611,2014-06-11,823.814489112579,825.3489494141296,821.9313867507807,"{""type"":""MultiPoint"",""coordinates"":[]}"
20140612,2014-06-12,823.5433284517426,824.9143836518648,821.8414894070897,"{""type"":""MultiPoint"",""coordinates"":[]}"
20140613,2014-06-13,823.4520632666813,824.8543958067524,821.8220224338374,"{""type"":""MultiPoint"",""coordinates"":[]}"
20140614,2014-06-14,824.7466692296617,826.4802266325308,822.7950826357388,"{""type"":""MultiPoint"",""coordinates"":[]}"
20140615,2014-06-15,825.4018678162889,826.9110553844442,823.5489669013887,"{""type"":""MultiPoint"",""coordinates"":[]}"
20140616,2014-06-16,824.7930139596223,826.3645537963253,822.8455771920754,"{""type"":""MultiPoint"",""coordinates"":[]}"
20140617,2014-06-17,823.832629937797,825.4710768406244,822.0057613820912,"{""type"":""MultiPoint"",""coordinates"":[]}"
20140618,2014-06-18,823.1435008165989,824.5726680041383,821.5410733189925,"{""type"":""MultiPoint"",""coordinates"":[]}"
20140619,2014-06-19,822.5901009997667,823.9776163277999,820.9876260695972,"{""type"":""MultiPoint"",""coordinates"":[]}"
20140620,2014-06-20,822.5159093802238,823.9489501320376,820.8400930453369,"{""type"":""MultiPoint"",""coordinates"":[]}"
20140621,2014-06-21,823.9134106506268,825.4877853358245,822.2433498746057,"{""type"":""MultiPoint"",""coordinates"":[]}"
20140622,2014-06-22,824.597615707838,825.7973171062775,823.0864438692224,"{""type"":""MultiPoint"",""coordinates"":[]}"
20140623,2014-06-23,823.6176981015291,825.2786644711524,821.8831718026828,"{""type"":""MultiPoint"",""coordinates"":[]}"
20140624,2014-06-24,822.7935242601945,824.2700860680245,820.9984030531507,"{""type"":""MultiPoint"",""coordinates"":[]}"
20140625,2014-06-25,824.5107549100867,826.3430253601103,822.4275778289613,"{""type"":""MultiPoint"",""coordinates"":[]}"
20140626,2014-06-26,827.169082243073,828.7961591684261,825.3370281781047,"{""type"":""MultiPoint"",""coordinates"":[]}"
20140627,2014-06-27,828.3744904133683,829.8294644301575,826.7064274933682,"{""type"":""MultiPoint"",""coordinates"":[]}"
20140628,2014-06-28,827.2342459427949,829.1316275593908,825.3273083166994,"{""type"":""MultiPoint"",""coordinates"":[]}"
20140629,2014-06-29,825.898100165084,827.3350654003023,824.0531944961151,"{""type"":""MultiPoint"",""coordinates"":[]}"
20140630,2014-06-30,826.0258024580185,827.4061025860101,824.2966209308474,"{""type"":""MultiPoint"",""coordinates"":[]}"
20140701,2014-07-01,827.1124387487614,828.4590841388247,825.426830259329,"{""type"":""MultiPoint"",""coordinates"":[]}"
20140702,2014-07-02,826.4451299466357,828.1092978885342,824.6595929651866,"{""type"":""MultiPoint"",""coordinates"":[]}"
20140703,2014-07-03,824.2914331197413,825.8126043191828,822.5938125319467,"{""type"":""MultiPoint"",""coordinates"":[]}"
20140704,2014-07-04,824.1869717541364,825.6748552617216,822.5068890221286,"{""type"":""MultiPoint"",""coordinates"":[]}"
20140705,2014-07-05,825.8327640717207,827.4103319568513,823.9414969648795,"{""type"":""MultiPoint"",""coordinates"":[]}"
20140706,2014-07-06,826.7135919640756,828.049429900205,825.055625984394,"{""type"":""MultiPoint"",""coordinates"":[]}"
20140707,2014-07-07,825.525333190156,827.2468677125859,823.7553359173781,"{""type"":""MultiPoint"",""coordinates"":[]}"
20140708,2014-07-08,824.5241299482209,826.0166083772426,822.70093101655,"{""type"":""MultiPoint"",""coordinates"":[]}"
20140709,2014-07-09,824.9183297353467,826.3290988576524,823.1276458703951,"{""type"":""MultiPoint"",""coordinates"":[]}"
20140710,2014-07-10,825.3712185665589,826.749418463811,823.602605510185,"{""type"":""MultiPoint"",""coordinates"":[]}"
20140711,2014-07-11,825.3296213894831,826.7783497806173,823.5153919747418,"{""type"":""MultiPoint"",""coordinates"":[]}"
20140712,2014-07-12,824.9013024097601,826.3701395511681,822.8775950256155,"{""type"":""MultiPoint"",""coordinates"":[]}"
20140713,2014-07-13,825.1556603506189,826.5377290356923,823.4960363305379,"{""type"":""MultiPoint"",""coordinates"":[]}"
20140714,2014-07-14,824.640139258714,826.0336760386554,822.9310365137013,"{""type"":""MultiPoint"",""coordinates"":[]}"
20140715,2014-07-15,824.3694201425111,825.904868164344,822.6538670886193,"{""type"":""MultiPoint"",""coordinates"":[]}"
20140716,2014-07-16,824.2979658111027,825.7309458276629,822.799435996822,"{""type"":""MultiPoint"",""coordinates"":[]}"
20140717,2014-07-17,823.619481877046,825.0903291650278,821.9222451113683,"{""type"":""MultiPoint"",""coordinates"":[]}"
20140718,2014-07-18,823.301631917356,824.5790508311181,821.8302164608652,"{""type"":""MultiPoint"",""coordinates"":[]}"
20140719,2014-07-19,823.5237868502315,824.9237475968858,821.8502647495536,"{""type"":""MultiPoint"",""coordinates"":[]}"
20140720,2014-07-20,824.1385219491189,825.5657191037657,822.5385080792712,"{""type"":""MultiPoint"",""coordinates"":[]}"
20140721,2014-07-21,824.3456209095878,825.9519981954164,822.5515225488875,"{""type"":""MultiPoint"",""coordinates"":[]}"
20140722,2014-07-22,825.1482024223365,826.6845082011546,823.401476654565,"{""type"":""MultiPoint"",""coordinates"":[]}"
20140723,2014-07-23,825.4495013826727,827.0775116624877,823.7028841437277,"{""type"":""MultiPoint"",""coordinates"":[]}"
20140724,2014-07-24,825.8765024922182,827.5191829360485,824.1799040987863,"{""type"":""MultiPoint"",""coordinates"":[]}"
20140725,2014-07-25,827.081362581901,828.5023291871993,825.3217651727216,"{""type"":""MultiPoint"",""coordinates"":[]}"
20140726,2014-07-26,828.1712526491647,829.4810867460055,826.3416884267868,"{""type"":""MultiPoint"",""coordinates"":[]}"
20140727,2014-07-27,827.6027337218852,829.3425504293622,825.6325629711203,"{""type"":""MultiPoint"",""coordinates"":[]}"
20140728,2014-07-28,825.4970065649516,827.165813818797,823.5166333873836,"{""type"":""MultiPoint"",""coordinates"":[]}"
20140729,2014-07-29,825.2754471390951,826.5668059496677,823.5265204366926,"{""type"":""MultiPoint"",""coordinates"":[]}"
20140730,2014-07-30,826.0773734022038,827.5401781366135,824.40580870681,"{""type"":""MultiPoint"",""coordinates"":[]}"
20140731,2014-07-31,825.8030362924374,827.2275908207122,823.8926495096844,"{""type"":""MultiPoint"",""coordinates"":[]}"
20140801,2014-08-01,825.1278331157971,826.7925394108395,823.1643467365129,"{""type"":""MultiPoint"",""coordinates"":[]}"
20140802,2014-08-02,824.3337408191252,825.7928940462975,822.6433694017902,"{""type"":""MultiPoint"",""coordinates"":[]}"
20140803,2014-08-03,823.5973506597085,825.0644149169073,821.8828119874307,"{""type"":""MultiPoint"",""coordinates"":[]}"
20140804,2014-08-04,823.3859356328362,824.7159117344521,821.6958881228517,"{""type"":""MultiPoint"",""coordinates"":[]}"
20140805,2014-08-05,824.5684023726997,826.0253219970149,822.9662160456985,"{""type"":""MultiPoint"",""coordinates"":[]}"
20140806,2014-08-06,825.0119492628783,826.4037985835456,823.479962038602,"{""type"":""MultiPoint"",""coordinates"":[]}"
20140807,2014-08-07,824.844722856274,826.2807888071651,823.0471530891145,"{""type"":""MultiPoint"",""coordinates"":[]}"
20140808,2014-08-08,825.5551876949227,826.9222409733147,823.6668724503318,"{""type"":""MultiPoint"",""coordinates"":[]}"
20140809,2014-08-09,826.9425570893974,828.448978514886,824.9188991896759,"{""type"":""MultiPoint"",""coordinates"":[]}"
20140810,2014-08-10,827.1968533077395,828.7834282913298,825.3994567211395,"{""type"":""MultiPoint"",""coordinates"":[]}"
20140811,2014-08-11,826.5416944948698,827.987232487847,824.732169988016,"{""type"":""MultiPoint"",""coordinates"":[]}"
20140812,2014-08-12,826.1796245408981,827.6126183253579,824.4063609686134,"{""type"":""MultiPoint"",""coordinates"":[]}"
20140813,2014-08-13,826.0740804270342,827.5069259619332,824.4546079472757,"{""type"":""MultiPoint"",""coordinates"":[]}"
20140814,2014-08-14,825.9470646806856,827.3267731640074,824.3804460328954,"{""type"":""MultiPoint"",""coordinates"":[]}"
20140815,2014-08-15,826.0932449079169,827.4583168214843,824.4838357385314,"{""type"":""MultiPoint"",""coordinates"":[]}"
20140816,2014-08-16,826.9472461569857,828.3886812647478,825.3015712022867,"{""type"":""MultiPoint"",""coordinates"":[]}"
20140817,2014-08-17,828.1344539117099,829.5257975302063,826.4277809970391,"{""type"":""MultiPoint"",""coordinates"":[]}"
20140818,2014-08-18,830.0495835539427,831.4846233167713,828.2364178621266,"{""type"":""MultiPoint"",""coordinates"":[]}"
20140819,2014-08-19,829.9636044941063,831.8052882208525,828.1120069837143,"{""type"":""MultiPoint"",""coordinates"":[]}"
20140820,2014-08-20,828.4478504569087,830.2519573095124,826.6454622298378,"{""type"":""MultiPoint"",""coordinates"":[]}"
20140821,2014-08-21,827.3164202048079,828.7297189759421,825.5341261425451,"{""type"":""MultiPoint"",""coordinates"":[]}"
20140822,2014-08-22,827.9994494729194,829.5446400703028,826.1431190035889,"{""type"":""MultiPoint"",""coordinates"":[]}"
20140823,2014-08-23,828.6262123826589,829.9654239905934,826.9726464371696,"{""type"":""MultiPoint"",""coordinates"":[]}"
20140824,2014-08-24,828.6732336551152,830.0564128943034,826.9139996489857,"{""type"":""MultiPoint"",""coordinates"":[]}"
20140825,2014-08-25,828.5395720185178,829.9096698199065,826.7435074006503,"{""type"":""MultiPoint"",""coordinates"":[]}"
20140826,2014-08-26,827.9458816063211,829.5832707623966,826.014275581531,"{""type"":""MultiPoint"",""coordinates"":[]}"
20140827,2014-08-27,827.331374708368,828.7825850600547,825.3738861392609,"{""type"":""MultiPoint"",""coordinates"":[]}"
20140828,2014-08-28,827.8221973092438,829.2718006933075,826.1222816654408,"{""type"":""MultiPoint"",""coordinates"":[]}"
20140829,2014-08-29,827.4571589474698,828.8814963694024,825.615058958245,"{""type"":""MultiPoint"",""coordinates"":[]}"
20140830,2014-08-30,826.9137561843976,828.570183541266,825.0416745926387,"{""type"":""MultiPoint"",""coordinates"":[]}"
20140831,2014-08-31,826.0203441687214,827.5748341248271,824.1106589132334,"{""type"":""MultiPoint"",""coordinates"":[]}"
20140901,2014-09-01,826.248192548538,827.7917455804348,824.3093269510252,"{""type"":""MultiPoint"",""coordinates"":[]}"
20140902,2014-09-02,827.5146968939085,829.1130711723991,825.5270910344409,"{""type"":""MultiPoint"",""coordinates"":[]}"
20140903,2014-09-03,827.6129678544916,829.2684327366827,825.6668005304972,"{""type"":""MultiPoint"",""coordinates"":[]}"
20140904,2014-09-04,826.4517701201065,827.9686484796822,824.6262435274867,"{""type"":""MultiPoint"",""coordinates"":[]}"
20140905,2014-09-05,826.0777999574777,827.6529320338929,823.9386616055558,"{""type"":""MultiPoint"",""coordinates"":[]}"
20140906,2014-09-06,826.8255274002665,828.4696193046799,824.6548777388829,"{""type"":""MultiPoint"",""coordinates"":[]}"
20140907,2014-09-07,828.279549213064,829.8716175212486,826.2538174375507,"{""type"":""MultiPoint"",""coordinates"":[]}"
20140908,2014-09-08,828.1760001851347,829.9940394354372,826.12419562184,"{""type"":""MultiPoint"",""coordinates"":[]}"
20140909,2014-09-09,827.5511261679815,829.1989306456112,825.6309212874633,"{""type"":""MultiPoint"",""coordinates"":[]}"
20140910,2014-09-10,827.9770940572682,829.3890180799383,826.0096727559113,"{""type"":""MultiPoint"",""coordinates"":[]}"
20140911,2014-09-11,828.8796092980486,830.3326086358053,826.9785692069607,"{""type"":""MultiPoint"",""coordinates"":[]}"
20140912,2014-09-12,828.7226902945728,830.4462846602698,826.6884085059463,"{""type"":""MultiPoint"",""coordinates"":[]}"
20140913,2014-09-13,827.7923781064538,829.3188266446416,825.796946181673,"{""type"":""MultiPoint"",""coordinates"":[]}"
20140914,2014-09-14,827.9532266070744,829.3306393621558,826.0946484276192,"{""type"":""MultiPoint"",""coordinates"":[]}"
20140915,2014-09-15,827.478053255965,829.1819048704334,825.5875277028651,"{""type"":""MultiPoint"",""coordinates"":[]}"
20140916,2014-09-16,826.9004697238083,828.7211580440235,824.9764444791781,"{""type"":""MultiPoint"",""coordinates"":[]}"
20140917,2014-09-17,827.3690555014215,828.8210405605543,825.4732908743176,"{""type"":""MultiPoint"",""coordinates"":[]}"
20140918,2014-09-18,829.1622546479828,830.6980794887917,827.3871105778996,"{""type"":""MultiPoint"",""coordinates"":[]}"
20140919,2014-09-19,828.8072965806257,830.9541423262388,826.7858668677388,"{""type"":""MultiPoint"",""coordinates"":[]}"
20140920,2014-09-20,827.6094837821255,829.1942481973879,825.7515318155238,"{""type"":""MultiPoint"",""coordinates"":[]}"
20140921,2014-09-21,828.1165775150105,829.5505238277954,826.3009375622065,"{""type"":""MultiPoint"",""coordinates"":[]}"
20140922,2014-09-22,829.0668698154516,830.61586482275,827.4091365134109,"{""type"":""MultiPoint"",""coordinates"":[]}"
20140923,2014-09-23,828.8746424378819,830.3498169409677,827.0660433926691,"{""type"":""MultiPoint"",""coordinates"":[]}"
20140924,2014-09-24,829.1406028669379,830.6500619582811,827.3347424417765,"{""type"":""MultiPoint"",""coordinates"":[]}"
20140925,2014-09-25,829.7140383266113,831.3165134746829,827.8270227218723,"{""type"":""MultiPoint"",""coordinates"":[]}"
20140926,2014-09-26,830.5892460402933,832.013051330789,828.7981126598412,"{""type"":""MultiPoint"",""coordinates"":[]}"
20140927,2014-09-27,831.6555491213633,833.123904751964,830.0005053558957,"{""type"":""MultiPoint"",""coordinates"":[]}"
20140928,2014-09-28,831.799966363477,833.5530143005818,830.1710670551857,"{""type"":""MultiPoint"",""coordinates"":[]}"
20140929,2014-09-29,831.3121687868075,833.1203978524168,829.4034423046269,"{""type"":""MultiPoint"",""coordinates"":[]}"
20140930,2014-09-30,832.1500177499894,833.7517434367443,830.1590795616537,"{""type"":""MultiPoint"",""coordinates"":[]}"
20141001,2014-10-01,832.4968897048348,834.1050463741617,830.7232293182109,"{""type"":""MultiPoint"",""coordinates"":[]}"
20141002,2014-10-02,831.8044565877325,833.912714656601,830.0472084785948,"{""type"":""MultiPoint"",""coordinates"":[]}"
20141003,2014-10-03,831.4154112055008,833.026557725169,829.5801711749184,"{""type"":""MultiPoint"",""coordinates"":[]}"
20141004,2014-10-04,832.0755844299047,833.6033339884638,830.2399125026573,"{""type"":""MultiPoint"",""coordinates"":[]}"
20141005,2014-10-05,832.8879958480762,834.4454327899086,830.9202326977983,"{""type"":""MultiPoint"",""coordinates"":[]}"
20141006,2014-10-06,832.2090825668126,834.3445246306165,830.1629966356894,"{""type"":""MultiPoint"",""coordinates"":[]}"
20141007,2014-10-07,830.4862419469218,832.5356593993457,828.2580389350688,"{""type"":""MultiPoint"",""coordinates"":[]}"
20141008,2014-10-08,830.4406035507686,832.0742892061824,828.4625209045613,"{""type"":""MultiPoint"",""coordinates"":[]}"
20141009,2014-10-09,830.3480083869696,832.3890432962519,828.391179240813,"{""type"":""MultiPoint"",""coordinates"":[]}"
20141010,2014-10-10,829.4776709921321,831.197221324973,827.6537297019598,"{""type"":""MultiPoint"",""coordinates"":[]}"
20141011,2014-10-11,829.2946691978945,830.9111640429312,827.2804378596347,"{""type"":""MultiPoint"",""coordinates"":[]}"
20141012,2014-10-12,829.9623783638,831.6240055124898,827.954308808352,"{""type"":""MultiPoint"",""coordinates"":[]}"
20141013,2014-10-13,830.6414619095567,832.2711869725995,828.5285036262018,"{""type"":""MultiPoint"",""coordinates"":[]}"
20141014,2014-10-14,831.4740710867624,833.3099366681822,829.1958344093608,"{""type"":""MultiPoint"",""coordinates"":[]}"
20141015,2014-10-15,832.4013898070068,834.114753537402,830.6263909097777,"{""type"":""MultiPoint"",""coordinates"":[]}"
20141016,2014-10-16,832.3095682352072,833.8077452747178,830.676745105295,"{""type"":""MultiPoint"",""coordinates"":[]}"
20141017,2014-10-17,831.9249894716452,833.6526423241105,830.2324479268971,"{""type"":""MultiPoint"",""coordinates"":[]}"
20141018,2014-10-18,831.3708736341455,833.2043837187451,829.7352638351377,"{""type"":""MultiPoint"",""coordinates"":[]}"
20141019,2014-10-19,831.5788401011221,833.1051681998689,829.850014284806,"{""type"":""MultiPoint"",""coordinates"":[]}"
20141020,2014-10-20,832.7050460618838,834.1618362883579,830.8379531044146,"{""type"":""MultiPoint"",""coordinates"":[]}"
20141021,2014-10-21,833.9594331395165,835.4656589791199,832.1102221303425,"{""type"":""MultiPoint"",""coordinates"":[]}"
20141022,2014-10-22,834.0441503346325,836.2509777803142,832.3058268450834,"{""type"":""MultiPoint"",""coordinates"":[]}"
20141023,2014-10-23,832.6894798551866,834.8084713394006,830.7602785678656,"{""type"":""MultiPoint"",""coordinates"":[]}"
20141024,2014-10-24,831.696770021683,833.3374812298056,829.9917936094863,"{""type"":""MultiPoint"",""coordinates"":[]}"
20141025,2014-10-25,831.9042995113234,833.3887748823967,830.1190827260307,"{""type"":""MultiPoint"",""coordinates"":[]}"
20141026,2014-10-26,833.2012687651455,834.6945943244566,831.6450352735153,"{""type"":""MultiPoint"",""coordinates"":[]}"
20141027,2014-10-27,832.2272766745982,834.1449312434244,830.4393738103904,"{""type"":""MultiPoint"",""coordinates"":[]}"
20141028,2014-10-28,831.0745420088816,832.6093677405873,829.2937889776335,"{""type"":""MultiPoint"",""coordinates"":[]}"
20141029,2014-10-29,831.0773895377915,832.838774549967,829.4118438519939,"{""type"":""MultiPoint"",""coordinates"":[]}"
20141030,2014-10-30,831.089082190084,832.8010568632799,829.4053249736579,"{""type"":""MultiPoint"",""coordinates"":[]}"
20141031,2014-10-31,831.6008601546145,833.2560472412596,829.8665391392136,"{""type"":""MultiPoint"",""coordinates"":[]}"
20141101,2014-11-01,831.9094032492575,833.323729648108,830.2607727748141,"{""type"":""MultiPoint"",""coordinates"":[]}"
20141102,2014-11-02,832.2916662587716,833.9278600206909,830.5328887296915,"{""type"":""MultiPoint"",""coordinates"":[]}"
20141103,2014-11-03,831.3804254609754,833.572323134982,829.57896036965,"{""type"":""MultiPoint"",""coordinates"":[]}"
20141104,2014-11-04,831.0478662655194,832.6586478037441,829.1692863457799,"{""type"":""MultiPoint"",""coordinates"":[]}"
20141105,2014-11-05,830.9641353730841,832.9968490093653,829.0670697097577,"{""type"":""MultiPoint"",""coordinates"":[]}"
20141106,2014-11-06,830.5643705079049,832.3950714791395,828.7395194670621,"{""type"":""MultiPoint"",""coordinates"":[]}"
20141107,2014-11-07,831.270951862431,832.8141337490243,829.4146129354176,"{""type"":""MultiPoint"",""coordinates"":[]}"
20141108,2014-11-08,832.3795649196198,833.9143993620203,830.3660364276404,"{""type"":""MultiPoint"",""coordinates"":[]}"
20141109,2014-11-09,833.0115379647685,834.7303531295138,831.3344464070307,"{""type"":""MultiPoint"",""coordinates"":[]}"
20141110,2014-11-10,832.1429108787596,834.1820522786251,830.3819105920743,"{""type"":""MultiPoint"",""coordinates"":[]}"
20141111,2014-11-11,831.6970247425636,833.1512934523765,830.1294341946085,"{""type"":""MultiPoint"",""coordinates"":[]}"
20141112,2014-11-12,832.4207176978352,833.8961274833179,830.6943027800659,"{""type"":""MultiPoint"",""coordinates"":[]}"
20141113,2014-11-13,833.0483214816978,834.6888642096037,831.5367140948352,"{""type"":""MultiPoint"",""coordinates"":[]}"
20141114,2014-11-14,832.9348741066378,834.8459127760848,831.249281762757,"{""type"":""MultiPoint"",""coordinates"":[]}"
20141115,2014-11-15,831.7977134709377,833.3267297378026,830.1136549962271,"{""type"":""MultiPoint"",""coordinates"":[]}"
20141116,2014-11-16,831.7953176975481,833.3926438969464,830.0381444728848,"{""type"":""MultiPoint"",""coordinates"":[]}"
20141117,2014-11-17,832.672770987281,834.1972130483614,830.935746379175,"{""type"":""MultiPoint"",""coordinates"":[]}"
20141118,2014-11-18,833.8019168495608,835.4990256918298,831.9770951784367,"{""type"":""MultiPoint"",""coordinates"":[]}"
20141119,2014-11-19,832.7388509728709,834.5991889549704,831.0203580233425,"{""type"":""MultiPoint"",""coordinates"":[]}"
20141120,2014-11-20,831.3939748104696,833.4884655300965,829.6532017667479,"{""type"":""MultiPoint"",""coordinates"":[]}"
20141121,2014-11-21,830.603265861338,832.5436655299565,828.8815312486852,"{""type"":""MultiPoint"",""coordinates"":[]}"
20141122,2014-11-22,829.9175335032663,831.7846916754628,827.9585135974829,"{""type"":""MultiPoint"",""coordinates"":[]}"
20141123,2014-11-23,830.9150675006541,832.9712761125613,828.8010721109237,"{""type"":""MultiPoint"",""coordinates"":[]}"
20141124,2014-11-24,832.064981270035,833.9003594321111,830.3406402407664,"{""type"":""MultiPoint"",""coordinates"":[]}"
20141125,2014-11-25,830.5038126200496,833.1267389274254,828.2757559382671,"{""type"":""MultiPoint"",""coordinates"":[]}"
20141126,2014-11-26,828.6455159514165,830.5269533013953,826.6179715622529,"{""type"":""MultiPoint"",""coordinates"":[]}"
20141127,2014-11-27,828.7072397806681,830.4129800342533,826.8144634151502,"{""type"":""MultiPoint"",""coordinates"":[]}"
20141128,2014-11-28,829.3692388271676,831.0139556862252,827.7838892156113,"{""type"":""MultiPoint"",""coordinates"":[]}"
20141129,2014-11-29,830.267126297579,832.1884715668726,828.4430359687765,"{""type"":""MultiPoint"",""coordinates"":[]}"
20141130,2014-11-30,830.9177258262315,832.5643866882394,829.204565312922,"{""type"":""MultiPoint"",""coordinates"":[]}"
20141201,2014-12-01,831.3379340641017,833.0776902129929,829.72833758456,"{""type"":""MultiPoint"",""coordinates"":[]}"
20141202,2014-12-02,831.7766216699493,833.415903722202,830.205585502076,"{""type"":""MultiPoint"",""coordinates"":[]}"
20141203,2014-12-03,831.5380746840762,833.2152710223737,829.6941674178217,"{""type"":""MultiPoint"",""coordinates"":[]}"
20141204,2014-12-04,832.2883321049479,833.8620930059923,830.5606483616258,"{""type"":""MultiPoint"",""coordinates"":[]}"
20141205,2014-12-05,832.8548149094222,834.5912637786992,831.1882357477573,"{""type"":""MultiPoint"",""coordinates"":[]}"
20141206,2014-12-06,832.3166143232967,834.3378994195434,830.5929228937857,"{""type"":""MultiPoint"",""coordinates"":[]}"
20141207,2014-12-07,830.9276941713601,833.0961433590023,829.026855870843,"{""type"":""MultiPoint"",""coordinates"":[]}"
20141208,2014-12-08,830.7488709534036,832.3281254294794,828.9507807812473,"{""type"":""MultiPoint"",""coordinates"":[]}"
20141209,2014-12-09,831.7360812943398,833.4999795579316,830.2463733007658,"{""type"":""MultiPoint"",""coordinates"":[]}"
20141210,2014-12-10,831.1320678041518,832.9331471944395,829.3897705249906,"{""type"":""MultiPoint"",""coordinates"":[]}"
20141211,2014-12-11,831.6308586683439,833.2616057178234,829.9268478738583,"{""type"":""MultiPoint"",""coordinates"":[]}"
20141212,2014-12-12,832.0380203602099,833.6718758960143,830.43454166094,"{""type"":""MultiPoint"",""coordinates"":[]}"
20141213,2014-12-13,832.0444278514055,833.8520579011146,830.3876674353177,"{""type"":""MultiPoint"",""coordinates"":[]}"
20141214,2014-12-14,831.8481118115476,833.5464599501189,830.148398495502,"{""type"":""MultiPoint"",""coordinates"":[]}"
20141215,2014-12-15,832.5678381313464,834.2268026820635,830.7938036189717,"{""type"":""MultiPoint"",""coordinates"":[]}"
20141216,2014-12-16,833.1828289241557,834.9425621010076,831.4513894577249,"{""type"":""MultiPoint"",""coordinates"":[]}"
20141217,2014-12-17,833.6979005680001,835.5270696367186,831.7495061671666,"{""type"":""MultiPoint"",""coordinates"":[]}"
20141218,2014-12-18,834.7621729113595,836.1550345062344,833.0392064072008,"{""type"":""MultiPoint"",""coordinates"":[]}"
20141219,2014-12-19,834.771494738589,837.1670420327408,832.7354291801723,"{""type"":""MultiPoint"",""coordinates"":[]}"
20141220,2014-12-20,832.7911315665679,835.1211871218585,830.5007832913158,"{""type"":""MultiPoint"",""coordinates"":[]}"
20141221,2014-12-21,830.8532424312166,832.9164813041864,828.9286978215158,"{""type"":""MultiPoint"",""coordinates"":[]}"
20141222,2014-12-22,830.5283037955805,832.2743126831349,828.7058592401413,"{""type"":""MultiPoint"",""coordinates"":[]}"
20141223,2014-12-23,831.1506323031238,832.7871520564577,829.3388696873068,"{""type"":""MultiPoint"",""coordinates"":[]}"
20141224,2014-12-24,832.7754655687684,834.7263780556976,830.9050069470298,"{""type"":""MultiPoint"",""coordinates"":[]}"
20141225,2014-12-25,831.7529196430529,833.9622632958714,829.926558682365,"{""type"":""MultiPoint"",""coordinates"":[]}"
20141226,2014-12-26,831.173206376625,833.5926974451329,829.0483592642028,"{""type"":""MultiPoint"",""coordinates"":[]}"
20141227,2014-12-27,832.9379725448674,834.5665569781413,830.7682392103867,"{""type"":""MultiPoint"",""coordinates"":[]}"
20141228,2014-12-28,832.9153684786288,834.8323392934125,831.0973512617272,"{""type"":""MultiPoint"",""coordinates"":[]}"
20141229,2014-12-29,830.9351263911952,833.0147076587654,829.2062253311366,"{""type"":""MultiPoint"",""coordinates"":[]}"
20141230,2014-12-30,830.13151138025,831.8269338510572,828.464674664889,"{""type"":""MultiPoint"",""coordinates"":[]}"
20141231,2014-12-31,831.1255332881692,832.7164693164123,829.4451533540373,"{""type"":""MultiPoint"",""coordinates"":[]}"
20150101,2015-01-01,832.1131707851907,833.6397894223535,830.2753194195288,"{""type"":""MultiPoint"",""coordinates"":[]}"
20150102,2015-01-02,832.0880008540229,833.8958979957484,830.1627188651092,"{""type"":""MultiPoint"",""coordinates"":[]}"
20150103,2015-01-03,831.071009433953,833.1088999120934,829.1795460960362,"{""type"":""MultiPoint"",""coordinates"":[]}"
20150104,2015-01-04,830.3943174446669,832.4559729632432,828.5981783363206,"{""type"":""MultiPoint"",""coordinates"":[]}"
20150105,2015-01-05,830.2074064091751,831.9890559957158,828.4282324550796,"{""type"":""MultiPoint"",""coordinates"":[]}"
20150106,2015-01-06,830.1901422538025,832.1970072262757,828.6425171457616,"{""type"":""MultiPoint"",""coordinates"":[]}"
20150107,2015-01-07,830.6908571367591,832.3390270062189,828.9702087417725,"{""type"":""MultiPoint"",""coordinates"":[]}"
20150108,2015-01-08,832.1764472371582,833.7031143907457,830.2193954276979,"{""type"":""MultiPoint"",""coordinates"":[]}"
20150109,2015-01-09,832.9435673683247,834.6580862271118,831.3378346483983,"{""type"":""MultiPoint"",""coordinates"":[]}"
20150110,2015-01-10,833.4691210485639,834.8516307128217,831.8628338003349,"{""type"":""MultiPoint"",""coordinates"":[]}"
20150111,2015-01-11,833.3836387371716,835.1994734237126,831.8408700451702,"{""type"":""MultiPoint"",""coordinates"":[]}"
20150112,2015-01-12,832.6522576671234,834.766915008241,830.8152667457215,"{""type"":""MultiPoint"",""coordinates"":[]}"
20150113,2015-01-13,831.1916145890115,833.5772547344734,829.3236781275891,"{""type"":""MultiPoint"",""coordinates"":[]}"
20150114,2015-01-14,831.4870711485477,833.2635810909354,829.5987635425784,"{""type"":""MultiPoint"",""coordinates"":[]}"
20150115,2015-01-15,832.2236733693453,833.9500110369552,830.4687544447897,"{""type"":""MultiPoint"",""coordinates"":[]}"
20150116,2015-01-16,832.5266297435217,834.4680940280513,830.8628415668765,"{""type"":""MultiPoint"",""coordinates"":[]}"
20150117,2015-01-17,832.7557483340323,834.521271625951,831.0686556027648,"{""type"":""MultiPoint"",""coordinates"":[]}"
20150118,2015-01-18,831.9199347936845,833.9603881162164,830.2459482309273,"{""type"":""MultiPoint"",""coordinates"":[]}"
20150119,2015-01-19,832.2895460863623,834.1087376920274,830.423453867639,"{""type"":""MultiPoint"",""coordinates"":[]}"
20150120,2015-01-20,833.6357592926081,835.3110244302654,831.6804942335872,"{""type"":""MultiPoint"",""coordinates"":[]}"
20150121,2015-01-21,834.0424277247267,835.9217194210211,832.3358916690339,"{""type"":""MultiPoint"",""coordinates"":[]}"
20150122,2015-01-22,832.6642795647492,835.0793431563219,830.4880015876921,"{""type"":""MultiPoint"",""coordinates"":[]}"
20150123,2015-01-23,831.1135720115424,832.9381836503335,829.3073114684727,"{""type"":""MultiPoint"",""coordinates"":[]}"
20150124,2015-01-24,831.9720084533467,833.6045028022406,830.2126922724957,"{""type"":""MultiPoint"",""coordinates"":[]}"
20150125,2015-01-25,832.4530425039366,834.144601693214,830.8135023761357,"{""type"":""MultiPoint"",""coordinates"":[]}"
20150126,2015-01-26,831.6700154973787,833.5933458857751,829.9843733841035,"{""type"":""MultiPoint"",""coordinates"":[]}"
20150127,2015-01-27,830.4680811672755,832.5963198468822,828.7334105978267,"{""type"":""MultiPoint"",""coordinates"":[]}"
20150128,2015-01-28,829.5743223474379,831.3070143015473,827.8582550832622,"{""type"":""MultiPoint"",""coordinates"":[]}"
20150129,2015-01-29,830.2290505357929,832.0508070930357,828.1778371764511,"{""type"":""MultiPoint"",""coordinates"":[]}"
20150130,2015-01-30,831.2196422523464,833.0613152304793,829.3126346100889,"{""type"":""MultiPoint"",""coordinates"":[]}"
20150131,2015-01-31,831.0191424011085,833.0037674639084,829.2358589551005,"{""type"":""MultiPoint"",""coordinates"":[]}"
20150201,2015-02-01,830.9628935998206,832.7005537989701,829.0580381066719,"{""type"":""MultiPoint"",""coordinates"":[]}"
20150202,2015-02-02,832.7457056231143,834.300246937506,830.7501106105876,"{""type"":""MultiPoint"",""coordinates"":[]}"
20150203,2015-02-03,834.325642236395,836.4859761700835,831.9367883564227,"{""type"":""MultiPoint"",""coordinates"":[]}"
20150204,2015-02-04,833.8135667332391,835.9402030726527,831.6859055679047,"{""type"":""MultiPoint"",""coordinates"":[]}"
20150205,2015-02-05,832.6458876079429,834.7441432637735,831.0077610367804,"{""type"":""MultiPoint"",""coordinates"":[]}"
20150206,2015-02-06,832.3757117012761,834.3744755671927,830.5753186041568,"{""type"":""MultiPoint"",""coordinates"":[]}"
20150207,2015-02-07,830.9491208169651,832.9652131238772,829.1100448070583,"{""type"":""MultiPoint"",""coordinates"":[]}"
20150208,2015-02-08,831.407042961522,833.0566483940352,829.48457821635,"{""type"":""MultiPoint"",""coordinates"":[]}"
20150209,2015-02-09,832.9496532461054,834.6324893464364,831.0147631400117,"{""type"":""MultiPoint"",""coordinates"":[]}"
20150210,2015-02-10,833.3393066388796,835.5967780726895,831.407424754544,"{""type"":""MultiPoint"",""coordinates"":[]}"
20150211,2015-02-11,831.949235686504,833.8064987958165,830.1789426070901,"{""type"":""MultiPoint"",""coordinates"":[]}"
20150212,2015-02-12,830.183361902519,832.6777840716841,828.0091044504431,"{""type"":""MultiPoint"",""coordinates"":[]}"
20150213,2015-02-13,828.8876411802677,830.82863175492,827.0540915436862,"{""type"":""MultiPoint"",""coordinates"":[]}"
20150214,2015-02-14,828.7004524879798,830.5447070306503,826.9063130587687,"{""type"":""MultiPoint"",""coordinates"":[]}"
20150215,2015-02-15,829.9762682702699,831.8244510172043,827.8455355463351,"{""type"":""MultiPoint"",""coordinates"":[]}"
20150216,2015-02-16,830.3885682790949,832.6432600268258,828.3761326164838,"{""type"":""MultiPoint"",""coordinates"":[]}"
20150217,2015-02-17,829.1479206649926,831.3724996128186,827.1706825408776,"{""type"":""MultiPoint"",""coordinates"":[]}"
20150218,2015-02-18,828.3215213045632,830.2626439849862,826.4207128586842,"{""type"":""MultiPoint"",""coordinates"":[]}"
20150219,2015-02-19,829.0602679943142,830.9733280385145,826.9399569867073,"{""type"":""MultiPoint"",""coordinates"":[]}"
20150220,2015-02-20,830.5328912699457,832.4248648814129,828.5858731908636,"{""type"":""MultiPoint"",""coordinates"":[]}"
20150221,2015-02-21,830.8738610557504,832.8936369360654,828.8512661470082,"{""type"":""MultiPoint"",""coordinates"":[]}"
20150222,2015-02-22,831.6631233203641,833.427794086417,829.8049752817401,"{""type"":""MultiPoint"",""coordinates"":[]}"
20150223,2015-02-23,831.5170238810312,833.5361902424696,829.5827293136747,"{""type"":""MultiPoint"",""coordinates"":[]}"
20150224,2015-02-24,829.3492036570887,831.8245809740954,827.09069270305,"{""type"":""MultiPoint"",""coordinates"":[]}"
20150225,2015-02-25,827.3168031389647,829.5969449131939,825.1426501856554,"{""type"":""MultiPoint"",""coordinates"":[]}"
20150226,2015-02-26,826.6261978144947,828.3914567661064,824.7403931066513,"{""type"":""MultiPoint"",""coordinates"":[]}"
20150227,2015-02-27,828.1936164322879,830.0045552246618,825.9970786177448,"{""type"":""MultiPoint"",""coordinates"":[]}"
20150228,2015-02-28,829.4921560850117,831.5054582237003,827.2682451241888,"{""type"":""MultiPoint"",""coordinates"":[]}"
20150301,2015-03-01,829.1373971896644,831.150224014814,826.9866014096441,"{""type"":""MultiPoint"",""coordinates"":[]}"
20150302,2015-03-02,829.2273557183261,831.2332631751588,826.7263527418238,"{""type"":""MultiPoint"",""coordinates"":[]}"
20150303,2015-03-03,827.3783453369552,829.7750372396187,825.2348706012273,"{""type"":""MultiPoint"",""coordinates"":[]}"
20150304,2015-03-04,827.746319636766,829.4258109122327,825.7926482489098,"{""type"":""MultiPoint"",""coordinates"":[]}"
20150305,2015-03-05,829.7887544880292,831.5112218507164,827.8128035942096,"{""type"":""MultiPoint"",""coordinates"":[]}"
20150306,2015-03-06,830.3369860449778,832.2795372418005,828.3436196112368,"{""type"":""MultiPoint"",""coordinates"":[]}"
20150307,2015-03-07,829.7905491755522,831.7500776663196,827.5283249225095,"{""type"":""MultiPoint"",""coordinates"":[]}"
20150308,2015-03-08,830.9765505110582,832.7607361597061,828.7694818512325,"{""type"":""MultiPoint"",""coordinates"":[]}"
20150309,2015-03-09,833.3127664994589,835.2458284616574,830.9748703371492,"{""type"":""MultiPoint"",""coordinates"":[]}"
20150310,2015-03-10,833.34629609752,835.4269139334308,831.2003539056708,"{""type"":""MultiPoint"",""coordinates"":[]}"
20150311,2015-03-11,833.3822036552253,835.0574070328825,831.5672982775737,"{""type"":""MultiPoint"",""coordinates"":[]}"
20150312,2015-03-12,832.882442354357,835.1287752776701,830.7951405447535,"{""type"":""MultiPoint"",""coordinates"":[]}"
20150313,2015-03-13,831.5872227930669,833.2306347799799,829.5402179389841,"{""type"":""MultiPoint"",""coordinates"":[]}"
20150314,2015-03-14,831.545915861386,833.3951988692461,829.4244141774169,"{""type"":""MultiPoint"",""coordinates"":[]}"
20150315,2015-03-15,831.1762000849269,833.0659966710637,829.1032499039437,"{""type"":""MultiPoint"",""coordinates"":[]}"
20150316,2015-03-16,831.5812369747463,833.5729373769923,829.4005314654773,"{""type"":""MultiPoint"",""coordinates"":[]}"
20150317,2015-03-17,830.409456030055,833.1194389970494,828.056216073471,"{""type"":""MultiPoint"",""coordinates"":[]}"
20150318,2015-03-18,829.4443563133885,831.2851084152446,827.394316812363,"{""type"":""MultiPoint"",""coordinates"":[]}"
20150319,2015-03-19,831.0607471407242,833.1257143502529,828.7307806460468,"{""type"":""MultiPoint"",""coordinates"":[]}"
20150320,2015-03-20,832.1065311931869,833.9698194505071,830.10042538997,"{""type"":""MultiPoint"",""coordinates"":[]}"
20150321,2015-03-21,832.1959944715745,834.3408171204521,830.0613145966307,"{""type"":""MultiPoint"",""coordinates"":[]}"
20150322,2015-03-22,831.6978828575001,833.8467267479678,829.6625467234596,"{""type"":""MultiPoint"",""coordinates"":[]}"
20150323,2015-03-23,830.9761615135933,832.8266892884598,828.837872254582,"{""type"":""MultiPoint"",""coordinates"":[]}"
20150324,2015-03-24,831.1363463616348,832.9923357680536,828.9913992809085,"{""type"":""MultiPoint"",""coordinates"":[]}"
20150325,2015-03-25,832.4369965421146,834.2060820947056,830.3296338952445,"{""type"":""MultiPoint"",""coordinates"":[]}"
20150326,2015-03-26,833.6433087471062,835.2422614670766,831.7245081956875,"{""type"":""MultiPoint"",""coordinates"":[]}"
20150327,2015-03-27,832.6537717176285,834.9256814220437,830.4200309463859,"{""type"":""MultiPoint"",""coordinates"":[]}"
20150328,2015-03-28,830.371907668385,832.8723518674051,827.8305741295143,"{""type"":""MultiPoint"",""coordinates"":[]}"
20150329,2015-03-29,828.7104763308164,830.6767662469745,826.6326804388384,"{""type"":""MultiPoint"",""coordinates"":[]}"
20150330,2015-03-30,828.3396579025567,830.3853261856779,825.9569536340654,"{""type"":""MultiPoint"",""coordinates"":[]}"
20150331,2015-03-31,827.9957263690063,830.0853449609086,825.8135080384401,"{""type"":""MultiPoint"",""coordinates"":[]}"
20150401,2015-04-01,826.9943668440095,829.2996648901982,824.6052367687168,"{""type"":""MultiPoint"",""coordinates"":[]}"
20150402,2015-04-02,825.2629914601196,827.810851027963,822.6951139140814,"{""type"":""MultiPoint"",""coordinates"":[]}"
20150403,2015-04-03,824.2179020922053,826.4109035989211,821.9782724696897,"{""type"":""MultiPoint"",""coordinates"":[]}"
20150404,2015-04-04,824.5609507087054,826.3182424990601,822.4375600016584,"{""type"":""MultiPoint"",""coordinates"":[]}"
20150405,2015-04-05,826.1964022345985,827.7749899584733,824.1449435917339,"{""type"":""MultiPoint"",""coordinates"":[]}"
20150406,2015-04-06,827.496248431991,829.0845215233267,825.594422397828,"{""type"":""MultiPoint"",""coordinates"":[]}"
20150407,2015-04-07,828.6787457065346,830.2061562236607,826.8108976980412,"{""type"":""MultiPoint"",""coordinates"":[]}"
20150408,2015-04-08,829.3323153086715,831.2268012916173,827.437360331717,"{""type"":""MultiPoint"",""coordinates"":[]}"
20150409,2015-04-09,829.2004823339759,830.953420655445,827.2627700402279,"{""type"":""MultiPoint"",""coordinates"":[]}"
20150410,2015-04-10,829.7570662223999,831.4405628279284,827.848129274564,"{""type"":""MultiPoint"",""coordinates"":[]}"
20150411,2015-04-11,831.081371426709,832.6256229569234,828.9330837248855,"{""type"":""MultiPoint"",""coordinates"":[]}"
20150412,2015-04-12,832.9336480080335,834.4950435821044,830.8597747998723,"{""type"":""MultiPoint"",""coordinates"":[]}"
20150413,2015-04-13,832.5042389149463,834.557026097883,830.27929342985,"{""type"":""MultiPoint"",""coordinates"":[]}"
20150414,2015-04-14,832.0755928620193,834.0311937874685,829.863688998425,"{""type"":""MultiPoint"",""coordinates"":[]}"
20150415,2015-04-15,832.1276284137894,833.8427961366616,829.841491625337,"{""type"":""MultiPoint"",""coordinates"":[]}"
20150416,2015-04-16,831.6170220682515,833.9095413880864,829.1737587403286,"{""type"":""MultiPoint"",""coordinates"":[]}"
20150417,2015-04-17,828.2711124955048,831.1917413892348,825.5536563076494,"{""type"":""MultiPoint"",""coordinates"":[]}"
20150418,2015-04-18,826.6235507923617,828.6498964339551,824.1926670711144,"{""type"":""MultiPoint"",""coordinates"":[]}"
20150419,2015-04-19,828.0745205882021,829.7058012034887,826.0024237286983,"{""type"":""MultiPoint"",""coordinates"":[]}"
20150420,2015-04-20,829.2911675703502,831.2041924862959,827.1873000605393,"{""type"":""MultiPoint"",""coordinates"":[]}"
20150421,2015-04-21,828.3917785735528,830.5730988324207,826.3360011572812,"{""type"":""MultiPoint"",""coordinates"":[]}"
20150422,2015-04-22,827.8535811591022,829.4938047118078,825.8725024790557,"{""type"":""MultiPoint"",""coordinates"":[]}"
20150423,2015-04-23,829.3043926720835,830.7918349521536,827.3836772470275,"{""type"":""MultiPoint"",""coordinates"":[]}"
20150424,2015-04-24,829.8202109006614,831.4410056823785,828.0521970276101,"{""type"":""MultiPoint"",""coordinates"":[]}"
20150425,2015-04-25,829.7955276970005,831.4049212078041,827.8159564649613,"{""type"":""MultiPoint"",""coordinates"":[]}"
20150426,2015-04-26,829.8983216871412,831.909547145338,827.7089319966559,"{""type"":""MultiPoint"",""coordinates"":[]}"
20150427,2015-04-27,829.6312196916033,831.5773763036395,827.6796286178222,"{""type"":""MultiPoint"",""coordinates"":[]}"
20150428,2015-04-28,828.7157281921279,830.7854983453741,826.6659638603296,"{""type"":""MultiPoint"",""coordinates"":[]}"
20150429,2015-04-29,828.0157266574596,829.874118555961,825.8958392296948,"{""type"":""MultiPoint"",""coordinates"":[]}"
20150430,2015-04-30,828.6591475753895,830.5502239588687,826.6926705070513,"{""type"":""MultiPoint"",""coordinates"":[]}"
20150501,2015-05-01,828.1679741126746,829.9658102038592,826.2020416944357,"{""type"":""MultiPoint"",""coordinates"":[]}"
20150502,2015-05-02,828.2095481872007,829.8701923062374,826.1959126895305,"{""type"":""MultiPoint"",""coordinates"":[]}"
20150503,2015-05-03,828.8251507240399,830.5107059774016,826.8110724536745,"{""type"":""MultiPoint"",""coordinates"":[]}"
20150504,2015-05-04,829.4768664827557,831.3060160022635,827.5549384772243,"{""type"":""MultiPoint"",""coordinates"":[]}"
20150505,2015-05-05,828.6733156503518,830.4370271086815,826.8479265641482,"{""type"":""MultiPoint"",""coordinates"":[]}"
20150506,2015-05-06,828.0916171972765,829.6568121605072,826.0442837795802,"{""type"":""MultiPoint"",""coordinates"":[]}"
20150507,2015-05-07,828.9738149062106,830.544623555685,827.0717002250688,"{""type"":""MultiPoint"",""coordinates"":[]}"
20150508,2015-05-08,828.1828978120473,829.9598165933511,826.2624292382595,"{""type"":""MultiPoint"",""coordinates"":[]}"
20150509,2015-05-09,827.6618386190148,829.18514375677,825.7913038666696,"{""type"":""MultiPoint"",""coordinates"":[]}"
20150510,2015-05-10,828.5307221866968,830.0940708318908,826.3991832050157,"{""type"":""MultiPoint"",""coordinates"":[]}"
20150511,2015-05-11,828.916312463052,830.5338257031801,826.7774015512239,"{""type"":""MultiPoint"",""coordinates"":[]}"
20150512,2015-05-12,828.37581568027,830.0919166054241,826.3180883236473,"{""type"":""MultiPoint"",""coordinates"":[]}"
20150513,2015-05-13,828.319068017401,829.7811813679855,826.3132171344803,"{""type"":""MultiPoint"",""coordinates"":[]}"
20150514,2015-05-14,829.4707712376137,830.974408472932,827.5875323293241,"{""type"":""MultiPoint"",""coordinates"":[]}"
20150515,2015-05-15,829.2369780375936,831.0821807301955,827.322253779576,"{""type"":""MultiPoint"",""coordinates"":[]}"
20150516,2015-05-16,827.4743307464408,829.5206658470768,825.5005664061541,"{""type"":""MultiPoint"",""coordinates"":[]}"
20150517,2015-05-17,826.4596197680246,828.0980240236989,824.495969908328,"{""type"":""MultiPoint"",""coordinates"":[]}"
20150518,2015-05-18,826.5944875731471,828.1478204854089,824.6939183268188,"{""type"":""MultiPoint"",""coordinates"":[]}"
20150519,2015-05-19,826.8434342715948,828.406866098001,824.86058332703,"{""type"":""MultiPoint"",""coordinates"":[]}"
20150520,2015-05-20,827.0127742871766,828.690349560507,825.216678838883,"{""type"":""MultiPoint"",""coordinates"":[]}"
20150521,2015-05-21,826.4642271633302,828.2690301638542,824.5722253086761,"{""type"":""MultiPoint"",""coordinates"":[]}"
20150522,2015-05-22,825.5337290486166,827.292258816451,823.5752936298046,"{""type"":""MultiPoint"",""coordinates"":[]}"
20150523,2015-05-23,824.7871074423706,826.281595538423,823.0399146267523,"{""type"":""MultiPoint"",""coordinates"":[]}"
20150524,2015-05-24,825.1796895817735,826.6867805349847,823.5731607942263,"{""type"":""MultiPoint"",""coordinates"":[]}"
20150525,2015-05-25,825.7708788640539,827.3223892447064,823.9336040202235,"{""type"":""MultiPoint"",""coordinates"":[]}"
20150526,2015-05-26,826.7587359036116,828.3193725969588,824.8533572422334,"{""type"":""MultiPoint"",""coordinates"":[]}"
20150527,2015-05-27,826.611888193336,828.3493684093958,824.8247986160462,"{""type"":""MultiPoint"",""coordinates"":[]}"
20150528,2015-05-28,826.3310556135432,827.7464618510386,824.5683099686343,"{""type"":""MultiPoint"",""coordinates"":[]}"
20150529,2015-05-29,827.381152754039,828.8473564301834,825.601580706174,"{""type"":""MultiPoint"",""coordinates"":[]}"
20150530,2015-05-30,827.2285554781364,828.9851552852051,825.3509392160958,"{""type"":""MultiPoint"",""coordinates"":[]}"
20150531,2015-05-31,825.6367790666129,827.585778676544,823.5332609094937,"{""type"":""MultiPoint"",""coordinates"":[]}"
20150601,2015-06-01,825.5640180811624,827.177263054562,823.5030360586296,"{""type"":""MultiPoint"",""coordinates"":[]}"
20150602,2015-06-02,827.5760971286753,829.0115334996823,825.6066612254515,"{""type"":""MultiPoint"",""coordinates"":[]}"
20150603,2015-06-03,828.4200807688709,829.8013919237164,826.5645570822516,"{""type"":""MultiPoint"",""coordinates"":[]}"
20150604,2015-06-04,828.715343428455,830.2232260427145,826.9249068994801,"{""type"":""MultiPoint"",""coordinates"":[]}"
20150605,2015-06-05,827.8645531651383,829.5257972472435,826.0860232855975,"{""type"":""MultiPoint"",""coordinates"":[]}"
20150606,2015-06-06,826.6851214641783,828.4372371636222,824.8013801687149,"{""type"":""MultiPoint"",""coordinates"":[]}"
20150607,2015-06-07,826.701827644597,828.0683723102126,824.9898542869457,"{""type"":""MultiPoint"",""coordinates"":[]}"
20150608,2015-06-08,826.7350492089603,828.0785391186876,825.0428384316606,"{""type"":""MultiPoint"",""coordinates"":[]}"
20150609,2015-06-09,826.6606141621377,828.0792742679037,824.9432356419219,"{""type"":""MultiPoint"",""coordinates"":[]}"
20150610,2015-06-10,826.5096171874935,827.9270654700518,824.6076101942185,"{""type"":""MultiPoint"",""coordinates"":[]}"
20150611,2015-06-11,826.5566369383117,828.0579793433607,824.6713004597565,"{""type"":""MultiPoint"",""coordinates"":[]}"
20150612,2015-06-12,825.8519698825435,827.4570881410497,824.0363871999746,"{""type"":""MultiPoint"",""coordinates"":[]}"
20150613,2015-06-13,825.0716893646506,826.5382352452266,823.1392066310558,"{""type"":""MultiPoint"",""coordinates"":[]}"
20150614,2015-06-14,824.6244177939132,826.0381257529582,822.696607712042,"{""type"":""MultiPoint"",""coordinates"":[]}"
20150615,2015-06-15,824.809395040776,826.1748641785214,823.0428816926228,"{""type"":""MultiPoint"",""coordinates"":[]}"
20150616,2015-06-16,825.2164395611616,826.6912096850104,823.3085502980433,"{""type"":""MultiPoint"",""coordinates"":[]}"
20150617,2015-06-17,824.7952554328547,826.3227397547959,822.8724935858779,"{""type"":""MultiPoint"",""coordinates"":[]}"
20150618,2015-06-18,824.9201273363491,826.5077437026168,823.0456620533074,"{""type"":""MultiPoint"",""coordinates"":[]}"
20150619,2015-06-19,824.9935024426372,826.4495248995714,823.2877141338573,"{""type"":""MultiPoint"",""coordinates"":[]}"
20150620,2015-06-20,824.4602247176493,826.0801202248491,822.5124465084564,"{""type"":""MultiPoint"",""coordinates"":[]}"
20150621,2015-06-21,823.487264880051,825.1572156340792,821.599091075065,"{""type"":""MultiPoint"",""coordinates"":[]}"
20150622,2015-06-22,822.6964968757916,824.1358111956166,820.9986302987564,"{""type"":""MultiPoint"",""coordinates"":[]}"
20150623,2015-06-23,822.8733933849672,824.238277264324,821.329538412282,"{""type"":""MultiPoint"",""coordinates"":[]}"
20150624,2015-06-24,823.0951983000813,824.4966883597416,821.3386817663524,"{""type"":""MultiPoint"",""coordinates"":[]}"
20150625,2015-06-25,821.9425610447812,823.464761085973,820.2666453214284,"{""type"":""MultiPoint"",""coordinates"":[]}"
20150626,2015-06-26,822.2134341793346,823.6242573086661,820.6066192773843,"{""type"":""MultiPoint"",""coordinates"":[]}"
20150627,2015-06-27,824.5397248116471,826.38678268803,822.5724796581665,"{""type"":""MultiPoint"",""coordinates"":[]}"
20150628,2015-06-28,827.8154581870622,829.4249800690498,825.991192846799,"{""type"":""MultiPoint"",""coordinates"":[]}"
20150629,2015-06-29,828.6104883808468,829.9988936611859,826.9269242041743,"{""type"":""MultiPoint"",""coordinates"":[]}"
20150630,2015-06-30,827.9757371145988,829.4072842904388,826.3081959515135,"{""type"":""MultiPoint"",""coordinates"":[]}"
20150701,2015-07-01,827.697197246404,828.978303527488,826.0015193000709,"{""type"":""MultiPoint"",""coordinates"":[]}"
20150702,2015-07-02,827.501936308708,829.0684494241926,825.741692110024,"{""type"":""MultiPoint"",""coordinates"":[]}"
20150703,2015-07-03,827.2202377402632,828.6964033931379,825.4907458319342,"{""type"":""MultiPoint"",""coordinates"":[]}"
20150704,2015-07-04,826.5822091228135,828.0183337988361,824.9524162820813,"{""type"":""MultiPoint"",""coordinates"":[]}"
20150705,2015-07-05,825.1588506876311,826.746393265476,823.4054840034695,"{""type"":""MultiPoint"",""coordinates"":[]}"
20150706,2015-07-06,824.5060973523289,825.8895289593742,822.8499354231685,"{""type"":""MultiPoint"",""coordinates"":[]}"
20150707,2015-07-07,824.5986557444369,825.9812072897245,822.8338548658992,"{""type"":""MultiPoint"",""coordinates"":[]}"
20150708,2015-07-08,826.014237991301,827.5022081344304,824.3596441466916,"{""type"":""MultiPoint"",""coordinates"":[]}"
20150709,2015-07-09,825.483258074043,827.1571438290783,823.57560278555,"{""type"":""MultiPoint"",""coordinates"":[]}"
20150710,2015-07-10,824.2850190284446,825.7897386560533,822.5295229133401,"{""type"":""MultiPoint"",""coordinates"":[]}"
20150711,2015-07-11,825.7990331597825,827.4807488812555,823.8837952392206,"{""type"":""MultiPoint"",""coordinates"":[]}"
20150712,2015-07-12,826.810434793181,828.1068857064761,825.2681661122175,"{""type"":""MultiPoint"",""coordinates"":[]}"
20150713,2015-07-13,826.5337673054412,828.078090789267,824.6790986865868,"{""type"":""MultiPoint"",""coordinates"":[]}"
20150714,2015-07-14,825.3428493483136,827.156284025186,823.3205651226367,"{""type"":""MultiPoint"",""coordinates"":[]}"
20150715,2015-07-15,823.8401136628036,825.3134502953114,822.1583950843187,"{""type"":""MultiPoint"",""coordinates"":[]}"
20150716,2015-07-16,823.275411473395,824.7605409775415,821.6053683015687,"{""type"":""MultiPoint"",""coordinates"":[]}"
20150717,2015-07-17,823.9587668744961,825.3732051956869,822.3111321708393,"{""type"":""MultiPoint"",""coordinates"":[]}"
20150718,2015-07-18,824.5798934743741,825.9263203760864,822.9169143690891,"{""type"":""MultiPoint"",""coordinates"":[]}"
20150719,2015-07-19,824.618253216759,825.9723825862728,822.9739559209727,"{""type"":""MultiPoint"",""coordinates"":[]}"
20150720,2015-07-20,825.0163212577753,826.3938728262248,823.3160228641904,"{""type"":""MultiPoint"",""coordinates"":[]}"
20150721,2015-07-21,826.4892820898025,828.0661621704438,824.8669714573109,"{""type"":""MultiPoint"",""coordinates"":[]}"
20150722,2015-07-22,827.3428542564073,828.7656455131033,825.4821071440301,"{""type"":""MultiPoint"",""coordinates"":[]}"
20150723,2015-07-23,828.0548099937308,829.5848987124899,826.4051821854081,"{""type"":""MultiPoint"",""coordinates"":[]}"
20150724,2015-07-24,827.939417980215,829.5224107193058,826.2150100186283,"{""type"":""MultiPoint"",""coordinates"":[]}"
20150725,2015-07-25,826.5533741680694,828.2301620542562,824.7363434730594,"{""type"":""MultiPoint"",""coordinates"":[]}"
20150726,2015-07-26,826.3917727498279,827.9386983606742,824.8006844310991,"{""type"":""MultiPoint"",""coordinates"":[]}"
20150727,2015-07-27,826.3200211209479,827.7377186480857,824.8205905829471,"{""type"":""MultiPoint"",""coordinates"":[]}"
20150728,2015-07-28,826.2043265166155,827.6446597179663,824.6039689747807,"{""type"":""MultiPoint"",""coordinates"":[]}"
20150729,2015-07-29,825.7667433904763,827.1863365699696,824.0460038495686,"{""type"":""MultiPoint"",""coordinates"":[]}"
20150730,2015-07-30,825.9529916145071,827.3310714772173,824.3335303707803,"{""type"":""MultiPoint"",""coordinates"":[]}"
20150731,2015-07-31,826.431458092016,827.8693740638744,824.7087142257515,"{""type"":""MultiPoint"",""coordinates"":[]}"
20150801,2015-08-01,827.9983960598571,829.5253819586051,826.2180467830494,"{""type"":""MultiPoint"",""coordinates"":[]}"
20150802,2015-08-02,828.3037736559311,829.7341131675032,826.5948282455007,"{""type"":""MultiPoint"",""coordinates"":[]}"
20150803,2015-08-03,827.721155278961,829.1721166867284,825.9243435026361,"{""type"":""MultiPoint"",""coordinates"":[]}"
20150804,2015-08-04,826.3542022566701,827.9463805861101,824.5563813127194,"{""type"":""MultiPoint"",""coordinates"":[]}"
20150805,2015-08-05,825.2760190174284,826.6431489560507,823.5878427760348,"{""type"":""MultiPoint"",""coordinates"":[]}"
20150806,2015-08-06,825.3526244812145,826.7308707583004,823.7523203620915,"{""type"":""MultiPoint"",""coordinates"":[]}"
20150807,2015-08-07,826.7480352462237,828.060919008286,825.1040226684713,"{""type"":""MultiPoint"",""coordinates"":[]}"
20150808,2015-08-08,826.936345937624,828.4386838957408,825.3513150684095,"{""type"":""MultiPoint"",""coordinates"":[]}"
20150809,2015-08-09,825.8353460953614,827.2279320206967,823.9932639851061,"{""type"":""MultiPoint"",""coordinates"":[]}"
20150810,2015-08-10,826.5192341103691,828.1956393025607,824.5559894377504,"{""type"":""MultiPoint"",""coordinates"":[]}"
20150811,2015-08-11,828.1018349383078,829.5511099189038,826.2096405905874,"{""type"":""MultiPoint"",""coordinates"":[]}"
20150812,2015-08-12,828.3268939837761,829.8793032962707,826.4544891988677,"{""type"":""MultiPoint"",""coordinates"":[]}"
20150813,2015-08-13,827.5910300799293,829.1676360725171,825.7408549659326,"{""type"":""MultiPoint"",""coordinates"":[]}"
20150814,2015-08-14,827.2529031526993,828.6712561498794,825.3836448293863,"{""type"":""MultiPoint"",""coordinates"":[]}"
20150815,2015-08-15,828.3172626448511,829.9064053749397,826.3741347104773,"{""type"":""MultiPoint"",""coordinates"":[]}"
20150816,2015-08-16,828.5636339501608,830.1712364589196,826.7200392213252,"{""type"":""MultiPoint"",""coordinates"":[]}"
20150817,2015-08-17,827.735630409076,829.2502132520368,825.8931441111204,"{""type"":""MultiPoint"",""coordinates"":[]}"
20150818,2015-08-18,828.5060845693849,830.02513856995,826.6452793266071,"{""type"":""MultiPoint"",""coordinates"":[]}"
20150819,2015-08-19,829.2018825266939,830.525175253639,827.6435821032595,"{""type"":""MultiPoint"",""coordinates"":[]}"
20150820,2015-08-20,828.6663293778373,830.1421306383718,827.0983913672012,"{""type"":""MultiPoint"",""coordinates"":[]}"
20150821,2015-08-21,827.7161345460571,829.3208736314157,825.9953841559411,"{""type"":""MultiPoint"",""coordinates"":[]}"
20150822,2015-08-22,826.223804806043,827.7274382773442,824.5208874931968,"{""type"":""MultiPoint"",""coordinates"":[]}"
20150823,2015-08-23,826.4510155081304,827.8396207197052,824.7619864654072,"{""type"":""MultiPoint"",""coordinates"":[]}"
20150824,2015-08-24,827.2414259945784,828.5516958123226,825.7358794973267,"{""type"":""MultiPoint"",""coordinates"":[]}"
20150825,2015-08-25,827.0269405750547,828.4413855908799,825.2387590045815,"{""type"":""MultiPoint"",""coordinates"":[]}"
20150826,2015-08-26,827.2530804686855,828.8707938865529,825.3201682077375,"{""type"":""MultiPoint"",""coordinates"":[]}"
20150827,2015-08-27,827.6391671530462,829.0764583522263,825.8424817793534,"{""type"":""MultiPoint"",""coordinates"":[]}"
20150828,2015-08-28,827.6260435772357,829.1207612375764,825.9173035244307,"{""type"":""MultiPoint"",""coordinates"":[]}"
20150829,2015-08-29,827.1054340911676,828.5826075859478,825.2164527717251,"{""type"":""MultiPoint"",""coordinates"":[]}"
20150830,2015-08-30,827.2503237011964,828.6513208703968,825.4105573453301,"{""type"":""MultiPoint"",""coordinates"":[]}"
20150831,2015-08-31,827.3743153188252,828.9683535552005,825.6900823328167,"{""type"":""MultiPoint"",""coordinates"":[]}"
20150901,2015-09-01,826.6737550494416,828.1200574886823,824.9161059309002,"{""type"":""MultiPoint"",""coordinates"":[]}"
20150902,2015-09-02,827.1648429011963,828.6482841949047,825.3411270548492,"{""type"":""MultiPoint"",""coordinates"":[]}"
20150903,2015-09-03,829.4872028867183,831.1254857506178,827.5198658276289,"{""type"":""MultiPoint"",""coordinates"":[]}"
20150904,2015-09-04,831.4117646720124,832.8303658220129,829.8081767690032,"{""type"":""MultiPoint"",""coordinates"":[]}"
20150905,2015-09-05,830.7479573097463,832.6382416076785,828.7893957489664,"{""type"":""MultiPoint"",""coordinates"":[]}"
20150906,2015-09-06,829.6090892641445,831.4599305032455,827.7365632971157,"{""type"":""MultiPoint"",""coordinates"":[]}"
20150907,2015-09-07,829.2460855363502,830.6940658013405,827.5389510752995,"{""type"":""MultiPoint"",""coordinates"":[]}"
20150908,2015-09-08,829.4641142386906,830.9796169690554,827.6242166528633,"{""type"":""MultiPoint"",""coordinates"":[]}"
20150909,2015-09-09,830.1271122757249,831.6306769726093,828.0460893628673,"{""type"":""MultiPoint"",""coordinates"":[]}"
20150910,2015-09-10,830.9354861202427,832.6787807021439,828.8791543984333,"{""type"":""MultiPoint"",""coordinates"":[]}"
20150911,2015-09-11,830.5221265013374,832.3129650242463,828.4534795108426,"{""type"":""MultiPoint"",""coordinates"":[]}"
20150912,2015-09-12,830.196088753398,831.7880233226936,828.1653450812632,"{""type"":""MultiPoint"",""coordinates"":[]}"
20150913,2015-09-13,829.858023715991,831.8975799407291,827.7787736290818,"{""type"":""MultiPoint"",""coordinates"":[]}"
20150914,2015-09-14,828.4393414929407,830.454471802125,826.2506354537991,"{""type"":""MultiPoint"",""coordinates"":[]}"
20150915,2015-09-15,827.8188667019894,829.5380328858104,825.9207565747249,"{""type"":""MultiPoint"",""coordinates"":[]}"
20150916,2015-09-16,827.3748342024284,828.9577249790615,825.3792674421377,"{""type"":""MultiPoint"",""coordinates"":[]}"
20150917,2015-09-17,827.8166543121881,829.2716458141078,825.925475434502,"{""type"":""MultiPoint"",""coordinates"":[]}"
20150918,2015-09-18,828.5619255557024,830.1716049105812,826.5755866062723,"{""type"":""MultiPoint"",""coordinates"":[]}"
20150919,2015-09-19,827.9704243470624,829.9038320637328,825.8788195238998,"{""type"":""MultiPoint"",""coordinates"":[]}"
20150920,2015-09-20,827.4116294410561,829.1019490797797,825.5296912230796,"{""type"":""MultiPoint"",""coordinates"":[]}"
20150921,2015-09-21,827.5255906495221,829.230540092621,825.6269900188676,"{""type"":""MultiPoint"",""coordinates"":[]}"
20150922,2015-09-22,827.5712812110614,829.2053868427291,825.5944945621837,"{""type"":""MultiPoint"",""coordinates"":[]}"
20150923,2015-09-23,828.4586507732985,830.0815186254036,826.6583281140064,"{""type"":""MultiPoint"",""coordinates"":[]}"
20150924,2015-09-24,827.662229324801,829.4145432993437,825.9497485992164,"{""type"":""MultiPoint"",""coordinates"":[]}"
20150925,2015-09-25,827.0486157604541,828.553797070126,825.2500629007309,"{""type"":""MultiPoint"",""coordinates"":[]}"
20150926,2015-09-26,828.2229481018196,829.6468073497139,826.3341924905845,"{""type"":""MultiPoint"",""coordinates"":[]}"
20150927,2015-09-27,828.9224197832322,830.4419822186651,827.186749471197,"{""type"":""MultiPoint"",""coordinates"":[]}"
20150928,2015-09-28,829.7386261463068,831.372969972289,827.9449481213603,"{""type"":""MultiPoint"",""coordinates"":[]}"
20150929,2015-09-29,831.7139164058722,833.422117109234,829.669264366973,"{""type"":""MultiPoint"",""coordinates"":[]}"
20150930,2015-09-30,833.408998172166,835.0233014163632,831.5355105813212,"{""type"":""MultiPoint"",""coordinates"":[]}"
20151001,2015-10-01,833.0255976847226,834.9743232030602,831.2626558310194,"{""type"":""MultiPoint"",""coordinates"":[]}"
20151002,2015-10-02,832.0162421165834,834.1178384762994,830.0292987302552,"{""type"":""MultiPoint"",""coordinates"":[]}"
20151003,2015-10-03,831.2933425035291,832.8409195820952,829.475163695514,"{""type"":""MultiPoint"",""coordinates"":[]}"
20151004,2015-10-04,831.386164547113,833.1201862503052,829.3860261170892,"{""type"":""MultiPoint"",""coordinates"":[]}"
20151005,2015-10-05,831.2356677324411,833.060561358457,829.4281494084844,"{""type"":""MultiPoint"",""coordinates"":[]}"
20151006,2015-10-06,830.8899379525889,832.7043783860851,829.0263337051886,"{""type"":""MultiPoint"",""coordinates"":[]}"
20151007,2015-10-07,831.2587529138107,832.8016582172113,829.5961188373683,"{""type"":""MultiPoint"",""coordinates"":[]}"
20151008,2015-10-08,830.121271040296,832.1773573497829,828.2070602441415,"{""type"":""MultiPoint"",""coordinates"":[]}"
20151009,2015-10-09,828.7781878240613,830.4246266146282,826.6914047376046,"{""type"":""MultiPoint"",""coordinates"":[]}"
20151010,2015-10-10,829.7817255482477,831.2597202091328,827.7742440417625,"{""type"":""MultiPoint"",""coordinates"":[]}"
20151011,2015-10-11,831.7815915393901,833.2051146457558,829.8748290779267,"{""type"":""MultiPoint"",""coordinates"":[]}"
20151012,2015-10-12,832.5639248874935,834.1714133604339,830.7842074541165,"{""type"":""MultiPoint"",""coordinates"":[]}"
20151013,2015-10-13,833.3395168519121,834.9060803440026,831.4386518228757,"{""type"":""MultiPoint"",""coordinates"":[]}"
20151014,2015-10-14,833.6486527964288,835.4028181648946,831.6528668630393,"{""type"":""MultiPoint"",""coordinates"":[]}"
20151015,2015-10-15,833.1905062478673,835.0092049471392,831.2032993126969,"{""type"":""MultiPoint"",""coordinates"":[]}"
20151016,2015-10-16,833.4867938176527,835.334659018293,831.5209748347115,"{""type"":""MultiPoint"",""coordinates"":[]}"
20151017,2015-10-17,833.3587764625435,835.3926091923978,831.4122988066238,"{""type"":""MultiPoint"",""coordinates"":[]}"
20151018,2015-10-18,833.3408582752132,835.2862882293516,831.5640976733014,"{""type"":""MultiPoint"",""coordinates"":[]}"
20151019,2015-10-19,831.9986055087469,834.2937928991566,830.0855307467299,"{""type"":""MultiPoint"",""coordinates"":[]}"
20151020,2015-10-20,830.4673284266804,832.3188615910423,828.6233050196222,"{""type"":""MultiPoint"",""coordinates"":[]}"
20151021,2015-10-21,830.887879769997,832.4241160849795,829.2219323448796,"{""type"":""MultiPoint"",""coordinates"":[]}"
20151022,2015-10-22,831.1360746032818,833.0981210851849,829.4183653475097,"{""type"":""MultiPoint"",""coordinates"":[]}"
20151023,2015-10-23,830.7395033670488,832.4091423621202,829.1364767117446,"{""type"":""MultiPoint"",""coordinates"":[]}"
20151024,2015-10-24,831.2351249333121,832.8650168216719,829.3243697256694,"{""type"":""MultiPoint"",""coordinates"":[]}"
20151025,2015-10-25,832.7721696292465,834.4132095137653,830.7156923702914,"{""type"":""MultiPoint"",""coordinates"":[]}"
20151026,2015-10-26,833.1659016392628,835.2111752336754,831.1777181418979,"{""type"":""MultiPoint"",""coordinates"":[]}"
20151027,2015-10-27,832.6829329002962,834.3514574061546,830.8402005234482,"{""type"":""MultiPoint"",""coordinates"":[]}"
20151028,2015-10-28,833.1247880958935,834.8363935904308,831.2697569767353,"{""type"":""MultiPoint"",""coordinates"":[]}"
20151029,2015-10-29,834.0313026048912,835.5636140297755,832.228309511262,"{""type"":""MultiPoint"",""coordinates"":[]}"
20151030,2015-10-30,834.4235909571546,836.0262389132223,832.7430483964821,"{""type"":""MultiPoint"",""coordinates"":[]}"
20151031,2015-10-31,834.2421958695443,835.9354922295166,832.4321146427166,"{""type"":""MultiPoint"",""coordinates"":[]}"
20151101,2015-11-01,833.6131688851907,835.5216878753256,831.6679198599744,"{""type"":""MultiPoint"",""coordinates"":[]}"
20151102,2015-11-02,832.9943023489773,834.9674456913489,831.210752308739,"{""type"":""MultiPoint"",""coordinates"":[]}"
20151103,2015-11-03,831.8477043375906,834.0988552185756,829.8522038770038,"{""type"":""MultiPoint"",""coordinates"":[]}"
20151104,2015-11-04,830.2816541435377,832.3863112515896,828.3585710566659,"{""type"":""MultiPoint"",""coordinates"":[]}"
20151105,2015-11-05,830.0287797266353,832.0072204246787,828.2172922035686,"{""type"":""MultiPoint"",""coordinates"":[]}"
20151106,2015-11-06,830.5070715878702,832.2824180950734,828.4620471851634,"{""type"":""MultiPoint"",""coordinates"":[]}"
20151107,2015-11-07,832.1578318597005,833.6309482141941,830.2666246060069,"{""type"":""MultiPoint"",""coordinates"":[]}"
20151108,2015-11-08,832.7396501087287,834.7867002331553,831.0616986824043,"{""type"":""MultiPoint"",""coordinates"":[]}"
20151109,2015-11-09,831.7682528146371,833.9547970952271,830.0283095515559,"{""type"":""MultiPoint"",""coordinates"":[]}"
20151110,2015-11-10,830.6652460658673,832.577955435292,828.8718478963166,"{""type"":""MultiPoint"",""coordinates"":[]}"
20151111,2015-11-11,831.5630239438067,833.123884812462,829.5836392152619,"{""type"":""MultiPoint"",""coordinates"":[]}"
20151112,2015-11-12,832.7652848145907,834.6394434171523,830.8280588720066,"{""type"":""MultiPoint"",""coordinates"":[]}"
20151113,2015-11-13,832.0435319157599,834.2763487153704,830.1088144519053,"{""type"":""MultiPoint"",""coordinates"":[]}"
20151114,2015-11-14,830.3979231201542,832.4546924888557,828.5479139150297,"{""type"":""MultiPoint"",""coordinates"":[]}"
20151115,2015-11-15,829.8182446237311,831.7997281836323,827.970031087143,"{""type"":""MultiPoint"",""coordinates"":[]}"
20151116,2015-11-16,830.1537575510711,832.0837595163837,828.2179434228705,"{""type"":""MultiPoint"",""coordinates"":[]}"
20151117,2015-11-17,830.8123924532413,832.3188491331275,828.9914762065694,"{""type"":""MultiPoint"",""coordinates"":[]}"
20151118,2015-11-18,833.3291667371615,834.9501600262225,831.0864457924031,"{""type"":""MultiPoint"",""coordinates"":[]}"
20151119,2015-11-19,834.0966833254981,835.8554019897883,832.5329801056645,"{""type"":""MultiPoint"",""coordinates"":[]}"
20151120,2015-11-20,833.1893108226881,835.1375580384947,831.5798064797664,"{""type"":""MultiPoint"",""coordinates"":[]}"
20151121,2015-11-21,832.7998824600324,834.5172997571782,831.2085503547639,"{""type"":""MultiPoint"",""coordinates"":[]}"
20151122,2015-11-22,832.5720381193881,834.3370713755302,830.8417507143346,"{""type"":""MultiPoint"",""coordinates"":[]}"
20151123,2015-11-23,833.1555408006084,834.9638865429773,831.43359368355,"{""type"":""MultiPoint"",""coordinates"":[]}"
20151124,2015-11-24,833.4373101442806,835.072972222089,831.894625712593,"{""type"":""MultiPoint"",""coordinates"":[]}"
20151125,2015-11-25,832.7137887129263,834.5212501566579,830.7304734304108,"{""type"":""MultiPoint"",""coordinates"":[]}"
20151126,2015-11-26,830.8924220210138,833.2142697166831,828.8616500454193,"{""type"":""MultiPoint"",""coordinates"":[]}"
20151127,2015-11-27,830.2546175791083,831.9271830902264,828.1544477507038,"{""type"":""MultiPoint"",""coordinates"":[]}"
20151128,2015-11-28,833.40897579377,834.7835341628851,831.3177725139959,"{""type"":""MultiPoint"",""coordinates"":[]}"
20151129,2015-11-29,834.5670028116342,836.263905432628,832.9692260895217,"{""type"":""MultiPoint"",""coordinates"":[]}"
20151130,2015-11-30,833.8354098368189,836.2177251695499,832.102541848512,"{""type"":""MultiPoint"",""coordinates"":[]}"
20151201,2015-12-01,832.5134141756658,834.3857331249365,830.9577198322282,"{""type"":""MultiPoint"",""coordinates"":[]}"
20151202,2015-12-02,832.5659118216815,834.0590015026446,830.840739252856,"{""type"":""MultiPoint"",""coordinates"":[]}"
20151203,2015-12-03,832.4487648155073,834.4031922007945,830.6174165402016,"{""type"":""MultiPoint"",""coordinates"":[]}"
20151204,2015-12-04,832.202455248972,833.8001905572237,830.4510848957458,"{""type"":""MultiPoint"",""coordinates"":[]}"
20151205,2015-12-05,833.0810660140403,834.5891991373999,831.4270234886005,"{""type"":""MultiPoint"",""coordinates"":[]}"
20151206,2015-12-06,833.0309462006627,834.7478134354562,831.1107772418793,"{""type"":""MultiPoint"",""coordinates"":[]}"
20151207,2015-12-07,832.9826886604807,835.0906681210415,831.2683242322008,"{""type"":""MultiPoint"",""coordinates"":[]}"
20151208,2015-12-08,832.1307896984229,834.2016608637011,830.1342868398383,"{""type"":""MultiPoint"",""coordinates"":[]}"
20151209,2015-12-09,831.3453226525621,833.4882182237315,829.2362035159937,"{""type"":""MultiPoint"",""coordinates"":[]}"
20151210,2015-12-10,828.9400830834073,831.8536616786633,826.6788306070337,"{""type"":""MultiPoint"",""coordinates"":[]}"
20151211,2015-12-11,827.837663776921,830.0643453920691,825.7757044817149,"{""type"":""MultiPoint"",""coordinates"":[]}"
20151212,2015-12-12,828.8408129376367,830.6475374542675,826.9588529431596,"{""type"":""MultiPoint"",""coordinates"":[]}"
20151213,2015-12-13,830.0330932973567,831.5807113537362,828.2074735436975,"{""type"":""MultiPoint"",""coordinates"":[]}"
20151214,2015-12-14,830.2752852011205,832.0380187897213,828.7173993096667,"{""type"":""MultiPoint"",""coordinates"":[]}"
20151215,2015-12-15,830.3955825028457,832.0480471291094,828.5795149177262,"{""type"":""MultiPoint"",""coordinates"":[]}"
20151216,2015-12-16,830.1209493116143,832.2700246729069,828.3328884757261,"{""type"":""MultiPoint"",""coordinates"":[]}"
20151217,2015-12-17,829.7648398036787,831.7447577876657,827.8136935615113,"{""type"":""MultiPoint"",""coordinates"":[]}"
20151218,2015-12-18,830.9629300369692,832.5869670294933,828.9625935514337,"{""type"":""MultiPoint"",""coordinates"":[]}"
20151219,2015-12-19,831.806078138091,833.6586995631841,829.8528872348205,"{""type"":""MultiPoint"",""coordinates"":[]}"
20151220,2015-12-20,830.7846121930556,832.9454372414513,828.8170173150435,"{""type"":""MultiPoint"",""coordinates"":[]}"
20151221,2015-12-21,831.2550439301093,832.8964158173005,829.3859240824612,"{""type"":""MultiPoint"",""coordinates"":[]}"
20151222,2015-12-22,832.1301821058289,833.8034780494556,830.3863135243945,"{""type"":""MultiPoint"",""coordinates"":[]}"
20151223,2015-12-23,832.3143205785176,834.3890783788404,830.3295661075098,"{""type"":""MultiPoint"",""coordinates"":[]}"
20151224,2015-12-24,833.0474670549489,834.8760385342845,831.1377539541487,"{""type"":""MultiPoint"",""coordinates"":[]}"
20151225,2015-12-25,833.6069239067665,835.5309660303375,831.7919796218305,"{""type"":""MultiPoint"",""coordinates"":[]}"
20151226,2015-12-26,834.2376870415435,835.8304483223175,832.3083684373047,"{""type"":""MultiPoint"",""coordinates"":[]}"
20151227,2015-12-27,835.0093210947647,836.5431818313691,833.2420099583331,"{""type"":""MultiPoint"",""coordinates"":[]}"
20151228,2015-12-28,835.5525373307336,837.5635802687474,833.8870780532341,"{""type"":""MultiPoint"",""coordinates"":[]}"
20151229,2015-12-29,833.7837625662896,835.9700426031891,831.9930106430313,"{""type"":""MultiPoint"",""coordinates"":[]}"
20151230,2015-12-30,832.9294964084271,834.6856751870546,831.0648540216883,"{""type"":""MultiPoint"",""coordinates"":[]}"
20151231,2015-12-31,834.7079035613348,836.4490696633574,832.843718038596,"{""type"":""MultiPoint"",""coordinates"":[]}"
20160101,2016-01-01,835.4158909281311,837.2139006897305,833.545394344409,"{""type"":""MultiPoint"",""coordinates"":[]}"
20160102,2016-01-02,834.350946731931,836.6711919989039,832.5007377546995,"{""type"":""MultiPoint"",""coordinates"":[]}"
20160103,2016-01-03,833.3716903009026,835.3230382579965,831.3938617709221,"{""type"":""MultiPoint"",""coordinates"":[]}"
20160104,2016-01-04,833.4335896608833,835.5288090474884,831.5376736018413,"{""type"":""MultiPoint"",""coordinates"":[]}"
20160105,2016-01-05,832.3695987681095,834.4585362234255,830.3578334733363,"{""type"":""MultiPoint"",""coordinates"":[]}"
20160106,2016-01-06,832.56533906233,834.3067938852421,830.638730543088,"{""type"":""MultiPoint"",""coordinates"":[]}"
20160107,2016-01-07,832.7729033177758,835.002324349658,830.8885801155151,"{""type"":""MultiPoint"",""coordinates"":[]}"
20160108,2016-01-08,830.9676328491433,833.743749030831,828.7736490383843,"{""type"":""MultiPoint"",""coordinates"":[]}"
20160109,2016-01-09,830.5645568337864,832.508998517531,828.2599087204446,"{""type"":""MultiPoint"",""coordinates"":[]}"
20160110,2016-01-10,832.4466470135238,834.1940981864863,830.5450819233264,"{""type"":""MultiPoint"",""coordinates"":[]}"
20160111,2016-01-11,832.0438030954552,834.3717173351092,830.1185758169692,"{""type"":""MultiPoint"",""coordinates"":[]}"
20160112,2016-01-12,830.7269088672385,832.9097576018537,828.8782405121756,"{""type"":""MultiPoint"",""coordinates"":[]}"
20160113,2016-01-13,830.0004541879296,831.7739563657359,828.272872638391,"{""type"":""MultiPoint"",""coordinates"":[]}"
20160114,2016-01-14,829.8956958440285,832.2365934926092,827.7706986821337,"{""type"":""MultiPoint"",""coordinates"":[]}"
20160115,2016-01-15,828.9947975610477,831.2937703650957,826.9758198915597,"{""type"":""MultiPoint"",""coordinates"":[]}"
20160116,2016-01-16,829.5417656168468,831.2368038454584,827.5319325819968,"{""type"":""MultiPoint"",""coordinates"":[]}"
20160117,2016-01-17,829.3472046159417,831.380610255919,827.5987781056632,"{""type"":""MultiPoint"",""coordinates"":[]}"
20160118,2016-01-18,828.5227705830341,830.6803816657008,826.7299887467294,"{""type"":""MultiPoint"",""coordinates"":[]}"
20160119,2016-01-19,829.2205226488688,830.9820757796085,827.1167103203258,"{""type"":""MultiPoint"",""coordinates"":[]}"
20160120,2016-01-20,830.7309807964415,832.5049273452208,828.7546622251007,"{""type"":""MultiPoint"",""coordinates"":[]}"
20160121,2016-01-21,832.1588823870353,834.2552023636833,830.2715126338042,"{""type"":""MultiPoint"",""coordinates"":[]}"
20160122,2016-01-22,832.9340373500575,834.4687043666007,831.2960776755178,"{""type"":""MultiPoint"",""coordinates"":[]}"
20160123,2016-01-23,833.1287856902593,834.8760020534626,831.5549330077166,"{""type"":""MultiPoint"",""coordinates"":[]}"
20160124,2016-01-24,832.2961041757687,834.4039097150206,830.4286095971377,"{""type"":""MultiPoint"",""coordinates"":[]}"
20160125,2016-01-25,830.1368376047673,832.4410575304634,828.0814917557672,"{""type"":""MultiPoint"",""coordinates"":[]}"
20160126,2016-01-26,829.0723062885804,831.0453765110898,827.3144556293452,"{""type"":""MultiPoint"",""coordinates"":[]}"
20160127,2016-01-27,829.1128708413814,830.7892875140088,827.3230597905364,"{""type"":""MultiPoint"",""coordinates"":[]}"
20160128,2016-01-28,830.2018099112224,832.0530159339847,828.1705460334929,"{""type"":""MultiPoint"",""coordinates"":[]}"
20160129,2016-01-29,830.7319247385803,832.9109606195974,828.7244574891663,"{""type"":""MultiPoint"",""coordinates"":[]}"
20160130,2016-01-30,829.9525600795321,832.0648338455085,828.1453689250585,"{""type"":""MultiPoint"",""coordinates"":[]}"
20160131,2016-01-31,830.5990570835543,832.254684979136,828.8406257314762,"{""type"":""MultiPoint"",""coordinates"":[]}"
20160201,2016-02-01,831.1553213106935,832.8171973197318,829.5336877073328,"{""type"":""MultiPoint"",""coordinates"":[]}"
20160202,2016-02-02,831.1903450529228,833.2139956561614,829.4672066976518,"{""type"":""MultiPoint"",""coordinates"":[]}"
20160203,2016-02-03,831.8304684652155,833.7170278660682,829.8121361455591,"{""type"":""MultiPoint"",""coordinates"":[]}"
20160204,2016-02-04,832.621545695242,834.5837976643422,830.8322909255736,"{""type"":""MultiPoint"",""coordinates"":[]}"
20160205,2016-02-05,832.2797411099976,834.914976350756,829.9790660880615,"{""type"":""MultiPoint"",""coordinates"":[]}"
20160206,2016-02-06,831.3121563018708,833.195262833195,829.1497293394684,"{""type"":""MultiPoint"",""coordinates"":[]}"
20160207,2016-02-07,831.7175257653881,833.7330131923987,829.6609665269526,"{""type"":""MultiPoint"",""coordinates"":[]}"
20160208,2016-02-08,831.000586670331,832.9757638193541,829.1365946611666,"{""type"":""MultiPoint"",""coordinates"":[]}"
20160209,2016-02-09,829.4123375221776,831.9034601651061,827.259050650287,"{""type"":""MultiPoint"",""coordinates"":[]}"
20160210,2016-02-10,827.2132061731662,829.8147876765961,824.9732741398453,"{""type"":""MultiPoint"",""coordinates"":[]}"
20160211,2016-02-11,826.5868164919292,828.5289027862182,824.5625244605488,"{""type"":""MultiPoint"",""coordinates"":[]}"
20160212,2016-02-12,828.0288172986932,829.7006809791515,826.1720154070163,"{""type"":""MultiPoint"",""coordinates"":[]}"
20160213,2016-02-13,829.5458610983873,831.2635461725338,827.6059478431249,"{""type"":""MultiPoint"",""coordinates"":[]}"
20160214,2016-02-14,830.8844312960694,832.39822971223,829.089621201618,"{""type"":""MultiPoint"",""coordinates"":[]}"
20160215,2016-02-15,832.0558835097049,833.6648659344319,830.171935473663,"{""type"":""MultiPoint"",""coordinates"":[]}"
20160216,2016-02-16,832.8866581800672,834.6587025732481,830.9373377298334,"{""type"":""MultiPoint"",""coordinates"":[]}"
20160217,2016-02-17,833.1340504142051,835.1034693720123,831.4315030564114,"{""type"":""MultiPoint"",""coordinates"":[]}"
20160218,2016-02-18,832.860481147563,834.7330599032356,830.9684446356722,"{""type"":""MultiPoint"",""coordinates"":[]}"
20160219,2016-02-19,832.7394830336666,834.778047048252,830.2575975819088,"{""type"":""MultiPoint"",""coordinates"":[]}"
20160220,2016-02-20,830.9046671971704,833.6702492319107,828.5596901817682,"{""type"":""MultiPoint"",""coordinates"":[]}"
20160221,2016-02-21,830.5788666059095,832.4945363457889,828.4069285108872,"{""type"":""MultiPoint"",""coordinates"":[]}"
20160222,2016-02-22,831.7950115837069,833.8000138550414,829.7557291141931,"{""type"":""MultiPoint"",""coordinates"":[]}"
20160223,2016-02-23,831.3683632985811,833.5754080041525,829.4924919821005,"{""type"":""MultiPoint"",""coordinates"":[]}"
20160224,2016-02-24,831.4558117807394,833.3569909124619,829.5263125804153,"{""type"":""MultiPoint"",""coordinates"":[]}"
20160225,2016-02-25,833.2845005603755,834.7555102058021,831.330271796696,"{""type"":""MultiPoint"",""coordinates"":[]}"
20160226,2016-02-26,834.3932366685888,836.0643383853158,832.4978758935276,"{""type"":""MultiPoint"",""coordinates"":[]}"
20160227,2016-02-27,835.2292838437531,836.8512153729567,833.4108867070444,"{""type"":""MultiPoint"",""coordinates"":[]}"
20160228,2016-02-28,835.6214402913834,837.7328814540538,833.5381420085081,"{""type"":""MultiPoint"",""coordinates"":[]}"
20160229,2016-02-29,834.2023742393661,836.9207753767328,832.0925980370773,"{""type"":""MultiPoint"",""coordinates"":[]}"
20160301,2016-03-01,832.8444311442942,834.8725591462144,830.9237177582046,"{""type"":""MultiPoint"",""coordinates"":[]}"
20160302,2016-03-02,833.0186187646041,834.648838560074,831.1763014087836,"{""type"":""MultiPoint"",""coordinates"":[]}"
20160303,2016-03-03,832.8543827413214,835.2296941335486,830.9321715304512,"{""type"":""MultiPoint"",""coordinates"":[]}"
20160304,2016-03-04,831.8391407491067,833.8754603501791,829.8619063585987,"{""type"":""MultiPoint"",""coordinates"":[]}"
20160305,2016-03-05,830.6851367570404,832.6359335883077,828.563999526181,"{""type"":""MultiPoint"",""coordinates"":[]}"
20160306,2016-03-06,830.613887636776,832.4103521988462,828.7417453705032,"{""type"":""MultiPoint"",""coordinates"":[]}"
20160307,2016-03-07,829.9638658808616,832.151126264062,828.101801042627,"{""type"":""MultiPoint"",""coordinates"":[]}"
20160308,2016-03-08,829.3182782983994,831.3902655367638,827.5325701940171,"{""type"":""MultiPoint"",""coordinates"":[]}"
20160309,2016-03-09,830.1784798890436,831.6802299620998,828.3539726248857,"{""type"":""MultiPoint"",""coordinates"":[]}"
20160310,2016-03-10,830.8025276158824,832.5092992824876,828.9437964886066,"{""type"":""MultiPoint"",""coordinates"":[]}"
20160311,2016-03-11,829.856186437877,832.2629582732719,827.7271231672003,"{""type"":""MultiPoint"",""coordinates"":[]}"
20160312,2016-03-12,828.5639153342299,830.2732173299511,826.4787290380503,"{""type"":""MultiPoint"",""coordinates"":[]}"
20160313,2016-03-13,829.3095663129516,830.97614563113,827.4104247979683,"{""type"":""MultiPoint"",""coordinates"":[]}"
20160314,2016-03-14,829.399083910316,831.3656011741505,827.572990759656,"{""type"":""MultiPoint"",""coordinates"":[]}"
20160315,2016-03-15,829.4202567898767,831.604344435576,827.3001861577211,"{""type"":""MultiPoint"",""coordinates"":[]}"
20160316,2016-03-16,829.1091351662556,831.3515717447141,826.8279925993611,"{""type"":""MultiPoint"",""coordinates"":[]}"
20160317,2016-03-17,828.9830478722173,830.9132966386408,827.0986023545478,"{""type"":""MultiPoint"",""coordinates"":[]}"
20160318,2016-03-18,827.8662701482103,830.1682542998317,825.7934618854158,"{""type"":""MultiPoint"",""coordinates"":[]}"
20160319,2016-03-19,828.1443882879983,830.0233219221716,826.0735914721372,"{""type"":""MultiPoint"",""coordinates"":[]}"
20160320,2016-03-20,828.4582510216542,830.576599827264,826.4150520758659,"{""type"":""MultiPoint"",""coordinates"":[]}"
20160321,2016-03-21,828.1312621543362,830.5759271908553,826.0945871824771,"{""type"":""MultiPoint"",""coordinates"":[]}"
20160322,2016-03-22,828.7762952547531,830.8219178101862,826.5661543611623,"{""type"":""MultiPoint"",""coordinates"":[]}"
20160323,2016-03-23,830.693453924312,832.441665001174,828.4414180130955,"{""type"":""MultiPoint"",""coordinates"":[]}"
20160324,2016-03-24,832.6699495931025,834.3159190553359,830.632766467417,"{""type"":""MultiPoint"",""coordinates"":[]}"
20160325,2016-03-25,833.0318955168538,834.8480852130424,831.0720408653672,"{""type"":""MultiPoint"",""coordinates"":[]}"
20160326,2016-03-26,831.9829529109637,834.207742278475,829.9594549731312,"{""type"":""MultiPoint"",""coordinates"":[]}"
20160327,2016-03-27,831.4997170128678,833.2606632634015,829.5075775275135,"{""type"":""MultiPoint"",""coordinates"":[]}"
20160328,2016-03-28,830.8414823791879,832.7661366089436,828.8602569202249,"{""type"":""MultiPoint"",""coordinates"":[]}"
20160329,2016-03-29,831.1180796987813,832.8436516994959,829.0800447321188,"{""type"":""MultiPoint"",""coordinates"":[]}"
20160330,2016-03-30,831.2301587077093,833.0495974899671,829.3677799458768,"{""type"":""MultiPoint"",""coordinates"":[]}"
20160331,2016-03-31,829.6525228658768,831.98905887101,827.5957651447974,"{""type"":""MultiPoint"",""coordinates"":[]}"
20160401,2016-04-01,828.7401964460348,830.3814446722096,826.6253349838555,"{""type"":""MultiPoint"",""coordinates"":[]}"
20160402,2016-04-02,829.7793826537669,831.5176475532177,827.4899346026501,"{""type"":""MultiPoint"",""coordinates"":[]}"
20160403,2016-04-03,830.1717520700771,832.1939370848295,828.118638688906,"{""type"":""MultiPoint"",""coordinates"":[]}"
20160404,2016-04-04,828.5453147711756,830.9284915972302,826.3676887438385,"{""type"":""MultiPoint"",""coordinates"":[]}"
20160405,2016-04-05,828.0865776021844,829.7995792155831,825.8938682446036,"{""type"":""MultiPoint"",""coordinates"":[]}"
20160406,2016-04-06,828.684561997339,830.3576820283625,826.6795470437207,"{""type"":""MultiPoint"",""coordinates"":[]}"
20160407,2016-04-07,828.8502176824048,830.6381030310441,826.7721638163969,"{""type"":""MultiPoint"",""coordinates"":[]}"
20160408,2016-04-08,828.7229846695863,830.5339773202691,826.59593005028,"{""type"":""MultiPoint"",""coordinates"":[]}"
20160409,2016-04-09,829.3276080911098,830.9567103635466,827.3293549323691,"{""type"":""MultiPoint"",""coordinates"":[]}"
20160410,2016-04-10,829.5086033543206,831.5259499137029,827.5729470189547,"{""type"":""MultiPoint"",""coordinates"":[]}"
20160411,2016-04-11,828.3386819731743,830.3102180876344,826.4882816156282,"{""type"":""MultiPoint"",""coordinates"":[]}"
20160412,2016-04-12,826.8057669937209,828.8053726467069,824.7607720197138,"{""type"":""MultiPoint"",""coordinates"":[]}"
20160413,2016-04-13,825.4720991085486,827.4519844756635,823.2841863787943,"{""type"":""MultiPoint"",""coordinates"":[]}"
20160414,2016-04-14,827.0201584645628,828.7325881822932,824.7552726325723,"{""type"":""MultiPoint"",""coordinates"":[]}"
20160415,2016-04-15,828.2273457334483,830.1199558598288,826.3850280593322,"{""type"":""MultiPoint"",""coordinates"":[]}"
20160416,2016-04-16,827.8319494790666,829.8802853955269,825.5124778904551,"{""type"":""MultiPoint"",""coordinates"":[]}"
20160417,2016-04-17,827.5532353776634,829.1921418321527,825.590377422059,"{""type"":""MultiPoint"",""coordinates"":[]}"
20160418,2016-04-18,827.8927963598932,829.6775827151832,825.8808243244588,"{""type"":""MultiPoint"",""coordinates"":[]}"
20160419,2016-04-19,828.9366816254869,830.535413978213,826.8609432829426,"{""type"":""MultiPoint"",""coordinates"":[]}"
20160420,2016-04-20,829.0072804266065,831.0505444708972,826.8294763275003,"{""type"":""MultiPoint"",""coordinates"":[]}"
20160421,2016-04-21,826.6482656881935,828.7818308586997,824.5054289128622,"{""type"":""MultiPoint"",""coordinates"":[]}"
20160422,2016-04-22,825.0532219249302,827.1166085685587,823.0124025579142,"{""type"":""MultiPoint"",""coordinates"":[]}"
20160423,2016-04-23,824.0192623018655,825.7005715917994,822.1084080446722,"{""type"":""MultiPoint"",""coordinates"":[]}"
20160424,2016-04-24,824.7084943236548,826.3478064754664,822.7558352162932,"{""type"":""MultiPoint"",""coordinates"":[]}"
20160425,2016-04-25,827.3177949796144,829.0298843762919,825.0528617546183,"{""type"":""MultiPoint"",""coordinates"":[]}"
20160426,2016-04-26,829.013987015973,830.5521802017505,827.3987973028478,"{""type"":""MultiPoint"",""coordinates"":[]}"
20160427,2016-04-27,828.0328217731659,829.7291390682877,826.2314464321441,"{""type"":""MultiPoint"",""coordinates"":[]}"
20160428,2016-04-28,827.6866153850352,829.1038136325839,825.9362232771759,"{""type"":""MultiPoint"",""coordinates"":[]}"
20160429,2016-04-29,828.5212910502427,830.0187270174695,826.7535842401874,"{""type"":""MultiPoint"",""coordinates"":[]}"
20160430,2016-04-30,828.2278429170913,829.904790071078,826.3280671146916,"{""type"":""MultiPoint"",""coordinates"":[]}"
20160501,2016-05-01,827.9388059788852,829.7395757968048,825.7858268939696,"{""type"":""MultiPoint"",""coordinates"":[]}"
20160502,2016-05-02,828.5826371075831,830.2475596139332,826.6184392483638,"{""type"":""MultiPoint"",""coordinates"":[]}"
20160503,2016-05-03,828.1240403097657,829.9166707973731,826.0769297129032,"{""type"":""MultiPoint"",""coordinates"":[]}"
20160504,2016-05-04,828.1587056582401,829.7970531083005,826.0865180117477,"{""type"":""MultiPoint"",""coordinates"":[]}"
20160505,2016-05-05,828.6753747969298,830.4736215538722,826.5113973665068,"{""type"":""MultiPoint"",""coordinates"":[]}"
20160506,2016-05-06,828.7005425527809,830.5256192783074,826.7561533641845,"{""type"":""MultiPoint"",""coordinates"":[]}"
20160507,2016-05-07,829.0091538814372,830.5558680903966,827.0403017939542,"{""type"":""MultiPoint"",""coordinates"":[]}"
20160508,2016-05-08,830.1345168231599,831.8184898167206,828.0760816070332,"{""type"":""MultiPoint"",""coordinates"":[]}"
20160509,2016-05-09,830.0196957281167,831.7886794961962,827.7429854776642,"{""type"":""MultiPoint"",""coordinates"":[]}"
20160510,2016-05-10,829.868050717267,831.6181405996837,827.7615261418666,"{""type"":""MultiPoint"",""coordinates"":[]}"
20160511,2016-05-11,828.3080925173582,830.5993451926755,825.9912577979404,"{""type"":""MultiPoint"",""coordinates"":[]}"
20160512,2016-05-12,826.2093772448997,828.2147840175127,823.9050481302193,"{""type"":""MultiPoint"",""coordinates"":[]}"
20160513,2016-05-13,826.7396377856261,828.5904932665575,824.491124966432,"{""type"":""MultiPoint"",""coordinates"":[]}"
20160514,2016-05-14,828.4510854411607,830.0354185499701,826.5693267524769,"{""type"":""MultiPoint"",""coordinates"":[]}"
20160515,2016-05-15,828.1704975341302,830.2442435615759,826.1032217905422,"{""type"":""MultiPoint"",""coordinates"":[]}"
20160516,2016-05-16,826.0191909663229,828.0595208202582,823.9286986321077,"{""type"":""MultiPoint"",""coordinates"":[]}"
20160517,2016-05-17,825.260320041611,827.1227617118365,823.1688997658922,"{""type"":""MultiPoint"",""coordinates"":[]}"
20160518,2016-05-18,825.4939455311552,827.2591589960805,823.4421007045526,"{""type"":""MultiPoint"",""coordinates"":[]}"
20160519,2016-05-19,825.2910634685691,827.1392880339242,823.1917849467338,"{""type"":""MultiPoint"",""coordinates"":[]}"
20160520,2016-05-20,824.5354874949203,826.2698444263287,822.3134120436041,"{""type"":""MultiPoint"",""coordinates"":[]}"
20160521,2016-05-21,824.7488703714614,826.5519746469744,822.5831457749498,"{""type"":""MultiPoint"",""coordinates"":[]}"
20160522,2016-05-22,825.6205870023384,827.2916230316184,823.5224225662482,"{""type"":""MultiPoint"",""coordinates"":[]}"
20160523,2016-05-23,825.5519817102718,827.3950690323568,823.2382603496371,"{""type"":""MultiPoint"",""coordinates"":[]}"
20160524,2016-05-24,824.3581562744835,826.5259675950078,822.216627389763,"{""type"":""MultiPoint"",""coordinates"":[]}"
20160525,2016-05-25,823.5050075099302,825.1702163183355,821.3694962714159,"{""type"":""MultiPoint"",""coordinates"":[]}"
20160526,2016-05-26,824.8469139179873,826.5483670499124,822.6957831351287,"{""type"":""MultiPoint"",""coordinates"":[]}"
20160527,2016-05-27,826.2843630263333,827.8549528870095,824.5048641424017,"{""type"":""MultiPoint"",""coordinates"":[]}"
20160528,2016-05-28,826.036250913394,827.7000395259518,824.2159125445658,"{""type"":""MultiPoint"",""coordinates"":[]}"
20160529,2016-05-29,825.1221433745966,826.7262271301535,823.3684931410447,"{""type"":""MultiPoint"",""coordinates"":[]}"
20160530,2016-05-30,825.4630299954487,827.0223219468909,823.4864851076258,"{""type"":""MultiPoint"",""coordinates"":[]}"
20160531,2016-05-31,827.0523848653924,828.7284387378047,825.0154231740506,"{""type"":""MultiPoint"",""coordinates"":[]}"
20160601,2016-06-01,828.0645796476178,829.757093361591,826.138683312698,"{""type"":""MultiPoint"",""coordinates"":[]}"
20160602,2016-06-02,827.8651794916099,829.5037476063267,826.0494576128775,"{""type"":""MultiPoint"",""coordinates"":[]}"
20160603,2016-06-03,828.100830622181,829.7260758283561,826.120183427506,"{""type"":""MultiPoint"",""coordinates"":[]}"
20160604,2016-06-04,828.5357457586763,830.0169386396476,826.7623215342821,"{""type"":""MultiPoint"",""coordinates"":[]}"
20160605,2016-06-05,828.4161212002161,829.9867956751692,826.5561838106433,"{""type"":""MultiPoint"",""coordinates"":[]}"
20160606,2016-06-06,827.9951898060025,829.5164829933065,826.0613948690149,"{""type"":""MultiPoint"",""coordinates"":[]}"
20160607,2016-06-07,827.2603191703106,828.8410916668435,825.3692747384885,"{""type"":""MultiPoint"",""coordinates"":[]}"
20160608,2016-06-08,826.1541380491195,827.7762306892566,824.1929794140656,"{""type"":""MultiPoint"",""coordinates"":[]}"
20160609,2016-06-09,825.6752554090916,827.1124646545717,823.8001969677496,"{""type"":""MultiPoint"",""coordinates"":[]}"
20160610,2016-06-10,825.6972134237353,827.0371445896881,824.0998539469208,"{""type"":""MultiPoint"",""coordinates"":[]}"
20160611,2016-06-11,825.7780353487931,827.1781873938412,824.1198944534086,"{""type"":""MultiPoint"",""coordinates"":[]}"
20160612,2016-06-12,825.6298884175905,827.0726995121242,823.9165633138164,"{""type"":""MultiPoint"",""coordinates"":[]}"
20160613,2016-06-13,825.6185042141286,827.0333839235536,823.9640744948227,"{""type"":""MultiPoint"",""coordinates"":[]}"
20160614,2016-06-14,824.9073666585364,826.5983415510132,823.1043584270276,"{""type"":""MultiPoint"",""coordinates"":[]}"
20160615,2016-06-15,824.3893530561276,826.0771756027729,822.5847673257612,"{""type"":""MultiPoint"",""coordinates"":[]}"
20160616,2016-06-16,824.6273730984524,826.182206846547,822.7757005280473,"{""type"":""MultiPoint"",""coordinates"":[]}"
20160617,2016-06-17,825.5155338466274,827.1922089101971,823.5845863203152,"{""type"":""MultiPoint"",""coordinates"":[]}"
20160618,2016-06-18,827.0118584103774,828.4815618024383,825.4237027982722,"{""type"":""MultiPoint"",""coordinates"":[]}"
20160619,2016-06-19,827.2079664538905,828.5956027124104,825.6404815077667,"{""type"":""MultiPoint"",""coordinates"":[]}"
20160620,2016-06-20,826.2543484702402,827.7424809904553,824.4069446921717,"{""type"":""MultiPoint"",""coordinates"":[]}"
20160621,2016-06-21,825.9536472317632,827.3559079216927,824.1086782965605,"{""type"":""MultiPoint"",""coordinates"":[]}"
20160622,2016-06-22,826.5301399838902,827.8666094677362,824.7539299264969,"{""type"":""MultiPoint"",""coordinates"":[]}"
20160623,2016-06-23,826.2090639409525,827.9137906612933,824.1618248508065,"{""type"":""MultiPoint"",""coordinates"":[]}"
20160624,2016-06-24,825.8421502620893,827.3618246649207,823.7801444558162,"{""type"":""MultiPoint"",""coordinates"":[]}"
20160625,2016-06-25,827.1608620971115,828.6255605111915,825.2838268467616,"{""type"":""MultiPoint"",""coordinates"":[]}"
20160626,2016-06-26,826.9134433583664,828.4526782725953,825.057447188631,"{""type"":""MultiPoint"",""coordinates"":[]}"
20160627,2016-06-27,826.0926414051467,827.5561132043489,824.0571113575276,"{""type"":""MultiPoint"",""coordinates"":[]}"
20160628,2016-06-28,826.7077976359948,827.9761301784574,824.9750619701382,"{""type"":""MultiPoint"",""coordinates"":[]}"
20160629,2016-06-29,826.9419948548059,828.4052596396679,825.2733997389232,"{""type"":""MultiPoint"",""coordinates"":[]}"
20160630,2016-06-30,825.6457283158386,827.274123364046,823.7566214722822,"{""type"":""MultiPoint"",""coordinates"":[]}"
20160701,2016-07-01,823.9598041959422,825.5094540495538,822.2169667473728,"{""type"":""MultiPoint"",""coordinates"":[]}"
20160702,2016-07-02,824.0848476957004,825.603647079541,822.5247789692727,"{""type"":""MultiPoint"",""coordinates"":[]}"
20160703,2016-07-03,824.4474274424377,825.9499751219698,822.8046867502085,"{""type"":""MultiPoint"",""coordinates"":[]}"
20160704,2016-07-04,824.1163915252253,825.5259977073828,822.5618553670295,"{""type"":""MultiPoint"",""coordinates"":[]}"
20160705,2016-07-05,823.7629706374754,825.1786657602322,822.1146509101254,"{""type"":""MultiPoint"",""coordinates"":[]}"
20160706,2016-07-06,824.0661713018632,825.4585486911541,822.4122233432336,"{""type"":""MultiPoint"",""coordinates"":[]}"
20160707,2016-07-07,824.5034042002688,825.8370237723549,822.9902214680288,"{""type"":""MultiPoint"",""coordinates"":[]}"
20160708,2016-07-08,823.9708348074432,825.4719729660376,822.2146320602704,"{""type"":""MultiPoint"",""coordinates"":[]}"
20160709,2016-07-09,823.5883575397838,824.9183449293195,821.9951499174081,"{""type"":""MultiPoint"",""coordinates"":[]}"
20160710,2016-07-10,823.5216053630307,824.8898512470131,821.790724604909,"{""type"":""MultiPoint"",""coordinates"":[]}"
20160711,2016-07-11,824.4573274521806,825.6389751552255,822.8947325965659,"{""type"":""MultiPoint"",""coordinates"":[]}"
20160712,2016-07-12,825.593425819259,826.8487440527966,824.0520926584699,"{""type"":""MultiPoint"",""coordinates"":[]}"
20160713,2016-07-13,825.806966304391,827.0340753218833,824.2074356668375,"{""type"":""MultiPoint"",""coordinates"":[]}"
20160714,2016-07-14,825.5605561459688,826.9771375670982,823.8399451027635,"{""type"":""MultiPoint"",""coordinates"":[]}"
20160715,2016-07-15,825.6841729574634,827.194450571859,823.9913269405768,"{""type"":""MultiPoint"",""coordinates"":[]}"
20160716,2016-07-16,826.6412751249687,828.2576971838425,824.8993823864333,"{""type"":""MultiPoint"",""coordinates"":[]}"
20160717,2016-07-17,827.3573441927148,828.7466400799091,825.8025829561902,"{""type"":""MultiPoint"",""coordinates"":[]}"
20160718,2016-07-18,826.6608077801943,827.953791441012,825.0418562327653,"{""type"":""MultiPoint"",""coordinates"":[]}"
20160719,2016-07-19,826.178040296556,827.5577470907423,824.5200614919777,"{""type"":""MultiPoint"",""coordinates"":[]}"
20160720,2016-07-20,826.4503121462806,827.9371036806295,824.6248788955703,"{""type"":""MultiPoint"",""coordinates"":[]}"
20160721,2016-07-21,826.5444144778581,828.0436562592413,824.8281789901167,"{""type"":""MultiPoint"",""coordinates"":[]}"
20160722,2016-07-22,825.8667950299618,827.3662348367319,824.1531534336269,"{""type"":""MultiPoint"",""coordinates"":[]}"
20160723,2016-07-23,826.8956730900575,828.4604369014672,825.2126080171822,"{""type"":""MultiPoint"",""coordinates"":[]}"
20160724,2016-07-24,827.9082229411459,829.2824451349824,826.1987619408086,"{""type"":""MultiPoint"",""coordinates"":[]}"
20160725,2016-07-25,828.6416426959189,830.0568464220958,827.0050493637281,"{""type"":""MultiPoint"",""coordinates"":[]}"
20160726,2016-07-26,828.7588000974217,830.0616612493077,827.1956370605637,"{""type"":""MultiPoint"",""coordinates"":[]}"
20160727,2016-07-27,828.5144725050458,829.9483386235859,826.8327914855136,"{""type"":""MultiPoint"",""coordinates"":[]}"
20160728,2016-07-28,827.2607407201541,828.9016677629231,825.4553744487407,"{""type"":""MultiPoint"",""coordinates"":[]}"
20160729,2016-07-29,826.4090920223748,827.7840945216598,824.60414329338,"{""type"":""MultiPoint"",""coordinates"":[]}"
20160730,2016-07-30,826.6533966953009,827.9877051016449,824.9133816287022,"{""type"":""MultiPoint"",""coordinates"":[]}"
20160731,2016-07-31,826.4547195631959,828.0178150050428,824.6419623424448,"{""type"":""MultiPoint"",""coordinates"":[]}"
20160801,2016-08-01,825.2762652452844,826.883612877634,823.378608615195,"{""type"":""MultiPoint"",""coordinates"":[]}"
20160802,2016-08-02,824.019378030278,825.3870665802924,822.1142844379631,"{""type"":""MultiPoint"",""coordinates"":[]}"
20160803,2016-08-03,824.6766570227928,826.0676360715086,822.7852816553454,"{""type"":""MultiPoint"",""coordinates"":[]}"
20160804,2016-08-04,825.5767068773342,827.1226258724271,823.8304657460275,"{""type"":""MultiPoint"",""coordinates"":[]}"
20160805,2016-08-05,826.2422512940711,827.8573901967894,824.5638385749276,"{""type"":""MultiPoint"",""coordinates"":[]}"
20160806,2016-08-06,826.1994830439808,827.5515515228968,824.5351955181642,"{""type"":""MultiPoint"",""coordinates"":[]}"
20160807,2016-08-07,826.5875852505317,828.0950897328147,824.9573176895703,"{""type"":""MultiPoint"",""coordinates"":[]}"
20160808,2016-08-08,826.5397155144888,827.92850890751,824.930010717119,"{""type"":""MultiPoint"",""coordinates"":[]}"
20160809,2016-08-09,825.8449527702691,827.1755898961696,824.1413990533996,"{""type"":""MultiPoint"",""coordinates"":[]}"
20160810,2016-08-10,826.2652521860762,827.5526731554854,824.6575578160657,"{""type"":""MultiPoint"",""coordinates"":[]}"
20160811,2016-08-11,827.4186830301891,828.6702483441265,825.8294715904838,"{""type"":""MultiPoint"",""coordinates"":[]}"
20160812,2016-08-12,827.1225726668713,828.6676099665,825.4286438654954,"{""type"":""MultiPoint"",""coordinates"":[]}"
20160813,2016-08-13,826.3436849214376,827.5926108577326,824.6728523471884,"{""type"":""MultiPoint"",""coordinates"":[]}"
20160814,2016-08-14,825.5854511737643,826.9710921161931,823.8605099507449,"{""type"":""MultiPoint"",""coordinates"":[]}"
20160815,2016-08-15,824.4106370348729,825.8829838664853,822.7383839693141,"{""type"":""MultiPoint"",""coordinates"":[]}"
20160816,2016-08-16,823.7029951633859,825.0962487620757,821.8280529767986,"{""type"":""MultiPoint"",""coordinates"":[]}"
20160817,2016-08-17,824.4919321380531,825.849833762286,822.7022368010429,"{""type"":""MultiPoint"",""coordinates"":[]}"
20160818,2016-08-18,825.6189125775289,827.0532627669168,823.855193302408,"{""type"":""MultiPoint"",""coordinates"":[]}"
20160819,2016-08-19,826.0077960165294,827.4297183876844,824.2535564101493,"{""type"":""MultiPoint"",""coordinates"":[]}"
20160820,2016-08-20,826.2301812689022,827.6384562714036,824.4231756723271,"{""type"":""MultiPoint"",""coordinates"":[]}"
20160821,2016-08-21,827.1365658427319,828.5789414322011,825.3994738656279,"{""type"":""MultiPoint"",""coordinates"":[]}"
20160822,2016-08-22,828.0572860683772,829.3421589203074,826.4299063254755,"{""type"":""MultiPoint"",""coordinates"":[]}"
20160823,2016-08-23,827.7157250980974,829.2925837915019,825.8201258276544,"{""type"":""MultiPoint"",""coordinates"":[]}"
20160824,2016-08-24,827.7971344496377,829.170820048167,825.7515836301279,"{""type"":""MultiPoint"",""coordinates"":[]}"
20160825,2016-08-25,828.9160802594656,830.2992510347436,827.0023219434164,"{""type"":""MultiPoint"",""coordinates"":[]}"
20160826,2016-08-26,829.3817348013293,830.7075084401004,827.415598873732,"{""type"":""MultiPoint"",""coordinates"":[]}"
20160827,2016-08-27,829.6899531978554,831.1657461289475,827.6189542539265,"{""type"":""MultiPoint"",""coordinates"":[]}"
20160828,2016-08-28,829.250666664432,831.0297308385093,827.4089558903031,"{""type"":""MultiPoint"",""coordinates"":[]}"
20160829,2016-08-29,827.5041678137577,829.43260242768,825.3112145044388,"{""type"":""MultiPoint"",""coordinates"":[]}"
20160830,2016-08-30,826.7279153505673,828.2238685074913,824.7011551898936,"{""type"":""MultiPoint"",""coordinates"":[]}"
20160831,2016-08-31,827.3300242201653,828.8688812608749,825.3136117486488,"{""type"":""MultiPoint"",""coordinates"":[]}"
20160901,2016-09-01,826.9649440651935,828.5506803850491,824.9334051179625,"{""type"":""MultiPoint"",""coordinates"":[]}"
20160902,2016-09-02,826.0066840679486,827.6155934660153,823.9856193001359,"{""type"":""MultiPoint"",""coordinates"":[]}"
20160903,2016-09-03,826.3890993116266,827.8396520359321,824.3521467338032,"{""type"":""MultiPoint"",""coordinates"":[]}"
20160904,2016-09-04,827.9705254617527,829.3157560246826,826.3381174438796,"{""type"":""MultiPoint"",""coordinates"":[]}"
20160905,2016-09-05,828.2381050463159,829.4996890209676,826.7350162223831,"{""type"":""MultiPoint"",""coordinates"":[]}"
20160906,2016-09-06,828.1956155873488,829.63425021082,826.5161912939607,"{""type"":""MultiPoint"",""coordinates"":[]}"
20160907,2016-09-07,827.9481322099291,829.4020348664145,826.1214632612885,"{""type"":""MultiPoint"",""coordinates"":[]}"
20160908,2016-09-08,829.2236035798109,830.6879484918344,827.3906028559835,"{""type"":""MultiPoint"",""coordinates"":[]}"
20160909,2016-09-09,829.990584078353,831.5280717002569,828.2825562179451,"{""type"":""MultiPoint"",""coordinates"":[]}"
20160910,2016-09-10,829.0304077514054,830.7170899402827,827.0078508575987,"{""type"":""MultiPoint"",""coordinates"":[]}"
20160911,2016-09-11,828.1178918310784,829.6246870977915,826.287761149438,"{""type"":""MultiPoint"",""coordinates"":[]}"
20160912,2016-09-12,828.5454884986206,830.1020327130475,826.7172193178781,"{""type"":""MultiPoint"",""coordinates"":[]}"
20160913,2016-09-13,829.3145989603477,830.7527534750914,827.3309482779987,"{""type"":""MultiPoint"",""coordinates"":[]}"
20160914,2016-09-14,829.4552836287327,831.0496889484467,827.6062120912648,"{""type"":""MultiPoint"",""coordinates"":[]}"
20160915,2016-09-15,828.5717401877155,830.3232087894814,826.5428689195777,"{""type"":""MultiPoint"",""coordinates"":[]}"
20160916,2016-09-16,828.0006870404146,829.8799937983412,825.9635806370228,"{""type"":""MultiPoint"",""coordinates"":[]}"
20160917,2016-09-17,828.1533624380487,829.6287389703378,825.9674664943474,"{""type"":""MultiPoint"",""coordinates"":[]}"
20160918,2016-09-18,829.1825362384174,830.7211060683915,827.3086052915248,"{""type"":""MultiPoint"",""coordinates"":[]}"
20160919,2016-09-19,828.9369359272949,830.5799697670593,826.9080137506925,"{""type"":""MultiPoint"",""coordinates"":[]}"
20160920,2016-09-20,828.7524669668431,830.2569256063309,826.6812461786853,"{""type"":""MultiPoint"",""coordinates"":[]}"
20160921,2016-09-21,829.8047647220368,831.2549547239101,827.8901154430806,"{""type"":""MultiPoint"",""coordinates"":[]}"
20160922,2016-09-22,829.4266820585759,831.3829968360888,827.4210277875521,"{""type"":""MultiPoint"",""coordinates"":[]}"
20160923,2016-09-23,827.351988459198,829.0822100429472,825.4103982831551,"{""type"":""MultiPoint"",""coordinates"":[]}"
20160924,2016-09-24,826.6162262504411,828.1334567493045,824.683600314901,"{""type"":""MultiPoint"",""coordinates"":[]}"
20160925,2016-09-25,827.7436619910992,829.2927513998626,825.744557098869,"{""type"":""MultiPoint"",""coordinates"":[]}"
20160926,2016-09-26,829.2259806685875,830.7064877521738,827.2218915993084,"{""type"":""MultiPoint"",""coordinates"":[]}"
20160927,2016-09-27,829.5793652336334,831.2335893187116,827.5980117664827,"{""type"":""MultiPoint"",""coordinates"":[]}"
20160928,2016-09-28,828.6768249075662,830.3982253742315,826.7882942428433,"{""type"":""MultiPoint"",""coordinates"":[]}"
20160929,2016-09-29,828.4400004749764,830.0652685696692,826.4856040337147,"{""type"":""MultiPoint"",""coordinates"":[]}"
20160930,2016-09-30,828.9531015895897,830.5675957310975,826.8245078625608,"{""type"":""MultiPoint"",""coordinates"":[]}"
20161001,2016-10-01,830.4808374738367,831.877406876632,828.4607229174896,"{""type"":""MultiPoint"",""coordinates"":[]}"
20161002,2016-10-02,830.9253158768329,833.247631109465,828.7298697905042,"{""type"":""MultiPoint"",""coordinates"":[]}"
20161003,2016-10-03,829.8628847831247,832.140977313169,827.648486569432,"{""type"":""MultiPoint"",""coordinates"":[]}"
20161004,2016-10-04,828.823605786515,830.5701829812244,826.8403601057759,"{""type"":""MultiPoint"",""coordinates"":[]}"
20161005,2016-10-05,828.1417765522556,829.6464267426196,826.0188059817565,"{""type"":""MultiPoint"",""coordinates"":[]}"
20161006,2016-10-06,829.1753595193077,830.5905461399287,827.2932030114031,"{""type"":""MultiPoint"",""coordinates"":[]}"
20161007,2016-10-07,829.4397898273908,830.9689952089858,827.3646549841305,"{""type"":""MultiPoint"",""coordinates"":[]}"
20161008,2016-10-08,829.181134643779,830.9672729943178,827.1512296262403,"{""type"":""MultiPoint"",""coordinates"":[]}"
20161009,2016-10-09,828.130748771181,830.2324521558419,826.0388935175781,"{""type"":""MultiPoint"",""coordinates"":[]}"
20161010,2016-10-10,828.1598087965054,829.7050868103046,826.3338710312705,"{""type"":""MultiPoint"",""coordinates"":[]}"
20161011,2016-10-11,828.7391256782444,830.3635195757113,826.9602653863519,"{""type"":""MultiPoint"",""coordinates"":[]}"
20161012,2016-10-12,828.7776701144096,830.227673615543,827.0352350352072,"{""type"":""MultiPoint"",""coordinates"":[]}"
20161013,2016-10-13,829.6536109454046,831.2109450811777,827.8406436649653,"{""type"":""MultiPoint"",""coordinates"":[]}"
20161014,2016-10-14,830.5810316133515,832.1667615785617,828.7214240905265,"{""type"":""MultiPoint"",""coordinates"":[]}"
20161015,2016-10-15,831.6059689149881,833.1181311319947,829.724422063827,"{""type"":""MultiPoint"",""coordinates"":[]}"
20161016,2016-10-16,831.8115840292494,833.5796622701206,830.0841211072584,"{""type"":""MultiPoint"",""coordinates"":[]}"
20161017,2016-10-17,830.5997372051355,832.3196430328741,828.7383550645603,"{""type"":""MultiPoint"",""coordinates"":[]}"
20161018,2016-10-18,829.6681201373339,831.7020549332319,827.6267246396378,"{""type"":""MultiPoint"",""coordinates"":[]}"
20161019,2016-10-19,828.2504937427583,830.3673210320557,826.4696215379049,"{""type"":""MultiPoint"",""coordinates"":[]}"
20161020,2016-10-20,827.642319471382,829.4052415722092,825.9254195115619,"{""type"":""MultiPoint"",""coordinates"":[]}"
20161021,2016-10-21,828.4971122051643,829.9993845230606,826.5804630132797,"{""type"":""MultiPoint"",""coordinates"":[]}"
20161022,2016-10-22,829.4624638102615,831.0217057347655,827.8376714254828,"{""type"":""MultiPoint"",""coordinates"":[]}"
20161023,2016-10-23,829.2280782090534,831.1606597102796,827.5115068154994,"{""type"":""MultiPoint"",""coordinates"":[]}"
20161024,2016-10-24,828.3579805109772,830.1414050005941,826.6485742870143,"{""type"":""MultiPoint"",""coordinates"":[]}"
20161025,2016-10-25,828.6307409455454,830.1383497604852,826.7350481976849,"{""type"":""MultiPoint"",""coordinates"":[]}"
20161026,2016-10-26,830.5777007896742,832.3080618795547,828.4373900948012,"{""type"":""MultiPoint"",""coordinates"":[]}"
20161027,2016-10-27,832.5469214727161,834.4201707899717,830.760945823188,"{""type"":""MultiPoint"",""coordinates"":[]}"
20161028,2016-10-28,831.8314154724859,833.8175444486974,829.9045371175799,"{""type"":""MultiPoint"",""coordinates"":[]}"
20161029,2016-10-29,831.6694069299988,833.3216242728677,829.8385781585922,"{""type"":""MultiPoint"",""coordinates"":[]}"
20161030,2016-10-30,833.3239786372767,834.7614295292144,831.3130000812224,"{""type"":""MultiPoint"",""coordinates"":[]}"
20161031,2016-10-31,834.4843928110417,836.3447885093341,832.8469565242675,"{""type"":""MultiPoint"",""coordinates"":[]}"
20161101,2016-11-01,833.676104750091,835.3712523624133,832.0144386341724,"{""type"":""MultiPoint"",""coordinates"":[]}"
20161102,2016-11-02,833.7195478472728,835.2718791636047,831.9653730399854,"{""type"":""MultiPoint"",""coordinates"":[]}"
20161103,2016-11-03,833.2224946203365,835.5028641285691,831.028621475079,"{""type"":""MultiPoint"",""coordinates"":[]}"
20161104,2016-11-04,830.4003182523496,832.8893135836421,828.3608242594443,"{""type"":""MultiPoint"",""coordinates"":[]}"
20161105,2016-11-05,829.058197814743,830.8470633340929,827.3236029889337,"{""type"":""MultiPoint"",""coordinates"":[]}"
20161106,2016-11-06,830.3447669304833,831.7675075368691,828.5512062788225,"{""type"":""MultiPoint"",""coordinates"":[]}"
20161107,2016-11-07,831.3845924748728,832.8929541662453,829.7269075040962,"{""type"":""MultiPoint"",""coordinates"":[]}"
20161108,2016-11-08,832.7045542069588,834.2395846961426,830.8925666976328,"{""type"":""MultiPoint"",""coordinates"":[]}"
20161109,2016-11-09,833.3929467529579,835.2041113108675,831.6602761908542,"{""type"":""MultiPoint"",""coordinates"":[]}"
20161110,2016-11-10,831.9359394199616,834.1425376539017,830.0009308314226,"{""type"":""MultiPoint"",""coordinates"":[]}"
20161111,2016-11-11,831.6447424439517,833.1206666058113,829.9766985803475,"{""type"":""MultiPoint"",""coordinates"":[]}"
20161112,2016-11-12,832.7921845675597,834.2107376227704,831.0667667685772,"{""type"":""MultiPoint"",""coordinates"":[]}"
20161113,2016-11-13,833.5461356840431,835.3326808116524,831.9292593155307,"{""type"":""MultiPoint"",""coordinates"":[]}"
20161114,2016-11-14,832.4913617179235,834.5167098128726,830.7418187909345,"{""type"":""MultiPoint"",""coordinates"":[]}"
20161115,2016-11-15,832.1446509505039,833.6395049666694,830.5986757323961,"{""type"":""MultiPoint"",""coordinates"":[]}"
20161116,2016-11-16,832.9335089212252,834.5330063273685,831.1650401971407,"{""type"":""MultiPoint"",""coordinates"":[]}"
20161117,2016-11-17,833.0829325178371,835.1014724620226,831.5056757797037,"{""type"":""MultiPoint"",""coordinates"":[]}"
20161118,2016-11-18,831.6774082585914,833.9053311008585,829.9988394961919,"{""type"":""MultiPoint"",""coordinates"":[]}"
20161119,2016-11-19,830.5875784121762,832.3565964400609,828.8438148958766,"{""type"":""MultiPoint"",""coordinates"":[]}"
20161120,2016-11-20,830.7940807611828,832.6038310874338,829.0654082119955,"{""type"":""MultiPoint"",""coordinates"":[]}"
20161121,2016-11-21,830.835736964614,832.6779877412179,829.3056544382531,"{""type"":""MultiPoint"",""coordinates"":[]}"
20161122,2016-11-22,830.9409527169533,832.6335823343942,829.3342313595448,"{""type"":""MultiPoint"",""coordinates"":[]}"
20161123,2016-11-23,830.9206629971949,832.507513762594,829.1193390252507,"{""type"":""MultiPoint"",""coordinates"":[]}"
20161124,2016-11-24,831.4970924579654,833.35530129833,829.6042704750573,"{""type"":""MultiPoint"",""coordinates"":[]}"
20161125,2016-11-25,831.5825679633632,833.5807606904366,829.5414687068322,"{""type"":""MultiPoint"",""coordinates"":[]}"
20161126,2016-11-26,831.3505145496109,833.2214367999483,829.6161758710838,"{""type"":""MultiPoint"",""coordinates"":[]}"
20161127,2016-11-27,831.2740705593454,833.3308629999576,829.3425440511782,"{""type"":""MultiPoint"",""coordinates"":[]}"
20161128,2016-11-28,831.9676391031529,833.5300088937079,830.1707810501069,"{""type"":""MultiPoint"",""coordinates"":[]}"
20161129,2016-11-29,832.8763868194457,834.3177059648953,831.2363137623897,"{""type"":""MultiPoint"",""coordinates"":[]}"
20161130,2016-11-30,832.9791993350713,834.9380382838054,831.3508568455057,"{""type"":""MultiPoint"",""coordinates"":[]}"
20161201,2016-12-01,832.9066425483854,834.6048378187216,831.0882356553717,"{""type"":""MultiPoint"",""coordinates"":[]}"
20161202,2016-12-02,834.084654273514,835.8053511872992,832.1572680756594,"{""type"":""MultiPoint"",""coordinates"":[]}"
20161203,2016-12-03,835.5192163382817,837.1775750830906,833.71225276791,"{""type"":""MultiPoint"",""coordinates"":[]}"
20161204,2016-12-04,835.4005787073107,837.3731571084759,833.6589330228928,"{""type"":""MultiPoint"",""coordinates"":[]}"
20161205,2016-12-05,834.3985956607711,836.0073271121231,832.6558747449631,"{""type"":""MultiPoint"",""coordinates"":[]}"
20161206,2016-12-06,834.5413789373437,836.1841393228783,832.8676539061948,"{""type"":""MultiPoint"",""coordinates"":[]}"
20161207,2016-12-07,833.9627715364137,836.0836296270098,832.1092483305891,"{""type"":""MultiPoint"",""coordinates"":[]}"
20161208,2016-12-08,832.3542591811232,834.4479914810288,830.7802009719247,"{""type"":""MultiPoint"",""coordinates"":[]}"
20161209,2016-12-09,830.7839702569047,832.8640130371812,828.77169459196,"{""type"":""MultiPoint"",""coordinates"":[]}"
20161210,2016-12-10,829.7726802379266,831.6479965854995,827.9153035497543,"{""type"":""MultiPoint"",""coordinates"":[]}"
20161211,2016-12-11,829.8952496237057,832.0532378485127,827.8160459722533,"{""type"":""MultiPoint"",""coordinates"":[]}"
20161212,2016-12-12,830.1594119158754,832.0221321988954,828.4009841624103,"{""type"":""MultiPoint"",""coordinates"":[]}"
20161213,2016-12-13,830.9664160260907,832.6403701806887,829.0548166494269,"{""type"":""MultiPoint"",""coordinates"":[]}"
20161214,2016-12-14,832.3825634252329,834.0938593212978,830.575317771545,"{""type"":""MultiPoint"",""coordinates"":[]}"
20161215,2016-12-15,833.0040277556783,834.7910814845023,831.1279419243592,"{""type"":""MultiPoint"",""coordinates"":[]}"
20161216,2016-12-16,833.3759671361173,835.2379591006984,831.6792400744723,"{""type"":""MultiPoint"",""coordinates"":[]}"
20161217,2016-12-17,832.4503362481232,834.4648204782967,830.7123698925182,"{""type"":""MultiPoint"",""coordinates"":[]}"
20161218,2016-12-18,832.6712810706492,834.2826383396241,831.186338202435,"{""type"":""MultiPoint"",""coordinates"":[]}"
20161219,2016-12-19,832.176592832173,834.3781890655047,830.5878015801829,"{""type"":""MultiPoint"",""coordinates"":[]}"
20161220,2016-12-20,832.7909511840436,834.8092092442379,830.6895865833861,"{""type"":""MultiPoint"",""coordinates"":[]}"
20161221,2016-12-21,833.6322132009584,835.5832607731592,831.7750891606304,"{""type"":""MultiPoint"",""coordinates"":[]}"
20161222,2016-12-22,832.2604071709069,834.4177051030192,830.4393621540287,"{""type"":""MultiPoint"",""coordinates"":[]}"
20161223,2016-12-23,829.8425963420182,832.1812301328987,827.5587737720126,"{""type"":""MultiPoint"",""coordinates"":[]}"
20161224,2016-12-24,828.4763354583491,830.3718169705242,826.5248642201216,"{""type"":""MultiPoint"",""coordinates"":[]}"
20161225,2016-12-25,830.759648411993,832.672012405238,828.4688103799974,"{""type"":""MultiPoint"",""coordinates"":[]}"
20161226,2016-12-26,832.0720418619823,833.8250241126879,829.9143094133727,"{""type"":""MultiPoint"",""coordinates"":[]}"
20161227,2016-12-27,832.3495602554051,834.3138780260235,830.4585733794885,"{""type"":""MultiPoint"",""coordinates"":[]}"
20161228,2016-12-28,832.3822111787439,834.0364899463976,830.4746210955562,"{""type"":""MultiPoint"",""coordinates"":[]}"
20161229,2016-12-29,832.7492939723643,834.766283172704,830.9608149601352,"{""type"":""MultiPoint"",""coordinates"":[]}"
20161230,2016-12-30,832.6312888602315,834.5723555635112,830.9062132302216,"{""type"":""MultiPoint"",""coordinates"":[]}"
20161231,2016-12-31,831.4319566137335,833.1698036310713,829.6255196460311,"{""type"":""MultiPoint"",""coordinates"":[]}"
20170101,2017-01-01,831.723863020915,833.5161884761759,830.0978831252474,"{""type"":""MultiPoint"",""coordinates"":[]}"
20170102,2017-01-02,832.2266432808814,833.7356170352496,830.5544347310575,"{""type"":""MultiPoint"",""coordinates"":[]}"
20170103,2017-01-03,831.4296411741842,833.4359748783543,829.5158325504896,"{""type"":""MultiPoint"",""coordinates"":[]}"
20170104,2017-01-04,830.2491416216466,832.1912991321393,828.3797321740938,"{""type"":""MultiPoint"",""coordinates"":[]}"
20170105,2017-01-05,829.0979818479949,831.2810651518023,827.3585025947291,"{""type"":""MultiPoint"",""coordinates"":[]}"
20170106,2017-01-06,828.4453066520812,830.4195096770649,826.7449341054117,"{""type"":""MultiPoint"",""coordinates"":[]}"
20170107,2017-01-07,827.079041096343,829.010986868996,825.3191085305774,"{""type"":""MultiPoint"",""coordinates"":[]}"
20170108,2017-01-08,827.7138997192719,829.455915347001,825.8046746671079,"{""type"":""MultiPoint"",""coordinates"":[]}"
20170109,2017-01-09,828.0281714270768,829.7966844940366,826.5609928511795,"{""type"":""MultiPoint"",""coordinates"":[]}"
20170110,2017-01-10,828.67539506789,830.2377269802553,827.1625388316006,"{""type"":""MultiPoint"",""coordinates"":[]}"
20170111,2017-01-11,828.786499642652,830.5264478437273,827.3478901717401,"{""type"":""MultiPoint"",""coordinates"":[]}"
20170112,2017-01-12,828.14216195272,829.9692181250375,826.574608325009,"{""type"":""MultiPoint"",""coordinates"":[]}"
20170113,2017-01-13,828.6026864034069,830.2744567850713,827.1186364340629,"{""type"":""MultiPoint"",""coordinates"":[]}"
20170114,2017-01-14,830.8303339045718,832.623273676202,828.4034036254164,"{""type"":""MultiPoint"",""coordinates"":[]}"
20170115,2017-01-15,831.0621865465813,833.2235340033446,829.2683257699064,"{""type"":""MultiPoint"",""coordinates"":[]}"
20170116,2017-01-16,830.2792477347177,832.3636982045286,828.5436465807037,"{""type"":""MultiPoint"",""coordinates"":[]}"
20170117,2017-01-17,830.8059123581127,832.4792082578933,828.8454422285511,"{""type"":""MultiPoint"",""coordinates"":[]}"
20170118,2017-01-18,833.3831330272498,835.0798609355187,831.2707399348238,"{""type"":""MultiPoint"",""coordinates"":[]}"
20170119,2017-01-19,834.0156368720358,836.0141140282118,832.167153996778,"{""type"":""MultiPoint"",""coordinates"":[]}"
20170120,2017-01-20,834.0587233768182,836.0474534588625,832.0900927314476,"{""type"":""MultiPoint"",""coordinates"":[]}"
20170121,2017-01-21,834.6245069191564,836.1397965693203,832.8084631346477,"{""type"":""MultiPoint"",""coordinates"":[]}"
20170122,2017-01-22,834.346081375992,836.5453765733514,832.510993142993,"{""type"":""MultiPoint"",""coordinates"":[]}"
20170123,2017-01-23,833.7885266832434,835.9525047613342,831.7691495470532,"{""type"":""MultiPoint"",""coordinates"":[]}"
20170124,2017-01-24,834.1414403065617,835.8116338039813,832.2974905705113,"{""type"":""MultiPoint"",""coordinates"":[]}"
20170125,2017-01-25,834.3232536813616,836.1867353485011,832.6825464952028,"{""type"":""MultiPoint"",""coordinates"":[]}"
20170126,2017-01-26,833.132713502901,835.5914619818648,830.6612414131226,"{""type"":""MultiPoint"",""coordinates"":[]}"
20170127,2017-01-27,831.424698939855,833.5477672284009,829.2047112349214,"{""type"":""MultiPoint"",""coordinates"":[]}"
20170128,2017-01-28,831.6994747725805,833.760898416861,829.6777851694179,"{""type"":""MultiPoint"",""coordinates"":[]}"
20170129,2017-01-29,831.6251861224359,833.5467650937236,830.0436617475502,"{""type"":""MultiPoint"",""coordinates"":[]}"
20170130,2017-01-30,830.2576209793252,832.6851401627098,828.364470718919,"{""type"":""MultiPoint"",""coordinates"":[]}"
20170131,2017-01-31,830.1715583393882,831.8035241451955,828.4185413812504,"{""type"":""MultiPoint"",""coordinates"":[]}"
20170201,2017-02-01,831.5734488407196,833.0060002034319,829.7329640380649,"{""type"":""MultiPoint"",""coordinates"":[]}"
20170202,2017-02-02,832.8435362030268,834.7587815817756,831.0164795769592,"{""type"":""MultiPoint"",""coordinates"":[]}"
20170203,2017-02-03,832.6088776137859,834.7850674625802,830.3316265590162,"{""type"":""MultiPoint"",""coordinates"":[]}"
20170204,2017-02-04,830.8071432432251,833.0507897050832,828.6711124773218,"{""type"":""MultiPoint"",""coordinates"":[]}"
20170205,2017-02-05,830.1272340650414,832.5195946853951,827.6228490006425,"{""type"":""MultiPoint"",""coordinates"":[]}"
20170206,2017-02-06,829.8622678055385,831.9855788983126,827.8510188302097,"{""type"":""MultiPoint"",""coordinates"":[]}"
20170207,2017-02-07,830.5904301614407,832.1962073391087,828.7074231593539,"{""type"":""MultiPoint"",""coordinates"":[]}"
20170208,2017-02-08,830.7504545857134,832.7138888348774,828.9515314831723,"{""type"":""MultiPoint"",""coordinates"":[]}"
20170209,2017-02-09,830.0138108373532,832.0527325533561,828.0474328962337,"{""type"":""MultiPoint"",""coordinates"":[]}"
20170210,2017-02-10,830.2263914721557,832.0588258855157,828.0478034395712,"{""type"":""MultiPoint"",""coordinates"":[]}"
20170211,2017-02-11,831.8573220384999,833.2808482590428,830.0205285228575,"{""type"":""MultiPoint"",""coordinates"":[]}"
20170212,2017-02-12,833.9000955505313,835.4786904866396,832.0068851951465,"{""type"":""MultiPoint"",""coordinates"":[]}"
20170213,2017-02-13,835.397209325713,837.235412640513,833.4618301058317,"{""type"":""MultiPoint"",""coordinates"":[]}"
20170214,2017-02-14,836.3697881277544,838.2961184785499,834.4528878294853,"{""type"":""MultiPoint"",""coordinates"":[]}"
20170215,2017-02-15,835.2944269214272,837.2564199619818,833.5540688062388,"{""type"":""MultiPoint"",""coordinates"":[]}"
20170216,2017-02-16,834.0885623509336,836.142040061175,832.0219540109175,"{""type"":""MultiPoint"",""coordinates"":[]}"
20170217,2017-02-17,833.8333219978655,835.7704513853538,831.6024986002384,"{""type"":""MultiPoint"",""coordinates"":[]}"
20170218,2017-02-18,833.3754946535826,835.7784304203877,830.937225921929,"{""type"":""MultiPoint"",""coordinates"":[]}"
20170219,2017-02-19,829.7176221226296,833.2526949758269,826.4329247331358,"{""type"":""MultiPoint"",""coordinates"":[]}"
20170220,2017-02-20,826.2186749458441,828.6201777200471,823.9884008625585,"{""type"":""MultiPoint"",""coordinates"":[]}"
20170221,2017-02-21,826.3350399978679,828.1015523142014,824.4061214259766,"{""type"":""MultiPoint"",""coordinates"":[]}"
20170222,2017-02-22,828.0852981451742,829.8829994680342,825.9387015426149,"{""type"":""MultiPoint"",""coordinates"":[]}"
20170223,2017-02-23,829.7843799784941,831.4397045587154,827.7201386444156,"{""type"":""MultiPoint"",""coordinates"":[]}"
20170224,2017-02-24,831.3562247569557,833.2892856966836,829.2968629114293,"{""type"":""MultiPoint"",""coordinates"":[]}"
20170225,2017-02-25,830.2748276939699,832.9104224546747,828.1565674705238,"{""type"":""MultiPoint"",""coordinates"":[]}"
20170226,2017-02-26,829.059550804296,830.9528744030796,827.0641468126004,"{""type"":""MultiPoint"",""coordinates"":[]}"
20170227,2017-02-27,830.7805745118447,832.5965779216888,828.6951868075954,"{""type"":""MultiPoint"",""coordinates"":[]}"
20170228,2017-02-28,831.2388984618792,833.4613229072652,829.2602796441074,"{""type"":""MultiPoint"",""coordinates"":[]}"
20170301,2017-03-01,829.791997534337,832.0701127119574,827.8366577079399,"{""type"":""MultiPoint"",""coordinates"":[]}"
20170302,2017-03-02,827.8835346293071,830.6065866751915,825.641165304755,"{""type"":""MultiPoint"",""coordinates"":[]}"
20170303,2017-03-03,826.1296864299734,828.0736259007233,824.3634534884109,"{""type"":""MultiPoint"",""coordinates"":[]}"
20170304,2017-03-04,826.2364257610659,827.9796620828367,824.289207784914,"{""type"":""MultiPoint"",""coordinates"":[]}"
20170305,2017-03-05,826.6428689775798,828.4510255346466,824.980253571652,"{""type"":""MultiPoint"",""coordinates"":[]}"
20170306,2017-03-06,826.6327099085655,828.4801989919671,824.8758661579064,"{""type"":""MultiPoint"",""coordinates"":[]}"
20170307,2017-03-07,826.6437154371547,828.3593195426361,824.7429423970715,"{""type"":""MultiPoint"",""coordinates"":[]}"
20170308,2017-03-08,825.5494541924172,827.7705508955663,823.4052922826871,"{""type"":""MultiPoint"",""coordinates"":[]}"
20170309,2017-03-09,824.3989171544172,826.27602635481,822.5042096047518,"{""type"":""MultiPoint"",""coordinates"":[]}"
20170310,2017-03-10,824.5021412293544,826.1220453532507,822.4815469925081,"{""type"":""MultiPoint"",""coordinates"":[]}"
20170311,2017-03-11,825.8094309204033,827.5613937214351,823.6346809931526,"{""type"":""MultiPoint"",""coordinates"":[]}"
20170312,2017-03-12,827.2621148452836,829.310415797495,824.9841328346,"{""type"":""MultiPoint"",""coordinates"":[]}"
20170313,2017-03-13,828.6762853073839,830.4300311272895,826.7268648911554,"{""type"":""MultiPoint"",""coordinates"":[]}"
20170314,2017-03-14,829.4291589875518,831.4234866188914,827.3438784505728,"{""type"":""MultiPoint"",""coordinates"":[]}"
20170315,2017-03-15,829.7848969687267,831.8532264303908,827.9687748168191,"{""type"":""MultiPoint"",""coordinates"":[]}"
20170316,2017-03-16,828.2798943617795,830.2960565455163,826.3223111254845,"{""type"":""MultiPoint"",""coordinates"":[]}"
20170317,2017-03-17,827.0527657867719,828.9287634869486,825.0401374291966,"{""type"":""MultiPoint"",""coordinates"":[]}"
20170318,2017-03-18,827.9074299763073,829.8638898514403,825.8148716666088,"{""type"":""MultiPoint"",""coordinates"":[]}"
20170319,2017-03-19,829.394587899526,831.1026562025118,827.4356344445767,"{""type"":""MultiPoint"",""coordinates"":[]}"
20170320,2017-03-20,829.6819138089396,831.6085716918726,827.6133548534546,"{""type"":""MultiPoint"",""coordinates"":[]}"
20170321,2017-03-21,830.3273770042589,832.0133501579511,828.6386174864799,"{""type"":""MultiPoint"",""coordinates"":[]}"
20170322,2017-03-22,830.0729097995894,832.1958072856679,828.0568913172588,"{""type"":""MultiPoint"",""coordinates"":[]}"
20170323,2017-03-23,830.1144136964705,831.9596799106589,828.1951200362123,"{""type"":""MultiPoint"",""coordinates"":[]}"
20170324,2017-03-24,830.4165455746447,832.2349270901931,828.4016772280961,"{""type"":""MultiPoint"",""coordinates"":[]}"
20170325,2017-03-25,830.9657937642904,832.9460233877845,828.6938969727217,"{""type"":""MultiPoint"",""coordinates"":[]}"
20170326,2017-03-26,831.4628587919229,833.5332044697741,829.3099732233809,"{""type"":""MultiPoint"",""coordinates"":[]}"
20170327,2017-03-27,831.3886635404832,833.320683488283,829.3331802745328,"{""type"":""MultiPoint"",""coordinates"":[]}"
20170328,2017-03-28,830.630122937765,832.6926918268608,828.5884569019299,"{""type"":""MultiPoint"",""coordinates"":[]}"
20170329,2017-03-29,830.0058213370696,831.9532995720555,827.8145926893009,"{""type"":""MultiPoint"",""coordinates"":[]}"
20170330,2017-03-30,830.667588240345,832.398149088593,828.4704995356641,"{""type"":""MultiPoint"",""coordinates"":[]}"
20170331,2017-03-31,830.8340009817499,833.0502675942889,828.6273229486476,"{""type"":""MultiPoint"",""coordinates"":[]}"
20170401,2017-04-01,828.6252729846748,830.8097725230546,826.512290551331,"{""type"":""MultiPoint"",""coordinates"":[]}"
20170402,2017-04-02,827.4407521994139,829.3934128033234,825.3068994091573,"{""type"":""MultiPoint"",""coordinates"":[]}"
20170403,2017-04-03,827.8940930717281,829.6815445850347,825.7751357721359,"{""type"":""MultiPoint"",""coordinates"":[]}"
20170404,2017-04-04,828.0397466522254,830.0393122065157,825.866134460512,"{""type"":""MultiPoint"",""coordinates"":[]}"
20170405,2017-04-05,826.7422836530064,828.8967894519385,824.3532955475534,"{""type"":""MultiPoint"",""coordinates"":[]}"
20170406,2017-04-06,826.5659802054428,828.4804262609085,824.3370977954957,"{""type"":""MultiPoint"",""coordinates"":[]}"
20170407,2017-04-07,827.8293092764173,829.6538423019871,825.699787581425,"{""type"":""MultiPoint"",""coordinates"":[]}"
20170408,2017-04-08,828.7467845176175,830.54668021806,826.718763792324,"{""type"":""MultiPoint"",""coordinates"":[]}"
20170409,2017-04-09,828.3604592507646,830.4891449094794,826.3367456652107,"{""type"":""MultiPoint"",""coordinates"":[]}"
20170410,2017-04-10,827.9091150520825,830.0234747520768,825.7001362184395,"{""type"":""MultiPoint"",""coordinates"":[]}"
20170411,2017-04-11,828.763660492453,830.6731998277625,826.6008714529829,"{""type"":""MultiPoint"",""coordinates"":[]}"
20170412,2017-04-12,829.4818187707914,831.368533647784,827.2892139850474,"{""type"":""MultiPoint"",""coordinates"":[]}"
20170413,2017-04-13,829.3820802212567,831.5231952809287,827.1917087801432,"{""type"":""MultiPoint"",""coordinates"":[]}"
20170414,2017-04-14,828.3930952576759,830.4436042596063,826.2592500478793,"{""type"":""MultiPoint"",""coordinates"":[]}"
20170415,2017-04-15,827.7292434340224,829.9981662909543,825.4194881114738,"{""type"":""MultiPoint"",""coordinates"":[]}"
20170416,2017-04-16,829.3567274633426,831.087966307661,827.1058504245287,"{""type"":""MultiPoint"",""coordinates"":[]}"
20170417,2017-04-17,829.7216254348464,831.6210023406292,827.5811472130379,"{""type"":""MultiPoint"",""coordinates"":[]}"
20170418,2017-04-18,828.4952609835198,830.683533154155,826.3154411624306,"{""type"":""MultiPoint"",""coordinates"":[]}"
20170419,2017-04-19,827.2113889012318,829.1397120666153,825.224226591274,"{""type"":""MultiPoint"",""coordinates"":[]}"
20170420,2017-04-20,826.8716595507551,828.5012707706255,824.8148286307669,"{""type"":""MultiPoint"",""coordinates"":[]}"
20170421,2017-04-21,827.308164841543,828.9497442295028,825.2634340957609,"{""type"":""MultiPoint"",""coordinates"":[]}"
20170422,2017-04-22,827.2881473310139,829.1923972972914,825.2736619062538,"{""type"":""MultiPoint"",""coordinates"":[]}"
20170423,2017-04-23,827.2086945854176,828.9730104861252,825.2697547409173,"{""type"":""MultiPoint"",""coordinates"":[]}"
20170424,2017-04-24,827.5344866120782,829.1723736457246,825.6210706264233,"{""type"":""MultiPoint"",""coordinates"":[]}"
20170425,2017-04-25,827.2143430517727,828.9683992926015,825.3157950516018,"{""type"":""MultiPoint"",""coordinates"":[]}"
20170426,2017-04-26,828.0110881155615,829.4693073242651,826.1583523586015,"{""type"":""MultiPoint"",""coordinates"":[]}"
20170427,2017-04-27,828.7592630383245,830.3116361256206,826.899718264127,"{""type"":""MultiPoint"",""coordinates"":[]}"
20170428,2017-04-28,828.282916081605,830.0600155093653,826.0771446822365,"{""type"":""MultiPoint"",""coordinates"":[]}"
20170429,2017-04-29,828.689387835155,830.2111260591078,826.7730517868657,"{""type"":""MultiPoint"",""coordinates"":[]}"
20170430,2017-04-30,828.4284984211017,830.1272132252503,826.3729375484388,"{""type"":""MultiPoint"",""coordinates"":[]}"
20170501,2017-05-01,829.1203790892201,830.7303996022885,827.177155606948,"{""type"":""MultiPoint"",""coordinates"":[]}"
20170502,2017-05-02,830.2556454177927,832.0715959245933,828.2771609987742,"{""type"":""MultiPoint"",""coordinates"":[]}"
20170503,2017-05-03,830.1186528550311,831.8382242197108,828.1011932208182,"{""type"":""MultiPoint"",""coordinates"":[]}"
20170504,2017-05-04,829.6393638616395,831.409520046502,827.6795245350883,"{""type"":""MultiPoint"",""coordinates"":[]}"
20170505,2017-05-05,829.4630325143702,831.2489371031319,827.207779656752,"{""type"":""MultiPoint"",""coordinates"":[]}"
20170506,2017-05-06,830.4266318263054,832.282758181649,828.1873384596047,"{""type"":""MultiPoint"",""coordinates"":[]}"
20170507,2017-05-07,830.6210057163707,832.4501737371875,828.5936912347171,"{""type"":""MultiPoint"",""coordinates"":[]}"
20170508,2017-05-08,829.6035192570612,831.8794862969221,827.3887288006307,"{""type"":""MultiPoint"",""coordinates"":[]}"
20170509,2017-05-09,828.658665004349,830.3225155465575,826.4949697166342,"{""type"":""MultiPoint"",""coordinates"":[]}"
20170510,2017-05-10,829.4764159468233,831.1339485678493,827.3201327046878,"{""type"":""MultiPoint"",""coordinates"":[]}"
20170511,2017-05-11,830.5048534056706,832.0524599646802,828.493156676112,"{""type"":""MultiPoint"",""coordinates"":[]}"
20170512,2017-05-12,830.0457750900152,832.1738301493671,827.8616433158224,"{""type"":""MultiPoint"",""coordinates"":[]}"
20170513,2017-05-13,828.8074504522741,830.9085188054099,826.6371715486518,"{""type"":""MultiPoint"",""coordinates"":[]}"
20170514,2017-05-14,827.5359431636048,829.298621394822,825.6318686398234,"{""type"":""MultiPoint"",""coordinates"":[]}"
20170515,2017-05-15,826.4483078465045,828.1376474041815,824.4979464872507,"{""type"":""MultiPoint"",""coordinates"":[]}"
20170516,2017-05-16,825.5700909077461,827.3396500704356,823.6027928580482,"{""type"":""MultiPoint"",""coordinates"":[]}"
20170517,2017-05-17,825.9103460010699,827.3963996777486,823.9947120975382,"{""type"":""MultiPoint"",""coordinates"":[]}"
20170518,2017-05-18,826.8059150904369,828.4717756672802,824.8929342990141,"{""type"":""MultiPoint"",""coordinates"":[]}"
20170519,2017-05-19,827.247683632621,828.9117057372991,825.4175703675473,"{""type"":""MultiPoint"",""coordinates"":[]}"
20170520,2017-05-20,826.2164236457853,828.3318738755173,824.131283727642,"{""type"":""MultiPoint"",""coordinates"":[]}"
20170521,2017-05-21,826.494568224711,828.1876491959121,824.4030440214177,"{""type"":""MultiPoint"",""coordinates"":[]}"
20170522,2017-05-22,827.6305126886485,829.1244830305947,825.7609437098699,"{""type"":""MultiPoint"",""coordinates"":[]}"
20170523,2017-05-23,827.9409080887449,829.8847776725738,825.9314665349069,"{""type"":""MultiPoint"",""coordinates"":[]}"
20170524,2017-05-24,827.5687124359529,829.3388344625366,825.689071374462,"{""type"":""MultiPoint"",""coordinates"":[]}"
20170525,2017-05-25,827.0271239466338,828.7886620479424,824.930079979246,"{""type"":""MultiPoint"",""coordinates"":[]}"
20170526,2017-05-26,826.2099619181978,828.0360761856849,824.2025756413922,"{""type"":""MultiPoint"",""coordinates"":[]}"
20170527,2017-05-27,825.514596016816,827.1446160197893,823.5539356874873,"{""type"":""MultiPoint"",""coordinates"":[]}"
20170528,2017-05-28,825.3033386109449,826.8842015522997,823.4014947216126,"{""type"":""MultiPoint"",""coordinates"":[]}"
20170529,2017-05-29,824.7838031939076,826.2608307281347,822.9918959674893,"{""type"":""MultiPoint"",""coordinates"":[]}"
20170530,2017-05-30,823.6836677207178,825.5165110892773,821.5785755181207,"{""type"":""MultiPoint"",""coordinates"":[]}"
20170531,2017-05-31,824.5650291331401,826.1898668764668,822.6434739223604,"{""type"":""MultiPoint"",""coordinates"":[]}"
20170601,2017-06-01,825.3774131469556,826.8900203899766,823.3553962612789,"{""type"":""MultiPoint"",""coordinates"":[]}"
20170602,2017-06-02,826.098896074677,827.69729358484,824.2534129470826,"{""type"":""MultiPoint"",""coordinates"":[]}"
20170603,2017-06-03,826.4749265266327,828.2929342542529,824.6190880518719,"{""type"":""MultiPoint"",""coordinates"":[]}"
20170604,2017-06-04,826.4783751417608,828.0224466254363,824.6729530811606,"{""type"":""MultiPoint"",""coordinates"":[]}"
20170605,2017-06-05,826.8877318767508,828.3930348217622,824.8940693250004,"{""type"":""MultiPoint"",""coordinates"":[]}"
20170606,2017-06-06,827.2923204554786,828.9125077387972,825.3582692738089,"{""type"":""MultiPoint"",""coordinates"":[]}"
20170607,2017-06-07,827.3491151881702,828.9644817918423,825.4716557520661,"{""type"":""MultiPoint"",""coordinates"":[]}"
20170608,2017-06-08,826.6866845206313,828.4872150608754,824.5206925327624,"{""type"":""MultiPoint"",""coordinates"":[]}"
20170609,2017-06-09,825.8824073787201,827.4378175755176,823.8603125047129,"{""type"":""MultiPoint"",""coordinates"":[]}"
20170610,2017-06-10,825.1282308504941,826.7016962807614,823.2104911012794,"{""type"":""MultiPoint"",""coordinates"":[]}"
20170611,2017-06-11,824.799812393099,826.2343375917418,823.0222295645492,"{""type"":""MultiPoint"",""coordinates"":[]}"
20170612,2017-06-12,824.3381856877136,825.8554016758102,822.446531317499,"{""type"":""MultiPoint"",""coordinates"":[]}"
20170613,2017-06-13,825.2261998370897,826.6122547644991,823.4929262350122,"{""type"":""MultiPoint"",""coordinates"":[]}"
20170614,2017-06-14,826.8688573855784,828.1398506655918,825.1967538792499,"{""type"":""MultiPoint"",""coordinates"":[]}"
20170615,2017-06-15,826.451675545986,828.1221324277132,824.5649922468556,"{""type"":""MultiPoint"",""coordinates"":[]}"
20170616,2017-06-16,826.162067514964,827.477063131147,824.5558744708975,"{""type"":""MultiPoint"",""coordinates"":[]}"
20170617,2017-06-17,825.8574965178924,827.3014815461308,824.1570595566259,"{""type"":""MultiPoint"",""coordinates"":[]}"
20170618,2017-06-18,825.4853366665468,827.001340671753,823.7674690185232,"{""type"":""MultiPoint"",""coordinates"":[]}"
20170619,2017-06-19,824.7901309925062,826.2501906864276,823.0288611641978,"{""type"":""MultiPoint"",""coordinates"":[]}"
20170620,2017-06-20,824.4813567565047,825.8738193054273,822.7701532242567,"{""type"":""MultiPoint"",""coordinates"":[]}"
20170621,2017-06-21,824.6983387612198,826.0884617158869,823.0416167010758,"{""type"":""MultiPoint"",""coordinates"":[]}"
20170622,2017-06-22,825.5615824289969,827.0945469256523,823.7572009538088,"{""type"":""MultiPoint"",""coordinates"":[]}"
20170623,2017-06-23,825.6132826655532,827.328600187291,823.7420985698432,"{""type"":""MultiPoint"",""coordinates"":[]}"
20170624,2017-06-24,824.6819684288118,826.2678473624031,822.7355773064846,"{""type"":""MultiPoint"",""coordinates"":[]}"
20170625,2017-06-25,824.828502002392,826.3224411859003,822.9069161780038,"{""type"":""MultiPoint"",""coordinates"":[]}"
20170626,2017-06-26,825.7840327347576,827.2465281090707,823.9758867643134,"{""type"":""MultiPoint"",""coordinates"":[]}"
20170627,2017-06-27,825.8156272670096,827.1733159881559,824.1030205917953,"{""type"":""MultiPoint"",""coordinates"":[]}"
20170628,2017-06-28,825.8149283213502,827.012080746232,824.293543886708,"{""type"":""MultiPoint"",""coordinates"":[]}"
20170629,2017-06-29,824.9175229804462,826.5406543618828,823.1475404978517,"{""type"":""MultiPoint"",""coordinates"":[]}"
20170630,2017-06-30,823.7056000710655,825.0267162060785,822.0625831908505,"{""type"":""MultiPoint"",""coordinates"":[]}"
20170701,2017-07-01,823.687293569585,824.9801166814541,821.9816632694652,"{""type"":""MultiPoint"",""coordinates"":[]}"
20170702,2017-07-02,824.6519516017447,826.0552762986853,823.1668152913344,"{""type"":""MultiPoint"",""coordinates"":[]}"
20170703,2017-07-03,824.7869828015623,826.146500589087,823.2043936676696,"{""type"":""MultiPoint"",""coordinates"":[]}"
20170704,2017-07-04,824.4637888921452,825.8993048015508,822.8450264262912,"{""type"":""MultiPoint"",""coordinates"":[]}"
20170705,2017-07-05,825.189017863004,826.7934414348798,823.4822878132842,"{""type"":""MultiPoint"",""coordinates"":[]}"
20170706,2017-07-06,826.0500666909421,827.4457704664339,824.319366857324,"{""type"":""MultiPoint"",""coordinates"":[]}"
20170707,2017-07-07,826.9394992351777,828.4397737361304,825.2247049235925,"{""type"":""MultiPoint"",""coordinates"":[]}"
20170708,2017-07-08,827.086929382662,828.5832788931572,825.2810463358022,"{""type"":""MultiPoint"",""coordinates"":[]}"
20170709,2017-07-09,827.3067526496986,828.5995691051459,825.7441383651868,"{""type"":""MultiPoint"",""coordinates"":[]}"
20170710,2017-07-10,827.356064206241,828.7351706295453,825.7374697531766,"{""type"":""MultiPoint"",""coordinates"":[]}"
20170711,2017-07-11,826.6490687637311,827.9966522554133,825.0762935496377,"{""type"":""MultiPoint"",""coordinates"":[]}"
20170712,2017-07-12,826.6957198299403,827.9847372429339,825.0856598882445,"{""type"":""MultiPoint"",""coordinates"":[]}"
20170713,2017-07-13,826.2757335454763,827.6597076366555,824.5239960801647,"{""type"":""MultiPoint"",""coordinates"":[]}"
20170714,2017-07-14,826.15765797116,827.4767679968054,824.433103946542,"{""type"":""MultiPoint"",""coordinates"":[]}"
20170715,2017-07-15,826.1890916866605,827.4905367999653,824.4650683340852,"{""type"":""MultiPoint"",""coordinates"":[]}"
20170716,2017-07-16,825.7674593116642,827.0839990032262,823.9670182161952,"{""type"":""MultiPoint"",""coordinates"":[]}"
20170717,2017-07-17,825.5761256424732,826.944926207547,823.7260379744496,"{""type"":""MultiPoint"",""coordinates"":[]}"
20170718,2017-07-18,825.7131305725088,827.0931767066203,823.9313188542751,"{""type"":""MultiPoint"",""coordinates"":[]}"
20170719,2017-07-19,825.0699839543846,826.8106810857907,823.1250336544484,"{""type"":""MultiPoint"",""coordinates"":[]}"
20170720,2017-07-20,824.4693210927858,825.9257193806062,822.5281455671517,"{""type"":""MultiPoint"",""coordinates"":[]}"
20170721,2017-07-21,825.399527572848,826.8836512989044,823.6004828915301,"{""type"":""MultiPoint"",""coordinates"":[]}"
20170722,2017-07-22,825.706401558675,827.1846271182981,824.1340654179969,"{""type"":""MultiPoint"",""coordinates"":[]}"
20170723,2017-07-23,825.2523382290093,826.7393682380101,823.4917761493606,"{""type"":""MultiPoint"",""coordinates"":[]}"
20170724,2017-07-24,824.6169097651398,825.8959762029236,823.0067692326548,"{""type"":""MultiPoint"",""coordinates"":[]}"
20170725,2017-07-25,824.5120448610459,825.8585686316,822.7869500242315,"{""type"":""MultiPoint"",""coordinates"":[]}"
20170726,2017-07-26,825.6933046461668,827.077242522179,823.9034292693781,"{""type"":""MultiPoint"",""coordinates"":[]}"
20170727,2017-07-27,826.9425842610136,828.35349094915,825.1255900150072,"{""type"":""MultiPoint"",""coordinates"":[]}"
20170728,2017-07-28,828.0429945982489,829.433698532611,826.2582492964788,"{""type"":""MultiPoint"",""coordinates"":[]}"
20170729,2017-07-29,828.0515101140641,829.4836067785847,826.3576641228196,"{""type"":""MultiPoint"",""coordinates"":[]}"
20170730,2017-07-30,827.0212822884416,828.5539563040672,825.2255411905132,"{""type"":""MultiPoint"",""coordinates"":[]}"
20170731,2017-07-31,827.0832660931799,828.4848247570113,825.1847183580086,"{""type"":""MultiPoint"",""coordinates"":[]}"
20170801,2017-08-01,827.2680722885007,828.5779563486335,825.5034639022427,"{""type"":""MultiPoint"",""coordinates"":[]}"
20170802,2017-08-02,826.512091290643,828.1695564773735,824.6427140736832,"{""type"":""MultiPoint"",""coordinates"":[]}"
20170803,2017-08-03,824.7305971417635,826.3311353842853,822.8516595480191,"{""type"":""MultiPoint"",""coordinates"":[]}"
20170804,2017-08-04,824.2843853805458,825.7146054798375,822.371589798691,"{""type"":""MultiPoint"",""coordinates"":[]}"
20170805,2017-08-05,825.6212228517957,827.1309371168779,823.8782435544715,"{""type"":""MultiPoint"",""coordinates"":[]}"
20170806,2017-08-06,826.822332396259,828.2163761573557,825.1206626195561,"{""type"":""MultiPoint"",""coordinates"":[]}"
20170807,2017-08-07,827.8543794681082,829.4332629958747,826.1259149134634,"{""type"":""MultiPoint"",""coordinates"":[]}"
20170808,2017-08-08,827.8080028248213,829.1930762384619,825.9994460725512,"{""type"":""MultiPoint"",""coordinates"":[]}"
20170809,2017-08-09,826.8169109310875,828.3773706529048,824.9977525564343,"{""type"":""MultiPoint"",""coordinates"":[]}"
20170810,2017-08-10,825.9719515915194,827.3333410831856,824.3192366972481,"{""type"":""MultiPoint"",""coordinates"":[]}"
20170811,2017-08-11,825.8920210819887,827.2091934291702,824.1560261313099,"{""type"":""MultiPoint"",""coordinates"":[]}"
20170812,2017-08-12,826.1430523179515,827.4259278637561,824.5245756941262,"{""type"":""MultiPoint"",""coordinates"":[]}"
20170813,2017-08-13,827.660294313112,829.2273086653012,825.8229348991482,"{""type"":""MultiPoint"",""coordinates"":[]}"
20170814,2017-08-14,828.8667752366998,830.1763006597173,827.2508644265125,"{""type"":""MultiPoint"",""coordinates"":[]}"
20170815,2017-08-15,827.689933948871,829.516806217243,825.7671454878124,"{""type"":""MultiPoint"",""coordinates"":[]}"
20170816,2017-08-16,826.256559127651,827.8853644838484,824.4513369291147,"{""type"":""MultiPoint"",""coordinates"":[]}"
20170817,2017-08-17,825.4102329184591,826.8408736059322,823.5900943104382,"{""type"":""MultiPoint"",""coordinates"":[]}"
20170818,2017-08-18,826.3248082565908,827.8966666065465,824.468710425818,"{""type"":""MultiPoint"",""coordinates"":[]}"
20170819,2017-08-19,827.5655336509633,829.0268073859565,825.7073375925871,"{""type"":""MultiPoint"",""coordinates"":[]}"
20170820,2017-08-20,826.6549067251848,828.4681518542778,824.6367106204086,"{""type"":""MultiPoint"",""coordinates"":[]}"
20170821,2017-08-21,825.9679255671253,827.5078759168822,823.9064999992684,"{""type"":""MultiPoint"",""coordinates"":[]}"
20170822,2017-08-22,827.0054672340857,828.6467615173716,824.8498692734034,"{""type"":""MultiPoint"",""coordinates"":[]}"
20170823,2017-08-23,827.7736345443984,829.3829467659104,825.8753072519569,"{""type"":""MultiPoint"",""coordinates"":[]}"
20170824,2017-08-24,826.9273217443009,828.7914784008715,824.9162073624395,"{""type"":""MultiPoint"",""coordinates"":[]}"
20170825,2017-08-25,825.6363344595667,827.3695984676018,823.746016053572,"{""type"":""MultiPoint"",""coordinates"":[]}"
20170826,2017-08-26,825.0110405374245,826.526261077271,823.0894542461866,"{""type"":""MultiPoint"",""coordinates"":[]}"
20170827,2017-08-27,825.4008754910334,826.9254934649622,823.4427745099441,"{""type"":""MultiPoint"",""coordinates"":[]}"
20170828,2017-08-28,825.9333738228485,827.489032562672,823.9150954347307,"{""type"":""MultiPoint"",""coordinates"":[]}"
20170829,2017-08-29,826.8205479460257,828.3367268511159,824.9820905041197,"{""type"":""MultiPoint"",""coordinates"":[]}"
20170830,2017-08-30,827.9069883815047,829.4790641548742,825.9557305654107,"{""type"":""MultiPoint"",""coordinates"":[]}"
20170831,2017-08-31,828.2509992080827,829.9644830194139,826.2590058241079,"{""type"":""MultiPoint"",""coordinates"":[]}"
20170901,2017-09-01,827.5573993867561,829.2277486693571,825.7043868804326,"{""type"":""MultiPoint"",""coordinates"":[]}"
20170902,2017-09-02,827.0104459487186,828.5516633873382,825.1853509021176,"{""type"":""MultiPoint"",""coordinates"":[]}"
20170903,2017-09-03,827.7805016235208,829.2468469706513,825.7648059492242,"{""type"":""MultiPoint"",""coordinates"":[]}"
20170904,2017-09-04,828.8909686925385,830.4063095474908,827.039778971677,"{""type"":""MultiPoint"",""coordinates"":[]}"
20170905,2017-09-05,828.9914429722169,830.5602433556946,827.0888926929522,"{""type"":""MultiPoint"",""coordinates"":[]}"
20170906,2017-09-06,828.7074941405779,830.2239567035155,826.7604424997248,"{""type"":""MultiPoint"",""coordinates"":[]}"
20170907,2017-09-07,828.903583819601,830.4951293120266,826.8286545725788,"{""type"":""MultiPoint"",""coordinates"":[]}"
20170908,2017-09-08,829.4606129786533,831.4947047654696,827.2829879244762,"{""type"":""MultiPoint"",""coordinates"":[]}"
20170909,2017-09-09,829.2543828293225,831.1061673665936,827.0719109723569,"{""type"":""MultiPoint"",""coordinates"":[]}"
20170910,2017-09-10,829.5496175790972,831.0277550776822,827.6886537049211,"{""type"":""MultiPoint"",""coordinates"":[]}"
20170911,2017-09-11,830.0263100121239,831.5256242467999,828.146992601596,"{""type"":""MultiPoint"",""coordinates"":[]}"
20170912,2017-09-12,830.32445807395,831.9416676297477,828.2749416643484,"{""type"":""MultiPoint"",""coordinates"":[]}"
20170913,2017-09-13,830.0669632152058,831.6800773426331,828.0678785628892,"{""type"":""MultiPoint"",""coordinates"":[]}"
20170914,2017-09-14,829.4183000992215,831.2998171649374,827.3640772995838,"{""type"":""MultiPoint"",""coordinates"":[]}"
20170915,2017-09-15,828.8145597369898,830.4859386463945,826.851500447839,"{""type"":""MultiPoint"",""coordinates"":[]}"
20170916,2017-09-16,828.5626883855606,830.1018981077834,826.6180745050912,"{""type"":""MultiPoint"",""coordinates"":[]}"
20170917,2017-09-17,828.5810917108719,830.3045981045207,826.6716888003575,"{""type"":""MultiPoint"",""coordinates"":[]}"
20170918,2017-09-18,828.5292818303948,830.3336397375144,826.5771670371381,"{""type"":""MultiPoint"",""coordinates"":[]}"
20170919,2017-09-19,828.1717588406095,829.8011038714991,826.3676502820548,"{""type"":""MultiPoint"",""coordinates"":[]}"
20170920,2017-09-20,827.8756171297232,829.4459038848968,826.0017864993323,"{""type"":""MultiPoint"",""coordinates"":[]}"
20170921,2017-09-21,827.4693903789979,828.957312941665,825.600704199465,"{""type"":""MultiPoint"",""coordinates"":[]}"
20170922,2017-09-22,828.1179686836483,829.4512788959041,826.289319562507,"{""type"":""MultiPoint"",""coordinates"":[]}"
20170923,2017-09-23,829.4233929399483,830.699651871325,827.7467932757451,"{""type"":""MultiPoint"",""coordinates"":[]}"
20170924,2017-09-24,829.147527601014,831.0120551174723,827.5067085285887,"{""type"":""MultiPoint"",""coordinates"":[]}"
20170925,2017-09-25,828.26235946352,829.8059882738654,826.4487686613433,"{""type"":""MultiPoint"",""coordinates"":[]}"
20170926,2017-09-26,829.3149660943349,830.8184684817908,827.5318809716445,"{""type"":""MultiPoint"",""coordinates"":[]}"
20170927,2017-09-27,829.6825530254139,831.4541632901103,827.9965305573351,"{""type"":""MultiPoint"",""coordinates"":[]}"
20170928,2017-09-28,828.8063137915688,830.5150606156154,826.9511193931847,"{""type"":""MultiPoint"",""coordinates"":[]}"
20170929,2017-09-29,828.6763252716812,830.1499693801471,826.6355028814813,"{""type"":""MultiPoint"",""coordinates"":[]}"
20170930,2017-09-30,830.1384626733536,831.7127809237572,828.3122594009008,"{""type"":""MultiPoint"",""coordinates"":[]}"
20171001,2017-10-01,829.6130800095408,831.6462088389129,827.6091722172104,"{""type"":""MultiPoint"",""coordinates"":[]}"
20171002,2017-10-02,829.0628573233372,830.6272047640139,826.9211864007358,"{""type"":""MultiPoint"",""coordinates"":[]}"
20171003,2017-10-03,829.881332015936,831.4014129913824,827.916023246478,"{""type"":""MultiPoint"",""coordinates"":[]}"
20171004,2017-10-04,830.2566779032346,831.9285668801803,828.4667945540128,"{""type"":""MultiPoint"",""coordinates"":[]}"
20171005,2017-10-05,829.9388014250128,831.4896865958302,828.1291266815083,"{""type"":""MultiPoint"",""coordinates"":[]}"
20171006,2017-10-06,830.0795248612402,831.837343331268,828.1705954101834,"{""type"":""MultiPoint"",""coordinates"":[]}"
20171007,2017-10-07,829.3902144700862,831.4387820074068,827.2095665991461,"{""type"":""MultiPoint"",""coordinates"":[]}"
20171008,2017-10-08,829.0667095724076,830.806285485002,826.9387774996757,"{""type"":""MultiPoint"",""coordinates"":[]}"
20171009,2017-10-09,829.5370940183424,831.1807060188594,827.7129060074946,"{""type"":""MultiPoint"",""coordinates"":[]}"
20171010,2017-10-10,828.7734796034067,830.6689204281995,826.9447049194126,"{""type"":""MultiPoint"",""coordinates"":[]}"
20171011,2017-10-11,829.1790000533756,830.7331665530751,827.3517982580499,"{""type"":""MultiPoint"",""coordinates"":[]}"
20171012,2017-10-12,828.3842438513436,830.272396607921,826.6134430276605,"{""type"":""MultiPoint"",""coordinates"":[]}"
20171013,2017-10-13,827.3713054777601,829.0500913254247,825.4683747088898,"{""type"":""MultiPoint"",""coordinates"":[]}"
20171014,2017-10-14,827.1603116915342,828.974243800974,825.2016981414454,"{""type"":""MultiPoint"",""coordinates"":[]}"
20171015,2017-10-15,827.7364541538191,829.3936543353756,825.8506716346069,"{""type"":""MultiPoint"",""coordinates"":[]}"
20171016,2017-10-16,828.4613192570463,830.2946296138679,826.49555327402,"{""type"":""MultiPoint"",""coordinates"":[]}"
20171017,2017-10-17,829.3187712102585,831.02162008243,827.5213800682361,"{""type"":""MultiPoint"",""coordinates"":[]}"
20171018,2017-10-18,830.037698481487,831.7797286070188,828.3134379978142,"{""type"":""MultiPoint"",""coordinates"":[]}"
20171019,2017-10-19,829.930018445899,831.8073744990742,827.9897709194424,"{""type"":""MultiPoint"",""coordinates"":[]}"
20171020,2017-10-20,829.8701420737176,831.7252978928364,827.9942743947411,"{""type"":""MultiPoint"",""coordinates"":[]}"
20171021,2017-10-21,828.7087057236167,830.7675150567408,826.6987618068614,"{""type"":""MultiPoint"",""coordinates"":[]}"
20171022,2017-10-22,828.3733652657846,830.0869442445759,826.4156135360662,"{""type"":""MultiPoint"",""coordinates"":[]}"
20171023,2017-10-23,829.095128933616,830.6759993216414,827.0435410750799,"{""type"":""MultiPoint"",""coordinates"":[]}"
20171024,2017-10-24,831.6286094022803,833.2139612104941,829.5461815074508,"{""type"":""MultiPoint"",""coordinates"":[]}"
20171025,2017-10-25,833.4293746387233,834.9482952649475,831.7560618993798,"{""type"":""MultiPoint"",""coordinates"":[]}"
20171026,2017-10-26,833.1246918501372,834.8166347310345,831.5214328656475,"{""type"":""MultiPoint"",""coordinates"":[]}"
20171027,2017-10-27,831.9851334011961,833.7904868122041,830.4192114195741,"{""type"":""MultiPoint"",""coordinates"":[]}"
20171028,2017-10-28,832.5059114216893,833.945731628355,830.7930032238921,"{""type"":""MultiPoint"",""coordinates"":[]}"
20171029,2017-10-29,833.8332200731077,835.0943257080309,832.2620839383166,"{""type"":""MultiPoint"",""coordinates"":[]}"
20171030,2017-10-30,833.275951605276,835.3104693312832,831.471842910885,"{""type"":""MultiPoint"",""coordinates"":[]}"
20171031,2017-10-31,832.6216028549701,833.9751463406033,830.892630842172,"{""type"":""MultiPoint"",""coordinates"":[]}"
20171101,2017-11-01,833.411086974377,835.1711217328917,831.9369289234872,"{""type"":""MultiPoint"",""coordinates"":[]}"
20171102,2017-11-02,832.7285330440034,834.6054697784365,831.130935614527,"{""type"":""MultiPoint"",""coordinates"":[]}"
20171103,2017-11-03,832.9278469804799,834.530910046801,831.0190457576917,"{""type"":""MultiPoint"",""coordinates"":[]}"
20171104,2017-11-04,833.5740745059804,835.1997320242865,831.8199794067534,"{""type"":""MultiPoint"",""coordinates"":[]}"
20171105,2017-11-05,833.5042230505851,835.1809926433574,831.8124529976842,"{""type"":""MultiPoint"",""coordinates"":[]}"
20171106,2017-11-06,833.2567823727217,835.0383050995813,831.6180101845581,"{""type"":""MultiPoint"",""coordinates"":[]}"
20171107,2017-11-07,832.6330202064689,834.3544485012367,830.9755686273156,"{""type"":""MultiPoint"",""coordinates"":[]}"
20171108,2017-11-08,831.9258020382229,834.1292960596356,830.2796892246716,"{""type"":""MultiPoint"",""coordinates"":[]}"
20171109,2017-11-09,831.1452388776613,832.7979406662207,829.6263752542362,"{""type"":""MultiPoint"",""coordinates"":[]}"
20171110,2017-11-10,831.8618668747417,833.2655574890626,830.1514644780826,"{""type"":""MultiPoint"",""coordinates"":[]}"
20171111,2017-11-11,831.757961198761,833.7274161575411,830.1787303786791,"{""type"":""MultiPoint"",""coordinates"":[]}"
20171112,2017-11-12,830.2561582424572,832.1490651381733,828.6525398684353,"{""type"":""MultiPoint"",""coordinates"":[]}"
20171113,2017-11-13,829.4135629659247,831.2501816440727,827.5885141504465,"{""type"":""MultiPoint"",""coordinates"":[]}"
20171114,2017-11-14,829.4309916954354,831.0162720042928,827.7491565745659,"{""type"":""MultiPoint"",""coordinates"":[]}"
20171115,2017-11-15,829.8829554374565,831.3472069112177,828.3546219903052,"{""type"":""MultiPoint"",""coordinates"":[]}"
20171116,2017-11-16,830.4690278684393,832.001006270871,829.0258874669722,"{""type"":""MultiPoint"",""coordinates"":[]}"
20171117,2017-11-17,830.8031645075755,832.5548886511406,829.1010889246274,"{""type"":""MultiPoint"",""coordinates"":[]}"
20171118,2017-11-18,831.0653684322765,832.6644896644673,829.5328174429183,"{""type"":""MultiPoint"",""coordinates"":[]}"
20171119,2017-11-19,831.5338947640316,833.0060823748925,829.9788255250593,"{""type"":""MultiPoint"",""coordinates"":[]}"
20171120,2017-11-20,831.4985690372191,833.2558933419837,829.8920470353046,"{""type"":""MultiPoint"",""coordinates"":[]}"
20171121,2017-11-21,830.7784483864107,832.58505530978,829.2602765944105,"{""type"":""MultiPoint"",""coordinates"":[]}"
20171122,2017-11-22,830.2531809653183,832.0105293529066,828.524580570807,"{""type"":""MultiPoint"",""coordinates"":[]}"
20171123,2017-11-23,830.3485246715614,831.8016604142314,828.5676372580558,"{""type"":""MultiPoint"",""coordinates"":[]}"
20171124,2017-11-24,831.6256097497419,833.0651165978305,829.8541344560102,"{""type"":""MultiPoint"",""coordinates"":[]}"
20171125,2017-11-25,832.3839355862652,833.9342963459119,830.535136285176,"{""type"":""MultiPoint"",""coordinates"":[]}"
20171126,2017-11-26,832.1833042375539,834.1188586184832,830.3921393368498,"{""type"":""MultiPoint"",""coordinates"":[]}"
20171127,2017-11-27,830.14440179822,832.3082466830957,828.4120626171383,"{""type"":""MultiPoint"",""coordinates"":[]}"
20171128,2017-11-28,830.491813933551,831.9997717136788,828.6494373744613,"{""type"":""MultiPoint"",""coordinates"":[]}"
20171129,2017-11-29,831.9189448082417,833.4427782964922,830.2088994992346,"{""type"":""MultiPoint"",""coordinates"":[]}"
20171130,2017-11-30,831.5583217701495,833.3092516914096,829.8393425929171,"{""type"":""MultiPoint"",""coordinates"":[]}"
20171201,2017-12-01,831.3116850653772,832.8621087359817,829.5459709228683,"{""type"":""MultiPoint"",""coordinates"":[]}"
20171202,2017-12-02,832.173233616574,833.9439049232456,830.4793085929463,"{""type"":""MultiPoint"",""coordinates"":[]}"
20171203,2017-12-03,832.1390269101445,833.8289862768888,830.5550329101521,"{""type"":""MultiPoint"",""coordinates"":[]}"
20171204,2017-12-04,831.0539878184135,833.057592914088,829.1599475035133,"{""type"":""MultiPoint"",""coordinates"":[]}"
20171205,2017-12-05,830.4920694792207,832.5788166342564,828.6304956532856,"{""type"":""MultiPoint"",""coordinates"":[]}"
20171206,2017-12-06,830.56740843643,832.0681523653561,829.0743239492366,"{""type"":""MultiPoint"",""coordinates"":[]}"
20171207,2017-12-07,831.7354816655101,833.3176878231845,829.8380927978362,"{""type"":""MultiPoint"",""coordinates"":[]}"
20171208,2017-12-08,832.6197955828794,834.485103899807,830.5384614188979,"{""type"":""MultiPoint"",""coordinates"":[]}"
20171209,2017-12-09,832.2444152941449,833.8500833934455,830.7006273664226,"{""type"":""MultiPoint"",""coordinates"":[]}"
20171210,2017-12-10,832.2504477593155,833.9467036748995,830.4803617308505,"{""type"":""MultiPoint"",""coordinates"":[]}"
20171211,2017-12-11,830.7928647746406,832.9740061876936,828.5753200456033,"{""type"":""MultiPoint"",""coordinates"":[]}"
20171212,2017-12-12,830.4458961273065,832.3030564989116,828.4050820329273,"{""type"":""MultiPoint"",""coordinates"":[]}"
20171213,2017-12-13,831.3367777932197,833.010738767505,829.817419347684,"{""type"":""MultiPoint"",""coordinates"":[]}"
20171214,2017-12-14,832.4503978522014,833.9973083167413,830.8938221678701,"{""type"":""MultiPoint"",""coordinates"":[]}"
20171215,2017-12-15,833.7309798364086,835.1500416570282,831.7861649293247,"{""type"":""MultiPoint"",""coordinates"":[]}"
20171216,2017-12-16,834.6415871318455,836.1274380259599,832.8832199436296,"{""type"":""MultiPoint"",""coordinates"":[]}"
20171217,2017-12-17,835.598893755089,837.3979945134522,833.7489133414783,"{""type"":""MultiPoint"",""coordinates"":[]}"
20171218,2017-12-18,836.4837358531198,838.0981727293838,834.7533964392593,"{""type"":""MultiPoint"",""coordinates"":[]}"
20171219,2017-12-19,836.3618314597385,837.9212755996532,834.6648759252673,"{""type"":""MultiPoint"",""coordinates"":[]}"
20171220,2017-12-20,836.2543088502413,838.2343487007265,834.5130787552931,"{""type"":""MultiPoint"",""coordinates"":[]}"
20171221,2017-12-21,834.9614250668483,837.2808212721364,833.2137016923716,"{""type"":""MultiPoint"",""coordinates"":[]}"
20171222,2017-12-22,833.4380341698122,835.5353045968784,831.4747451887062,"{""type"":""MultiPoint"",""coordinates"":[]}"
20171223,2017-12-23,831.8343543403852,833.7257993868523,829.9295110929625,"{""type"":""MultiPoint"",""coordinates"":[]}"
20171224,2017-12-24,831.4546866365549,833.2889098667672,829.6734508591259,"{""type"":""MultiPoint"",""coordinates"":[]}"
20171225,2017-12-25,832.4046425317459,834.1026430533127,830.627714001869,"{""type"":""MultiPoint"",""coordinates"":[]}"
20171226,2017-12-26,832.7672198517491,834.5030071411709,830.9840993947549,"{""type"":""MultiPoint"",""coordinates"":[]}"
20171227,2017-12-27,832.3244435662438,834.5352702434998,830.5588649409317,"{""type"":""MultiPoint"",""coordinates"":[]}"
20171228,2017-12-28,832.7372789446608,834.5673133876567,831.0281560976257,"{""type"":""MultiPoint"",""coordinates"":[]}"
20171229,2017-12-29,833.4749059617498,835.1252443284046,831.8192220093844,"{""type"":""MultiPoint"",""coordinates"":[]}"
20171230,2017-12-30,832.1874517982925,834.4741215211828,830.1983017295108,"{""type"":""MultiPoint"",""coordinates"":[]}"
20171231,2017-12-31,830.0952472561156,832.6011939389073,828.0965162447657,"{""type"":""MultiPoint"",""coordinates"":[]}"
20180101,2018-01-01,828.3031007276979,830.2852186111078,826.639472616557,"{""type"":""MultiPoint"",""coordinates"":[]}"
20180102,2018-01-02,828.1230701705224,829.7881772533719,826.3170346549626,"{""type"":""MultiPoint"",""coordinates"":[]}"
20180103,2018-01-03,828.6152727932064,830.3774357936122,826.7934157683557,"{""type"":""MultiPoint"",""coordinates"":[]}"
20180104,2018-01-04,828.8059831814411,830.9319429753759,826.9401518703124,"{""type"":""MultiPoint"",""coordinates"":[]}"
20180105,2018-01-05,827.4105195382637,829.6044527901705,825.7413336869903,"{""type"":""MultiPoint"",""coordinates"":[]}"
20180106,2018-01-06,827.3604114171006,828.996680920498,825.652066795145,"{""type"":""MultiPoint"",""coordinates"":[]}"
20180107,2018-01-07,828.9333426667441,830.4550389241158,827.1148207934087,"{""type"":""MultiPoint"",""coordinates"":[]}"
20180108,2018-01-08,831.0166517924263,832.5490148342736,829.0137782213918,"{""type"":""MultiPoint"",""coordinates"":[]}"
20180109,2018-01-09,832.8272013843631,834.4859768985945,831.2149877323055,"{""type"":""MultiPoint"",""coordinates"":[]}"
20180110,2018-01-10,833.1803382009716,834.9641155556674,831.5138950388468,"{""type"":""MultiPoint"",""coordinates"":[]}"
20180111,2018-01-11,832.3245225393182,834.5230287275366,830.3829245316172,"{""type"":""MultiPoint"",""coordinates"":[]}"
20180112,2018-01-12,831.2512278895465,833.1779931866213,829.4523630768067,"{""type"":""MultiPoint"",""coordinates"":[]}"
20180113,2018-01-13,830.9106866814807,832.9192193881698,829.0109977861684,"{""type"":""MultiPoint"",""coordinates"":[]}"
20180114,2018-01-14,830.9053685828801,832.9269129394012,828.7535470444074,"{""type"":""MultiPoint"",""coordinates"":[]}"
20180115,2018-01-15,830.5384282872291,833.1340283474127,828.1121802088031,"{""type"":""MultiPoint"",""coordinates"":[]}"
20180116,2018-01-16,829.1862522112591,831.4957588334297,827.20007502496,"{""type"":""MultiPoint"",""coordinates"":[]}"
20180117,2018-01-17,829.6930618019876,831.766301056945,827.5361920997361,"{""type"":""MultiPoint"",""coordinates"":[]}"
20180118,2018-01-18,831.2129360295822,833.0294481102221,829.3190191957015,"{""type"":""MultiPoint"",""coordinates"":[]}"
20180119,2018-01-19,831.6668201546902,833.5784980735232,829.871323589232,"{""type"":""MultiPoint"",""coordinates"":[]}"
20180120,2018-01-20,831.3204240740699,833.5118777227472,829.2588763064921,"{""type"":""MultiPoint"",""coordinates"":[]}"
20180121,2018-01-21,830.5142597404425,832.7402908964467,828.8028833492181,"{""type"":""MultiPoint"",""coordinates"":[]}"
20180122,2018-01-22,829.1763021842054,831.2297185218796,827.2933531506379,"{""type"":""MultiPoint"",""coordinates"":[]}"
20180123,2018-01-23,827.292994757846,829.6503673338692,824.9831380680221,"{""type"":""MultiPoint"",""coordinates"":[]}"
20180124,2018-01-24,826.8995473211471,828.8165524371449,825.0113597208685,"{""type"":""MultiPoint"",""coordinates"":[]}"
20180125,2018-01-25,826.7759128201382,828.6973743179149,825.0470475652224,"{""type"":""MultiPoint"",""coordinates"":[]}"
20180126,2018-01-26,826.7268752401104,828.6570871563921,825.1086200705474,"{""type"":""MultiPoint"",""coordinates"":[]}"
20180127,2018-01-27,827.1230364512923,828.8478650516646,825.3324757451518,"{""type"":""MultiPoint"",""coordinates"":[]}"
20180128,2018-01-28,828.7360309396345,830.4937787107434,826.8481049313064,"{""type"":""MultiPoint"",""coordinates"":[]}"
20180129,2018-01-29,830.269111249602,832.128079829194,828.3850991526181,"{""type"":""MultiPoint"",""coordinates"":[]}"
20180130,2018-01-30,830.6489930965352,832.7411887351802,828.5953573530318,"{""type"":""MultiPoint"",""coordinates"":[]}"
20180131,2018-01-31,830.3871809591791,832.3117331636212,828.3202372616912,"{""type"":""MultiPoint"",""coordinates"":[]}"
20180201,2018-02-01,830.0425923368961,832.413973856102,827.9807448715727,"{""type"":""MultiPoint"",""coordinates"":[]}"
20180202,2018-02-02,829.3634836647639,831.1501725585748,827.4716032340067,"{""type"":""MultiPoint"",""coordinates"":[]}"
20180203,2018-02-03,829.7582540273008,831.7007454845409,827.8605223511031,"{""type"":""MultiPoint"",""coordinates"":[]}"
20180204,2018-02-04,830.8116522223638,832.5624639687645,828.7484860598332,"{""type"":""MultiPoint"",""coordinates"":[]}"
20180205,2018-02-05,832.1233132295072,833.8803479070218,830.3064054664259,"{""type"":""MultiPoint"",""coordinates"":[]}"
20180206,2018-02-06,830.6712264586105,833.217936603309,828.5465367185539,"{""type"":""MultiPoint"",""coordinates"":[]}"
20180207,2018-02-07,828.9899242685151,831.0190991469129,826.9517147748232,"{""type"":""MultiPoint"",""coordinates"":[]}"
20180208,2018-02-08,827.8884006423822,829.879547186801,826.1283938759184,"{""type"":""MultiPoint"",""coordinates"":[]}"
20180209,2018-02-09,828.6626857770775,830.238115367795,826.596270777834,"{""type"":""MultiPoint"",""coordinates"":[]}"
20180210,2018-02-10,830.7833811679648,832.4157106285762,828.7902500154314,"{""type"":""MultiPoint"",""coordinates"":[]}"
20180211,2018-02-11,831.8916715508252,833.6841022293986,829.7229692771098,"{""type"":""MultiPoint"",""coordinates"":[]}"
20180212,2018-02-12,832.7687613339532,834.8246328250343,830.5999426491824,"{""type"":""MultiPoint"",""coordinates"":[]}"
20180213,2018-02-13,833.7397247412525,835.7446071369402,831.7136493871969,"{""type"":""MultiPoint"",""coordinates"":[]}"
20180214,2018-02-14,834.0790982056781,836.0814634126747,832.0164823848849,"{""type"":""MultiPoint"",""coordinates"":[]}"
20180215,2018-02-15,834.260385988554,836.0485947931927,832.492533010774,"{""type"":""MultiPoint"",""coordinates"":[]}"
20180216,2018-02-16,831.9396822340437,834.8692031355882,829.2595559044177,"{""type"":""MultiPoint"",""coordinates"":[]}"
20180217,2018-02-17,828.3789987736094,830.8073152185812,826.4170450308669,"{""type"":""MultiPoint"",""coordinates"":[]}"
20180218,2018-02-18,828.3224958333611,830.0042056825944,826.4945202113247,"{""type"":""MultiPoint"",""coordinates"":[]}"
20180219,2018-02-19,829.5511552068867,831.3649751143125,827.4178185112299,"{""type"":""MultiPoint"",""coordinates"":[]}"
20180220,2018-02-20,829.6915219826387,831.7636637421806,827.9567058635743,"{""type"":""MultiPoint"",""coordinates"":[]}"
20180221,2018-02-21,828.7721268259106,830.724957948532,827.0069731954623,"{""type"":""MultiPoint"",""coordinates"":[]}"
20180222,2018-02-22,828.0473906985447,829.8934789349822,826.1019810073077,"{""type"":""MultiPoint"",""coordinates"":[]}"
20180223,2018-02-23,829.0180063494338,830.7584380928879,826.9827649684172,"{""type"":""MultiPoint"",""coordinates"":[]}"
20180224,2018-02-24,831.1431789359054,832.9588559583389,829.2560820053745,"{""type"":""MultiPoint"",""coordinates"":[]}"
20180225,2018-02-25,831.4414910635038,833.6159483464538,829.525381394867,"{""type"":""MultiPoint"",""coordinates"":[]}"
20180226,2018-02-26,830.7721065834261,832.7646244981858,828.7640902562756,"{""type"":""MultiPoint"",""coordinates"":[]}"
20180227,2018-02-27,830.5086964597532,832.4966159924212,828.6758318278518,"{""type"":""MultiPoint"",""coordinates"":[]}"
20180228,2018-02-28,829.9513882229758,832.132711658784,828.120358321459,"{""type"":""MultiPoint"",""coordinates"":[]}"
20180301,2018-03-01,828.6749667572133,830.8168598027277,826.740848776328,"{""type"":""MultiPoint"",""coordinates"":[]}"
20180302,2018-03-02,827.0846105196598,829.6978307924553,824.823691255637,"{""type"":""MultiPoint"",""coordinates"":[]}"
20180303,2018-03-03,826.3244758518276,828.2626182446494,824.3045082694372,"{""type"":""MultiPoint"",""coordinates"":[]}"
20180304,2018-03-04,827.4571459705137,829.1319112491851,825.5711462684003,"{""type"":""MultiPoint"",""coordinates"":[]}"
20180305,2018-03-05,829.1419818963084,830.8201926427535,827.1732325898972,"{""type"":""MultiPoint"",""coordinates"":[]}"
20180306,2018-03-06,830.0272857195763,832.1859061610571,827.9318640338602,"{""type"":""MultiPoint"",""coordinates"":[]}"
20180307,2018-03-07,830.6803483873947,832.3432268270528,828.901426797745,"{""type"":""MultiPoint"",""coordinates"":[]}"
20180308,2018-03-08,830.9012719641653,832.9632321223007,829.0250470679192,"{""type"":""MultiPoint"",""coordinates"":[]}"
20180309,2018-03-09,830.2504679259183,832.17557316578,828.4093214944664,"{""type"":""MultiPoint"",""coordinates"":[]}"
20180310,2018-03-10,830.1915223381448,832.1424950310573,828.4085607816572,"{""type"":""MultiPoint"",""coordinates"":[]}"
20180311,2018-03-11,830.2163447785595,832.0713782978172,828.5869061990813,"{""type"":""MultiPoint"",""coordinates"":[]}"
20180312,2018-03-12,829.9590229119668,831.9012471522474,828.0136275380731,"{""type"":""MultiPoint"",""coordinates"":[]}"
20180313,2018-03-13,829.3351630834441,831.4970548520254,827.365469662779,"{""type"":""MultiPoint"",""coordinates"":[]}"
20180314,2018-03-14,828.2905854806374,830.1806404088051,826.2793052808881,"{""type"":""MultiPoint"",""coordinates"":[]}"
20180315,2018-03-15,827.7211645946302,829.8199699880894,825.7024846715282,"{""type"":""MultiPoint"",""coordinates"":[]}"
20180316,2018-03-16,827.5280393432187,829.1419765861627,825.6941361144454,"{""type"":""MultiPoint"",""coordinates"":[]}"
20180317,2018-03-17,828.5012969893585,830.3002360379509,826.5426267223326,"{""type"":""MultiPoint"",""coordinates"":[]}"
20180318,2018-03-18,830.8827704831846,832.6539339313323,828.5037398993361,"{""type"":""MultiPoint"",""coordinates"":[]}"
20180319,2018-03-19,831.5238568634469,833.6446749248197,829.6690330030813,"{""type"":""MultiPoint"",""coordinates"":[]}"
20180320,2018-03-20,830.2025221438179,832.3697336727189,828.2126913257539,"{""type"":""MultiPoint"",""coordinates"":[]}"
20180321,2018-03-21,829.1255867598346,831.1319576710814,827.1118677906971,"{""type"":""MultiPoint"",""coordinates"":[]}"
20180322,2018-03-22,827.7672288110786,829.6709033187466,825.9113289881249,"{""type"":""MultiPoint"",""coordinates"":[]}"
20180323,2018-03-23,828.9446652857374,830.5904758664324,826.8821636490732,"{""type"":""MultiPoint"",""coordinates"":[]}"
20180324,2018-03-24,831.4737036202691,833.0448928490827,829.5088575728446,"{""type"":""MultiPoint"",""coordinates"":[]}"
20180325,2018-03-25,832.8773905475299,834.6645089740829,830.947430464743,"{""type"":""MultiPoint"",""coordinates"":[]}"
20180326,2018-03-26,831.8851519875309,834.3129548592536,829.5191560583887,"{""type"":""MultiPoint"",""coordinates"":[]}"
20180327,2018-03-27,829.9487762564178,832.1056635292971,827.821579352205,"{""type"":""MultiPoint"",""coordinates"":[]}"
20180328,2018-03-28,828.9325543778494,831.0214170611612,826.8524578866812,"{""type"":""MultiPoint"",""coordinates"":[]}"
20180329,2018-03-29,828.5630424597675,830.6287706126982,826.5119644158102,"{""type"":""MultiPoint"",""coordinates"":[]}"
20180330,2018-03-30,828.6544812241267,830.6663417334777,826.4354543310051,"{""type"":""MultiPoint"",""coordinates"":[]}"
20180331,2018-03-31,829.7127764657704,831.5034169220634,827.5469836167478,"{""type"":""MultiPoint"",""coordinates"":[]}"
20180401,2018-04-01,830.2641134229475,832.0086120066051,828.1648411200331,"{""type"":""MultiPoint"",""coordinates"":[]}"
20180402,2018-04-02,830.3802109325381,832.2205478935578,828.4073890366766,"{""type"":""MultiPoint"",""coordinates"":[]}"
20180403,2018-04-03,829.362884563724,831.6146200034776,827.0522916677858,"{""type"":""MultiPoint"",""coordinates"":[]}"
20180404,2018-04-04,828.0423037359919,830.1363819503486,825.8521457121674,"{""type"":""MultiPoint"",""coordinates"":[]}"
20180405,2018-04-05,828.0103933069609,829.8057412025703,825.7413250903334,"{""type"":""MultiPoint"",""coordinates"":[]}"
20180406,2018-04-06,829.4208666929381,831.0372310203996,827.1843308592753,"{""type"":""MultiPoint"",""coordinates"":[]}"
20180407,2018-04-07,830.1065851064014,832.086744482787,827.8619058910126,"{""type"":""MultiPoint"",""coordinates"":[]}"
20180408,2018-04-08,830.2414730130935,831.830940432988,828.2212387321998,"{""type"":""MultiPoint"",""coordinates"":[]}"
20180409,2018-04-09,829.9410754576035,831.9513523998932,827.7921704284279,"{""type"":""MultiPoint"",""coordinates"":[]}"
20180410,2018-04-10,828.7270018219143,830.7030765608934,826.4764659720184,"{""type"":""MultiPoint"",""coordinates"":[]}"
20180411,2018-04-11,828.033982896842,830.0181911120579,825.9984946026967,"{""type"":""MultiPoint"",""coordinates"":[]}"
20180412,2018-04-12,827.7885056145049,829.4939405537701,825.6863506586683,"{""type"":""MultiPoint"",""coordinates"":[]}"
20180413,2018-04-13,828.4476154571529,830.1796409071064,826.4059892993557,"{""type"":""MultiPoint"",""coordinates"":[]}"
20180414,2018-04-14,828.64284350405,830.5315072133876,826.4344947841585,"{""type"":""MultiPoint"",""coordinates"":[]}"
20180415,2018-04-15,829.1438340759458,830.8504892019911,826.9300015985397,"{""type"":""MultiPoint"",""coordinates"":[]}"
20180416,2018-04-16,829.751341577481,831.4699509201351,827.6445884580371,"{""type"":""MultiPoint"",""coordinates"":[]}"
20180417,2018-04-17,829.8201990642168,832.0076653048178,827.5174820967848,"{""type"":""MultiPoint"",""coordinates"":[]}"
20180418,2018-04-18,828.0690467466983,830.5317148551082,825.7275017450661,"{""type"":""MultiPoint"",""coordinates"":[]}"
20180419,2018-04-19,826.3307506396637,828.3818898253755,824.112733848361,"{""type"":""MultiPoint"",""coordinates"":[]}"
20180420,2018-04-20,826.5093980644342,828.4000890505552,824.5022620339997,"{""type"":""MultiPoint"",""coordinates"":[]}"
20180421,2018-04-21,827.7227432276339,829.4084634199928,825.5203593260908,"{""type"":""MultiPoint"",""coordinates"":[]}"
20180422,2018-04-22,828.9417969923305,830.6954837783226,826.9126040779345,"{""type"":""MultiPoint"",""coordinates"":[]}"
20180423,2018-04-23,829.4097333650045,831.314788947432,827.3297267277163,"{""type"":""MultiPoint"",""coordinates"":[]}"
20180424,2018-04-24,829.0692152298536,831.0423522659008,827.0798899601709,"{""type"":""MultiPoint"",""coordinates"":[]}"
20180425,2018-04-25,828.1396849946086,830.1700484230457,826.1618020550324,"{""type"":""MultiPoint"",""coordinates"":[]}"
20180426,2018-04-26,828.1866946768546,829.806913307064,826.0393841194376,"{""type"":""MultiPoint"",""coordinates"":[]}"
20180427,2018-04-27,829.2126903567604,830.8140073543952,827.2231815868997,"{""type"":""MultiPoint"",""coordinates"":[]}"
20180428,2018-04-28,829.0981677978868,830.9888017755143,827.0012539475995,"{""type"":""MultiPoint"",""coordinates"":[]}"
20180429,2018-04-29,827.2531447327343,829.5729142765191,824.9860904873126,"{""type"":""MultiPoint"",""coordinates"":[]}"
20180430,2018-04-30,827.3865246417324,829.2075953869839,825.2258321674728,"{""type"":""MultiPoint"",""coordinates"":[]}"
20180501,2018-05-01,828.488264935875,830.0767385263332,826.4502276995418,"{""type"":""MultiPoint"",""coordinates"":[]}"
20180502,2018-05-02,828.6339511280574,830.1480060732398,826.6448283409728,"{""type"":""MultiPoint"",""coordinates"":[]}"
20180503,2018-05-03,828.6923560955007,830.4293273057096,826.5638799389709,"{""type"":""MultiPoint"",""coordinates"":[]}"
20180504,2018-05-04,828.2348152134438,829.9868492314921,826.1424202148908,"{""type"":""MultiPoint"",""coordinates"":[]}"
20180505,2018-05-05,828.4145855738642,829.9729601791905,826.4934955154845,"{""type"":""MultiPoint"",""coordinates"":[]}"
20180506,2018-05-06,828.0363908111888,829.7940315393165,826.0927053649633,"{""type"":""MultiPoint"",""coordinates"":[]}"
20180507,2018-05-07,826.6723816207092,828.7588414503772,824.7126571427517,"{""type"":""MultiPoint"",""coordinates"":[]}"
20180508,2018-05-08,826.6616485230942,828.2052717561855,824.8110352171435,"{""type"":""MultiPoint"",""coordinates"":[]}"
20180509,2018-05-09,828.0748548009154,829.6746388134873,825.9482244767731,"{""type"":""MultiPoint"",""coordinates"":[]}"
20180510,2018-05-10,829.5880555761831,831.5575027788162,827.5294753619264,"{""type"":""MultiPoint"",""coordinates"":[]}"
20180511,2018-05-11,829.1401806873026,831.0542032357675,827.0451545206353,"{""type"":""MultiPoint"",""coordinates"":[]}"
20180512,2018-05-12,828.8551129655244,830.7006672190058,826.7020658966854,"{""type"":""MultiPoint"",""coordinates"":[]}"
20180513,2018-05-13,828.0111241637604,829.839388517393,825.7766569603011,"{""type"":""MultiPoint"",""coordinates"":[]}"
20180514,2018-05-14,827.374981691019,829.3029243777336,825.3599493436313,"{""type"":""MultiPoint"",""coordinates"":[]}"
20180515,2018-05-15,826.6182550758498,828.6278283254303,824.52582616316,"{""type"":""MultiPoint"",""coordinates"":[]}"
20180516,2018-05-16,826.6824999467541,828.3137865235053,824.8187945713046,"{""type"":""MultiPoint"",""coordinates"":[]}"
20180517,2018-05-17,826.4931874504636,828.1315340284016,824.6149311956138,"{""type"":""MultiPoint"",""coordinates"":[]}"
20180518,2018-05-18,826.1161874275837,827.7263602042624,824.2430453530706,"{""type"":""MultiPoint"",""coordinates"":[]}"
20180519,2018-05-19,826.1629653534549,827.6068749264285,824.3305372913068,"{""type"":""MultiPoint"",""coordinates"":[]}"
20180520,2018-05-20,827.2066632494204,828.9608472026024,825.2292100512304,"{""type"":""MultiPoint"",""coordinates"":[]}"
20180521,2018-05-21,828.319888621333,829.8791231300106,826.5834261750732,"{""type"":""MultiPoint"",""coordinates"":[]}"
20180522,2018-05-22,828.0268423635184,829.6954370122131,826.1305670382754,"{""type"":""MultiPoint"",""coordinates"":[]}"
20180523,2018-05-23,826.6964347282482,828.6923356948906,824.7227368131655,"{""type"":""MultiPoint"",""coordinates"":[]}"
20180524,2018-05-24,826.0345985829988,827.8049201339934,823.9995282803396,"{""type"":""MultiPoint"",""coordinates"":[]}"
20180525,2018-05-25,826.7803154181613,828.4462338930116,824.7980677349246,"{""type"":""MultiPoint"",""coordinates"":[]}"
20180526,2018-05-26,826.6506852313365,828.2783154446225,824.6096312618844,"{""type"":""MultiPoint"",""coordinates"":[]}"
20180527,2018-05-27,825.9988580063858,827.8249368083156,824.0696723625304,"{""type"":""MultiPoint"",""coordinates"":[]}"
20180528,2018-05-28,824.5248392317149,826.5598499375379,822.300442394208,"{""type"":""MultiPoint"",""coordinates"":[]}"
20180529,2018-05-29,824.2964641305284,825.8779642092693,822.414698256073,"{""type"":""MultiPoint"",""coordinates"":[]}"
20180530,2018-05-30,825.2519828029117,826.9783713954811,823.1954551914965,"{""type"":""MultiPoint"",""coordinates"":[]}"
20180531,2018-05-31,827.2710430485736,828.8502922632471,825.2502590138051,"{""type"":""MultiPoint"",""coordinates"":[]}"
20180601,2018-06-01,827.8093220990871,829.4931021302691,825.6237345669164,"{""type"":""MultiPoint"",""coordinates"":[]}"
20180602,2018-06-02,827.8281633500311,829.5748995049303,825.9079554739332,"{""type"":""MultiPoint"",""coordinates"":[]}"
20180603,2018-06-03,826.8156618170588,828.7076026915964,824.6393743137658,"{""type"":""MultiPoint"",""coordinates"":[]}"
20180604,2018-06-04,826.6362196838506,828.1807407239303,824.6127980535987,"{""type"":""MultiPoint"",""coordinates"":[]}"
20180605,2018-06-05,827.8975480615984,829.4885743933994,825.7461779795042,"{""type"":""MultiPoint"",""coordinates"":[]}"
20180606,2018-06-06,827.9699228170409,830.0843198293287,825.8971559060078,"{""type"":""MultiPoint"",""coordinates"":[]}"
20180607,2018-06-07,825.9211761301971,827.9900894463974,823.8721674425822,"{""type"":""MultiPoint"",""coordinates"":[]}"
20180608,2018-06-08,823.5958099586626,825.6405656981805,821.5742988136557,"{""type"":""MultiPoint"",""coordinates"":[]}"
20180609,2018-06-09,822.4330137316607,824.0487289569567,820.5233813182841,"{""type"":""MultiPoint"",""coordinates"":[]}"
20180610,2018-06-10,822.409370681539,824.0053683548002,820.7111268186379,"{""type"":""MultiPoint"",""coordinates"":[]}"
20180611,2018-06-11,821.5983773303907,823.3049610312725,819.8900113144006,"{""type"":""MultiPoint"",""coordinates"":[]}"
20180612,2018-06-12,821.1622490235839,822.6189623551583,819.5771386923464,"{""type"":""MultiPoint"",""coordinates"":[]}"
20180613,2018-06-13,821.6958254915396,823.036447120598,820.0574180465284,"{""type"":""MultiPoint"",""coordinates"":[]}"
20180614,2018-06-14,822.6739962221164,824.0366282823827,821.0619633676666,"{""type"":""MultiPoint"",""coordinates"":[]}"
20180615,2018-06-15,823.625433353688,824.9389925372593,821.9576436435885,"{""type"":""MultiPoint"",""coordinates"":[]}"
20180616,2018-06-16,824.3265739047772,825.6901607083172,822.5633100048794,"{""type"":""MultiPoint"",""coordinates"":[]}"
20180617,2018-06-17,824.1067706539093,825.5538882539098,822.2761242206388,"{""type"":""MultiPoint"",""coordinates"":[]}"
20180618,2018-06-18,824.5231816949031,825.7979356677761,822.844917404873,"{""type"":""MultiPoint"",""coordinates"":[]}"
20180619,2018-06-19,825.0494020310425,826.4521049852954,823.2699438759157,"{""type"":""MultiPoint"",""coordinates"":[]}"
20180620,2018-06-20,825.7647682725539,827.0322489250672,824.0130959982464,"{""type"":""MultiPoint"",""coordinates"":[]}"
20180621,2018-06-21,825.7316760432929,827.2054157730842,823.7982374892035,"{""type"":""MultiPoint"",""coordinates"":[]}"
20180622,2018-06-22,825.4972161239018,826.8147288264803,823.7668813855723,"{""type"":""MultiPoint"",""coordinates"":[]}"
20180623,2018-06-23,825.1235636666551,826.5007445721877,823.417120447339,"{""type"":""MultiPoint"",""coordinates"":[]}"
20180624,2018-06-24,824.6564594433124,826.2489756376625,822.7163011637446,"{""type"":""MultiPoint"",""coordinates"":[]}"
20180625,2018-06-25,823.4737950236376,825.0592764666399,821.5091780467061,"{""type"":""MultiPoint"",""coordinates"":[]}"
20180626,2018-06-26,823.8772801961777,825.3945371299077,822.0370739103658,"{""type"":""MultiPoint"",""coordinates"":[]}"
20180627,2018-06-27,825.1893735556685,826.6858016659078,823.5772454125748,"{""type"":""MultiPoint"",""coordinates"":[]}"
20180628,2018-06-28,826.1432100898226,827.5648417023133,824.4633856196065,"{""type"":""MultiPoint"",""coordinates"":[]}"
20180629,2018-06-29,826.0010750081769,827.4320358826168,824.1817301796902,"{""type"":""MultiPoint"",""coordinates"":[]}"
20180630,2018-06-30,826.0833496948327,827.5101020890244,824.275041369404,"{""type"":""MultiPoint"",""coordinates"":[]}"
20180701,2018-07-01,825.4540009487055,826.9122843394837,823.7303673347235,"{""type"":""MultiPoint"",""coordinates"":[]}"
20180702,2018-07-02,824.0192874691782,825.4419630170586,822.3234858069555,"{""type"":""MultiPoint"",""coordinates"":[]}"
20180703,2018-07-03,823.4547167566436,824.7016684195862,821.7616432107527,"{""type"":""MultiPoint"",""coordinates"":[]}"
20180704,2018-07-04,823.9331361454716,825.2993106483735,822.2843256582843,"{""type"":""MultiPoint"",""coordinates"":[]}"
20180705,2018-07-05,825.0015258476064,826.3830237328484,823.3309108537931,"{""type"":""MultiPoint"",""coordinates"":[]}"
20180706,2018-07-06,825.1025952186166,826.4772706969309,823.1876037567412,"{""type"":""MultiPoint"",""coordinates"":[]}"
20180707,2018-07-07,824.7283183249868,826.0485862831302,823.0134340155591,"{""type"":""MultiPoint"",""coordinates"":[]}"
20180708,2018-07-08,824.3509592357628,825.7208474207617,822.7308333918716,"{""type"":""MultiPoint"",""coordinates"":[]}"
20180709,2018-07-09,824.5145517967168,825.8116594434787,822.8572146448408,"{""type"":""MultiPoint"",""coordinates"":[]}"
20180710,2018-07-10,824.7904661104693,826.1012669307306,823.1704895122961,"{""type"":""MultiPoint"",""coordinates"":[]}"
20180711,2018-07-11,824.2093212305915,825.623655447402,822.5472893758631,"{""type"":""MultiPoint"",""coordinates"":[]}"
20180712,2018-07-12,823.6565762756995,824.9332456085145,822.0112249687626,"{""type"":""MultiPoint"",""coordinates"":[]}"
20180713,2018-07-13,823.727456858751,825.0973469827625,822.001230518927,"{""type"":""MultiPoint"",""coordinates"":[]}"
20180714,2018-07-14,823.513104413244,824.9900430478144,821.5693555881318,"{""type"":""MultiPoint"",""coordinates"":[]}"
20180715,2018-07-15,823.6231999903229,824.9146876195757,821.9585123419537,"{""type"":""MultiPoint"",""coordinates"":[]}"
20180716,2018-07-16,823.8249217508084,825.0336720231649,822.19422338965,"{""type"":""MultiPoint"",""coordinates"":[]}"
20180717,2018-07-17,823.9399672130176,825.2029951459712,822.2654827494133,"{""type"":""MultiPoint"",""coordinates"":[]}"
20180718,2018-07-18,824.491552700773,825.8218227309472,822.8678505331766,"{""type"":""MultiPoint"",""coordinates"":[]}"
20180719,2018-07-19,824.4556257516175,825.8052596988978,822.7243549380086,"{""type"":""MultiPoint"",""coordinates"":[]}"
20180720,2018-07-20,824.3742239011518,825.6115459276925,822.7708001727779,"{""type"":""MultiPoint"",""coordinates"":[]}"
20180721,2018-07-21,824.9471014629837,826.1719186360558,823.4499731492524,"{""type"":""MultiPoint"",""coordinates"":[]}"
20180722,2018-07-22,824.8539874691531,826.0725279256073,823.3477925464392,"{""type"":""MultiPoint"",""coordinates"":[]}"
20180723,2018-07-23,825.0582847066396,826.3555623372563,823.3530918575796,"{""type"":""MultiPoint"",""coordinates"":[]}"
20180724,2018-07-24,825.696393559368,827.0375560094842,824.0989632069355,"{""type"":""MultiPoint"",""coordinates"":[]}"
20180725,2018-07-25,825.2808094921356,826.5720606227075,823.6214057039422,"{""type"":""MultiPoint"",""coordinates"":[]}"
20180726,2018-07-26,825.0694957804171,826.4695926429678,823.4211918739716,"{""type"":""MultiPoint"",""coordinates"":[]}"
20180727,2018-07-27,824.7991912804553,826.1422693956308,823.1123857568765,"{""type"":""MultiPoint"",""coordinates"":[]}"
20180728,2018-07-28,824.9535621517252,826.2895658058565,823.399414115304,"{""type"":""MultiPoint"",""coordinates"":[]}"
20180729,2018-07-29,824.7959710557174,826.0701858317407,823.0708244982346,"{""type"":""MultiPoint"",""coordinates"":[]}"
20180730,2018-07-30,824.4711023184423,825.7952244095238,822.7824918260385,"{""type"":""MultiPoint"",""coordinates"":[]}"
20180731,2018-07-31,824.2426945797674,825.524701207177,822.6901076504871,"{""type"":""MultiPoint"",""coordinates"":[]}"
20180801,2018-08-01,824.5757532648402,825.9755736585925,822.9850484493542,"{""type"":""MultiPoint"",""coordinates"":[]}"
20180802,2018-08-02,825.938099418605,827.273809124252,824.3779216637836,"{""type"":""MultiPoint"",""coordinates"":[]}"
20180803,2018-08-03,826.2985878560546,827.6518370287264,824.6484338346507,"{""type"":""MultiPoint"",""coordinates"":[]}"
20180804,2018-08-04,826.4452066604239,827.7331258192819,824.834903635693,"{""type"":""MultiPoint"",""coordinates"":[]}"
20180805,2018-08-05,826.2102979281781,827.513206140695,824.6585215212115,"{""type"":""MultiPoint"",""coordinates"":[]}"
20180806,2018-08-06,825.4578324140632,826.8729757407338,823.7482315795384,"{""type"":""MultiPoint"",""coordinates"":[]}"
20180807,2018-08-07,825.194098285444,826.5995575530093,823.3799110221304,"{""type"":""MultiPoint"",""coordinates"":[]}"
20180808,2018-08-08,826.1374213540583,827.5004179285312,824.3910520227042,"{""type"":""MultiPoint"",""coordinates"":[]}"
20180809,2018-08-09,827.5980539284611,828.927121112887,825.922037472307,"{""type"":""MultiPoint"",""coordinates"":[]}"
20180810,2018-08-10,827.0150423122635,828.6694598491622,825.2274701003133,"{""type"":""MultiPoint"",""coordinates"":[]}"
20180811,2018-08-11,824.9393260478954,826.6007237122482,823.095806087022,"{""type"":""MultiPoint"",""coordinates"":[]}"
20180812,2018-08-12,823.3816208609238,824.759106541581,821.7190113261956,"{""type"":""MultiPoint"",""coordinates"":[]}"
20180813,2018-08-13,823.9980614797621,825.4463329185238,822.2470884163811,"{""type"":""MultiPoint"",""coordinates"":[]}"
20180814,2018-08-14,824.7301963264229,826.2425405758761,822.573846239141,"{""type"":""MultiPoint"",""coordinates"":[]}"
20180815,2018-08-15,826.3682589536138,827.8933652042224,824.5126031975772,"{""type"":""MultiPoint"",""coordinates"":[]}"
20180816,2018-08-16,826.43829155113,827.9927705702974,824.6495348381507,"{""type"":""MultiPoint"",""coordinates"":[]}"
20180817,2018-08-17,824.9135989461737,826.5248140836234,822.9898936540441,"{""type"":""MultiPoint"",""coordinates"":[]}"
20180818,2018-08-18,824.4771676798731,825.9674059725894,822.5770456712561,"{""type"":""MultiPoint"",""coordinates"":[]}"
20180819,2018-08-19,824.8381447696852,826.3552593119473,822.9402982764427,"{""type"":""MultiPoint"",""coordinates"":[]}"
20180820,2018-08-20,826.3309963244761,827.6958504462742,824.7559487264097,"{""type"":""MultiPoint"",""coordinates"":[]}"
20180821,2018-08-21,826.3210302048811,827.7567364276537,824.5011372469181,"{""type"":""MultiPoint"",""coordinates"":[]}"
20180822,2018-08-22,826.0906260611589,827.4833606486874,824.0365138917963,"{""type"":""MultiPoint"",""coordinates"":[]}"
20180823,2018-08-23,826.2380847778394,827.6548120269309,824.3617675762813,"{""type"":""MultiPoint"",""coordinates"":[]}"
20180824,2018-08-24,825.8876036782611,827.3236181837316,824.1058005278916,"{""type"":""MultiPoint"",""coordinates"":[]}"
20180825,2018-08-25,825.2400388709549,826.6417324572594,823.542198748436,"{""type"":""MultiPoint"",""coordinates"":[]}"
20180826,2018-08-26,824.7360419391796,826.094190751928,822.700736968047,"{""type"":""MultiPoint"",""coordinates"":[]}"
20180827,2018-08-27,826.0784351855941,827.4096805941781,824.3211932696453,"{""type"":""MultiPoint"",""coordinates"":[]}"
20180828,2018-08-28,827.1292007222477,828.5184692539613,825.2688361289644,"{""type"":""MultiPoint"",""coordinates"":[]}"
20180829,2018-08-29,827.30346624963,828.7215103300059,825.5231471530893,"{""type"":""MultiPoint"",""coordinates"":[]}"
20180830,2018-08-30,826.2794978184961,827.6396666187121,824.3868735293453,"{""type"":""MultiPoint"",""coordinates"":[]}"
20180831,2018-08-31,826.8889811934595,828.2884428314852,824.9936311354433,"{""type"":""MultiPoint"",""coordinates"":[]}"
20180901,2018-09-01,827.828021089384,829.155806666671,826.202591043549,"{""type"":""MultiPoint"",""coordinates"":[]}"
20180902,2018-09-02,827.6209842848074,829.0185187318843,825.8113608690637,"{""type"":""MultiPoint"",""coordinates"":[]}"
20180903,2018-09-03,827.6866648237208,829.02454896744,825.6874609613822,"{""type"":""MultiPoint"",""coordinates"":[]}"
20180904,2018-09-04,827.9728263357417,829.5722440932736,826.1211895400755,"{""type"":""MultiPoint"",""coordinates"":[]}"
20180905,2018-09-05,827.5287287853567,829.0693764615938,825.8019937320967,"{""type"":""MultiPoint"",""coordinates"":[]}"
20180906,2018-09-06,827.732616799487,829.1480333068283,825.8961544101592,"{""type"":""MultiPoint"",""coordinates"":[]}"
20180907,2018-09-07,828.6083675405622,830.1209713851163,826.7353679254285,"{""type"":""MultiPoint"",""coordinates"":[]}"
20180908,2018-09-08,828.9181228873935,830.4644381946965,826.9895887845596,"{""type"":""MultiPoint"",""coordinates"":[]}"
20180909,2018-09-09,829.9823570852235,831.5129367912448,827.9264335300713,"{""type"":""MultiPoint"",""coordinates"":[]}"
20180910,2018-09-10,831.0770853989537,832.4315384859212,829.2288965859356,"{""type"":""MultiPoint"",""coordinates"":[]}"
20180911,2018-09-11,830.0363896928119,832.0411315482182,828.0960692651028,"{""type"":""MultiPoint"",""coordinates"":[]}"
20180912,2018-09-12,828.0845013863819,830.1100826847651,826.1161543463289,"{""type"":""MultiPoint"",""coordinates"":[]}"
20180913,2018-09-13,827.9882062823676,829.4874216120686,826.0732794231292,"{""type"":""MultiPoint"",""coordinates"":[]}"
20180914,2018-09-14,829.2857717743051,830.6698897119106,827.3310555921853,"{""type"":""MultiPoint"",""coordinates"":[]}"
20180915,2018-09-15,829.7842651175379,831.5391993396564,828.0082716015627,"{""type"":""MultiPoint"",""coordinates"":[]}"
20180916,2018-09-16,828.4140530546132,830.3724670319075,826.593104803866,"{""type"":""MultiPoint"",""coordinates"":[]}"
20180917,2018-09-17,828.0649194899106,829.5223030619052,826.1622675120285,"{""type"":""MultiPoint"",""coordinates"":[]}"
20180918,2018-09-18,828.7737558254197,830.335780278131,826.7173719295155,"{""type"":""MultiPoint"",""coordinates"":[]}"
20180919,2018-09-19,829.1097569620624,830.9550186173791,827.2487549171516,"{""type"":""MultiPoint"",""coordinates"":[]}"
20180920,2018-09-20,829.3337833328688,830.8771714771148,827.5565781439639,"{""type"":""MultiPoint"",""coordinates"":[]}"
20180921,2018-09-21,830.3454894817526,832.0055345737292,828.2575879781399,"{""type"":""MultiPoint"",""coordinates"":[]}"
20180922,2018-09-22,831.4093698326039,832.9522698798659,829.3317452453039,"{""type"":""MultiPoint"",""coordinates"":[]}"
20180923,2018-09-23,831.3552702383407,833.2283093838874,829.4142147929716,"{""type"":""MultiPoint"",""coordinates"":[]}"
20180924,2018-09-24,830.4888080366966,832.0884543045743,828.7164039741721,"{""type"":""MultiPoint"",""coordinates"":[]}"
20180925,2018-09-25,829.9075044350973,831.6892815142004,828.006662235611,"{""type"":""MultiPoint"",""coordinates"":[]}"
20180926,2018-09-26,830.1230295368905,831.6569207180097,828.2345104089422,"{""type"":""MultiPoint"",""coordinates"":[]}"
20180927,2018-09-27,830.7210220310163,832.0876853093504,828.9285859474825,"{""type"":""MultiPoint"",""coordinates"":[]}"
20180928,2018-09-28,831.0470299576987,832.5357961667886,829.2992261202622,"{""type"":""MultiPoint"",""coordinates"":[]}"
20180929,2018-09-29,831.4442941268853,833.0758957847997,829.7772184735893,"{""type"":""MultiPoint"",""coordinates"":[]}"
20180930,2018-09-30,830.7326904202434,832.5085887630688,828.9098921538489,"{""type"":""MultiPoint"",""coordinates"":[]}"
20181001,2018-10-01,830.6520669269366,832.094700178116,828.844166905168,"{""type"":""MultiPoint"",""coordinates"":[]}"
20181002,2018-10-02,831.0104654510028,832.787905801155,829.3377773316652,"{""type"":""MultiPoint"",""coordinates"":[]}"
20181003,2018-10-03,830.8382086961793,832.2123299742691,829.1336114908082,"{""type"":""MultiPoint"",""coordinates"":[]}"
20181004,2018-10-04,831.1840882010247,832.5126878559424,829.3714828820275,"{""type"":""MultiPoint"",""coordinates"":[]}"
20181005,2018-10-05,831.4905052537562,833.238913895835,829.790464772725,"{""type"":""MultiPoint"",""coordinates"":[]}"
20181006,2018-10-06,831.1506009065052,832.9971759043686,829.3663015563695,"{""type"":""MultiPoint"",""coordinates"":[]}"
20181007,2018-10-07,830.652831319252,832.5343962982884,828.740654989965,"{""type"":""MultiPoint"",""coordinates"":[]}"
20181008,2018-10-08,830.1573480577239,831.9336837985699,828.2321750196013,"{""type"":""MultiPoint"",""coordinates"":[]}"
20181009,2018-10-09,829.9304819503252,831.6029980469933,828.1249990747577,"{""type"":""MultiPoint"",""coordinates"":[]}"
20181010,2018-10-10,829.8580135504458,831.5478555394827,828.0641706161437,"{""type"":""MultiPoint"",""coordinates"":[]}"
20181011,2018-10-11,830.2054969581508,831.6867046673085,828.2637722199178,"{""type"":""MultiPoint"",""coordinates"":[]}"
20181012,2018-10-12,830.6732341201782,832.2402039832151,828.8847193256554,"{""type"":""MultiPoint"",""coordinates"":[]}"
20181013,2018-10-13,830.9737792891116,832.6877302104914,829.3617768052407,"{""type"":""MultiPoint"",""coordinates"":[]}"
20181014,2018-10-14,831.0259619555464,832.6368844224181,829.4087799175701,"{""type"":""MultiPoint"",""coordinates"":[]}"
20181015,2018-10-15,831.3617548709384,832.9604672195561,829.7506514791797,"{""type"":""MultiPoint"",""coordinates"":[]}"
20181016,2018-10-16,831.1498272586919,833.0326703807835,829.2127731805027,"{""type"":""MultiPoint"",""coordinates"":[]}"
20181017,2018-10-17,829.8457772821133,832.0311827299776,827.8985368358693,"{""type"":""MultiPoint"",""coordinates"":[]}"
20181018,2018-10-18,830.1058583090514,831.7015087051991,828.3956628375427,"{""type"":""MultiPoint"",""coordinates"":[]}"
20181019,2018-10-19,831.1585681944988,832.5796801867971,829.4014845937334,"{""type"":""MultiPoint"",""coordinates"":[]}"
20181020,2018-10-20,832.574903977338,834.260324924279,830.7966446674213,"{""type"":""MultiPoint"",""coordinates"":[]}"
20181021,2018-10-21,832.7188252116905,834.5223575069082,831.097592466374,"{""type"":""MultiPoint"",""coordinates"":[]}"
20181022,2018-10-22,831.5532077785932,833.6113730901262,829.6675215553598,"{""type"":""MultiPoint"",""coordinates"":[]}"
20181023,2018-10-23,831.1706663074278,832.8320484429044,829.5140712215346,"{""type"":""MultiPoint"",""coordinates"":[]}"
20181024,2018-10-24,831.8237222103485,833.3077557527424,829.9754188161887,"{""type"":""MultiPoint"",""coordinates"":[]}"
20181025,2018-10-25,833.3524111447825,834.7163933416631,831.6169329495414,"{""type"":""MultiPoint"",""coordinates"":[]}"
20181026,2018-10-26,834.1377766707762,835.6963631608779,832.4967362947174,"{""type"":""MultiPoint"",""coordinates"":[]}"
20181027,2018-10-27,834.5626296091183,836.2511281126655,832.736956768913,"{""type"":""MultiPoint"",""coordinates"":[]}"
20181028,2018-10-28,834.5483766193419,836.3339722814178,832.9176290858487,"{""type"":""MultiPoint"",""coordinates"":[]}"
20181029,2018-10-29,834.3260025803993,836.0942194206713,832.6219104599511,"{""type"":""MultiPoint"",""coordinates"":[]}"
20181030,2018-10-30,834.1879696891027,835.710666837666,832.4530541466247,"{""type"":""MultiPoint"",""coordinates"":[]}"
20181031,2018-10-31,833.5204645638197,835.4476298223574,831.4886015738255,"{""type"":""MultiPoint"",""coordinates"":[]}"
20181101,2018-11-01,832.0703277616658,834.0785464272253,830.1221205894891,"{""type"":""MultiPoint"",""coordinates"":[]}"
20181102,2018-11-02,831.001159899322,832.9856134874431,829.2022800430304,"{""type"":""MultiPoint"",""coordinates"":[]}"
20181103,2018-11-03,831.1252821670104,832.8549567855116,829.3691199264334,"{""type"":""MultiPoint"",""coordinates"":[]}"
20181104,2018-11-04,830.9689159606532,832.692464018443,829.3089904576822,"{""type"":""MultiPoint"",""coordinates"":[]}"
20181105,2018-11-05,831.0248415750868,832.855578677697,829.1195554845152,"{""type"":""MultiPoint"",""coordinates"":[]}"
20181106,2018-11-06,832.2445915092128,834.3017145107757,829.8232641812137,"{""type"":""MultiPoint"",""coordinates"":[]}"
20181107,2018-11-07,833.0653933586838,835.1166337962037,831.1071573610049,"{""type"":""MultiPoint"",""coordinates"":[]}"
20181108,2018-11-08,831.6054580798126,833.9503317444112,829.8234824360059,"{""type"":""MultiPoint"",""coordinates"":[]}"
20181109,2018-11-09,830.7941575490348,832.6227575005337,829.0612594403424,"{""type"":""MultiPoint"",""coordinates"":[]}"
20181110,2018-11-10,831.2705603975703,832.8717892134969,829.6587975510661,"{""type"":""MultiPoint"",""coordinates"":[]}"
20181111,2018-11-11,831.7501776073235,833.5305862012838,830.1100450032591,"{""type"":""MultiPoint"",""coordinates"":[]}"
20181112,2018-11-12,829.9775363665295,832.2866977040312,827.9698023008639,"{""type"":""MultiPoint"",""coordinates"":[]}"
20181113,2018-11-13,828.3723590245837,830.2137061842037,826.5422366490177,"{""type"":""MultiPoint"",""coordinates"":[]}"
20181114,2018-11-14,829.2415080351036,830.6951988492228,827.3820247102653,"{""type"":""MultiPoint"",""coordinates"":[]}"
20181115,2018-11-15,830.603753605943,832.15143005128,828.7858602503475,"{""type"":""MultiPoint"",""coordinates"":[]}"
20181116,2018-11-16,830.2277506698964,832.3157452021176,828.3191877782117,"{""type"":""MultiPoint"",""coordinates"":[]}"
20181117,2018-11-17,829.8535023617713,831.803752355433,827.7115696952877,"{""type"":""MultiPoint"",""coordinates"":[]}"
20181118,2018-11-18,830.869979698272,832.4090140301886,829.0409254739781,"{""type"":""MultiPoint"",""coordinates"":[]}"
20181119,2018-11-19,832.3578211643136,833.9525567890958,830.5339524433421,"{""type"":""MultiPoint"",""coordinates"":[]}"
20181120,2018-11-20,832.9717550631902,834.8712586255916,831.0258987646238,"{""type"":""MultiPoint"",""coordinates"":[]}"
20181121,2018-11-21,833.2959830815593,835.2500643151097,831.0680207318221,"{""type"":""MultiPoint"",""coordinates"":[]}"
20181122,2018-11-22,833.6800128080278,835.5355279869713,831.4826283279738,"{""type"":""MultiPoint"",""coordinates"":[]}"
20181123,2018-11-23,834.815329167987,836.8429102869543,832.6507804937545,"{""type"":""MultiPoint"",""coordinates"":[]}"
20181124,2018-11-24,835.090107760549,836.850025335944,833.3385941805207,"{""type"":""MultiPoint"",""coordinates"":[]}"
20181125,2018-11-25,833.9329296876735,836.0930383534068,832.088191930185,"{""type"":""MultiPoint"",""coordinates"":[]}"
20181126,2018-11-26,833.6596634539235,835.510789731202,831.603300988645,"{""type"":""MultiPoint"",""coordinates"":[]}"
20181127,2018-11-27,834.6289122967344,836.0942785370519,832.9680122549026,"{""type"":""MultiPoint"",""coordinates"":[]}"
20181128,2018-11-28,834.6058756811653,836.3229766625898,832.965555286787,"{""type"":""MultiPoint"",""coordinates"":[]}"
20181129,2018-11-29,835.0133666284773,836.6048348590117,833.4225659211047,"{""type"":""MultiPoint"",""coordinates"":[]}"
20181130,2018-11-30,834.0027956668091,836.2027026010712,831.9292750593071,"{""type"":""MultiPoint"",""coordinates"":[]}"
20181201,2018-12-01,831.3429245923637,833.8808674981545,829.1447653743525,"{""type"":""MultiPoint"",""coordinates"":[]}"
20181202,2018-12-02,830.4023449707383,831.997144053339,828.6056162927946,"{""type"":""MultiPoint"",""coordinates"":[]}"
20181203,2018-12-03,831.7983740463515,833.170494091058,829.9217805018405,"{""type"":""MultiPoint"",""coordinates"":[]}"
20181204,2018-12-04,832.270783503408,834.1522088529637,830.581057059695,"{""type"":""MultiPoint"",""coordinates"":[]}"
20181205,2018-12-05,830.5292317714959,832.7799138415402,828.5892209471136,"{""type"":""MultiPoint"",""coordinates"":[]}"
20181206,2018-12-06,829.5179573041877,831.3856368746658,827.6739808027365,"{""type"":""MultiPoint"",""coordinates"":[]}"
20181207,2018-12-07,829.9977657286288,831.5999099912058,828.120820067658,"{""type"":""MultiPoint"",""coordinates"":[]}"
20181208,2018-12-08,830.792093178064,832.6076676673919,829.3209131618999,"{""type"":""MultiPoint"",""coordinates"":[]}"
20181209,2018-12-09,829.8459550863048,831.826221804864,828.1814963883979,"{""type"":""MultiPoint"",""coordinates"":[]}"
20181210,2018-12-10,830.0318667868299,831.7262902150668,828.2784198607254,"{""type"":""MultiPoint"",""coordinates"":[]}"
20181211,2018-12-11,830.4790389279843,832.1391756277666,828.8326331529045,"{""type"":""MultiPoint"",""coordinates"":[]}"
20181212,2018-12-12,831.7765790693636,833.3112801040428,829.8634104664924,"{""type"":""MultiPoint"",""coordinates"":[]}"
20181213,2018-12-13,832.9582802796148,834.4746312545457,831.2167983079316,"{""type"":""MultiPoint"",""coordinates"":[]}"
20181214,2018-12-14,834.2476962617072,835.9231949552396,832.350257811758,"{""type"":""MultiPoint"",""coordinates"":[]}"
20181215,2018-12-15,835.5197759334169,837.075167348491,833.6400688755605,"{""type"":""MultiPoint"",""coordinates"":[]}"
20181216,2018-12-16,835.6685041406296,837.5345256914061,834.1051988495049,"{""type"":""MultiPoint"",""coordinates"":[]}"
20181217,2018-12-17,834.3273931287639,836.2545890298298,832.3780311281796,"{""type"":""MultiPoint"",""coordinates"":[]}"
20181218,2018-12-18,832.9638341670114,835.0377015326243,831.0580233941897,"{""type"":""MultiPoint"",""coordinates"":[]}"
20181219,2018-12-19,832.7479772904447,834.5529254503045,830.8518836329656,"{""type"":""MultiPoint"",""coordinates"":[]}"
20181220,2018-12-20,831.7982176925113,834.0895497586174,830.0604125188344,"{""type"":""MultiPoint"",""coordinates"":[]}"
20181221,2018-12-21,831.3434189558944,833.3461589716638,829.6300674123188,"{""type"":""MultiPoint"",""coordinates"":[]}"
20181222,2018-12-22,832.1277001757989,833.6862808995139,830.5793939950773,"{""type"":""MultiPoint"",""coordinates"":[]}"
20181223,2018-12-23,831.7692659781773,833.514635880622,830.1220928441179,"{""type"":""MultiPoint"",""coordinates"":[]}"
20181224,2018-12-24,830.9118666502836,832.9043679240676,829.1574876022437,"{""type"":""MultiPoint"",""coordinates"":[]}"
20181225,2018-12-25,829.93714044743,831.8800201332656,828.2415308503462,"{""type"":""MultiPoint"",""coordinates"":[]}"
20181226,2018-12-26,829.1797564255105,831.1944328915429,827.1740781289136,"{""type"":""MultiPoint"",""coordinates"":[]}"
20181227,2018-12-27,829.1740419675593,831.1317111887844,827.492875393608,"{""type"":""MultiPoint"",""coordinates"":[]}"
20181228,2018-12-28,830.4667706149771,832.0910418351513,828.3223508054524,"{""type"":""MultiPoint"",""coordinates"":[]}"
20181229,2018-12-29,833.0375489002447,834.5087121811906,831.0586149747675,"{""type"":""MultiPoint"",""coordinates"":[]}"
20181230,2018-12-30,834.4939108080886,836.12586965857,832.8830604644851,"{""type"":""MultiPoint"",""coordinates"":[]}"
20181231,2018-12-31,834.8441548615316,836.4448031152818,833.2696918966492,"{""type"":""MultiPoint"",""coordinates"":[]}"
