date,temperature_avg_C,temperature_min_C,temperature_max_C
2000-01-01,5.958753535813742,-0.4092762551372857,12.622750721776526
2000-01-02,6.128765472410805,-0.22170023617582046,13.038441447392188
2000-01-03,6.107337379860212,-0.18082558996468379,12.995602265956734
2000-01-04,6.18762300156385,-0.20293618176629025,13.05179411716341
2000-01-05,6.039061948211554,-0.3363254544061647,12.77845324439204
2000-01-06,5.9878802961313795,-0.4410933768792802,12.632456783222494
2000-01-07,6.288272278761383,-0.25953372644977435,12.729590264786964
2000-01-08,6.828459166522521,0.5778777248739289,13.104143788163071
2000-01-09,7.00360013820756,0.8953827771510987,13.135486835084407
2000-01-10,6.84545102097411,1.0068655852205097,12.728893942374896
2000-01-11,7.419544523612103,1.5894476336515595,13.216837510702305
2000-01-12,7.489482123650873,1.7696590657395177,13.100206034363964
2000-01-13,6.813265101289915,1.112412420248802,12.407761820751887
2000-01-14,5.813533376142175,0.13398417986087452,11.658272859238252
2000-01-15,5.038838151414041,-0.678539297878558,10.915992926713841
2000-01-16,4.5832763444525995,-1.2167574047983862,10.558701800915003
2000-01-17,5.090831745900459,-1.384773917665882,11.45651379712018
2000-01-18,6.5136273279468355,-0.30365369456319513,13.24916516538724
2000-01-19,7.152765228517808,0.27094691249959624,13.890562449040203
2000-01-20,6.199793347216655,-0.28223476353974775,12.48177463446558
2000-01-21,6.1512678261948395,-0.3852947062981684,12.611345614506206
2000-01-22,6.170288093966462,0.1844567789758571,12.27842506266046
2000-01-23,5.909383987308274,-0.16723800803384847,12.036040199241882
2000-01-24,6.076068902374061,-0.2099352565092545,12.162970035935075
2000-01-25,6.239908579624057,-0.030666303812381557,12.2574401032075
2000-01-26,6.445302955018292,0.043561725313850275,12.613022635242771
2000-01-27,6.03846055142327,-0.17019421851802008,12.189822640679267
2000-01-28,5.475305193459008,-0.6030631722138082,11.54425178898964
2000-01-29,5.251457080352566,-1.1756258553135694,11.546538076221339
2000-01-30,5.8398347556873205,-1.1710535801904598,12.493548003888577
2000-01-31,6.735614341152598,-0.18562422707015003,13.162651279122656
2000-02-01,6.549527840390169,0.6821240696388031,12.366433921098007
2000-02-02,6.202527805849286,0.4802616356614635,11.799321743640064
2000-02-03,6.400454633608831,0.5491987413856236,12.110356961933178
2000-02-04,6.56964661308109,0.6841942854198919,12.085264592298131
2000-02-05,6.4861604703522175,0.9423050932348929,11.888476171503726
2000-02-06,6.066826225072305,0.2916550381551133,11.664481879665686
2000-02-07,5.492888692247504,-0.46888469034229274,11.427259630356275
2000-02-08,5.703078586832362,-0.613519347037311,11.714684074408126
2000-02-09,5.801245825638489,-0.2827001456126368,11.464808822528482
2000-02-10,6.380273434964749,0.024652563683162043,12.22324127078025
2000-02-11,6.355852907724341,0.5063198826064763,11.77990417358393
2000-02-12,5.828427744203168,0.04422218801522604,11.358103225098489
2000-02-13,5.758689017358051,-0.40238700854041554,11.761959288312823
2000-02-14,5.794210690999648,-0.6545071042848463,11.858543003850116
2000-02-15,6.698121653643284,-0.444571392121361,13.109963418943494
2000-02-16,7.318758922799134,0.5498790471139046,13.608443622849961
2000-02-17,6.716279930740768,0.33903383801856535,12.845591902760134
2000-02-18,5.999959382594852,-0.18666635626334482,12.042294149659142
2000-02-19,5.799169279939974,-0.5419584946518512,11.936421758292738
2000-02-20,5.70167176553673,-0.4310246586857147,11.545405531810161
2000-02-21,6.0533448395549385,-0.10557835765996515,11.906491775251027
2000-02-22,6.629173309815542,0.17602026221271672,12.91783032186106
2000-02-23,6.699251171100343,0.47032953184316284,12.878153096646713
2000-02-24,6.300675296149734,0.28522074948557474,12.370759265588902
2000-02-25,6.235254948183069,0.19577912171689604,12.239122515424754
2000-02-26,6.326561759762114,-0.12033214163636785,12.403732354452927
2000-02-27,7.070412176011814,0.04127701195108102,13.4502712695475
2000-02-28,8.130828820147542,0.8172942495202165,14.779575256244925
2000-02-29,9.336698939028508,1.980321012525451,16.019878640229933
2000-03-01,9.412858648956728,2.4189630734900334,15.869079389197395
2000-03-02,9.23736802102411,2.653976210596511,15.644982889700316
2000-03-03,9.690655357914466,2.6245463068912045,16.300480619984114
2000-03-04,9.79503895792027,2.799612768817326,16.202447638261788
2000-03-05,9.647184582469947,2.5696141810342965,16.19249245700763
2000-03-06,9.760094424672559,2.3876475285063634,16.423881457677624
2000-03-07,10.127307083946391,2.9810856292743324,16.59058540015667
2000-03-08,9.71249094929459,3.087309392871475,16.017775392243664
2000-03-09,9.292331078976758,2.580631576082567,15.565126103471187
2000-03-10,9.891281837756082,2.7020960651577184,16.390992961363054
2000-03-11,10.623413281163323,3.5698529500809286,17.071397965769165
2000-03-12,10.73262674076284,4.260805563655708,16.981594190189014
2000-03-13,10.231789565072688,3.856579827348014,16.256458630901932
2000-03-14,10.06783811481779,3.2690094993490106,16.270490156731114
2000-03-15,10.226313858861374,3.2378862274591143,16.618263020838583
2000-03-16,10.692432535097339,3.458773582799779,17.16711038539546
2000-03-17,11.14393615764294,3.9858243902996264,17.645789636900417
2000-03-18,11.190379250028627,4.003990051489666,17.62335828194506
2000-03-19,11.084399372416385,3.8099632925841433,17.64650368392182
2000-03-20,11.205198790933935,3.809007775387556,17.69515379568378
2000-03-21,11.742099357254233,4.522254500477857,18.201030075563267
2000-03-22,11.792587858760442,5.091263798396426,18.171010621420066
2000-03-23,11.85250125406401,4.790716096273854,18.132684934363056
2000-03-24,11.789493060405732,4.484790149662217,18.203469684608933
2000-03-25,11.734383573552975,4.296426598693984,18.448531155032413
2000-03-26,12.367373238948858,4.602999062336721,19.20234494846352
2000-03-27,13.026880697214722,5.755295272358353,19.73917696405738
2000-03-28,13.758699951142205,6.545549887302911,20.426169040498223
2000-03-29,14.232417075579974,7.053605595771046,20.753229762548926
2000-03-30,14.895622828006992,7.317408829653914,21.70091940345901
2000-03-31,15.590072569858535,8.15625136843704,22.347947915629334
2000-04-01,15.644669695105165,8.341806899453275,22.25731215854404
2000-04-02,15.233385970765937,8.13712128002868,21.79141388853111
2000-04-03,15.529245157834623,8.253028617506743,22.159821465846107
2000-04-04,15.564971862849745,8.364707105690627,22.208097458673194
2000-04-05,15.372657663430232,8.022884734746981,22.088069378385853
2000-04-06,15.345277328573388,7.931568180518013,22.022127089060348
2000-04-07,15.930707814131779,8.508045456073887,22.569820501618096
2000-04-08,16.207583918793887,8.980765952252227,22.86096765881257
2000-04-09,16.00286243070542,8.645592801638713,22.654312799886895
2000-04-10,15.890448174240703,8.237591251686013,22.72687718913903
2000-04-11,16.149634889747915,8.21834539130026,23.172115958474762
2000-04-12,16.567693827939365,8.991965414199342,23.494548924660762
2000-04-13,16.772816496377743,9.675514376605236,23.41355762087437
2000-04-14,16.80758850957278,9.782380718642969,23.398555452155335
2000-04-15,16.670461625604503,9.848860815344551,23.143046590612812
2000-04-16,16.693842349137526,9.86803906667393,22.870909509479247
2000-04-17,17.014080845198862,10.087981196099918,23.30057105401022
2000-04-18,17.562931963730534,10.587764382098555,24.019291047691524
2000-04-19,17.803268601248305,10.801814065735186,24.195437697535567
2000-04-20,18.10495512898666,11.08171753864616,24.456453655183566
2000-04-21,18.03448111377054,11.367769042960163,24.309868384794072
2000-04-22,17.843006601908996,11.575083316837606,23.88303671011238
2000-04-23,18.011591041015606,11.732128656421082,23.98983142131442
2000-04-24,17.94645629873355,11.893066800831377,23.74177220297838
2000-04-25,17.97995095384141,11.690938876726761,24.018134143880502
2000-04-26,18.04368106013885,11.703572275504541,24.171640743591865
2000-04-27,18.132213599138765,11.92247673778246,24.12408221810381
2000-04-28,18.239900195424525,12.19750718504389,24.139794661688995
2000-04-29,18.259616368443915,12.123151626140157,24.197973095644215
2000-04-30,18.30254012390293,11.495543598707457,24.509906454307043
2000-05-01,18.210079906558576,11.188202830252067,24.559313014431382
2000-05-02,18.392312442625723,11.401126418995148,24.828525923797713
2000-05-03,18.64396843212387,11.877995081976962,24.95219160284512
2000-05-04,19.024789825163623,12.555035257775103,25.193170772166752
2000-05-05,19.059122184391867,13.08327088109462,25.053238941023324
2000-05-06,18.65871749634539,13.135766494141592,24.49212783048324
2000-05-07,18.054274358689554,12.539266638184245,23.513997157335666
2000-05-08,18.04003234204788,12.392964385474272,23.405897588993582
2000-05-09,18.941652318378885,12.889160538267959,24.520072971590025
2000-05-10,19.659038608513754,13.553271771428854,25.32398836889871
2000-05-11,19.963892401762052,13.927124946218669,25.636647003409166
2000-05-12,20.37148986717648,14.322775396818201,26.076787596759686
2000-05-13,20.511915169403608,14.786402879880313,25.965610872966067
2000-05-14,20.555745218930326,14.85693109077738,26.11529829224901
2000-05-15,20.327568808632236,15.022890739095772,25.721369915793673
2000-05-16,20.08462117986653,15.129954798163112,25.249900405966116
2000-05-17,19.911362025814697,14.925990767637074,25.060514910200993
2000-05-18,19.920759851308787,14.864846307369362,25.048446334570883
2000-05-19,19.89067854516469,14.753933879769818,25.023217543058763
2000-05-20,19.92305380949466,14.720905072212133,25.083573134886876
2000-05-21,19.652305620915172,14.639329435815966,24.67901650974727
2000-05-22,19.644603433214172,14.526188176615165,24.580469646680626
2000-05-23,19.710457208023968,14.662540953040207,24.64194860667601
2000-05-24,20.062040969379552,14.943136715149308,25.157797327263893
2000-05-25,20.174364090643962,15.268403756791827,25.28496928256436
2000-05-26,20.252555444795235,15.420775285377488,25.307008512632592
2000-05-27,20.188125622747293,15.019842379810939,25.41276072809751
2000-05-28,20.290956783332604,14.88469993018407,25.587681727830898
2000-05-29,20.33910823324851,14.60674545694991,25.786258456754297
2000-05-30,20.38243483993159,15.006392095451247,25.703377233968922
2000-05-31,19.889103882030213,15.167409649484568,24.9975006537868
2000-06-01,20.07829868780391,15.155750276969911,25.08255430434224
2000-06-02,20.517796204888498,15.275484169587116,25.776881946579067
2000-06-03,20.765899784099645,15.529052267023474,26.08677511486576
2000-06-04,20.453787150568587,15.716334987240202,25.52486704655621
2000-06-05,20.03844182953577,15.422689318940854,24.92602708087452
2000-06-06,19.830959174970133,15.417282145296952,24.398578957137147
2000-06-07,19.5844692591769,15.805885159635295,23.775783606337313
2000-06-08,19.838983041393874,16.18650217067932,23.941794892024006
2000-06-09,20.086571669424472,16.207793458512754,24.491989461465664
2000-06-10,20.014460695205912,15.948005092316691,24.539529832408164
2000-06-11,20.09882091221351,15.658897135320103,24.724490822503753
2000-06-12,19.752578862439407,15.051147938542954,24.396439733432715
2000-06-13,19.94531179625784,15.027050218775457,24.593178839934524
2000-06-14,20.55885629898387,15.705951618123606,25.399182628183382
2000-06-15,20.861360238774296,15.981366798596412,25.670607872904384
2000-06-16,20.859716830951072,16.143046631916263,25.645654440567796
2000-06-17,20.817186946492086,16.214606648243432,25.612766900773067
2000-06-18,20.745675375139285,16.375024885493758,25.2965722022376
2000-06-19,20.525733111921625,16.35103214550975,24.97140929362581
2000-06-20,20.53157024441623,16.52964099960036,24.91367567485753
2000-06-21,20.470577553542853,16.635470404502257,24.80822631034954
2000-06-22,20.111012775753125,16.35016411839365,24.37006067447078
2000-06-23,20.05644270515768,16.03193873078129,24.3928239739202
2000-06-24,20.21814738602228,16.055868475533202,24.6078574868244
2000-06-25,20.493584968515506,16.1372862241613,25.111924969866777
2000-06-26,20.594264432437342,16.059926979019792,25.32228408306321
2000-06-27,20.67848720490565,16.018767965782843,25.391002625135968
2000-06-28,20.762153829763633,16.332430906443108,25.353007332507673
2000-06-29,20.51757252167215,16.56685012298192,24.904395472215697
2000-06-30,19.990839238566252,16.426352476948693,24.123595149553466
2000-07-01,20.04201813626986,16.368475399004808,24.273697642792342
2000-07-02,19.917950021435104,16.27458522471767,24.12636393856809
2000-07-03,19.988771436400498,16.305821365587178,24.24395774678436
2000-07-04,20.382348248917765,16.4318878835752,24.569865006347527
2000-07-05,20.819104831584127,16.87808521328634,25.079179778474725
2000-07-06,20.760770206624443,16.914120599981857,25.030724692306478
2000-07-07,20.455309084493763,16.850521247842096,24.65528036967754
2000-07-08,20.124963061035203,16.82163931043067,24.159599088035463
2000-07-09,19.86283526363536,16.78266832131203,23.65591024974003
2000-07-10,19.700579747408824,16.620841546682698,23.391963451625372
2000-07-11,19.72901602760726,16.53185282813007,23.4139545672474
2000-07-12,19.74412404128566,16.6363686624739,23.40233777267855
2000-07-13,19.648092232085162,16.61301380317167,23.19723115011095
2000-07-14,19.79549968727241,16.66581028126751,23.3907107857774
2000-07-15,19.91863049821177,16.821592976135207,23.4972861896548
2000-07-16,19.99940139139511,16.87644803568253,23.726063109868335
2000-07-17,19.84876460639174,16.845270610135287,23.4584480522376
2000-07-18,19.899302921225114,16.777800512122838,23.573003339013553
2000-07-19,19.943319991685428,16.680948897507506,23.708043879244883
2000-07-20,19.91660421263083,16.658260765896102,23.78505449869192
2000-07-21,19.69577121239371,16.377534359850756,23.513434360183
2000-07-22,19.54679220602975,16.301074426725506,23.21085320072001
2000-07-23,19.808291815636153,16.376442698973563,23.645243045100585
2000-07-24,19.956737319802926,16.377652914043324,24.040044658311842
2000-07-25,19.92311722897074,16.328332808281004,23.965467515596515
2000-07-26,19.88487607990038,16.382715616210476,23.847231726708742
2000-07-27,20.105149837370675,16.5854474730059,24.186892548749256
2000-07-28,20.269478254244405,16.573677279558865,24.401324029147588
2000-07-29,20.403451337882416,16.666294002945392,24.580264080636823
2000-07-30,20.35297115760494,16.72456946395988,24.44028543097272
2000-07-31,19.74956165775461,16.4561971483962,23.62731032786195
2000-08-01,19.293396054467053,16.040598109171356,23.13943483797874
2000-08-02,19.190024610809076,15.641420596173191,23.16346016263236
2000-08-03,19.16345136881199,15.376696385635682,23.329408522557685
2000-08-04,19.38842299091897,15.30016896491236,23.757094044816313
2000-08-05,19.830273392717913,15.40386008876709,24.21956841704315
2000-08-06,19.92040495986646,15.639799220412385,24.414856003523482
2000-08-07,20.04230894268983,15.842784791421877,24.328076916266753
2000-08-08,20.111722457677104,16.145860277481745,24.274848758263317
2000-08-09,19.63080823599961,16.249480273593292,23.58392054359797
2000-08-10,19.05048220146142,16.07918416552775,22.681338008949183
2000-08-11,19.175631150582262,16.004116131501178,22.90254581283915
2000-08-12,19.350887037973678,16.10296958587901,23.27584131224745
2000-08-13,19.416855968226514,16.07685816430103,23.346877353146795
2000-08-14,19.404054165156822,16.025718316194116,23.352129904287324
2000-08-15,19.069937282079877,15.976721663282376,22.96630458509037
2000-08-16,19.09880626786787,15.839360969105996,22.979889454477302
2000-08-17,19.455297920861085,15.901544480998496,23.573271735774142
2000-08-18,19.415573934547297,15.994943246082471,23.336858698326125
2000-08-19,19.335418839438717,16.105738014885446,23.136284112657904
2000-08-20,19.304521872112105,16.04412013501974,23.137602183206297
2000-08-21,19.282645113584977,15.917610898937085,23.178428810484377
2000-08-22,19.500333395047335,15.988421689805932,23.51179658271883
2000-08-23,19.79254123225644,16.21804079413016,23.880374573366225
2000-08-24,20.13817791522939,16.422433899366695,24.206879512549563
2000-08-25,20.380416907705637,16.526254082615196,24.50691270775218
2000-08-26,20.251358020289217,16.554675809161665,24.27624124726225
2000-08-27,19.85341767147463,16.401461799149615,23.86139228629321
2000-08-28,19.363943741894047,15.932304933262458,23.300302377340586
2000-08-29,19.059506611672532,15.565201790477033,22.963560409499735
2000-08-30,19.00519865793467,15.508508077719966,22.941553326588746
2000-08-31,19.02487853874453,15.683295853191225,22.923973900692715
2000-09-01,19.079748644166273,15.823998553785032,22.967644588035228
2000-09-02,19.215047395134377,15.744777863224442,23.16800997378317
2000-09-03,19.25964992566145,15.691012817757098,23.265514427816356
2000-09-04,19.185220895190696,15.587083596043954,23.25267093668242
2000-09-05,18.985545142138278,15.530838988094786,23.118562912326524
2000-09-06,18.64382972237007,15.24947006586558,22.698137100790404
2000-09-07,18.605473098339985,15.13755642809565,22.6568863322521
2000-09-08,18.577303378142688,15.076836424506666,22.798957632166093
2000-09-09,18.202502716809022,14.761443602460304,22.33183919903763
2000-09-10,18.07736767629393,14.322445464212876,22.376177642545713
2000-09-11,18.03349985483345,13.813637683591594,22.514111019225936
2000-09-12,18.136570954904528,13.37749110243135,22.878023069652045
2000-09-13,18.446457779512855,13.535516760349935,23.33224605177128
2000-09-14,18.680157955826132,13.921583554320705,23.45214743116503
2000-09-15,18.33575154178368,13.892501408544888,22.97951882455186
2000-09-16,18.19808606749882,13.580210406512435,23.02735254045683
2000-09-17,18.059683540526123,13.425676389956209,22.866437581602725
2000-09-18,17.566927354461598,13.20855672270892,22.143485344464693
2000-09-19,17.75365477075485,13.132274753922161,22.429395084571695
2000-09-20,17.98745862773802,13.490679509978861,22.51196226531323
2000-09-21,17.916938075190046,13.747129066378022,22.44703963104905
2000-09-22,17.74645265965961,13.584887031775622,22.345435825121967
2000-09-23,17.444551246925244,13.315867784436023,22.024625026726824
2000-09-24,17.27622299893858,12.874294491401656,21.97980312896476
2000-09-25,17.059754750191416,12.465985374749096,22.010801725949307
2000-09-26,16.903257842521157,12.280061722008554,21.791624923899633
2000-09-27,16.76998615038974,11.993974329436924,21.761271267596044
2000-09-28,16.59229008151692,11.57184539917779,21.64995721517363
2000-09-29,16.380372760266653,11.047147032358282,21.729498708095264
2000-09-30,16.18509289282855,10.600169386042467,21.518181433497205
2000-10-01,16.311208027839655,10.973557989973642,21.55489641409372
2000-10-02,16.731051665808025,11.267753891403117,21.997884670475457
2000-10-03,16.97829736984727,11.288194022304253,22.428941648008333
2000-10-04,17.340545186628106,11.470502042485748,22.855528391237897
2000-10-05,17.832425082269367,12.248539633252278,23.265160009949398
2000-10-06,17.99716221680376,12.787370995434003,23.341249378375437
2000-10-07,17.975943289095312,12.923839421368996,23.253783006295237
2000-10-08,17.636160333887574,12.883021049108265,22.88552543271726
2000-10-09,17.034916806879664,12.295743154282263,22.23837971826987
2000-10-10,16.621147371509437,11.690917681187614,21.829412237583313
2000-10-11,16.54707825134551,11.501195823946489,21.733715688280597
2000-10-12,16.244534959613816,11.16113764717096,21.572543210800006
2000-10-13,15.737367292112879,10.583661461030204,21.180731147395022
2000-10-14,15.365996171727716,9.80967769834092,21.047443899166637
2000-10-15,15.287362082502284,9.042924675306153,21.18653521531104
2000-10-16,15.630725195161517,9.244300985072982,21.783348107006248
2000-10-17,15.903066840806162,9.761548837917701,21.812808122810736
2000-10-18,15.651252900994336,9.900800482481202,21.435136769493397
2000-10-19,15.977417631154424,10.078922449537515,21.714728871810053
2000-10-20,15.701957172259142,10.189807768435628,21.419565346087552
2000-10-21,15.58236438288992,9.676528587879943,21.61820787593365
2000-10-22,15.250120554931073,9.585425358523878,21.063966657033518
2000-10-23,14.655885647470825,9.28888088169964,20.228815122437652
2000-10-24,14.453951455128447,8.739880507674059,20.175448261380666
2000-10-25,14.401063615708665,8.358302662816243,20.329052020399956
2000-10-26,14.20430857058642,8.07109457728916,20.11291428601362
2000-10-27,13.523665382453032,7.623567098634226,19.245057672386963
2000-10-28,12.898539737569081,7.081181374659309,18.533877639817945
2000-10-29,13.178900003473188,6.86772460739769,19.23828403768607
2000-10-30,13.560326158458622,7.357486916029245,19.751110117305586
2000-10-31,13.643111184990403,7.386114566186222,19.630293780140732
2000-11-01,13.558869421934446,7.450651514535934,19.37604191817951
2000-11-02,13.432666924589682,7.492755754950906,19.16707545096375
2000-11-03,13.130564757532113,7.220860758277183,18.949366602463897
2000-11-04,13.532585985608137,7.3871869027187245,19.508168158514593
2000-11-05,13.296153894460076,7.60929277509365,19.135453748719158
2000-11-06,13.064772501138066,7.388689283092731,18.71489520793756
2000-11-07,12.949501408202536,6.964325224561719,18.828861584109745
2000-11-08,12.931626185554535,7.006227474611251,18.910512589131656
2000-11-09,12.64024065402208,6.48614198984211,18.66666682850854
2000-11-10,12.616190266533295,6.439636060607711,18.46492146854166
2000-11-11,12.793361066474745,6.936727428790107,18.759426130018085
2000-11-12,12.31273737525936,6.58442219881033,18.207152270747827
2000-11-13,11.497820909163693,5.773733258559332,17.166285029280857
2000-11-14,10.60432938400038,4.554984634912103,16.52559493677586
2000-11-15,10.544386267296034,3.966753365526529,16.882244877694802
2000-11-16,11.08791611611656,4.757121241690754,17.364806257718158
2000-11-17,11.219752046387441,5.124371137794071,17.25715779407045
2000-11-18,9.889750235892052,3.82529817665079,15.773889593063359
2000-11-19,8.523705207974672,2.731228079541779,14.245198600534195
2000-11-20,8.728226962929284,2.325051097868254,14.886982415209332
2000-11-21,9.605762628336379,3.5091155544193384,15.441292296058975
2000-11-22,10.131066754123765,4.4955832429332645,15.809847439828559
2000-11-23,10.247588874179542,4.771934010404436,15.92227726006331
2000-11-24,9.865104468117352,3.9929068724883336,15.861056128234054
2000-11-25,9.284523349841947,3.2237568663700813,15.506899426002747
2000-11-26,9.249944079924035,3.221670800773154,15.325352262134004
2000-11-27,9.265991622858223,3.5537148626974044,15.10178712051436
2000-11-28,8.313595338937205,2.3972803728646,14.008150865719756
2000-11-29,7.392778081698623,1.6439649736207116,13.118374889124823
2000-11-30,7.182905213515426,1.6406461631798948,12.847357308622804
2000-12-01,6.154297563930982,0.7090788024522112,11.908547833803539
2000-12-02,6.028621002941463,-0.4622036684350519,12.166882890296222
2000-12-03,7.0537329224799805,0.2818258497430861,13.736851936746177
2000-12-04,7.318547084583145,0.9495847624739895,14.028327695153507
2000-12-05,6.966457676892219,0.38601374358677276,13.68427501902579
2000-12-06,6.613780684176504,0.04976309094422504,13.38622495885437
2000-12-07,7.013410264860568,0.33858970030183855,13.840378488708438
2000-12-08,7.0124092787331165,0.6192914865769694,13.622150117202068
2000-12-09,6.692415254417142,0.36669414365752573,13.334978675850039
2000-12-10,6.78481865105266,0.5579226334892269,13.094401422226326
2000-12-11,6.0900200086018685,-0.3531042553395878,12.382308866789913
2000-12-12,6.069286102048636,-0.907260680684999,12.78439460961323
2000-12-13,6.836932851601546,0.17595386189549345,13.693053235832508
2000-12-14,7.094332976884857,0.5045084983011634,14.000733114003594
2000-12-15,7.4991343175199745,0.9473947605028457,14.107475524030292
2000-12-16,8.533229429413893,2.109904091021747,14.987684815605348
2000-12-17,8.920507161218325,2.6857101257044746,15.457167963356028
2000-12-18,7.922724915830486,1.3924212328840326,14.67772090280289
2000-12-19,6.731393831479977,0.33033057717744896,13.553641189385644
2000-12-20,6.474197757329989,-0.017258905540018077,13.563217561663123
2000-12-21,6.867347225544165,0.006629031148349895,14.016623609166402
2000-12-22,7.576051014300049,0.9143937974075129,14.789427373480521
2000-12-23,7.714475893110716,1.006569054629665,15.029074748763946
2000-12-24,7.33533243756483,0.7086760900946274,14.52092874815412
2000-12-25,6.907674529283781,0.3229525357335774,14.036059704762522
2000-12-26,6.686514396391317,0.1898236960253712,13.647511339027858
2000-12-27,6.708258069445037,0.22416549997564061,13.55418701511843
2000-12-28,6.74947027265398,0.6773268039629556,13.127837284470615
2000-12-29,6.552620114915271,0.37417127106670023,13.006462493616425
2000-12-30,7.232451406153416,0.7709439187945009,13.422801119179269
2000-12-31,7.557057209355207,2.184660431202815,12.819287802348754
2001-01-01,6.505405188084353,1.3494873083231482,11.603485018800427
2001-01-02,5.517809662260333,0.10648622400316299,10.940627884788853
2001-01-03,5.075383226840017,-0.6447523923422409,10.879694526703247
2001-01-04,4.402035256823012,-1.2037533470116273,10.096183137721425
2001-01-05,4.034901382184785,-1.932782014595091,9.992957518111666
2001-01-06,4.85468957649465,-1.3730772713855686,11.1093440921357
2001-01-07,4.663436409865426,-1.35575774096543,10.754146648304186
2001-01-08,3.8853808461706194,-2.061771339726704,9.95897940541687
2001-01-09,3.905011965374058,-2.39621877354341,10.310576764217217
2001-01-10,4.446805395946228,-1.9057731140792384,11.070415072557807
2001-01-11,4.802858869342344,-1.7532864349760189,11.42204782899114
2001-01-12,5.060477669549016,-1.4939931335847518,11.576437002541638
2001-01-13,5.241997107532768,-1.1891671985460448,11.816461407346594
2001-01-14,5.178355019950914,-1.4106931440342123,12.021811447007167
2001-01-15,5.605721344052768,-1.094987192538042,12.549634463839368
2001-01-16,6.063983120210935,-0.5360519062253957,12.689567698313795
2001-01-17,6.6151286040898185,0.19035734420288009,13.062404999244734
2001-01-18,6.690654306355668,0.4243769419580872,12.970048615052917
2001-01-19,6.9991995326555525,0.40536154933755597,13.649434992191516
2001-01-20,7.097089833102473,0.6257167459966126,13.657762545142191
2001-01-21,7.166765662560522,0.6450515124110439,13.576740215925497
2001-01-22,6.5764245123951355,0.5303791886694853,12.543824458758422
2001-01-23,5.785459967209476,-0.20133502498043754,11.775972800683121
2001-01-24,5.400907108613012,-1.285020123310062,11.953600023650154
2001-01-25,5.628771892646114,-1.1408252473128186,12.456510648772905
2001-01-26,6.2904283007043205,-0.6158925837669358,13.416381740969882
2001-01-27,6.690953885433146,-0.21987655564493025,13.84324487255418
2001-01-28,7.567038722171617,0.45676523894752563,14.731424438388103
2001-01-29,8.656624324915242,1.478841114569775,15.675536132203206
2001-01-30,9.16099683213156,2.3253790683338593,16.03044762068936
2001-01-31,9.030415940871592,2.3352627539549076,15.799166128599495
2001-02-01,8.520695771734722,1.9763615204486769,15.282341618787541
2001-02-02,7.702231383631329,1.0316566410530186,14.479388009781474
2001-02-03,7.341852302115058,0.5890489924970552,14.203553814163342
2001-02-04,7.296152763734483,0.6517394759604258,13.907863656177483
2001-02-05,7.159161041401603,0.5381134669425478,13.679070318616539
2001-02-06,7.3531267912265434,0.27964745248283407,14.288717265039224
2001-02-07,7.993331304934941,0.6811131037732707,15.227516841669399
2001-02-08,7.978913022047095,0.7294974209556813,15.306069500230365
2001-02-09,8.23412224734119,0.6182944793209231,15.652552672582999
2001-02-10,8.682133987020336,1.1577101779251393,16.079059529223457
2001-02-11,8.359281590000137,1.2851382786225827,15.36932773655252
2001-02-12,8.427597780246401,1.0913335029559335,15.470404851826345
2001-02-13,9.102347843856649,1.626539550302084,16.05033799275907
2001-02-14,9.97394248038728,2.936709370947028,16.654068306023987
2001-02-15,9.97951976192087,2.9776965393863293,16.466299627203625
2001-02-16,10.117344347094672,3.1958896496078637,16.455795138395445
2001-02-17,10.578027439550397,3.7685109626146414,16.91920974377183
2001-02-18,10.533886220186389,3.8575477776264506,17.017047212303737
2001-02-19,10.353101366209842,3.744160272176032,16.754381767881796
2001-02-20,10.463243118495598,3.6498897546069884,16.95185189971494
2001-02-21,10.067461351536792,3.375026248606673,16.389841830968066
2001-02-22,10.103236513892341,3.133138137135518,16.3923674424978
2001-02-23,10.855354547068373,4.048970809627519,17.2305897803181
2001-02-24,10.896669789450755,4.499460771023166,17.17378342302635
2001-02-25,10.443370136229873,4.339876524783108,16.49120411027286
2001-02-26,9.504040129753434,3.2124342346725143,15.59582137161641
2001-02-27,9.42285897313343,2.4931310142906113,15.84312017601161
2001-02-28,9.975783243099386,3.031097645223042,16.486568182923236
2001-03-01,9.673028851640652,3.213509877119634,16.0329131506237
2001-03-02,9.611330623600224,2.925895717761989,16.11347780732774
2001-03-03,10.374362474977602,2.8968361825467923,17.210881999780383
2001-03-04,10.508845246185217,3.6586893460935244,17.138010349031447
2001-03-05,9.898404691761186,3.2316160601153,16.32672671347416
2001-03-06,10.116137812108377,2.6789500677791693,16.70271735403645
2001-03-07,10.614799159223537,3.2465831507412872,17.325805426244017
2001-03-08,10.91361194444653,3.678215166719383,17.52873315477683
2001-03-09,11.083982515396997,3.965759929161777,17.69587803734788
2001-03-10,11.207194250022269,4.204481259830516,17.722731620762602
2001-03-11,11.709847041791818,4.3167782361078935,18.360478794242795
2001-03-12,12.173898732788473,4.842376500293369,18.800124757076674
2001-03-13,12.255713170013792,5.503749497670071,18.616406660605037
2001-03-14,12.321237215589463,5.679378640492928,18.369707192600572
2001-03-15,12.296530839995796,5.697262083583382,18.342908849911908
2001-03-16,12.30364225429804,5.670675339052991,18.463865140625046
2001-03-17,12.428291823841278,5.544959300646951,18.828068118675276
2001-03-18,12.825116126295256,5.418370919828703,19.26683797638549
2001-03-19,13.479924645686367,5.822091410076268,19.9126547045621
2001-03-20,14.054766870740707,6.94363062565634,20.3307670207966
2001-03-21,14.028379897901345,7.55565523686812,20.18199913462024
2001-03-22,13.81122847757382,7.440277689482116,20.016758570505544
2001-03-23,13.190824876712895,6.795411367176996,19.20599965916216
2001-03-24,12.87604730862978,6.0616023567257,18.970698705717098
2001-03-25,13.108741832541853,6.114767922990552,19.539953629528895
2001-03-26,13.610467279182217,6.370472352078423,20.222886474759946
2001-03-27,14.281845510827964,7.094075010865254,20.753399360607887
2001-03-28,14.563350993490019,7.534178724688502,20.7341091179307
2001-03-29,14.457183025969925,8.406223965126856,20.415320936842647
2001-03-30,13.858707146590746,7.873157628375452,19.771834442301895
2001-03-31,13.763098062751055,7.280657581348692,19.70074301696428
2001-04-01,13.779064966422766,7.0318791541538985,19.947998702930136
2001-04-02,14.102613567591504,6.876345442452816,20.34209478274721
2001-04-03,14.558528390026765,7.197693476842744,21.05948448176281
2001-04-04,14.696172111721808,7.245330862269839,21.357261034386227
2001-04-05,14.997066000690666,7.382655084856367,21.707506658368686
2001-04-06,15.74942461272667,8.188542725689615,22.330518306588488
2001-04-07,16.70256253874942,8.871539645122084,23.53440538618122
2001-04-08,16.781500662069334,9.345590709958742,23.58603283731634
2001-04-09,16.172301993380984,9.352018926541291,22.6534924952947
2001-04-10,16.160292410126544,9.240204251352338,22.659482982198938
2001-04-11,16.45217198822388,9.691579958029422,22.90008506850569
2001-04-12,16.22329226579052,9.607417650347656,22.383571440143726
2001-04-13,15.61547524740763,10.087150859867506,20.931000389565668
2001-04-14,15.757049637224213,10.207891540774028,21.073823801516653
2001-04-15,15.870465006629331,10.362585428361626,21.294719222826643
2001-04-16,15.816638621119353,10.181900606835313,21.331817922660775
2001-04-17,15.545761108108024,10.161958071422589,20.866203596602077
2001-04-18,15.41667168666595,10.065530019943424,20.67334380619127
2001-04-19,15.44743607782874,9.85953826404517,20.767778860182943
2001-04-20,15.890409891792785,9.665247852148752,21.330890112838574
2001-04-21,16.140251678506672,9.70204615086152,22.031112950101033
2001-04-22,16.328134493157222,9.164255931679804,22.56252005398153
2001-04-23,16.773440729517063,8.997364056124809,23.3174684636013
2001-04-24,17.740964786517736,9.935407307577805,24.411637646639008
2001-04-25,18.148688376259713,10.760617393070845,24.714317456780805
2001-04-26,18.287167661665478,11.215747617496788,24.639230751999094
2001-04-27,18.337937989126544,11.415534982206395,24.760194858440116
2001-04-28,18.359103483832996,11.328478060989653,24.870573720621508
2001-04-29,17.69937503081252,10.848407869945106,23.986356601840328
2001-04-30,18.138010264626303,10.817664207481414,24.677066193493545
2001-05-01,18.9483326176603,11.815701766230688,25.39806979301767
2001-05-02,19.19245162020195,12.597486021230623,25.32480849859803
2001-05-03,18.855686052384783,12.463476951701125,24.864317975869596
2001-05-04,18.94860676686619,12.528867080489476,25.069703359949756
2001-05-05,19.532859040136998,12.845517838549483,25.886296898924513
2001-05-06,19.44301318652299,13.242509331720385,25.520054250089117
2001-05-07,19.01110970670379,13.138556814252752,24.82428751165952
2001-05-08,19.08826934844302,12.918891263758894,24.841497609937335
2001-05-09,18.987458173013295,13.016398387878553,24.72580419128286
2001-05-10,19.563793263237017,13.293637495954783,25.58911928459679
2001-05-11,19.909785346978424,13.506461112480565,26.0566543166334
2001-05-12,19.89760693271637,13.58903338842623,25.888211261156812
2001-05-13,20.00761132248573,13.708594392870168,25.907678840234553
2001-05-14,19.94603326195869,13.927707165149116,25.646616176563953
2001-05-15,19.72572074250263,14.342271687670404,25.114010202149757
2001-05-16,19.050598880704,13.930517297857023,24.351763242853394
2001-05-17,18.452824502855492,13.499471328682262,23.70610506856633
2001-05-18,18.221865919358777,13.154759112779061,23.24325405945251
2001-05-19,18.458759477695253,12.961292905021082,23.6607251452823
2001-05-20,18.632359857806648,13.342223838044731,23.811699366781056
2001-05-21,19.288615436771863,13.885300792017404,24.491179458398676
2001-05-22,19.65875690130588,14.352870963477528,24.798670727377385
2001-05-23,19.993561209891823,14.540534243324885,25.30097374600257
2001-05-24,20.34775490133501,14.736670419397115,25.823997463108867
2001-05-25,20.141061197438034,14.810903844313543,25.498355899117882
2001-05-26,20.01594426315387,14.668494254949223,25.276508318479216
2001-05-27,19.596732203747422,14.323939684944264,24.732406139120712
2001-05-28,19.17506400528731,13.715418577460582,24.312136568122128
2001-05-29,19.095056585895236,13.935922381115745,24.16899879692528
2001-05-30,19.137795904279756,14.324982583629605,23.869983382758903
2001-05-31,19.57813544471071,14.538420850503371,24.434442813134865
2001-06-01,19.71138265697391,14.552250666364841,24.656944561506634
2001-06-02,19.734151264795287,14.529565277321979,24.780744545230107
2001-06-03,19.5281730028305,14.818525796299525,24.355058184096947
2001-06-04,18.70247366994215,14.906612268247272,23.06146092989485
2001-06-05,18.51542482564895,14.650596761552777,22.74163026999514
2001-06-06,18.95917286009012,14.597884930137923,23.564692636720736
2001-06-07,18.89362191708892,14.405182341378463,23.61169789348577
2001-06-08,19.160316193799872,14.494447793024904,23.765612412982478
2001-06-09,19.411087481409197,15.038705489585254,24.06825901964146
2001-06-10,19.686519052116637,15.109254553163737,24.332055639198984
2001-06-11,20.133246621304068,15.209444758752909,24.793549962273516
2001-06-12,20.46693931201503,15.707680311918182,25.00923098312029
2001-06-13,20.120221031282654,15.777549968830897,24.565990711872644
2001-06-14,19.206850301573922,15.474862682317905,23.284603389388963
2001-06-15,18.48829526443393,15.12862657770944,22.2079788736786
2001-06-16,18.54366966085007,15.232000509130899,22.283144467557747
2001-06-17,18.85309739154883,15.466387575511533,22.74431859893957
2001-06-18,19.235111534171324,15.477458878913296,23.293866333349058
2001-06-19,19.27813790087174,15.536784706688309,23.312813564955945
2001-06-20,19.549570866235854,15.709491229534706,23.759929933021056
2001-06-21,19.84706352069037,15.932004452920864,24.129732875683374
2001-06-22,19.889139478547747,16.07741640785042,24.08837503054457
2001-06-23,19.86666445358577,16.285452527736652,24.047340135813954
2001-06-24,19.92698014165535,16.26526838567412,24.03401782295498
2001-06-25,19.92999318078421,16.165800123058034,24.168331697422957
2001-06-26,19.73122305187502,16.156053397939104,23.8495416460903
2001-06-27,19.559641056650264,15.628844924723808,23.661244847282205
2001-06-28,19.661129616510834,15.355527494926037,23.914836039040097
2001-06-29,19.961990331689776,15.58853239510313,24.20762548985624
2001-06-30,19.857934526633358,15.780121752550656,23.944328805420525
2001-07-01,19.720842884580748,15.822652244309552,23.62943197606205
2001-07-02,20.100503588250263,15.956831526526855,24.354964114982522
2001-07-03,20.175033565983256,16.106213664776362,24.41378883665601
2001-07-04,20.342945153739947,16.408407218518335,24.513058051146402
2001-07-05,20.64547590840823,16.65044973588539,24.85872176324108
2001-07-06,20.901325284306267,16.977899891646985,25.17624637576455
2001-07-07,20.963064270767973,17.041770899913672,25.299407955380957
2001-07-08,20.590593921206732,16.896929280440588,24.79787949399207
2001-07-09,20.092250464212214,16.726895093700307,23.97045766994853
2001-07-10,19.99122045407671,16.679403990131505,23.810812173118165
2001-07-11,19.921276158775584,16.618552267470818,23.644058031223324
2001-07-12,19.82845889090993,16.58995705419443,23.570587430419778
2001-07-13,19.808452759340298,16.640744459673613,23.537078713930157
2001-07-14,19.75992794387048,16.53881142956959,23.478230462772217
2001-07-15,19.531795542022508,16.445057204768148,23.269163587674484
2001-07-16,19.301197960306126,16.344806506318037,22.932081477304507
2001-07-17,19.316596445706978,16.38980147269001,22.916594006506102
2001-07-18,19.882648051384194,16.383730133044253,23.811121948596394
2001-07-19,20.23645253311014,16.442136610868488,24.174375800691166
2001-07-20,20.304013949959028,16.44112237879534,24.17370547142815
2001-07-21,20.369887824482134,16.547061119915384,24.18277390857952
2001-07-22,20.38009663866825,16.733142772851068,24.344412240478505
2001-07-23,20.30702036893541,16.721137703496254,24.43917153353169
2001-07-24,20.053122803424287,16.768065117136075,24.13539926056859
2001-07-25,19.924338781596646,16.871119287982935,23.793373017435215
2001-07-26,19.803610637978807,16.74525904061693,23.608513512323213
2001-07-27,19.864492155748167,16.755376012939678,23.622570561051532
2001-07-28,19.86758306547813,16.614692492301515,23.820064658074784
2001-07-29,19.694241271763417,16.41155034914715,23.555720526586413
2001-07-30,19.781875803391074,16.36714344670071,23.722996511223926
2001-07-31,20.117896131136263,16.293618983728095,24.339552407688984
2001-08-01,20.183574075444028,16.3693085691786,24.333793492157213
2001-08-02,20.12402870684531,16.45782827658462,24.28514751906414
2001-08-03,19.937309666568524,16.42429040320735,23.894505722220003
2001-08-04,19.817278150955076,16.50801694002206,23.756708180800842
2001-08-05,19.723161533414384,16.37180305115669,23.632012034721868
2001-08-06,19.531761387842266,16.113575377387008,23.509402439785845
2001-08-07,19.33901322823567,15.897492152658913,23.230492305913856
2001-08-08,19.629191490409653,16.020267927124223,23.693285077743155
2001-08-09,19.70181330568198,16.332288672689117,23.739021589569006
2001-08-10,19.7648949946593,16.547282017293128,23.650255285435662
2001-08-11,19.841597141140937,16.679072808231865,23.728075865675976
2001-08-12,19.90084390223018,16.52176540642472,23.801454413025283
2001-08-13,19.985209966845673,16.44831617646213,24.018751147698993
2001-08-14,19.859510967087886,16.509905779711346,23.6765820357478
2001-08-15,19.83619402742937,16.53830050657973,23.705207309826392
2001-08-16,19.777153191952948,16.564896635908667,23.555416564910843
2001-08-17,19.62833473749197,16.32440894134379,23.478419318514227
2001-08-18,19.441655446034304,16.124968240394253,23.265003456505497
2001-08-19,19.70465785436761,16.24427604965439,23.626295161794076
2001-08-20,19.781153703386224,16.412225075057506,23.65481169686109
2001-08-21,19.46978584069319,16.22938042824427,23.370161865493913
2001-08-22,19.228518529555743,16.042367218250206,23.12331155288797
2001-08-23,19.083718531326213,15.843393606424684,22.969975662335173
2001-08-24,19.02092616107302,15.608477681677755,23.07055651641417
2001-08-25,19.06266545728289,15.350570661094139,23.311880707064063
2001-08-26,19.244081462019324,15.346274928745231,23.63113541112699
2001-08-27,19.315132123154797,15.350953490167285,23.68796938021785
2001-08-28,19.238914094497204,15.272960309985194,23.573429324223696
2001-08-29,19.03397167137763,15.02881724258225,23.364191834800238
2001-08-30,19.02080979108308,15.026338769027404,23.27118179216194
2001-08-31,18.93244547301532,15.12654311817488,23.095212840681597
2001-09-01,18.964144633026706,15.19594121690119,23.191665385967838
2001-09-02,19.068595348603367,15.028306270980238,23.388003628819888
2001-09-03,19.349156904226618,15.145386751680235,23.725722972575
2001-09-04,19.19118304921443,15.337430476074871,23.543578775220112
2001-09-05,18.82657714252889,15.061759557918947,23.200886898736144
2001-09-06,18.54118666517411,14.441331831414743,22.921007031484407
2001-09-07,18.898004020911173,14.605545518578538,23.348767383230552
2001-09-08,19.10487252013263,14.894187988331055,23.603940446451816
2001-09-09,19.170354082729375,14.852075000643936,23.84282169832011
2001-09-10,19.00702561812102,14.8307863389756,23.67455969947946
2001-09-11,18.73335451588497,14.613611532685638,23.32214781344601
2001-09-12,18.57087508931346,14.520320389659389,23.15324781793396
2001-09-13,18.53499339393079,14.512949081062516,23.21519994718699
2001-09-14,18.44554908497497,14.273806891977017,23.21083550827791
2001-09-15,18.44692705235093,14.127436820837602,23.225684212238946
2001-09-16,18.44751291613511,14.091292698043219,23.32694904000175
2001-09-17,18.172361606190407,13.676032774224154,23.062673405874875
2001-09-18,18.008633762244983,13.438238454159091,22.94494893374292
2001-09-19,18.151719497592012,13.442616306016589,23.215778057486602
2001-09-20,18.301397232271086,13.512830565415811,23.350981811449287
2001-09-21,18.639674236785254,13.619170674922202,23.769309517534055
2001-09-22,18.761621691986136,13.776981325461065,23.97703518150786
2001-09-23,18.631664945959756,13.80159138517564,23.812887095939118
2001-09-24,18.475359763616268,13.663754716162316,23.666344335346196
2001-09-25,18.330996403747804,13.588851754945608,23.552012597635837
2001-09-26,18.20461498272573,13.436673799848734,23.315600438394654
2001-09-27,17.972430570153335,13.041094813244285,23.222957934863302
2001-09-28,17.74318540533119,12.531212324937258,23.003395153724966
2001-09-29,17.911768406218982,12.779379220631995,23.053710516840965
2001-09-30,17.736425320284354,13.216184542055885,22.617872341847317
2001-10-01,17.210918216690402,13.088890119946484,21.698066351427315
2001-10-02,17.001143148326094,13.022049663151563,21.346012125616937
2001-10-03,17.087684996671896,13.097199449998925,21.381596070718103
2001-10-04,16.96092575412115,13.177998162031088,21.327118263395562
2001-10-05,16.70635228009428,12.493232125715679,21.255999333516513
2001-10-06,16.713946038931113,12.123297711275654,21.536196895830017
2001-10-07,16.933230602166418,12.06867117820201,21.81428300059929
2001-10-08,17.257556161538048,12.319980431015608,22.292109990090182
2001-10-09,17.24248770065992,12.322304946203076,22.422521252744104
2001-10-10,16.806046760596985,12.215745404130018,21.895144614065657
2001-10-11,16.18943552904915,11.894204643634907,21.149982057012153
2001-10-12,15.829555598249783,11.038798841630353,20.961525956083335
2001-10-13,15.376978385046755,10.577206007168058,20.417345886756664
2001-10-14,15.225641793256727,10.199243089529148,20.302956819049314
2001-10-15,14.976170564148902,9.815489630897503,20.2317527025412
2001-10-16,14.937953433213636,9.61691822024784,20.355951843312653
2001-10-17,14.510022531076345,9.504853629470574,19.734014331758715
2001-10-18,14.362018391080653,9.138433956378208,19.63097402650368
2001-10-19,14.517647053883366,8.975915506653052,20.059097306407068
2001-10-20,14.492402296835962,8.561060993708395,20.301653554211896
2001-10-21,14.552599841193512,8.542826635094741,20.403016129530613
2001-10-22,14.704374138090543,8.75221929778155,20.506045882149635
2001-10-23,14.726076270506269,8.834401416728383,20.423714843535322
2001-10-24,14.407203464461077,8.347201333863723,20.188474865412616
2001-10-25,13.906405982772924,8.033898466726896,19.79832661641359
2001-10-26,13.906028093776968,7.788314423012594,19.782670200078655
2001-10-27,13.949571816479931,7.923557116157895,19.872732227147196
2001-10-28,14.269786340500161,8.384738852063947,20.15462685091984
2001-10-29,14.253177109051421,8.709066554753747,19.80906805209753
2001-10-30,13.962078182164419,8.724087947962857,19.217447291469966
2001-10-31,13.867818009012638,8.616676950831732,19.167480561455022
2001-11-01,13.953947353707406,8.383908158318832,19.43849242352121
2001-11-02,14.123638770328682,8.579915116600773,19.88877118814787
2001-11-03,13.57288328676384,8.272040821100518,19.04032040725326
2001-11-04,12.800188673322225,7.30263491029126,18.358902750048458
2001-11-05,12.59094235084882,6.950012735077735,18.149333937180018
2001-11-06,12.204163605922531,7.027966272293838,17.561537405621493
2001-11-07,11.45169672460446,6.591769092921197,16.51948865251495
2001-11-08,10.874607605228675,5.761202838463305,15.9556906930016
2001-11-09,10.554076127459325,4.815727806205359,16.192393099025537
2001-11-10,10.33212995801307,4.628852880244381,16.120770266754562
2001-11-11,10.65932462275515,5.055893464610961,16.19678541841654
2001-11-12,10.748651487996312,5.177482297203255,16.428114347769224
2001-11-13,11.137127553191931,4.884835927629922,17.184406252156464
2001-11-14,11.733044791646307,5.569313059515025,18.033181131513118
2001-11-15,11.821587402132934,5.830325583924548,18.01476515824129
2001-11-16,11.517521541385065,5.935186322200991,17.49705752467878
2001-11-17,11.24727373895081,5.637537823144726,17.050120454338128
2001-11-18,10.84372673987815,5.084589870764717,16.826526372717353
2001-11-19,10.758620580639672,4.769262350553731,16.857014895718464
2001-11-20,11.021266785839657,4.876024056789845,17.29012759705023
2001-11-21,10.81994766423054,4.979015224144973,16.89684846839475
2001-11-22,10.370398217112893,4.650363597667479,16.372107181962235
2001-11-23,9.804785093883822,3.75128388257707,15.858305592881948
2001-11-24,9.612141192264062,3.3726123486915753,15.829204355315483
2001-11-25,9.864907208987404,3.631645019396103,16.272371591110755
2001-11-26,9.859364377419126,3.7515237451638654,16.074040487835873
2001-11-27,9.589486385579619,3.742268745916249,15.426321468299932
2001-11-28,9.073953548179645,3.4958047401412387,14.766564853269529
2001-11-29,9.039869074631099,3.2277757811403944,14.878743155882603
2001-11-30,8.926178991462052,2.7936504976690344,14.951005288256226
2001-12-01,9.137368491417817,2.9407210033695037,15.391371287238144
2001-12-02,9.032332953661353,3.038103710708242,14.951953201530443
2001-12-03,9.873803594300739,3.771638340350364,15.888183922622602
2001-12-04,9.534975165773972,3.5959836545266057,15.632440870165283
2001-12-05,8.83201376973642,2.8937823317627362,15.008525811942889
2001-12-06,9.010252418969117,2.8211098120306133,15.176523907745434
2001-12-07,9.12650519138623,3.059106466697301,15.25506804461287
2001-12-08,8.296459892823464,2.4279731916064407,14.227188257041803
2001-12-09,8.283445382262641,1.8923942776009994,14.646166755869672
2001-12-10,8.440726584308322,2.593316320401641,14.543298638517285
2001-12-11,8.011409050028476,2.463189870354256,13.851479417908081
2001-12-12,7.735470751314608,1.6473019835052582,13.907256585637867
2001-12-13,8.293856374073812,1.904408981757058,14.573142438672619
2001-12-14,8.817687874408705,2.9355035253024084,14.667654029994367
2001-12-15,8.125113945181056,2.4339024009985337,13.724738690097524
2001-12-16,7.353301856539758,1.7197083931362727,13.15046726792366
2001-12-17,7.474204748507873,1.6229144428039035,13.343734116469932
2001-12-18,7.7333044738280705,1.9439912471146386,13.8082319907586
2001-12-19,7.042872730897557,0.8105587858028684,13.271712490604159
2001-12-20,5.974787816153423,0.04668194698837169,12.11016362850512
2001-12-21,5.580051607279813,-0.31410468002138714,11.806971223837763
2001-12-22,6.063564237346725,-0.036181619708997914,12.524204205219917
2001-12-23,6.394731005836832,0.30147453357278664,12.998304890541988
2001-12-24,6.505990216897146,0.5862359239369539,12.968565259604532
2001-12-25,6.6592778070646546,0.715242540529232,12.950782381185945
2001-12-26,6.83021216800239,0.8334166488463097,13.070917286142958
2001-12-27,6.37108939551058,0.22528547036733926,12.707833671123808
2001-12-28,5.937820062268258,-0.13526467844633316,12.389870752684828
2001-12-29,5.773340167660308,-0.2588980182549676,12.027743595852712
2001-12-30,5.528756836418722,-0.39956992309384987,11.775763252959734
2001-12-31,5.452914977229,-0.4909004524577085,11.689230536453067
2002-01-01,5.58490197377381,-0.6231595800608716,12.130570640208248
2002-01-02,5.462973750872834,-0.746120577604529,12.078514049655496
2002-01-03,5.336428793964558,-0.8446126430865206,11.940694034163869
2002-01-04,5.579319848599596,-0.752686548250324,12.137415093980735
2002-01-05,5.775805341416742,-0.419780096631996,12.34123542187308
2002-01-06,5.936365236303459,-0.08026407861592588,12.332246183356574
2002-01-07,6.223117732089122,0.3036078641567883,12.41054641828481
2002-01-08,6.080104612516777,0.2228359496085659,12.197433855012093
2002-01-09,5.884085301718869,-0.2848731632319641,12.100591380274466
2002-01-10,6.00786348469569,-0.4350159355076926,12.573973469393081
2002-01-11,6.251506071070992,-0.5330785731455308,12.906143213200266
2002-01-12,7.247509640978592,0.2860977452144766,14.007534410825599
2002-01-13,8.361846866188898,1.4968352229763013,14.853329108597507
2002-01-14,8.187596373556062,2.1737416390957947,14.239740551405589
2002-01-15,7.869336950481227,1.8476884090061958,13.688508218742015
2002-01-16,6.947275483364422,0.9178232730789659,12.826001991698035
2002-01-17,6.047264119592626,0.4376087230279495,11.836674077450425
2002-01-18,6.005053036592926,0.37423998580891293,11.61853519118057
2002-01-19,5.75079816197524,-0.10778386237552695,11.558102570479832
2002-01-20,5.820169221743527,-0.12167026372884493,11.683080973253539
2002-01-21,5.920173928226802,0.1028826500863147,11.946196234290426
2002-01-22,5.734304998950506,0.19629761378467947,11.644103972806533
2002-01-23,5.656841610776212,-0.13115566452586336,11.567592324253951
2002-01-24,5.316429470120113,-0.7476664397679542,11.431431056132737
2002-01-25,5.294846306104034,-0.9688165068899934,11.507047881713618
2002-01-26,5.078965759049083,-1.0474424434825664,11.155340409179928
2002-01-27,5.170760205560555,-0.8970075162494595,10.992435254243958
2002-01-28,4.607547583587916,-1.4131922225969902,10.269027838247325
2002-01-29,4.300525497573005,-1.8173670009479679,10.259141456852376
2002-01-30,4.2470673456271015,-1.9150349419269332,10.246047173265538
2002-01-31,4.897634270674303,-1.5699058315496472,11.270188702437224
2002-02-01,6.285610463628132,-0.651767920604243,12.891483200986556
2002-02-02,6.970609803884827,0.27352156104421965,13.509892627443321
2002-02-03,6.030008007728611,-0.30079234232874796,12.422711623209864
2002-02-04,6.112762528298447,-0.813320092315621,12.648923674772561
2002-02-05,7.327589601135401,0.5898665035043109,13.523256769148645
2002-02-06,7.7697962392416,1.7894358722879815,13.779826612862735
2002-02-07,7.505974496539807,1.8797925936410138,13.188018943845975
2002-02-08,7.295701255796928,1.6670818409020853,12.954193071461248
2002-02-09,7.289355745631042,1.1238241489371035,13.244945867459933
2002-02-10,7.420801875721452,1.2481709385142494,13.691692382722977
2002-02-11,8.174613662862896,1.757842693402381,14.160755674761617
2002-02-12,8.171462975827751,1.4982736141932378,14.22435780293307
2002-02-13,7.557121011937284,1.1006735484081105,13.824227619138696
2002-02-14,8.046357169486384,1.373851765840982,14.616964605932594
2002-02-15,8.673021701210416,1.742272777841265,15.424244747072123
2002-02-16,9.436632206803893,2.3421007086323016,16.022123681234973
2002-02-17,10.08041149715433,3.366101316591937,16.520926856191636
2002-02-18,10.014235049052104,2.9926706936900587,16.55206999058214
2002-02-19,9.756775351278577,2.967842083299729,16.201094561495836
2002-02-20,10.081439267871133,3.046486498027548,16.554026755244138
2002-02-21,10.002779248777244,3.2513858568526643,16.351233935109633
2002-02-22,10.393188662652562,3.4690558361668877,16.829847818471876
2002-02-23,10.650383402187742,3.797970782583832,16.978599337472133
2002-02-24,10.363665244241304,3.9177597646114464,16.61399294375468
2002-02-25,9.928282305171365,3.292903892729555,16.15014837388543
2002-02-26,9.315988211196213,2.8402619405941323,15.351713616754012
2002-02-27,9.459333135928887,2.669513449245528,15.8862203423231
2002-02-28,10.09660099316676,2.9925967433094343,16.34689601697255
2002-03-01,11.050539576568212,4.39221902844605,16.938345116085827
2002-03-02,11.278057432262074,4.995731373312481,17.192807674615608
2002-03-03,9.940243371272118,3.0697316490019375,16.149994876097992
2002-03-04,9.086466091137993,2.151453392245969,15.560965879056312
2002-03-05,9.212632289851513,2.1218342826085745,15.881705409179858
2002-03-06,9.14068414150563,1.8233780482816542,15.879473294775721
2002-03-07,9.703888080448337,2.2108174480208618,16.255804347382195
2002-03-08,10.591140379500644,3.942046246039581,16.74210076853052
2002-03-09,11.29459321477708,4.701562418434378,17.408281734002287
2002-03-10,12.096967048557588,4.8711239822001176,18.47982784924119
2002-03-11,12.158245368635164,5.186745514004599,18.586385594663852
2002-03-12,12.635504025053251,5.423184228466937,19.190043458002663
2002-03-13,12.688448896676903,5.945303788190358,19.037792988752358
2002-03-14,12.301889960149879,5.430855775399891,18.59515395663459
2002-03-15,12.155216140462755,5.137095205758783,18.587304662802808
2002-03-16,12.246866956712665,4.95693693789093,18.79634996528256
2002-03-17,12.860400247041525,5.291293764554894,19.66445906766461
2002-03-18,13.759914535466578,5.978690294621742,20.867930115855017
2002-03-19,14.589785912283503,6.739289445265911,21.72707978666972
2002-03-20,15.119452544953901,7.572538959543067,22.0656208413003
2002-03-21,15.084253665643473,7.940567755527923,21.724960087182694
2002-03-22,14.82496483484465,7.751147930456455,21.28392929906022
2002-03-23,14.861914988611034,7.688072192953371,21.378521382740757
2002-03-24,14.569283659186738,7.831105316017727,20.905511394062785
2002-03-25,14.284062463491637,7.589687682818294,20.586766581257734
2002-03-26,14.030261943726316,7.39436611859287,20.285600850798858
2002-03-27,13.814333568647555,6.948463699140291,20.177362448454005
2002-03-28,13.824863118425014,6.77774711068281,20.332671276164547
2002-03-29,14.206605355059992,7.029305012726297,20.897872263302645
2002-03-30,14.680501231770222,7.322801378480335,21.432289252728367
2002-03-31,15.40501451665483,8.197912740986567,21.997361805110586
2002-04-01,15.420294887977775,8.678870650657814,21.82906457631816
2002-04-02,14.695675352915032,8.159612071130994,21.079721269836227
2002-04-03,14.136789376005481,7.310523570180976,20.40353958632852
2002-04-04,15.11924897437234,7.668855731914505,21.59295937528475
2002-04-05,16.531384117999778,9.216137736249266,22.994449917362545
2002-04-06,16.73688396746229,10.077050570679262,22.930792296709797
2002-04-07,16.66868869953271,10.109239217332401,22.83889666312774
2002-04-08,16.315924184076152,9.958854266331059,22.453928302887107
2002-04-09,15.695183324422032,9.15003124225899,21.6929726319849
2002-04-10,15.23848795267179,8.639206791915797,21.31112183852281
2002-04-11,15.300143675126435,8.37627749920847,21.57964534560074
2002-04-12,15.843475816333068,8.45906885081024,22.429189259669272
2002-04-13,16.840389235394298,9.451062417957985,23.313478265062713
2002-04-14,17.597083896133654,10.723045246127754,23.63852521748828
2002-04-15,18.122788001358174,11.53523273186073,24.14940993291532
2002-04-16,18.096393004523406,11.58628112751677,24.050420604592034
2002-04-17,18.482714936576258,11.78884636220846,24.53454772517597
2002-04-18,18.396650767557787,11.434484549409717,24.617047266859572
2002-04-19,18.63993416234524,11.20519516316341,25.185729174759047
2002-04-20,18.844369266959916,11.735859032247731,25.316812849882524
2002-04-21,18.748225428722606,12.029449882552512,25.09326295575255
2002-04-22,18.751626115623708,12.06619905295861,25.018183592273147
2002-04-23,19.02624548106712,12.695909197239075,24.987482754397035
2002-04-24,19.002684099696637,13.011852945662383,24.90729848193456
2002-04-25,18.60027081517842,12.620325099596357,24.55415278304747
2002-04-26,17.978405824220488,11.321846314309767,24.071957835041246
2002-04-27,17.889867725451154,10.807390304660373,24.214877428758143
2002-04-28,17.934650017712954,11.26313276981682,24.08206358753978
2002-04-29,17.505223484424164,10.820215142912105,23.751228121239194
2002-04-30,17.567899766883613,10.487421319929581,23.81850485413122
2002-05-01,17.99235561852936,11.35107292536685,24.116765161121634
2002-05-02,18.30914697015976,11.681010784468356,24.48243232571184
2002-05-03,18.35170936482757,11.625294340224741,24.526154464148817
2002-05-04,18.54479367461761,11.688662004312164,24.631973543821175
2002-05-05,18.923717605713932,12.326073833658768,25.107717496005705
2002-05-06,19.12982661660078,12.455158887834614,25.28589418035392
2002-05-07,19.265031150615584,12.790351137018604,25.345830463414813
2002-05-08,19.69794924976776,13.163726698724076,25.833935738321543
2002-05-09,20.26526684768612,13.789643242021782,26.2782908301362
2002-05-10,20.36206445965979,14.260167956648672,26.360547097322126
2002-05-11,19.811354664449993,13.867781560760477,25.590103957715655
2002-05-12,19.989676565738534,13.511725096207783,25.781460574664834
2002-05-13,20.76704360349828,14.534685120749941,26.4953770205546
2002-05-14,20.904832844735154,15.062948946514155,26.73940921471126
2002-05-15,20.82731597370025,15.003978350211298,26.447251939583396
2002-05-16,20.979229233907688,15.17093575488883,26.597291927429524
2002-05-17,20.774490944389015,15.028886404700188,26.426140323992968
2002-05-18,20.530280802341963,14.830962597236748,26.181355179495142
2002-05-19,19.999295794011402,14.69414209719298,25.449771850745094
2002-05-20,19.759050233921357,14.009602750902445,25.417694498996525
2002-05-21,19.36677315068374,13.092848550443762,25.142201248604238
2002-05-22,19.461654495502046,12.856066134391654,25.326874834558055
2002-05-23,19.652125664344396,13.389223193989096,25.518831202096862
2002-05-24,19.67694870144709,13.577510833841984,25.631051877142454
2002-05-25,19.289018120851836,13.87624543984748,24.903381441601937
2002-05-26,18.784553519702058,13.730488645855132,23.970166360204303
2002-05-27,18.53942733701382,13.258634452445335,23.81022947816018
2002-05-28,18.475936739959877,12.994618604729055,23.683054147465157
2002-05-29,18.759193410984835,13.50103371897194,24.06418529250925
2002-05-30,19.347373518046652,14.068026287205498,24.496259281001528
2002-05-31,19.462950450700305,14.129673758928561,24.61103674277433
2002-06-01,19.73383787226254,14.348028253965367,24.98420682408471
2002-06-02,20.140423394307334,14.95941834697453,25.36350141480574
2002-06-03,20.18672601555693,15.219179301108795,25.21586223868752
2002-06-04,20.306313910408278,15.373855991128437,25.407970772522276
2002-06-05,20.415706353068288,15.48686537138559,25.68219334334924
2002-06-06,20.461215255039065,15.393997433979507,25.630931383684924
2002-06-07,20.49521589109696,15.161795373853067,25.68100497383432
2002-06-08,20.808170421619025,15.042414466312437,26.244850092053525
2002-06-09,21.36953860561681,15.724193241585056,26.851725471703844
2002-06-10,21.291640546697465,16.064256966230857,26.59570388545717
2002-06-11,20.948766108936468,16.162455860225123,25.91055432149659
2002-06-12,20.768780848305653,16.278106374349136,25.590696078773874
2002-06-13,20.892818531810917,16.46142515578117,25.69639645015542
2002-06-14,20.893423468313983,16.419194939118995,25.657763005083154
2002-06-15,20.832422992819033,16.40010759234741,25.64642273786052
2002-06-16,20.88090807774745,16.282657650679823,25.750122669248242
2002-06-17,20.612707761797708,16.235613090856248,25.36267065162548
2002-06-18,20.36693033661436,15.85445870620299,25.198826000864926
2002-06-19,20.148669035852947,15.774153373911588,24.838170002925267
2002-06-20,20.011771116098146,15.876285343222719,24.593859359089947
2002-06-21,19.88772571429422,15.606520926082226,24.369540797290597
2002-06-22,20.260619230620648,15.422492635898493,24.91416846179891
2002-06-23,20.803694190559384,15.951136189422016,25.61872505546296
2002-06-24,20.725586765412743,16.3443636204982,25.242564575770814
2002-06-25,20.681995387454606,16.511278235502687,25.132919341657043
2002-06-26,20.303119909437953,16.538179387649166,24.49041483601752
2002-06-27,20.54336459160146,16.753940907744663,24.75714179541592
2002-06-28,20.66360986429362,16.80439786521987,24.90953523652945
2002-06-29,20.78154673612522,16.780194893567568,25.03685220309802
2002-06-30,20.980242676224464,16.981210873532405,25.323253369251916
2002-07-01,20.829886305500622,16.97727322530261,25.00724719675344
2002-07-02,20.992282954002633,17.034656619250597,25.235299256701467
2002-07-03,20.89200015057412,17.04761416780582,25.03810363352744
2002-07-04,20.90475712061044,17.184911026953728,25.002840401836067
2002-07-05,20.898926111004926,17.270479691292678,25.065751470079306
2002-07-06,21.012133720893303,17.236246622665192,25.28895169556995
2002-07-07,21.372787176891165,17.28782589029555,25.80347902288929
2002-07-08,21.61161906800561,17.48767451402358,26.116114387945117
2002-07-09,21.683125650771387,17.646111355094888,26.20162403224606
2002-07-10,21.678809465520146,17.70981819551099,26.09673495376944
2002-07-11,21.856780926517445,17.761571187194306,26.41068796764108
2002-07-12,21.874002708317335,17.818186407199164,26.44180366481453
2002-07-13,21.838742276501478,17.864275041142434,26.360771519173113
2002-07-14,21.71898085543063,17.7131282990988,26.281172132421716
2002-07-15,21.646969390788684,17.579008612729126,26.1047341225962
2002-07-16,21.535127355032557,17.512516367719513,26.04466167508042
2002-07-17,21.15658373774437,17.43653144385263,25.42160675529493
2002-07-18,20.813419284438964,17.317817724953613,24.838651746650612
2002-07-19,20.78285097467966,17.26252319319275,24.848570531118753
2002-07-20,20.347194009289353,17.036973596098278,24.29288620348217
2002-07-21,19.793615273272565,16.7313663106209,23.37000998424537
2002-07-22,19.843494594470883,16.608245487136003,23.625050375983278
2002-07-23,20.110060600738677,16.63336353797962,23.97819260826867
2002-07-24,20.51376570077838,16.72863560328682,24.681371232026436
2002-07-25,20.46505353353092,16.723490940204726,24.69403284670227
2002-07-26,20.47703793215237,16.796390660003567,24.683417596000254
2002-07-27,20.58254149202486,16.875392127302632,24.763427314402804
2002-07-28,20.659380953837285,16.985427672451465,24.92557319517931
2002-07-29,20.660143843500578,16.91635916866329,25.03715599871464
2002-07-30,20.509341767288902,16.755184959018948,24.785701601979724
2002-07-31,20.65374509456558,16.737855705638594,25.019259935986724
2002-08-01,20.782694213820037,16.977044514448494,25.04074851032385
2002-08-02,20.84313433017826,17.131983784535976,25.08152130046659
2002-08-03,20.598636104133107,17.065769659112902,24.80572485415621
2002-08-04,20.412025657195386,16.90973003193045,24.562327540319586
2002-08-05,20.339896770689336,16.8948587427343,24.331780722717895
2002-08-06,20.474585121764505,17.072990433336713,24.526391908585367
2002-08-07,20.5443691447158,17.18218670666198,24.500666617238267
2002-08-08,20.425278251979137,17.048991138794918,24.388302396510653
2002-08-09,19.951395365320423,16.742676392353246,23.630732626248175
2002-08-10,19.73482811028225,16.462421575645806,23.4772146773833
2002-08-11,19.440174425484997,16.219112664863303,23.184762028349894
2002-08-12,19.117834738274155,15.965383394378136,22.5882737430112
2002-08-13,19.040934256085393,15.975933170460962,22.532761300531718
2002-08-14,19.296283315986557,16.010888126317923,22.961888321720892
2002-08-15,19.511856662076127,16.087157811614418,23.312493418489737
2002-08-16,19.480631742456637,15.995803107693007,23.43530611221297
2002-08-17,19.396824656176875,16.017197876849252,23.227741929023978
2002-08-18,19.465564378636827,16.09128514950862,23.387524667260436
2002-08-19,19.361021556717276,16.082101743895066,23.18045581295644
2002-08-20,19.22426714633599,15.919178123343443,23.119212507305065
2002-08-21,19.033309188489454,15.66315789397396,22.94601835973475
2002-08-22,19.068821617435162,15.651164876643804,23.003817768832448
2002-08-23,19.166800148654374,15.683285219173001,23.07270224818018
2002-08-24,19.161640876614058,15.700340854682395,23.065063322024912
2002-08-25,19.389257973804604,15.574085873690137,23.47039466588393
2002-08-26,19.539283439788903,15.562382302487094,23.707106574337956
2002-08-27,19.50887023574404,15.581611298487985,23.702092915468768
2002-08-28,19.43323821793598,15.707738430252846,23.669907115400065
2002-08-29,19.253519528040044,15.652375582183879,23.380691169074737
2002-08-30,19.23103897552221,15.66620016636648,23.31001629974253
2002-08-31,19.27669788222107,15.747639220225778,23.450464087100727
2002-09-01,19.145129059921032,15.67008618042837,23.292088146489903
2002-09-02,18.94784902388119,15.55750010439499,23.00976097060544
2002-09-03,18.78693933567928,15.39955249167582,22.84280717924713
2002-09-04,18.526255381307976,15.096516862501915,22.707887313569984
2002-09-05,18.412391333863525,14.725635244419209,22.682485774982524
2002-09-06,18.330082568542423,14.588865560488216,22.66656968388787
2002-09-07,18.346224369794186,14.353420485734034,22.709257810250563
2002-09-08,18.096305558098095,14.228765951525133,22.43007442136758
2002-09-09,17.800210062401675,14.011945600516015,22.122771715263752
2002-09-10,17.678089344927344,13.871484133049364,21.95774764807021
2002-09-11,17.778138106463075,13.906866457574779,22.081721895804776
2002-09-12,17.95608064496929,13.99494286651327,22.227307546025145
2002-09-13,18.18006810216889,14.195120976063151,22.569487451607756
2002-09-14,18.037607123587804,13.94824544225952,22.58579213209805
2002-09-15,17.88392690732644,13.621594037261957,22.564447611554442
2002-09-16,17.476041977710793,13.181159572846013,22.228148588256886
2002-09-17,17.126224639026873,12.803145283689958,21.706911805489483
2002-09-18,17.083975497197116,12.716867486885292,21.784303238380744
2002-09-19,17.347427992786265,12.66089937277053,22.145369474970607
2002-09-20,17.486077421242385,12.672610869735593,22.44235345225735
2002-09-21,17.29808708942477,12.51944036320782,22.21678711757812
2002-09-22,16.83793135628156,11.96740545179955,21.700442473418434
2002-09-23,16.560216342222475,11.834331701852477,21.370818198489133
2002-09-24,16.805174912756968,12.25609911529449,21.452464659804605
2002-09-25,16.69725983630815,12.531667417602023,21.205866514220816
2002-09-26,16.747097501486678,12.081288917878851,21.464414688511795
2002-09-27,16.7438646520381,11.841894328770366,21.670598190671683
2002-09-28,16.764474788707503,11.844243566189903,21.773322709390584
2002-09-29,17.02197687731058,11.905458782085816,22.226776863637383
2002-09-30,17.18153447658233,11.79720208575037,22.539122427677228
2002-10-01,17.404473166977937,11.704792049049331,23.006670034580395
2002-10-02,17.39576789616808,11.618599700346806,23.15768678547198
2002-10-03,17.247520657570647,11.521807263302378,22.98493150296406
2002-10-04,16.989824310138147,11.194867266052427,22.710090988221964
2002-10-05,16.715664933233654,10.883367365403615,22.408321622429014
2002-10-06,16.78671169907409,10.923135920873051,22.441632475845893
2002-10-07,16.801078832166013,10.993031201797237,22.42750513691658
2002-10-08,16.37977514331726,10.901852024949676,21.90684352862371
2002-10-09,15.926603772652697,10.447517620583483,21.358756702136134
2002-10-10,15.572047715912674,9.970474768038969,20.933256607369515
2002-10-11,15.3227351420702,9.933503115824351,20.596838153425495
2002-10-12,14.965214929070498,9.809761604892287,20.146348234916445
2002-10-13,14.874973306004506,9.73241308206758,20.056970311879297
2002-10-14,14.88448679718232,9.796125064779744,19.973572961244543
2002-10-15,14.992123104515429,9.925353147348744,20.014243392757862
2002-10-16,15.11817626678851,10.070808782998029,20.177974610701938
2002-10-17,14.960765290290169,9.950773412666365,19.927933405970236
2002-10-18,14.473172796433062,9.506390867945868,19.409906831145918
2002-10-19,14.019941877080726,8.772403686872792,19.24140437424802
2002-10-20,14.053240980652902,8.634631017980155,19.496472021793068
2002-10-21,13.377167190953344,7.969782473759551,18.740562752777407
2002-10-22,12.646730398386012,6.965800689715422,18.097953931195775
2002-10-23,12.637924076231343,6.676883686918359,18.364675789773116
2002-10-24,12.981099915407356,7.0341249307772955,18.655479091252516
2002-10-25,13.055135982939873,7.013842456091652,18.87029071502849
2002-10-26,12.98067068115921,6.910379617582919,19.01573915723577
2002-10-27,12.757517270791539,6.822475470561528,18.69457204698068
2002-10-28,12.440416894174291,6.343816968633064,18.410142521990338
2002-10-29,12.374598607369194,6.2926354627771275,18.388223498850778
2002-10-30,12.331884356564615,6.3173016111602465,18.25465678577035
2002-10-31,12.354735931078949,6.208882534802569,18.179647193866572
2002-11-01,12.205719156107648,6.472722597753204,17.86446536064807
2002-11-02,11.920288771933087,6.1242628890390165,17.716188490391858
2002-11-03,11.670545917136451,5.695603201521351,17.57330651498529
2002-11-04,11.36922776742017,5.406997937767358,17.287307143632745
2002-11-05,11.184317396858432,5.32298001589885,16.952489735065853
2002-11-06,11.159011828404175,5.3303668654748435,16.969905745744256
2002-11-07,11.480124683486736,5.757975665274557,17.093164438003043
2002-11-08,11.631897315537117,5.969551175129197,17.156026625109007
2002-11-09,11.54976815156948,6.1044027008384205,17.007371824546226
2002-11-10,11.474649570672796,6.339543308017539,16.84981314218288
2002-11-11,11.351915755882828,6.091386442811881,16.600238641085298
2002-11-12,11.149715479833787,6.341761682282311,15.879918045690488
2002-11-13,10.923884602812393,5.614556870765625,15.914944197329078
2002-11-14,9.991049261106582,3.94673676595977,15.740236314460788
2002-11-15,9.478243297306847,3.3724884482583093,15.678814752875496
2002-11-16,9.55316752167505,3.185857781473942,16.043347193007264
2002-11-17,9.761923798067016,3.4036538912656624,16.354188964304967
2002-11-18,9.973380853020615,3.6945975710347057,16.219654791031815
2002-11-19,9.540181480463616,3.276898100946198,15.583259577129752
2002-11-20,8.992804377497237,2.3701022916121133,15.381916621877906
2002-11-21,9.138325679952288,2.498689590595802,15.798371047605144
2002-11-22,9.737070544807978,3.4134907827900065,16.356601303942057
2002-11-23,9.996633402709847,3.601631117710383,16.414112084133137
2002-11-24,10.405055465033797,4.180754681627434,16.744429611055693
2002-11-25,10.119552727595874,4.038441380882546,16.441892173490714
2002-11-26,9.68844638856956,3.296937020770656,16.25592235233455
2002-11-27,9.707672794297764,3.241546111762318,16.381043888226145
2002-11-28,10.20298501915147,3.914131562886155,16.7998227623483
2002-11-29,10.105867070408976,4.139908153453064,16.5877934019054
2002-11-30,9.99031014632925,3.7425154083960024,16.436333596703662
2002-12-01,9.222212770249257,2.9075966388604684,15.475457915149832
2002-12-02,9.40812044258729,2.81172124424387,15.811318139300568
2002-12-03,9.773444736353667,3.751684909999369,15.974305208637645
2002-12-04,9.20597353737628,3.629710211410213,15.089542788978292
2002-12-05,8.758787622846853,3.1571069914357963,14.593250534289098
2002-12-06,8.31416208471478,2.5096811675767867,14.168849638142888
2002-12-07,7.785097350075546,1.9545648734804786,13.935795096953655
2002-12-08,8.03137405732889,1.9703105889732342,14.457590773912784
2002-12-09,8.152158316563373,1.9563888006398997,14.717256097866255
2002-12-10,7.983170329191466,1.7111932660057505,14.36944989290106
2002-12-11,8.311905680748225,2.2019673476212915,14.62053341244416
2002-12-12,8.551998965034329,2.486382410113947,14.866850219557875
2002-12-13,8.907473898989906,2.675419241514419,15.481257131792802
2002-12-14,9.382485695717719,3.212190382765982,15.846921158651298
2002-12-15,9.55798921100478,3.4867996352468253,15.922340270889038
2002-12-16,9.142177564576002,3.2053676073088013,15.39646351337069
2002-12-17,8.565728195229838,2.546328139348134,14.85199494853208
2002-12-18,8.273606634010264,2.3060936395593217,14.4129908958094
2002-12-19,8.333774044829966,2.6351015656189816,14.270996508360383
2002-12-20,8.067059212575487,2.3420092069408724,14.037969659436726
2002-12-21,7.456416882079566,1.5949760906229358,13.473252935076857
2002-12-22,7.337172740802146,1.2722983831766328,13.605370478145574
2002-12-23,7.477034907106997,1.5451805877253264,13.625237628729906
2002-12-24,6.944059749097789,1.452796440148802,12.532347639161628
2002-12-25,6.315191546763572,0.7634103160540349,12.007390626007407
2002-12-26,6.394872225762185,0.454401133653505,12.309751574343238
2002-12-27,5.955942504588961,0.3903765602855742,11.743224482229778
2002-12-28,5.571335728916381,-0.12237539163038491,11.427480392881364
2002-12-29,5.340108176606179,-0.5995877379802437,11.202893562477641
2002-12-30,5.650212622342849,-0.3076167855318772,11.426045142084263
2002-12-31,5.337663788004875,-0.15832947210094517,10.554422017986212
2003-01-01,4.623682289593148,-1.0456832622787715,9.966973795039166
2003-01-02,5.073669891857094,-1.1187083966685805,11.098031600578167
2003-01-03,5.782134318503381,0.02169912775929106,11.783099715099354
2003-01-04,5.335727034219531,-0.44819420334829374,11.11731057261369
2003-01-05,5.256243159174289,-0.9952978066265814,11.378715603211674
2003-01-06,5.898119193363925,-0.5124492727371717,12.465939983285352
2003-01-07,5.82112590705799,-0.1812175315096738,12.152300509395559
2003-01-08,5.057613769140232,-0.7304027768908554,11.052276794904571
2003-01-09,5.0868982038284685,-0.9793642743682085,11.352995968963626
2003-01-10,4.992188075754882,-0.8611173360525868,11.265768909925328
2003-01-11,5.121024404474724,-1.05073100981906,11.608261890836616
2003-01-12,5.395834852520068,-0.7340823922975233,11.811496812572614
2003-01-13,5.003617136980438,-1.0665169825267071,11.1862594789975
2003-01-14,5.175705803864275,-1.3922793982786175,11.78376762341719
2003-01-15,5.802231036475746,-0.9276248272041698,12.785201071485915
2003-01-16,6.5402906159297345,-0.11721189436639179,13.485135983298846
2003-01-17,7.347477005211033,0.7750175523403868,14.334969523183076
2003-01-18,7.923416190574926,1.3102475317705284,15.060125101776862
2003-01-19,7.767930852731581,1.2887110872164271,14.878191864279643
2003-01-20,7.680186830433229,1.0426767455930985,14.837429863663715
2003-01-21,7.408505107227768,0.8273840306259217,14.176878461188153
2003-01-22,7.553177283488424,0.8057796771992116,14.312195121613854
2003-01-23,7.475394208356079,1.133291336225625,13.884942622580525
2003-01-24,7.413013921011498,1.091000943358381,13.772552043521955
2003-01-25,7.865214343985201,1.3951386144307207,14.192964324313436
2003-01-26,8.092486080988976,1.7699054325570955,14.341436256194129
2003-01-27,8.499179936439646,2.2977058012106113,14.672534481260527
2003-01-28,8.525237101414007,2.422634627563525,14.398276452989819
2003-01-29,7.81412814614697,2.0980986038662195,13.253522579300125
2003-01-30,7.582860579527278,1.8731291095512006,12.875360250840231
2003-01-31,7.633212907995755,2.123259091860348,12.852825536660305
2003-02-01,7.626902992393013,2.1455456720875645,13.101109556234746
2003-02-02,7.202250521954568,1.4787831348638178,13.137347321409777
2003-02-03,6.819063696019555,1.1529154456790138,13.029340492631263
2003-02-04,6.919751376353929,0.9626142565250575,13.001291180407065
2003-02-05,7.155824605903831,1.0585159321857418,13.164876547304345
2003-02-06,7.67277624526497,1.237074430624432,13.720884040844624
2003-02-07,8.236107246764277,1.8668505126402124,14.358213949594301
2003-02-08,7.583541399687363,1.5292144665693854,13.531670427275913
2003-02-09,7.059531352580336,1.1093365776005726,13.146851939628789
2003-02-10,7.1284762931906585,0.8903046624516264,13.390324702847067
2003-02-11,7.405552674334729,1.1360096840605252,13.632605970218037
2003-02-12,7.407885809019604,1.412921918347422,13.388947821677732
2003-02-13,7.5159041337248595,1.3619857933141475,13.446907671989777
2003-02-14,7.7200240640328275,1.4273702434373945,13.6894293698806
2003-02-15,8.693456046929157,2.142368815097882,14.821440179629235
2003-02-16,9.489681628896903,3.3432721629073967,15.373838071701016
2003-02-17,9.794569268127077,4.265797208785784,15.403920296745639
2003-02-18,9.865236596607645,4.547900853857982,15.156481915648726
2003-02-19,9.196998564366368,3.1322624183066523,14.922762826386077
2003-02-20,7.815793134768398,1.9156777747846263,13.405986700525943
2003-02-21,7.569082130109678,1.3726779369965243,13.470478621286588
2003-02-22,8.422553143488756,1.8082738808396925,14.55856094707417
2003-02-23,9.309433533457934,2.950191971913,15.31684050160601
2003-02-24,9.65076716414319,3.3074535709200177,15.725962316824166
2003-02-25,9.699927325902593,3.582915842261798,15.594083084675447
2003-02-26,10.215515461744928,3.955089794795299,16.16148549213915
2003-02-27,10.759334702218553,4.301998847052175,16.726582101471877
2003-02-28,11.679614578509074,5.251903733857148,17.82784210543116
2003-03-01,12.13459157456441,5.891755872318356,18.036483732900194
2003-03-02,12.179793786132507,5.917866548389611,18.178464874044607
2003-03-03,11.023722876084378,4.4995899335416425,17.01432749576827
2003-03-04,9.176462315975186,2.2660696127034043,15.477114804665234
2003-03-05,8.0111716045339,1.1935947164342906,14.510139167916122
2003-03-06,8.52714687987799,1.3584278803672305,15.327923721789944
2003-03-07,8.67086731488132,1.5930931843382155,15.373840197442576
2003-03-08,8.837249107191667,1.4992957005481458,15.357844887933481
2003-03-09,10.412185643284772,2.592880631339767,17.266386524094173
2003-03-10,10.69916291009281,3.8420770688952075,17.125175796028486
2003-03-11,10.488348135765364,4.01734704242449,16.63761532535176
2003-03-12,10.67853988381097,4.1470162776298025,16.809575682758975
2003-03-13,10.895825545556704,4.491570681943585,16.72104652774152
2003-03-14,12.155213214108471,5.577194568428695,18.007470393522567
2003-03-15,12.618357302688082,6.275787594932979,18.581595020550196
2003-03-16,11.963282682108854,6.077281388215681,17.890808031289907
2003-03-17,11.75862474935235,5.54272867625474,17.88993860855561
2003-03-18,11.741610606773122,5.434905184752438,17.809179287996585
2003-03-19,11.888031543250293,5.339262127069617,18.03572706335831
2003-03-20,12.030163728306377,5.296537773094201,18.171416135232164
2003-03-21,12.432479953255836,5.246718101252782,18.74629359268107
2003-03-22,13.158305142428787,5.921444958272787,19.62845665191321
2003-03-23,13.915184795842663,6.585722942642349,20.44976418665607
2003-03-24,14.600161809029942,7.26294441655682,21.1484688116214
2003-03-25,14.53429740207929,7.485426548244845,20.896672725041753
2003-03-26,14.360541859617967,7.325573870374683,20.750460305862475
2003-03-27,14.675917564994108,7.508169057305793,21.01727055427557
2003-03-28,14.988179747365734,8.08824348331234,21.301406139529206
2003-03-29,14.980522854759045,8.512022950844823,20.999747128495926
2003-03-30,14.829119805394498,8.626317493566262,20.633186197779366
2003-03-31,14.895142890493162,8.597724642682635,20.73480760910269
2003-04-01,15.043220996744367,8.52504543320589,21.099019119064337
2003-04-02,15.228379615325082,8.322539927879689,21.404520819956247
2003-04-03,15.214948100089657,8.732564160294089,21.404242113838336
2003-04-04,14.969301554568688,8.942281364194741,21.016830137872773
2003-04-05,14.932073638478414,8.18535903589003,21.018624059914146
2003-04-06,15.279279818908435,8.320763625344966,21.654380331925097
2003-04-07,15.700145337976096,8.605172592703525,22.238517553317195
2003-04-08,16.21456830327628,8.898425305593662,22.7433196383588
2003-04-09,16.505802627268338,9.374220621720553,23.0422942892705
2003-04-10,16.96685770959897,9.932023906373388,23.523836729558695
2003-04-11,17.037417407815497,10.229838139440005,23.572364871283582
2003-04-12,16.740309901385103,9.627369991918272,23.25771500625484
2003-04-13,16.62783744533857,9.489930756791978,23.121637765371304
2003-04-14,17.281336284017527,10.295196146348417,23.756918210350022
2003-04-15,17.7098997746005,11.10171306693195,23.84915807965706
2003-04-16,17.881817441816906,11.296028923034555,23.9871931178252
2003-04-17,17.564499890887532,10.871956249050925,23.654718591564688
2003-04-18,18.00908783988035,11.174246798354886,24.171531283795616
2003-04-19,17.897561604506734,11.670780666063479,23.842890665107006
2003-04-20,17.216434736472934,11.100123874356143,23.017126558331597
2003-04-21,17.04812588806243,10.470444932900875,23.13077050999209
2003-04-22,17.40924228428878,10.449126106410063,23.676464041407087
2003-04-23,18.213978051012475,10.96870946822878,24.643610704986543
2003-04-24,19.335781878833814,11.892337875730846,25.86112484169763
2003-04-25,19.634179623278897,12.846185378426242,25.95644176990203
2003-04-26,19.385358529297264,12.95483257311912,25.54334111023303
2003-04-27,18.93922339601619,12.750475682647846,25.068710213440966
2003-04-28,18.41105024004554,12.301248534616207,24.390048514516025
2003-04-29,18.22895581956311,12.054020274785444,24.193449308887693
2003-04-30,18.30911051576976,12.046964085955437,24.381493150866902
2003-05-01,18.180987674799212,11.93138058772962,23.986970574711734
2003-05-02,18.07483791005876,12.139237483813815,23.81991785069414
2003-05-03,17.464497509120292,11.662644777792366,23.059786284021357
2003-05-04,16.741026082517465,10.419700164730955,22.50907253161165
2003-05-05,16.769011523521783,10.009468262634016,22.894265130516317
2003-05-06,16.678628220694975,10.016459282502638,22.81243833204104
2003-05-07,16.83378352033634,9.765093309355677,23.04322913437437
2003-05-08,16.943369989482676,9.740933207734713,23.236353826315792
2003-05-09,17.36260115365502,10.11000700258802,23.761068474986928
2003-05-10,17.8560184600326,10.516175059369345,24.18393307932388
2003-05-11,18.002844925178408,10.724260146091979,24.34128733929282
2003-05-12,18.1815924702305,10.930505336101078,24.298298739969937
2003-05-13,18.616116828887527,11.838955237774371,24.623407965111483
2003-05-14,18.636454052638214,12.403825408844398,24.371458366144907
2003-05-15,18.82808397933485,12.56389516529714,24.57024558368039
2003-05-16,18.90824698747241,12.50098083844648,24.887021005987435
2003-05-17,18.999204424419133,12.53435990410901,25.022468758891648
2003-05-18,19.116959204496197,12.9381888390173,24.958202559614335
2003-05-19,19.214098629222462,13.044381280353832,25.011480087162965
2003-05-20,19.318463478380067,13.142459363199237,25.06302001447534
2003-05-21,19.63765950622343,13.425277651066892,25.481619566593054
2003-05-22,19.324218842102482,13.435220403092956,24.918156637313416
2003-05-23,19.50795678942802,13.683403613749647,24.967854940173254
2003-05-24,19.91943877159082,14.214561978641768,25.48386770233384
2003-05-25,19.86294193394383,14.148633115495898,25.362678198771448
2003-05-26,20.197355656799175,14.307055250836243,25.769223783958637
2003-05-27,20.29510033491283,14.367775896439525,25.991575981215817
2003-05-28,20.525435265098395,14.356657543153176,26.402812018138945
2003-05-29,20.796104364233315,14.126940764609628,26.827761473370003
2003-05-30,21.23248289808822,14.37155800738293,27.335348295389792
2003-05-31,21.645280187851654,14.884550859753233,27.762961801175038
2003-06-01,21.993486757614335,15.240813540722115,28.057770628710614
2003-06-02,22.138964828149938,15.765744414019366,28.015067384062775
2003-06-03,21.84799768887291,15.679198008045262,27.630845628096438
2003-06-04,21.591197381653615,15.790977297881284,27.219188561647343
2003-06-05,21.11418138332533,15.881213632489619,26.448304113057134
2003-06-06,20.862337863439905,15.74955225901141,26.139957659083507
2003-06-07,20.96479658457946,15.666753238777687,26.322950511389763
2003-06-08,20.94561729082932,15.568319417758858,26.33422246695625
2003-06-09,20.8545300639542,15.400328002628214,26.17680425346896
2003-06-10,21.10339547841636,15.735528345359228,26.441418906476486
2003-06-11,21.124132858860946,16.063749627181437,26.312606330750214
2003-06-12,21.2328270004424,16.079719419686455,26.534106982215462
2003-06-13,20.909835939774723,15.855341291747948,26.169878948334087
2003-06-14,20.33561088295255,15.314020862371592,25.592570827501675
2003-06-15,20.11743389322737,15.133012035915385,25.070492278211873
2003-06-16,20.27585301667642,15.561699729755787,25.185939409238756
2003-06-17,20.23764449426193,15.762229083251668,25.014624405285815
2003-06-18,19.75790546189114,15.768846284159622,24.093094051820344
2003-06-19,19.487430358413746,15.860182545902262,23.576026260578715
2003-06-20,19.485965280979485,15.67260790465366,23.661580265720488
2003-06-21,19.850331488828147,15.905947161048687,24.150368721705433
2003-06-22,20.206826900870794,16.162212758765804,24.619808399406736
2003-06-23,20.096389890123703,16.436496054230588,24.389852215908434
2003-06-24,19.924520859264476,16.22909460458112,24.139057163168616
2003-06-25,19.73504426689101,15.769079338139022,23.979502652631027
2003-06-26,19.960306817421554,15.799163258521446,24.267022220496017
2003-06-27,20.075776332634803,16.264086762707905,24.209574044770932
2003-06-28,19.825004765649965,16.116714044739865,23.903050389153634
2003-06-29,19.80025559201374,15.998834257127953,24.010632572657016
2003-06-30,19.86934390720677,16.138858855239505,24.06718451820467
2003-07-01,20.042907140529223,16.164153025348696,24.307988082889437
2003-07-02,20.299689390601372,16.20273894781559,24.659718767060667
2003-07-03,20.36352178976415,16.33475132024597,24.67694393384113
2003-07-04,20.16394325779754,16.07330669401665,24.490405142030056
2003-07-05,19.567998931701368,15.847955530452282,23.666187249356028
2003-07-06,19.260844039266885,16.037776771844563,23.114219265903046
2003-07-07,19.230778841564472,15.987984235011936,23.081826539524627
2003-07-08,19.259638095898367,16.086494164710302,23.11384188513864
2003-07-09,19.073364096997125,15.956114360136382,22.8972985834871
2003-07-10,18.799614741974153,15.811140820044955,22.414119443585832
2003-07-11,18.841065706331108,15.851498286331207,22.422348861546652
2003-07-12,19.146717784199836,15.683117441861725,23.098644560544244
2003-07-13,19.362090137351004,15.790621792650711,23.463583391778002
2003-07-14,19.435534347751116,15.915219647637002,23.520095602922822
2003-07-15,19.43681144132836,15.651742805581478,23.486565526189167
2003-07-16,19.536783412871614,15.821409347427846,23.41142275710797
2003-07-17,19.895583593869162,16.329483914753098,23.961095909999983
2003-07-18,19.683422211661707,16.270099333075848,23.66138647120482
2003-07-19,19.692938318199424,15.947326945444559,23.637525356068636
2003-07-20,19.88050385305246,15.940999828455574,23.994217756467776
2003-07-21,19.64659114708138,15.92423400728137,23.659817847685304
2003-07-22,19.505781696979795,15.829634017905505,23.48569390566297
2003-07-23,19.92923892902587,16.11230857117272,23.935740392977436
2003-07-24,20.11260165142022,16.481667558160268,24.08772936196442
2003-07-25,20.042166889343434,16.544639272974223,23.951977529569433
2003-07-26,19.87027758780016,16.52369131314117,23.59735399306834
2003-07-27,20.056763640463657,16.800559626208724,23.734933862620323
2003-07-28,20.23138580324286,17.014648796382517,24.058442907836763
2003-07-29,20.000827779415147,16.850310103985066,23.726248656758173
2003-07-30,19.765406027268284,16.683589805758515,23.36497480819918
2003-07-31,19.68931932074065,16.378976089145908,23.459782114562074
2003-08-01,19.43159521435308,16.222834315445198,23.27164952719039
2003-08-02,19.469861634343943,16.12668921648111,23.214033676167787
2003-08-03,19.69498404902879,16.34168672024356,23.657643487123664
2003-08-04,19.896914012766786,16.480018218787507,23.892118996615352
2003-08-05,20.19792385288548,16.603871009016245,24.310143330230574
2003-08-06,20.463272129788777,16.684507130827853,24.694017767779314
2003-08-07,20.679049829376595,16.827000662876003,24.926875861159544
2003-08-08,20.585811504873732,17.002735991912232,24.83445810922268
2003-08-09,20.19318201421413,16.932823648190322,24.243550890025688
2003-08-10,19.87798004984711,16.75137659055781,23.83089047448175
2003-08-11,19.82886556657246,16.643908350433662,23.83961653279772
2003-08-12,19.842811114546407,16.576818442430977,23.793590843343225
2003-08-13,19.906446031552434,16.54964519561537,24.00963647961811
2003-08-14,19.64295220271697,16.270259253178097,23.55296892890857
2003-08-15,19.69395816119112,16.326994969855036,23.587062600579827
2003-08-16,19.927020815470428,16.359289764929883,23.940728687264993
2003-08-17,19.957859782905757,16.270608856374736,23.97704611053956
2003-08-18,19.559153522143276,16.11324751592508,23.435918171921855
2003-08-19,18.86616327809321,15.937163825667824,22.40254963494226
2003-08-20,18.93108606094586,15.778615694576786,22.71764236738352
2003-08-21,19.323494918183314,15.71871229649048,23.3159022564476
2003-08-22,19.63841211678624,16.025780407233924,23.55671384071252
2003-08-23,19.750057541193712,16.35751184559541,23.53588161240856
2003-08-24,19.776866651737294,16.50887802564523,23.64719074399062
2003-08-25,19.734372695967522,16.413286721669124,23.516880562398512
2003-08-26,19.6807763969569,16.421711016737504,23.509144178223835
2003-08-27,19.317581634599094,16.397408018982105,22.963282137497913
2003-08-28,19.220838402676748,16.29306838413231,22.83419763285889
2003-08-29,19.256447669951854,16.267579384130613,23.033959458715287
2003-08-30,19.09684730063742,16.214402520800718,22.868368814909047
2003-08-31,18.881040654512447,15.947979400788597,22.600777892496296
2003-09-01,18.73327901322341,15.842812511847626,22.33519582952954
2003-09-02,18.411936789222807,15.280731074781897,22.1553503347605
2003-09-03,18.286818253995193,14.90514205871392,22.201811707494528
2003-09-04,18.399034559534527,15.014643828113378,22.320015777841263
2003-09-05,18.231773193020558,15.068346520744626,22.101562999090163
2003-09-06,17.990151042110654,14.839964733434329,21.83829084290386
2003-09-07,18.079814853100856,14.698635570909914,21.968151694710173
2003-09-08,18.26314175952382,14.61662613271585,22.30490501268696
2003-09-09,18.514754984182844,14.726605177497106,22.626344879591045
2003-09-10,18.565585247442584,14.825463256072567,22.66323334621501
2003-09-11,18.561334735820083,14.867019340981528,22.768376393758786
2003-09-12,18.638370021318337,14.849235234644766,22.74277198882737
2003-09-13,18.823905974875345,15.075410519744253,22.96432255525872
2003-09-14,18.820848993703123,15.223180900094349,23.023238756454305
2003-09-15,18.75585485198559,15.27678820981356,22.99201451729658
2003-09-16,18.714271603465534,15.154182912731244,22.927703792375723
2003-09-17,18.637791924559338,15.014358433127427,22.973806590467063
2003-09-18,18.522036026917363,14.785072447541381,22.90187316779958
2003-09-19,18.617263175132166,14.531849901600765,23.109138408432557
2003-09-20,18.67906543876552,14.346593603367921,23.315987518058932
2003-09-21,18.721080631272343,14.251560625677712,23.399425545795737
2003-09-22,18.829168015955872,14.431357284861804,23.55878709707258
2003-09-23,18.48834301101749,14.439426704356606,22.975325752530694
2003-09-24,17.80531951017133,14.351424207025673,21.95999520946947
2003-09-25,17.509600558678642,13.802191170265473,21.8243898535855
2003-09-26,17.407991445687458,13.480329087465293,21.9189953779412
2003-09-27,17.129247176035335,13.113239496218796,21.74477702196691
2003-09-28,16.938227418339523,12.789706961551815,21.53703888063569
2003-09-29,16.83330942973481,12.705372919680315,21.489605578970156
2003-09-30,16.714116710666246,12.368280203715585,21.65682040914777
2003-10-01,16.537006653993387,11.859222054099291,21.616323219150445
2003-10-02,16.469613877314373,11.557175967738374,21.67712553076808
2003-10-03,16.284319250215503,11.248549550914788,21.60001887955991
2003-10-04,15.91778428769203,10.836586203937372,21.08214698339407
2003-10-05,15.9418461788365,10.690778897400264,21.045351720102133
2003-10-06,16.202841170667853,11.216574157201876,21.168887369009155
2003-10-07,16.209987978687593,11.674369818149216,20.953637738556097
2003-10-08,16.202930866460747,11.890594880607011,20.673348496947085
2003-10-09,16.12758520053052,11.613534080246836,20.8575884475772
2003-10-10,15.77882635868832,10.980137500960325,20.87507671161694
2003-10-11,15.564267399923324,10.39048374146654,21.059099840329168
2003-10-12,15.38119287277732,9.8443028275517,21.06080899534726
2003-10-13,15.670281030580782,9.813372818482321,21.553072346413614
2003-10-14,15.707819034363183,9.911282248746375,21.613712483448467
2003-10-15,15.617185029167558,9.802761118654246,21.41603867236131
2003-10-16,15.753162575214333,10.034078619565946,21.50117343367384
2003-10-17,15.819433786056663,10.42547559660676,21.29510097409542
2003-10-18,15.454622946362633,10.308345506832381,20.792373932038117
2003-10-19,15.265395720611934,10.103837660130694,20.52099663355773
2003-10-20,14.98749470406608,9.852931711719577,20.41025824814278
2003-10-21,14.521791921152555,9.361883216326646,19.907076103303893
2003-10-22,14.4170658046923,9.139839218061297,19.805567256219376
2003-10-23,14.35341651305032,9.199816709160586,19.640519785678862
2003-10-24,14.133313209670519,9.125211940624126,19.212457918191262
2003-10-25,14.018207248052363,9.017512779790707,18.974145159302225
2003-10-26,13.879798522129988,8.961493652988224,18.922287248399698
2003-10-27,13.829833307514491,8.394950068688445,19.048289178430366
2003-10-28,13.694777555479106,7.934927432258064,19.22047607329563
2003-10-29,13.727040131808565,8.136113574892022,19.36260745011947
2003-10-30,13.75230325101353,8.190943019282201,19.389968440403834
2003-10-31,13.552291125292072,7.963406732269334,19.19146130930642
2003-11-01,13.460438756888152,7.840890295001486,19.21528792002067
2003-11-02,13.496537599093813,7.811779443736555,19.091290484964134
2003-11-03,13.551843132569843,7.538117113163764,19.391153301298004
2003-11-04,13.391733674724833,7.4330873714924905,19.327767051646504
2003-11-05,13.314475160157485,7.414875896648425,19.045048408958053
2003-11-06,12.680139840125435,7.175464500393218,18.351187079418708
2003-11-07,12.362552598730531,6.871095131872323,17.868590596316835
2003-11-08,12.034648574341304,6.762876749870713,17.443564487399954
2003-11-09,11.804180408232014,6.0913273354995,17.57972385836706
2003-11-10,11.329084371879674,5.232906716813375,17.442559368956438
2003-11-11,11.028957034790608,4.813247490381002,17.096507554525772
2003-11-12,10.993461523997098,4.9724126344110005,16.816979059011203
2003-11-13,11.05506264190808,5.153307823468424,16.840564022542253
2003-11-14,11.329031229311909,5.7976049155146825,16.933186518968625
2003-11-15,11.128812488467872,5.666937437520517,16.500993220637326
2003-11-16,10.6320099994428,5.348668114775364,15.926249497078174
2003-11-17,10.187092027479252,4.973361185523061,15.414894604909477
2003-11-18,9.697468559981303,4.111542402221062,15.279937484434868
2003-11-19,9.197651410013236,3.3131675838428123,15.303773640183522
2003-11-20,9.034997788290468,2.934795117639055,15.359368181417778
2003-11-21,9.236344764186413,2.7079986269591814,15.732344806504102
2003-11-22,9.546611320383363,3.399264730240077,15.942673574341427
2003-11-23,9.746820622917198,3.448327289121039,16.198840536397597
2003-11-24,9.820377669567108,3.5412718774472864,16.299127779536093
2003-11-25,8.923552487504367,2.7041612586801307,15.442900660568455
2003-11-26,8.634022054037246,2.294655438743632,15.183925664269452
2003-11-27,8.06333453792115,2.1338887151026142,14.215724307171229
2003-11-28,7.916223914225043,1.779610249448183,14.041216186764188
2003-11-29,8.435388416999729,2.3319608447039855,14.777899428701573
2003-11-30,8.809185088191668,2.8339405831983413,15.070270866879753
2003-12-01,8.94180879662008,3.003046741319565,15.105510630543279
2003-12-02,8.844218714976932,2.8025423964802485,15.048155747575379
2003-12-03,8.637327380090255,2.704213938241537,14.633066027782775
2003-12-04,8.344107539744186,2.4052866933434416,14.356248144757046
2003-12-05,8.439200581739726,2.3092383855308185,14.78435391715152
2003-12-06,8.45562251562194,2.334039260616578,14.835166431092375
2003-12-07,8.675180333011895,2.2282118138866167,14.986355233575239
2003-12-08,9.313448936579846,2.9037279104371123,15.61669298460032
2003-12-09,8.734157941365652,2.928817029878303,14.606214765502955
2003-12-10,8.135620159480595,2.0440533067956608,14.439175902324905
2003-12-11,8.212661386678064,2.025416580759668,14.477630187614636
2003-12-12,8.580816696089471,2.5552768693689245,14.915153520535114
2003-12-13,8.690665691471452,2.8758277145815896,14.895121091454428
2003-12-14,8.647261897764793,2.792740631770471,14.927142406734106
2003-12-15,8.498535661785752,2.9022681113428916,14.488777340660079
2003-12-16,8.019298537777217,2.4170969342068815,13.584503732995586
2003-12-17,6.893376542674673,1.4176115082067895,12.353239310192919
2003-12-18,6.726105270040762,1.194169284821328,12.34975082062573
2003-12-19,6.680948776612979,1.2098641492514162,12.362289792693844
2003-12-20,6.327283164549613,0.8034873505703217,12.157288115868596
2003-12-21,6.2148014452832285,0.4348146626669518,12.376773804739855
2003-12-22,6.316498379961104,0.4351851794905883,12.494127877404367
2003-12-23,6.179462630700016,0.22846658384617058,12.190661836266088
2003-12-24,5.557758160835476,-0.007584781635841864,11.214441742523888
2003-12-25,5.641129458443515,-0.27686664639128367,11.564019023150308
2003-12-26,5.994904940586991,0.4252531687271244,11.540032115351664
2003-12-27,5.754751112726467,0.6875516368620538,10.847105993013258
2003-12-28,4.725360484574878,-0.5890249613533456,9.73387563195621
2003-12-29,4.84155036981133,-1.2216319787635825,10.640004441256963
2003-12-30,5.382701123586742,-0.4121061811328559,11.453648155991857
2003-12-31,5.604609965102043,-0.1055666740368224,11.62649786261045
2004-01-01,5.371144647543474,-0.3355469529732318,11.257887168557659
2004-01-02,5.019978769136287,-0.7288040162733864,11.101010277979185
2004-01-03,4.743271579299176,-0.8330505556488106,10.760689391656001
2004-01-04,4.672386792287,-1.0486583191848808,10.511946510325231
2004-01-05,5.143564194026624,-0.5315220245914816,11.018242867305162
2004-01-06,5.143453286384329,-0.4956102582058861,10.914464448840192
2004-01-07,5.078229572785688,-0.6770062390121439,11.149593118133907
2004-01-08,5.315823252485529,-0.6568089338195477,11.40837580927166
2004-01-09,5.524522415800902,-0.6034499464445844,12.001030296624663
2004-01-10,6.260512658581263,-0.2622172601069792,12.9624777898714
2004-01-11,6.561756179203826,-0.06316343426232152,13.314431084011801
2004-01-12,7.094353212296653,0.24246537313752015,13.661717439332278
2004-01-13,6.869176508528994,0.3940787349073389,13.178680435527326
2004-01-14,6.341858931557624,-0.24642781922113954,12.671113651978146
2004-01-15,7.271975508858361,0.41519846595417675,13.889661138574127
2004-01-16,8.025991024813436,1.7449953626588126,14.53121399865472
2004-01-17,7.587771155911696,1.3954676704428266,13.823851957469003
2004-01-18,6.822367733810154,0.45206022587007055,13.005376289437663
2004-01-19,6.441768318218635,0.21873661978429482,12.465871641312674
2004-01-20,6.913031375028368,0.9541624539651821,12.689776297416984
2004-01-21,7.252070022752548,1.8751884032922135,12.618703237316765
2004-01-22,7.010356529422722,1.7609181484755823,12.195670584830395
2004-01-23,6.699757275649233,1.5023485033292445,11.797044401962353
2004-01-24,5.867933223231489,0.2878189466149479,11.112124511328432
2004-01-25,5.061982157785621,-0.6250937375249919,10.620877868589218
2004-01-26,4.627284217307135,-1.1454467958667465,10.306594535670627
2004-01-27,4.21626593258361,-1.6432631438212297,10.00802900011638
2004-01-28,4.7999325586860095,-1.4959767691169645,10.684507120079275
2004-01-29,5.6317879198695096,-0.2587165168524166,11.266094958784379
2004-01-30,5.811933175661636,0.513484566234979,11.07060925937526
2004-01-31,5.875729346447315,0.4055422277474463,11.06595056478443
2004-02-01,5.218619455308499,-0.1753591293105501,10.810337437035457
2004-02-02,4.579597743278498,-1.1509555722471418,10.538742053906105
2004-02-03,4.28953572473381,-1.9376973020509354,10.448130664319308
2004-02-04,4.765566061144398,-1.95661019568837,11.240337587768238
2004-02-05,5.050287641006719,-1.5290519006381373,11.437167072893658
2004-02-06,4.966004495679783,-1.4253944088682715,11.200087745415772
2004-02-07,5.422987463535549,-1.5683477467185867,11.904594347387047
2004-02-08,6.824977076246853,-0.32129418575470936,13.509943758847612
2004-02-09,7.623214517168947,0.8078287252877772,14.087105943250549
2004-02-10,7.573847434937932,0.5951626019280525,14.257335066405744
2004-02-11,7.564472062894367,0.4260786332844759,14.338767332370367
2004-02-12,7.769223658414489,0.7472433417573825,14.62842537004741
2004-02-13,8.040014685166568,0.9130603008324556,15.019649454448711
2004-02-14,8.210419360876642,1.2187420416749433,14.841812965187557
2004-02-15,8.106584916207794,1.2425188299934575,14.619676801541004
2004-02-16,8.719570275244791,1.2223278272393259,15.642981119476246
2004-02-17,9.617613323120452,2.2295224846553765,16.49735037799701
2004-02-18,9.611269176968051,3.0239131752101684,15.92533573977596
2004-02-19,9.212827919463564,2.5792921670051783,15.583647549088823
2004-02-20,9.001947570988705,2.093391795843729,15.527981679109985
2004-02-21,9.771002333114382,2.4637768770838875,16.584158540396572
2004-02-22,9.814495641102496,2.8393247427635515,16.551075407800113
2004-02-23,9.855240091615428,2.580156189076945,16.77928482656091
2004-02-24,10.570715328176163,3.187516988717107,17.60563634458805
2004-02-25,11.617373641177835,3.899220138268845,18.891783383520817
2004-02-26,12.148962164527688,4.756415481461772,19.27076674313338
2004-02-27,12.013533183044842,5.04543918394188,18.738712239132326
2004-02-28,11.690836144268758,4.93001868322699,18.272346878667065
2004-02-29,11.61166209074139,4.730830944732361,18.260990738089845
2004-03-01,11.283527205587063,4.222085629450191,18.152062232531307
2004-03-02,11.165506781797376,3.9376723658742208,18.260892233331845
2004-03-03,11.369465284994021,3.9625601732476525,18.473151798649383
2004-03-04,11.982575775727923,4.403476554404904,19.20751058720697
2004-03-05,12.401299888904816,4.832494081567063,19.515126126654536
2004-03-06,12.547833986013188,5.07274022168167,19.44570964890613
2004-03-07,12.452764043023762,4.930051251866473,19.394610469394024
2004-03-08,13.261882655064596,5.4308806332634845,20.369649492868007
2004-03-09,14.199702490411312,6.723780056122791,21.242316276350266
2004-03-10,13.894111078551816,7.090090672837391,20.398935446261987
2004-03-11,13.84516146817839,6.971461896349524,20.194569964926075
2004-03-12,14.208870284702243,7.10347090589471,20.819940442692655
2004-03-13,14.68427380426914,7.241707508453601,21.515283453637494
2004-03-14,15.36241635992036,7.723733203309621,22.316843844277116
2004-03-15,15.848144959871206,8.17136070692277,22.988521095919907
2004-03-16,16.283214804088857,8.563757236808328,23.54330650372549
2004-03-17,16.65292030475956,8.897242542199535,23.873446672309683
2004-03-18,16.941647614059434,9.342871297272382,24.051535619979234
2004-03-19,16.664777244882373,9.434898026484461,23.54713183251357
2004-03-20,16.612331213479422,9.335294998195764,23.335853979338594
2004-03-21,17.02131911980115,10.154786706080927,23.611765264730252
2004-03-22,17.269904462526313,10.447450729878824,23.829906336371096
2004-03-23,17.128208154153356,10.558018531344032,23.63692262780887
2004-03-24,16.47846321153719,9.783890881610432,23.06014092248887
2004-03-25,15.868141836084988,8.999804998121647,22.537374379823063
2004-03-26,15.676338221577453,8.623471208382625,22.320005495477346
2004-03-27,15.876979141314678,8.711708174303567,22.610795308849504
2004-03-28,15.637949274286598,8.78409098968092,22.073453522452496
2004-03-29,15.554502452611757,8.745739613503872,22.013830578089767
2004-03-30,15.40168132842382,8.52145895116388,21.955220362441537
2004-03-31,15.325841596925613,8.5311917546274,21.687306505641004
2004-04-01,15.798190500713531,9.086403849214832,22.06207510419091
2004-04-02,16.073497906182524,9.505165110424514,22.2914939192338
2004-04-03,16.545282812400046,9.744779427127298,22.782364992085263
2004-04-04,16.82264620061096,9.92535737682033,23.129603012839198
2004-04-05,16.881098721978788,10.165109498517324,23.10737888295995
2004-04-06,16.81803643633026,10.291011259521326,23.04187397763951
2004-04-07,16.919592312935038,10.214210757512035,23.335422401946914
2004-04-08,16.834283756659204,10.487380006173282,23.011748937190077
2004-04-09,16.95861416921167,10.765505379914373,22.986352392165372
2004-04-10,17.405689620464443,10.968068838758825,23.423856422481663
2004-04-11,17.752005416149075,11.21749814903717,23.92804059348896
2004-04-12,17.872840532852933,11.492346125735764,24.029417387321303
2004-04-13,17.73917073879244,11.570202481065053,23.861889478310218
2004-04-14,17.55222502376239,11.202554177398554,23.69587114345967
2004-04-15,17.404336643923614,10.723756478871564,23.695663620906373
2004-04-16,17.441212860049404,10.204896334541388,23.98523344555707
2004-04-17,17.54817053970362,10.69689154111137,23.882405531539064
2004-04-18,17.46764549974074,10.65866743682625,23.88023605421523
2004-04-19,18.225463059829565,10.91642610498127,24.725504932535273
2004-04-20,18.925525004814915,12.004398478280677,25.231100963721303
2004-04-21,18.84406649226065,12.684701760680355,24.919111970568565
2004-04-22,18.28472800495075,12.32922256403549,24.260712060377273
2004-04-23,17.714768267542013,11.871256182731145,23.71975007996741
2004-04-24,17.29200426412848,11.027897190604278,23.29002396975261
2004-04-25,17.25378351760304,10.655796121425908,23.181328485398012
2004-04-26,17.876177754701132,11.23006715474645,24.002103195886548
2004-04-27,18.350043067332194,11.686567671563239,24.489597282537886
2004-04-28,18.344800671230587,12.212671717040791,24.330337248847627
2004-04-29,17.946797955704483,12.255558275701446,23.71431921946032
2004-04-30,17.42824117578209,11.738054559313412,23.054925617226218
2004-05-01,16.994413232357488,10.732068255682634,22.769737959591566
2004-05-02,16.514370529314533,10.007259437605285,22.425637112461573
2004-05-03,16.669503112560335,9.9959868499148,22.66443047639757
2004-05-04,16.973418894229667,10.194109380752764,22.913674986751914
2004-05-05,17.38476035933843,10.56992830672516,23.33902888921125
2004-05-06,18.030081166153025,11.07973918243016,24.074673542745927
2004-05-07,19.14902017210835,12.231644106241731,25.18536090952989
2004-05-08,19.829537744286142,13.634203081590954,25.552296988301634
2004-05-09,20.06249525553494,14.01579189337059,25.795239065901
2004-05-10,19.72757698957804,13.828119894076963,25.547595292740652
2004-05-11,19.812369781735413,13.848870743713007,25.62697578467214
2004-05-12,19.82746555574289,14.151895536568361,25.511071612386957
2004-05-13,19.61594584275781,13.926668138527077,25.175663837647107
2004-05-14,19.830396747105965,14.1775900246746,25.45360165251418
2004-05-15,20.253510748616975,14.481000690404755,26.01715538755934
2004-05-16,20.773353262763692,14.86599333328968,26.494790828053
2004-05-17,20.805036172931466,15.186188728214802,26.42470035418745
2004-05-18,20.580325289051984,15.06609197676454,26.01878902137713
2004-05-19,20.77491463043964,14.927832064614847,26.41029212078581
2004-05-20,20.62024465614934,14.923629212348317,26.24059640894825
2004-05-21,20.12942874777127,14.651090440214261,25.689445886815747
2004-05-22,19.83483799352763,14.42612396050248,25.307897513069975
2004-05-23,19.63318807407137,14.527283923468929,25.02963840443101
2004-05-24,19.49615148429899,14.34473755928775,24.896091794870244
2004-05-25,19.267896706635895,13.905101396649684,24.786300275053918
2004-05-26,19.21588963827122,13.613212197976566,24.597868366369482
2004-05-27,19.4356744603287,14.026396285108035,24.830912488760134
2004-05-28,19.74988422319268,14.211361729741668,25.140383742298468
2004-05-29,19.922910441606234,14.284939894454908,25.34576094948767
2004-05-30,20.28303796544276,14.49680096810863,25.77295671854995
2004-05-31,20.44682037355301,14.735954897955935,25.958303950825893
2004-06-01,20.555840013456077,15.056326777393338,25.999698394128643
2004-06-02,20.51435584998285,15.307658126672777,25.995490067364187
2004-06-03,20.095823587001632,14.73913146814158,25.38287534916924
2004-06-04,19.91272409313632,14.720124638399852,25.237533199511972
2004-06-05,19.79859937015965,14.733804977645377,24.989066232782477
2004-06-06,19.68720943329049,14.771573188364925,24.805240317477228
2004-06-07,19.55760603053932,14.806151901035378,24.537134796815508
2004-06-08,19.325467405908284,14.742220594214984,24.210466408522848
2004-06-09,19.3842721585724,14.865285777194856,24.048933808900586
2004-06-10,19.56477006771604,15.09057203306537,24.1643276138405
2004-06-11,19.608061881663673,15.074939513593847,24.29033028615197
2004-06-12,19.389085825082702,14.981444122411347,23.8638894354865
2004-06-13,19.260508247720622,14.861556044059284,23.716886850109972
2004-06-14,19.411025791884754,14.8727385815979,23.81707428739969
2004-06-15,19.891864934188675,15.48474305160596,24.209017916920516
2004-06-16,19.807158907847338,15.864755935271319,24.03422742083984
2004-06-17,19.535097022967136,15.731562176877844,23.653945399969643
2004-06-18,19.375820365818527,15.90002041816598,23.311139210900308
2004-06-19,19.616269922441973,15.965573957956849,23.608169928260224
2004-06-20,19.853505874968732,16.05707773672117,23.94300466567887
2004-06-21,20.02897022021824,16.26678235979756,24.127740567912724
2004-06-22,20.00604870103922,16.101076133510333,24.300523086887836
2004-06-23,20.034340148755916,16.053939226726868,24.408529297629116
2004-06-24,20.052805548176877,16.03669943660202,24.51492222664126
2004-06-25,20.176253473442102,15.922094947669109,24.70424113355773
2004-06-26,20.025819422939435,15.845999150079763,24.644134493528213
2004-06-27,20.084410547007792,15.652164154765217,24.72988375578217
2004-06-28,20.265984561526977,15.676903141916284,24.963350730200148
2004-06-29,20.565130142710302,15.864751409136375,25.24435290149239
2004-06-30,21.0005742067587,16.342160054404417,25.697084529647384
2004-07-01,21.24948493106831,16.50044659582295,26.188171098578323
2004-07-02,21.14463886329588,16.739267847943097,25.904234550726414
2004-07-03,20.74463562260729,16.60478329504599,25.326803292693626
2004-07-04,20.553293719279452,16.660607214834613,24.784647799867287
2004-07-05,20.580619799871556,16.818062348192825,24.796130924465444
2004-07-06,20.23067510053221,16.822163456050703,24.28105723984595
2004-07-07,20.002097003041627,16.54314810648947,23.980155065764677
2004-07-08,19.727248587780707,16.058812715400222,23.815538272507638
2004-07-09,19.622017025952346,15.978933425037212,23.633102932096335
2004-07-10,19.621575662203895,15.967587846433673,23.62521428944717
2004-07-11,19.42853071654389,15.869579929214012,23.460584233978864
2004-07-12,19.449653216446336,15.746772411406539,23.58664780127515
2004-07-13,19.54725006492589,15.8987420987429,23.69741117842915
2004-07-14,19.59305133553289,16.052067637913865,23.69271984155256
2004-07-15,19.730405243341295,16.042218072526737,23.84119399137245
2004-07-16,19.778188286775958,16.071164665162257,23.90101122173604
2004-07-17,19.898285368243023,16.211888488415866,24.084442776546496
2004-07-18,19.93280110358836,16.21137904125942,24.234584198824564
2004-07-19,20.062783409991084,16.197034098114216,24.324809755265335
2004-07-20,20.156230123164846,16.351599411736913,24.484314483536195
2004-07-21,20.186269099871197,16.318042181116937,24.62263399450677
2004-07-22,20.135722536533592,16.404197307887387,24.541136262914108
2004-07-23,20.339247718493937,16.370139620634916,24.70917363218439
2004-07-24,20.448599054554336,16.48170112401891,24.783057621059527
2004-07-25,20.21532529592224,16.459227045239913,24.269017487489123
2004-07-26,20.195659567289283,16.454246063822154,24.305871668701513
2004-07-27,19.96728588885685,16.496511746890405,24.01287414416464
2004-07-28,19.59023388656749,16.311462805785425,23.46837739319028
2004-07-29,19.53738154125631,16.210305306040198,23.317881756549298
2004-07-30,19.55279224277757,16.290045964197247,23.25620211342698
2004-07-31,19.31588718897649,16.2435337868921,23.059316726675775
2004-08-01,19.387810570589124,16.176684616546027,23.243582338560714
2004-08-02,19.425237400117,16.276973926085304,23.224130246133427
2004-08-03,19.576288834348304,16.40453878427678,23.34534697487294
2004-08-04,19.913518414186967,16.554620798292206,23.725512460384095
2004-08-05,20.157033290892855,16.668215610183267,23.975786898990293
2004-08-06,20.14785437027882,16.6845063497517,24.099720117281606
2004-08-07,19.840603014131375,16.630323133892375,23.60567094542853
2004-08-08,19.412912158713425,16.492288693094793,23.1105200169809
2004-08-09,19.233980328088535,16.3052887731738,22.89778207173788
2004-08-10,19.265171435039633,16.110911638290702,23.001163818470673
2004-08-11,19.405118269426907,16.05330541914998,23.274660870156197
2004-08-12,19.60188636960686,16.14187106397202,23.50610170642227
2004-08-13,19.538770511193036,16.09792887620131,23.48091642561002
2004-08-14,19.27108739667142,15.908579720320404,23.130634418071395
2004-08-15,19.35464763582553,15.787512285166088,23.2301056288847
2004-08-16,19.536140753815516,15.853642394449935,23.561157301947674
2004-08-17,19.432164893335766,16.01381624031154,23.389904024432496
2004-08-18,19.14367821097119,15.975777139577815,23.007902469673752
2004-08-19,18.79906907991233,15.750980724183876,22.535667902001762
2004-08-20,19.018421819751836,15.729818058173521,22.89772867461471
2004-08-21,19.252042571761024,15.87187520181601,23.25189831532606
2004-08-22,19.334868182791467,15.914145575756436,23.32235248237339
2004-08-23,19.21310789947455,15.65310742940028,23.250879949416003
2004-08-24,19.21577255224895,15.639573988857023,23.20496002929849
2004-08-25,19.075566991394453,15.496165571923427,23.154047116394054
2004-08-26,19.173577204117464,15.46332938304539,23.371496259343587
2004-08-27,19.217654878279916,15.37767982010439,23.439548922032998
2004-08-28,19.605506735378924,15.574895408248494,23.9827406763593
2004-08-29,19.658531080173418,15.718683450613582,24.09553002091633
2004-08-30,19.581473853333023,15.664856904757073,24.099393835315595
2004-08-31,19.500750425794024,15.545230305081532,23.99755169146374
2004-09-01,19.496050547479626,15.423097617102712,24.07950953115602
2004-09-02,19.691045447151282,15.3282787804647,24.308240663165236
2004-09-03,19.775029542326763,15.349035934259064,24.572663877585853
2004-09-04,19.564066059185507,15.330445583725975,24.331104353909154
2004-09-05,19.253287671954524,15.288607164949156,23.755246597292228
2004-09-06,19.419568040407114,15.057498030976149,24.045715757451546
2004-09-07,19.56553879221815,14.880330255431488,24.383020621221817
2004-09-08,19.67612925150462,14.883046693125664,24.559987366634857
2004-09-09,19.367448631049,14.842499230664885,24.14510954781275
2004-09-10,18.57181706607446,14.576486498364943,22.94260457306018
2004-09-11,18.1602494306145,14.26590006117101,22.43115674675505
2004-09-12,18.158388019338076,14.00299537934734,22.335890068705055
2004-09-13,18.720290049005484,14.259054997901103,23.11324821766243
2004-09-14,18.77158484754125,14.386403975134442,23.30020121390794
2004-09-15,18.418370520105896,14.39760485352582,22.83235992690362
2004-09-16,18.184796197060223,14.338546652170123,22.49183933831972
2004-09-17,18.328371021398198,14.355597527357304,22.81890211569413
2004-09-18,18.19419612147061,14.169233810566652,22.69440601487065
2004-09-19,18.083840959278064,14.023573970593247,22.649301985547652
2004-09-20,18.237940902367257,14.160861463558206,22.901644291635535
2004-09-21,18.12073622734141,14.19408075434825,22.7088159094111
2004-09-22,18.00684896706042,14.122878321647136,22.472264829739515
2004-09-23,17.963221358449402,13.637354245090478,22.698549289365133
2004-09-24,17.80596964041166,13.409982410603789,22.69475475555845
2004-09-25,17.8301443927881,13.410455578186088,22.69464330815299
2004-09-26,18.01074773832886,13.351171199412022,22.954242680536936
2004-09-27,18.278757176799672,13.49985309006297,23.406575564505545
2004-09-28,18.19683972590667,13.837656221505426,23.108325291017707
2004-09-29,18.01195334934772,13.632127699477678,22.865425990485278
2004-09-30,17.78880301395469,13.320113337288205,22.501912295093746
2004-10-01,17.623982683853512,13.281462081769519,22.407093976981457
2004-10-02,17.082369825197475,13.280615999473923,21.63651337354139
2004-10-03,16.766212645426606,13.007452262733523,21.08299213000197
2004-10-04,15.815807128305437,11.778520945808054,20.348955556571354
2004-10-05,15.22618521237672,10.95111804377649,19.70884757022776
2004-10-06,15.344372762782541,10.566369667856918,20.148458135488
2004-10-07,15.703441443905717,10.843799333370953,20.517289735510815
2004-10-08,15.652470526260458,11.046812809724372,20.434380487790804
2004-10-09,15.415696530661478,10.54469002229223,20.364025309373062
2004-10-10,15.192677204012057,10.2005104425549,20.198018015658135
2004-10-11,14.869764248897866,9.970620401381666,19.816810906686044
2004-10-12,14.391390948182448,9.594956790973185,19.26082944904101
2004-10-13,13.852036420058369,8.97664801015037,18.875764328801665
2004-10-14,13.26693500772285,8.381799307379879,18.263993690945767
2004-10-15,12.639721509612912,7.346509849773611,17.755159012819888
2004-10-16,12.560769941763397,6.629545534570809,18.147383291305005
2004-10-17,12.829021240680277,6.880285852634756,18.64811730806582
2004-10-18,13.084950034476265,7.160565933883504,18.90658978598549
2004-10-19,13.27790179066875,7.3602632421985845,19.035336843783682
2004-10-20,13.25886416763882,7.534788963336325,18.903377218776484
2004-10-21,13.306830669964995,7.574101180496939,18.98249933269335
2004-10-22,12.932901196117257,7.071764008887328,18.630405511727133
2004-10-23,12.460591308240225,6.485487815982253,18.233920990753745
2004-10-24,12.513461440243304,6.538349552575767,18.31220700302265
2004-10-25,12.48175398154683,6.674190380219841,18.146016221608704
2004-10-26,12.318282229950796,6.586748013357578,17.89906839714979
2004-10-27,11.968847989578023,6.405956873403568,17.415576777652063
2004-10-28,11.412838766993787,6.045917120616934,16.868990059064515
2004-10-29,10.92237516974933,5.421533119513072,16.390873460475973
2004-10-30,10.528896840442258,4.857006598975261,16.084785146430193
2004-10-31,10.566967314367844,4.7176287256134515,16.380440526827385
2004-11-01,10.732834565391556,4.680060398992396,16.755990618097428
2004-11-02,10.767685088982603,4.612142691070119,16.93421678476932
2004-11-03,10.676846058736999,4.295824325835156,16.90552206521653
2004-11-04,10.523170285606227,4.018504362534259,16.88549556802417
2004-11-05,10.554155497909449,4.055062212515679,16.936699742727228
2004-11-06,10.795970720884327,4.469208556212607,16.975260374176685
2004-11-07,10.899019489663772,4.874444656939261,17.04402037986199
2004-11-08,11.12723963336947,5.099522570386284,17.213530586247202
2004-11-09,10.962402358688223,5.296460716180093,16.79315580793866
2004-11-10,11.153367250212227,5.324336384940068,17.02775261400234
2004-11-11,11.24584891243569,5.488785581139268,17.077243361633123
2004-11-12,11.178179414435363,5.509920870850351,16.90007223706027
2004-11-13,10.885300269358368,4.980287210414986,16.74506156978464
2004-11-14,10.461789365873074,4.380418026895029,16.677282720852986
2004-11-15,10.264998774121295,4.05610447102265,16.550194969047595
2004-11-16,10.601809046849155,4.024537793962054,17.04293149252038
2004-11-17,11.36069562266664,4.899373336188603,17.493402462675817
2004-11-18,11.348610367582694,4.903385043011099,17.348510611091626
2004-11-19,10.463166986056308,3.919489586970485,16.639572083354153
2004-11-20,10.385004349890039,3.8664171897161737,16.72434086337239
2004-11-21,10.582389040093801,4.4837142203310805,16.72367801458995
2004-11-22,10.373540830518834,4.3429951205886255,16.40756259533316
2004-11-23,9.734113322065355,3.6725439039316257,15.671802396960288
2004-11-24,9.314787773709611,3.2624172531424733,15.13897952737642
2004-11-25,9.262390594409737,3.3169935194167692,15.288328356566467
2004-11-26,9.076823034314145,3.2931150134077143,15.038530627710315
2004-11-27,8.852396706989907,3.072427678709687,14.818781450614438
2004-11-28,8.766012740842143,2.682998919555928,14.838095768967719
2004-11-29,8.632217114885236,2.4032752096958916,14.8319883487639
2004-11-30,8.494427074834448,2.1485084181109073,14.509106070877522
2004-12-01,8.216992566800002,2.368243758560766,14.140268492039638
2004-12-02,7.810771612970029,1.5616696833001242,13.892636516557161
2004-12-03,7.970543400904376,1.7662143378072415,14.472228932669339
2004-12-04,8.368055361397865,2.0647151621215016,14.949659517839905
2004-12-05,8.006040570329787,1.7071273422236004,14.754307198887147
2004-12-06,7.92330428272021,1.397723070566542,14.49489094585931
2004-12-07,8.795618323024314,2.338208083351617,15.26530664676983
2004-12-08,8.864799334408588,2.8696421514513872,15.277479973765537
2004-12-09,8.68312311296387,2.6168579337057736,15.23052237007522
2004-12-10,8.792893394560963,2.5628313345317792,15.28574478284105
2004-12-11,9.093251280637446,2.9528367075554343,15.5597194816782
2004-12-12,9.27353001539825,3.0050437339272094,15.769355986407959
2004-12-13,8.906283816737528,2.7313529748153087,15.493237147384548
2004-12-14,8.77686382054145,2.6090807630015433,15.123804146226405
2004-12-15,8.744310530014502,2.4140675526913355,15.309294313831344
2004-12-16,8.690787037469022,2.2638845019672544,15.228760145445904
2004-12-17,9.1484049839205,2.522036301228127,15.970050047499683
2004-12-18,9.347118368246356,2.9713387921984804,16.013626217310275
2004-12-19,8.856534746223588,2.643474312616661,15.090428322464902
2004-12-20,7.726148043871206,2.1849409966606004,13.278398459459765
2004-12-21,6.9367300242444685,1.5901810338255586,12.425305048832286
2004-12-22,6.805910471559457,1.1237051262141335,12.439755550316079
2004-12-23,6.668190566343355,1.096168647171055,12.336332035809107
2004-12-24,6.445593276987836,0.9772335307262665,12.20141738305
2004-12-25,5.758312928666669,0.2557196045712544,11.509076902090499
2004-12-26,4.51040888600221,-1.026809054648254,10.019683759234624
2004-12-27,5.307767256231443,-1.2399827156649508,11.123502341501933
2004-12-28,7.4973159778736544,1.022519147590799,13.673860710447741
2004-12-29,8.26728695790979,2.156900366486184,14.50753839485651
2004-12-30,8.623579523426883,3.116812938516887,14.405805111544282
2004-12-31,8.949920856497272,3.5464526542795056,14.318091247693928
2005-01-01,8.388541962984334,3.0254559601650612,13.838580033823007
2005-01-02,7.5425975229197775,1.9317553931916223,13.153618526749256
2005-01-03,7.012108031842558,1.2607149330111156,12.802545412182099
2005-01-04,6.771569379398159,0.9409408942004234,12.627885152815907
2005-01-05,7.029019329903065,0.9563128470267657,13.241211025004816
2005-01-06,6.559636134960726,0.4881639239119977,12.79511691610901
2005-01-07,6.151199835737998,0.0890485143546016,12.440168704191876
2005-01-08,5.9989473305811885,-0.1412042565772822,12.36873897464352
2005-01-09,5.739752521077605,-0.41919351640331115,11.954964745662494
2005-01-10,5.25844192795239,-0.7904955865235479,11.34986874495138
2005-01-11,4.586639422634164,-1.388555484349581,10.374336421067198
2005-01-12,5.083993855382289,-1.3816094883050596,11.3988610553738
2005-01-13,5.79073236383033,-0.6067997575357822,12.2624498505823
2005-01-14,6.034715506001191,-0.29346020733584055,12.473965005447894
2005-01-15,6.357223948043611,0.07933908248054422,12.807727903593957
2005-01-16,6.492270158945814,0.5355336215196189,12.666955374059455
2005-01-17,6.049851996741495,0.4205740245566858,11.85305560107571
2005-01-18,5.221729300989637,-0.5253351628392693,10.914386186486752
2005-01-19,4.378158936817442,-1.2902299299643687,10.140911514741958
2005-01-20,4.208791852307229,-1.6331468602404584,9.842330794537077
2005-01-21,5.369208797029614,-0.8823369747934748,10.851777919304766
2005-01-22,5.968504025321806,0.4264933027191091,11.375275731401757
2005-01-23,5.234489844423592,-0.2451250229940456,10.376453984729778
2005-01-24,6.056943026547174,0.2028618254284993,11.461449424402304
2005-01-25,5.8562398495644175,0.23222837004504981,11.579910487214534
2005-01-26,5.729909319336286,-0.1490554833119404,11.696880802162639
2005-01-27,5.872767703493992,-0.11914774029798991,11.69150234962217
2005-01-28,5.603684234932416,0.04111063668250381,10.934542257583018
2005-01-29,5.057954002267763,-0.0579082808773137,10.636105474141004
2005-01-30,5.500319799088231,-0.04527418833504271,10.95839990008426
2005-01-31,6.117798029695109,0.675728455261833,11.252844303084714
2005-02-01,5.787267645231111,0.13203320580805666,11.380329049762224
2005-02-02,5.3995040183541505,-0.8119350351288404,11.473877726818387
2005-02-03,5.838280042875908,-0.34749161422570296,11.723839593171931
2005-02-04,6.4017649762460564,0.41854790348747883,12.112931376786776
2005-02-05,6.5082492758110675,0.7887212458758199,12.061879010788289
2005-02-06,6.8943772308384155,1.3707218695338383,12.25252126890905
2005-02-07,7.740887622413879,2.1890088327717763,13.156699180156295
2005-02-08,7.982337694949933,2.3661270643124226,13.581822358562022
2005-02-09,8.382463151777301,2.466570894188976,14.214081487767885
2005-02-10,8.757425156469765,2.829114336548173,14.714143953044527
2005-02-11,9.430453028642205,3.0966472852013567,15.548231281569883
2005-02-12,9.532581550038628,3.462528148545232,15.638497801510312
2005-02-13,9.118794380689224,2.9639493951373197,15.092452484599676
2005-02-14,8.87026403972368,2.8507174141439577,14.83800845168986
2005-02-15,9.037265122942074,3.0163039594695533,14.796478305106064
2005-02-16,8.446902378214759,2.4550004110151917,14.342624336131223
2005-02-17,8.374535305300412,2.086843648562251,14.491291011316491
2005-02-18,8.158249046436708,2.4699470612476375,14.035920246357477
2005-02-19,8.013569370720973,2.0559583868765685,14.09819933093138
2005-02-20,8.086529161830299,1.563888219519697,14.385321679240064
2005-02-21,7.9420544350820705,1.4672654233336289,14.471189604065046
2005-02-22,8.15613912839882,1.5993982535409828,14.335448712962204
2005-02-23,8.518302085362848,1.6342976461332341,14.646842978001814
2005-02-24,9.543428707132364,2.8800603773090074,15.60897355625815
2005-02-25,9.700077138869688,3.2227257590108707,15.791232001019466
2005-02-26,9.81557970098919,3.358025460537874,16.056939651753964
2005-02-27,10.661848124766436,3.846409283285311,17.006813609956907
2005-02-28,11.08260040727896,4.62666191615034,17.317007340067562
2005-03-01,11.245904980321939,4.903300357484341,17.31718301634703
2005-03-02,11.48547313298451,4.918576601887651,17.681034297381757
2005-03-03,11.727869583091262,5.055853225673275,18.178496747384997
2005-03-04,11.985230575073786,5.228040938507547,18.403581108128776
2005-03-05,12.178381198055831,5.7051417247942595,18.279480241288525
2005-03-06,11.841189291710009,5.578739123275909,17.81687373211389
2005-03-07,12.076492199370762,5.794787440322068,18.133645380917415
2005-03-08,11.938674554466388,6.087965720789043,17.855121421719616
2005-03-09,11.783078075388971,5.801193428991326,17.68665829343223
2005-03-10,11.918636131440678,5.869543144382874,17.666868186940064
2005-03-11,11.57999777516568,5.316441911921515,17.455950286314305
2005-03-12,11.77919124997527,5.0057334662147355,17.759993806831233
2005-03-13,12.615670712582016,5.703322447238975,19.038815503006845
2005-03-14,13.621845245871043,6.416028411773425,20.216614833887945
2005-03-15,13.845681581301562,7.027447709158423,20.247452572810232
2005-03-16,14.492597637106542,7.634454947052916,20.76310609161584
2005-03-17,14.69781246295986,8.170976242430697,20.81953579489317
2005-03-18,14.854048966051892,8.381137425533268,20.976971371855768
2005-03-19,14.817877818083502,8.672316643078318,20.888249336368062
2005-03-20,14.523124000050018,8.313164043781057,20.560293153751843
2005-03-21,14.099854454911622,7.709402866157859,19.98072189168397
2005-03-22,13.604226681181103,7.506307211869682,19.438730068363213
2005-03-23,12.721479277602441,6.8163421696075375,18.59563633452308
2005-03-24,11.91803385781509,5.680892586856146,17.663088733153927
2005-03-25,12.028890636062897,5.457502320485503,17.889351513763813
2005-03-26,12.763107228164642,5.85849796900925,19.064062100827186
2005-03-27,13.440953136215569,6.56857862728026,19.59951556246648
2005-03-28,13.47966295454819,6.91273864001306,19.641114316488597
2005-03-29,13.530520857390798,6.892011216751996,19.724973242785552
2005-03-30,13.601788102257501,7.025906498395557,19.775350225017007
2005-03-31,13.153743715690325,6.161797752060693,19.46352309104384
2005-04-01,13.322350181243507,6.1089535498095415,19.835972407458712
2005-04-02,13.932926798270103,6.529134675807882,20.55090847573308
2005-04-03,14.20383218335337,6.921930778152841,20.806721262349015
2005-04-04,14.903759463482402,7.127213817566371,21.5949652601538
2005-04-05,15.923703266134737,8.410324905406469,22.442781587565037
2005-04-06,16.360202529399714,9.602717242010442,22.624922260491473
2005-04-07,15.76381141379045,9.683889244358227,21.6835957294536
2005-04-08,15.158614121033168,9.181983950824645,20.96100090000084
2005-04-09,14.537325734529304,8.494072754248009,20.303563267687082
2005-04-10,13.911055792673835,7.636139746606659,19.765857743452102
2005-04-11,13.288864886035412,6.73451612013065,19.323612624141276
2005-04-12,14.014928842915651,6.674440143625247,20.332047928700604
2005-04-13,15.188551415460722,7.769748638771091,21.7378481925129
2005-04-14,15.877863215011928,8.573711199439174,22.366808925062855
2005-04-15,16.16750762265616,9.132108457326865,22.619836870388838
2005-04-16,16.310140872256625,9.209227439436006,22.828324692770764
2005-04-17,16.303055790877977,9.128257320513853,22.856825542291176
2005-04-18,16.38622800434331,9.06298331144859,22.89201717603237
2005-04-19,16.532807079635006,9.399002105198576,23.067093244351213
2005-04-20,17.111413737139173,9.692593676703382,23.724433410316067
2005-04-21,17.519164369108353,10.253672290442466,23.890548846247157
2005-04-22,17.795333136560657,10.746156698978155,23.964057752114854
2005-04-23,17.871488954145093,11.527292733069942,23.864901265096933
2005-04-24,17.792730267998195,11.76140374728152,23.69229927232476
2005-04-25,17.509154399109093,11.610474108878748,23.201827513104718
2005-04-26,17.490249902177652,11.313005872583119,23.279441097544975
2005-04-27,17.199746760318078,11.111428899499401,23.162138779054544
2005-04-28,17.02811465405057,11.043333406960585,22.817657799918436
2005-04-29,16.698211448397956,10.914361854722983,22.389826471403467
2005-04-30,16.650224973558693,10.688416063828015,22.3226499397598
2005-05-01,16.650179892016467,10.8539809507065,22.258804700919484
2005-05-02,16.59267225574024,10.694069911436827,22.20932995270823
2005-05-03,16.430732752910956,10.590910800839765,22.024252321110964
2005-05-04,16.64392300024855,10.78221852040258,22.026342295728966
2005-05-05,17.05517910258999,11.249554094377515,22.44673515320852
2005-05-06,17.383341453602554,11.634445966853718,22.72670089016168
2005-05-07,17.333192688345264,11.514022347295906,22.70973878677546
2005-05-08,17.818673516291938,11.3728376022421,23.469389818783725
2005-05-09,18.232809856588403,11.836550252020345,23.96549305860782
2005-05-10,18.346556490985165,11.997060355937606,24.17105926684718
2005-05-11,18.34856273338488,11.8093335480811,24.258216092975886
2005-05-12,18.33803396961582,11.522088842642233,24.509569219093123
2005-05-13,18.277882129899353,11.212636464218804,24.485928173361742
2005-05-14,18.438430980062037,11.418756060722444,24.620089841903336
2005-05-15,18.55030355588076,11.313006435154932,24.889554029181
2005-05-16,18.920893461816604,11.811145656594476,25.219269641083145
2005-05-17,19.081769151457877,12.407914461741996,25.213696460895733
2005-05-18,18.90654916587289,12.40778918504418,24.84951618437168
2005-05-19,18.926502750407906,12.330060159927314,25.103328245151545
2005-05-20,19.092843298092077,12.628616181327118,25.151840199796368
2005-05-21,19.281121099166512,12.927780765326133,25.187580027199488
2005-05-22,19.368861450219924,13.30650098109993,25.053847178329477
2005-05-23,19.665229211680128,13.657812257451894,25.31368317628568
2005-05-24,19.769086510613988,13.582876466179528,25.67484639600474
2005-05-25,19.803176002025623,13.471345956755954,25.763585133091226
2005-05-26,20.02909879452261,13.739452201058498,25.929222442249
2005-05-27,20.024473381636426,13.725580399373769,25.873530100196376
2005-05-28,20.078026000030377,13.812788010816405,25.94170744971626
2005-05-29,20.24044133458574,14.153771450714999,25.886834415201747
2005-05-30,20.4941542226793,14.732680273835513,25.916086449204442
2005-05-31,20.917503960263787,14.969100299351055,26.366176758407335
2005-06-01,20.87880130039383,14.934857221848915,26.57096914773092
2005-06-02,20.907470038393114,14.819432179473836,26.62255191919843
2005-06-03,21.079527306757882,15.125555061783984,26.773853707895285
2005-06-04,20.948616572768856,15.111855496237297,26.602500383300935
2005-06-05,20.857942047912786,15.06457804123204,26.516609884082015
2005-06-06,20.875100652079652,15.249637773593804,26.40106206513866
2005-06-07,20.688691489524217,15.37814869000806,26.066160456147088
2005-06-08,20.85127371393793,15.5142895528179,26.144027181475224
2005-06-09,21.020123686106558,15.613373693343021,26.396157329404332
2005-06-10,20.995794631677654,15.369150477530866,26.406719934857165
2005-06-11,21.251464603594286,15.525146820118891,26.92037207116232
2005-06-12,21.372970567907146,15.699777597090247,26.829046926729973
2005-06-13,21.7119210142223,16.102856347554336,27.202180643173733
2005-06-14,21.9724733345426,16.404867679179063,27.312044356051217
2005-06-15,22.310781905826047,16.782643945222276,27.715952220074826
2005-06-16,22.2478012295104,17.088864444851765,27.53253818690314
2005-06-17,22.012989275684845,17.04374318976329,27.21476354289007
2005-06-18,21.872533932447936,16.973505780258847,26.981408770250937
2005-06-19,21.84859900024611,16.912738895659743,26.88415798203789
2005-06-20,21.972588222688955,16.836232504048894,27.074569516246868
2005-06-21,21.63529135761496,16.744543701709574,26.53203422656145
2005-06-22,21.164408211422483,16.67142402242405,26.019477230591235
2005-06-23,20.895108898998444,16.52132440070153,25.5604642118098
2005-06-24,20.293523750236034,15.73748314597458,24.85797647478637
2005-06-25,20.58018257204401,15.76752133363641,25.285411874080808
2005-06-26,20.60806940224205,16.00936252770407,25.143148110253605
2005-06-27,20.30015799489439,16.161206343981974,24.61824792340144
2005-06-28,20.27862492413982,16.2787282602622,24.540304460134223
2005-06-29,19.952204055441598,16.352881185699516,24.013048076906102
2005-06-30,19.85861327287654,16.45748202496162,23.831473581223065
2005-07-01,19.620979981357948,16.25415842705428,23.69871266020442
2005-07-02,19.5976426979272,16.20540837003307,23.548864460501875
2005-07-03,19.631268510415566,16.21690578073543,23.611646687857785
2005-07-04,19.573870470169197,16.09624924890278,23.639380280447995
2005-07-05,19.533060880446385,16.1411952335593,23.44967613839077
2005-07-06,19.946413649971532,16.331697960417785,23.983442541400393
2005-07-07,20.22193218251249,16.429654375399593,24.37167652829646
2005-07-08,20.31138081841732,16.409906403361504,24.421645002941773
2005-07-09,20.143599415184326,16.248270417012634,24.22047323001908
2005-07-10,20.034995022403905,16.208749234964216,24.086995010971407
2005-07-11,19.7354267536154,16.12811896568735,23.655357571151114
2005-07-12,19.631302994898192,16.129584501243528,23.432975477263938
2005-07-13,19.70680813604082,16.33928837585779,23.584339280336337
2005-07-14,19.700803093371746,16.53130693865279,23.492871406922916
2005-07-15,19.734947404510365,16.56265429253898,23.56906730288364
2005-07-16,19.768294168224713,16.60289676914556,23.669731445220634
2005-07-17,19.746996257583703,16.32550471072807,23.70986717416855
2005-07-18,19.797943565932087,16.15232554564517,23.907046068447016
2005-07-19,20.062527407147286,16.277846394692062,24.313406466592994
2005-07-20,20.144889239412976,16.400858338044486,24.39983917982272
2005-07-21,20.106406498499553,16.526678747500057,24.215071496295366
2005-07-22,20.200451893753723,16.5896461919952,24.222478231579714
2005-07-23,20.23305929896503,16.723099079786607,24.295904975269423
2005-07-24,20.338898704754854,16.902150984302466,24.259057598328695
2005-07-25,20.594320528806293,17.150592220366548,24.45653176616912
2005-07-26,20.432736382254404,17.204883423275533,24.23636615263655
2005-07-27,20.251497899613923,17.19565947552951,23.841361025400943
2005-07-28,20.244967730632993,17.223318597214075,23.868623912242413
2005-07-29,20.253485202480533,17.204910329962388,23.940686847623965
2005-07-30,20.34566305963523,17.236699728632402,24.052779080771415
2005-07-31,20.57670682810931,17.37812577714311,24.257441992789154
2005-08-01,20.64181417794572,17.472309578653267,24.3598271793673
2005-08-02,20.53600439941738,17.382666531359803,24.283486145711095
2005-08-03,20.65539180212494,17.396888019349376,24.38198474980902
2005-08-04,20.184627611195026,16.991643592736295,23.876544851242556
2005-08-05,19.79927028735824,16.50361389772064,23.50833399161172
2005-08-06,19.29528561497966,16.135629320899056,22.917023377410885
2005-08-07,19.087852816728002,15.989560490611154,22.75538185509987
2005-08-08,19.4305808830278,15.97183216179451,23.338500298996962
2005-08-09,19.921793981434234,16.209600598367103,23.97392324681482
2005-08-10,20.06847768222798,16.41989219454217,24.139884028662948
2005-08-11,20.271747338155308,16.602688502847172,24.283956182396935
2005-08-12,20.61257817532362,16.81562709187574,24.821491703560298
2005-08-13,20.790297814632424,16.929431778294315,25.009029423107165
2005-08-14,20.568631247602355,17.037145822865227,24.711220005234395
2005-08-15,20.09507546722665,16.775379312877817,23.989592204016844
2005-08-16,19.798454588525715,16.688756971011458,23.564595584428673
2005-08-17,19.87894628592096,16.66291507665801,23.756401914212915
2005-08-18,19.794673999037116,16.428575397803456,23.799813705365523
2005-08-19,19.497685921028562,16.29993587656537,23.392503787310318
2005-08-20,19.10647309012637,15.9929728983671,22.90413041149992
2005-08-21,19.259376330733232,15.67969803567621,23.4240594995361
2005-08-22,19.41815358027145,15.656727498569808,23.59764498632859
2005-08-23,19.566919201550036,15.826540114183842,23.70956566827624
2005-08-24,19.397369989813626,15.891200056369996,23.597899711321986
2005-08-25,19.297539512035996,15.686897023861206,23.53480294552702
2005-08-26,19.421658772601916,15.29051625351849,23.885730273806757
2005-08-27,19.420962257622136,15.143061650187349,23.995120919488556
2005-08-28,19.521986488866276,15.246362865382594,24.101823613436352
2005-08-29,19.812106125380808,15.319971764457534,24.518231078526128
2005-08-30,20.123513278357848,15.530779564460317,24.914080599997817
2005-08-31,20.3011995166882,15.7008364229373,25.13944782159865
2005-09-01,20.672124950667126,15.868542755665999,25.642162655852474
2005-09-02,20.819607283510322,16.091436492298442,25.833659582382268
2005-09-03,20.12821077823361,15.908016994678462,24.877293823800926
2005-09-04,19.641628631444917,15.524852553783774,24.107677152207884
2005-09-05,19.70953326873712,15.337700236931369,24.344962421633966
2005-09-06,19.880900721107082,15.336955024245924,24.500533055425592
2005-09-07,19.717441158384304,15.356426215328497,24.282229162782357
2005-09-08,19.497639149460383,15.296797447116887,23.98495650569754
2005-09-09,19.29813242810195,15.365798700421465,23.752288218794263
2005-09-10,18.692013011190227,15.227172457336394,22.88139844935955
2005-09-11,18.247536890667334,14.984043166540971,22.09639578611734
2005-09-12,18.24698996666092,14.9125548884017,22.152877400593013
2005-09-13,18.31912270389796,14.973664395855792,22.29393021100634
2005-09-14,18.209688682355647,14.79350818901355,22.143897033831934
2005-09-15,17.940234838651122,14.452502998501359,21.799819504850518
2005-09-16,18.117782724272672,14.420338387175377,22.08466687440989
2005-09-17,18.204166779454624,14.615436605252285,22.064579603179993
2005-09-18,18.184513488048708,14.603910655344237,22.319173020637038
2005-09-19,18.074770605117692,13.92991664497913,22.40694099107651
2005-09-20,18.031748207404007,13.800025710820648,22.299059460365584
2005-09-21,18.350275717029717,14.24884981600485,22.69215454260268
2005-09-22,18.275094819608626,14.564672296838637,22.469793330162304
2005-09-23,17.925700691114514,14.493835038690406,22.109330649991477
2005-09-24,17.911561977971303,14.229271187218558,22.062639235633412
2005-09-25,17.984473240805244,14.215339927236585,22.231685790523557
2005-09-26,17.799435841579566,13.758180184464834,22.284152610337287
2005-09-27,17.694683853070103,13.290491412250333,22.44537096734001
2005-09-28,17.61793898161335,13.050067265359928,22.51305727219517
2005-09-29,17.41487596946604,12.864557898380951,22.288153338186476
2005-09-30,17.328549528026315,12.796115713478116,22.26356417721985
2005-10-01,17.160146846135547,12.251301099131297,22.236904851067663
2005-10-02,16.932160351760672,12.090950737879496,22.034684918482014
2005-10-03,16.904941993101602,12.003650358921277,22.00921110987025
2005-10-04,16.880513755967684,12.016606017936397,22.07985930751653
2005-10-05,16.70676845140349,11.574789185617249,22.038566275521703
2005-10-06,16.699512231969436,11.269330425560383,22.10068902338719
2005-10-07,16.674553733020787,11.342570074343143,22.10623364176206
2005-10-08,16.415808284439834,11.122630680594398,21.834285251349968
2005-10-09,16.429467010251074,11.099257921377784,21.793078520945812
2005-10-10,15.96101562649443,10.813984329631126,21.242464847610336
2005-10-11,15.71108123893714,10.598667296163171,20.979545594371473
2005-10-12,15.439660073636048,10.483754786425095,20.59478503193111
2005-10-13,15.1471135191411,10.231499183517315,20.2991266073019
2005-10-14,14.96982996135705,10.00658979446149,20.12645665759925
2005-10-15,14.88731822069201,10.017725841065953,19.911996160771366
2005-10-16,14.840563570945221,9.940741657298247,20.030572877024383
2005-10-17,14.730578247453423,9.78942832304665,19.91850883951747
2005-10-18,14.289255403850234,9.48186620495818,19.481549166044317
2005-10-19,13.753835264516397,9.076531180739778,18.784813231559156
2005-10-20,13.782794150981488,9.15524430496788,18.5838982551237
2005-10-21,13.646004324126238,9.055852575872962,18.409134151027672
2005-10-22,13.242490332533407,8.187077137789345,18.27269435802924
2005-10-23,12.840035002160505,7.01266333893102,18.22848328621808
2005-10-24,12.982802687719811,7.171026027930736,18.651414911785196
2005-10-25,13.306179485048688,7.894675092022055,18.621064013946352
2005-10-26,13.104036785649498,7.756192616439307,18.30609468225191
2005-10-27,12.588097174194672,7.010000755537817,18.020300471231565
2005-10-28,12.301227361140661,6.77404951533066,17.834940280831916
2005-10-29,12.32478944180042,6.725535716462446,17.860147019097724
2005-10-30,11.838775356068652,6.313123425821118,17.29270052094796
2005-10-31,11.344805084897985,5.895820716340438,16.89282147778772
2005-11-01,11.001379431921578,5.632388928424291,16.357969200739944
2005-11-02,10.890549971716041,5.392324859042162,16.393296310731955
2005-11-03,10.771106269763493,5.094614354040402,16.407569139134978
2005-11-04,10.677589483758823,4.87667987659205,16.355556136327777
2005-11-05,10.391250294502925,4.545684041444815,16.25075797064011
2005-11-06,10.398989437606872,4.494559778025007,16.369891600950723
2005-11-07,10.48812301463704,4.439353159444693,16.464955662157536
2005-11-08,10.453967231124466,4.612675206204358,16.38251837048398
2005-11-09,10.330401098137713,4.476955622367484,16.2924984394798
2005-11-10,10.254961660370327,3.998690043423153,16.54935252137716
2005-11-11,10.531803920239724,4.472322564603701,16.65044767696918
2005-11-12,10.564340406099404,4.469506912427562,16.917500446856252
2005-11-13,10.352227058115034,4.20248966291075,16.794624234393268
2005-11-14,10.519261954861406,4.059561461099463,17.09227008745148
2005-11-15,10.606324927297237,4.4265582286122935,16.945463483887295
2005-11-16,10.282675212734887,4.223370183065015,16.607423163113936
2005-11-17,9.53132746152113,3.446250823974026,15.84658874557664
2005-11-18,9.188305582379428,2.6713785304024213,15.618227445307696
2005-11-19,9.6894737354761,3.3627117826610515,16.176232357830486
2005-11-20,9.927917312666182,3.840516857504383,16.3067027199653
2005-11-21,9.95067548048388,3.894206868796914,16.159825900436374
2005-11-22,9.670357713507315,3.901018335478909,15.73459205316135
2005-11-23,9.268178324520306,3.4935800333183806,15.263704487471841
2005-11-24,9.000317489316728,3.0648643177706845,15.15967797876823
2005-11-25,8.90846263784772,2.764968176845116,15.171066896552588
2005-11-26,9.153822221851499,3.236272942969208,15.135611901916604
2005-11-27,8.785079522037677,3.2460447945435362,14.617584410084362
2005-11-28,8.53447364697604,2.832629953369576,14.626635535067976
2005-11-29,8.450107514288334,2.703491444781605,14.652496397154437
2005-11-30,8.245449184449967,2.52055767765944,14.301962325726436
2005-12-01,8.202875616761958,2.4050949607647,14.243890760672912
2005-12-02,8.304755585840383,2.268982470322271,14.46901575636548
2005-12-03,8.473580803739708,2.624488845887697,14.635492349659899
2005-12-04,8.15897918895331,2.3053042319017436,14.160538572503128
2005-12-05,7.878398858430955,1.552943593073394,14.215205396119472
2005-12-06,7.704178271679268,1.3720381717312193,14.407016415835244
2005-12-07,7.556580283152869,1.1878048108792427,14.430085343922599
2005-12-08,7.44899797996851,1.1894802583539104,14.146632453717302
2005-12-09,7.193934435959534,1.1501623859088,13.569085592433794
2005-12-10,6.756144445165546,0.6702177086584697,13.129047515472735
2005-12-11,6.417791392469667,0.43248634571926914,12.860308229069233
2005-12-12,6.501588265862608,0.43680340633824244,13.145826047178446
2005-12-13,6.452296312346505,0.32346490402500194,13.270201424195022
2005-12-14,6.59452818830141,0.21933883250886765,13.466542893541373
2005-12-15,6.9808196197525945,0.6167524430128992,13.834471543729421
2005-12-16,7.110518640913881,0.9211776070616793,13.977953419644564
2005-12-17,7.055320093919988,0.626372056503044,13.85285013508468
2005-12-18,6.869273479940034,0.7819169451133803,13.50258095385675
2005-12-19,6.795784303452592,0.5844054031579731,13.28581781317473
2005-12-20,7.049646183065477,0.7290833801832264,13.397795573488054
2005-12-21,7.51106904875985,1.5877627783809771,13.508450713172465
2005-12-22,6.918204650684004,1.8741791698940915,12.314931454781743
2005-12-23,6.163862870195203,1.0310735087994658,11.502459026382496
2005-12-24,5.876856533597561,0.4066338386117536,11.498696305554631
2005-12-25,5.729917805470791,-0.31419589191449404,11.775911694783304
2005-12-26,6.0421212513788305,-0.3661937649418405,12.467541664262058
2005-12-27,6.729328863503042,0.26511011942102414,13.260495733684081
2005-12-28,6.551714433914128,0.2495268973315774,12.95813978976173
2005-12-29,6.288957404467226,-0.12193289899346382,12.809586892358084
2005-12-30,6.434630734597931,0.1112591530093141,12.993153507926024
2005-12-31,7.060590695944768,0.8816133870495264,13.373624400905612
2006-01-01,7.614010747635518,1.7379428422958654,13.772267243157444
2006-01-02,7.535757545333752,1.9104726012523088,13.424870680719152
2006-01-03,6.6770252735348095,0.8653540664224693,12.597653379099086
2006-01-04,6.2101873231536615,0.4139856984309631,12.48447991124948
2006-01-05,5.969663809424276,0.09971657375427867,12.537783561029926
2006-01-06,5.964845064197391,0.05094107939822834,12.503802704667635
2006-01-07,5.9771795550828415,-0.15004297913179698,12.652900199310693
2006-01-08,6.115989055024272,-0.05526328002605396,12.83236256215082
2006-01-09,6.590251855824022,0.2692573504886582,13.05262414937107
2006-01-10,7.087902993823889,0.6297953294257468,13.8574047297829
2006-01-11,6.636514521712229,0.2622899722038028,13.547924025790735
2006-01-12,6.658191451873336,0.18444276149233474,13.453532957489642
2006-01-13,6.849568969736822,0.5777273293213625,13.255323666034315
2006-01-14,7.076618033646525,0.8841788590183342,13.197767105445962
2006-01-15,8.618126256661128,2.19519729460319,14.656112716474297
2006-01-16,9.314852365148681,3.6337667921668526,15.307054274528582
2006-01-17,9.136609998560857,3.3205481321283514,15.06591497505849
2006-01-18,8.702218199604431,2.958114830216914,14.662746717826053
2006-01-19,8.232532462465315,2.531829930464937,14.30110028580998
2006-01-20,7.928165376201491,2.0227989789066783,14.210492050183689
2006-01-21,7.162249830338737,0.870200120211507,13.354899801276758
2006-01-22,7.010060798815687,0.6267367581119743,13.296074966619699
2006-01-23,6.388751836651863,0.10544787075679096,12.761305452172849
2006-01-24,5.413495179309848,-0.828157855375764,11.551079492329109
2006-01-25,5.343160868465134,-1.2614596472685662,11.767668179748284
2006-01-26,5.937661140393459,-0.7767968257827533,12.419723271243356
2006-01-27,7.141504735770525,0.18520727754656718,13.774428350139715
2006-01-28,8.421281710419862,1.4834736394217316,15.17252718322976
2006-01-29,8.802506789534391,2.0880315016493114,15.576004183508928
2006-01-30,9.429787455486974,2.5180002712696137,16.487527036362394
2006-01-31,10.141053881573498,3.0387475569514777,17.28278164565586
2006-02-01,10.389822958943569,3.429925218881351,17.283502513179144
2006-02-02,10.192092649997221,3.3708813866430205,17.17012714694289
2006-02-03,9.879331766400867,2.9863506276234943,16.762868223132045
2006-02-04,9.238741338718,2.512464173158321,15.83473588977273
2006-02-05,9.706697712169671,2.5797883332108427,16.72395055576851
2006-02-06,10.154891898044525,3.1317780665861505,17.2357100991872
2006-02-07,10.218204285151103,3.160964981639097,17.143963781406512
2006-02-08,9.903522943026758,3.0027413342672844,16.672496515412035
2006-02-09,9.690020450553163,2.896454183975038,16.292058141868665
2006-02-10,9.902634387112869,2.834375448022797,16.60683898392142
2006-02-11,10.727604724443324,3.361601042381835,17.69167917123957
2006-02-12,11.112970219397198,4.227263852640817,17.73217055170761
2006-02-13,11.40030002753116,4.602936867024425,17.975491893431524
2006-02-14,11.416041199369772,4.983803635991876,17.67395198794111
2006-02-15,10.913009096200767,4.918497145766025,17.00370791107804
2006-02-16,10.438066833128005,4.104529148968595,16.652056916286995
2006-02-17,10.992780961268465,4.290981331951514,17.40375758924381
2006-02-18,12.388428608843299,5.32670018902229,18.944622410866316
2006-02-19,12.967607644562065,6.4201913952436485,19.370445135043553
2006-02-20,13.035582437197718,6.383757769023589,19.51483273702695
2006-02-21,12.643274668483116,6.123211574001232,19.20318947626265
2006-02-22,12.818056715652915,6.116410931943221,19.466338286756184
2006-02-23,13.221575638852983,6.33903656410223,19.857572662202074
2006-02-24,13.276365276158515,6.424480368700699,20.0313262186408
2006-02-25,13.396262386820126,6.701618813146126,19.825496497806398
2006-02-26,13.169447105768029,6.568222755895704,19.5661405722563
2006-02-27,12.465960292007253,5.914985984819566,18.802491505344676
2006-02-28,11.826822458202287,5.256073647230551,18.3155326781731
2006-03-01,11.440582420210944,4.550347651456548,17.829298913655748
2006-03-02,11.571531816459412,4.839721421258048,18.054030757446924
2006-03-03,11.6076377749867,5.198785334898673,18.06112008621676
2006-03-04,11.685317916952954,5.37317139103709,17.936590002836283
2006-03-05,11.372277058306395,5.25267054959761,17.423171580968358
2006-03-06,11.527389047131408,5.047531169360013,17.705825810197382
2006-03-07,11.864346066162625,5.123290376419675,18.20108153057265
2006-03-08,12.318065170701516,5.590100437164381,18.8252969295429
2006-03-09,12.376292979032371,6.132645487925799,18.525636923798572
2006-03-10,11.797775722992526,6.285633965622708,17.12352667910062
2006-03-11,10.979292916732788,5.578109855410446,16.290022963421336
2006-03-12,10.466733342710711,4.497297164749227,16.08594833298696
2006-03-13,10.873271737371795,4.524444636282112,16.52965165811844
2006-03-14,11.468538625709868,5.625738879018002,17.0020961444269
2006-03-15,11.52213555729918,5.600743455663746,17.076557261559117
2006-03-16,11.028581570100812,5.1231168202252775,16.708368404977364
2006-03-17,10.930254386777392,4.454139985652887,16.91711215851751
2006-03-18,11.319738383734489,4.380960688646724,17.548365459876777
2006-03-19,12.12804718861156,4.883745333486729,18.480968080236494
2006-03-20,12.827273966829523,5.755264165043968,19.127435713583452
2006-03-21,12.9328727877824,5.600450223736232,19.389941625145582
2006-03-22,12.707497465570952,5.483125770761831,19.201427448089873
2006-03-23,13.109542526651694,5.791350000825332,19.64306779128043
2006-03-24,13.730605492566667,6.442458579298375,20.22412238972663
2006-03-25,14.183013964987481,7.293389871336558,20.57610594564227
2006-03-26,13.912058030331536,7.217311415135782,20.187857370092388
2006-03-27,13.560183047293265,6.674100120148751,19.971016450796412
2006-03-28,13.547769057764754,6.310658050598931,20.11206495318686
2006-03-29,13.58292665763895,6.236126326882868,20.15132655056061
2006-03-30,14.045817186187833,6.399817347513249,20.687225611929023
2006-03-31,14.947925709201456,7.343114404972482,21.64137302223412
2006-04-01,15.402435180578891,8.139288293801997,21.883695455115003
2006-04-02,15.345998658100427,8.423796658606307,21.73938361231302
2006-04-03,15.062205932849167,8.288422057174728,21.25195351872577
2006-04-04,14.874600878029128,8.130669033663594,21.058216887129902
2006-04-05,15.013273715817434,7.9505540962016426,21.400739844181487
2006-04-06,15.638705905190534,8.378507358950856,22.246243590646827
2006-04-07,16.06927287755235,8.768986814489608,22.63021092021836
2006-04-08,16.539876058230902,9.339538105616839,22.94801730989701
2006-04-09,17.17826147952036,10.257976005630155,23.188029142355504
2006-04-10,16.472288601654157,10.208395550823639,22.37084560596253
2006-04-11,15.729406896164278,9.299146586806899,21.85447633070055
2006-04-12,15.74211545032631,9.06008437159403,21.9557184678892
2006-04-13,15.591697493600464,8.683001618671199,21.912270025920122
2006-04-14,15.743973436230249,8.802481002461832,22.117006091730502
2006-04-15,16.08475290831177,9.366206130873593,22.351346477263633
2006-04-16,15.79170521868241,9.629498100182047,21.840014397591972
2006-04-17,15.036599673681792,9.251180761394039,20.623638396470483
2006-04-18,14.87632795180366,8.947712591150264,20.253353240309934
2006-04-19,15.163466115721349,9.234509297614522,20.71985941665639
2006-04-20,15.33324135546178,8.853027741707592,21.123977709313976
2006-04-21,15.754759597423686,8.725140518679495,21.79736680832167
2006-04-22,16.12384937971939,8.842576313354016,22.447989130140968
2006-04-23,16.578411702250605,9.281689658282176,22.94530427391544
2006-04-24,16.86217725779187,9.711764076282464,23.240477535649234
2006-04-25,17.22478402178575,10.21885105979959,23.613633378273846
2006-04-26,17.327813448096094,10.547564115339469,23.686319573674382
2006-04-27,17.37497057452771,10.579371584217654,23.72269243415508
2006-04-28,17.522705406895625,10.627772298841194,23.915242682873668
2006-04-29,17.983305598700667,10.957925786476551,24.330473040974994
2006-04-30,18.918182050379983,11.582927393047214,25.191243042444057
2006-05-01,19.530101229222794,12.554175873485178,25.780833275636155
2006-05-02,19.2055440077051,12.872879649834374,25.291744451839065
2006-05-03,18.986808288103703,12.647479049046694,24.961857002297393
2006-05-04,19.064916409288173,12.240687351885242,25.210786737376054
2006-05-05,19.537114570921176,12.744737511689777,25.764627704042084
2006-05-06,19.779511143824323,13.048688393422026,26.038244864156354
2006-05-07,19.91497636552924,13.385740281904418,26.170820454799696
2006-05-08,19.96392877675686,13.649872289590803,26.014170333619973
2006-05-09,19.95397875245618,13.989731919564178,25.664042107861235
2006-05-10,20.054140415974985,14.139411910193417,25.917806302173403
2006-05-11,19.74680588105599,14.087108054454347,25.419301782418927
2006-05-12,19.25763468077963,13.565139330545946,24.89658372966835
2006-05-13,18.943009228059964,13.101657005613845,24.635403049770616
2006-05-14,18.999703224869847,12.968215086871567,24.74921307046651
2006-05-15,19.221119930291934,13.17582628661529,24.913506264381226
2006-05-16,19.693521893752973,13.714363180432997,25.37184140479252
2006-05-17,19.96000762062772,13.941178788224875,25.42639300534603
2006-05-18,20.116810134356456,14.291554503512032,25.715900099155704
2006-05-19,19.35363162025334,13.77746790445741,24.79303515002016
2006-05-20,18.713488609287253,13.449335384555013,23.77111947537611
2006-05-21,19.152031524906022,13.718133102340232,24.44794496559348
2006-05-22,19.53660264115763,14.108811616582784,24.970353717334604
2006-05-23,19.656055223567478,14.31410232942676,24.93853916872291
2006-05-24,19.939926631425806,14.402811578149965,25.293210324496442
2006-05-25,20.268395522725598,14.93970914437375,25.521543085743644
2006-05-26,20.373363631098528,15.244937512080185,25.645074232490003
2006-05-27,20.1244947961747,15.20125881018157,25.165538025311378
2006-05-28,20.190633564058373,15.405138303019783,25.309724883844865
2006-05-29,20.283642879530987,15.525607655101737,25.13167477623449
2006-05-30,20.683151155154576,15.680720090843351,25.63922961493705
2006-05-31,20.87021594803906,16.172499449694953,25.760529585015547
2006-06-01,20.452514299160725,15.918549113178244,25.232157607710235
2006-06-02,19.896202352852185,15.549262653386506,24.498222174663226
2006-06-03,19.731772108423343,15.727949841019154,24.19131406618618
2006-06-04,19.83006019450903,15.638926733966116,24.44232415798143
2006-06-05,19.814842509642062,15.542001207541546,24.395513893565237
2006-06-06,20.19178136206972,15.704634237137554,25.067302453023217
2006-06-07,20.534277894216245,15.854489500438092,25.42089875056996
2006-06-08,20.97974629557217,16.075960695585877,26.01671204677052
2006-06-09,21.270122886805723,16.157073683166686,26.497879898110114
2006-06-10,21.26969367860039,16.240708825287243,26.497602167307093
2006-06-11,21.03507223052668,16.075932686701435,26.245018354704484
2006-06-12,20.746713735881144,15.905622313751564,25.90868853004588
2006-06-13,20.40476462438852,15.565806938759522,25.373087581613504
2006-06-14,20.376593470296314,15.444952037775352,25.31819191213168
2006-06-15,20.591621379065202,15.580407262317749,25.731391801568805
2006-06-16,20.202522452162327,15.39799557463067,25.343569265742076
2006-06-17,20.007962429626218,15.097920058842533,25.122279020032693
2006-06-18,20.007445015652536,14.710410325264718,25.2094489146167
2006-06-19,19.8105731602094,14.498735158286763,25.09725288118068
2006-06-20,19.797595352074836,14.562115385931747,24.791344271689013
2006-06-21,19.78068126379003,14.49505569807161,24.788357753879893
2006-06-22,20.33705172643272,15.114958301846286,25.21238424137698
2006-06-23,20.890839773049493,15.895685567389648,25.66560020528908
2006-06-24,21.142146750754193,16.35000525119392,25.79191684890867
2006-06-25,20.728551499368393,16.44224716303023,25.181738617556107
2006-06-26,20.48331980174993,16.455560804012464,24.79853652567226
2006-06-27,20.265526741247754,16.382819097139702,24.50926491063234
2006-06-28,20.195658289954906,16.596778831562915,24.40925116303208
2006-06-29,19.99339108298551,16.50030617446049,24.137848279545324
2006-06-30,20.226966932333653,16.666150220222107,24.275182455761865
2006-07-01,20.896189721927612,16.879983646199946,25.13003039617712
2006-07-02,21.173220831300114,17.012841455601972,25.473051078129515
2006-07-03,21.11912572703301,17.06554457913171,25.218137418321533
2006-07-04,21.271799862311127,17.329133929660998,25.3152150790483
2006-07-05,21.016033756102672,17.313553383256988,25.07670197874171
2006-07-06,20.889710947383946,17.024778113281855,24.8335289330808
2006-07-07,21.314850528188288,16.968283245165367,25.419480923724905
2006-07-08,21.46437029172938,17.231460747875587,25.759799865717696
2006-07-09,21.04622349537169,17.070746206725175,25.215149664395994
2006-07-10,20.67878014545954,17.16940268025928,24.69476685675744
2006-07-11,20.6566658463434,17.28713010873804,24.607211180421075
2006-07-12,20.50155127416315,17.32272540186227,24.390949413737076
2006-07-13,20.460395917228993,16.95295708893076,24.539441526257406
2006-07-14,20.423193845820037,16.865478935683882,24.40839731122145
2006-07-15,20.866471634070194,17.095398794334074,24.940032486044743
2006-07-16,21.176163461692283,17.147770676202356,25.47876912720801
2006-07-17,21.192909112687005,17.21215294780086,25.483276104669244
2006-07-18,21.10025469980627,17.358911347546268,25.2224267408871
2006-07-19,20.802499435592438,17.334728231047563,24.835264577581256
2006-07-20,20.562337070598744,17.106704071779518,24.57061545839116
2006-07-21,20.34718588470588,16.99431978879187,24.21989529034147
2006-07-22,20.30292917937004,16.831999547807015,24.149735634688682
2006-07-23,20.421936800409526,16.70155181192115,24.40808072920771
2006-07-24,20.448062156547053,16.68501508972446,24.46707195353639
2006-07-25,20.27895101971643,16.59461356616947,24.404877002435853
2006-07-26,19.734030837388275,16.447225426639193,23.586368128751474
2006-07-27,19.214563674860813,16.187481853934685,22.86452619386779
2006-07-28,19.159461137781875,16.143431638377706,22.705822478414404
2006-07-29,19.359748896082692,16.22704112562826,23.009790925000743
2006-07-30,19.715077862774308,16.387593327039554,23.408400051237606
2006-07-31,20.026068167680876,16.532811444775575,23.870993054796998
2006-08-01,20.069188898395055,16.62662867855289,23.988846630117337
2006-08-02,19.736364271805087,16.537894954871092,23.45481290903274
2006-08-03,19.479432538736376,16.26505515802495,23.065288760480883
2006-08-04,19.445721784118803,16.169247810762784,23.106480612033977
2006-08-05,19.363047470123206,16.18456575776173,23.031752716159076
2006-08-06,19.38172036731254,16.204723468995496,23.109974060717377
2006-08-07,19.417934858378374,16.256817735219897,23.18729893755335
2006-08-08,19.54645284900471,16.309492383056238,23.414892499693337
2006-08-09,19.779054489927262,16.286817729078166,23.792146823187977
2006-08-10,19.91138118415978,16.41478786438114,23.903740884514093
2006-08-11,19.982078795661323,16.59995280944196,23.973342313007436
2006-08-12,19.93165089101109,16.695935880786465,23.783230459905496
2006-08-13,19.79458212960003,16.773535055620414,23.534984727436438
2006-08-14,19.723969343822887,16.645167679357883,23.474533465146806
2006-08-15,19.877178384144372,16.72080907564566,23.763968193883045
2006-08-16,20.03457801651564,16.648570088986958,24.013142856222146
2006-08-17,20.098451488685043,16.654862847220897,24.006476760337648
2006-08-18,20.153323603494187,16.749559425430505,24.04075814561213
2006-08-19,19.973355240985654,16.57556615884687,23.8831061493745
2006-08-20,19.768737501945793,16.48541144903919,23.578027624117396
2006-08-21,19.64756420373908,16.53491211819761,23.4643421610744
2006-08-22,19.323910046284766,16.389686033525493,22.945622900306205
2006-08-23,19.300700850526766,16.201779528894292,23.00180270878684
2006-08-24,19.33367204809764,16.00524152757589,23.13550708370724
2006-08-25,19.489804984853777,16.03147375193356,23.419961765223775
2006-08-26,19.142029616363686,16.006850884401445,22.8762867561897
2006-08-27,18.788515583361686,15.683046791281924,22.57772924246092
2006-08-28,18.781816158687207,15.574600561339025,22.610781695582432
2006-08-29,18.83190762030881,15.505886913819438,22.781265984817708
2006-08-30,18.739676353936318,15.197974608993604,22.793887901871585
2006-08-31,18.550318253258922,14.876739277853403,22.698197295533134
2006-09-01,18.613217573632426,14.872812935339596,22.76757257221641
2006-09-02,18.879791790266722,14.970319466690512,23.163323983545922
2006-09-03,19.069964745745665,14.900884458860844,23.42405077894233
2006-09-04,19.10862060821114,14.808873239610989,23.565044200557054
2006-09-05,19.32132398101129,15.045414145584516,23.71117042195999
2006-09-06,19.54693488977324,15.231331878687001,24.052194547971396
2006-09-07,19.33481452633498,15.250514588942224,23.72758887243549
2006-09-08,19.271910844260844,15.22526972846623,23.670526244453242
2006-09-09,18.81366878301384,14.919962004865454,23.098270519954838
2006-09-10,18.82452608680495,14.743100853993099,23.181347064576244
2006-09-11,18.411326598494213,14.784680097717512,22.60880045827048
2006-09-12,18.001856671808525,14.315874579764113,22.24770427847875
2006-09-13,17.9640289742581,13.925726640353446,22.37960610421868
2006-09-14,18.042240209809563,13.97235563723865,22.492790053588863
2006-09-15,18.053552090613437,14.057798354360841,22.437435456543312
2006-09-16,18.277847655886603,14.054742813804012,22.759365395142595
2006-09-17,18.329502101264723,13.893593081890003,22.70845817018602
2006-09-18,18.58100623582243,14.075702265507289,22.975726411932158
2006-09-19,18.757351075254405,14.345131004519999,23.29274168227488
2006-09-20,18.307122155536035,14.386016583264336,22.612105605030308
2006-09-21,17.86227198254778,14.29819433668996,22.041654491124063
2006-09-22,17.547569824286256,14.050770045328193,21.62016334930604
2006-09-23,17.564344752297984,13.696749422041819,21.886272581145874
2006-09-24,17.495273273252337,13.529790147473875,21.980724772442215
2006-09-25,17.45501848284721,13.303006648844416,22.0281798669601
2006-09-26,17.379133272639876,12.861080204975224,22.1579566657407
2006-09-27,17.454476713632516,12.655397266176692,22.442701179421647
2006-09-28,17.59271136040155,12.476772459607844,22.73686496840469
2006-09-29,17.737399753156183,12.849552683443278,22.7132567692222
2006-09-30,17.786271042001147,13.191173206198016,22.657706523471802
2006-10-01,17.842542605956908,13.153303944411334,22.648143468762385
2006-10-02,18.01197898315769,13.211896814358681,22.957497503332263
2006-10-03,17.988432465570952,13.169207396061381,23.123377101588858
2006-10-04,17.37742635402202,12.754623918887944,22.532274637218563
2006-10-05,16.81373325362631,11.84755509556237,21.980143597187066
2006-10-06,16.47692409431835,11.324542544051269,21.731246104697902
2006-10-07,16.022050313011334,10.993107772212397,21.110465819227443
2006-10-08,16.197705277395755,10.795767475361686,21.398003297909952
2006-10-09,16.385984508442334,11.065368592271398,21.58933759597153
2006-10-10,16.33364902331249,11.173814368062438,21.558632977613627
2006-10-11,16.20793503475545,11.036119314305552,21.433924138085274
2006-10-12,16.119085871730363,10.98913027424976,21.337390915033154
2006-10-13,15.989330478681154,10.900808916834194,21.121832052183663
2006-10-14,15.848836931754988,10.802779861806243,21.008052444314558
2006-10-15,15.676523628088205,10.382942542871888,20.90630430081751
2006-10-16,15.705617539953437,10.194323195476557,21.06697549311201
2006-10-17,15.463415898144262,9.8010543441261,20.939801121634048
2006-10-18,15.051878610414633,9.466758329501488,20.690588165066856
2006-10-19,14.569327571537428,9.230036991111263,20.205965643510183
2006-10-20,14.178655019319876,9.202337406043739,19.301789520577813
2006-10-21,13.94959766187776,9.037915680545325,19.08038352967145
2006-10-22,13.537544737707378,8.351371255168658,18.806418071898293
2006-10-23,13.021011186391092,7.410946153657449,18.50915414881115
2006-10-24,12.863685772925692,6.972379027886177,18.469911651852556
2006-10-25,13.055872243601527,7.093126449492104,18.7826036117404
2006-10-26,13.145153868981708,7.3098082225429835,18.74261793816993
2006-10-27,13.022153512368732,7.492447341740501,18.540428299460643
2006-10-28,12.474232536067177,7.057811720982727,17.90077996507
2006-10-29,12.338891596117264,6.7936081932098205,18.01366872042587
2006-10-30,12.441157991154682,6.625907233678049,18.202871922121233
2006-10-31,12.251235007914033,6.512211663045036,18.109282172990845
2006-11-01,12.206417928212659,6.570291257546046,17.982934909483788
2006-11-02,12.186390636727992,6.758711858304366,17.80419355656329
2006-11-03,12.598361286385341,7.100467533026915,18.1026466589484
2006-11-04,12.487208739648736,7.063569149057571,18.038445394392
2006-11-05,12.13674830863107,6.2857921756954624,17.991500679920307
2006-11-06,11.893022034998069,6.054278998158111,17.850900430594038
2006-11-07,11.72197020618512,6.1873472925867645,17.48303960141766
2006-11-08,11.722658720123661,6.2523535378127235,17.40692913251337
2006-11-09,11.810545494025291,6.279335705083611,17.47916058533633
2006-11-10,11.908151854628272,6.48544959056801,17.29621935004053
2006-11-11,11.918407924561507,6.496655814125404,17.18788082842002
2006-11-12,11.518086205418967,5.995814647163172,17.097564483522092
2006-11-13,11.282843224532598,5.699945257873992,16.926195836169654
2006-11-14,11.14991388632393,5.611158889041917,16.742671725562104
2006-11-15,11.076986222822825,5.672677884090433,16.70914480764918
2006-11-16,10.90147175113077,5.526440116699348,16.38202885429422
2006-11-17,10.602598980651749,4.9577474591047235,16.211327491922077
2006-11-18,10.568944248199898,4.914976026313241,16.190815318587397
2006-11-19,10.087261684865211,4.52084643896211,15.725153652434528
2006-11-20,9.576238471523084,3.785210182241485,15.300311301406907
2006-11-21,10.032245517253784,4.078915033815804,15.797014494785515
2006-11-22,10.04195024149277,4.406345501494172,15.51996826144557
2006-11-23,9.154795631128422,3.846341982596357,14.664315221607751
2006-11-24,8.335008691133567,2.889526136994732,14.001080443353146
2006-11-25,7.8528257417432314,2.2038701512482817,13.669736829484975
2006-11-26,7.533400131926328,1.9495755713705307,13.352366025289939
2006-11-27,8.141172076799876,2.3514261291164757,13.647780488342903
2006-11-28,8.05147667423762,2.5204948351579333,13.603603556370672
2006-11-29,8.226682804805364,2.2040473095574384,14.23824809502969
2006-11-30,7.852366580907528,2.060665590202291,14.028163860353402
2006-12-01,7.731662821066095,1.9905835197736792,13.95954976564775
2006-12-02,8.233920332972502,1.979230398705056,14.222907425320955
2006-12-03,9.367087839238252,3.6134208666865106,15.09005448620195
2006-12-04,9.97549713032339,4.643042988356285,15.479246234470224
2006-12-05,9.934686407668778,4.187037109547305,15.640692701931926
2006-12-06,8.729504407032778,3.0506344280298094,14.772756156595051
2006-12-07,7.914621099814781,2.195720943891672,13.834636896600728
2006-12-08,7.539814114427429,1.8970099966828116,13.436953786360448
2006-12-09,7.4000041783328925,1.772291845159998,13.20037536496227
2006-12-10,7.697259811891286,1.989864462071182,13.195393853060978
2006-12-11,7.104949625005986,1.3961259759346376,12.648124201385315
2006-12-12,5.358582479649613,-0.346557693108025,10.913828044726586
2006-12-13,5.740927824013454,-0.6865409712756332,11.987714681732484
2006-12-14,6.448306339282055,0.36673131157357375,12.82234878726348
2006-12-15,6.921222062231664,0.6506697448041336,13.564917430962964
2006-12-16,7.602893612183323,1.1244535913186269,14.449442927037751
2006-12-17,7.381768595341498,1.2832647359857674,14.08930912716869
2006-12-18,6.525681945188353,0.34494499914944754,13.114024232421968
2006-12-19,6.435776993131469,0.18315203573598637,12.946647679637806
2006-12-20,7.252379324044853,0.9167430923502025,13.644877250789307
2006-12-21,7.399293455893371,1.3962435708381804,13.511286407113857
2006-12-22,6.519632182797466,0.5196749320176082,12.67684146309415
2006-12-23,6.182782219505725,0.17520052535780906,12.598242353017667
2006-12-24,6.710698589561389,0.6929626385658594,12.923209096434391
2006-12-25,7.1409830754152495,1.4322015727003645,13.197683958588186
2006-12-26,7.0946234899495835,1.1414469726706784,13.103568246345162
2006-12-27,6.381042702281434,0.500780894169452,12.314726025096036
2006-12-28,6.236480247048178,-0.03485347311482201,12.40601237055904
2006-12-29,6.674227586891561,0.6149431604490019,12.886879207758113
2006-12-30,7.043010556555487,0.9284845755589686,13.235461492608238
2006-12-31,6.943861337303758,1.0470380701080444,12.93925107488775
2007-01-01,6.388881864289317,0.6009312385212979,12.371408256691552
2007-01-02,6.20758454998105,0.3909146612635368,12.453190459171367
2007-01-03,6.38675632247498,0.2638708879083538,12.845585997347143
2007-01-04,6.64784865542299,0.439061373911386,13.193319911340097
2007-01-05,6.570665358674319,0.4236165353149772,13.231283267555057
2007-01-06,6.210059590912351,-0.13399869427189515,12.80390457970708
2007-01-07,5.255190515921299,-0.8342015942225771,11.584691897660718
2007-01-08,5.156228862302044,-1.3640953286706576,11.556031380395382
2007-01-09,6.082095420990527,-0.36583464609987004,12.670082328643787
2007-01-10,6.194087643830528,-0.20026338848589376,12.750360511720089
2007-01-11,5.74543211173949,-0.4004714417531545,12.163202611457052
2007-01-12,5.7242472562141415,-0.3246269652195224,12.010691275434567
2007-01-13,5.095534130577732,-0.7822963734608948,11.221530605294902
2007-01-14,4.972237879352349,-1.1604094182811764,11.165355661171702
2007-01-15,5.175183821991311,-0.8969869910127386,11.442187734239326
2007-01-16,5.23425308252007,-1.147994931838923,11.660723545645567
2007-01-17,5.442303899527474,-1.1159515246378078,11.68584231244904
2007-01-18,6.250281023802188,-0.522256908172892,12.893970286151045
2007-01-19,6.446271571367447,-0.12707205464892013,12.992455125819106
2007-01-20,6.15099673677247,-0.20344834791933408,12.704459837792456
2007-01-21,5.853566943547435,-0.6812688777677067,12.451142771426419
2007-01-22,5.572619252127538,-1.1972277594014713,12.40764845649511
2007-01-23,6.402580486316708,-0.7678226187755968,13.40208929525852
2007-01-24,7.442688427859082,0.6071992212900454,14.34504936965294
2007-01-25,7.614716961655006,0.7175783544847718,14.614213946892335
2007-01-26,7.72105129375268,0.6012585586883574,14.780700492913752
2007-01-27,8.219664560816796,1.21194837987764,15.139395926382292
2007-01-28,8.810537443148405,1.7841376113166234,15.649933720239972
2007-01-29,8.99337518447868,2.5116255594376184,15.544267902320541
2007-01-30,9.109093542815799,2.591979711125248,15.682600751027508
2007-01-31,8.694526348266152,2.222806380727718,15.3383078215752
2007-02-01,8.530174104733476,1.8165496719749399,15.29541422816817
2007-02-02,8.829814899169605,2.0581673071935143,15.395285370617842
2007-02-03,9.35862172790496,2.805871232824927,15.660210486828134
2007-02-04,9.283630977867517,3.175584464235328,15.362706440086413
2007-02-05,9.251024065360468,2.8996354940207993,15.181878603273447
2007-02-06,9.318226997795136,3.181759268627161,15.224273385122103
2007-02-07,8.782846719657016,3.0577799694453915,14.491420771570574
2007-02-08,8.553104186048131,2.624148329183811,14.096649622941129
2007-02-09,8.872805928211221,3.011559988477188,14.478179606624337
2007-02-10,8.932863855652215,3.542440850438652,14.111096962248496
2007-02-11,9.096087713417091,3.7159834799458054,14.348909258541084
2007-02-12,8.16360366439244,3.070633276209776,13.208966174725276
2007-02-13,7.168911886843546,2.11008088324121,12.141235531346013
2007-02-14,6.907783482335503,1.2654681714155345,12.137776642344875
2007-02-15,6.525000466740494,0.7507159019618825,11.95830719801421
2007-02-16,6.126337052952181,0.14576170559763568,11.721129288521979
2007-02-17,6.229968127288885,0.12832286384701774,11.891254561995993
2007-02-18,6.455484164210247,0.3650115858615095,12.113350504823984
2007-02-19,7.0397656393371335,0.7504203888723282,13.098355404491201
2007-02-20,7.514322569826163,1.153641599375021,13.72918723549094
2007-02-21,8.30353226876582,1.1947261106872133,14.831372171947919
2007-02-22,8.94595313963697,1.9916867085898957,15.565176343891835
2007-02-23,8.942868397716495,1.896493224619121,15.716020955957902
2007-02-24,9.417356374537917,2.346323050112801,16.049698630227738
2007-02-25,9.535780279957066,3.0549255740410786,15.731851017026884
2007-02-26,9.61607218568048,3.114063551966126,15.57499118546508
2007-02-27,10.138397518255431,3.5046676338564,16.162422051447777
2007-02-28,10.276163516884537,4.1084618086030105,16.12181673193868
2007-03-01,9.554893168304147,3.4308129357091843,15.225484611080788
2007-03-02,8.309010311552527,2.1110029627539575,13.816435364100585
2007-03-03,9.001506623358694,2.1813090343044905,15.12332939507354
2007-03-04,9.538566652900442,2.8289280395625838,15.833594222551653
2007-03-05,9.50394969906921,2.6426440710258703,16.09631391924654
2007-03-06,9.408692059704038,2.585598513831428,15.990387785755843
2007-03-07,9.260435694519288,2.3389818440002728,15.855761494141007
2007-03-08,9.908114237453788,2.535503443201037,16.66545647054727
2007-03-09,10.474189612065118,3.557506964146228,16.819742533108297
2007-03-10,10.883060854175369,4.46834413099657,16.891911686384503
2007-03-11,11.09109934429813,4.746169569644223,16.997339538182587
2007-03-12,11.619060257243632,5.721886357584083,17.2510930229397
2007-03-13,11.436355291229177,5.858694897318571,17.075248293401557
2007-03-14,10.700573622968477,4.454339424853572,16.576010623777563
2007-03-15,9.493395285231657,2.987654855454764,15.306441611963635
2007-03-16,9.34418356040942,2.4593172069974685,15.443629708789729
2007-03-17,10.965468858901374,3.2285447032130037,17.570474189947447
2007-03-18,12.794233586002917,5.0531186613874866,19.59355068626678
2007-03-19,13.861346584783746,6.54530964751126,20.480565269293834
2007-03-20,14.378384754582726,7.443575635220043,20.85111185467491
2007-03-21,13.788125906299001,7.325047480156343,19.903941932851524
2007-03-22,13.27167343029322,6.78872686954503,19.534406809273094
2007-03-23,13.459957671054724,6.5781792363416685,19.918145110501882
2007-03-24,13.957528989871605,7.200080650375185,20.308499857710444
2007-03-25,13.930784731561516,6.749821333301668,20.467786342344766
2007-03-26,13.914294183254185,6.502740150034583,20.67707430252102
2007-03-27,14.779256705867738,7.16662915585016,21.744665365107608
2007-03-28,15.933160884637061,7.845975176995694,23.14659910926588
2007-03-29,16.790561790230754,9.02560034902325,23.84578962299844
2007-03-30,17.249484284951905,9.838961025307185,24.168587338734255
2007-03-31,17.495836693555475,10.286992432739794,24.343558106086334
2007-04-01,17.27605865817037,10.109044942067953,23.938223043381072
2007-04-02,16.581188962379315,9.670282766820833,23.135062198225967
2007-04-03,16.288699917722795,9.149970453021297,22.935866090410286
2007-04-04,16.532537053831618,9.364855497711687,23.18339894333195
2007-04-05,16.85249772645477,9.732646524648317,23.414355423565553
2007-04-06,16.826717201785982,9.707684968209719,23.393893285289778
2007-04-07,16.573145470361737,9.673437904247066,23.051527263831815
2007-04-08,16.13997983803165,9.277042486129517,22.477454027088015
2007-04-09,15.942954413796883,9.312298507172159,22.226717014330802
2007-04-10,16.10582804152068,9.479161582097333,22.238443125168942
2007-04-11,16.349937633797026,9.616427517745421,22.60574476806869
2007-04-12,16.490851857420125,9.939728582442626,22.75596543043895
2007-04-13,16.86413464662536,10.265196225532122,23.084390140541245
2007-04-14,17.577142181361694,10.624711478233394,23.93459518264541
2007-04-15,18.366416509238036,11.293316724666965,24.743398866417294
2007-04-16,18.41474178760069,11.575664568085074,24.7125797180409
2007-04-17,18.413488614516552,11.836558012140358,24.712528872359997
2007-04-18,18.482434593171547,12.104926813888369,24.77021051207538
2007-04-19,18.36210130202676,12.253839615675133,24.454574309872612
2007-04-20,18.25823888753314,12.29541000723907,24.169450440382093
2007-04-21,18.128062497159306,12.183789282823739,24.105411943223885
2007-04-22,18.123081494197265,12.026723308662326,24.122675989900813
2007-04-23,18.193967900740404,11.749643533479002,24.33708942490904
2007-04-24,18.302314950976836,11.85458056830231,24.38630112430718
2007-04-25,18.163535936340338,11.681607201414863,24.252590218330567
2007-04-26,17.971243449206384,11.359638741711194,24.10574592493441
2007-04-27,17.91314130352316,10.967691711490374,24.2094073961772
2007-04-28,18.478912464126722,11.359089649323778,24.857487652215923
2007-04-29,19.24908560195462,12.189858077091799,25.565421730235983
2007-04-30,19.805765790975272,12.807393577879623,26.160764737803902
2007-05-01,20.36499538720966,13.378498432127685,26.617254505146263
2007-05-02,20.094846639320963,13.450792661174319,26.336377836090094
2007-05-03,19.582893085582555,13.297443547869136,25.56505371029135
2007-05-04,19.61438525442395,13.490190868876027,25.463664231097596
2007-05-05,20.26709636283482,14.012248093563471,26.093066583435018
2007-05-06,20.426184861931063,14.359187117040676,26.299213240393215
2007-05-07,20.030690722914528,14.301771415046517,25.74790282965813
2007-05-08,19.7941641037404,14.135799952525872,25.30694456783948
2007-05-09,19.74628518053362,13.992396957476956,25.336798331595674
2007-05-10,19.28574770508402,13.471656584410255,24.789514551861714
2007-05-11,19.09195028014625,13.470746663033367,24.642664817672824
2007-05-12,19.165006061286306,13.591868611224527,24.551044880699465
2007-05-13,19.23286154858107,13.436933397803557,24.684123408733285
2007-05-14,19.347792309259376,13.523139255018805,24.667219423358972
2007-05-15,19.583626189014637,14.045476988923554,24.89370478912184
2007-05-16,19.678691922836435,13.778456792441148,25.161004729941908
2007-05-17,20.214416519436952,14.005306945125653,25.724645420438605
2007-05-18,20.638176789308034,14.839323132710604,26.09102524534984
2007-05-19,20.648063720313587,15.388828906435947,25.920897859772595
2007-05-20,20.729871187715332,15.494826632204706,25.9984771557493
2007-05-21,20.561684216294452,15.396751622584361,25.825772449043484
2007-05-22,20.417215570305018,15.113138598243381,25.841275231288307
2007-05-23,20.472309062664124,14.86570376199387,26.133719635225532
2007-05-24,20.33565606327369,14.710227605881016,26.041405751280024
2007-05-25,19.943125054407346,14.510172981317794,25.441927516230123
2007-05-26,19.842635159825647,14.326321096890297,25.341764952377275
2007-05-27,19.697500162019367,14.118074189552658,25.1889248787395
2007-05-28,19.503443596714135,13.890060083735648,25.177080945485386
2007-05-29,19.411507552707576,13.849520452284764,24.775034742570995
2007-05-30,19.789848538365504,13.948170232929556,25.150042315846292
2007-05-31,20.470211998579884,14.289228383026227,26.02472509168416
2007-06-01,20.939048791415473,14.820697870037236,26.6489708619805
2007-06-02,20.961693509919712,14.814803210521745,26.62791470694043
2007-06-03,21.0347464942526,15.314453509821533,26.49455476908156
2007-06-04,20.848169635202737,15.725718777768009,26.14120789664298
2007-06-05,20.9211692534829,15.890222641891967,26.02680159198127
2007-06-06,21.39298670793903,16.34505366577781,26.41499933652932
2007-06-07,21.53561597094722,16.41790104359154,26.602629737104337
2007-06-08,21.92511291472141,16.521244367639383,27.16492966807806
2007-06-09,21.738378665005712,16.639621279620258,26.88178489130928
2007-06-10,21.26188137647398,16.113044037949635,26.479622891678673
2007-06-11,21.203561015378398,15.945278562518581,26.178616132134835
2007-06-12,21.65476430755683,16.440667812118306,26.700261657549277
2007-06-13,21.600283328273008,16.7849859465054,26.483185168373495
2007-06-14,20.907616448991064,16.748620605035796,25.68766166486256
2007-06-15,20.070421006975607,16.455331096763246,24.36340577037788
2007-06-16,19.943199076301596,16.121576018316205,24.217844538909162
2007-06-17,19.931927707100556,15.95516997305748,24.50232072364497
2007-06-18,19.821094724632815,15.813750075959945,24.314993449718713
2007-06-19,19.5739040462679,15.606176421609746,24.059720903387984
2007-06-20,19.34145967936672,15.160056558201404,23.681350317278486
2007-06-21,19.36265278770071,14.669343657735794,23.865180405545345
2007-06-22,19.541900897958897,15.164701500856268,23.919783148431748
2007-06-23,19.793128602351544,15.645371508155392,23.94968335795454
2007-06-24,19.78169732354246,15.325634167844385,24.08284022089157
2007-06-25,19.8626063086258,15.328582098952154,24.294887192076374
2007-06-26,19.995956420799075,15.828591978498821,24.315550506283387
2007-06-27,19.838464376485376,15.853166724241703,24.135422901454945
2007-06-28,19.791384766966075,15.883097729287101,23.70006453446996
2007-06-29,20.34081933877144,16.610186357589782,24.230533168756722
2007-06-30,20.12850949550392,16.758823105646,23.891960051509443
2007-07-01,20.275700022566696,16.918326787363185,24.158110812004338
2007-07-02,20.309344752209427,17.00996442037507,24.18680616557407
2007-07-03,20.063593922054736,16.777091127838105,23.89737317731857
2007-07-04,19.890630305288994,16.39545185598047,23.641289776538088
2007-07-05,20.123111337589762,16.6065737940541,23.928926894583185
2007-07-06,20.342261431655004,16.83998354953195,24.159421800788436
2007-07-07,20.245527960033087,16.70885763773788,24.18891329136477
2007-07-08,19.92288226335512,16.60599182340087,23.699534244526262
2007-07-09,20.23907946873379,16.535600827393637,24.218693758102006
2007-07-10,20.211154918945226,16.565129952580776,24.138633468770877
2007-07-11,20.311730013908118,16.399558047204323,24.379277816418323
2007-07-12,20.4811059105524,16.569935065366565,24.69024165505948
2007-07-13,20.3872943011026,16.70724120426297,24.42738778128495
2007-07-14,20.21081039015371,16.83637899160277,24.169355233250542
2007-07-15,20.038538659388564,16.674670567394344,24.01972711410059
2007-07-16,20.07998421448815,16.565802971610026,24.07799443884096
2007-07-17,20.312641470433164,16.77877665153477,24.298917476334907
2007-07-18,20.537830584216636,16.64745551099645,24.710784444578735
2007-07-19,20.34237779236679,16.53403950543668,24.431877637630578
2007-07-20,20.092075478892355,16.387573029363466,24.089252769887935
2007-07-21,19.92607770354931,16.321705209819868,23.721077498097372
2007-07-22,19.9212485932552,16.414321519993848,23.703486157426767
2007-07-23,20.052807647734255,16.588691345743882,24.043434657977343
2007-07-24,19.85898739309522,16.490078576438805,23.758746326427172
2007-07-25,19.981514503414814,16.516826476552694,23.931870276556026
2007-07-26,20.026861174955343,16.713952664315855,23.974082782562846
2007-07-27,19.825079091199996,16.587353323540867,23.674586078274217
2007-07-28,19.69930163683523,16.261966336895398,23.600842239309827
2007-07-29,19.731294193339124,16.29367923373445,23.65417879246752
2007-07-30,19.759232315721476,16.267347832266694,23.693298761650567
2007-07-31,19.995693801420884,16.1598844576219,24.10161887355946
2007-08-01,20.054266247796193,16.283082586229852,24.201698623974153
2007-08-02,19.945359909870945,16.35774728918375,23.96253011271841
2007-08-03,19.875304297309526,16.509671181741965,23.787198918746526
2007-08-04,20.006891186665484,16.70368232443633,23.946018796030387
2007-08-05,20.14258239001208,16.884628024607366,23.965923404758712
2007-08-06,20.02088312102262,16.887389127950257,23.78420173091547
2007-08-07,20.231303456726778,16.97759250624864,23.855467913929886
2007-08-08,20.591336213330578,17.257897070841523,24.27119421022917
2007-08-09,20.85690367999922,17.427449629766045,24.677059530009444
2007-08-10,20.984841542135314,17.448078629342547,24.932017741130267
2007-08-11,20.755126928271125,17.21669421664933,24.718631148140673
2007-08-12,20.365243590467117,17.08293396545804,24.09206127506991
2007-08-13,20.00533042891317,16.903150324018554,23.60654377027447
2007-08-14,19.62256320077205,16.67315912800791,23.19022912736
2007-08-15,19.930674978515583,16.547130278148586,23.758518470419403
2007-08-16,19.910838113007856,16.608506355470183,23.814017731378385
2007-08-17,19.849925520742204,16.453082964164935,23.761805752477187
2007-08-18,19.871230780978806,16.112655263584827,24.085155045533384
2007-08-19,19.718148001742634,16.051275931503255,23.780404749720788
2007-08-20,19.785146181339826,16.13353073468295,23.872800133671262
2007-08-21,19.765521800176657,16.243041993264626,23.859826046530543
2007-08-22,19.675940459891763,16.28826684328385,23.729818942738916
2007-08-23,19.692180077844057,16.409371435548053,23.71196687448679
2007-08-24,19.68387245285726,16.404971262503523,23.73635560193088
2007-08-25,19.635388729108854,16.351150507017508,23.689881595645943
2007-08-26,19.67754115535803,16.378438115530912,23.744877751693934
2007-08-27,19.78943989351137,16.452161531675927,23.891888177321334
2007-08-28,19.706926469875498,16.499833404016556,23.785350881169563
2007-08-29,19.569736154222312,16.406329674149674,23.59286487219532
2007-08-30,19.525023217224714,16.231013538662808,23.526424835221462
2007-08-31,19.59948115054931,16.401517539891586,23.489138584698424
2007-09-01,19.585407445310352,16.412911269093,23.62538951697769
2007-09-02,19.471282277679677,16.133168636177913,23.43459513517746
2007-09-03,19.39699995149988,16.074039988233494,23.395496937963117
2007-09-04,19.330007712336283,15.974885238524507,23.34080700121217
2007-09-05,18.655701106389415,15.711676718941305,22.444859838774732
2007-09-06,17.994417075542913,15.31150567885203,21.39723864921416
2007-09-07,17.908039687712233,14.989259994717088,21.42861267971665
2007-09-08,18.21835605684271,14.731312601049694,22.29446425445849
2007-09-09,18.409672934162813,14.710740401942928,22.624986433395975
2007-09-10,18.43278600495654,14.73449625911644,22.7919926647063
2007-09-11,18.212579320766736,14.2260912823196,22.641614137534987
2007-09-12,18.08186588603104,13.760213587088856,22.741880371337686
2007-09-13,18.19835660189716,13.735248588420006,22.847665246180952
2007-09-14,18.44925446074251,14.078038588949426,23.043579189620914
2007-09-15,18.362108774289197,14.127699153513106,22.951452760774316
2007-09-16,18.129316105303587,13.857410074443976,22.54481770909763
2007-09-17,18.57317981468674,14.05745211211456,22.94431039203755
2007-09-18,18.819365935676103,14.512584090565667,23.275663069796167
2007-09-19,18.9058221121507,14.67591728327028,23.402059620391128
2007-09-20,18.98959603820805,14.68402728256757,23.53707293947798
2007-09-21,18.737342904912055,14.694002258983232,23.286903959311303
2007-09-22,18.198264619927727,14.25345096679547,22.689458329258173
2007-09-23,17.785642823553644,13.994725928896287,21.95934031304813
2007-09-24,17.816449503515628,14.078208910388696,21.858650087803937
2007-09-25,17.849184360749575,14.227766162033674,21.996451081040163
2007-09-26,17.85979037815656,14.065187656358319,22.161979471418135
2007-09-27,17.523228683132572,13.623596396862922,21.89927114451399
2007-09-28,17.179913829313193,13.252609304997804,21.68765096272
2007-09-29,17.230121273917064,13.024511150482795,21.971705505460534
2007-09-30,17.049195270281587,12.335502699644849,22.061046766371533
2007-10-01,16.965776509585623,12.014055808013325,22.237767874692395
2007-10-02,17.041185194655725,11.993628286481282,22.516728916328532
2007-10-03,17.121433111836552,11.950792687278351,22.548642076941974
2007-10-04,17.252983403579663,12.119505789431969,22.525492343363226
2007-10-05,17.183470105344895,12.387037120632897,22.227669986951014
2007-10-06,17.06700423319785,12.289659194833177,22.25593394644153
2007-10-07,16.7482998089543,11.836688657937998,22.048612686741592
2007-10-08,16.384025142903283,11.440467687375417,21.788232260382813
2007-10-09,16.202019957611526,10.982149269660681,21.717031645848124
2007-10-10,16.14110353522193,10.843686269852697,21.693480587744716
2007-10-11,16.084014738048836,10.780256927730534,21.59876399546539
2007-10-12,16.01956239136757,10.60985155542403,21.631399061050217
2007-10-13,15.704575698348322,10.157383099783203,21.451238236479412
2007-10-14,15.360715057848097,9.930973207388263,20.824916879950877
2007-10-15,15.25849452192233,10.018934638460792,20.58447334751321
2007-10-16,15.096697284625748,10.147606855153128,20.25476962679113
2007-10-17,14.626676788128975,9.506835069616955,19.888233982211318
2007-10-18,14.182627123003954,8.920934316161663,19.499521349184477
2007-10-19,13.948696464704597,8.384445234655857,19.497914219066445
2007-10-20,13.618689043836412,7.949388589489729,19.264161569824125
2007-10-21,13.304679887955217,7.573070608063631,18.959112939530826
2007-10-22,12.838751053579244,7.0942765736318165,18.51936562821993
2007-10-23,12.929832570435053,6.803181344012501,18.743953779529818
2007-10-24,13.532956452810424,7.480428240279252,19.420651504529474
2007-10-25,13.994126500328605,7.882764073275723,19.961508370987758
2007-10-26,14.193645153155558,8.268082487188337,20.11314082280893
2007-10-27,14.159032249385973,8.087688884992986,20.17852383108425
2007-10-28,13.715030170325235,7.763744866077275,19.731774915051915
2007-10-29,13.72502299801323,7.777479591145038,19.633203324334488
2007-10-30,13.818944084750228,7.987510500994915,19.609569984235236
2007-10-31,13.518832209765947,8.10268358280075,19.06806211022098
2007-11-01,13.391905221736238,8.037062752229815,19.001430223170985
2007-11-02,13.07065421118881,7.7455705876095635,18.57919012136915
2007-11-03,13.182264714446546,7.545986892040958,18.748500916562932
2007-11-04,13.833031096385866,8.115370578499267,19.46547922352954
2007-11-05,13.590571292270965,7.986554024034604,19.190787512630322
2007-11-06,13.027887632243278,7.363056167139405,18.558468866170983
2007-11-07,12.983542263944571,7.227996655148104,18.72075728144773
2007-11-08,12.778914671432346,7.08441622217947,18.363248583853704
2007-11-09,12.29095019467752,6.809835278746448,17.824240615287124
2007-11-10,11.924238265916529,6.329642391406082,17.502597858329977
2007-11-11,11.563290312426261,5.793883709281147,17.261260789728908
2007-11-12,11.238313163273233,5.20054166627483,17.115415478102705
2007-11-13,10.966530757831151,4.9195051584469525,16.977867955250247
2007-11-14,10.728056772162802,4.6982291963489615,16.710993710174705
2007-11-15,10.773681261296929,4.7576103879446805,16.6887167973058
2007-11-16,10.897267104934542,4.992778473809722,16.864733038473787
2007-11-17,10.751887073732064,4.6315856911786,16.865459106661206
2007-11-18,10.983465701327134,4.769888630295782,17.251664523037675
2007-11-19,11.047813776673308,5.081183838382117,17.10502694442596
2007-11-20,10.644286382846872,4.733178890001682,16.57466823699434
2007-11-21,10.072260956361447,3.952061569289299,16.251918812936594
2007-11-22,9.860308340331528,3.4442708887125377,16.383488283444763
2007-11-23,9.746522420595966,3.286058894147004,16.453474622229123
2007-11-24,9.960082900234056,3.3844150558786055,16.604615747865637
2007-11-25,9.986973460040247,3.5230947359224274,16.538192899587727
2007-11-26,10.124658012563486,3.609126046019526,16.673627578875994
2007-11-27,10.153648168627683,3.8104799811372914,16.562121998700206
2007-11-28,9.933686234498225,3.8319345759284147,16.071734017740482
2007-11-29,10.043844156234229,4.162793504572164,15.906305885720144
2007-11-30,9.506279389907377,3.833654930263606,14.978982837584738
2007-12-01,8.92343408986875,3.254626054491837,14.31310311454132
2007-12-02,8.820427940306502,3.3617347787616723,14.204371057120227
2007-12-03,8.18895768307226,2.82046787972655,13.539979955667206
2007-12-04,7.724691204010924,1.8754534160671597,13.520658143640503
2007-12-05,7.678460026196603,1.7140401943836991,13.791295001514186
2007-12-06,8.234836366573859,2.3987336263571137,14.23044460136282
2007-12-07,8.206732352224265,2.499384335260231,13.98859949324077
2007-12-08,7.466407197145259,1.6497351110666045,13.230778230178657
2007-12-09,7.635861088146953,1.524168914592508,13.328691289416213
2007-12-10,7.547196989617362,2.06176487017882,12.915227290360292
2007-12-11,7.101082867728735,1.888098193074427,12.376939516598839
2007-12-12,6.7545639525648085,1.3505776296635759,12.433932792159169
2007-12-13,6.755110264836503,1.333564109515521,12.442770002325062
2007-12-14,6.456459677986118,0.8890726338613604,12.274681423960374
2007-12-15,5.944032551683279,0.48760230845067554,11.780140399200604
2007-12-16,5.9647306596946805,0.23721759854419133,12.12461373225085
2007-12-17,5.890586495238836,0.042212876252449405,12.022233063604062
2007-12-18,6.63677359649887,0.37910051625158303,12.856215368061157
2007-12-19,7.406599510373098,1.756527471784068,13.463932207510936
2007-12-20,7.7456023230641335,2.050233386068669,13.878884623362865
2007-12-21,8.13756028569145,1.8686085619561368,14.617366108391025
2007-12-22,7.894623115389265,1.5282428952294254,14.566892832037524
2007-12-23,8.238095287501551,1.7713448340347213,14.877528103118038
2007-12-24,8.325166003742595,2.1095738598637013,15.018265711739502
2007-12-25,8.170730092343945,1.8465185250706213,14.984157839436932
2007-12-26,8.237197685164801,1.9524450768750512,14.93930015647004
2007-12-27,7.9861407517914245,1.88682546522125,14.66920858577771
2007-12-28,7.640063904298131,1.514333766263519,14.223109850643993
2007-12-29,7.405473209240711,1.2599805989098058,14.062544203193681
2007-12-30,6.892018176616716,0.839367173997914,13.610286232704254
2007-12-31,6.696877851225906,0.6261639414150295,13.384372515350321
2008-01-01,6.871030990917632,0.5848921340362381,13.474617150378378
2008-01-02,6.671186656576083,0.6570291336022365,13.06605946528856
2008-01-03,6.5674333826783595,0.4269087376250127,12.818574834503238
2008-01-04,6.884904577241173,0.6500730411152631,13.222095839186295
2008-01-05,7.193840025081215,1.24860925165666,13.087327101754283
2008-01-06,7.920267102990977,1.926878648465106,13.943517242802898
2008-01-07,8.00897012193451,1.9780057778061746,14.266579607925905
2008-01-08,8.550351025553312,2.381859068012659,14.751551491046655
2008-01-09,8.926935481403802,2.99027550287866,15.001950124272923
2008-01-10,8.00920670308625,2.4108044682874947,13.787360409040389
2008-01-11,7.053817040002912,1.2822302895887105,12.858700477222328
2008-01-12,6.648694498637553,0.830462945132183,12.562299498584764
2008-01-13,6.704236860848084,0.8009077657702619,12.989223256673256
2008-01-14,6.741085719123419,0.7329548198236466,12.949721484931047
2008-01-15,7.4611898050922605,1.5328733453304721,13.534757381273607
2008-01-16,8.67235130926042,2.3716324906298496,14.668714613521502
2008-01-17,9.353263684682645,3.3936580472469586,15.288491229498675
2008-01-18,7.9258336498675135,2.131948608537243,13.64933316396099
2008-01-19,6.301995581100357,0.9145781064126481,11.924853559632481
2008-01-20,5.622148797915486,-0.08505351833565555,11.459344850295508
2008-01-21,4.751841483473072,-0.7448205005177329,10.459931844031757
2008-01-22,4.969571723036495,-0.5335582710271183,10.607587108230803
2008-01-23,4.74373450217189,-0.31192305681571497,10.13179679511228
2008-01-24,4.047408370343476,-1.1446054279032296,9.195017519072678
2008-01-25,4.257866476464017,-0.8991411450744522,9.401069918378255
2008-01-26,3.7220921580449726,-1.3430039119347725,8.911489959362086
2008-01-27,3.2968224515725524,-2.392923718108989,8.789854693037455
2008-01-28,4.055915740772264,-2.1047536503856463,9.668797907582075
2008-01-29,4.32515427369475,-1.2169374357283118,9.771515562983723
2008-01-30,3.7433846748868405,-1.6828085714262784,9.092654407181385
2008-01-31,2.989078011469303,-2.6760859778989357,8.481172506405187
2008-02-01,2.7282134627237724,-3.5662709800052426,8.675692494849386
2008-02-02,3.5359488153318352,-2.9912655024024843,9.338488498839752
2008-02-03,4.6060895645266555,-1.5098369494952522,10.206834455220871
2008-02-04,4.670442705242749,-0.8897516650840771,10.19647631717794
2008-02-05,5.150550458204577,-0.6668194991977998,10.761672864080367
2008-02-06,5.737130559050286,0.27077038701867195,11.327139916272813
2008-02-07,6.037405863678089,0.601469180463539,11.538533841978165
2008-02-08,6.087080078495376,0.6373127940610175,11.296613152553732
2008-02-09,5.6232294534037806,0.22202872511235228,11.094436579319506
2008-02-10,5.243904757464406,-0.37935411456754764,11.085269746652955
2008-02-11,5.451196424110037,-0.5532279850466466,11.651825018940542
2008-02-12,5.059862917069097,-0.8423191469773315,11.208887914390914
2008-02-13,4.788787141950991,-1.453102331540208,10.991955490846067
2008-02-14,5.836817314295217,-1.1964262304597924,12.400925431261271
2008-02-15,6.910861818670469,-0.04174875563091973,13.427831739363171
2008-02-16,7.843731678448876,0.9268933275786821,14.382095228906053
2008-02-17,8.43741743328087,1.2990509478236731,15.124449766830367
2008-02-18,8.003154406059764,1.182463365545516,14.52008740350675
2008-02-19,7.589522035248649,0.8425911957417043,14.053220050889479
2008-02-20,7.733191499489351,0.47467967401644273,14.368592901864588
2008-02-21,8.994930321490017,1.3127559956737969,15.873286221863054
2008-02-22,9.876135959789508,2.9563148226021667,16.35328669641848
2008-02-23,9.877805412273972,3.2798214015506915,16.3425892990266
2008-02-24,9.543904903604187,2.726210432109667,16.06675000455556
2008-02-25,8.770194814769923,2.0619348558849424,15.19360323000484
2008-02-26,8.451244243320104,1.4816271305165287,15.024119040588516
2008-02-27,8.863838469928737,1.3933456393172037,15.685052222559023
2008-02-28,9.987752350199457,2.030877111127495,17.270372744840188
2008-02-29,10.733248074542871,2.9192026818142267,17.903952786662273
2008-03-01,10.968668761612093,3.1587168010483992,18.203858016350466
2008-03-02,11.254634455364169,3.701690963811643,18.201358628157607
2008-03-03,11.343716742024242,4.154794661753385,18.141935330036745
2008-03-04,11.310412488754423,4.20831351954331,18.0296347732845
2008-03-05,11.427116232752894,3.9765428333263912,18.293310761536134
2008-03-06,11.727067364230606,4.4300624283578145,18.52130051595327
2008-03-07,11.860523484843668,4.426961168716673,18.680253247203154
2008-03-08,12.024598774753883,4.636609538655648,18.797198886658236
2008-03-09,12.535094675826201,4.873629734771384,19.44537766022262
2008-03-10,13.017714106961762,5.765441672517454,19.688406907133697
2008-03-11,13.078087310059061,6.465567920191461,19.37415456683857
2008-03-12,13.003762540418563,6.459864583401782,19.14067055452699
2008-03-13,13.298924522717982,6.597142263137528,19.418375791479207
2008-03-14,13.313208597813343,6.870895328641041,19.301064836757007
2008-03-15,13.317145697397791,6.574344072132305,19.60240931547986
2008-03-16,13.501553733541868,6.211275475703587,20.093206342343137
2008-03-17,13.871663197290843,6.684452095358779,20.4436574743587
2008-03-18,13.937751179374402,7.0317255631236435,20.422703551468828
2008-03-19,13.581736817368949,6.982332317315922,19.86263812023998
2008-03-20,13.1882533095893,6.62052579291435,19.503729693790433
2008-03-21,13.027826780586452,6.393940933017802,19.147124350588513
2008-03-22,13.13428592652349,6.593666175491876,19.242236282294186
2008-03-23,12.86531655340201,6.761307743982172,18.523738771030594
2008-03-24,12.961719535029886,6.783698731353013,18.67581819392319
2008-03-25,13.552840196186537,6.919391813050424,19.644267106857967
2008-03-26,14.061098054596357,7.607799664683853,20.135446494697874
2008-03-27,14.413036484775262,7.723143264644932,20.605991689661778
2008-03-28,14.379355269562097,7.834281817216095,20.63495263041085
2008-03-29,14.296457070304712,7.7712603368063355,20.524915767389643
2008-03-30,14.083601180882113,7.536096025517054,20.173185250283098
2008-03-31,13.671866377688787,7.507038332134925,19.592819668300933
2008-04-01,13.42648528927299,7.482953804015892,19.21122408176717
2008-04-02,13.589395475546553,7.423077985374107,19.44368211395431
2008-04-03,13.34774147747953,7.501413304974619,19.08047871909838
2008-04-04,13.081470651765812,7.450108100517525,18.56179904433111
2008-04-05,13.509496728457748,7.542810402886687,19.082439728982536
2008-04-06,13.81982287766732,7.61270193914163,19.403387844222323
2008-04-07,14.061261553464476,7.636671181828717,19.810051274325815
2008-04-08,14.756175372711198,7.996529614919098,20.921507604076453
2008-04-09,15.612264144694223,8.483809902870632,21.862311112466898
2008-04-10,16.40634223382972,9.376793678997387,22.60113049881835
2008-04-11,17.071461474169723,10.161844636133708,23.352296956380883
2008-04-12,16.98599175832709,10.325290850144086,23.246882894326802
2008-04-13,16.666466016036225,9.886025849011048,22.994667925916303
2008-04-14,16.405244654379032,9.487244367843914,22.61470643066656
2008-04-15,16.553288306771435,9.971798128554099,22.66462738579918
2008-04-16,16.656731394914857,10.240112050794266,22.697692413230357
2008-04-17,16.574803105129035,9.636767199541396,22.849147555233912
2008-04-18,16.74265948326672,9.465278137903226,23.36541006501261
2008-04-19,17.02981258209951,9.563600947745954,23.77693242952705
2008-04-20,16.934609009431256,9.205049048961541,23.743695758261936
2008-04-21,17.31427157460388,9.529881948244736,24.072215130186464
2008-04-22,18.027958210857207,10.555691427839463,24.771426355093695
2008-04-23,18.48204573378524,10.929663563460792,25.200664527501033
2008-04-24,18.66306065428938,11.35710185517189,25.31516238721747
2008-04-25,18.920677321352343,11.718027266092577,25.395329750993938
2008-04-26,18.57435795897129,11.855528119043129,24.758640732566505
2008-04-27,18.330618424152078,11.605230604585358,24.62215785708088
2008-04-28,18.0618223036181,11.145505869227861,24.440831548353515
2008-04-29,18.23022372707345,11.076568538124434,24.605898101516743
2008-04-30,18.8176163331143,11.795373473621623,25.15086444636046
2008-05-01,18.992926741694816,12.278538933815753,25.295142511865606
2008-05-02,18.8725184078358,12.180654472571291,25.011222714032385
2008-05-03,19.089372926819237,12.288769087482706,25.281647421505113
2008-05-04,19.521648470208845,12.782295603013608,25.71441629408588
2008-05-05,19.348639619585754,13.045000913270485,25.420889040948623
2008-05-06,18.915906312098627,12.966359039629253,24.791553843348197
2008-05-07,18.82324300810285,12.683490286280687,24.70340284474247
2008-05-08,18.591569014624895,12.79654662777898,24.282048873018482
2008-05-09,18.718056947218713,13.04190286186821,24.317446876356826
2008-05-10,19.03032006071726,13.140723970763304,24.772483163592995
2008-05-11,19.31643923110073,13.264300838530744,25.122611897646834
2008-05-12,19.321871763513627,13.463385080268552,25.097098257014522
2008-05-13,19.452484976443714,13.4610031694383,25.128998097854776
2008-05-14,19.68279968192303,13.920561665621847,25.25811090562985
2008-05-15,19.752444978835058,14.223010215390502,25.26420942862393
2008-05-16,20.100658032721867,14.372035526611398,25.666086873108213
2008-05-17,20.07941543632228,14.482512587466715,25.63510693104388
2008-05-18,20.04380435122704,14.590371626633328,25.522513012156878
2008-05-19,19.67738920731182,14.446405422996861,25.019577972823186
2008-05-20,19.168912249268544,13.962595935749675,24.488389449015926
2008-05-21,18.809912376287627,13.451352230196733,24.09253951205426
2008-05-22,18.885893531781107,13.242890127230737,24.300676294125253
2008-05-23,19.20739416243066,13.765166887435385,24.569256322364595
2008-05-24,19.413654304760087,14.260359641434945,24.699520731522114
2008-05-25,19.585587657859264,14.401205646216113,24.875469262583124
2008-05-26,19.826461378254294,14.588154701117446,25.11082423462159
2008-05-27,19.926062099193814,14.596090640348848,25.33110909088458
2008-05-28,19.92093593640351,14.470740109277472,25.400380483890558
2008-05-29,20.053808071430353,14.578188923556695,25.490139223906397
2008-05-30,20.169793246547783,14.779309235648782,25.59497873655073
2008-05-31,20.012314449121618,14.805170939412164,25.323737325226944
2008-06-01,20.000040729260377,14.918115697411451,25.166717142683353
2008-06-02,20.051605392738736,14.99523992999002,25.154647608745904
2008-06-03,20.052411416229972,15.020334844693082,25.001087365868955
2008-06-04,20.267657165418314,15.247731802562782,25.310669065098693
2008-06-05,20.036424563206822,15.280779465166859,25.05849940384246
2008-06-06,19.35961126223276,14.871795467778838,24.132451217951143
2008-06-07,19.387266743030523,14.609566481725892,24.170053872573362
2008-06-08,19.704294688870334,15.235735591406353,24.384861136119582
2008-06-09,19.979387371262874,15.9560800328872,24.47350138954755
2008-06-10,19.83432898168627,16.01339267590629,23.995047981215293
2008-06-11,20.08253312874183,16.02944998307845,24.42970813764623
2008-06-12,20.001393629497898,16.16417399458186,24.253918142442217
2008-06-13,19.497155522197772,15.80988965322183,23.579981169013763
2008-06-14,19.69149879490743,15.687407439268384,23.829506540780585
2008-06-15,19.975571916409535,15.964969485019196,24.061837015618778
2008-06-16,20.14364260455625,16.381677607970175,24.133118495662927
2008-06-17,20.043408473753516,16.491124776396305,23.995324899833292
2008-06-18,19.72302513539131,16.359535180592957,23.636440263556437
2008-06-19,19.70238144570061,16.2020727846583,23.745499723250134
2008-06-20,19.812578701791324,16.06448769204252,24.01571448815065
2008-06-21,19.612668494115837,15.754734867104219,23.80897266678795
2008-06-22,19.72899108510137,15.812577539435893,24.013483150549405
2008-06-23,19.943824493952036,15.761818789111715,24.409722519021784
2008-06-24,20.197028435540744,16.045935886141763,24.51976324155629
2008-06-25,20.06013562673752,15.82294457063341,24.37018598351034
2008-06-26,20.408348746072022,15.847704645810836,24.856445441255914
2008-06-27,20.344388688392883,16.24446288926248,24.677636483272693
2008-06-28,19.561343157390695,16.258848499205556,23.42721046356013
2008-06-29,19.34344406838528,16.239054398724363,23.078651181748626
2008-06-30,19.685333799582168,16.296308750655555,23.64603645228084
2008-07-01,19.879056889240246,16.427608365664696,23.849887615383068
2008-07-02,20.237007853587386,16.383004872615913,24.33946371373321
2008-07-03,20.18458330460743,16.22550746388748,24.44235795884066
2008-07-04,20.203888558465223,16.04011654668119,24.38308219298949
2008-07-05,20.370144895758983,16.25116196777924,24.47145045558881
2008-07-06,20.290374082376673,16.427660576477763,24.328609886022207
2008-07-07,20.136803687302518,16.545964711907402,24.00740613763577
2008-07-08,20.115575476272,16.553074755834473,24.181575888450766
2008-07-09,19.978295334767097,16.59796114985585,24.047678038695892
2008-07-10,19.74798753373642,16.480686725247836,23.623617778324615
2008-07-11,19.461078285060125,16.383036239556247,23.26578902192375
2008-07-12,19.20299398192111,16.113167560625413,22.961966674801943
2008-07-13,19.445009884454294,16.150539510151873,23.349959146096012
2008-07-14,19.756648997000696,16.239213332574934,23.69856137075726
2008-07-15,19.847164883162975,16.154327796152813,23.932615181464655
2008-07-16,20.116805010380403,16.02012531869576,24.418979484954377
2008-07-17,20.513511888468997,16.471373284430854,24.740351397647828
2008-07-18,20.654628846857804,16.73003368302375,24.94119327874614
2008-07-19,20.32601626775954,16.824300630103437,24.30493264244103
2008-07-20,19.93991793063367,16.52111799953269,23.915837708448066
2008-07-21,20.097072343035393,16.58777982861983,24.102870500078836
2008-07-22,20.211459491445623,16.808028887423006,24.17059178113351
2008-07-23,20.416284225462448,17.025155893887472,24.379745994263374
2008-07-24,20.476844801342963,17.089054700316638,24.44516712537012
2008-07-25,20.445348190223854,17.149576199516673,24.416310523015966
2008-07-26,20.292919540584137,17.062686352522462,24.19247492350587
2008-07-27,20.231255097601036,17.108148134442672,24.014406701010728
2008-07-28,20.264869071285432,17.189466027659194,23.970220969779007
2008-07-29,20.271759831408644,17.065616915242686,24.049360297828912
2008-07-30,19.893862814369527,16.8089908930437,23.58009244297267
2008-07-31,19.62634514768905,16.14284432224798,23.523374062004336
2008-08-01,19.24092039152714,15.875789208073343,22.99285945671687
2008-08-02,19.224462002405403,15.849354199217373,22.974878914292844
2008-08-03,19.25448358595071,15.89875216048631,23.070724401062364
2008-08-04,19.214698231988734,16.0021428979436,22.933145844773208
2008-08-05,19.04608498874353,16.020350321678166,22.70320706512001
2008-08-06,18.914663221693672,15.55633772172962,22.7187058852071
2008-08-07,18.684424159896935,15.114665699057582,22.62685445131217
2008-08-08,19.015808688883965,15.291278682251289,22.852669202744437
2008-08-09,19.271493639258267,15.866879900212496,22.98185229235162
2008-08-10,19.102821290695147,16.00028603247199,22.70447048485744
2008-08-11,18.946555710686653,15.9391736772875,22.474197854085958
2008-08-12,19.022947408620382,16.153468202304623,22.532312328745206
2008-08-13,19.000801224678924,16.32290606250865,22.468217977988957
2008-08-14,18.785294443416603,15.974048782153545,22.267949409335813
2008-08-15,18.78866161214495,15.877593474733999,22.25928952553761
2008-08-16,19.043937810902605,15.999015297854783,22.720470613619284
2008-08-17,19.126609866977276,15.982636052965972,22.913827584245155
2008-08-18,19.294678944170187,15.994180480082207,23.284382576563758
2008-08-19,19.182586665277597,15.640238977902357,23.28787326413476
2008-08-20,19.113065399395282,15.526561481266413,23.03751091565698
2008-08-21,19.276926117845505,15.786556121526075,23.255349357598334
2008-08-22,19.46506294773104,15.933538261446643,23.510431851042426
2008-08-23,19.665322433769745,15.980066317495698,23.798427419877896
2008-08-24,19.81542083283489,16.032528257411343,24.07071583479035
2008-08-25,19.840439872191553,16.127097370404158,24.117431526921052
2008-08-26,19.636233473431957,16.04761497192709,23.838245272424103
2008-08-27,19.452820672959888,15.972848106475112,23.606123751129928
2008-08-28,19.016635963767158,15.415777839512145,23.146621931148275
2008-08-29,18.477096307065892,14.944208987987224,22.53120817368523
2008-08-30,18.358893249720268,14.59165502426373,22.517065037788313
2008-08-31,18.3803016748559,14.598391246811843,22.642851916785162
2008-09-01,18.447230435603444,14.40285623102318,22.88855068215514
2008-09-02,18.544390478322953,14.278899315976957,23.00347834163813
2008-09-03,18.54830572020711,14.159638336675982,23.10508329526789
2008-09-04,18.48752614781563,14.285042227230463,23.010061916610596
2008-09-05,17.901711450807227,14.086067529709851,22.35605758438504
2008-09-06,17.44743510607219,13.730390702308284,21.75494151730976
2008-09-07,17.563086827844074,13.732684575244889,21.8167648521017
2008-09-08,17.682725309284933,13.641201910251937,22.109349056656697
2008-09-09,17.65599111086044,13.428840750106986,22.105477705901194
2008-09-10,17.97117103010521,13.483320444448168,22.640769729303543
2008-09-11,18.299592913842787,13.92893930816723,22.996900831632615
2008-09-12,18.372731895619154,14.186006976182568,22.847506914054804
2008-09-13,18.49015720133474,14.40165457294654,22.853120484349176
2008-09-14,18.496781530908834,14.526260132233347,22.99613565560537
2008-09-15,18.262990664005827,14.388823681481938,22.603231430810467
2008-09-16,17.93782826324025,14.146878371797811,22.123623577974058
2008-09-17,17.828301654188976,14.149655627107222,21.999876592036344
2008-09-18,18.009657851270788,14.369836737645926,22.153715844208307
2008-09-19,18.083838928433465,14.447064866848677,22.226808225186005
2008-09-20,18.175676394505217,14.229445964335014,22.428291063798326
2008-09-21,17.5656078906801,13.562015772061727,22.037127161602655
2008-09-22,16.98769810730846,13.056329700491915,21.427230094752645
2008-09-23,17.098319426803698,12.871388960535967,21.71284289147576
2008-09-24,17.186414661287927,12.637254274679265,21.98442558233853
2008-09-25,16.978752230708494,12.427336722967937,21.830739818435916
2008-09-26,16.852538864353164,12.256763722300718,21.7486867451251
2008-09-27,16.842192939516508,12.020059800755064,21.79936436783987
2008-09-28,16.91631174761801,12.239205199329206,21.76942601868336
2008-09-29,17.153698143682163,12.194578438149904,22.04873216556456
2008-09-30,17.533706788904396,12.43631244488904,22.54145121229675
2008-10-01,17.75868740863342,12.67782295367931,22.726508625870906
2008-10-02,17.62779642936431,12.773359406772386,22.515615216001663
2008-10-03,17.43380377445459,12.65100890003987,22.40295383316453
2008-10-04,17.521668072647117,12.673533401565237,22.61049378340323
2008-10-05,17.591208943642414,12.771041123879343,22.69649654794165
2008-10-06,17.135301018280188,12.784449234586873,22.104429043401467
2008-10-07,16.339753579312116,12.149324044257526,21.103594598550615
2008-10-08,16.004605423021474,11.74327533753052,20.716638627625912
2008-10-09,15.83215697225279,11.133420581684902,20.773938116717147
2008-10-10,15.674437858635372,10.464894024389253,20.854082951746193
2008-10-11,15.762336923833914,10.205945224496986,21.204418993190245
2008-10-12,15.780973169398692,9.858921544683994,21.48481985161345
2008-10-13,15.695674196342338,9.88828719072336,21.27005542977946
2008-10-14,15.341630755344568,9.71557996576746,20.891796493875404
2008-10-15,15.056116132988848,9.607228703619796,20.45861935691613
2008-10-16,14.814292605988214,9.336791741699756,20.32858380367736
2008-10-17,14.601360529454269,9.03799501519444,20.134389642539077
2008-10-18,14.655137538819929,8.880388494392491,20.31810409942102
2008-10-19,14.454092875852155,8.52299793861738,20.225436343059414
2008-10-20,14.120074651044831,8.24520116407939,19.922595174134358
2008-10-21,13.362648576032598,7.555197245704278,19.083532870481633
2008-10-22,13.219469566364012,7.305129379235495,18.946228152566505
2008-10-23,13.3527124498043,7.605152509907839,18.91394499722702
2008-10-24,13.201344095516333,7.402644666474657,18.86637351552207
2008-10-25,12.72853203403173,6.963059973227075,18.355799953491896
2008-10-26,12.54807949700836,6.834301292988414,17.946199627177293
2008-10-27,12.803495197737789,7.087793496740517,18.11380923765239
2008-10-28,12.741915031843234,6.450110870302751,18.5065046202742
2008-10-29,12.503990790664602,6.758843797294787,18.127739447068677
2008-10-30,12.418014171447112,6.527208870752361,18.20335982058475
2008-10-31,12.35643276941181,6.148558657573176,18.3813340448786
2008-11-01,12.484011338027813,6.057824815529671,18.81040403886402
2008-11-02,12.728552830485228,6.27355771484946,19.095408128122415
2008-11-03,12.98087302583383,6.500963525937493,19.270085271092967
2008-11-04,12.299550150712832,6.164856380253752,18.1633420805735
2008-11-05,11.682691272054115,5.245566812620041,17.621145436181735
2008-11-06,12.066994349599952,5.530013643576979,18.278620751808205
2008-11-07,12.810963401959157,6.558550473706418,19.10601314326641
2008-11-08,13.091515120980432,6.844323068743108,19.499042673428335
2008-11-09,13.172508319805388,6.84075143672311,19.585862574114685
2008-11-10,12.962946405929188,7.004914619762417,19.234067077715963
2008-11-11,12.646655917473993,6.7776288915615055,18.634161863949146
2008-11-12,11.99849428220233,6.530121318882266,17.68045622092967
2008-11-13,11.42519913251931,6.079835213667593,16.97637892590444
2008-11-14,10.91676065556993,5.444064535079065,16.4865173075072
2008-11-15,10.596215204020154,5.094089199510336,16.2496085597528
2008-11-16,10.577680795529261,5.172690997849372,16.267759837644746
2008-11-17,10.916816890620566,5.353111372815874,16.682981975351083
2008-11-18,11.30424854559783,5.903286591487415,17.018303869488307
2008-11-19,11.378815648997147,6.243614372900765,16.79725503235477
2008-11-20,10.64008759337753,5.526162977176966,16.007345150963715
2008-11-21,9.351516192220629,3.9090358496191016,14.724097476058716
2008-11-22,8.823787252659429,2.8345372118456567,14.607834338348141
2008-11-23,8.927593009309817,2.9548860863253026,15.099371139944196
2008-11-24,8.767680060916291,2.7916851657302004,14.940769568255917
2008-11-25,8.748673780335821,2.4236961996041373,15.249775311195322
2008-11-26,8.779818796961138,2.6055479625446196,15.244434911569158
2008-11-27,9.132913508781883,3.0785721645190733,15.519036601274934
2008-11-28,9.323947979793047,3.6174560095839183,15.528748362247825
2008-11-29,9.789473003343517,4.023502424669516,16.106880003774847
2008-11-30,10.048285995147978,4.3165087211631885,16.214134838150756
2008-12-01,10.113106821091833,4.489528152867024,16.0255375448873
2008-12-02,9.930751696116602,4.23500485878742,15.907698467578996
2008-12-03,9.583443284451448,3.74137683175303,15.796651210540631
2008-12-04,9.72531655721167,3.598042130354372,16.131427771526432
2008-12-05,10.030785816792047,4.088449827319494,16.420725418016218
2008-12-06,9.908011494383175,4.151491665782032,16.0631173536745
2008-12-07,9.662699516232237,3.9057495453610613,15.294411561351012
2008-12-08,10.3632895381283,4.38459130459745,16.147759555343896
2008-12-09,10.191590004953753,4.658707515447247,16.033439176154957
2008-12-10,9.47960060822902,3.9681100352013914,15.420789693669349
2008-12-11,8.9233893342888,3.315673419777056,14.862452602557823
2008-12-12,8.31347405448497,2.6315583149139457,14.333040448696181
2008-12-13,8.328882203881165,2.4695101773628494,14.500644692347691
2008-12-14,8.323863660590689,2.5323061935342253,14.693390016847445
2008-12-15,8.27370043904881,2.270596649137417,14.474603170971307
2008-12-16,8.640088551698568,2.9028774982913887,14.572236300109296
2008-12-17,9.208235938471319,3.489552266656972,15.304584251153528
2008-12-18,9.595282384898667,3.918257322564159,15.564146061903955
2008-12-19,10.121830412784334,4.877257876316776,15.511502068402251
2008-12-20,10.175676241167139,4.964571513597775,15.483628062750824
2008-12-21,9.100944951484735,3.536987417856153,14.810608018448931
2008-12-22,7.943750723426035,2.434491326787281,13.792282073931915
2008-12-23,7.519919741126955,2.0769716955390436,13.282250092712502
2008-12-24,7.375380655169977,1.642457271375008,13.370262026215016
2008-12-25,7.181064133460268,1.1678607683754194,13.265326161216763
2008-12-26,6.736670898444345,0.6541060090665383,12.95536457150098
2008-12-27,6.202519284437358,0.042104621517410123,12.515314519944695
2008-12-28,6.244922185890687,0.06194182736618359,12.411958909863756
2008-12-29,6.376400129410968,0.42097867648897136,12.411852337997686
2008-12-30,6.2761938611295705,0.25462742772373304,12.46685796903813
2008-12-31,5.826205198496325,0.046911615444798827,11.766364282958932
2009-01-01,5.42766570906349,-0.338556123012836,11.317357520761504
2009-01-02,6.027143846749823,-0.2966216082672304,11.892904202777231
2009-01-03,7.093926505359548,1.078248264866204,12.906591229139622
2009-01-04,6.9429814298661086,1.1166559768840898,12.60886783306512
2009-01-05,5.686529774652001,-0.021832750862870398,11.259101868869664
2009-01-06,5.150597685836772,-0.41833915652347287,10.777881777654386
2009-01-07,5.296496396561395,-0.15134470429671865,11.029740553344823
2009-01-08,5.337618215231089,-0.1978669261574737,11.205331066684892
2009-01-09,5.750306650785717,0.047075176123769324,11.511309996366776
2009-01-10,6.172855819995107,0.44655524338350006,12.195663649078085
2009-01-11,6.089131969361972,0.3257648304328882,12.0297653656678
2009-01-12,6.694353871693693,0.6451337441107512,12.826488820191287
2009-01-13,7.207312909618054,1.2998558144212211,13.319409092505566
2009-01-14,7.870901213867512,1.8121249634412493,14.017120271647912
2009-01-15,8.522684377307826,2.69728452696296,14.455759590399168
2009-01-16,9.032619210415419,3.4155508380355286,14.83664301348125
2009-01-17,9.221539526067659,3.463615376417124,15.212440869553916
2009-01-18,8.89797273203527,3.2689583761872427,14.647020514509052
2009-01-19,8.599948787071924,2.5952770079066454,14.666580682612278
2009-01-20,7.837352133322668,1.9304243200416522,13.860651799381628
2009-01-21,8.668229634678653,2.105824739159061,15.03525293558181
2009-01-22,9.391805432367335,3.3351672487071937,15.783486012848641
2009-01-23,9.697935863958605,3.5064921832214964,16.07745987924818
2009-01-24,10.60008803157848,4.320722908766868,16.80140937005666
2009-01-25,10.444987120734481,4.774652333388985,16.312552444385688
2009-01-26,9.909089745421682,4.068133642502232,15.964628721026145
2009-01-27,9.432304572536111,3.3110893225413633,15.589021571001126
2009-01-28,8.852996127421363,2.5593812216321226,15.173633342979372
2009-01-29,9.167535197905295,2.489620873693127,15.868716058816801
2009-01-30,9.043523888562163,2.5592202678138847,15.628267725901424
2009-01-31,8.452188668562826,2.068858237510085,14.879387802034842
2009-02-01,8.271314591555324,1.69342776694333,14.881547008637767
2009-02-02,8.269784859232459,1.6263149166887843,14.710416296067251
2009-02-03,8.72316023052241,1.8193597874369516,15.389271743754762
2009-02-04,8.9428460410424,2.223022649502525,15.507226072885999
2009-02-05,9.313864651543724,2.7949150159942064,15.732887002391806
2009-02-06,9.534482991657569,2.904264392768823,16.058448253657218
2009-02-07,9.102040619375657,2.4920096533854803,15.700042534080069
2009-02-08,9.320625329131644,2.5265431987555758,16.10570568338619
2009-02-09,9.861026728694071,2.839689623846027,16.428489818034336
2009-02-10,10.30599409512871,3.820948243889916,16.64354591213464
2009-02-11,9.756449293109199,3.174449686439459,15.830330735109555
2009-02-12,9.566133571298792,3.242760835145191,15.522156036673039
2009-02-13,10.12051151337181,3.7656779738784962,16.269895119922182
2009-02-14,10.182718708187565,3.4559447219796198,16.479763646972174
2009-02-15,9.684803352671906,3.2533418796595583,16.144713607140943
2009-02-16,10.069770640424224,3.373046592148512,16.558722101859644
2009-02-17,10.575796978279243,3.993184828278629,17.061988275580802
2009-02-18,10.2400708054534,3.559996202428806,16.739739110200446
2009-02-19,10.330077681048067,3.636080813432443,16.7498947784116
2009-02-20,11.340738831637907,4.301847831109967,17.919236068892587
2009-02-21,10.883865540109753,4.363073817737472,17.29289107546532
2009-02-22,10.826728215561332,4.349616307552992,16.990660081380497
2009-02-23,11.64578777708698,5.294568576869949,17.85629034384874
2009-02-24,11.697502284752261,5.452075883600514,17.888611668950716
2009-02-25,11.394699796172802,5.125920416398799,17.643389130717424
2009-02-26,11.355752760478708,4.784869713941703,17.80645076238892
2009-02-27,11.102355916765191,4.548481135396798,17.688460817323516
2009-02-28,10.301542857014283,3.7849194113459816,16.65343431123904
2009-03-01,11.202093052971406,3.5006912333500395,17.927278928333635
2009-03-02,12.377437671372604,5.049007165768842,19.301433021977857
2009-03-03,13.254397023820218,5.873306301765808,20.158113127952674
2009-03-04,13.092949710302207,6.306594002881184,19.750097031691666
2009-03-05,12.843331048233836,6.0392901185613255,19.481789559344747
2009-03-06,12.997302898926648,6.0154352050626585,19.747628790131785
2009-03-07,12.76626337738412,5.8159109884396685,19.40710900767101
2009-03-08,12.95033071958727,5.649102746077062,19.625638183170906
2009-03-09,13.062370814501264,6.354654676734299,19.391454823333106
2009-03-10,12.54112656300714,5.758394367389599,18.965845133838684
2009-03-11,11.77981906339204,5.208352463935,18.061627087689203
2009-03-12,11.877083172032542,4.774263947036445,18.62479314389492
2009-03-13,12.963334281378536,5.048491895751681,20.22552001526202
2009-03-14,13.223426346045812,5.9898283769735485,20.124601736028694
2009-03-15,13.115275669156688,6.18296044071144,19.592409977290174
2009-03-16,13.322804067065022,6.34357905620152,19.82458450972001
2009-03-17,13.573189023494763,6.490937596322226,20.152145189848113
2009-03-18,13.541085109838718,6.4331266641669345,20.038666049249684
2009-03-19,13.937239806250147,6.818971325427526,20.561652659926892
2009-03-20,13.782105344222487,7.17566608111224,20.204124220875883
2009-03-21,13.491101822892915,6.7211322641954325,19.802791094546137
2009-03-22,13.295323352868024,6.506845698985899,19.36368899808531
2009-03-23,13.821486546733354,6.922676711697079,20.000273138372222
2009-03-24,13.962375619586226,7.24104610730285,20.19941011941694
2009-03-25,14.057778086176029,7.279604338746594,20.341752742877816
2009-03-26,13.727870662158978,7.067001081709293,19.822111542324308
2009-03-27,13.530349991312619,6.9136656488749395,19.373969901380065
2009-03-28,13.971334158031993,7.4420454687336814,19.740901320078024
2009-03-29,14.077554518312809,7.660197116832023,19.86696543722752
2009-03-30,14.114275704894169,7.717659062554333,20.04802599267856
2009-03-31,14.042223201886713,7.469706754997162,20.069420682661928
2009-04-01,14.859441710007047,7.537922412785861,21.23890934107453
2009-04-02,15.83375769000412,8.92064532830176,22.01604763277595
2009-04-03,15.930193367744437,9.296169601141116,22.110854368211847
2009-04-04,15.847723789211443,8.86210647720469,22.139128458607388
2009-04-05,15.903258576726671,8.90627774639455,22.17501974534298
2009-04-06,15.969851448909651,9.308478486581464,22.147812808949084
2009-04-07,15.527261134474486,9.07922383829407,21.607346319198484
2009-04-08,14.778765899151551,8.619942193170914,20.690733482726273
2009-04-09,14.923850514932838,8.460029846822863,20.64197112859972
2009-04-10,14.969513621299484,8.386448177888212,20.820005085897037
2009-04-11,15.6701658341903,8.414287474165121,21.91717572217709
2009-04-12,16.345577464209327,8.647226338500104,22.872112819130848
2009-04-13,16.84401112969971,9.347813802851249,23.409688409522175
2009-04-14,17.31106499756237,10.039027475768478,23.783259279332697
2009-04-15,17.91205311939592,10.750891461962794,24.23421556986318
2009-04-16,18.09492665502961,11.430044874806242,24.129141877810355
2009-04-17,17.567660706519348,11.282464192807595,23.447024819970466
2009-04-18,17.918327055353927,10.906410597060074,24.326550400366273
2009-04-19,18.422795598820016,11.189247190911146,24.970954346125097
2009-04-20,18.718726787015044,11.93220696666458,25.086383235823348
2009-04-21,18.4635670571667,12.234437174318828,24.457160132952424
2009-04-22,18.186175972323156,11.907904758365191,24.295290098095563
2009-04-23,18.013312846035944,11.132856732783807,24.300933125293625
2009-04-24,18.08975076206798,10.903758325398542,24.648920315914438
2009-04-25,18.435615086124074,11.074279831540707,25.056331391503193
2009-04-26,18.732309063234084,11.369479725820725,25.201933047689295
2009-04-27,19.133232629987674,11.686776501195823,25.633778595277477
2009-04-28,19.918171068542392,12.351324186529041,26.575048322662667
2009-04-29,20.066498861542584,12.883282658124983,26.68363687444878
2009-04-30,19.756274318965723,12.893183557897487,26.216644841377786
2009-05-01,19.669522579653858,12.746530952359649,26.135162885208956
2009-05-02,20.055242779436185,13.153175368756592,26.450812487271378
2009-05-03,19.771523289397066,13.481670467416507,25.952082787350832
2009-05-04,19.281577066433442,13.334758983605354,25.135848647570015
2009-05-05,19.175091517907163,13.232375633135007,24.906951757258298
2009-05-06,19.42996082507591,12.943324977774921,25.418378465044782
2009-05-07,19.545491901275568,12.882041122704493,25.666299225645275
2009-05-08,19.780385329514957,13.026428323881078,25.97909681546423
2009-05-09,19.783893495583527,13.244693393410216,25.917475044446633
2009-05-10,19.404671769887784,13.252080572842829,25.492489067137967
2009-05-11,18.909312278297705,12.859376418816055,24.882376694769732
2009-05-12,18.516884346257484,12.449968427230772,24.420479441646194
2009-05-13,18.306086460152017,12.15436845546526,24.191741137492386
2009-05-14,18.60311211396055,12.177472638041877,24.544078786424166
2009-05-15,18.910129525564514,12.491883161482406,24.91093743354986
2009-05-16,19.22642472178086,13.104694090886767,25.109566426880747
2009-05-17,19.168478899487013,13.076497812294633,24.993234319657063
2009-05-18,19.371514263731,12.989322216073674,25.236289097074064
2009-05-19,20.304764730616114,13.879468142536723,26.31041506810749
2009-05-20,20.625082352811376,14.640394560953155,26.36058671720923
2009-05-21,20.538967511223007,14.851059976351962,26.137873608726636
2009-05-22,20.668826607135884,15.032155513659916,26.161999206125472
2009-05-23,20.394917648825356,15.017359481249002,25.943587576004234
2009-05-24,20.044510522961446,14.78399982077633,25.43970347581069
2009-05-25,19.6477702375862,14.64627799788434,24.56783993818044
2009-05-26,19.78131125697388,14.27948670751448,24.956993762239108
2009-05-27,19.5369493031057,13.732409122873037,25.047403740421032
2009-05-28,19.611561612181845,14.059699193802487,25.062464576411173
2009-05-29,19.30581735261427,14.222097312329026,24.67271467087187
2009-05-30,18.734826904727072,14.020876269767825,23.65410237770186
2009-05-31,18.731626493770136,13.732892515863796,23.613545184786858
2009-06-01,18.595029818235048,13.037982975789077,23.583792658753282
2009-06-02,19.614373269383464,13.777892724354615,24.853006592713598
2009-06-03,20.501397362451257,14.76347338601812,25.71479729704214
2009-06-04,20.78284180925408,15.160314001133429,26.170187113766588
2009-06-05,20.503249159036443,15.198528268133146,25.883545128601384
2009-06-06,20.09292955849611,15.088351792099104,25.28513278863926
2009-06-07,20.067361276014424,14.803645249871579,25.20765233187143
2009-06-08,20.427003818066567,14.862307019602554,25.761622656896577
2009-06-09,20.700525421537918,14.930620559570627,26.209779002677465
2009-06-10,20.684042117562456,15.011543762818917,26.194662192751935
2009-06-11,20.4654837229686,15.13578484007428,25.834283447877056
2009-06-12,20.68205185054768,15.439237022751172,26.01525424788383
2009-06-13,20.77437324750838,15.606237621435696,26.102642588471156
2009-06-14,20.810421816086716,15.67986543946563,26.177534212969704
2009-06-15,20.774747526999988,15.67029213415708,26.143040141880988
2009-06-16,21.021144925883732,15.757918729966264,26.307890657138046
2009-06-17,21.377972666508015,15.836649942201234,26.767163490355756
2009-06-18,21.612718158966686,15.932778182668756,27.138409925263034
2009-06-19,21.734555023944665,16.22930837234827,27.19189061212768
2009-06-20,21.89971360437505,16.374663129389546,27.472581856589898
2009-06-21,21.950582849710372,16.6383541695144,27.296310729728134
2009-06-22,22.216652620803018,16.961619824815614,27.5932577552702
2009-06-23,22.447316282694715,17.23807977663455,27.766443086381514
2009-06-24,22.389562608761537,17.310132441082885,27.696193127252855
2009-06-25,22.212163436115304,17.356433727417027,27.21180595885977
2009-06-26,22.08225326514713,17.531248439204603,26.911912567919273
2009-06-27,21.772524683509232,17.470837379507827,26.59853328263341
2009-06-28,21.309104579081065,17.15692153064549,25.954110010737622
2009-06-29,21.10639603430559,17.085279089343317,25.619265498557183
2009-06-30,20.952338075643354,17.12724265878944,25.381052225303904
2009-07-01,20.508638030140958,16.809285857768828,24.77528227613169
2009-07-02,19.881881472227235,16.324819174266793,24.058110270022723
2009-07-03,19.870418578042063,16.100204206525575,24.13148400949666
2009-07-04,20.276104161600017,16.181102077281537,24.76299822674946
2009-07-05,20.59106476249991,16.2987768794398,25.161375959681834
2009-07-06,20.93564914766904,16.615855743972872,25.427396403980026
2009-07-07,21.047933518799255,16.811796613945717,25.543041211640457
2009-07-08,20.82992435731336,16.88216467851413,25.231729437698675
2009-07-09,20.50276716344854,16.840359349542382,24.635858983989863
2009-07-10,20.46511351283658,16.819678970170514,24.547081783410988
2009-07-11,20.675107439254077,16.962849042629557,24.7785679703926
2009-07-12,20.91009171101524,16.996159397864744,25.239117532075397
2009-07-13,20.858235978214623,17.153632907656117,25.058763614428926
2009-07-14,20.544101448447066,17.110270641756188,24.504039819313448
2009-07-15,20.609022530336404,16.757459721911914,24.649831250647708
2009-07-16,20.77442271670975,16.84410678517719,24.868606622796676
2009-07-17,21.170005070043942,17.145324998694036,25.41801123697587
2009-07-18,20.90443985560114,17.262607889617755,25.061828388698473
2009-07-19,20.721180289677136,17.108457867069205,24.83539976919377
2009-07-20,20.703609755096977,17.027542568980152,24.703721733239945
2009-07-21,20.495874902164417,17.063244441494646,24.400422502804247
2009-07-22,20.299561016009477,17.069301035689307,24.036749583404173
2009-07-23,20.548064874578188,17.015916789035032,24.53638272433392
2009-07-24,20.739420657435232,17.15752843718076,24.6551982269105
2009-07-25,20.596302229443097,17.04142071095123,24.493680846881375
2009-07-26,20.27332391548265,16.748957961819997,24.149279653017118
2009-07-27,19.97083095502444,16.617954853503193,23.72476117993989
2009-07-28,19.809522428667663,16.656096677854748,23.279736508083772
2009-07-29,19.919343181723548,16.80761011102976,23.714092600724825
2009-07-30,20.034550177292658,16.70292463665527,23.86390871243276
2009-07-31,20.207800843753944,16.837539141439493,24.109914796941723
2009-08-01,20.625177576062754,16.950763995907664,24.73520494659607
2009-08-02,20.808160385428096,17.03112014209671,25.012506689806003
2009-08-03,20.995620526438415,17.127844961011533,25.25408133464134
2009-08-04,21.07542167743344,17.043303167227577,25.385368291831867
2009-08-05,21.062205965583246,17.138628745067308,25.13859687655855
2009-08-06,20.876559435660738,17.266158486754875,24.928149877889666
2009-08-07,20.66275413288622,17.20056618367971,24.621132526222198
2009-08-08,20.547296952965098,17.028752100822658,24.58575421594486
2009-08-09,20.55117911202632,16.928083121177167,24.606279813845788
2009-08-10,20.6567993708274,16.90118458901793,24.84766799081109
2009-08-11,20.70643769247954,16.924350326933904,24.90215699524532
2009-08-12,20.90557689650393,16.84685881398559,25.188170521357847
2009-08-13,20.961578073776252,16.799046478109517,25.246362817964553
2009-08-14,20.444413365563037,16.672857611329675,24.467220842262805
2009-08-15,19.57200282750597,16.39634971244135,23.347847850290748
2009-08-16,19.54887768683392,16.109435776014834,23.37492161943601
2009-08-17,19.505108632026804,16.134059511382702,23.412603883637246
2009-08-18,19.615711296853874,16.246145845928993,23.55711801841386
2009-08-19,19.514348628038192,16.077130786677685,23.672444213081235
2009-08-20,19.158935476215845,15.65821002959558,23.18674456179326
2009-08-21,18.99250080786402,15.455653044190626,23.122143763122494
2009-08-22,19.28052083467901,15.53998901294716,23.52920621353519
2009-08-23,19.409675617440826,15.807841008257753,23.608814691170437
2009-08-24,19.3004804347633,15.578417504121262,23.546698107486463
2009-08-25,18.994946805529196,15.519448735099957,23.04285200522486
2009-08-26,19.010432380738393,15.554612887344433,22.992295122979783
2009-08-27,19.15168108710776,15.449712711628933,23.193760856959216
2009-08-28,19.283744728896238,15.35646348934165,23.327195373358506
2009-08-29,19.798788539959105,15.682360142264713,23.99269411646111
2009-08-30,19.766369748662044,15.815536240468987,24.081728084013776
2009-08-31,19.474292003913206,15.997009208290308,23.552429876852386
2009-09-01,19.46017262716282,16.085493383362234,23.573516208744593
2009-09-02,19.113890281739145,15.800493143121741,23.24652434611994
2009-09-03,18.75451998055297,15.474989014166567,22.810558548396216
2009-09-04,18.707438692847234,15.152759315253093,22.910046918009925
2009-09-05,18.36239744925632,14.77604905032922,22.532144487814435
2009-09-06,18.415901264829074,14.626620569655188,22.600385019770613
2009-09-07,18.79877869663784,14.733047709064465,23.11849148438631
2009-09-08,19.00852512097555,15.035151293316574,23.309711602780055
2009-09-09,18.808060470838143,15.022596936434127,23.044434975884087
2009-09-10,18.782966695265372,15.09696938732634,23.05085020185038
2009-09-11,19.032301449986846,15.124084186893754,23.354069022118324
2009-09-12,19.28021348899256,14.826782805550295,23.997038237523896
2009-09-13,19.14011720893251,14.55955477718527,24.05175479402311
2009-09-14,18.86136146899895,14.478719327160036,23.71022409295557
2009-09-15,18.57355099492372,14.235068679752601,23.38578258222924
2009-09-16,18.581767403976073,14.120613698096975,23.479261623883474
2009-09-17,18.81804627333412,14.077295603748723,23.848391417855566
2009-09-18,18.8314842544126,14.138644404259253,23.736777706495957
2009-09-19,18.732415067176305,13.993444675265096,23.620835439436405
2009-09-20,18.812416644721395,14.052996162225554,23.639067340038082
2009-09-21,18.910518632557626,14.250049481786846,23.81187217019186
2009-09-22,18.77058516829277,14.257952644181955,23.76364925522506
2009-09-23,18.641008884446876,14.06291235863705,23.67808893245848
2009-09-24,18.654080430011618,14.044446918405924,23.742550033700695
2009-09-25,18.484652883786964,13.798236725325125,23.522267057404974
2009-09-26,18.748549341310763,13.645986235706573,23.927153324300605
2009-09-27,18.992502192490292,13.941974134047996,24.097277864482464
2009-09-28,18.92930914261558,14.040695447947655,24.052440569916598
2009-09-29,18.673748657796295,13.987352137220284,23.624891690714946
2009-09-30,18.814528419044166,14.043722531405194,23.774588204767554
2009-10-01,18.84872737223219,14.091038578204063,23.846446180752366
2009-10-02,18.550025106140822,14.136792624195778,23.31540924229938
2009-10-03,17.789382803353703,13.825603496043414,22.112708108253287
2009-10-04,17.444518507473674,13.795000303142615,21.659860249118424
2009-10-05,17.338828684985117,13.901588553644615,21.42032387083526
2009-10-06,17.316423139909205,13.690917859966703,21.44145509621211
2009-10-07,17.0251473123202,12.997164871923019,21.452129940821862
2009-10-08,16.148355676762037,11.73169808902594,20.87774001008438
2009-10-09,15.402914489444242,10.649694030940111,20.42377561114853
2009-10-10,15.042398201738024,10.008416033301728,20.226891579726498
2009-10-11,14.803173850261544,9.595389487811929,20.111931589682342
2009-10-12,14.570460387005426,9.236682674015128,19.90857694443389
2009-10-13,14.59155180480343,9.024657963453649,20.119007875153102
2009-10-14,14.695066883829782,9.075936096337557,20.32086817139026
2009-10-15,14.595169773864484,9.002489172828007,20.137365356196312
2009-10-16,14.556378478673935,8.912928101607633,20.16840527638948
2009-10-17,14.457865042131516,8.920248805850463,20.06270756101452
2009-10-18,14.152549199719658,8.603971528290117,19.781580689305088
2009-10-19,13.744302022091972,8.05009353610592,19.551844881937882
2009-10-20,13.306828354172637,7.222940085479536,19.32524105212957
2009-10-21,13.083822678207525,6.97775176591324,19.196001425289012
2009-10-22,13.184697315114363,6.879388410634476,19.51641858475648
2009-10-23,13.023322566066668,6.765259085802143,19.370597970716176
2009-10-24,12.897977336832355,6.748485040876744,19.147424196919815
2009-10-25,12.829681317665688,6.480868699824839,19.136445138884824
2009-10-26,12.839788492413163,6.504415376280235,19.24219873932043
2009-10-27,13.034195607293611,6.682560694599715,19.364754781548243
2009-10-28,13.188542168790889,7.045511868192705,19.383910465368047
2009-10-29,13.283218464275706,7.133952836037054,19.565651689104016
2009-10-30,13.053530642819112,6.7909680066921965,19.382893801890418
2009-10-31,12.839073409373043,6.4742983904889115,19.285335390998625
2009-11-01,13.073704023231812,6.579800616298257,19.4235919969517
2009-11-02,13.03005397434714,6.961320766601659,19.202025719914502
2009-11-03,12.728798221983936,6.433123432699006,18.90933804963521
2009-11-04,12.676461271936091,6.555715660023736,18.74861472183204
2009-11-05,12.644431487440158,6.893569202218146,18.512125092375697
2009-11-06,12.560844455938593,6.866482926776939,18.40860465631289
2009-11-07,12.597901922679682,6.938894317250686,18.22841385849398
2009-11-08,12.572006644675866,7.151011032328597,18.20159138660057
2009-11-09,12.10327877339165,7.055307015659594,17.37658850669834
2009-11-10,11.386311286720911,6.151350467705811,16.61235172381788
2009-11-11,10.593236884419127,5.429053978636375,15.877762949621115
2009-11-12,11.605962257832402,6.019727383620534,16.67005563978455
2009-11-13,12.83133725172172,7.9988515554236415,17.640870191444833
2009-11-14,13.078156792296397,8.681200405745244,17.78637419332921
2009-11-15,12.134913330602785,7.504144906703175,16.97160462658809
2009-11-16,10.99502481011882,6.60597109218935,15.815611845483545
2009-11-17,10.148917747320468,5.38699840232448,15.04959376727669
2009-11-18,9.159212776621246,4.186034318929728,14.344057449112938
2009-11-19,8.067342547099486,2.9028556844810964,13.461478716240208
2009-11-20,7.289273016625259,1.6642648762166345,12.995731489191826
2009-11-21,7.294449117169677,1.3677462667460532,13.427712087384407
2009-11-22,7.925754361062502,2.0108465176516006,14.003522370134533
2009-11-23,8.65251750379656,2.8706888212281,14.928101535969517
2009-11-24,8.897182766096819,3.0615347474997634,15.254512683402538
2009-11-25,9.05678893733085,3.051926910150428,15.37445725980524
2009-11-26,8.562761556684677,2.542306544157782,14.939358207234648
2009-11-27,8.654057306207847,2.255440700657232,14.856780821171526
2009-11-28,9.218101304312825,3.0907450185956122,15.485451707034372
2009-11-29,8.986936951694133,3.0000476803881497,15.209064971732914
2009-11-30,9.077574353468606,3.100296977878884,15.300971093204282
2009-12-01,8.877022349892172,2.8759548150654837,14.928378889120552
2009-12-02,8.746709596791618,2.8324877618895243,15.042629739410245
2009-12-03,9.02598783113848,3.023666375417122,15.292308900418618
2009-12-04,9.230499452347885,3.346227236643415,15.331569416177388
2009-12-05,9.053136534312102,3.227487742453775,14.992957844080252
2009-12-06,8.155249778294092,2.366431571397868,14.246168772005603
2009-12-07,7.704124090405742,1.9461025929544462,13.969575843303687
2009-12-08,7.94991828836595,1.901156378889084,14.061271307013328
2009-12-09,8.930553703373505,2.7525224008975897,14.758366163661776
2009-12-10,9.459874803109926,3.915937266735,15.23790720935989
2009-12-11,9.000079734568715,3.366308343111541,14.773039049396232
2009-12-12,8.85370653611551,3.255901155810477,14.503848258340156
2009-12-13,8.819131657233186,2.8708246446061025,14.509836227884534
2009-12-14,8.01554064701952,2.169175870968843,13.562883020784852
2009-12-15,8.25755176905335,2.373998459196457,13.997320318876291
2009-12-16,7.633777610622076,2.194646475231707,13.33426525403263
2009-12-17,7.201757002152817,1.8761754570292055,12.848642592748035
2009-12-18,6.838996426034328,1.419120118306921,12.571638522680189
2009-12-19,6.773045835611924,1.020955234655844,12.473759833312158
2009-12-20,6.988494167686497,1.1664937141963492,12.88542122969534
2009-12-21,6.789413115579407,1.1462831250593126,12.754632527823446
2009-12-22,6.294025679855565,0.8127365042665815,12.30687944546412
2009-12-23,5.878949425451765,-0.08923194378559174,12.089506625692252
2009-12-24,5.1830008100855025,-0.6569455153995136,11.327324122649713
2009-12-25,5.253206302731144,-0.9729220237969116,11.47960937281232
2009-12-26,5.294385368383018,-0.7475809282162231,11.469938393805421
2009-12-27,5.7765578915181095,-0.4070024038847464,11.956393654726298
2009-12-28,5.9186156659953895,0.0895907642099587,11.981021421768844
2009-12-29,6.2907392049194755,0.2371742210048069,12.421188300365259
2009-12-30,6.220033089566414,0.26104799780546273,12.085535399445007
2009-12-31,5.634733500131915,-0.3452673787265894,11.521379138826035
2010-01-01,5.644638520348963,-0.7263645630325186,12.173847114213459
2010-01-02,6.410712307412098,-0.04831779256517166,12.934755165802471
2010-01-03,7.350353722270597,0.9671628121657818,13.467629534107857
2010-01-04,6.783594773637901,0.5377167772813323,12.903208030270434
2010-01-05,6.07742190487312,-0.09363091266232004,12.53999251214259
2010-01-06,6.030264301295745,-0.14634815873040452,12.505767882302564
2010-01-07,6.47013901713899,0.08886568799994166,13.211556549287366
2010-01-08,6.711326733559474,0.5377149646209318,13.254405345117448
2010-01-09,6.551185401858618,0.7510388418689331,12.760610253432617
2010-01-10,6.589985240657313,0.775024449217085,12.868165100866747
2010-01-11,6.605259184923,0.7522486298684044,12.867915947754227
2010-01-12,6.793578282183034,1.034293616717605,12.72102667101666
2010-01-13,6.994613181866725,1.1318750703713363,12.737021554281228
2010-01-14,6.841259454082149,1.0686048846816334,12.65569991703893
2010-01-15,7.041718617967092,0.9319546965641052,13.433630960503592
2010-01-16,7.3124742676675965,1.0954286097497743,13.897160738720629
2010-01-17,7.641540097187658,1.309979138677761,14.267597967142535
2010-01-18,7.36366222657341,1.3022314345951145,13.787809090292058
2010-01-19,6.921309562763668,1.0320259613145026,13.069945200166785
2010-01-20,7.121021518238763,0.7061876038546302,13.610421562855379
2010-01-21,7.237155813823392,0.6634080829809363,13.891938945090772
2010-01-22,7.345425512544409,0.6547441143927131,13.927281747519771
2010-01-23,7.426214798608612,0.887998811958937,13.940180991220075
2010-01-24,7.418398911333554,0.8471556939164202,13.91229771835225
2010-01-25,7.437076154794397,0.8147244638248026,13.8683980225332
2010-01-26,7.360194305692573,0.7529065224835563,13.689140201680061
2010-01-27,8.008220515540188,1.5240660291752306,14.391268522597443
2010-01-28,8.174968297268663,1.9689952342923789,14.39475247590974
2010-01-29,8.138944037991564,1.7005397259508754,14.389051571186144
2010-01-30,7.6175525888016296,1.365109956792537,13.842776449895155
2010-01-31,7.6435027584452655,1.1798658805371929,13.96657590127819
2010-02-01,7.487569244676649,1.2337492667505217,13.618737988516955
2010-02-02,7.232225376341205,0.9784636118392314,13.437571736796997
2010-02-03,7.1643591393927295,0.9184745153043536,13.438410666056598
2010-02-04,7.338753790498231,0.9739082311054972,13.721773457420682
2010-02-05,7.988261709847848,1.1725069383063556,14.2662235441382
2010-02-06,9.443711073165161,2.4601247164338815,16.05530606157896
2010-02-07,10.202967393349638,3.866772268112527,16.405061160518756
2010-02-08,10.435752711358077,4.103019479443162,16.3223652858685
2010-02-09,9.030169778399511,2.97415886461107,14.849599805123262
2010-02-10,8.10024019100291,2.0237365620055243,13.938203361085584
2010-02-11,8.668749765953123,2.4858744338523593,14.748713928940333
2010-02-12,8.90402336808097,2.677676045348676,14.97158837868733
2010-02-13,8.760807516408704,2.7686243910168287,14.84271853466106
2010-02-14,8.727426279916926,2.768294296986369,14.76508354603692
2010-02-15,8.845960172888056,2.9058704044634283,14.902995142625684
2010-02-16,8.624721022675487,2.636963786062836,14.8497368524786
2010-02-17,8.06137400852964,1.8666818023317546,14.237500085147872
2010-02-18,8.08023870696627,1.1685621991991297,14.529905253223433
2010-02-19,8.940901601013081,1.9931884718727702,15.687351645236447
2010-02-20,9.75436219674151,2.479609924405679,16.661606502739517
2010-02-21,10.576280947975647,3.305225959087295,17.520918026888808
2010-02-22,11.111766598581085,4.135873139039802,17.838138954365547
2010-02-23,10.917060639871181,4.396351577685152,17.388193702983756
2010-02-24,10.648670694153111,4.271525688083273,16.848839840079222
2010-02-25,11.0928858606772,4.3735101020991465,17.3340997164849
2010-02-26,11.837329348498656,5.118332721556953,18.20452346294661
2010-02-27,12.349223146692111,5.562454581141253,18.88292740279411
2010-02-28,12.864392370803955,5.917068652309013,19.42486067250138
2010-03-01,13.109491827968782,6.281061814430814,19.652661498664088
2010-03-02,12.610530690467158,5.62161719852088,19.16049589608184
2010-03-03,12.816145836312273,6.117567362681484,19.178616473581826
2010-03-04,13.05897338869596,6.805657173307736,19.184471677032775
2010-03-05,12.633670323629417,6.256734413852371,18.63282327533858
2010-03-06,12.465534664592553,6.049349948336783,18.55402841486
2010-03-07,12.366515081009936,5.813211305386517,18.65246518336039
2010-03-08,12.370872934778617,5.426847342846884,18.92695802876011
2010-03-09,12.599864688211369,5.647504589619302,19.168877967446292
2010-03-10,13.063477604149114,5.933805490199916,19.84626409846487
2010-03-11,13.71805422696201,6.515592567120734,20.586628816968187
2010-03-12,14.000852480984463,6.929710688348052,20.853360723080925
2010-03-13,13.922083049558921,6.870887755467493,20.678638666250833
2010-03-14,13.787130293399173,6.614916193267732,20.55548890723236
2010-03-15,13.983721495748625,6.516410054298433,20.852059740397692
2010-03-16,14.34850937319112,6.918879934340566,21.253334097834056
2010-03-17,14.852138460294952,7.368247492449996,21.72640687717484
2010-03-18,15.678907792388031,8.07497640867831,22.692007535437085
2010-03-19,16.53608829009272,8.799366799485881,23.55757762190052
2010-03-20,17.53611980296114,9.636731657039434,24.783018385565754
2010-03-21,18.0392028196905,10.326956282605977,25.237716538218933
2010-03-22,17.83403746630512,10.951554123714516,24.608815848356983
2010-03-23,17.493256512597725,10.686977284530201,24.293846971549158
2010-03-24,17.20295035078709,10.108602201027963,24.154326257859736
2010-03-25,17.444703423392355,10.156905012676305,24.247171638802286
2010-03-26,17.223149864825245,10.535605718529553,23.792545618258373
2010-03-27,16.920124377056425,10.194874419559369,23.43533742521288
2010-03-28,16.76787052868093,10.005518192187878,23.269144296727404
2010-03-29,16.520440037870458,10.091398420194537,22.685361802420232
2010-03-30,16.284151394042567,10.187438270724272,22.363703856576933
2010-03-31,15.453177083306343,9.457098276731472,21.42931729667754
2010-04-01,15.519760232054352,8.984122789687945,21.777789835785597
2010-04-02,16.049440520458006,9.23777712925073,22.32968402089881
2010-04-03,16.615796120648156,9.851572230856846,22.92368845328673
2010-04-04,17.004676998039884,10.017560819023913,23.46893626608511
2010-04-05,17.009436565406702,9.966430386394563,23.480604080495652
2010-04-06,16.798493817148028,9.388784958876272,23.535458764810357
2010-04-07,17.712905053201894,9.4577502518992,24.651684143338912
2010-04-08,18.72055538840442,11.27772690507038,25.42591008782273
2010-04-09,18.676862593140584,11.85095088957155,25.165010962369365
2010-04-10,18.58633325357357,11.576647781499673,25.2199629614247
2010-04-11,19.10385664239078,11.83994592399057,25.832000392819793
2010-04-12,19.254491729397444,12.387148057227932,25.777437706525916
2010-04-13,18.751033573183122,11.828005367579578,25.28268977180602
2010-04-14,18.85675765814443,11.642270129503117,25.479725659469125
2010-04-15,19.606697503624844,12.09490286475716,26.33043201508565
2010-04-16,20.01569175770544,12.863652695841608,26.723525021534897
2010-04-17,19.873794393993194,13.225757054233782,26.12736285755392
2010-04-18,20.190189371431813,13.958391916932726,26.376734045533055
2010-04-19,19.779988779282974,13.982605939476628,25.791592878761662
2010-04-20,19.218576042030577,13.400560074606801,25.21224147221932
2010-04-21,18.99046648934319,13.176285072528572,25.003035128672423
2010-04-22,18.92595341487811,12.70474516124392,24.95598033467934
2010-04-23,19.039736673969912,12.442345158575279,25.338267071855796
2010-04-24,18.382806829462425,11.691976240162035,24.644646433119874
2010-04-25,17.91753113816253,11.304843256810784,24.08156657238743
2010-04-26,18.208592319766694,11.357200366786742,24.484360688129243
2010-04-27,18.79546199972299,11.87434839121181,24.92763848940615
2010-04-28,19.349425024960453,12.651518319157844,25.565887792853687
2010-04-29,19.372047751129912,13.05605061753306,25.45195828486817
2010-04-30,19.30072412639629,13.216651040524766,25.108651739579955
2010-05-01,19.70170345946417,13.487273858545393,25.402148509649123
2010-05-02,19.906276459259118,13.86891892848439,25.678123987778804
2010-05-03,19.85749264486128,13.552460165682874,25.763679567963436
2010-05-04,20.290414660665988,13.822783804239123,26.391503990092303
2010-05-05,20.160334515822967,14.298548859571952,25.935710001461075
2010-05-06,20.09779937647926,14.604661648060585,25.697074657823578
2010-05-07,19.803747823053527,14.24075660992753,25.3730109284636
2010-05-08,19.609192317071404,14.052334091058981,25.08124992545737
2010-05-09,19.75879346527944,13.629527391185718,25.44801685868225
2010-05-10,20.166285008055468,13.87815177558025,26.065401673129884
2010-05-11,20.385640569947782,13.895219865725892,26.3956662296701
2010-05-12,20.47879897927868,13.79376520951513,26.68605781533563
2010-05-13,20.49799187893973,13.880447065988847,26.561815263032827
2010-05-14,20.382750962378566,14.064193311642441,26.56239312727962
2010-05-15,20.322972941081446,13.682456765817562,26.49831065052473
2010-05-16,20.78638167318337,14.020687413231883,26.963670333389928
2010-05-17,21.14261869177193,14.793474490991514,27.0521764720134
2010-05-18,21.41360363036904,15.458574863463355,27.100906852350533
2010-05-19,20.741106687142462,15.273421083244898,26.212572253784685
2010-05-20,20.02600863348897,14.369237192868013,25.632749232012372
2010-05-21,19.93803615178075,13.773223737703688,25.535514435479797
2010-05-22,20.803216078988953,14.52536671351072,26.49059919705593
2010-05-23,21.199917927370223,15.211294869197559,27.07508206626943
2010-05-24,20.915067070153384,14.931371845736692,26.753698110599373
2010-05-25,20.517555504199606,14.596284668736587,26.260065272476652
2010-05-26,20.597999985915806,14.639746766269525,26.344005686590776
2010-05-27,20.93340288801909,15.156630846612643,26.634311851122163
2010-05-28,20.851311225215113,15.373008499703758,26.320723023030496
2010-05-29,20.785530739380704,15.318150410234296,26.219758910072528
2010-05-30,20.33217287964993,14.778575428481872,25.821895785193476
2010-05-31,20.351940081309806,14.491620315991668,25.91709920253885
2010-06-01,20.85617504613458,14.632776970049122,26.55734863026254
2010-06-02,21.024978637057814,15.316498158856803,26.5832909044766
2010-06-03,21.17014921584274,15.722858818093925,26.565123593873466
2010-06-04,20.907127965567952,15.857899706696685,26.124608515875593
2010-06-05,20.46885937896451,15.67312528107982,25.403037476974248
2010-06-06,19.971503129081952,14.955896327194694,25.04894704950226
2010-06-07,19.652931481479925,14.540674825128292,24.594608163068074
2010-06-08,20.0864385002846,15.254218700731826,24.947767308246625
2010-06-09,20.10369129838756,15.23919440144681,25.10910886778447
2010-06-10,20.435699671258135,15.246527472541175,25.63085854494915
2010-06-11,20.554916794018027,15.25773143794737,25.856635244367283
2010-06-12,20.58887260398643,15.381618945589594,25.644301016892598
2010-06-13,20.609884454889254,15.770123009186761,25.413513734000446
2010-06-14,20.382911562958952,16.007289478830728,24.954798442983247
2010-06-15,20.08817520414766,15.74613849274948,24.55379791307439
2010-06-16,20.039485516365346,15.771274567948126,24.49704414499257
2010-06-17,20.442353093964357,15.91131374391864,25.099724444500282
2010-06-18,20.768225317954943,15.854262305351426,25.59057034263884
2010-06-19,21.239622317568717,16.14261684455522,26.22011207479784
2010-06-20,21.540144514572944,16.52394658987089,26.48070214303857
2010-06-21,21.734595596498195,16.834397155509237,26.735912208280695
2010-06-22,21.70673496472523,16.904993069605723,26.764956831322763
2010-06-23,21.44181857944983,16.795490424953698,26.358717161640357
2010-06-24,20.87236356686543,16.70099655839789,25.427070138880538
2010-06-25,21.096835256590964,16.966310937379774,25.55048910816913
2010-06-26,21.54228144840937,17.1287879751834,26.159533470048927
2010-06-27,21.52498814849571,17.175886638660415,26.30685883709407
2010-06-28,21.38172277079906,17.070858221639526,26.103070881057874
2010-06-29,21.30957042544378,16.934296017875795,26.02954546432187
2010-06-30,21.104535029180113,16.937403142013522,25.742571608340995
2010-07-01,20.707152823468505,16.84703862306742,25.09375242152396
2010-07-02,20.440010730111283,16.65433721779482,24.671189995722443
2010-07-03,20.744725386834546,16.632175856137053,25.22859548627133
2010-07-04,20.749162777058245,16.567679758578322,25.22855868285808
2010-07-05,20.35555650642476,16.7282172455636,24.523974339818153
2010-07-06,20.261896687323485,16.891784119098645,24.264178484391493
2010-07-07,20.460622138200165,16.969486676960003,24.44975887493763
2010-07-08,20.575431660951494,16.853982510365995,24.56446304252313
2010-07-09,20.744774153315916,16.89962726253424,24.955918249366675
2010-07-10,20.816019514578898,16.987959775527713,25.12442925485027
2010-07-11,20.443004544948167,16.70042683628344,24.68716976315119
2010-07-12,19.876383744104714,16.40848490810015,23.7921191271127
2010-07-13,20.224744359712133,16.662383416779846,24.231421789471995
2010-07-14,20.750842023476025,16.85550777996616,25.030662071696554
2010-07-15,21.140819516924353,17.15083841178614,25.429067513072482
2010-07-16,21.236327332459382,17.31852023426228,25.476333718898104
2010-07-17,21.17051238570417,17.288388796254537,25.29653723039138
2010-07-18,21.289618014637313,17.18496508983702,25.52945401518008
2010-07-19,20.886572398526255,17.20595417024998,24.896859077577403
2010-07-20,20.38975214173098,17.18061009997251,24.177740979468354
2010-07-21,20.180093293509856,17.150062136931638,23.935606889738892
2010-07-22,20.011769437901535,17.00533893744256,23.672360715669072
2010-07-23,20.4395961508464,16.99438693568078,24.305075106507218
2010-07-24,20.497138572533686,17.20923863005578,24.227271437035597
2010-07-25,20.348117963906873,17.210418990769767,23.94431253186491
2010-07-26,20.06192620933075,17.067671420764725,23.560947630574276
2010-07-27,19.97603404163914,16.94060564650306,23.565932168761435
2010-07-28,20.011412140873745,16.96870072521307,23.629065530356286
2010-07-29,20.052078624068486,16.900436270719524,23.796535079322666
2010-07-30,20.020792704416408,16.859526388256597,23.769488939875373
2010-07-31,20.101890579191718,16.832603108367437,23.93086595247837
2010-08-01,20.045887972455944,16.812581282981796,23.776869681949563
2010-08-02,19.921500800695526,16.931873546183567,23.568124928111047
2010-08-03,19.59157364517756,16.87431821345109,23.01438380977214
2010-08-04,19.668635168401806,16.763690691685326,23.17202808530061
2010-08-05,20.110493230443524,16.740854687195394,23.932187204965373
2010-08-06,20.24788748341632,16.9120499550487,23.985652647255108
2010-08-07,20.335881751604063,17.007517014116218,24.096848185490444
2010-08-08,20.463623645323878,17.10335118805665,24.26845655430418
2010-08-09,20.66107139231258,17.330820007064574,24.569761186345033
2010-08-10,20.665882809736672,17.414230074418867,24.6865105349288
2010-08-11,20.573350187015535,17.37999998943087,24.48543188091412
2010-08-12,20.27534584214459,17.222165393414514,24.15267857904928
2010-08-13,19.897168130384443,16.986862301269696,23.619072930675827
2010-08-14,20.099107437988266,16.935632978667456,23.890494589823902
2010-08-15,20.306317053363955,17.135902431367526,24.211666209465932
2010-08-16,20.19311398757071,17.247474801764895,23.975077509101993
2010-08-17,20.113244047139744,17.252972805876823,23.707640625401666
2010-08-18,20.00357279016572,17.155968021677552,23.50842895402684
2010-08-19,19.9793906138313,17.014319764762263,23.67181194374973
2010-08-20,19.556165032072045,16.73096994930546,23.127873450116397
2010-08-21,19.3418841694197,16.486328481798694,22.961634814565286
2010-08-22,19.210577632535603,16.21644912579086,22.81966448238785
2010-08-23,19.24200339025117,15.983131717561378,23.024840517124176
2010-08-24,19.21817343059729,15.986496662200977,22.98775980704505
2010-08-25,19.087376375970905,15.95466682691034,22.87967097008726
2010-08-26,19.300552603199776,15.986376449601892,23.176924219823718
2010-08-27,19.87340722220455,16.141955818671022,24.036812005135914
2010-08-28,19.97365260366894,16.436492995479682,24.10688570204917
2010-08-29,19.76699375394992,16.331886408712535,23.750777919767813
2010-08-30,19.42681175341187,16.103357364608883,23.237963357828107
2010-08-31,19.368934837077575,16.089447563137583,23.125593194403507
2010-09-01,19.661901819602747,16.116744603297832,23.708138835956788
2010-09-02,19.686180580181258,16.167879040152684,23.734954452364036
2010-09-03,19.20176294592534,16.0932766170817,23.06795319356155
2010-09-04,18.673194270510862,15.786589260815163,22.311534958262143
2010-09-05,18.61678968071135,15.379243306969386,22.491282785468627
2010-09-06,18.868218019910785,15.284784992760137,22.929078066988097
2010-09-07,18.83017020803777,15.453663998853926,22.676867981054954
2010-09-08,18.51431575272443,15.440584771782369,22.231994373899568
2010-09-09,18.444451322130192,15.246406139343605,22.279085138389007
2010-09-10,18.510230404618312,15.078840904246022,22.572274558377956
2010-09-11,18.507205371775342,15.049171325196198,22.471916998003564
2010-09-12,18.688456310818367,15.205622632107918,22.70284552137042
2010-09-13,18.612134411949228,15.310698170355295,22.675811967972322
2010-09-14,18.33536881211512,15.116107767560095,22.298627204423042
2010-09-15,18.18665586906036,14.900482814254815,22.278053820716593
2010-09-16,18.063776424494733,14.734095082162867,22.126233655014744
2010-09-17,18.00391294443881,14.571222381568418,22.15458832301607
2010-09-18,17.733789930534385,14.3032322924617,21.7214754135602
2010-09-19,17.88939232349486,14.168321591220149,22.14199659469938
2010-09-20,17.962085548080665,14.054512810089193,22.36341421211995
2010-09-21,18.184014458754973,14.011105924890956,22.72953463563573
2010-09-22,18.42165753682349,14.108912051842026,23.064286723359373
2010-09-23,18.145606931740986,13.857058192213913,22.888402967071613
2010-09-24,17.371678577411103,13.254467752717744,21.932867466237326
2010-09-25,17.105640215988387,12.771853671884287,21.82607423196623
2010-09-26,17.021608555462535,12.360072220349707,21.923092815648147
2010-09-27,16.940450270764927,12.032478277291546,21.92188994004215
2010-09-28,17.08488163755368,12.034419737696567,22.23163368578821
2010-09-29,17.117936268820813,12.131707027759774,22.243537819454048
2010-09-30,17.066571385166867,11.95811845522121,22.164931310513452
2010-10-01,17.056127320624114,11.982654052710586,22.13307268737043
2010-10-02,17.07593351190218,12.198449917360733,22.06049967007459
2010-10-03,16.935250969981666,12.20503785307335,21.97080201716534
2010-10-04,16.566480221439235,11.524119301655048,21.739172510926267
2010-10-05,16.120257200617118,10.980586182932143,21.384652187077677
2010-10-06,15.879421793652284,10.82355265049199,21.019653201888048
2010-10-07,15.930952945592026,11.044373371192478,20.78598501476671
2010-10-08,16.13389032172762,11.345998344165537,20.91154435485464
2010-10-09,15.95973228883554,11.311800632359791,20.750012164831446
2010-10-10,15.69335942872101,11.017900562431578,20.58131320783724
2010-10-11,15.508469262154449,10.640724591322225,20.536333734054665
2010-10-12,15.446841497378387,10.250328932704576,20.594555796433838
2010-10-13,15.578839711276032,10.179581475937198,20.85475984067091
2010-10-14,15.775010928083589,10.39626461213021,21.171887680073667
2010-10-15,15.825813606403074,10.545078565673862,21.15660304961324
2010-10-16,15.92586562870639,10.90730009445781,21.04022276449541
2010-10-17,15.750680810488234,11.169808441910334,20.58087956824272
2010-10-18,15.720369966976705,10.946594455953118,20.696406777318543
2010-10-19,15.780453396591781,10.781680865451392,21.030752700416542
2010-10-20,15.842953825490156,10.92492082557095,20.937435422665658
2010-10-21,15.445975270868075,10.8867452854563,20.36070803624642
2010-10-22,14.522698709793133,10.317478981582497,19.176469615104395
2010-10-23,13.877356274904969,9.128788191897797,18.830195241314698
2010-10-24,13.27979009335138,8.339531123832842,18.58188104021218
2010-10-25,13.079283016011345,7.648233178850205,18.58336913277458
2010-10-26,12.98448780021954,7.408314939687273,18.586099653086364
2010-10-27,12.881884323012514,7.343692934686658,18.46552530592345
2010-10-28,12.661968606075504,6.695685858563365,18.380279178635988
2010-10-29,12.680245273946468,6.80865356249177,18.359838984410032
2010-10-30,13.001567941902636,7.454769765752189,18.31248804241494
2010-10-31,12.684744968602956,7.78497130454241,17.659539143786162
2010-11-01,11.95412499012599,6.965571172587431,16.83997727399344
2010-11-02,11.412550477862055,6.044089226381743,16.50451240386235
2010-11-03,11.529067928722498,5.7672587724452455,17.183856763808365
2010-11-04,11.921498748306249,6.04267268024654,17.974924495520952
2010-11-05,12.395488110292831,6.477728274036167,18.38648960654598
2010-11-06,12.258099900391016,6.4928421834620735,17.983098027617302
2010-11-07,11.940275678202909,6.144036996784905,17.73332504671299
2010-11-08,11.844282325803476,6.032125876207203,17.548630353797193
2010-11-09,12.151383299823237,6.577394078934276,18.039281449607984
2010-11-10,12.012209129341556,6.467443709477152,17.81625221015787
2010-11-11,11.870038304884815,6.360815074746711,17.687732646823292
2010-11-12,11.58164674608031,6.734472993696443,16.969483383895522
2010-11-13,11.555006702876597,6.695663821281016,16.72505007566201
2010-11-14,11.52789146124752,6.416259119492224,16.897233517183224
2010-11-15,11.415410725507286,6.178611849604408,17.049617023569226
2010-11-16,11.236637984927995,6.079847581307774,16.696633861991813
2010-11-17,11.220525882701565,5.972626251592487,16.491927940781466
2010-11-18,10.891075463440131,5.955503328692544,16.13340712262095
2010-11-19,10.598535171223602,5.413646191153248,15.941529427964667
2010-11-20,9.839259340143428,4.277367076699875,15.50796388325898
2010-11-21,9.758021245148257,3.8628997281718966,15.369927392676175
2010-11-22,10.20180913765364,4.867133301564024,15.383977695374256
2010-11-23,10.205185717254892,5.04323327548758,15.357295816782653
2010-11-24,10.53519503546562,5.052434374175959,16.085985052513934
2010-11-25,11.143805708161949,5.674907289400494,16.786677337464766
2010-11-26,10.888523754271432,5.5740481898462235,16.57338139381983
2010-11-27,10.281536088857877,5.097943568896142,15.899429778306
2010-11-28,9.760888251438757,4.507657614811649,15.345736297653104
2010-11-29,9.142303363147619,3.4486167006704136,15.020477070701816
2010-11-30,8.383629299459813,2.4373585780091958,14.499968717611637
2010-12-01,7.971430425476228,1.9980332521100763,14.172038612803192
2010-12-02,8.073577152234805,2.1073918528219906,14.184840246943907
2010-12-03,8.036886396002899,2.1450425376452245,14.182184230841301
2010-12-04,7.993924926721434,2.076383415268026,14.235603987003799
2010-12-05,7.84704054943154,2.049350089949712,13.882814394218144
2010-12-06,7.653240834261226,2.157226493757321,13.563306709888877
2010-12-07,8.036320601344187,2.4155583412709802,13.794653400529114
2010-12-08,8.473776469785605,3.280336861493538,14.012129303868278
2010-12-09,8.428155571134312,3.628770217875797,13.727137735819724
2010-12-10,8.194473527226819,3.0940850752778033,13.7127724758451
2010-12-11,7.633251419343878,2.245033782778478,13.288008370446903
2010-12-12,6.8820463051973775,0.9510972423462931,12.72422465116091
2010-12-13,6.782511771529073,0.793904444533041,12.790888257521658
2010-12-14,6.488128399468451,0.6016790956658156,12.42708437230101
2010-12-15,6.194450248495116,0.08993016405042908,12.390569826874412
2010-12-16,6.7568919908933935,0.3571614698935264,13.334156111652192
2010-12-17,6.722939687657288,0.784205364179968,12.942895456465578
2010-12-18,6.0599743825573,0.2480091285045205,12.18778562185372
2010-12-19,5.654475583649969,-0.37810212715334046,11.855052527534156
2010-12-20,5.670261810516934,-0.6595727399157454,12.448281525181983
2010-12-21,5.721216162374446,-0.8900845095892009,12.717060279870509
2010-12-22,5.659482650421978,-0.8322336169205755,12.290682374103596
2010-12-23,5.5687705537069405,-0.7049601171905238,11.980006835612016
2010-12-24,4.885437862025981,-1.4148785582549408,11.360550222430447
2010-12-25,4.927347881001765,-1.5375817794574118,11.478982962600412
2010-12-26,5.854721751051784,-0.7837411504430065,12.36142452497478
2010-12-27,6.0994995125304285,0.019271057146454496,12.488271655976746
2010-12-28,6.475779803876264,0.4207945590783879,12.721267053798442
2010-12-29,7.068701484195969,1.1240057829928674,13.119679730131054
2010-12-30,7.509081144170011,1.7214233973803061,13.302967191156597
2010-12-31,6.811197387968889,1.0172374175252799,12.364185409548782
2011-01-01,4.953316691238854,-0.8387290969548076,10.58410599020715
2011-01-02,4.5391974366935415,-1.4070781892102673,10.777532052926063
2011-01-03,4.7266893086726895,-1.0440495417788043,10.883996164958603
2011-01-04,5.413304638342936,-0.5270785718599313,11.634544887182926
2011-01-05,4.980043274490299,-0.6760632394608024,11.174984420567682
2011-01-06,4.899103603621654,-1.0365677272496328,11.204823982803418
2011-01-07,5.311946461799266,-0.6286711352587417,11.5676526651377
2011-01-08,5.137730408565403,-0.6648425595985827,11.132681247318317
2011-01-09,4.392777693470634,-1.565795272096011,10.4953269030745
2011-01-10,3.727330621679755,-2.3643308792336484,9.90900621284311
2011-01-11,4.566058465384799,-2.208228148153637,11.221690783285908
2011-01-12,5.258127244332229,-1.3480263758426076,11.972968759483024
2011-01-13,5.681522113848416,-0.7757744953455585,12.25985202261802
2011-01-14,5.593052969103667,-0.677236144071685,11.8339874095156
2011-01-15,5.428354677120126,-0.7421190769794634,11.461435131651001
2011-01-16,4.176701809645294,-1.827596103719884,9.92551080347431
2011-01-17,4.476161570221905,-2.1034748255081013,10.564966358308766
2011-01-18,4.585170733230541,-1.8451037914007316,10.771711327566493
2011-01-19,4.070892281908755,-2.347251754857325,10.375446612064422
2011-01-20,5.177844587138111,-1.7647537998472558,11.594307275289054
2011-01-21,5.772138776834822,-0.6508031309724629,12.144123998531086
2011-01-22,5.939644429174905,-0.389319928226314,12.343915013558842
2011-01-23,6.03326797412501,-0.35689120794233986,12.571319879666419
2011-01-24,6.024045357881164,-0.375474102265116,12.650598992188293
2011-01-25,5.939352201863699,-0.3187351067136319,12.457509126061211
2011-01-26,5.680504147359329,-0.6380500678609451,12.051577655211474
2011-01-27,5.361661668010299,-1.0710054492849963,11.743937389896416
2011-01-28,6.194440995421246,-0.6045472451762066,12.642998345282876
2011-01-29,6.766700477138556,0.5138032326745474,12.812529153280934
2011-01-30,7.092538286407944,0.6529970236667282,13.300861023181255
2011-01-31,6.910028551354742,0.48374480106662077,13.15788919457384
2011-02-01,6.984110268422569,0.34182475935568846,13.5075135954512
2011-02-02,7.674146564340958,0.8365427089543687,14.502935226523903
2011-02-03,8.656907858857778,1.5573187704873135,15.601322577805092
2011-02-04,9.294046006187443,2.5218531471649044,16.104503355346424
2011-02-05,9.369366565102268,2.7831061492903473,15.953532502372582
2011-02-06,9.630945349982085,3.216316651291436,15.939531855004304
2011-02-07,9.58631702617788,2.9945856871962633,15.960329076164385
2011-02-08,8.472077288261914,1.5963172676044906,15.066368838550943
2011-02-09,7.72199174593635,1.012812056675159,14.327889820966277
2011-02-10,8.234677124198697,1.2112340981186094,14.952237950967401
2011-02-11,8.512865662000138,1.8171067894021462,15.010152588696599
2011-02-12,9.327285501960091,2.435896023617829,15.89023450805837
2011-02-13,10.121397406394976,3.4141057763949334,16.3742353345948
2011-02-14,10.00755559703589,4.021328334674365,15.801369145993306
2011-02-15,9.55555797170365,3.9983476528005895,15.157563455215666
2011-02-16,8.665252143649184,3.2637827310817897,14.070956990833281
2011-02-17,7.568429844440914,1.7175301103479228,13.156336787282214
2011-02-18,7.113216207290577,1.2919524726866598,12.599913346153869
2011-02-19,7.61822882550922,1.728717910294165,13.32915499152449
2011-02-20,7.571343172820889,1.6628284602551844,13.336702904272784
2011-02-21,7.308529596758717,1.2743418896034768,13.087535819961545
2011-02-22,7.899050993579408,1.3976129872145862,13.852234058220688
2011-02-23,8.711946466799532,2.2039955340570714,14.725161830667673
2011-02-24,8.904134921295451,2.9544833476265353,14.743868040369705
2011-02-25,8.656690592214261,2.8747933556720113,14.277868899012049
2011-02-26,8.40930606181405,2.679062675733178,13.981157329405733
2011-02-27,8.367127015213043,2.0707656068394726,14.227978808123282
2011-02-28,8.648282364615625,1.9983837194370153,14.751464272184307
2011-03-01,9.58802637959451,2.837971343981053,15.741906009499303
2011-03-02,10.314775307401192,3.5871390903631095,16.339836698052693
2011-03-03,11.116793936214492,4.686936357969955,17.030791727039116
2011-03-04,11.161267484821963,4.900942439848279,17.151325860647432
2011-03-05,10.994411547222171,4.59455026928066,17.169367280986194
2011-03-06,11.451252860653483,4.546396816362005,18.04649523883893
2011-03-07,11.885298466318318,4.820116825532807,18.55091075525729
2011-03-08,11.733521073829422,4.832127572104241,18.249501366878178
2011-03-09,11.301206705209609,4.480849576649291,17.746403517549425
2011-03-10,11.052214636004976,4.050858523092529,17.631982514654794
2011-03-11,10.90862758353228,3.905667410738772,17.465544141751877
2011-03-12,11.261819780480664,4.308577692043912,17.692694075044813
2011-03-13,11.621665631923065,4.422361223735038,18.206612282757135
2011-03-14,11.610092865715217,4.543649984233298,18.16997346369277
2011-03-15,12.449877339174463,4.88770068178502,19.30633166517589
2011-03-16,13.484052570808672,5.883119253913776,20.44323664813544
2011-03-17,14.16181561298248,6.88629961397055,20.672688982907232
2011-03-18,14.037984618097994,7.6681354612941846,20.249426406973214
2011-03-19,13.944267287037462,7.622088539244601,20.108827746420502
2011-03-20,13.251101356056495,6.693103603257498,19.563377912389058
2011-03-21,12.71393570309425,5.885646581362153,19.21760839586375
2011-03-22,13.344540243416702,6.022006443298267,20.08905243349409
2011-03-23,13.586006412649056,6.452133384596664,20.234284887302863
2011-03-24,13.436242885007232,6.656898415675073,19.93357519717466
2011-03-25,13.512220186188472,6.5920473068636625,19.952552545336516
2011-03-26,13.624486183852866,6.5687926801070375,20.149107540815862
2011-03-27,14.044939730284227,6.9746641205603055,20.610667134043695
2011-03-28,14.037013648808056,7.396075598295965,20.25354568831682
2011-03-29,14.070452747740262,7.651857393332136,20.157701122688934
2011-03-30,13.843166637452384,7.488270624282336,19.923455438742053
2011-03-31,13.781187474189892,7.3908351284717355,19.837248938317657
2011-04-01,14.025113135067329,7.457651502723138,20.15603992346587
2011-04-02,14.174287512943181,7.4901929770932725,20.33490478686241
2011-04-03,14.079758700262516,7.577240522663658,20.133472204982127
2011-04-04,13.770793070211141,7.200594382301745,19.772357612063956
2011-04-05,13.534623278338415,6.850391054639658,19.65679978020762
2011-04-06,13.388390962883705,6.588918118486333,19.454906344530116
2011-04-07,13.689110571447031,6.807287618467399,19.9478385496559
2011-04-08,13.972861108115637,7.101639453761493,20.19914355216207
2011-04-09,14.683292526878063,7.652070934170638,20.904409597269023
2011-04-10,15.08823957382242,8.562283594513758,21.167673622991117
2011-04-11,15.50870157019341,8.703634296503594,21.556041536987777
2011-04-12,15.89750315713195,9.087731044508189,22.029278489396745
2011-04-13,15.808226156575756,9.380498732226442,21.81276154494617
2011-04-14,15.657128780245444,9.399001051469043,21.601574214037385
2011-04-15,15.90227115642955,9.478576049285493,21.76093872872275
2011-04-16,16.26529475168934,9.532139297297306,22.160239066038685
2011-04-17,16.77634480570879,10.186968776646381,22.885916276477758
2011-04-18,16.93366842900349,10.550416353660069,22.911316181149175
2011-04-19,16.31974201577924,10.178426523037956,22.30327948068458
2011-04-20,16.072614120457104,10.02055130779911,21.769833306737553
2011-04-21,16.05563467668793,9.971433260346714,21.9884960204422
2011-04-22,15.842615292357436,9.628514974849566,21.646550739911902
2011-04-23,15.780797281581897,9.418610467485905,21.58749755502413
2011-04-24,15.931604905864106,9.309934257974419,21.98446037733754
2011-04-25,16.139250035844384,9.389972144081298,22.492513565195907
2011-04-26,16.696354495137427,10.000250883539877,22.994045404449594
2011-04-27,17.070547224779318,10.47012857121257,23.366673036976806
2011-04-28,17.46789937507674,10.819117928214837,23.595688850893907
2011-04-29,17.954500920737132,11.45876737537941,23.98222217223139
2011-04-30,18.188118302485464,11.881995964300017,24.114732313746856
2011-05-01,18.027309383530053,11.939215006717461,23.70442603698541
2011-05-02,18.066024610235274,12.063004659854585,23.74525946799696
2011-05-03,18.030779139444917,11.754752293800834,23.908789702853255
2011-05-04,18.311718502823283,11.880694376141662,24.308246499138022
2011-05-05,18.715144279344884,12.404281537194208,24.537934695773515
2011-05-06,18.955093532223316,12.856654441140847,24.697175253339765
2011-05-07,18.83330823258393,12.97318433024276,24.50793280137151
2011-05-08,18.774801931477953,12.568852299670937,24.489086952009586
2011-05-09,19.07558713564373,12.392488449398513,25.014834232668704
2011-05-10,19.368283613012238,12.787505351698371,25.474474022088543
2011-05-11,19.643170575493627,13.183319763918348,25.623077772543525
2011-05-12,19.9073219614653,13.68094739396571,25.874455567858035
2011-05-13,19.84923597413217,13.620360069491653,25.794723856211306
2011-05-14,19.694937576912082,13.382176940313684,25.63065572219142
2011-05-15,19.7292722440759,13.214998897957173,25.649610229452435
2011-05-16,20.08773873356546,13.601282546321727,26.120864781827038
2011-05-17,20.475332631296965,14.061474582250298,26.38865679775546
2011-05-18,20.432249500714022,14.583690406727214,26.16291757487005
2011-05-19,20.171700629135557,14.683822347225089,25.81507836283913
2011-05-20,19.768588379527216,14.468260605028206,25.10129725177501
2011-05-21,19.419476214677672,14.03085836798465,24.750535311098247
2011-05-22,19.32320095025875,14.00390995488317,24.606930850441756
2011-05-23,19.501250959021263,13.852834719994064,24.71092219901817
2011-05-24,19.949473685440864,14.037403607618785,25.435538247465388
2011-05-25,20.31610629116409,14.385881596007437,26.0567019788744
2011-05-26,20.52418340156396,14.806110230996069,26.046050088735285
2011-05-27,20.567043422198026,15.286405150984706,25.9371354160956
2011-05-28,20.516447537730357,15.421184162837676,25.6866701638333
2011-05-29,20.635821810671132,15.590629715570458,25.757266828586182
2011-05-30,20.379337987615145,15.499219477777501,25.415942532575286
2011-05-31,20.029645658343043,15.126408242548337,25.139282102054494
2011-06-01,19.575261717504304,14.461644834221033,24.708154925046415
2011-06-02,19.562232463256123,14.431875559324567,24.713829108643495
2011-06-03,19.511567309280338,14.333086320136715,24.50144161604794
2011-06-04,19.8787074417379,14.427595681922469,24.963515847970825
2011-06-05,20.38463487472245,14.585316339531175,25.613052509157967
2011-06-06,20.665648608945844,15.097862123038851,26.013930500990114
2011-06-07,20.42531653263825,15.225828466945757,25.623774110303998
2011-06-08,19.636452334187936,14.887817935466273,24.55582842656804
2011-06-09,19.533459791331722,14.914151683975774,24.24974736537797
2011-06-10,19.674434815309894,15.030811984693344,24.39764428303687
2011-06-11,19.988238344537763,15.065541717985752,24.826519800424933
2011-06-12,20.110383552711767,15.187024834208444,24.946090835838618
2011-06-13,20.45745409533839,15.43628121475615,25.330335827995043
2011-06-14,20.533740401774025,15.644924596179294,25.499828522373775
2011-06-15,19.769226462873746,15.567634868259233,24.228228038339523
2011-06-16,19.726239183928783,15.196051221605273,24.150072967110532
2011-06-17,19.97938751334857,15.727006526876949,24.363440432155812
2011-06-18,20.08078616701721,16.216913207044627,24.310563306323786
2011-06-19,20.17895083684209,16.29582306115941,24.482345428293172
2011-06-20,19.998429475834826,16.138197508459257,24.22331659668191
2011-06-21,20.332481477349404,16.023167239920838,24.759071554805303
2011-06-22,20.575638818616937,16.024881782639454,25.074500895393157
2011-06-23,20.92346478554225,16.57394253528645,25.295740516211765
2011-06-24,20.698367110017557,16.782709090595006,24.895837488568077
2011-06-25,20.145758756784574,16.096085530203084,24.409460355103135
2011-06-26,19.85740340481061,15.78371695357447,23.96181819723256
2011-06-27,20.005212974040603,16.13347143586526,23.99750856277251
2011-06-28,19.75645260328838,16.245697910699448,23.770969480270423
2011-06-29,19.694704115246168,16.393326471735065,23.573505904764488
2011-06-30,19.933177430586227,16.56812145171068,23.82380876028043
2011-07-01,20.1271430531134,16.579709271794798,24.332876033174216
2011-07-02,20.02487618966876,16.448168729155782,24.155460079802026
2011-07-03,20.06760591658957,16.423517646813252,24.29567817446673
2011-07-04,20.317166970310097,16.443785968295174,24.63015905862079
2011-07-05,20.283775708436735,16.458804351050958,24.567262531744234
2011-07-06,19.93228082302153,16.344219298119867,23.929463719280307
2011-07-07,20.06756310833896,16.34980626242333,24.18100712163681
2011-07-08,19.885766845853198,16.503353578609108,23.957432900671108
2011-07-09,19.664366288443887,16.38601281054639,23.614255702040623
2011-07-10,19.790114466193927,16.37228803161048,23.857240447341383
2011-07-11,19.942780618344784,16.4024044473897,24.014532499972347
2011-07-12,19.979871364866256,16.25757715782089,24.133366696964345
2011-07-13,19.731366242307786,16.166579661301,23.6224941715613
2011-07-14,19.711830670516974,16.041039735103993,23.52792087224708
2011-07-15,19.634376481136258,16.170373152061302,23.531001043156266
2011-07-16,19.42756867869798,16.276107709933626,23.108782486440646
2011-07-17,19.677627343815402,16.40673269273242,23.466531648686157
2011-07-18,19.981417118909803,16.647545060685957,23.75895834789469
2011-07-19,20.28092057112667,16.838572529748035,24.13559273223973
2011-07-20,20.281410417218353,16.925990319397386,24.083614062624406
2011-07-21,20.181859186628458,16.974639951500762,23.843217019191684
2011-07-22,20.11532965214957,16.915772446389383,23.712957253743923
2011-07-23,20.131463355057804,16.816601866629526,23.82075971113278
2011-07-24,20.342481483213533,16.956762450381348,24.150461010543438
2011-07-25,20.605058819885983,17.156099218940255,24.554123651813427
2011-07-26,20.548660711353023,17.22148591795866,24.454206343606472
2011-07-27,20.17637103796585,16.898831331364875,24.136223241235484
2011-07-28,20.00750870399571,16.65839951662224,24.056955427889022
2011-07-29,20.007690439326836,16.710765179900648,23.969271340516514
2011-07-30,20.082496892045413,16.78746635927331,24.00515440532149
2011-07-31,20.321223835666956,16.801350321557493,24.32887384283623
2011-08-01,20.524806932738443,17.035637335167166,24.50854018650648
2011-08-02,20.295158635753694,16.94835140510048,24.280057286779595
2011-08-03,19.61526746445338,16.355313188015884,23.34589763682169
2011-08-04,19.34089598680788,15.947252330022025,23.097016589358702
2011-08-05,19.618249015792856,15.998185191666494,23.482499347164378
2011-08-06,19.809193433503253,16.29223774336606,23.44991644007422
2011-08-07,19.874539861248024,16.334293759659772,23.60074169109015
2011-08-08,19.763431285367517,16.345198115605513,23.558855841710226
2011-08-09,19.427498273408844,16.27014499480009,23.038146066246554
2011-08-10,19.4949565584713,16.251572666348977,23.179996956686693
2011-08-11,19.502184589324997,16.347010767176755,23.289923294442815
2011-08-12,19.110125722935948,16.18300322133757,22.707400316207043
2011-08-13,18.96859134431628,16.122190657836313,22.570241747936166
2011-08-14,18.986038175392537,16.14029624595173,22.611852261171293
2011-08-15,18.937197014352023,16.12984195140558,22.467583675577885
2011-08-16,18.780711039584787,15.86039997351196,22.432650802707656
2011-08-17,18.56184962903086,15.627216283949451,22.224374915591625
2011-08-18,18.65722049470577,15.534894178288425,22.399662029667013
2011-08-19,18.87327379342571,15.563548932450999,22.65203848107444
2011-08-20,19.18018646930824,15.689922135448967,23.03085464064702
2011-08-21,19.426644461726767,15.681822841641974,23.41603212921723
2011-08-22,19.636268564074612,15.785518003298648,23.693166726872903
2011-08-23,19.57891656693579,15.6727717866425,23.810672648713762
2011-08-24,19.11035603836035,15.425792351292785,23.074464525472308
2011-08-25,19.103442928281936,15.608743149173847,22.93778767424044
2011-08-26,19.231788852986426,15.647399762209886,23.14953831058773
2011-08-27,19.17616231314645,15.716123632786832,23.084722834643003
2011-08-28,19.28133264461178,15.800371995726096,23.22524203821746
2011-08-29,19.631769237405592,16.089228654467206,23.653221359436372
2011-08-30,19.74965006340733,16.358013732057202,23.713304874237167
2011-08-31,19.677696238261888,16.350721251944663,23.666400560142563
2011-09-01,19.285137505930436,16.178806830769986,23.075905434436095
2011-09-02,19.110517181590637,16.007991940133195,22.961490858575416
2011-09-03,19.17084686087344,15.900895539190003,23.067745224012697
2011-09-04,19.210278214949028,15.939445199830459,23.111935678340274
2011-09-05,18.853047797485885,15.553577982391289,22.699240720475927
2011-09-06,18.2977508555428,15.117361707237421,22.07539672744565
2011-09-07,18.19251313083123,14.926821047475812,21.94053415567913
2011-09-08,18.55383189134119,14.984380280516064,22.39601191571103
2011-09-09,18.7531452509686,15.358985710501884,22.571599940623514
2011-09-10,18.651481608441543,15.42909545111877,22.557919476444
2011-09-11,18.66673658692156,15.34449197741219,22.559371878653394
2011-09-12,18.661525386286883,14.97880042087752,22.724319347960716
2011-09-13,18.624850155891863,14.666738544829798,22.996936555221282
2011-09-14,18.553414906769945,14.830729056371979,22.737910270187
2011-09-15,18.281779859615938,15.056422256048108,22.306907552446887
2011-09-16,18.005953034517688,14.976196322642693,21.770789395836914
2011-09-17,17.85079377819841,14.514756908121058,21.791667740788853
2011-09-18,17.958715674675148,14.400092296801802,22.02040365123753
2011-09-19,17.980050547110466,14.411733087701293,22.28289815698639
2011-09-20,17.952302065220465,14.06393380761142,22.429790886668286
2011-09-21,17.631776717873606,13.916341621708739,22.02591847440351
2011-09-22,17.596312767472966,13.757309624928382,22.008971637248635
2011-09-23,17.5317990473157,13.639144681314463,21.99909236448167
2011-09-24,17.53189844521421,13.545556579582865,22.02000259395504
2011-09-25,17.58357023686898,13.511137345600389,22.114391931939906
2011-09-26,17.476547502664516,13.248674793635985,22.20959313917723
2011-09-27,16.986061733693532,12.57994907093098,21.690673178576276
2011-09-28,16.70965236294643,12.090086528847905,21.515972876218143
2011-09-29,16.910834963874095,12.064542681362866,21.890856577542706
2011-09-30,17.128969048475767,12.241693029241219,22.130631411961474
2011-10-01,16.805635982342437,12.101548216643039,21.759045494984093
2011-10-02,16.361307870541225,11.61933419206025,21.2674173846288
2011-10-03,15.78826132449251,10.604985280133747,20.873285417762645
2011-10-04,15.420449529458494,10.232721420010705,20.500048483228056
2011-10-05,15.79129566598931,10.272205204553927,21.179769351517393
2011-10-06,16.25087164803722,10.843493366668554,21.577449408323332
2011-10-07,16.385275265805944,11.385384102713147,21.603761875645546
2011-10-08,16.26909294264749,11.467488689692061,21.411136377697915
2011-10-09,16.260377341149137,11.2849712034145,21.50236849067977
2011-10-10,16.240863889860805,10.887625929094497,21.572445352740715
2011-10-11,16.481929167359,10.950049061075333,22.071484229335226
2011-10-12,16.509568804505136,10.975698476679383,22.097674301559266
2011-10-13,16.777405582576762,11.03880280963682,22.268361978871894
2011-10-14,16.86851511414426,11.313660240177398,22.376097358169716
2011-10-15,16.066008486313933,10.75786709652283,21.54802046343275
2011-10-16,15.613607024874739,10.37821148093002,20.993709947778314
2011-10-17,15.328316291052431,10.070662428548246,20.765690656239656
2011-10-18,14.888119138874742,9.664397209094773,20.27513094145911
2011-10-19,14.721255751421609,9.161141664657691,20.168281913222074
2011-10-20,14.803195106278224,9.348880052543336,20.105056310090163
2011-10-21,14.524690177862851,9.332373374895496,19.721802695666554
2011-10-22,13.931129491617469,8.414465114208383,19.207411244112052
2011-10-23,13.62605232306396,7.868663796919691,19.206305670732377
2011-10-24,13.535304045945622,7.596883992639107,19.219098149793354
2011-10-25,13.229569200153946,7.728555727358355,18.836878444710123
2011-10-26,12.798814704205313,7.209032816416595,18.233617664080953
2011-10-27,12.483261942712204,6.499256275141818,18.334143674924746
2011-10-28,12.599493732241399,6.612418849428877,18.44947260732829
2011-10-29,12.726720597195197,6.92926181654758,18.39326512420655
2011-10-30,12.543454934389104,6.7756639223749175,18.235932826508417
2011-10-31,12.371583148319303,6.758426394838125,17.809117009552153
2011-11-01,12.057301505686098,6.613622285217048,17.542155620008828
2011-11-02,11.84625501922045,6.378707620910006,17.266842060716897
2011-11-03,11.751333631067837,6.3584462116799045,17.217500961255382
2011-11-04,11.842153275816486,6.37036309245957,17.284248917373134
2011-11-05,11.88464477417358,6.19002484465301,17.35177950664024
2011-11-06,11.221202352890657,5.427679540719055,16.814521447454126
2011-11-07,11.052483271036806,4.5036699708934975,17.021990424574938
2011-11-08,11.43016474223731,4.9409391286220625,17.66618908762223
2011-11-09,12.269610929247335,5.854727020629582,18.37532746177982
2011-11-10,12.93016554927516,6.840989964634616,18.871574265153583
2011-11-11,12.829083796887858,6.589871016662016,18.70615860950784
2011-11-12,12.102291213628575,6.204590441458777,17.958768344288956
2011-11-13,11.79872358074266,6.132100881997587,17.42863031032516
2011-11-14,11.398347360316507,5.794655969179246,16.905567755704396
2011-11-15,10.930682352380302,5.356751072337261,16.513382799924273
2011-11-16,10.361248656000896,4.618697419546379,16.085018565663347
2011-11-17,10.236251525929674,4.2259421635768035,16.13075156876863
2011-11-18,10.465157133582295,4.363721001156591,16.614781780200758
2011-11-19,10.809537130820615,4.587531842851035,17.0580590839283
2011-11-20,11.003865326713935,4.800643902410741,17.334557497537162
2011-11-21,10.896629733491693,4.782756577500777,17.28203560934179
2011-11-22,10.75021389978673,4.583922642062078,17.134018893396274
2011-11-23,10.833420099789066,4.825599431969522,17.056418102667692
2011-11-24,10.961413263848101,5.312259401890799,17.005506572805928
2011-11-25,10.878105722724285,5.295419524616307,16.945033365851998
2011-11-26,10.79775108271781,5.194694192817394,16.737136117785496
2011-11-27,10.86530402592598,5.432273761511794,16.803729502074987
2011-11-28,10.692000591650128,5.147687037023502,16.605799121938105
2011-11-29,10.585166261402378,5.013321508185868,16.61181066713408
2011-11-30,10.84580304838778,4.921104537055328,16.985518831032266
2011-12-01,10.942811752012801,4.864692586046942,16.875719935645975
2011-12-02,11.195752985848458,5.285530465620241,17.229386929629584
2011-12-03,10.885902007091374,5.197651764105615,16.77281125278688
2011-12-04,10.822034372517862,5.173900688498918,16.659153660289007
2011-12-05,11.176754113170887,5.462497682018295,17.008859450318596
2011-12-06,10.61180180557534,5.084731066907864,16.33211391490579
2011-12-07,10.147992169960503,4.681667060785969,15.953321286861524
2011-12-08,10.010572749384266,4.255019203990287,15.923493829474694
2011-12-09,9.503868599952227,3.6885368389612267,15.326813087514552
2011-12-10,8.49003962459551,2.7971807356066165,14.301649637355808
2011-12-11,7.502120525043495,1.5982368897865058,13.497120446043255
2011-12-12,7.177599314296344,1.2864634712370275,13.344464285892457
2011-12-13,6.9120664145204955,1.0990536055537063,13.08292944217277
2011-12-14,6.673647430123424,0.8655754717573245,12.91751373978525
2011-12-15,6.696241566082449,0.895098198343419,12.815367719580308
2011-12-16,6.630617503062069,0.8536696469460594,12.729792528849941
2011-12-17,6.816298412236165,0.6221188024812818,13.18220779705058
2011-12-18,7.009840314050223,0.8302834681575177,13.525956514309769
2011-12-19,6.85544245190539,0.8418291075358866,13.119197634835928
2011-12-20,6.582560179040172,0.7937680621447498,12.713387289240245
2011-12-21,6.419400102023644,0.45989973919722615,12.949323580542739
2011-12-22,6.387181586220777,0.3108381540492928,13.072950348318727
2011-12-23,6.357383745617312,0.2801129849814288,12.977955241704137
2011-12-24,6.482747663599412,0.4717448501289141,12.948434737697596
2011-12-25,6.509542433097181,0.4018624901387966,13.030537799152569
2011-12-26,6.476014674545922,0.46558074411899497,12.818073315749643
2011-12-27,6.443222196384681,0.4934352207937991,12.622602116639712
2011-12-28,6.583007371555652,0.429659825458657,12.885265159214896
2011-12-29,6.851704690134511,0.6578441116841987,13.269138699669213
2011-12-30,7.130467196251971,1.186393973997781,13.418722856884585
2011-12-31,7.944540911644708,1.9124727767390368,14.07686257949814
2012-01-01,7.928649159908559,2.814921127852358,13.141334987984123
2012-01-02,6.874896613177214,1.713693545657577,11.986232401336508
2012-01-03,6.082653361318364,0.9813678429801485,11.309918365754868
2012-01-04,5.999272557347865,0.7959245349660478,11.089709856162415
2012-01-05,6.190113892894146,0.9728281237164538,11.491787334917035
2012-01-06,5.734586304948834,0.7219296105774333,11.001352988879773
2012-01-07,5.385552261704561,0.3032448527602014,10.674514625154927
2012-01-08,5.004229272839098,-0.016961996960390024,10.379008609160906
2012-01-09,4.516028749763848,-0.8035635260019376,9.93338351646463
2012-01-10,3.833526248954456,-1.4625353813342485,9.477342622643505
2012-01-11,3.4678424108032004,-2.0025111294426097,9.140743887873612
2012-01-12,3.3040840974903176,-2.278656320050743,8.976775956138056
2012-01-13,3.095540834837607,-2.9895184843579727,8.990143218859089
2012-01-14,3.5257558069381503,-2.82732602697007,9.583108399083244
2012-01-15,5.066119243199751,-1.604726872911101,11.112115942275295
2012-01-16,5.279054302313568,-1.022293392542224,11.263845360806556
2012-01-17,4.3726694671381665,-1.663413668817327,10.449962081919011
2012-01-18,3.8749404794460247,-1.8864741630545154,9.834574845142129
2012-01-19,3.835924430636453,-1.8344204740595274,9.589429857059201
2012-01-20,3.651437073732609,-2.0635405638419684,9.429400115801627
2012-01-21,3.546751348287671,-2.688292778417349,9.489133001846426
2012-01-22,4.727941667262428,-1.762383167659209,10.7623905540392
2012-01-23,5.004546385805611,-1.3507061162393939,11.358066761349505
2012-01-24,5.049832680549514,-1.2997082574466958,11.492349711993029
2012-01-25,5.767121817233942,-0.41066765997226184,12.031299349322182
2012-01-26,5.552417491849781,-0.5002322831668948,11.596955960283537
2012-01-27,5.265372949725133,-0.7540195892179327,11.300929431587804
2012-01-28,5.018706708206139,-0.9408648993097586,11.118232530096464
2012-01-29,4.697962838821638,-1.3808907529797239,10.88684675798271
2012-01-30,5.196758595205665,-1.355201137798872,11.78385438741094
2012-01-31,5.562942272402154,-0.8722386328185507,12.115251849935134
2012-02-01,5.479585461625902,-1.076170249487916,11.687336605601388
2012-02-02,6.155165293049151,-0.6129404445956652,12.577653314062786
2012-02-03,7.14905198105248,0.5099086735144169,13.593969782365434
2012-02-04,7.887293383749181,1.2065320892382942,14.119345522534502
2012-02-05,7.7026679886257625,1.3345115621227706,13.864434256160337
2012-02-06,7.477131136664866,1.0066093790287027,13.979228880740095
2012-02-07,7.737163570885059,1.2650256263360689,14.058776653622317
2012-02-08,6.961806300653677,0.4191489196516045,13.033674815586721
2012-02-09,5.322785582437916,-1.2385431023097908,11.482565725688175
2012-02-10,5.153059483134825,-1.4362959453610529,11.661080599022796
2012-02-11,5.806680691433485,-0.7587968967199572,11.94129648707991
2012-02-12,6.974108428612169,0.6375678290070823,12.960413960338428
2012-02-13,7.602256446547926,1.467554897394848,13.515251116016884
2012-02-14,7.987450878435197,1.7897982154198644,14.08415663496595
2012-02-15,7.890884108531964,1.902042385306629,13.958939576851776
2012-02-16,7.622466569053415,1.6122350600560367,13.5613430092356
2012-02-17,7.386112118200174,1.0142252677870829,13.299702972677323
2012-02-18,7.988850492033521,1.4022414287105676,14.393998733340766
2012-02-19,8.611959893604364,1.8899415964526725,15.083790916858106
2012-02-20,9.511787361640756,2.726058775237732,15.885010073476167
2012-02-21,10.189184216267165,3.5188029782308377,16.670472202144822
2012-02-22,10.035580997374154,3.4119283994583043,16.515890700087084
2012-02-23,9.812487465193499,3.1707418397508604,16.487785747783903
2012-02-24,9.72927561833609,2.8954024540948353,16.373541839287498
2012-02-25,9.82150168644148,3.0037640567059043,16.47595141531582
2012-02-26,9.599382507912821,2.620799262990829,16.144240252313807
2012-02-27,10.402776315299434,2.950621665428116,17.418374115329925
2012-02-28,9.798357080644166,2.7898902654485482,16.538307039640415
2012-02-29,9.000432516518856,2.101421636400005,15.525051449224406
2012-03-01,9.023166771536069,2.2269010636324538,15.52209755351845
2012-03-02,9.03542618175561,2.1635358537079696,15.495739366473174
2012-03-03,9.383290059691262,2.4222085140413583,15.728507316005675
2012-03-04,10.9987017751846,3.605572369246431,17.43879853919117
2012-03-05,11.786523804991702,4.895023558543642,18.17232898029613
2012-03-06,11.169562787942368,4.458512768720652,17.60837514517118
2012-03-07,10.212758983340223,3.7817545037316904,16.516962487390288
2012-03-08,9.403537060574877,2.838729769691156,15.751721956659651
2012-03-09,8.998899367715467,2.140580895243147,15.457487125459409
2012-03-10,9.25044012154666,2.1239688224534348,15.607797375476991
2012-03-11,9.953371373276696,2.7290959535135926,16.5111624109299
2012-03-12,10.565379737731291,3.617246605491175,16.900984775856273
2012-03-13,10.636686504947932,3.9494724748481644,16.608615863470277
2012-03-14,10.571156419168005,4.022270107656993,16.60577495686198
2012-03-15,10.475587271487882,3.292258334635335,16.79880605846313
2012-03-16,11.484669150544505,3.63759598332706,18.191921984918054
2012-03-17,12.59738039400014,5.120501793285314,19.31340485496338
2012-03-18,13.618774191477655,6.189282812676254,20.487815492588936
2012-03-19,14.516764527584542,6.782894035343645,21.524468698787018
2012-03-20,13.971195474453452,6.733916642416034,20.680491096610183
2012-03-21,13.11039452468674,5.759705495297624,19.889388592191494
2012-03-22,12.683224337839818,5.327156486504009,19.570269764163015
2012-03-23,13.404760469765733,5.701974299517872,20.48990929804245
2012-03-24,14.07416438632589,6.405648315814744,21.223504014313278
2012-03-25,14.482875614155091,6.763622027253632,21.388884802405926
2012-03-26,14.756539110809513,7.395216323844409,21.47709866823118
2012-03-27,14.898488440597134,7.61835430713046,21.561214468188552
2012-03-28,15.095138256296082,7.71635609396759,21.756405337877595
2012-03-29,14.672254814942391,7.40255117416541,21.306770836701162
2012-03-30,14.730658721049508,7.293108740133505,21.39552245146143
2012-03-31,15.497120847741598,7.973931016373342,22.263387334893707
2012-04-01,16.268048228514715,8.910520028549001,23.03391350717294
2012-04-02,16.657822783873428,9.436974990749718,23.347119859792258
2012-04-03,16.68062370650307,9.665445777864136,23.425982170463385
2012-04-04,16.42394570182597,9.652869571609017,22.986873896243992
2012-04-05,16.007498564639434,9.619648699735649,22.196197855894695
2012-04-06,15.423852162214132,9.083200618823753,21.591879026835556
2012-04-07,15.227784441418578,8.585521262398856,21.35455855954325
2012-04-08,15.31404846885198,8.454905653397418,21.554856912236517
2012-04-09,15.528797513373434,8.81672231521003,21.776639252313487
2012-04-10,15.756301454734285,9.36420090556345,21.907801701514074
2012-04-11,15.652280305080467,9.737072541145665,21.57336657345553
2012-04-12,15.374288781830899,9.350481065064514,21.18554637204636
2012-04-13,15.232631481157853,9.142361954679416,21.245760129253256
2012-04-14,15.265876869697365,9.252179819320304,20.874429552576714
2012-04-15,15.493273448414072,9.137111788022196,21.238391303232447
2012-04-16,15.414899589836352,8.979756460832618,21.261620849752035
2012-04-17,15.517927686088456,8.900451166364633,21.546441837386396
2012-04-18,15.687997710114871,9.125611749368318,21.76231620963921
2012-04-19,15.918364940300194,9.171525625660763,21.973318903155473
2012-04-20,16.106374879423186,9.662112497046564,22.158009222344276
2012-04-21,16.599040095266957,10.061787656173124,22.472970237715572
2012-04-22,16.844461157767967,10.68256087883043,22.66825165651221
2012-04-23,16.519314155464997,10.255473646938754,22.344700126747
2012-04-24,16.347322530924828,9.905057081742086,22.300041496764607
2012-04-25,16.251284827012626,9.974411387263387,22.175614098252083
2012-04-26,16.613601932781023,10.332203207637576,22.433959728121977
2012-04-27,16.731494413310656,10.773419850212974,22.466551282232786
2012-04-28,16.72060850197238,10.72355367200197,22.30631820895246
2012-04-29,16.794510605565733,10.850131755132054,22.464760082464693
2012-04-30,16.55347514979792,10.587783056029537,22.158748804404468
2012-05-01,16.395536324332284,10.138162750012327,22.13568310284643
2012-05-02,16.370611485373615,9.557370909826773,22.43493760953885
2012-05-03,16.429660210431564,9.481585276682722,22.67073850720078
2012-05-04,16.509255566826027,9.607974321562097,22.72002058396407
2012-05-05,16.77426268766203,10.027531671536337,22.76398829740782
2012-05-06,17.04442647487025,10.143405560471422,23.193730904311508
2012-05-07,17.607150539134636,10.404415722204362,23.828996122045226
2012-05-08,18.24444333530454,11.164521980776442,24.46570670960483
2012-05-09,18.73791609638738,12.043575965844582,24.823510934987155
2012-05-10,18.88724862736757,12.69548196876849,24.826102898140903
2012-05-11,18.763563306549997,12.893260810780419,24.34668057545565
2012-05-12,18.64465177034947,13.039619630488858,24.09770021588298
2012-05-13,18.707249328422733,12.973279682736802,24.15977153888099
2012-05-14,18.98978255563975,12.88839950702669,24.588866493661158
2012-05-15,19.35323994554392,13.067233163790604,25.214969770432617
2012-05-16,19.463551620037265,12.99408751739486,25.43112615223413
2012-05-17,19.579809404876585,12.718995430814232,25.656861894692213
2012-05-18,20.01362452758815,13.302437232989803,26.102326420282736
2012-05-19,20.28070390600533,13.768529590735227,26.33210967861328
2012-05-20,20.26973429571541,13.836166739163843,26.260530731446465
2012-05-21,20.216722025478134,14.026392844873158,26.040794319666304
2012-05-22,20.503563481182994,14.197105821912146,26.422078929385236
2012-05-23,20.670667800638455,14.227197935137042,26.716176181115145
2012-05-24,20.90710611045023,14.068530176530828,27.114408125692705
2012-05-25,21.291905953233936,14.45261004340199,27.44194880473384
2012-05-26,21.549298693486435,15.119414352614854,27.51480743042839
2012-05-27,21.41448874188808,14.985850647309235,27.47157713966419
2012-05-28,21.366789753242642,14.849938013067344,27.3694515687813
2012-05-29,21.95088733956004,15.37998977913935,27.99804704308275
2012-05-30,21.82883067158332,15.561790469345112,27.762927499013756
2012-05-31,21.777853173623953,15.70391806934515,27.578816520990472
2012-06-01,21.765856655550976,16.043144755772573,27.348777899084553
2012-06-02,21.520874695986436,16.032288601849984,27.092746236090818
2012-06-03,21.19879102256965,15.960458690123744,26.53549219073318
2012-06-04,20.900984104202735,15.48298200829754,26.323970245048713
2012-06-05,20.514985202979176,15.146245428753218,25.824837107378926
2012-06-06,20.064802004268415,14.912818304938128,25.014687040832428
2012-06-07,20.33683525613708,15.2790294333833,25.326429144844838
2012-06-08,20.842744850261965,15.731727514114652,25.862624002470568
2012-06-09,21.111369525796704,16.022893645139675,26.278279186281736
2012-06-10,20.74460098812392,15.932200527125872,25.85889693459859
2012-06-11,20.916070337091753,15.877411054400511,26.025989094444185
2012-06-12,21.169340342013356,15.947140086401646,26.444382271715767
2012-06-13,21.314415894351214,16.09737279206996,26.536952348756472
2012-06-14,21.601380233691884,16.519768626544874,26.794507498055395
2012-06-15,21.580607422819924,16.618011623474672,26.77304600525258
2012-06-16,21.259717644196826,16.324533926539573,26.494811833973927
2012-06-17,20.906585025985123,16.19637954794348,25.912526064651047
2012-06-18,20.50562066821834,16.04462563097144,25.092051676995368
2012-06-19,20.725970709033106,16.216461913435694,25.29628849932152
2012-06-20,20.9025309723707,16.50487258882788,25.53847776989346
2012-06-21,21.02111501957245,16.526509096611562,25.65723264172692
2012-06-22,21.168086823722945,16.787818088375616,25.73647062575236
2012-06-23,21.032420344197533,17.004401078133753,25.445450432568123
2012-06-24,21.03699228940758,16.961669856484832,25.441427689768943
2012-06-25,21.14070776969436,17.109799727825987,25.669775811533896
2012-06-26,20.872996214046964,16.88002379812741,25.350687167246406
2012-06-27,20.953880104549853,16.686294391381523,25.59594617832954
2012-06-28,21.272644716097375,16.758562653440094,26.007777827278858
2012-06-29,21.66162500370831,16.94178671380331,26.578405104785304
2012-06-30,22.183028624931126,17.261503479918304,27.32273890999818
2012-07-01,22.054507377700816,17.489827539028624,26.918839871524256
2012-07-02,21.79219275254593,17.44122103675204,26.406579365662253
2012-07-03,21.228398325379942,16.91054654977887,25.782763236728044
2012-07-04,20.998995338598604,16.79298253580498,25.459175464259715
2012-07-05,20.622918418373104,16.80658749470632,25.081078161057974
2012-07-06,20.15976443819096,16.612674635075507,24.279084206323887
2012-07-07,19.82674064572018,16.436799360692987,23.89025698659907
2012-07-08,20.07091308338613,16.444589197610753,24.232520169233965
2012-07-09,20.376445895212896,16.7618316955016,24.4737716768841
2012-07-10,20.395770585734,16.739713949145425,24.565886468401004
2012-07-11,20.42418346131143,16.526912875637038,24.60696739631669
2012-07-12,20.78586703863425,16.8349205037066,24.981772777301728
2012-07-13,20.468910965300154,16.93849728022144,24.74451747877106
2012-07-14,19.895566742771166,16.744108767347257,23.856787314258668
2012-07-15,19.747895197014202,16.601581841895495,23.57164970432308
2012-07-16,20.038990400432453,16.574306131019625,23.99446119614629
2012-07-17,20.512195804549094,16.70099407072371,24.686007175004022
2012-07-18,20.632021935651153,16.94480107836023,24.711608367220606
2012-07-19,20.443094569038863,17.041693479849243,24.42894006729705
2012-07-20,20.410735630348654,17.04077778861631,24.362794366950766
2012-07-21,20.461789634082834,17.056338175210783,24.305328967975413
2012-07-22,20.68318305935321,17.082803201850027,24.56876068772408
2012-07-23,20.66890981661811,17.122139572193078,24.58714304364645
2012-07-24,20.609133178163802,17.14787653930398,24.448567381911005
2012-07-25,20.46801046298168,17.273693176847985,24.213828269716373
2012-07-26,20.42390260121175,17.328031473354827,24.17435821069978
2012-07-27,20.513732193341866,17.241142691382322,24.32219932357225
2012-07-28,20.607756500218045,17.32540238090894,24.435889504405964
2012-07-29,20.405261578568172,17.19347873600168,24.251231232532916
2012-07-30,20.15057226804413,16.9536292850255,23.79966424878768
2012-07-31,20.023038642893027,16.78845490014885,23.63679149526837
2012-08-01,20.436346854956923,16.889453673986054,24.26008560334253
2012-08-02,20.445738507096394,16.930677485799663,24.356312174508503
2012-08-03,20.04866035180271,16.74737302560635,23.931306473340726
2012-08-04,19.637877987165098,16.67460829339484,23.275657001599882
2012-08-05,19.73385247990666,16.660296809557508,23.405656256853547
2012-08-06,19.903755533197796,16.746987339716384,23.687885147874567
2012-08-07,20.057706028648454,16.850682407019292,23.87558393414855
2012-08-08,20.027671191563343,16.773825354879705,23.847207668439978
2012-08-09,20.002910252351285,16.65056723810102,23.848172601653005
2012-08-10,19.885125128346147,16.487063866970402,23.905532570585308
2012-08-11,19.606371307833058,16.475286842060655,23.3455565571968
2012-08-12,19.51408045220984,16.488727527489516,23.13640120591242
2012-08-13,19.63479949509673,16.474321279016067,23.410908056370772
2012-08-14,19.87167876877953,16.509159200931492,23.779310814768053
2012-08-15,19.958787741787376,16.567747021805474,23.908574146723367
2012-08-16,19.97793422606958,16.605627943284958,23.90914490542832
2012-08-17,20.053969156087874,16.735217551807978,23.88579973168811
2012-08-18,20.267929868858573,16.781545554812737,24.156977733956808
2012-08-19,20.047164265519996,16.694852643970933,23.823547048975172
2012-08-20,19.594015269832994,16.4533510895061,23.29581914791703
2012-08-21,19.209958324300203,16.12740043291427,22.880635136540207
2012-08-22,18.932409997497643,15.785556313111385,22.66946532248045
2012-08-23,19.15197688624005,15.712839723005686,23.051634443342152
2012-08-24,19.567036178236776,15.834061728504082,23.600093341142724
2012-08-25,19.59505965608622,16.005349145942432,23.751813108979945
2012-08-26,19.197813833127725,15.920763492812682,23.16142533883874
2012-08-27,19.072780780804464,15.988128544431106,22.892291678727304
2012-08-28,19.475493570518267,16.12521457623302,23.443581500204914
2012-08-29,19.490425241975345,16.25534347908905,23.63424439195728
2012-08-30,19.236092978731847,16.084113899814497,23.185383332338404
2012-08-31,18.818237914692475,15.221087544470777,22.896029254921643
2012-09-01,18.75539370281598,15.017031061239493,22.763775973209476
2012-09-02,19.066636464140174,15.198148432791186,23.23738236128588
2012-09-03,18.583885089336036,15.11656469956074,22.506885466260144
2012-09-04,18.302757101075827,15.090161991113462,21.901559830175927
2012-09-05,18.643580692569287,15.283957019363527,22.417465968495662
2012-09-06,18.790219212355396,15.421171199111484,22.697967547215683
2012-09-07,18.881620079072093,15.469919940575835,22.80758704738804
2012-09-08,19.12465997835244,15.626661363354799,23.07550874153287
2012-09-09,18.794435442935367,15.614667130684154,22.618681385675984
2012-09-10,18.467828841746893,15.50201648580196,22.09171799548932
2012-09-11,18.312724105396285,15.115449685037788,22.098800703231802
2012-09-12,18.32053429967641,14.832125293117883,22.25556767262509
2012-09-13,18.386087463047602,14.936378229152467,22.285017513114553
2012-09-14,18.20052733872882,15.072715520991721,21.987791407115594
2012-09-15,17.755724061931403,14.806926233812703,21.4645651181566
2012-09-16,17.634806284286526,14.479530074858985,21.275774990885566
2012-09-17,17.70073622285122,14.558293955704528,21.38775030548561
2012-09-18,17.744349830745705,14.307916273913065,21.72394553012424
2012-09-19,17.71878917246312,13.826945233920242,22.029722973140792
2012-09-20,17.644400571534845,13.558706757463426,22.21274723975864
2012-09-21,17.749419785844623,13.435155946213285,22.63316190246229
2012-09-22,17.486197944966534,13.204248171682991,22.38081230933585
2012-09-23,17.23205854066748,12.872546518691308,22.177198107994457
2012-09-24,16.82855840046244,12.407933791634889,21.746932020524525
2012-09-25,16.894029427881208,12.090076573945737,21.87000804615616
2012-09-26,17.26438406039597,12.269593398211498,22.301237712579393
2012-09-27,17.552309819467837,12.53537308665176,22.66664985873797
2012-09-28,17.647399951400246,12.788435491440282,22.646489828740243
2012-09-29,17.75771618353201,12.860586719768946,22.790475234011126
2012-09-30,17.8343556105076,12.977951447099429,22.93571146144683
2012-10-01,17.617901748099428,12.890172637298235,22.710961486261056
2012-10-02,17.220598925085994,12.726239265334641,22.15916936778484
2012-10-03,16.711325899435053,12.479466172464868,21.446239983537623
2012-10-04,16.33638627348313,11.984196274287683,21.12198961588274
2012-10-05,16.267595501307426,11.382795757348049,21.458369505349538
2012-10-06,16.246609845095747,11.04129743451216,21.542309221791868
2012-10-07,16.001189600249802,10.799838925807592,21.21117252991513
2012-10-08,15.838726895842797,10.733685405846302,21.03818218279963
2012-10-09,15.558390942349774,10.736495210750263,20.55517674638918
2012-10-10,15.215386637329402,10.417059472215328,20.17648312367413
2012-10-11,14.855594593833132,9.788574146668168,19.846754074405965
2012-10-12,14.610599883976363,9.149044882125793,19.94064336466215
2012-10-13,14.412070237806688,8.965332549887535,19.85487637526444
2012-10-14,14.226851716192527,8.761114807153206,19.723913355292495
2012-10-15,13.724811857593693,8.076747122675101,19.27949503763574
2012-10-16,13.629116760226907,7.954426724790835,19.09899733912124
2012-10-17,13.72077496554715,8.142141265111547,19.1846446094699
2012-10-18,13.612820948232695,7.875138787346884,19.208212364484552
2012-10-19,13.513863071374544,7.982343641166494,18.99185450283261
2012-10-20,13.367989396667326,8.089925450059752,18.71297682929179
2012-10-21,13.31487894707817,8.032931488871384,18.634827504887028
2012-10-22,13.17828764554065,7.762957001590053,18.600585125205214
2012-10-23,12.845383046675579,7.327816733429984,18.34909140238085
2012-10-24,12.21525267337239,6.476963612928046,17.688817135882232
2012-10-25,11.768865641966158,5.864076945248655,17.35928913563015
2012-10-26,11.792565592521726,5.973660368860635,17.47420339032368
2012-10-27,11.824252212866782,5.965410826276127,17.58371958808698
2012-10-28,11.842621273116265,5.549920414677274,17.838292433924323
2012-10-29,11.61430184903287,5.194058366577281,17.90036449204598
2012-10-30,11.807307998159786,5.327730173504904,18.061029434193188
2012-10-31,12.041540091652507,5.740814258134208,18.288230121558172
2012-11-01,12.018529738876737,6.193275630788264,17.814654061297006
2012-11-02,11.761413188673203,6.399443685611573,17.207218929936573
2012-11-03,11.5658025099562,6.12575652994434,17.12264801513419
2012-11-04,11.722118862005118,6.44306167857701,17.264859905703588
2012-11-05,11.610113705059348,6.365133500085619,17.019990477321528
2012-11-06,11.57634361546235,6.030079238311032,17.03709698707206
2012-11-07,11.076806192119534,5.545340348506727,16.714561126676074
2012-11-08,10.837074897474963,5.076249042224958,16.66027579918989
2012-11-09,10.552876721759787,4.476036991332251,16.46842092549315
2012-11-10,10.423375357568887,4.309384572359193,16.439751740825898
2012-11-11,10.341072081725997,4.37183854124288,16.318095393375415
2012-11-12,10.21477679782322,4.132783916582639,16.299998726786328
2012-11-13,10.212046087633667,4.009329579921314,16.430719625066047
2012-11-14,9.793582957446802,3.7507331279192044,15.939193810112272
2012-11-15,9.354362559362414,3.1540702369192104,15.32778579548858
2012-11-16,9.392919992363545,2.911914039233011,15.793621597772756
2012-11-17,10.029875074940776,3.53417865558049,16.459024225945257
2012-11-18,10.244122650153315,4.1941568746963185,16.446692049736612
2012-11-19,10.137480829491665,4.195518355586103,16.20258999167089
2012-11-20,10.27357129948524,4.329141309301633,16.2650071812306
2012-11-21,10.672088744612267,4.939572918851354,16.508668835094284
2012-11-22,10.338239931834266,4.737400688351613,16.00559620563274
2012-11-23,10.253716877476052,4.79163204397787,15.856346608876947
2012-11-24,9.202497229451922,3.4937684547658137,14.745153058179426
2012-11-25,8.396210738877187,2.501844506494706,14.093290886975012
2012-11-26,8.711716169126646,2.762176893761989,14.638763695226999
2012-11-27,8.878681626318041,3.070116950545298,14.807839299256102
2012-11-28,9.26636922773838,3.2755807114663753,15.22963013869554
2012-11-29,8.915374267367497,2.932592632259343,14.767239729740425
2012-11-30,7.5822886620939585,1.5095948989672365,13.6131176255642
2012-12-01,7.085482828191402,1.0210796563039821,13.364280055905397
2012-12-02,7.496794672876888,1.1946060369883753,13.860743037815212
2012-12-03,8.067629157262047,1.8773780714066106,14.524507586094614
2012-12-04,8.1705055708685,2.0277472894222797,14.71469454370299
2012-12-05,9.040855182369626,2.69825979772628,15.57668973685162
2012-12-06,9.317054607270734,3.2897763496416133,15.895740673579496
2012-12-07,9.46255015464942,3.4483929086465537,15.878193487481099
2012-12-08,9.266224690168087,3.0412298377138427,15.6978165079272
2012-12-09,8.621823293394925,2.437650052290735,14.970046015821538
2012-12-10,8.358416806886396,2.2539979846034726,14.621926044171005
2012-12-11,8.190503635079097,2.522727948529223,14.071430159532838
2012-12-12,7.649294062249851,2.3534036894197925,12.976982076613865
2012-12-13,7.617773240073291,2.344737719313855,12.876388228698943
2012-12-14,7.65813382645041,2.278313950086215,12.998982872726856
2012-12-15,7.759533489888099,2.41632511753852,13.283597840748996
2012-12-16,7.82263713134472,2.3677506112983338,13.422637994783088
2012-12-17,7.760286980656701,1.9715033612373531,13.516214788355967
2012-12-18,8.148466601207701,2.102162593215212,14.252411325126673
2012-12-19,7.047792067219291,1.5647850889054666,13.069415122570376
2012-12-20,6.0688367139012485,0.4242558278083379,12.298295878166925
2012-12-21,5.691397876717019,-0.27796477067442993,12.062218391085025
2012-12-22,5.544728457973633,-0.518616394124308,11.965243307565231
2012-12-23,6.076937841331471,-0.42314876845000526,12.847160756210883
2012-12-24,6.076190614828192,0.06718237292238882,12.59108572299857
2012-12-25,5.295366793505934,-0.5663873167655993,11.402568824320952
2012-12-26,5.603520593487758,-0.7812768939493253,11.860783007337716
2012-12-27,6.821144031374445,0.5603172527867173,12.816617688706174
2012-12-28,6.286140315143825,0.5231886237955905,11.984167327701186
2012-12-29,5.843846451822117,-0.2708956463553136,11.844544460149336
2012-12-30,6.0830754639952715,0.10236022349374707,12.280391153675794
2012-12-31,6.074625894834355,-0.011237954907301173,12.161355586138939
2013-01-01,7.249886146457754,0.5442502220043934,13.416173915017794
2013-01-02,6.5817893853861165,0.507230595869089,12.722471214713039
2013-01-03,5.618165392380263,-0.0922277030862233,11.579552916657804
2013-01-04,5.360168477268417,-0.3183110100729323,11.402458196727025
2013-01-05,4.686620014804475,-0.8868397718736674,10.739609397639867
2013-01-06,4.252531217640922,-1.3882045698039178,10.289519791750593
2013-01-07,3.845751435978002,-1.7420554387983316,9.758234677092503
2013-01-08,3.86143075431454,-2.369948862400065,9.888563806431478
2013-01-09,4.628486136519939,-1.6209555666699202,10.931051784304941
2013-01-10,4.753316934429392,-1.325175597109535,11.121592684639097
2013-01-11,5.369664036786503,-1.2880336129865668,11.759690903003786
2013-01-12,6.707980110125845,-0.2992882030432611,13.458793364243263
2013-01-13,6.685026801490892,0.10180063643440462,13.471186573400587
2013-01-14,6.309275224565795,-0.12421245927453128,12.875964720058505
2013-01-15,6.749890549103043,0.27314128591592635,13.258039757837992
2013-01-16,7.078671637903199,0.849376403984877,13.497553887832225
2013-01-17,7.514263600909487,1.3801848539901016,13.48218255419954
2013-01-18,7.574148820839071,1.7631918453189996,13.208192394864398
2013-01-19,6.012098818388893,-0.20851064916649875,11.920938460424622
2013-01-20,4.4948674513372,-1.312132862288422,10.45510921524101
2013-01-21,3.946271235735651,-2.149011778938643,10.248916675544251
2013-01-22,4.275822287176538,-2.0185512885469166,10.792574273072319
2013-01-23,4.531213863070093,-1.8647106421690296,11.14844474330198
2013-01-24,4.435430359636598,-1.9302500353435335,10.98754727899626
2013-01-25,4.462732147947349,-1.9812826746846781,11.219100524980831
2013-01-26,4.759583902901852,-1.848154268138444,11.60371666825506
2013-01-27,5.524479471524387,-1.4184681548658773,12.083274617161635
2013-01-28,6.455414198858023,-0.6866107754695463,13.169769291467105
2013-01-29,6.421848848023217,-0.23976440401406762,13.001143180516692
2013-01-30,6.9402827087798755,0.25583881310177503,13.31563083401818
2013-01-31,7.638471227912817,1.0402343787445147,14.075131872547558
2013-02-01,7.831433982229896,1.3805953410096663,13.848319947779146
2013-02-02,8.029790628792,1.608973783670308,14.23378740738599
2013-02-03,8.045200087092383,1.6673775166814266,13.884445354100023
2013-02-04,8.962190928423354,3.02456549435243,14.79948693609748
2013-02-05,9.219598200439577,3.6000257032301874,14.733781062962862
2013-02-06,8.83417897895265,2.8688771889400755,14.709233748703127
2013-02-07,7.506875505527887,1.0315896969586333,13.609238916232357
2013-02-08,6.274272268794505,0.23882761562697397,12.457168625262398
2013-02-09,6.728889613578019,0.012281610678030574,13.165634383927738
2013-02-10,7.645511102100102,1.071977505882785,14.262061026782305
2013-02-11,8.068341317980526,1.5730333989735072,14.644596096962005
2013-02-12,8.895406177775953,2.327284599320137,15.251458503326262
2013-02-13,8.99834688179891,2.9298442368668134,15.142975249894505
2013-02-14,8.859285501234524,2.8222377591318377,14.90354876103595
2013-02-15,9.023592060553483,3.356662814101412,14.527893261439146
2013-02-16,8.749801871000841,4.0389760483530495,13.448451929261807
2013-02-17,7.758704750403695,1.899367895106593,13.017264096260362
2013-02-18,6.7714939723313705,0.8939782666673182,12.362387005876712
2013-02-19,7.203447072413894,0.9971820427184639,13.069612146034046
2013-02-20,7.71893009339135,1.1882829602334368,13.840474355060962
2013-02-21,8.189771022137222,1.3642028923016483,14.322483354985309
2013-02-22,9.224456143810926,2.599916445233191,15.603197889678256
2013-02-23,9.392445706183423,2.86859476728398,15.672490372826587
2013-02-24,9.292748083084064,2.6583950661778317,15.597181852415986
2013-02-25,9.598397896628626,2.7358746786453594,16.084936599782964
2013-02-26,10.123854984909542,3.2590571908055495,16.70695111187257
2013-02-27,10.46569603907102,3.503405323247705,17.038731378942543
2013-02-28,10.300048822653991,3.211392835944025,16.93727947111455
2013-03-01,9.734211108319528,2.9078768210629278,16.642326556828266
2013-03-02,10.25601779630972,2.867642822192977,17.490590961647627
2013-03-03,10.904834201331312,3.2776996511669836,18.18249789880673
2013-03-04,11.3955872024506,3.5551578091781835,18.788774703299396
2013-03-05,11.68385011083501,4.132681151049383,18.774186901412236
2013-03-06,11.8309340251418,4.698425184645771,18.647410128046374
2013-03-07,12.29685596921911,4.995073864786036,19.161535399786487
2013-03-08,12.71811784373159,5.248453355194272,19.71929831542866
2013-03-09,12.823602353521323,5.495355306283159,19.6344297561252
2013-03-10,12.71335617072117,5.343878822442207,19.35616390419034
2013-03-11,12.735841276476094,5.5967474744608126,19.2317773873703
2013-03-12,13.208088250271203,6.236908802503365,19.57428621621699
2013-03-13,13.36367976098461,6.654699299296112,19.54550026488357
2013-03-14,13.317271997268733,6.943462154711028,19.33572042123484
2013-03-15,13.222068257494072,6.771425143416764,19.378298120294005
2013-03-16,12.841215740667167,6.378048121243921,19.01117381851293
2013-03-17,12.624365160409468,6.094713547076481,18.68944751970804
2013-03-18,12.496070834324144,5.869575520757223,18.506524546897595
2013-03-19,13.129673279733481,6.093949522505909,19.429720582450955
2013-03-20,13.776204212276468,6.707433159405753,20.11337229514362
2013-03-21,13.719183588779458,6.718763240099918,20.11834793185642
2013-03-22,13.762120852834357,6.734558025075273,19.98290177135607
2013-03-23,14.294244850763164,7.566672226925732,20.403415245328347
2013-03-24,14.333627440534485,7.709552485528718,20.384612262280086
2013-03-25,14.020462722734749,7.429638612126894,20.21022446838748
2013-03-26,14.061483572690747,7.378163931737333,20.13393082566796
2013-03-27,14.676509633543048,8.009504660899665,20.71112543759466
2013-03-28,14.712157932065793,8.421694834590596,20.70666821995485
2013-03-29,14.382588796830873,8.188658271516658,20.229289499395975
2013-03-30,14.434306458922038,7.904076764217336,20.4573257799085
2013-03-31,14.759080002495296,8.041602659863997,20.85733068058056
2013-04-01,14.98599801460989,8.098688612514763,21.248600734477918
2013-04-02,15.006911352282827,8.308098555228355,21.35453292441116
2013-04-03,15.038944140952367,8.581185959458935,21.09684037591063
2013-04-04,14.769545827244144,8.101190784609571,20.86763660639167
2013-04-05,14.516332781776327,7.531711923772207,20.765176181116658
2013-04-06,14.870458702174005,7.350285648779334,21.43910152129922
2013-04-07,15.329939224608381,7.782180753417265,21.91945140935252
2013-04-08,16.008600379814823,8.614142289225924,22.51904337483245
2013-04-09,16.512441006730455,9.531460174732842,22.85980486945249
2013-04-10,16.27053852207075,9.747477209895123,22.309123646969
2013-04-11,16.26808682944403,9.540588060401774,22.313965958074846
2013-04-12,16.64335682213465,9.48382428165246,22.919579417260934
2013-04-13,16.719300388943907,9.749490023375017,23.213254674684606
2013-04-14,16.40293183511045,9.428298782289062,22.870225398421383
2013-04-15,16.272051180627614,9.178241104633685,22.745618574953028
2013-04-16,16.265595255012443,9.328232845177183,22.627084274652645
2013-04-17,16.19948107901729,9.434637135351636,22.477816382888875
2013-04-18,16.037841482565682,9.238938785112737,22.276449803825585
2013-04-19,16.02736807795361,9.2525343480836,22.35687570214651
2013-04-20,15.86798636946429,9.357916537793983,21.762200820175053
2013-04-21,15.5975544067403,10.072484396840252,20.96827544517089
2013-04-22,15.400364909601649,9.954626842118557,20.679565420770984
2013-04-23,15.923171862079982,9.699375507316915,21.340645289134613
2013-04-24,16.64763872048843,10.37930735791548,22.162207791576236
2013-04-25,17.26247703407057,10.801517651090364,23.119873686499943
2013-04-26,17.868350208852462,11.29347749326837,23.61519613832354
2013-04-27,18.221448193814467,11.82063390697516,23.91549901497666
2013-04-28,18.33006708689834,12.17962524003849,24.062059794435015
2013-04-29,18.72600076535042,12.483045262978237,24.51007583704842
2013-04-30,19.190855784028088,12.699173535460716,25.170106906465207
2013-05-01,18.87378960494283,12.631847980343366,24.82803171450456
2013-05-02,18.373743156210026,11.961112546277832,24.46674303486509
2013-05-03,18.186786886151197,11.478567861079853,24.27914180824729
2013-05-04,18.22121160199265,11.445887515723825,24.213251097128136
2013-05-05,18.06428537258398,11.941322405145911,23.719943408254608
2013-05-06,18.106406876085885,11.957669532333455,23.748094105020527
2013-05-07,18.282736037440372,12.06580183141864,24.007799422209928
2013-05-08,18.403764959600892,12.07536919120281,24.187827399630407
2013-05-09,18.609441951739996,12.000916486909716,24.58032362017093
2013-05-10,18.790465589258417,12.202232963943402,24.700973598046232
2013-05-11,18.68486789615531,12.7084436302722,24.34235669099087
2013-05-12,18.591004946373403,12.970618691791913,24.069455493775138
2013-05-13,18.661014981345886,12.90593286273969,24.086376150245997
2013-05-14,18.628327899889825,12.79535222817833,24.121946083453565
2013-05-15,18.774691841270567,12.855955766948682,24.265163020739863
2013-05-16,18.878646883673753,12.754702560814621,24.434850168321532
2013-05-17,19.52859729368072,13.079489409067776,25.347365963956975
2013-05-18,20.082439552583708,13.513248926500978,26.11378802027059
2013-05-19,20.402352314611846,13.602374586361748,26.604795550182132
2013-05-20,20.903956913692866,14.191712342578455,27.099424938411573
2013-05-21,21.309391189698374,14.861728462453016,27.373163568564337
2013-05-22,21.345103102225778,15.19501686640615,27.388071829143996
2013-05-23,20.988495492376842,15.028978512315689,26.83421698045032
2013-05-24,21.031131442805304,14.762365243187162,26.669480981433253
2013-05-25,21.477563784919994,15.630569019836685,27.127811524611047
2013-05-26,21.564671847059344,15.952446343906729,27.142724559360147
2013-05-27,21.01769102408616,15.71285657090624,26.493667673091693
2013-05-28,20.507853486693875,15.374999725469593,25.726546982966056
2013-05-29,20.239246014212426,15.053951566211254,25.581358292110338
2013-05-30,19.933153945223523,14.713638495618284,25.14209299043995
2013-05-31,20.112523069059023,14.669830799685371,25.36981557005049
2013-06-01,20.281645732882794,14.838431647107711,25.52629642609878
2013-06-02,20.66994234197756,15.401735432433327,25.787159730447343
2013-06-03,21.012510474565886,15.938639721638765,26.11628602090252
2013-06-04,21.17963857813311,16.1604345841115,26.16153522581152
2013-06-05,21.428672339470154,16.41231811447568,26.42170754449188
2013-06-06,21.12957799029374,16.477445194262373,26.211867838330022
2013-06-07,20.606142924543292,15.84869465907235,25.57306507841497
2013-06-08,20.358478210171484,15.39244058157692,25.169045237491616
2013-06-09,20.231735579446536,15.351923803948523,24.99888405200278
2013-06-10,20.726517886038323,15.665459085388022,25.527295239215164
2013-06-11,20.73069499384053,15.88627872663318,25.49625729737204
2013-06-12,20.27254887984202,16.081508540348068,24.65754953605176
2013-06-13,19.953324309310005,16.12097892868644,24.109148244778282
2013-06-14,19.807917905939746,16.016512478612356,23.9326396208927
2013-06-15,19.501429466365607,15.754391348228012,23.59440510136926
2013-06-16,19.420008333517785,15.85499219175324,23.36292662379276
2013-06-17,19.498441669422107,15.859970674434066,23.417379269229343
2013-06-18,19.4690246082111,15.415238409750145,23.710880274964893
2013-06-19,19.53010679036015,14.934342353898444,24.04122742203333
2013-06-20,19.757230427803222,14.922364895527835,24.38021600795844
2013-06-21,20.297825883925498,15.508613565800147,24.990346377419883
2013-06-22,20.51960484181717,16.05893743201733,25.061684039610725
2013-06-23,20.390701109945667,16.37804520751689,24.675579435463874
2013-06-24,20.298324042453544,16.41325712646659,24.476213159232714
2013-06-25,19.97730599787974,16.279429535310328,23.95018928017197
2013-06-26,19.962664814830703,16.285742335466068,23.895890110307562
2013-06-27,20.13612133992183,16.399509231797538,24.112636419132514
2013-06-28,20.196165734857743,16.73387470820876,24.03277985731637
2013-06-29,20.28314287686635,16.766323188279046,24.188651111648767
2013-06-30,20.38260655458788,16.82426429860635,24.312107448322422
2013-07-01,20.400130208088626,16.859753558092052,24.41996360621613
2013-07-02,20.543022282635263,17.023692247442966,24.56326584158876
2013-07-03,20.69758597398385,17.115518632946134,24.622206232568374
2013-07-04,20.860598595248405,17.125287914659452,24.898996051042047
2013-07-05,20.89501498273944,17.31708635973996,24.770899941442735
2013-07-06,20.78701794618297,17.429534228875696,24.587995792629954
2013-07-07,20.400924495975403,17.210053257777304,24.30953257598327
2013-07-08,20.05136572555739,16.806656864481283,23.989427916481986
2013-07-09,19.773106545485575,16.59027623763643,23.683204249798678
2013-07-10,19.661120227349045,16.49046626087579,23.46399231698655
2013-07-11,19.896475288262423,16.602809728091415,23.64271851586335
2013-07-12,20.10427410273394,16.792957242515627,23.918443417018693
2013-07-13,20.276564874101666,16.805165398232248,24.151350824219776
2013-07-14,20.51743794770107,16.839196041953585,24.51525108522327
2013-07-15,20.65316757391065,17.17200969263672,24.640485107345285
2013-07-16,20.311589815952345,17.131103721763452,24.012924165324137
2013-07-17,20.220281668189102,16.858410254294768,24.091249792145845
2013-07-18,20.090104369002972,16.72588976442904,23.86569699610078
2013-07-19,19.933922778972487,16.63557464164535,23.6626371324885
2013-07-20,19.604989934119033,16.593642870840938,23.097885675161535
2013-07-21,19.85035298673523,16.47144159024856,23.547114263690275
2013-07-22,20.0310341538397,16.74740593904346,23.698671921251446
2013-07-23,19.95918429537778,16.887804547984672,23.554258390337907
2013-07-24,19.661794725133234,16.520398335332175,23.434473694602218
2013-07-25,19.149091211991333,16.079710127918986,22.845073211500505
2013-07-26,18.960223789844235,15.931826034287383,22.402082102254667
2013-07-27,19.28468057984287,15.96662667339399,22.871749186832346
2013-07-28,19.517798399146898,15.871798452349537,23.16865103989244
2013-07-29,20.010862460338217,16.09245865693839,23.798121378072665
2013-07-30,20.050726023304378,16.188361692352146,23.991120918928914
2013-07-31,19.814125155725435,16.28147483602828,23.524506131368355
2013-08-01,19.66885077937644,16.29390511328387,23.259502355714858
2013-08-02,19.728310084251405,16.27312536602244,23.47640574622767
2013-08-03,19.988234123529935,16.302008939752227,23.87297516226323
2013-08-04,20.013788761656826,16.35629898892779,24.045336395218044
2013-08-05,19.52391635596598,16.285704184715485,23.348257392324058
2013-08-06,19.06192827622999,15.943673846411684,22.71907662073744
2013-08-07,19.276314959101228,15.716631831095981,23.003051014807568
2013-08-08,19.648179781029512,16.00568563764483,23.491985372380896
2013-08-09,19.523558453464034,16.080019143393542,23.46624222746061
2013-08-10,19.312386097459182,15.864083409060697,23.164073056302755
2013-08-11,19.632218740323935,16.015455464381546,23.510621770770967
2013-08-12,19.764360680579955,16.23246656833095,23.729734834307237
2013-08-13,19.61896636087198,16.257801176718658,23.52436427116521
2013-08-14,19.579450204274792,16.150263961327767,23.563923188774652
2013-08-15,19.38704351774919,16.095466044686077,23.247712991565322
2013-08-16,19.168895953835715,16.124994671795378,22.947643830386994
2013-08-17,19.136169441476454,16.164706779784126,22.902485495259214
2013-08-18,19.20796677589624,16.156608084916627,22.940012720011964
2013-08-19,19.263623440066112,16.071529620869626,23.03653597674281
2013-08-20,19.238747695615928,15.959612072816867,23.09453813607331
2013-08-21,19.034900068470904,15.896701787326151,22.75803207268791
2013-08-22,19.247238607893166,16.021863167522895,22.898729698489262
2013-08-23,19.66521699458815,16.333566747198574,23.41862337717606
2013-08-24,19.95906278503128,16.555572242030905,23.79848809416802
2013-08-25,20.021117437479006,16.508172491198764,24.038981186085095
2013-08-26,19.668300561201704,16.31293436937284,23.635623143775376
2013-08-27,19.218504466298214,15.944260759498889,23.101264883903355
2013-08-28,19.024136573826354,15.853966266871396,22.70968981794681
2013-08-29,19.233347370402157,15.941107062053561,23.07076434354326
2013-08-30,19.581616958206553,16.011414468148757,23.55554249964058
2013-08-31,19.488853195501974,16.106291731491524,23.50253636692787
2013-09-01,19.438215232847824,15.957528176239066,23.49393204381596
2013-09-02,19.265413442763418,15.846009643220043,23.343982966364138
2013-09-03,18.790731254934258,15.335978321097343,22.92291651361279
2013-09-04,18.404863940218775,14.856864985576237,22.520192276249077
2013-09-05,18.24347639078843,14.573667230932415,22.43149752019025
2013-09-06,17.93236657124214,13.942743797197181,22.22324144841707
2013-09-07,17.348453565811894,13.166364237442622,21.686578163627644
2013-09-08,17.103492092237957,12.872826553602351,21.475821681745742
2013-09-09,17.289011968833847,13.003147688427191,21.78335871643884
2013-09-10,17.441148222032666,13.213360020030393,21.88940416320935
2013-09-11,17.85234672058766,13.199955640490941,22.527965611559296
2013-09-12,18.5307330736037,13.545710957833364,23.320878442243043
2013-09-13,18.960693058031666,14.161912243152301,23.733219466701257
2013-09-14,18.620604762592848,14.297673622186267,23.33368182212081
2013-09-15,18.186846605865696,14.138227630369386,22.78354432655027
2013-09-16,17.932964228324067,13.949804889434404,22.456344207243944
2013-09-17,18.05039450540545,13.611087781992182,22.695244513611215
2013-09-18,18.287223844907942,13.712248332921376,22.90205391375565
2013-09-19,18.618279587608413,13.94295244521686,23.4795341206202
2013-09-20,18.428309033015182,14.120121100871017,22.926496950867147
2013-09-21,18.31775667313036,14.442306894311173,22.619683436434457
2013-09-22,18.17346131416525,14.148559817719672,22.45427435737605
2013-09-23,18.283917371281916,14.209750991628425,22.62981639475089
2013-09-24,18.25077716676958,14.283171148483916,22.63743435639384
2013-09-25,17.954880648985807,13.942581462992848,22.247128317544764
2013-09-26,17.600730357391058,13.20930107161638,21.98534248459879
2013-09-27,17.75314165587821,13.27610406596142,22.345189921090878
2013-09-28,17.744719638186382,13.553547177018686,22.204599345059705
2013-09-29,17.107553467570085,13.37386421665326,21.28857629857697
2013-09-30,16.796637089480384,13.138534981804582,20.850143358473417
2013-10-01,17.096150830897557,13.278608376385932,21.191679382346706
2013-10-02,17.09464018740738,13.508561237439665,21.220622935191273
2013-10-03,16.621597728741506,13.118700546456296,20.6100264327348
2013-10-04,16.31161644297879,12.398477132668802,20.438009645091142
2013-10-05,16.435711617671018,12.313368873725892,20.695754192993434
2013-10-06,16.557643364979583,12.346166480706756,20.844508667459536
2013-10-07,16.581623851193513,12.112055950503759,21.222486925015232
2013-10-08,16.635861085089743,11.98044215452137,21.52349604821933
2013-10-09,16.8131060267134,11.97434318513831,21.784561151862135
2013-10-10,17.101521434132053,12.140440896197731,22.199133229528513
2013-10-11,17.01570248168946,12.328033458164384,22.005568817554433
2013-10-12,16.536580645029062,12.472817406932393,21.015186474840107
2013-10-13,16.279478423008413,12.252903199103628,20.44727724912616
2013-10-14,16.370658948265714,12.094696052219717,20.665658829731456
2013-10-15,16.099321104520584,11.507345556765074,20.726894033514498
2013-10-16,15.737377144596849,10.9679544412283,20.600356110874884
2013-10-17,15.677181802350162,10.90423359345175,20.71486163184227
2013-10-18,15.256289370124023,10.318343310749412,20.343654116952393
2013-10-19,14.589798087676968,9.634530272461973,19.65588665885116
2013-10-20,13.723216481458167,8.792258764203268,18.731259136899155
2013-10-21,13.122109636129665,8.053979783796251,18.199123007714263
2013-10-22,12.751187316879964,7.396695134274125,17.97920887079016
2013-10-23,12.75339139485169,7.375150893027239,18.129150030955202
2013-10-24,13.02462625601845,7.799425769855361,18.122356747279355
2013-10-25,12.970035648732676,8.205509303255894,17.724893831997463
2013-10-26,12.569235891799565,7.78434345660969,17.34083229563629
2013-10-27,12.469806212596723,7.558651804534122,17.241008705046397
2013-10-28,12.147909909012128,6.98808812403928,17.119450171711662
2013-10-29,11.958302824261295,6.178563526248865,17.346231493457083
2013-10-30,11.613800844166803,6.129651693108428,16.908417510487936
2013-10-31,11.134428430253479,5.658666187406482,16.453750196767658
2013-11-01,11.102346996525853,5.642898591357721,16.28346300674184
2013-11-02,10.80222006710386,5.377098363046116,16.19227248527045
2013-11-03,10.58472204488504,4.944980887443307,16.12974270140097
2013-11-04,10.596717120533299,4.522472749935275,16.288019572272788
2013-11-05,10.747087111998667,5.050968155629164,16.280355298662585
2013-11-06,10.727411643812957,5.45155657293094,15.969371608441975
2013-11-07,10.311816861591353,5.240183761337619,15.428566337643758
2013-11-08,9.709050466110853,4.470116882067032,14.92298572830731
2013-11-09,9.112871979761735,3.505065056041474,14.662419313103953
2013-11-10,8.612200464929685,2.760421184125107,14.497918307699194
2013-11-11,8.416155200104754,2.250577391733543,14.55212258782609
2013-11-12,8.540732537470092,2.510906661195577,14.466133981534995
2013-11-13,8.23856050141751,2.19749057486996,14.29434512367419
2013-11-14,7.933338301775507,1.8439063612218547,14.261256820601261
2013-11-15,7.791101267251236,1.5013029570154686,14.362596275145393
2013-11-16,7.983348302500531,1.716368354989072,14.470733272281336
2013-11-17,8.392121884179858,2.4172692836783085,14.871755412546236
2013-11-18,8.63802608698154,2.5361219930393304,15.229783150733113
2013-11-19,8.781913141504617,2.3035184500018318,15.6142004820191
2013-11-20,8.776329520010847,2.309744214617808,15.412151079914395
2013-11-21,8.94513164159713,2.466654824857926,15.479993248203016
2013-11-22,9.602991859143117,3.5101318955462375,15.686339409207335
2013-11-23,9.361746273229357,3.4031077813633033,15.282413033755972
2013-11-24,9.866265712266454,3.833897858699288,15.900054822893651
2013-11-25,10.213481038835425,4.365047978024052,16.43241343797763
2013-11-26,9.944906290262622,3.8429832230643797,16.35928679047737
2013-11-27,9.980307956948423,3.681559847148435,16.443916202286857
2013-11-28,10.17632592034488,4.20452514344322,16.37488374326091
2013-11-29,9.802215135734173,3.8728719755561087,15.940299606285521
2013-11-30,9.070181669274291,3.0834976149023987,15.390577308909485
2013-12-01,8.764030965252232,2.7228772808323356,15.110898466868719
2013-12-02,8.79311548710308,2.8656628711843837,15.035966561636315
2013-12-03,8.801127846047564,2.692193909732225,14.951575719230334
2013-12-04,8.461890643172922,2.3066849573827994,14.65208948644505
2013-12-05,8.122458777182658,1.9160310928019157,14.620796597416529
2013-12-06,8.093584551368963,1.6798488474072997,14.69195997237125
2013-12-07,8.320214973670772,2.040035677295805,14.579581690660177
2013-12-08,8.141680764866635,1.9346503349773911,14.56046809023502
2013-12-09,7.899719279015983,1.7207894972910367,14.110085799585079
2013-12-10,7.644345327678764,1.821166553767057,13.72419541590989
2013-12-11,7.4897219848186865,1.4360892942108876,13.710044436439318
2013-12-12,6.948144519782886,1.0549427291791176,13.11831457078199
2013-12-13,6.539339295853665,0.5391162769939228,12.570532242614775
2013-12-14,5.829555455164382,-0.23018493264561357,12.030749259494428
2013-12-15,5.821004907690565,-0.674774404079244,12.394866190597497
2013-12-16,6.720180211113018,-0.17279646646716174,13.453574851554265
2013-12-17,6.778103229663884,0.31294644430221297,13.289555632135034
2013-12-18,6.195506748688274,-0.1878114678060001,12.415876097377577
2013-12-19,5.699486790467461,-0.14270391024217588,11.584721702285321
2013-12-20,4.997003225250467,-0.7219976596885544,10.608067818988332
2013-12-21,5.475012938465511,-0.6857401471630737,11.092454415106147
2013-12-22,5.8813546408989055,0.40930537551167845,11.39920998739143
2013-12-23,6.024190942252915,0.38786979498422625,11.789497059485598
2013-12-24,6.293061398303678,0.5973190600689122,12.19394836970065
2013-12-25,6.282646824193421,0.6020364686210087,12.390123030968368
2013-12-26,5.840127615203812,-0.08258045804404901,12.165026670892303
2013-12-27,5.795867651372532,-0.205391483889116,11.9967316095603
2013-12-28,5.370914557196272,-0.4953853911500232,11.316855371189149
2013-12-29,5.001525836196208,-1.005308266518739,11.172002928001348
2013-12-30,5.074562964842528,-0.7757253627852947,11.06855462108848
2013-12-31,5.582377731618635,-0.2143569153918179,11.393614513169382
2014-01-01,5.4618365960753295,-0.39786286150064143,11.416452680547536
2014-01-02,5.297755862519523,-0.7145497963805951,11.706590438577223
2014-01-03,5.730623131923096,-0.7023831212190998,12.149925918763643
2014-01-04,6.168703373578467,-0.22452169215199547,12.58668615190851
2014-01-05,5.695043907443221,-0.060522123959856344,11.674576237551662
2014-01-06,4.8945909509518515,-0.7857149691420204,10.72965159693672
2014-01-07,4.83833534752074,-1.24953099219357,10.694534529078965
2014-01-08,5.656922260837234,-0.6044995899554237,11.534270497392583
2014-01-09,5.630776911402904,-0.4637238049599546,11.450707420044068
2014-01-10,5.238279855170845,-0.5639131726763935,11.069845485503947
2014-01-11,4.666061650314248,-1.145415402488311,10.24341937215928
2014-01-12,4.960931891425616,-1.4451164087166717,10.840612584670737
2014-01-13,6.303297677358273,-0.017275796988258207,12.25138298794127
2014-01-14,6.548467985654611,0.7116107178761695,12.376394178579858
2014-01-15,6.00748945138406,-0.031188379079253536,11.923559836775155
2014-01-16,5.729467640900452,-0.4108841745990617,11.59997940133968
2014-01-17,6.144516643827728,0.20697894678323792,11.936351276544485
2014-01-18,6.1432889478607535,-0.0201699164900333,11.767718538727479
2014-01-19,5.199064963562591,-0.8755571227893597,10.983408554167227
2014-01-20,5.636654624317828,-0.9529095888199208,11.847134283213848
2014-01-21,6.801813353627097,0.9067187744491321,12.47661572734006
2014-01-22,7.503751855853466,2.0667980852714436,12.90474627121364
2014-01-23,7.06346783938676,1.1393750860287923,12.696728630989526
2014-01-24,6.38760123161353,0.8243518656024662,12.165077001397492
2014-01-25,6.428399512738167,0.4796175035237411,12.339124530247318
2014-01-26,6.667343988409584,0.40600606033046915,12.968904891309137
2014-01-27,6.448737706696932,0.32168919518676375,12.783905129483344
2014-01-28,6.268939731839964,-0.31276600835536783,12.827205596316048
2014-01-29,6.688924539118375,6.273253829363057E-4,13.356717346555456
2014-01-30,6.890762203807924,0.3990341552622567,13.4632090301792
2014-01-31,6.826785407469515,0.4321138858392146,13.441129111622217
2014-02-01,7.170008457823826,0.7846098357596247,13.731747215909138
2014-02-02,7.787395086278252,1.3167732971705846,14.209681157622981
2014-02-03,8.44074170146115,2.0209120567649848,14.795187538216226
2014-02-04,8.616855327459803,2.5882692715190387,14.65882243288371
2014-02-05,8.578561633478387,2.4235559440665497,14.467475425191196
2014-02-06,8.315629316714478,2.0615587988963853,14.19616537100859
2014-02-07,8.310052769104914,1.9853036503118915,14.306398428524801
2014-02-08,7.295519531862965,1.219175631947678,13.35258175839681
2014-02-09,6.473770520970277,0.21392612898665675,12.739477548009575
2014-02-10,6.511376956479637,-0.023620797129922266,12.584366937804873
2014-02-11,6.243477848067869,-0.06344231657988075,12.158083910372966
2014-02-12,5.830570632888907,-0.5231277511257417,11.913763475056214
2014-02-13,6.624589167862041,0.09358054603927712,12.634321541182373
2014-02-14,7.304841364092169,1.536204884370477,12.610147398775098
2014-02-15,6.947436344987636,1.7918585416970245,12.0687855016875
2014-02-16,5.597607116069753,0.22347990282310093,10.688080008601446
2014-02-17,4.7667961103584275,-1.2100129376485143,10.426868034027564
2014-02-18,5.446581182626858,-1.41070865487859,11.73643801333327
2014-02-19,7.01385383061222,-0.16333538290831484,13.350269261454116
2014-02-20,7.814044512882276,1.1297689353662008,14.075393066107381
2014-02-21,8.029384694992075,1.6225352524217556,14.060396280630243
2014-02-22,8.253310766085576,2.1103249156751076,14.04712030111682
2014-02-23,8.241873916341945,2.1326188076610038,14.288096747140855
2014-02-24,8.661056930729444,2.1257178758551163,14.823534454094215
2014-02-25,9.281719199740678,2.8349102906685744,15.544865882400416
2014-02-26,9.207262654029648,3.2599970448424074,15.19758451821707
2014-02-27,9.149810772022306,3.5125713460240036,14.920251746268093
2014-02-28,8.801666783414873,3.520174769533128,14.205211114115116
2014-03-01,8.791972684765199,3.1811542784409426,14.24135863993854
2014-03-02,8.582383199621347,2.7120433786263334,14.243094404244687
2014-03-03,8.386666720024891,2.582803533201286,13.973952640091397
2014-03-04,8.840294587249332,2.896239807660322,14.361026958397474
2014-03-05,8.758390757519123,2.837256523945541,14.343197897007485
2014-03-06,8.602671001149758,2.484184207264036,14.448526412642593
2014-03-07,8.909126406911582,2.4172557535623582,14.900375781015555
2014-03-08,9.512778339233932,3.1347813826177457,15.602947992590146
2014-03-09,9.948496722327775,3.5708950901704952,15.99592945554565
2014-03-10,10.359179657321135,4.227378502278555,16.26920315003906
2014-03-11,10.481610257786826,4.2523992248413265,16.481291931199905
2014-03-12,10.646573103784647,3.9481540224252853,16.62965549831796
2014-03-13,10.894541574225912,4.07710536005203,17.11704734352884
2014-03-14,11.83980578469027,4.602866698126604,18.312108668834753
2014-03-15,12.892975574429158,5.596540866186501,19.51701598838281
2014-03-16,13.827806783137078,6.551204411145136,20.391005495172863
2014-03-17,14.130140762199233,6.941971179010636,20.54687987362547
2014-03-18,13.670861245090464,6.653143304120761,20.07213332757749
2014-03-19,12.888844889959557,6.1000736448448265,19.16486525365599
2014-03-20,12.453304777816243,5.366987131600297,18.775835750695137
2014-03-21,12.33357597217389,5.258148330128904,18.73754816862464
2014-03-22,12.26171572092943,5.190975838766576,18.64485055409932
2014-03-23,12.365247783291181,5.4146160991148236,18.53953289141174
2014-03-24,12.836858251941578,6.310486269917703,18.693157893890316
2014-03-25,13.235318493620696,6.505393961295283,19.154184336794856
2014-03-26,13.822043031541398,7.099585507050222,19.851098254342162
2014-03-27,14.427247719569152,7.919666901483197,20.40064640457888
2014-03-28,14.891971411596558,8.214738529784313,20.923775193632935
2014-03-29,14.970857006551057,8.117157163822355,21.262415467235485
2014-03-30,14.743065072101388,7.8304402819219945,21.14350282406957
2014-03-31,14.366784300100562,7.4495911547846845,20.763877242086778
2014-04-01,14.11475445010376,7.162410265124947,20.600666175838228
2014-04-02,14.12870113948054,7.289990665341861,20.461031995495716
2014-04-03,14.556919373846313,7.479339022058809,20.860187519840906
2014-04-04,15.113359490343214,8.014568631119232,21.454556416303717
2014-04-05,15.669328900493383,8.726936902329726,22.01283995643837
2014-04-06,16.1220959458617,9.235788800065848,22.407714964887134
2014-04-07,16.083048521565104,9.467567952937202,22.145114568257554
2014-04-08,15.60232443547477,9.038233379413498,21.80506476986909
2014-04-09,15.210455902689887,8.47599417170926,21.515413007014615
2014-04-10,15.176765016823936,8.094857797587167,21.56997833846816
2014-04-11,15.463162638388383,7.91823256394224,22.018536705238375
2014-04-12,15.647209361785144,8.375308761217184,22.058558574326526
2014-04-13,15.654934804216907,8.922861318957303,21.877302369660242
2014-04-14,15.724533515128826,9.119448720006119,21.86388034019012
2014-04-15,16.156801909000592,9.316739483930917,22.142112621174988
2014-04-16,16.53208051757639,10.052903873034381,22.578165453248516
2014-04-17,16.156758699952718,10.222713432912542,22.127790848542986
2014-04-18,15.873332880003034,9.968858535517313,21.62841039614625
2014-04-19,16.245175144766165,10.09932902424805,21.94068932776912
2014-04-20,16.24238714428492,9.613142664341467,22.241215528191447
2014-04-21,16.574998367208593,9.604981209324478,22.654222742068384
2014-04-22,17.184764444131417,10.290318248728624,23.440033949893632
2014-04-23,17.431762835774748,10.535201748513146,23.601036208995197
2014-04-24,17.381294945540105,10.529636030575716,23.47836449999295
2014-04-25,17.74535942464439,10.530732519029698,24.09679375012803
2014-04-26,18.086271962360172,10.95518084341586,24.356552571315262
2014-04-27,18.22441242905495,11.256680256521577,24.475404517696916
2014-04-28,18.243341057671387,11.02565068523586,24.5963721368081
2014-04-29,18.692730665527563,11.224023274066553,25.29567084357626
2014-04-30,19.146987908612743,11.901389674314316,25.72755486956538
2014-05-01,19.062967805148276,12.248101944192683,25.569465272936327
2014-05-02,18.95201969354548,12.520609954967313,25.254100307696604
2014-05-03,18.356475176535582,12.463448143569224,24.24928965668221
2014-05-04,18.121704969820314,12.201466451219517,23.735961213450935
2014-05-05,18.193789594933264,12.472229986735329,23.69339949666181
2014-05-06,18.432240522991606,12.820152727985203,23.869670819641442
2014-05-07,18.623068593814537,13.008592040601798,23.97095040060998
2014-05-08,18.760582204851858,13.070475507393326,24.167842748454746
2014-05-09,18.11585341314344,12.563272345731491,23.394510255952298
2014-05-10,17.921945920337294,12.357463328652955,23.262738323123585
2014-05-11,18.349506550692524,12.861824333236655,23.61994087663146
2014-05-12,18.47106092807917,13.112471318798214,23.811297974164802
2014-05-13,18.232199563361576,12.838900692082746,23.557124494364587
2014-05-14,18.040753996485023,12.454667871289587,23.38421811207877
2014-05-15,17.98348692002054,12.127458310471013,23.41201352569942
2014-05-16,18.34866101017292,12.141458647953812,23.89776034719108
2014-05-17,18.877328321244306,12.635318805694396,24.463698977639126
2014-05-18,19.201874981681215,12.961989475412906,24.89311224293556
2014-05-19,19.900224853873567,13.644844132864364,25.644905217862345
2014-05-20,20.00054442394901,13.92818807716651,25.69393854518131
2014-05-21,20.12799375916262,13.913932589624665,25.99191717158368
2014-05-22,20.317998806678816,13.805325276285657,26.20423409485477
2014-05-23,20.34385346257733,13.9145005905944,26.40585800418677
2014-05-24,20.090581339742812,14.072216093487839,25.850313679971066
2014-05-25,19.764496331460805,13.992234257738176,25.477919186863176
2014-05-26,19.66988389993668,14.34117013049729,24.79055800057813
2014-05-27,19.73823104844638,14.46988937500197,24.960245176299395
2014-05-28,20.11174094294853,14.36109761374837,25.59567774617085
2014-05-29,20.42332018190075,14.192938632919265,26.07767581251062
2014-05-30,20.55349586610697,14.344884398051306,26.255983601588355
2014-05-31,20.94310978904474,14.833761964968119,26.71436920012917
2014-06-01,21.03140536438167,15.196093087991756,26.633904152460786
2014-06-02,21.182699845087882,15.128433835575379,26.944319578855584
2014-06-03,21.367489562983906,15.31508748879071,27.011516345739324
2014-06-04,22.04080188269836,15.72028976076632,27.887699847648207
2014-06-05,22.25141961154759,16.077782788041475,28.141971926663132
2014-06-06,22.59011429732135,16.507123975904165,28.546068846461537
2014-06-07,22.647426515649727,16.768542270400644,28.53201201789261
2014-06-08,22.24551110909249,16.727132076577675,27.888127136983428
2014-06-09,21.944434171332205,16.64463509427617,27.484991856288502
2014-06-10,21.900431521327107,16.417764012194937,27.480016248275263
2014-06-11,21.565100915976302,16.263426589188555,26.949499891696462
2014-06-12,21.09459623294373,16.224821269350173,26.145315168488253
2014-06-13,20.892035791276044,16.13897205376736,25.754290789588026
2014-06-14,20.684103998215903,15.728530271897853,25.59098324933467
2014-06-15,20.776822480004626,15.664212388071121,25.530401273772554
2014-06-16,21.373765217511277,15.985892911219821,26.494855465689454
2014-06-17,21.52270674627323,16.367383334176225,26.563770469983183
2014-06-18,21.0132188919481,16.759176397825854,25.51828676676928
2014-06-19,20.922059220136248,16.8521827480414,25.379078990124242
2014-06-20,21.154475143289346,17.07564505512272,25.619995625382614
2014-06-21,21.111292916410946,17.06542735363024,25.660865896406335
2014-06-22,21.018623257706622,16.95486271611361,25.506764997561902
2014-06-23,21.249369365898303,16.79279068206324,26.09146683364054
2014-06-24,21.220743026756907,16.646945988360756,26.084933373497392
2014-06-25,21.114680660265492,16.47659035011509,26.095125535493082
2014-06-26,21.076980585900287,16.50775843501367,25.878198522917273
2014-06-27,21.284841737892236,16.587219991868096,26.039574928776858
2014-06-28,21.108226235561403,16.672291130904114,25.81796062150778
2014-06-29,20.991151874742286,16.67316682089512,25.68547247185984
2014-06-30,21.009402701184513,16.614075801570493,25.698038778424632
2014-07-01,20.90609635313791,16.86398424543671,25.331026872661027
2014-07-02,20.750565266284582,16.7606300654233,25.06594510809464
2014-07-03,20.79632666303985,16.92840951312519,24.97031689829214
2014-07-04,20.957612966024044,16.933004430204335,25.353547805511653
2014-07-05,21.064927984470273,17.01434722470782,25.605687487649277
2014-07-06,21.16469717199965,17.194215386033704,25.611311917847786
2014-07-07,21.295363271056544,17.264378826837685,25.891969202170856
2014-07-08,21.27707250125661,16.985079817410963,25.833746179818718
2014-07-09,21.3175046225968,16.98931201099299,25.849283097637908
2014-07-10,21.602136658344932,17.3809222586155,26.12231363520192
2014-07-11,21.517732735463028,17.42621200613644,25.90391725086147
2014-07-12,21.547267065751385,17.635926014707366,25.725005187292822
2014-07-13,21.276136655376206,17.62886777466315,25.314188240090743
2014-07-14,20.86906000974858,17.516433218218424,24.64394109867328
2014-07-15,20.745227455579084,17.317248432009535,24.521283150690863
2014-07-16,20.449078170813266,17.276383214133205,24.05622313664668
2014-07-17,20.202881774339858,17.246294119755646,23.85437364446483
2014-07-18,20.05817679859257,17.081917919825628,23.675128886951427
2014-07-19,19.967581140323432,17.07353732221435,23.447763366232664
2014-07-20,20.22326693808668,17.037414414182024,23.854293629406072
2014-07-21,20.196634797820423,16.818477898509798,23.892256469059078
2014-07-22,19.940762975643054,16.5164187320176,23.518120060355784
2014-07-23,20.000205641535388,16.370108878587985,23.724289062889966
2014-07-24,20.140576494140248,16.477285748687336,23.984726087860224
2014-07-25,20.122875254507107,16.587700538528054,23.926366130152246
2014-07-26,20.28389951650729,16.766470909500185,24.238901122241714
2014-07-27,20.098593914517096,16.776944123176747,24.020914623358294
2014-07-28,19.815765467879032,16.8268681504955,23.443105442011074
2014-07-29,19.924001280815958,16.908794744580405,23.606875111432146
2014-07-30,20.145481864544138,16.96507350868501,23.81613047526173
2014-07-31,20.40641144953588,17.225102284952357,24.266774572567726
2014-08-01,20.404063837012757,17.29792290318727,24.235760115320943
2014-08-02,20.35023459254677,17.314215075746347,24.126146546128894
2014-08-03,20.153819321303843,17.17641343340796,23.790315258332384
2014-08-04,20.10703956392001,17.136277647979853,23.69268074300112
2014-08-05,20.004319936872037,16.995208413639546,23.55274630121454
2014-08-06,20.278399902555122,17.08327141630525,23.9721819007392
2014-08-07,20.240438882056765,17.114538265907925,23.9242685004819
2014-08-08,20.034895283486264,17.032527278031637,23.748528543146165
2014-08-09,20.11023459881602,16.868997260843628,24.020265847398207
2014-08-10,20.037609167655148,16.762537414060375,23.892816913249703
2014-08-11,19.9309826357387,16.606753868133296,23.78355929670721
2014-08-12,19.861038357286475,16.348929959631164,23.84900978149585
2014-08-13,19.787202403358492,16.365282826901478,23.674805899042155
2014-08-14,19.541203823565183,16.297397460100058,23.288291403679466
2014-08-15,19.215116078677568,16.075739396106258,22.931735736193957
2014-08-16,18.970546905875608,15.79642454880343,22.61316572710956
2014-08-17,19.328403553705243,15.638481811575843,23.39851440326612
2014-08-18,19.9933677468498,15.782081238203261,24.386098003171412
2014-08-19,20.351621082172187,16.079936718160354,24.866524535716565
2014-08-20,20.064591305606825,16.04005871646342,24.543805231146166
2014-08-21,19.534027116541154,15.788564663854913,23.94204759443153
2014-08-22,19.196629820999192,15.297677007070718,23.469396598351977
2014-08-23,19.277819910879657,15.280967491483409,23.619706807064517
2014-08-24,19.523242733004224,15.480273695123003,23.891022949717467
2014-08-25,19.46751332739035,15.478725383692222,23.86189019464996
2014-08-26,19.239454244342767,15.407200787619445,23.597445158948688
2014-08-27,18.914728935469782,15.280507428784006,23.10748649314894
2014-08-28,18.836497848316412,15.372795334341845,22.929478190827354
2014-08-29,19.077887637216463,15.476710540723104,23.179444561961986
2014-08-30,19.060161923370288,15.609569428002033,23.149496342578004
2014-08-31,18.84487501738954,15.642380769830538,22.75326865739214
2014-09-01,18.621383158448907,15.601389686250059,22.28799346520566
2014-09-02,18.706836605882586,15.540927812454754,22.5535514074258
2014-09-03,18.64397749138584,15.52014124912182,22.316561978376285
2014-09-04,18.679943078179974,15.609517370003914,22.366690426950242
2014-09-05,18.798447578917546,15.693033197413683,22.55914405731437
2014-09-06,18.92102518457773,15.684858999318124,22.78539849828786
2014-09-07,18.833641299821068,15.527440142004991,22.741625446227033
2014-09-08,18.84537035530451,15.368681174050153,22.81737790041734
2014-09-09,18.672387593466,15.241060156515061,22.716319655378356
2014-09-10,18.41169497794965,14.987229168123747,22.44477748212836
2014-09-11,18.468440058377894,14.906443335560994,22.619321463366873
2014-09-12,18.44947317062787,14.96542697242569,22.665204117955454
2014-09-13,18.252582301141956,14.745816738272481,22.416270552179014
2014-09-14,18.058518156320815,14.448514329479735,22.46270257822721
2014-09-15,17.987661899828197,13.974599450286917,22.50431581950164
2014-09-16,17.98338540309004,13.575625868189604,22.603117904807732
2014-09-17,18.625815201694138,13.659514992775257,23.433203545731374
2014-09-18,19.000789803551413,14.125580565726693,23.87250807235972
2014-09-19,18.879034225481462,14.457692507242712,23.642153176575448
2014-09-20,18.295956345126967,14.538796823957512,22.643882391322848
2014-09-21,18.09247631743392,14.183805089046928,22.452797479370417
2014-09-22,17.748436070805496,13.253224016901356,22.37193720912802
2014-09-23,17.664795318359324,12.971083196811321,22.466206891312936
2014-09-24,17.610798756311908,12.962125428589957,22.597561188133
2014-09-25,17.42579439855689,12.8291259960871,22.19402222386168
2014-09-26,17.082091014206412,12.490164712612739,21.786290664850355
2014-09-27,16.827132283098535,11.498205735167346,21.83036027529016
2014-09-28,16.91967563657539,11.562692511894682,22.15565435614917
2014-09-29,17.144776265975224,11.797478952966514,22.31311988061043
2014-09-30,16.918653927001344,11.762640444121075,22.04125483187744
2014-10-01,16.923521136941588,11.618673302449508,22.181805914135396
2014-10-02,17.19610205817696,11.760965340157213,22.501167521554578
2014-10-03,17.138827431082973,11.740544983621817,22.43122183080493
2014-10-04,17.3050015930325,11.68903849668078,22.761273328029574
2014-10-05,17.71460461419855,12.063807501863721,23.185583185383678
2014-10-06,17.542995996575314,12.433219805829992,22.91846353136191
2014-10-07,17.07836608121744,12.24214891873936,22.304756890127862
2014-10-08,16.917791534387902,12.086491339235806,22.06618896345492
2014-10-09,16.911132339567928,11.859564123901919,22.117361611114518
2014-10-10,16.48515993820297,11.47378436179332,21.719355868730588
2014-10-11,15.903568948396298,10.992023565988745,21.10913849537576
2014-10-12,15.829745508330689,10.604538322858957,21.031312724644238
2014-10-13,15.679221761806843,10.950111629916762,20.51131358707329
2014-10-14,15.586563360368189,11.310231009898985,19.803137416037657
2014-10-15,15.271671753458179,10.339122382376104,20.191908208260827
2014-10-16,14.37338665073787,9.47522943591639,19.506771389433425
2014-10-17,13.847797948887376,8.613749598633717,19.238205627590048
2014-10-18,13.392109307145006,8.087195105554827,18.717997893112965
2014-10-19,13.40251209910025,7.804832832643285,18.73622105169852
2014-10-20,13.60678096958111,7.9014685628333154,19.109238862823986
2014-10-21,13.817963230935334,7.975429378458159,19.42687019627374
2014-10-22,13.716305675197418,8.025013403294565,19.44002638061812
2014-10-23,13.689745229932498,7.88191377983685,19.41581676408913
2014-10-24,13.74211829381835,8.07072792166639,19.327677679851547
2014-10-25,13.447469401720866,8.127229473928992,18.724948673233143
2014-10-26,12.824702739727343,7.937416853258412,17.76688857371471
2014-10-27,12.342938941047578,7.32739101030154,17.44442520445307
2014-10-28,12.330101890418575,7.075840959363745,17.653827304839808
2014-10-29,12.348811666715392,6.93707199089522,17.652253278761464
2014-10-30,12.38963311262512,6.900501491229818,17.779904128276485
2014-10-31,12.299906108649282,6.791666595409765,17.780204551501413
2014-11-01,12.327279852496645,6.689750199259208,17.789916447090036
2014-11-02,12.74510458154026,6.996751607489728,18.34149205918328
2014-11-03,12.616746992273818,7.064524198120353,18.18488371138801
2014-11-04,12.298229510694796,6.789846573490877,17.873348644746386
2014-11-05,12.151830115789267,6.432462856281461,17.619173541965495
2014-11-06,11.895681434744802,5.996437953781424,17.476844708871454
2014-11-07,12.445961483328404,6.3885198552154066,18.173538277672094
2014-11-08,12.802734566366667,6.931045234476699,18.540251108456516
2014-11-09,12.491297281258028,6.811455862845833,18.29906912036597
2014-11-10,11.940415019995157,6.444495424814818,17.727849223950102
2014-11-11,11.824577054651456,6.422364780275075,17.60172682773333
2014-11-12,11.300505891100272,5.948799208343701,17.06751383662788
2014-11-13,11.440775167236552,5.931094524313664,17.218231616319656
2014-11-14,11.369166771121513,6.057781624629342,17.295577556370915
2014-11-15,11.052175946548118,5.570806832042592,17.00160206528716
2014-11-16,10.778289067665867,5.198731330250666,16.79214103543694
2014-11-17,10.519897995137285,4.678648314327006,16.648878381104794
2014-11-18,10.364434185262098,4.267924679044995,16.46615742313338
2014-11-19,10.353206360816671,4.412609262265903,16.565774640631048
2014-11-20,10.255915414734034,4.285741131218913,16.396969146758465
2014-11-21,10.11389637138285,4.199410278780306,16.232190746341644
2014-11-22,9.989195568876596,4.085479318870057,15.901424302486362
2014-11-23,9.570704980465678,3.691337544982332,15.507669684763869
2014-11-24,9.355804414303975,3.040419868679237,15.590657334313107
2014-11-25,9.598117328480953,3.2096760532865574,15.970743891838936
2014-11-26,9.463756733947093,3.296192694139563,15.713782020892438
2014-11-27,9.783845334315117,3.554230594449507,15.949882449173856
2014-11-28,9.66309443869153,3.861088346276347,15.718815660566236
2014-11-29,9.469199821011784,3.583251769486651,15.522816428114481
2014-11-30,10.01316364453686,3.7689911770372646,16.164004019998686
2014-12-01,10.331905132840916,4.271968550278984,16.66572762229191
2014-12-02,10.648407391092803,4.617679687318173,17.124075812462024
2014-12-03,10.375847724666528,4.517889369438251,16.720976382921208
2014-12-04,10.264979882785099,4.1571611083205084,16.61103872132867
2014-12-05,10.143717380070939,3.8477320601292604,16.6205468230919
2014-12-06,9.602901267460481,3.737263030189581,15.903198045892566
2014-12-07,9.910480902587096,3.8257435494324454,16.150256572957005
2014-12-08,9.610000198079604,3.8263436826775887,15.670054782207103
2014-12-09,8.913133605281587,3.3748718564318665,14.852004384802513
2014-12-10,8.174777876470444,2.8149270053297073,14.021474812431165
2014-12-11,7.756488026222314,2.3410698830690535,13.500501000627139
2014-12-12,8.227746986171383,2.817761596509456,13.823191747719761
2014-12-13,8.486649102213448,3.5893110870722467,13.418781303794788
2014-12-14,8.169270629067967,3.4082884818051298,13.105851485956293
2014-12-15,7.095295543041061,2.1135463835391874,12.287919308548055
2014-12-16,6.237544569550778,0.8870746955891491,11.736049264583414
2014-12-17,5.1676759679929205,-0.3558240062221216,10.873902886299902
2014-12-18,5.226435813339606,-0.6220060484266128,11.179431643188252
2014-12-19,6.022250032162617,0.12550074509772458,12.127513373163936
2014-12-20,5.9035339179314406,0.17199377164507723,11.99925334971715
2014-12-21,6.298675210682745,0.4229142826205816,12.343975028875548
2014-12-22,6.061031599680803,0.5795703549752602,11.720944709510434
2014-12-23,6.101216561287231,0.198295436724095,12.030360107096612
2014-12-24,6.020901027651064,0.05472570150095635,12.173625726804232
2014-12-25,6.578231412060802,0.5310414992003984,13.015140674736813
2014-12-26,5.707856427203296,-0.264143334635321,12.000051168511163
2014-12-27,4.619694976789447,-1.5465896546557474,10.865812686850745
2014-12-28,4.5066795365079315,-1.6963841499955947,10.953659828826346
2014-12-29,5.376085886135854,-0.8614561412021544,11.839423963258355
2014-12-30,5.958439531650697,-0.02146260911962372,12.070835369616702
2014-12-31,6.666540094138952,1.0834241147764487,12.40329611881856
2015-01-01,7.224611042462584,2.192400277636068,12.380133688069236
2015-01-02,8.193933754700765,3.294431430591942,13.135719684572962
2015-01-03,8.49108077734087,3.7258234540603894,13.402788423647166
2015-01-04,7.240398259237395,1.8424371042112284,12.409494919203325
2015-01-05,5.699313994800718,0.23556295147074024,11.102272550196744
2015-01-06,5.66389079661667,-0.36660703210958445,11.589182097743219
2015-01-07,5.103054631993643,-0.8607257166408431,10.952770463732008
2015-01-08,4.333883836158975,-1.6891112231495526,10.306572182133891
2015-01-09,3.7817219461550167,-2.2310322248518446,10.08614423607321
2015-01-10,4.317532459550193,-1.977008930121258,10.850717264925834
2015-01-11,5.274901751915422,-1.2234729945855065,12.055962005751553
2015-01-12,5.812597675499433,-0.5880825801545484,12.414889759291952
2015-01-13,6.032127539322175,-0.042511657013903914,12.196668941405733
2015-01-14,5.708926223956951,-0.3402503907828418,11.74574792718522
2015-01-15,5.039882528934811,-1.0419391984040658,11.105787332609282
2015-01-16,4.617976139255745,-1.4291131935603971,10.776284248569482
2015-01-17,4.050702598431599,-1.9422574371644146,10.124328330661285
2015-01-18,4.106842189997053,-1.9637941987235763,10.358044512042625
2015-01-19,4.632931559390784,-1.684776048608967,10.925900424985286
2015-01-20,5.485216001862227,-0.8511014077259347,11.570113031675874
2015-01-21,6.354813133263235,0.5101870082896767,12.132749097732358
2015-01-22,6.862878666152085,1.134005581267104,12.368714558917134
2015-01-23,6.336906065450933,0.49007484043926297,11.863746258854917
2015-01-24,5.980039614485747,0.20893533910384576,11.67183801466615
2015-01-25,6.3876127763475665,0.5980214221040114,12.227481323970949
2015-01-26,6.51216742996877,0.8629209627343926,12.081163735633822
2015-01-27,6.237467036360783,0.6114491327606402,11.866309459010836
2015-01-28,5.702714228120385,0.21971056245638465,11.244087458278045
2015-01-29,5.660796499739206,-0.03258643731936672,11.161976718909443
2015-01-30,5.0802964112311315,-0.7645358952228207,10.77835736371685
2015-01-31,5.140275254831238,-1.1905142361675303,11.236223751384614
2015-02-01,6.063541067654171,-0.5123862274237467,12.30918914436404
2015-02-02,6.920980319236548,0.6558339408849179,13.002971485133287
2015-02-03,7.402091827204856,1.0562598226010778,13.597334457476109
2015-02-04,7.014245625564513,0.507503805825479,13.42546786368439
2015-02-05,6.884229245619679,0.3934576151719966,13.506571299412258
2015-02-06,7.255997594900975,0.7645845845974009,13.7544328171399
2015-02-07,7.373271515080944,0.9991486147976048,13.62690512809661
2015-02-08,7.380516267729206,1.2850478167585493,13.503706794004415
2015-02-09,7.3462272692439115,1.1044677945147896,13.562699625871403
2015-02-10,7.228465140229218,0.9084319845157438,13.571901617523679
2015-02-11,7.370396649277438,0.8638297640523547,13.89394927295433
2015-02-12,7.746388667455619,1.1670442690713116,14.09617219191773
2015-02-13,8.279006446812787,1.4726421502097082,14.752607745044202
2015-02-14,8.533458060698592,1.3918086493246733,15.151239797632627
2015-02-15,8.839215288294497,1.773819784586692,15.290062225690974
2015-02-16,9.561218335537035,2.805713239755505,16.06571640582456
2015-02-17,9.919897618442121,3.3232285454914177,16.280784695075965
2015-02-18,9.784029573959174,3.574522598611452,15.929159234883628
2015-02-19,9.809987546310879,3.57633669149277,15.730649171343714
2015-02-20,10.299264166401088,3.913215177466384,16.371601509766265
2015-02-21,10.408825918098216,3.8754141288472965,16.582051570047952
2015-02-22,11.216175010199947,4.199082087506952,17.737522435064648
2015-02-23,12.228539128012073,5.44549078499341,18.655407319634662
2015-02-24,12.406706543334337,5.910608843928458,18.453384631652398
2015-02-25,11.826801666962126,5.710805481199998,17.645197994848047
2015-02-26,10.880627779668885,5.04360719353366,16.65176919722876
2015-02-27,10.456940789428813,4.46041448126158,16.22640558744348
2015-02-28,10.651981563206903,4.6540895968067275,16.470063966611406
2015-03-01,10.323519640165216,5.576153663137973,14.699836455723357
2015-03-02,10.453182401017386,5.732940198704171,15.210781075130171
2015-03-03,9.662171424763471,4.2344466005743016,14.89580720179731
2015-03-04,8.49468321018594,3.05302627509883,13.749549029854734
2015-03-05,8.828405065052664,2.729546921439578,14.306067066639116
2015-03-06,9.347466313375548,3.2286921163488955,15.068966320008201
2015-03-07,9.458970344474778,3.0964313952922566,15.229855979056936
2015-03-08,10.109877295397098,3.588209196212233,16.116957508002542
2015-03-09,10.315745044237701,3.6721263037887866,16.5094775304604
2015-03-10,10.067686900526041,3.2612647537659996,16.455437766746456
2015-03-11,10.892059940541913,3.6555193103185957,17.604791973968872
2015-03-12,11.794171291968667,4.756087859734237,18.519455901712604
2015-03-13,12.079601648400342,5.424728137813474,18.480273358370255
2015-03-14,11.920536550930251,6.029468256556186,17.88559606190063
2015-03-15,12.004738807550439,6.368365285844334,17.501004291268885
2015-03-16,12.105991364727288,6.379568658247024,17.60359593368395
2015-03-17,11.89341355478308,5.744799631079047,17.739398230420875
2015-03-18,11.504095241453058,5.14164355336942,17.50384639116237
2015-03-19,11.47223774901471,4.739890122146846,17.4845554738082
2015-03-20,12.298514803669377,4.998548160474513,18.66107384730327
2015-03-21,13.358537957733006,5.8746040662748555,19.97062429178817
2015-03-22,14.141887887470489,6.694841194238563,20.900917593042777
2015-03-23,14.717567560694079,7.411955524469818,21.27556454467566
2015-03-24,15.133602700814436,7.737420085567237,21.905386771868507
2015-03-25,15.283899590649582,7.9806818734860485,22.07582834476733
2015-03-26,15.40351095986938,8.534168390791592,21.74946615221876
2015-03-27,15.492564323480849,8.908009659257232,21.694884503124626
2015-03-28,15.738857404743499,9.268554698149273,21.932666670533706
2015-03-29,15.76486620338352,9.716612188520742,21.538096089491717
2015-03-30,15.149972021302005,9.677614476528959,20.50525345375786
2015-03-31,14.767796886812903,9.078841643978535,20.15920073133867
2015-04-01,15.056829074098516,9.05430399904401,20.65690743018223
2015-04-02,15.319153562344638,9.508050362065433,21.033126628742764
2015-04-03,15.274902375131092,9.410814538259558,20.997736679355285
2015-04-04,14.619896801242874,8.965164380275667,20.214889309782166
2015-04-05,14.159228974988594,8.039782312160469,19.8856107162473
2015-04-06,13.797893725100835,7.7225548989489425,19.470270078065425
2015-04-07,14.28662539545445,8.322819458307038,19.85789963568891
2015-04-08,14.559064611194628,8.481787411116272,20.38908371782901
2015-04-09,14.60566064806352,8.270912859430155,20.566345187007187
2015-04-10,14.678683566957659,8.091664793308382,20.80161826915713
2015-04-11,14.40908826467603,7.990392868907861,20.511371791879355
2015-04-12,13.928709808677922,8.115104365062507,19.53024954527058
2015-04-13,14.142730803644326,8.460580089637062,19.5407211604317
2015-04-14,14.639165949624044,8.70711915559474,20.22550697788023
2015-04-15,15.618654435088672,9.481623725724376,21.160593595826754
2015-04-16,16.30203851137719,10.335389985026268,21.83000841211225
2015-04-17,15.975506622817534,9.975032727207065,21.534367349756394
2015-04-18,16.1196699214334,9.675897681372362,21.864718512451475
2015-04-19,17.08750979419409,10.136199255660188,23.213578671053995
2015-04-20,17.639007875183722,11.103197903231944,23.686642077429724
2015-04-21,17.28297900452759,10.765578114055586,23.41064788650442
2015-04-22,16.832813826484994,10.12602551795419,22.97863471706603
2015-04-23,16.395922496441074,9.857233258676672,22.665794734732913
2015-04-24,16.040360219992067,9.534878644406376,22.230713788264097
2015-04-25,15.925101651113096,9.564072250136576,21.918717866785414
2015-04-26,16.221066372023017,10.010064789528826,22.01613796722711
2015-04-27,16.888527708120307,10.369028027918546,22.91882611480986
2015-04-28,17.01806146804813,10.4088350361626,23.159744536976007
2015-04-29,17.096031711520084,10.515466783264515,23.09223930630543
2015-04-30,17.029214901852868,10.493115216418403,22.9435378094351
2015-05-01,17.366456043503035,10.566921813236775,23.4658921737543
2015-05-02,17.483487535537165,11.00913370630468,23.444043083600832
2015-05-03,17.503702114882117,10.85091432711215,23.502520036774797
2015-05-04,17.707682409403105,10.752132841122034,23.904463908262585
2015-05-05,18.014296914444174,11.090415899529717,24.30191081424414
2015-05-06,18.428918678958837,11.540368104607637,24.755080919392526
2015-05-07,18.813916304871213,11.91557855200665,25.072682396718164
2015-05-08,19.19852132374308,12.409246921563124,25.383584380630396
2015-05-09,19.410086644600653,12.781984730553177,25.415058557874545
2015-05-10,19.36798491013724,13.150891649326809,25.214511282860656
2015-05-11,19.19081609931061,13.337039397276442,24.882829180924205
2015-05-12,19.223286468255367,13.741148597754659,24.56928834772191
2015-05-13,19.380744165420424,13.953424225307288,24.779813657771115
2015-05-14,19.420538527926453,14.248895800578907,24.562025438580065
2015-05-15,19.312596269487642,14.174669177954854,24.545067337935905
2015-05-16,19.203976051338998,13.581448263849552,24.527957705832478
2015-05-17,19.506543590041417,13.518795616243892,24.91294762543913
2015-05-18,19.937660928143885,13.985839499190831,25.540075840140673
2015-05-19,20.06305554462233,14.068849447233617,25.75698526747749
2015-05-20,20.290443316837013,14.311073054102906,25.899024935957527
2015-05-21,20.345479908798154,14.333837972062781,26.072121264238717
2015-05-22,20.497663874467264,14.359741436263107,26.32897517855173
2015-05-23,20.518961263944846,14.548925238697336,26.254506844632203
2015-05-24,20.596611387928135,14.763685306970103,26.367708753266868
2015-05-25,20.636492220537775,14.622076300693323,26.39821426986248
2015-05-26,20.58167964614421,14.56429998592074,26.351852667499372
2015-05-27,20.33817998901668,14.070098086875362,26.177670299841054
2015-05-28,20.124207006309803,14.042975223044095,25.817087532400706
2015-05-29,20.63758209104742,14.370982480662917,26.353173351060832
2015-05-30,21.012242287800518,15.155298702162781,26.65893673493258
2015-05-31,20.70031358059674,15.188511221787905,26.36706131805454
2015-06-01,20.19458693955943,14.929300135236417,25.572804464893977
2015-06-02,19.81739620192218,14.700475758810114,25.075999385852924
2015-06-03,19.779874928815104,14.564999879284017,24.962449669182263
2015-06-04,20.09730443688784,14.933914575585959,25.146580156519406
2015-06-05,20.657997814161888,15.441477639858476,25.81981429112784
2015-06-06,20.845824705742928,15.580928198742129,26.01327268690295
2015-06-07,20.724014401937325,15.372117497993486,25.928107818715944
2015-06-08,20.728643783943483,15.31015047981623,25.91323063944884
2015-06-09,20.6656053570249,15.552517775583738,25.663290250112254
2015-06-10,20.876118097773997,15.807093801809856,26.01757619281119
2015-06-11,20.3795658230012,15.597483070377962,25.336220912354293
2015-06-12,19.596753939741973,15.264434963000213,24.307142253059
2015-06-13,19.154283542483483,14.869015197293038,23.75512171008438
2015-06-14,18.778465275510996,14.795082635315111,23.102452889728852
2015-06-15,18.777610439413536,14.680528137456463,23.074114445311295
2015-06-16,19.113756138744577,14.976882083483076,23.462369260097375
2015-06-17,19.644388243762137,15.182508626813274,24.10969723263719
2015-06-18,20.08636156595162,15.348591942391977,24.6604963485197
2015-06-19,20.207574514232306,15.455121006220793,24.810412583598065
2015-06-20,20.547799661901195,15.997848755311225,25.062700413708853
2015-06-21,20.335789096354233,16.424578915177563,24.594648897680997
2015-06-22,19.862989202240215,16.250897213116218,23.834962201129542
2015-06-23,19.900608260754495,16.063571986966167,23.987218871467917
2015-06-24,19.846657182119543,16.159493955532014,23.83038228610792
2015-06-25,19.86749306807667,16.227420392430247,23.787831116745167
2015-06-26,20.22570586450729,16.183827290551505,24.41183666855818
2015-06-27,20.344221375115183,16.24484024774432,24.66962048528245
2015-06-28,20.502106066944975,16.188452325141554,25.006557804825547
2015-06-29,20.368428523994794,16.142128625500845,24.899299029045096
2015-06-30,20.20118091969846,16.43086426083221,24.420198029893754
2015-07-01,20.385397011799228,16.554470313604668,24.716775138403875
2015-07-02,20.376946801195515,16.40740517210685,24.72068712541204
2015-07-03,20.487384156295946,16.10844107591265,24.994803221833536
2015-07-04,20.758953529489474,15.994518706642566,25.36348661415701
2015-07-05,21.121495532873553,16.222121482435796,25.923429317962302
2015-07-06,20.86983902194271,16.50254724549626,25.24547480080372
2015-07-07,20.082276817708873,16.459270463632322,24.079156168483166
2015-07-08,19.83979757964721,16.10034440551385,23.901421293747376
2015-07-09,20.01671076669055,16.14647592390935,24.07509880954001
2015-07-10,19.763318381978365,16.398614659581256,23.62675376380929
2015-07-11,19.686609397307336,16.504854781515633,23.383871968509368
2015-07-12,20.432431698177766,16.70980966307434,24.391180742420886
2015-07-13,20.903400418868728,16.895586709271925,25.10887083290214
2015-07-14,20.905898088441745,16.566102264651988,25.27180638662992
2015-07-15,20.51833324324957,16.422688747780853,24.796946552131374
2015-07-16,20.243249254593707,16.16931645486818,24.347086174050162
2015-07-17,19.93837849580916,16.18997752941175,23.799210621810346
2015-07-18,19.9121547638357,16.307528294347776,23.77429847214853
2015-07-19,19.76200341185597,16.256045425984155,23.662645439496202
2015-07-20,19.706736026189446,16.289363214358445,23.51286486263058
2015-07-21,19.910213472918542,16.345904277744523,23.83249687127733
2015-07-22,19.84766297258318,16.324279388591776,23.7223295091124
2015-07-23,19.747844769763276,16.12951932420941,23.730942330202367
2015-07-24,19.809157265256317,16.039987843637846,23.73775131218963
2015-07-25,19.92707490465193,16.104982705961334,23.904594489745023
2015-07-26,19.81571798049316,16.071914266092335,23.6171064084902
2015-07-27,20.06132227237481,16.300431500718332,23.817035232201533
2015-07-28,20.248527321482186,16.4382945236851,24.239090216060674
2015-07-29,20.322212393578013,16.521375756629823,24.233625759814743
2015-07-30,20.24126773391322,16.637472727506292,24.20514761717095
2015-07-31,19.851711248626543,16.61687762936276,23.69750614747238
2015-08-01,19.80873417912113,16.618414282918536,23.571554358415028
2015-08-02,19.9895425201305,16.64249834354399,23.780203946958693
2015-08-03,19.96942742759734,16.730879944836715,23.776814252451288
2015-08-04,19.972894685776794,16.661485754827936,23.86257678226093
2015-08-05,19.745299374042816,16.64509819489814,23.51704757823933
2015-08-06,19.643171137276056,16.3564979117736,23.33329003888872
2015-08-07,19.8881553402004,16.232350135839397,23.84981427726018
2015-08-08,20.16412526992775,16.286538786664153,24.229618421211853
2015-08-09,20.29115980670366,16.52945306307754,24.359905712233058
2015-08-10,20.34432682817129,16.759131966826715,24.504815541324035
2015-08-11,20.469914930948505,16.792060937460974,24.64480690186093
2015-08-12,20.082421492380433,16.841702289689067,23.84809200321274
2015-08-13,20.00970924095293,16.872897676011007,23.805861117383984
2015-08-14,20.111700180556966,16.886046265458674,23.99789794989738
2015-08-15,19.871942630710237,16.739341031870254,23.795083603239846
2015-08-16,19.511558537260385,16.56436072151314,23.15305010663542
2015-08-17,19.445116449315094,16.35979010303157,23.189576249055506
2015-08-18,19.15438708961989,15.72602001172885,22.996893341746897
2015-08-19,19.003161289206844,15.258429446981268,23.00348643314038
2015-08-20,19.06212512517277,15.225815296827932,23.05299356119707
2015-08-21,18.98094066676549,15.291496308091666,22.955129794556
2015-08-22,18.90740585501868,15.30252120007657,22.86476273393106
2015-08-23,19.047794285515238,15.376027765647791,23.206328033485818
2015-08-24,19.274719381824923,15.440868040140913,23.479444551403617
2015-08-25,19.778841335165282,15.627548703884997,24.159102956710854
2015-08-26,19.782326382861072,15.811355556809701,24.13441918945705
2015-08-27,19.511660976919245,15.819326423998177,23.595494448216698
2015-08-28,19.46892606462262,15.82944515074928,23.56112994465741
2015-08-29,19.601632264508453,15.958404504280168,23.76750847207103
2015-08-30,19.498310225221246,15.918016597064423,23.67082649320224
2015-08-31,19.43455013784279,15.700723680282636,23.760015178088906
2015-09-01,19.25725894365638,15.356667948686834,23.5947148788253
2015-09-02,19.111168202759245,15.010844856069298,23.58682463937248
2015-09-03,19.294182087672425,14.903950931546035,23.934707598826947
2015-09-04,19.54266885091141,15.126901301611213,24.296056981380104
2015-09-05,19.672754243547445,15.294797606411919,24.454389731651702
2015-09-06,19.42492321957394,15.284061332500585,24.2026294297317
2015-09-07,19.06130357774134,14.908220530140568,23.768621823492992
2015-09-08,19.066195150024214,14.667374337831177,23.783051597105725
2015-09-09,19.281834602973902,14.58484380485254,24.141094514475355
2015-09-10,19.400242545061417,14.677145420121064,24.345810079671935
2015-09-11,19.37931900050455,14.779582337633087,24.268746671505596
2015-09-12,19.38364590075861,14.900895620244683,24.273774756637124
2015-09-13,19.411612688400226,14.901068554485903,24.297525031197665
2015-09-14,19.320211774029303,14.963344300027074,24.237666901819694
2015-09-15,19.039421865108693,14.960334451562858,23.672381880218268
2015-09-16,18.897856523127302,14.893819909567242,23.419442453687623
2015-09-17,19.079904240272526,14.880744834056827,23.678357237604587
2015-09-18,19.28057802051137,14.832462757187443,23.990887115594717
2015-09-19,18.957446177368354,14.884042095343261,23.371451013161618
2015-09-20,18.61046262913453,14.950349584687899,22.85160431739945
2015-09-21,18.292856071032986,14.598071996423585,22.41110448242864
2015-09-22,18.50400883002368,14.6787283132536,22.578645202398434
2015-09-23,18.415160231681853,14.293674675728028,22.874547418898487
2015-09-24,17.810904856825346,13.509512171108383,22.53712222380824
2015-09-25,17.732754030969886,13.025659460155794,22.87839586094958
2015-09-26,17.707640559427773,12.832049175274733,22.91230019901576
2015-09-27,17.616969187201278,12.763115545351582,22.762698779597542
2015-09-28,17.59079955552852,12.403452625882665,22.747658641934038
2015-09-29,17.876721418384648,12.304248728202197,23.217058493848015
2015-09-30,18.070710920110287,12.431088565842686,23.53612059672804
2015-10-01,18.317914264777073,12.653271319394946,24.03626694259748
2015-10-02,17.83382616157519,12.499760215072115,23.3475317892661
2015-10-03,17.55627213416591,12.312339297280062,22.99547759232854
2015-10-04,17.30050627263404,12.092101441468401,22.709293216750496
2015-10-05,17.122399650577506,11.79582747592417,22.517237013060253
2015-10-06,17.238469384698362,11.761479903867667,22.681107405130888
2015-10-07,17.357447444632783,11.916075124212057,22.778907002669314
2015-10-08,17.180654108136423,11.921283909121485,22.425668857618064
2015-10-09,16.83149706298019,11.669692357302893,22.016507833142214
2015-10-10,16.619369373596157,11.483341781087006,21.92684901167553
2015-10-11,16.52121185900012,11.22257474878046,21.804701501254385
2015-10-12,16.36382194930735,11.11375753310665,21.66160405535942
2015-10-13,16.297789719502532,11.064431122252358,21.52801354614138
2015-10-14,16.28388900901996,11.047530863900704,21.571355243073015
2015-10-15,16.210848140882263,10.969068358631034,21.419267237285737
2015-10-16,15.980771383969397,10.749150347589023,21.051349415146944
2015-10-17,16.06130562970361,10.376872244297545,21.381618371252557
2015-10-18,16.205315924979857,10.495942668583552,21.66358037231339
2015-10-19,16.364666519117463,10.728419817239569,21.745507666871674
2015-10-20,16.097044861102745,10.466612266599554,21.54129386130819
2015-10-21,15.461257146361959,9.930586266971773,20.953744622337524
2015-10-22,15.229686381252634,9.559962767729246,20.92322324003925
2015-10-23,14.964044303614912,9.164130460029412,20.47321979241508
2015-10-24,15.041745043228843,9.342963370701625,20.462409749631604
2015-10-25,14.57384579592059,9.494827729940368,19.601196733990093
2015-10-26,14.217635161137423,8.79260932234564,19.47459540952724
2015-10-27,13.671607977566339,8.366303022178215,19.0896950561754
2015-10-28,13.279161604201988,7.89606509535372,18.763024095756407
2015-10-29,13.147492635610377,8.141364989531837,18.233494347197336
2015-10-30,12.990035699476664,8.100588869460694,18.04532571252713
2015-10-31,13.014426429110983,7.974513496802729,18.07462677299941
2015-11-01,13.365734026041764,8.272945503367964,18.453719551576967
2015-11-02,13.627693615457645,8.764521523588257,18.529857819695906
2015-11-03,13.689143628866645,8.944378894842771,18.493245089081142
2015-11-04,13.455644402289408,8.634477865291842,18.398331062087152
2015-11-05,12.708389523569224,7.795072478775694,17.723422440744628
2015-11-06,11.972459036947043,6.724573215414978,17.20363970052034
2015-11-07,11.892679933477154,6.1137693658961325,17.26988013652965
2015-11-08,12.281651504389686,6.78428677771052,17.769618345230526
2015-11-09,12.196098442061839,7.007260020514764,17.421981314621405
2015-11-10,11.8717279467906,6.863427588325919,16.944377789439216
2015-11-11,11.667544482097014,6.370461804426839,16.923917275326573
2015-11-12,12.371284673288926,6.485920249286153,18.097537824263156
2015-11-13,13.20033061162843,7.070304224097072,19.12605121728592
2015-11-14,12.53517617041274,6.840185026180734,18.345823691584656
2015-11-15,12.217140433652048,6.713406752707101,17.84621203390941
2015-11-16,11.545507121049184,5.984629093125932,17.045377982750722
2015-11-17,10.925152723055476,5.469489009543167,16.411467548933842
2015-11-18,11.062157120325992,5.091922305114622,16.78242586395021
2015-11-19,11.579260133900505,5.791508848370995,17.549931309107933
2015-11-20,12.071944625722438,6.356514455374793,18.200094760689126
2015-11-21,12.159889773808061,6.590520570978754,18.28107079911541
2015-11-22,12.211383404544563,6.645454253608591,18.132023510781266
2015-11-23,12.05035654845716,6.784662099019556,17.71779414465243
2015-11-24,11.634306674420259,6.238306382024518,17.379799116120978
2015-11-25,11.713968037006396,6.028571987017244,17.581421439913925
2015-11-26,11.521648877197663,5.802465510810805,17.275006502452072
2015-11-27,10.503437746196312,4.881741286936062,15.989882608228072
2015-11-28,10.353451216981398,4.713589309537156,15.964106089269592
2015-11-29,10.951250311651677,5.484972724926195,16.79146775769874
2015-11-30,10.946932562265545,5.669686752359041,16.660705174949783
2015-12-01,10.57457462877062,5.280934492450967,16.270746790291525
2015-12-02,10.164486455182214,4.956917382047834,15.638682566661544
2015-12-03,9.813937855790357,4.6057770668624585,15.217675725028812
2015-12-04,9.936337770651733,4.270842443738843,15.588171127740452
2015-12-05,9.832807626807778,4.07906843801095,15.777366915608582
2015-12-06,9.747110550380853,3.810046465114624,15.819761252342516
2015-12-07,9.58710947127372,3.919782698841857,15.517206512303062
2015-12-08,9.473327762348845,3.7806797555128924,15.300718121920113
2015-12-09,9.868913854327957,4.076280455563904,15.503319643001134
2015-12-10,9.732756607075544,4.390628131992116,15.196309701617963
2015-12-11,8.897679061492056,3.584058211549632,14.138948481412228
2015-12-12,7.5063700423688715,2.2787184553484394,12.931535577886052
2015-12-13,7.217856184818288,1.8207552910263871,12.912300082443096
2015-12-14,6.567109371130584,1.4961488129209215,12.23404180725123
2015-12-15,6.040814092525068,0.5090883967802142,11.807009444003029
2015-12-16,6.446000638134649,0.5038119029345012,12.45003363696236
2015-12-17,6.382514530107073,0.6850945854822044,12.212348229562338
2015-12-18,5.491600860639323,0.20807248236212672,10.929743088048895
2015-12-19,5.683309927551875,-0.13165830066515127,11.505158380626767
2015-12-20,5.7300179015304025,-0.09902039874776847,11.51512817361106
2015-12-21,5.457532209215003,-0.24707168255957868,11.152649914266817
2015-12-22,5.849418873131867,0.2010144333351036,11.457728073335147
2015-12-23,5.5382966810930725,0.20972801989410073,11.153043430474952
2015-12-24,4.778230124408196,-0.6836733706928158,10.421642142805979
2015-12-25,4.86462267253853,-1.4755718752438725,10.765461872408935
2015-12-26,6.443137799349017,-0.16500592332459973,12.588905242705266
2015-12-27,8.186656226301238,1.957762401106777,14.60774185170493
2015-12-28,8.419110458382477,2.129321846421931,15.140117113353824
2015-12-29,8.042335098643662,1.750107861689571,14.862786523609941
2015-12-30,7.721928256703677,1.2720410095204784,14.400157110532064
2015-12-31,7.48722962691312,1.1497940133625093,13.776897111065125
2016-01-01,7.516418028345413,0.9378284961074428,14.173048821430882
2016-01-02,7.445591349857352,1.118007136532185,13.854543506935556
2016-01-03,7.252871240380671,1.0137832070532227,13.379882675581314
2016-01-04,7.792616627662937,1.2044684377387398,14.050029429204187
2016-01-05,7.775443082166873,1.473900314983041,14.020780488129333
2016-01-06,7.3796376794684875,1.082411907031826,13.427439705749862
2016-01-07,7.471875990892727,1.488877925772897,13.443581930892833
2016-01-08,7.019591833232141,1.126071528798036,12.977490088367745
2016-01-09,6.37963108251995,0.46800532391625893,12.279216336692116
2016-01-10,6.632693823302361,0.16243183444350962,13.023983725477137
2016-01-11,7.353890121177926,0.940736062620033,13.875096629629127
2016-01-12,7.3370228555492645,1.0605923353497246,13.669842806574934
2016-01-13,6.71557030166673,0.6657759483072141,12.7208733892287
2016-01-14,6.692812661256312,0.45206585640204366,12.628270856427378
2016-01-15,6.423283117295853,0.3301109580633579,12.147131188498179
2016-01-16,5.875437149470088,-0.22364193655960207,11.853037872698224
2016-01-17,5.909648734869222,-0.18758603850756117,12.142901610830336
2016-01-18,6.069630190775285,0.2214576842632141,12.003159755659226
2016-01-19,5.793629280096695,0.19517208607368275,11.10524680109944
2016-01-20,5.027156492125187,-0.2917585081714833,10.103713107237013
2016-01-21,4.665344357269134,-0.9690095328042503,10.352728293716893
2016-01-22,4.134729505111068,-1.6186793211515464,10.041832463310527
2016-01-23,4.290939651975805,-1.709198611692102,10.554202842745553
2016-01-24,4.79996284091294,-1.5246222964217964,11.205246862693514
2016-01-25,5.167391233583203,-0.998212937817641,11.05491461980597
2016-01-26,5.898300292676595,-0.03804192370182591,11.535773637612635
2016-01-27,6.319421537394305,0.4596121859924551,12.086203382413885
2016-01-28,6.946699866961126,0.6096006211337794,12.880762639866418
2016-01-29,8.225218290706152,1.589764404685809,14.213721134490811
2016-01-30,8.432505262344478,2.240456969130264,14.499737827255444
2016-01-31,7.906875964076846,1.5737992292986291,14.182801065611045
2016-02-01,7.607388867575935,1.1654200944235527,14.042675000155384
2016-02-02,7.73524338107984,1.143875222072836,14.449870353552512
2016-02-03,7.339515895424086,0.8019634133078739,13.89833847398836
2016-02-04,8.195280597190333,1.0907533024571308,14.966367200110312
2016-02-05,9.07983432125178,2.1788502286914877,15.91222213300506
2016-02-06,9.630070610409973,2.649275462862761,16.269884019932874
2016-02-07,9.672963540400929,3.2424140974162583,15.884961534434979
2016-02-08,9.093698604946155,2.7783185287740935,15.11359510748332
2016-02-09,9.040810876336366,2.7152119751669375,15.121127247370453
2016-02-10,9.151697854266502,2.9365749925381124,15.116389286254616
2016-02-11,8.550030992100062,2.9649998890465668,14.12201927579008
2016-02-12,8.407469824494797,2.3415162466816355,14.347889848082104
2016-02-13,8.64356050291542,2.51598920811756,14.620484671843315
2016-02-14,8.904569922027406,2.425595901244435,15.100179770596299
2016-02-15,9.405019291670442,3.061256101022366,15.544296848777151
2016-02-16,9.73991637713766,3.4989298488739564,15.980463005724403
2016-02-17,10.485903033888178,3.8806193012144377,16.928036420758133
2016-02-18,11.65563792747048,4.975120581834119,18.035998145565372
2016-02-19,12.793955700229958,6.232962381526079,18.86426719752518
2016-02-20,13.010623387691851,6.380766617748293,19.165997439765817
2016-02-21,11.741637084428874,5.410478121774474,17.868595918803976
2016-02-22,11.072564972536952,4.535488341351424,17.55088831684867
2016-02-23,10.440825224200637,4.130647224073414,16.797268763991383
2016-02-24,9.852080901414638,3.4680269420965146,16.006058312764708
2016-02-25,9.789436565271444,3.019459723037187,16.036281559735414
2016-02-26,10.143103717643214,3.6449979769609513,16.501799823322415
2016-02-27,10.378570856808324,3.9923145058741056,16.655898546571223
2016-02-28,10.91478958898739,4.377358403407754,17.257328361005364
2016-02-29,11.385042368196878,4.8047115415085955,17.808878572781907
2016-03-01,11.495168898125371,5.088713573910638,17.57443426985259
2016-03-02,12.235620021962347,5.400020243107122,18.65342098443523
2016-03-03,12.646928665029634,5.760732452118475,19.140195192877343
2016-03-04,12.334301015336564,5.647674829982691,18.753170202365254
2016-03-05,12.434455172548496,5.896425112974612,18.70424725689577
2016-03-06,12.512911380802223,6.242828200359497,18.595364194349145
2016-03-07,12.441245393829945,6.149874423962274,18.586310938172858
2016-03-08,12.674281259688428,6.107985653916501,18.79626881916687
2016-03-09,13.030364076550029,6.448938415138798,19.110216512002182
2016-03-10,13.639571846762294,6.952058871129111,19.741445804235923
2016-03-11,14.3530825552902,7.821547543093061,20.380270111425773
2016-03-12,14.22809518431643,8.546647402701012,19.989302088299553
2016-03-13,13.458474341215378,8.094224056062671,18.919991581961654
2016-03-14,12.911185969016003,7.3842608553949844,18.47411219555596
2016-03-15,12.608220870109449,6.461620620422877,18.390232078070937
2016-03-16,12.394541355090325,5.845236679135041,18.170968486604806
2016-03-17,13.546794828651173,6.690521443565558,19.450004478508163
2016-03-18,14.234536718425773,7.998733611909529,20.06356665600947
2016-03-19,14.560241427451615,8.24946230255398,20.636397038650557
2016-03-20,14.534391843201945,8.168227615329158,20.658910465888766
2016-03-21,13.969763332414232,7.369662289986707,20.243768909769187
2016-03-22,13.289268143275763,6.563900694485483,19.636330121557478
2016-03-23,13.642873368810115,6.184682848409011,20.11780778558972
2016-03-24,14.92305432047715,7.053409452055007,21.667724983684025
2016-03-25,16.156767842099384,8.613662329534009,22.7858859182453
2016-03-26,16.515773600310354,9.365952502961136,23.049568289517538
2016-03-27,15.757018272290168,9.340567130621139,22.088146707343753
2016-03-28,15.137565138176797,8.692875006994143,21.066443541559863
2016-03-29,15.459553038436582,8.450755456399918,21.659714080052538
2016-03-30,15.76845538008962,9.055340134991297,22.09631650004718
2016-03-31,15.963085250887275,9.309401735108565,22.19700341227093
2016-04-01,16.517834821035137,9.794795790942203,22.644162174667144
2016-04-02,17.45049013916912,10.904617282387392,23.477102586406374
2016-04-03,18.088835535703026,11.597318451576541,24.071615828666552
2016-04-04,17.89499042536221,11.913252999306508,23.775237703018263
2016-04-05,17.314009545999056,11.397846652538362,23.118191756890212
2016-04-06,17.019186146064783,11.096261440043918,22.85071153698766
2016-04-07,16.779089876920864,10.650181180378013,22.72928573413708
2016-04-08,16.721533402245313,10.389055969105755,22.65141678764371
2016-04-09,16.995173474241653,10.31243605020677,22.93504276096843
2016-04-10,17.523104733918785,10.81335499424506,23.49273659167153
2016-04-11,17.607945197778804,11.084943817979934,23.45930337752435
2016-04-12,17.551844474448387,10.866858313106434,23.66334105570985
2016-04-13,17.579064029988558,10.668768373070577,23.871960307362826
2016-04-14,17.384610822267348,10.274107032528775,23.75621871337904
2016-04-15,18.21044253747334,10.755686417010907,24.714128044133645
2016-04-16,18.043894674008413,11.380268678847585,24.28756030495589
2016-04-17,18.341263122100543,11.542185072489417,24.499544504667597
2016-04-18,18.571540899801903,12.155409841687401,24.58955301227155
2016-04-19,18.598223638890943,12.19179409956621,24.57081498582778
2016-04-20,18.740965232298947,12.229437127516746,24.886878351400583
2016-04-21,18.47730464525904,11.791670558450278,24.653044565170546
2016-04-22,18.06177636064092,11.634357849724097,24.07148018566386
2016-04-23,17.582270394327224,11.270587076838012,23.506172833223843
2016-04-24,17.33458682516755,10.707482190000974,23.441188920523132
2016-04-25,17.54907093666327,10.287845769667058,23.7890358098216
2016-04-26,18.15522743728559,11.088494158572246,24.459611669247636
2016-04-27,18.447407093080756,11.507436174874442,24.787187132775614
2016-04-28,18.55579853033902,11.562055850507932,24.874241708884483
2016-04-29,18.777353424394448,11.584882635270219,25.291522202796784
2016-04-30,18.8505926757864,11.585666508095642,25.49067183655876
2016-05-01,19.149338338420364,11.73464491153419,25.87198879750207
2016-05-02,19.386288312866157,12.281161292686306,25.866362172830748
2016-05-03,19.08682671183169,12.733805119312706,25.42751281911012
2016-05-04,18.86214527767578,12.799655824594822,24.881053306825606
2016-05-05,18.581346614441088,12.864800108141196,24.36916587298532
2016-05-06,18.553122690445264,12.608796168147421,24.080081807319573
2016-05-07,19.02502630754998,12.8776075610499,24.5952515433749
2016-05-08,19.438655787285597,13.039525620625113,25.317009006560227
2016-05-09,19.959516867035973,13.474135242411023,26.022007840558672
2016-05-10,20.4403294070662,14.111640356131943,26.54541084394873
2016-05-11,20.788986992529544,14.69276078625029,26.665343348188685
2016-05-12,20.709342083811464,15.003318250411382,26.498492448855984
2016-05-13,20.44848845320621,14.609687189216572,26.19310596497968
2016-05-14,20.399314565345207,14.386745995328624,26.106134875075952
2016-05-15,20.622095626609564,14.519627408743077,26.36879388966662
2016-05-16,20.544453571188342,14.511116361369204,26.26737875169289
2016-05-17,20.553480725715872,14.339489301869037,26.323776781418417
2016-05-18,20.638379826329754,14.103988587071626,26.544984454709947
2016-05-19,20.46754923883941,14.580127976667995,26.172940064703084
2016-05-20,20.097925617082296,14.650796214038166,25.435396160718142
2016-05-21,20.218472083546203,14.728916878795701,25.66793616202176
2016-05-22,20.608915302385356,14.617147995007656,26.22645147497815
2016-05-23,20.907751680772094,15.09302817814222,26.67991187028167
2016-05-24,20.54637129735852,15.236590890738341,25.920590911795216
2016-05-25,19.874528060567286,14.949089082004889,25.122061323224386
2016-05-26,20.025034929250637,14.494770138337401,25.27573440193339
2016-05-27,20.039499849135098,14.346990866591398,25.529749166707063
2016-05-28,20.016489568907275,14.542963171902727,25.358305129688063
2016-05-29,19.86716915180415,14.799745671582116,25.0043562191442
2016-05-30,19.61767464901419,14.612591727432857,24.812986572504656
2016-05-31,19.67911817538942,14.174350097299111,24.79721579965519
2016-06-01,19.805404808518745,13.8819069295065,25.156676460388894
2016-06-02,20.40455405825122,14.587321137443553,25.729296630250587
2016-06-03,21.050596618926477,15.280180948166446,26.433048159062878
2016-06-04,21.217549619031615,15.67514344299525,26.593713823447445
2016-06-05,21.2979946722985,15.948636656263886,26.553744072460006
2016-06-06,21.088914774660225,16.04460130832814,26.220902785553392
2016-06-07,21.073495782360908,16.235663871496286,26.102998773648437
2016-06-08,20.685394831837527,16.127044303933417,25.47221275136218
2016-06-09,20.700207276958224,16.168696321614334,25.464586953331434
2016-06-10,20.97811138993626,16.293310830538985,25.692695893658254
2016-06-11,21.117533822978203,16.475671392516915,25.86947402298307
2016-06-12,21.189972763378876,16.655060361813753,25.944112357169445
2016-06-13,21.306524070162368,17.053063126571544,25.945486339356364
2016-06-14,21.232447196391604,16.836821040517407,25.76848826994194
2016-06-15,21.215542618962218,16.64987885909494,25.95425897642326
2016-06-16,21.2572157448991,16.787830547107717,25.914744090981912
2016-06-17,21.310739861535183,16.789794450602415,26.090500864995647
2016-06-18,20.93237160928112,16.793494679213097,25.37286912122397
2016-06-19,20.937289735018908,16.934831324410652,25.237256988524848
2016-06-20,21.050229005600386,17.032847046327618,25.36469100064312
2016-06-21,21.045294919670653,17.112669702571793,25.392651952312804
2016-06-22,20.84290479171051,17.13424583899547,25.14890307059909
2016-06-23,20.995127344408502,16.945911875454158,25.396221343315574
2016-06-24,21.10838732359474,16.967066411153155,25.66649084658542
2016-06-25,21.097617103461516,16.978677963858445,25.537738891285528
2016-06-26,21.20291177873827,17.146212133099937,25.627908015098058
2016-06-27,21.074336407396345,17.093961246197978,25.47062883147987
2016-06-28,21.061515681618403,17.38902553654816,25.008208183306294
2016-06-29,21.104883278223042,17.389362311443392,25.07027483298282
2016-06-30,21.144863112717246,17.272253062271147,25.093100857339323
2016-07-01,20.782210856152517,17.129897924286013,24.800691815325933
2016-07-02,20.253828659647468,16.865527357275027,24.022712269295198
2016-07-03,20.093445919501107,17.103291971536464,23.619982158275263
2016-07-04,20.215214284373076,17.16757467512309,23.755262141662627
2016-07-05,20.400592764485964,17.225014674905367,23.98660512174257
2016-07-06,20.66651216239933,17.256687284076577,24.54180921069485
2016-07-07,20.816113735310296,17.35297467651003,24.689120416337005
2016-07-08,20.7738511082772,17.33246249446131,24.64718188875713
2016-07-09,20.48982672113283,17.274883224449127,24.166773600992087
2016-07-10,20.51000515425517,17.420644571874277,23.995214115525187
2016-07-11,20.51478655239623,17.506461448722348,24.018605426950785
2016-07-12,20.5059732698586,17.383978775300363,24.124660213436357
2016-07-13,20.54474600290564,17.034957765164677,24.297343402573233
2016-07-14,20.78738463849669,17.027513700245663,24.715675130082502
2016-07-15,20.749917363534053,17.15684612808292,24.753557275521814
2016-07-16,19.928584502167723,16.95445122075205,23.417119005925827
2016-07-17,19.65300120973575,16.827377035985364,23.240525915234457
2016-07-18,19.836164201851034,16.764860868407766,23.551542434683086
2016-07-19,20.235738993307166,16.879661873188127,24.026547102550865
2016-07-20,20.508676374560878,16.744185280911267,24.562354592560553
2016-07-21,20.31964366047191,16.5903252939018,24.29060347514212
2016-07-22,19.959906888940964,16.56040846769747,23.829502482066403
2016-07-23,19.595521504739907,16.34090896205055,23.37635778449794
2016-07-24,19.711800357901552,16.194817079304414,23.584531037761792
2016-07-25,20.02985995139437,16.267348160322058,24.025219903483787
2016-07-26,19.998748111450084,16.385972355396518,23.99685975295654
2016-07-27,19.589312983745913,16.357439420454284,23.39179342861621
2016-07-28,19.653626776056115,16.381199506565167,23.475797620570233
2016-07-29,19.77650685830929,16.504152606291825,23.623094081651118
2016-07-30,19.78186426109272,16.613941854053053,23.58102642094684
2016-07-31,19.769847326410513,16.444653892123085,23.671225258580364
2016-08-01,19.683513083195237,16.394048949781222,23.529209565397196
2016-08-02,19.54929628290006,16.413489396302907,23.244814663748627
2016-08-03,19.781251734214436,16.544483451423787,23.4221495102189
2016-08-04,20.027923013340455,16.863052276007295,23.69519199248174
2016-08-05,20.085390587265067,17.05814037713145,23.73656706249085
2016-08-06,19.917364407526577,16.987216967713437,23.473341547641724
2016-08-07,19.855946901107416,16.908299577336322,23.39739348221292
2016-08-08,20.01316066412619,16.866100300911853,23.689474745106168
2016-08-09,19.793686524797067,16.775966960716744,23.409848265207017
2016-08-10,19.634967836829446,16.691216286765098,23.209814622750855
2016-08-11,19.777547340893307,16.778839033161546,23.40567107804486
2016-08-12,20.08060246810419,16.96385241730502,23.82542312242424
2016-08-13,20.231433595750843,17.05296229651111,24.08659006485118
2016-08-14,20.149935984641388,16.951868751144673,24.031580590370083
2016-08-15,20.11082194976251,16.770853208838503,24.05355716011826
2016-08-16,20.048417141670427,16.62848155258149,24.07311477043703
2016-08-17,19.861108278185498,16.52067511109243,23.703098072332807
2016-08-18,20.02103825093036,16.583807295286647,23.859166796458
2016-08-19,20.382097827056384,16.61612703727235,24.34424995185924
2016-08-20,20.414810783107555,16.5241520004804,24.501047997990497
2016-08-21,20.213927944151237,16.300930484135336,24.347126185778848
2016-08-22,20.210123569381892,16.394658210179045,24.311145867087703
2016-08-23,20.244790802025705,16.554484575543597,24.334498695699722
2016-08-24,20.18454885097441,16.58522114947408,24.2836829824156
2016-08-25,20.27171981270834,16.697305376381337,24.419701969383254
2016-08-26,20.224064292677724,16.685037499202735,24.3217150911305
2016-08-27,20.000541392007392,16.524343515703322,24.11156723560623
2016-08-28,19.883503770664106,16.400621921053414,23.944476594092123
2016-08-29,19.690685124418337,16.402526075029584,23.6901666064187
2016-08-30,19.373366513338226,16.270875151958535,23.366135068125004
2016-08-31,19.020112988976848,16.13295800776939,22.821082391727543
2016-09-01,18.901034454493754,16.00412152923286,22.66092214100638
2016-09-02,19.008291717426857,15.829058352699406,22.948227643458495
2016-09-03,18.930186279066334,15.56853970159068,22.846460027063415
2016-09-04,18.788779119636217,15.32634272250192,22.756565238909445
2016-09-05,18.852745226234333,15.23367609612859,22.863238567207645
2016-09-06,18.90224062769397,15.281474300502566,22.96443901022792
2016-09-07,18.915973699876645,15.16208991842808,23.079948653900942
2016-09-08,18.93477825151274,14.78383766089894,23.263837980743915
2016-09-09,19.156621791592386,14.756564433955589,23.584252852324198
2016-09-10,19.158895795832848,14.997112279568455,23.531789946731237
2016-09-11,18.61140520763456,15.037818961334438,22.831306062693102
2016-09-12,18.44625724212557,14.835573275803256,22.505462748462207
2016-09-13,18.521666979502697,14.901787121121174,22.689560331437065
2016-09-14,18.633855669608465,14.802297464400283,22.909952515780333
2016-09-15,18.88465532575333,14.907193164360308,23.34211922245464
2016-09-16,18.89075688486372,14.904648696479967,23.397923927740123
2016-09-17,18.65357498835141,14.699408718032487,23.106723189396178
2016-09-18,18.640736266128158,14.596507809905745,23.13736736651066
2016-09-19,18.674193488662297,14.2461054491921,23.30788595002906
2016-09-20,18.665309007727046,14.389172645363487,23.240403395527096
2016-09-21,18.403647206804067,14.580904363048717,22.69795225256479
2016-09-22,18.05951408833863,14.448674712022864,22.323921261182306
2016-09-23,17.566589088531657,13.776145430417102,21.889664886645562
2016-09-24,17.327370739599473,13.427950778236948,21.67952525169983
2016-09-25,17.417434189153937,13.519808863669255,21.724662870352688
2016-09-26,17.412617014659986,13.218146693596566,21.856846716823213
2016-09-27,17.571572203665028,13.258939424860955,22.163922464276936
2016-09-28,17.781067402809754,13.428851851536649,22.392535404873115
2016-09-29,17.82417378912635,13.557803443510295,22.44754304511855
2016-09-30,17.965869816790644,13.286739056167733,22.75797216494874
2016-10-01,18.425652227432238,13.649437439976737,23.239541999538403
2016-10-02,18.724835751688488,14.03787236754141,23.628598460126568
2016-10-03,18.296278223594697,13.753676160883515,23.170083967612356
2016-10-04,17.927644861613373,13.665691318228596,22.60466517737325
2016-10-05,17.66781218584606,13.794037442595652,22.18877727385916
2016-10-06,17.367235397396826,13.627311402355303,21.80362863900433
2016-10-07,17.449788313729243,13.392074785360649,22.05128227453241
2016-10-08,17.112804976409393,13.238426151948147,21.74869491880321
2016-10-09,16.822979384297298,12.80778957041639,21.432397151876557
2016-10-10,16.47086154726611,12.197518217889524,21.209814200541075
2016-10-11,16.096904456593165,11.526749933815267,20.976335685353718
2016-10-12,15.76235453114839,10.932639200960693,20.7169136455243
2016-10-13,15.729531722877482,10.54910846333621,20.961150620578394
2016-10-14,15.555616054641916,9.831867899899976,21.113422297593388
2016-10-15,15.430122593032422,9.508200444629665,21.074549774431944
2016-10-16,15.142117009233914,9.171211366385876,20.924607015040692
2016-10-17,15.187284782764323,9.164336529246782,21.007184634579005
2016-10-18,15.14252602309574,9.199907950591012,20.94837288583591
2016-10-19,15.124286836377166,9.320292654158834,20.96579555416116
2016-10-20,14.979780091084137,9.379916845208072,20.765759643706758
2016-10-21,14.734560826641257,9.158990308693944,20.38676022963449
2016-10-22,14.599060766838534,8.985027137552493,20.316870729989716
2016-10-23,14.555926727045971,8.848164187998634,20.26809344712234
2016-10-24,14.574684704515619,8.942886808657477,20.218268049532355
2016-10-25,14.323408891574331,9.0040742350904,19.777675934956108
2016-10-26,14.154951812370484,8.717937375916392,19.61452433051977
2016-10-27,13.528990271509201,8.05383525573535,18.947542608326216
2016-10-28,12.962264915113508,7.376850561963522,18.502336584980753
2016-10-29,12.848485727218304,7.2965162539131825,18.26619969233974
2016-10-30,13.102816387430721,7.417195642078752,18.595812271892953
2016-10-31,13.138048063682334,7.489910507268803,18.792650167303975
2016-11-01,13.097271984863028,7.574420000841599,18.647086256653438
2016-11-02,13.053447668478839,7.495711721198063,18.673666532365075
2016-11-03,13.132892304438258,7.478327297368878,18.93073068278062
2016-11-04,12.899940668509373,7.4705074018625055,18.47862231215032
2016-11-05,12.449811954647089,6.896060488096168,18.01969103502364
2016-11-06,12.08810624060493,6.451945165630491,17.744068183599097
2016-11-07,12.014504856167264,6.2026695127817675,17.853818047709296
2016-11-08,11.862749306393368,5.552728557829312,17.996394631526186
2016-11-09,11.8116025571494,5.481615894112338,18.221425241503482
2016-11-10,12.153721321260775,5.831143435559511,18.437037698779648
2016-11-11,12.153167923746537,6.334975400851988,18.17068602533965
2016-11-12,11.857675261168367,6.241319316372994,17.71946201591146
2016-11-13,11.78591428405565,6.157310053439346,17.632341710477817
2016-11-14,11.58144646669598,5.9062547169426125,17.57654240109298
2016-11-15,11.217355541868017,5.5536419298862825,17.18488621247411
2016-11-16,11.110114756450002,5.322172909573169,17.083066851186004
2016-11-17,11.08696462970397,5.040007729919012,17.344211321778005
2016-11-18,11.108925793069659,4.963094485558827,17.5770686350898
2016-11-19,11.021566850341344,4.811638776585426,17.37565578953837
2016-11-20,11.355935545348245,5.273129152386446,17.69972935124457
2016-11-21,11.31077741585176,5.475421802619849,17.550892746536647
2016-11-22,11.337740040912706,5.485235386119427,17.629459260592398
2016-11-23,11.252709269540105,5.347488038928589,17.488037662973397
2016-11-24,11.17995901520925,5.305800545252453,17.268941883227853
2016-11-25,10.83085670985173,4.866519678286977,16.985364188839867
2016-11-26,11.248990576666358,4.904568222106548,17.633431356947256
2016-11-27,11.122398949285923,4.883628187796603,17.633139268706202
2016-11-28,10.707034451286404,4.553683056613181,17.129279422603645
2016-11-29,10.769017228917392,4.767297861363772,16.893800529131
2016-11-30,11.022936488457788,5.141129743242459,16.956755473282158
2016-12-01,10.431102939350069,4.8883388355662305,16.095755867382195
2016-12-02,9.936105645190366,4.4747527605538835,15.553742562569369
2016-12-03,10.008770475953327,4.19437842854046,15.846794040387408
2016-12-04,10.597049972896514,4.540434858838466,16.797991837265613
2016-12-05,10.401499709920415,4.50371612168658,16.75178548457808
2016-12-06,10.289644576071169,4.184300713043854,16.738576228283193
2016-12-07,10.246287308802891,4.095979143304874,16.936760502877974
2016-12-08,10.193591745171148,3.9683350829363917,16.900203443062935
2016-12-09,10.065538069258992,4.023761613117358,16.661265308160978
2016-12-10,10.127841338466851,4.045846631553843,16.58760483890319
2016-12-11,10.005764591478396,3.7121767810584743,16.43875749384165
2016-12-12,9.902834292162254,3.8787458679112774,16.169537294603856
2016-12-13,9.743968561217685,4.120127636216637,15.820409104952773
2016-12-14,9.233701541288156,3.510824439906571,15.276190861512703
2016-12-15,9.173047632876887,3.0140702036620723,15.363809890966593
2016-12-16,9.662309144762844,3.6478788101609894,15.831465378793098
2016-12-17,9.58032049873924,3.9061783584745626,15.778075462276604
2016-12-18,9.312568168981386,3.644634189775786,15.589364587113266
2016-12-19,9.356419399164281,3.5296798692834273,15.629131818990174
2016-12-20,9.359236056824216,3.4304602201368652,15.886313591299029
2016-12-21,9.771199418639242,3.3621252864440407,16.561483562391572
2016-12-22,10.270613582821909,3.820899423117396,17.191409312596306
2016-12-23,9.77842711799508,3.8463489238038164,16.10554325334067
2016-12-24,9.185424893164566,3.3954090785668996,15.178076228255861
2016-12-25,8.00798989645864,2.0669269887796418,14.03829310815297
2016-12-26,7.197088970117022,1.2274904002379117,13.132987549952304
2016-12-27,8.04202903658313,1.4297024746022657,14.435926335018507
2016-12-28,8.522106933301018,2.395836420233536,14.775809344223376
2016-12-29,8.867998853272582,2.6503541865798184,15.371660160959323
2016-12-30,8.324704761639111,2.334783375894972,14.656903471068802
2016-12-31,7.897931163276041,2.103129194621431,13.911417382018158
2017-01-01,7.5455418995580885,1.8643922480682704,13.450602917605977
2017-01-02,7.29796655593691,1.841344886815591,13.013735140426434
2017-01-03,7.1570382225947355,1.6721838271648153,12.784334374423509
2017-01-04,6.824960512775419,1.0947755428020969,12.679941023870924
2017-01-05,6.435043516797123,0.893967343700524,12.121305051337401
2017-01-06,6.439839575793997,0.6829912979106325,12.094824922852979
2017-01-07,6.172162142540742,0.5713878418421814,11.764661356838872
2017-01-08,5.785774270012723,0.19342109059368795,11.399909766707253
2017-01-09,5.205335372132367,-0.2528232338160592,10.950169912560966
2017-01-10,4.399378930214596,-0.9594033217646825,9.935471550098384
2017-01-11,3.706275020682938,-1.7841814039232986,9.419347333355006
2017-01-12,3.36560887411963,-2.542486301988106,9.316531391572028
2017-01-13,3.628726812226887,-2.4197877795898535,9.634455477330619
2017-01-14,4.270922765249395,-1.7696484063380353,10.022618421281607
2017-01-15,5.590322714412537,-0.5651094112332657,11.599506264944807
2017-01-16,5.707607850118279,-0.2375548118375832,11.567576779685567
2017-01-17,5.841293847590805,-0.0028177943426044294,11.6462466488926
2017-01-18,6.15620684365291,0.37299714956395746,12.001940252735892
2017-01-19,6.109788830888419,0.08877387660470504,12.279373244293254
2017-01-20,6.065585186238707,-0.21941326028121466,12.480465362291056
2017-01-21,7.447642333109002,0.8719496083833178,13.746239573826983
2017-01-22,8.4264695908019,2.0139310654676024,14.807328302210578
2017-01-23,8.276328743183853,2.0240878843058,14.528443630169704
2017-01-24,8.951437337114385,2.649948033269766,15.121176486651734
2017-01-25,9.5458449415612,3.857853845344266,15.561140608707547
2017-01-26,9.1974787231037,3.628514943384687,14.865190491676515
2017-01-27,8.344697177281319,2.509391455999321,13.806097560637738
2017-01-28,7.497190372160901,1.7435030355564436,13.13891961622653
2017-01-29,8.011207579527536,1.9803962989834645,14.006747221527348
2017-01-30,8.120094020939803,1.9751814693273104,14.18208335148995
2017-01-31,7.847583705903617,1.3855723693560549,14.034819643655908
2017-02-01,7.738422176905317,1.283554677875827,13.973105747152033
2017-02-02,8.115512561093794,1.7696922468234106,14.252907513733419
2017-02-03,9.173009405848973,2.539001297464438,15.591071925665972
2017-02-04,10.065752506340232,3.546617021769407,16.455758475254243
2017-02-05,9.701102842696628,3.3743370631702874,15.969595956936075
2017-02-06,8.504695325906482,1.8236282521011162,14.769464639010039
2017-02-07,7.945299127326507,1.4013527558848864,14.056550975220546
2017-02-08,8.876879134865078,2.1526752235864137,15.240691525849456
2017-02-09,8.649465651004448,1.94982222487954,15.005888424184093
2017-02-10,7.678741817724017,1.1634009900178626,14.023101211768903
2017-02-11,7.868746161936258,1.2327486771279155,14.416633473692741
2017-02-12,8.282808973855651,1.8326653935234845,14.663701218307494
2017-02-13,8.568181347566792,2.136000027638488,14.941438488000017
2017-02-14,9.219466620313028,2.4507612761108817,15.554311334852855
2017-02-15,10.247158607179585,3.360470740546873,16.848462161917382
2017-02-16,11.075310577031473,4.2655494109413326,17.560832125045636
2017-02-17,12.17856493977746,5.332578787588602,18.739178920722225
2017-02-18,12.91196668591681,6.053200750270662,19.408578681167228
2017-02-19,13.116736859114212,6.400932062515778,19.623372101950565
2017-02-20,11.600033867215586,5.557249835800917,17.678377283612917
2017-02-21,10.729430429399486,4.7994396249943065,16.803527005396347
2017-02-22,10.14323473169236,3.715834356493815,16.484459965639473
2017-02-23,9.666912927559054,3.0385810315709705,16.24811904204938
2017-02-24,9.489598462485048,2.635846331865139,16.044063451125794
2017-02-25,9.771815082461046,2.677273762866207,16.558738428927825
2017-02-26,9.698501222341179,2.7696539114352845,16.35704762380948
2017-02-27,10.155758799723287,2.874337669637839,16.91638510728967
2017-02-28,11.070776684981524,3.8210707521542986,17.81483760729435
2017-03-01,11.460637593586455,4.593020068943076,17.93568229583184
2017-03-02,11.194933405065967,4.644325812520663,17.597624075246358
2017-03-03,10.908229421219175,4.486803263133311,17.074478414397845
2017-03-04,10.672805988551147,4.178383636215813,16.985747135440874
2017-03-05,10.325397879398679,3.79480975323429,16.667072423962622
2017-03-06,10.323276707585023,3.8237022380241683,16.468988761420007
2017-03-07,10.66520654311688,4.266409296893812,16.534705509728667
2017-03-08,10.82685393312164,5.185610203804117,16.28065741356886
2017-03-09,10.7380503698148,5.52718823559394,16.048749282250128
2017-03-10,10.03615623468437,5.120620657170036,15.313222669593245
2017-03-11,9.288669835092719,3.797754955047708,14.593977422649345
2017-03-12,8.355781105091694,2.1948319808283827,13.9074520542232
2017-03-13,8.984496826053714,1.9348769155034233,15.197263904841748
2017-03-14,9.544008682940898,2.6005296555583755,15.54206987694289
2017-03-15,10.301402773297866,3.564245507909334,16.56570130359796
2017-03-16,11.012913409526902,4.209167423346798,17.308520809186064
2017-03-17,11.26405178121064,4.467789212856303,17.38190963267448
2017-03-18,11.089052397533123,4.387915785679468,17.29631547253274
2017-03-19,10.958524853398387,4.313610662878489,17.10780297334594
2017-03-20,11.078757133461181,4.336747226138243,17.00406234725375
2017-03-21,12.562031268173996,5.2416134326063,18.8121613459532
2017-03-22,14.287844265124932,6.950914303515503,20.802531218194133
2017-03-23,14.855657678682235,7.576197319092387,21.421407515450767
2017-03-24,14.565320212579309,7.228081660079283,21.079261981062416
2017-03-25,14.797492763172386,7.4330425298001614,21.401093924700035
2017-03-26,15.331959265098135,8.06208821595908,21.899558003180402
2017-03-27,16.361323448816563,8.691970156611092,23.078553477627565
2017-03-28,16.83260870838717,9.916507298768067,23.227159855694993
2017-03-29,16.698209358261863,9.712207284713884,23.146584623977276
2017-03-30,16.462015312923313,9.403862490916595,23.03217667045817
2017-03-31,16.977259812185366,9.973960934599177,23.562466875073426
2017-04-01,16.833090489468134,10.066857627879415,23.304459591261605
2017-04-02,16.47372603189058,9.876016487349773,22.770764306231854
2017-04-03,16.308948595527852,9.697444781539275,22.638741423464296
2017-04-04,16.284564468420626,9.708919633506241,22.410746528044
2017-04-05,16.489009540232416,10.304218784507498,22.409530151055947
2017-04-06,16.377317193548038,10.517170984533607,22.166795128225772
2017-04-07,15.939262139741174,9.791060110311093,21.869537627978445
2017-04-08,15.824583577300587,9.03952940286257,22.013661205413086
2017-04-09,15.48930982035455,8.659663123680161,21.801616603239154
2017-04-10,15.147599322073347,8.10372383184432,21.59301981541222
2017-04-11,15.506761588124505,7.86352487002307,22.272438202617252
2017-04-12,16.21437827463228,8.390369217691614,23.223244243181227
2017-04-13,17.250876471318634,8.984270297853072,24.37510955473789
2017-04-14,17.284557071897268,9.729015181898887,24.20237854173928
2017-04-15,16.984698817424942,9.885560552762058,23.518222616144158
2017-04-16,17.056488904270168,9.92463757784725,23.519205802048702
2017-04-17,18.146634215152858,10.894711601753613,24.759547336281628
2017-04-18,19.14770298153161,11.942551955776878,25.797894622988338
2017-04-19,19.119811467132138,12.64773027140609,25.440187144087588
2017-04-20,18.98207164250016,12.579578543974947,25.227580811401822
2017-04-21,18.790522747055434,12.643915698121816,24.86771975930958
2017-04-22,18.62367865481599,12.896780707345442,24.481426581590483
2017-04-23,18.382020109076336,12.811084278871874,24.071384189597268
2017-04-24,18.108451144067658,12.531036224531476,23.650244558619022
2017-04-25,17.906597332630383,11.919795949025854,23.671433230314904
2017-04-26,17.824546914988844,11.435708015759985,23.819326686375177
2017-04-27,17.845092051489814,11.358297579462828,23.8968155723407
2017-04-28,17.860614187595786,11.242948728893055,23.938371479116768
2017-04-29,17.884383790245806,11.140442908716182,23.99332391612643
2017-04-30,17.794938475447793,11.134224418441704,23.883966215014084
2017-05-01,17.397882760435095,10.741238093369645,23.383950986377556
2017-05-02,17.29967457326495,10.441563720074157,23.13184603228956
2017-05-03,17.710264742690356,11.013251405010124,23.637643437338568
2017-05-04,18.360944684950482,11.695221450018437,24.399989977138716
2017-05-05,18.660623444854764,11.950324089917387,24.751046111189908
2017-05-06,18.773231981543518,12.067344362050562,25.007486781916157
2017-05-07,19.28666931383924,12.274031836125516,25.5984183684007
2017-05-08,19.77840431533383,13.049775453020345,26.061753867774144
2017-05-09,19.79768754548104,13.593735372278786,25.969679518336534
2017-05-10,19.338792445802483,13.622374036849635,24.997220240526246
2017-05-11,19.42728348334373,13.287903006851195,25.07620294119215
2017-05-12,20.07109507505686,13.755572194660601,25.935198306216193
2017-05-13,19.988756684707937,13.885349109670528,25.673564307419213
2017-05-14,19.985354603331018,13.940528551994817,25.80831380548284
2017-05-15,19.955311959693177,14.055591306483109,25.632164617322815
2017-05-16,20.10969988347904,14.251625969350698,25.76475880467524
2017-05-17,19.984151573806002,14.453125668900043,25.34141181888822
2017-05-18,20.30671395272907,14.430649181064496,25.915241968804935
2017-05-19,20.583148008663613,14.828058938019808,26.312302847054752
2017-05-20,20.462947146740078,14.899524260307032,26.09445559200782
2017-05-21,20.120455186936738,14.387020555133518,25.78127800204345
2017-05-22,20.388718870363277,14.616679001472505,25.80347786265321
2017-05-23,20.815317030109156,15.010122473808565,26.337172278793616
2017-05-24,20.89469091493595,15.0071487558655,26.408055158838238
2017-05-25,21.1581357053974,15.136295950164879,26.790651341486864
2017-05-26,21.208672670508122,15.591755138046892,26.864338791229898
2017-05-27,20.736234724428357,15.58612073620668,26.20370192427407
2017-05-28,20.23757812149921,15.270341219647833,25.40967852903003
2017-05-29,20.07345907405835,15.134886378296073,24.98411635091793
2017-05-30,19.869957869599773,15.407832816017844,24.27428551130521
2017-05-31,19.91594331319766,15.317296728039707,24.701969195008928
2017-06-01,20.113428445777345,15.118985342047267,25.062888728186692
2017-06-02,20.200113283026838,14.753103573347403,25.413596460569522
2017-06-03,20.49868943600393,14.295755053041148,25.957334119049335
2017-06-04,20.968591778047937,15.050093445666732,26.401954841377062
2017-06-05,20.78244738784724,15.113616118141977,26.183028243442095
2017-06-06,20.503911931164282,15.343162610922775,25.674859984436125
2017-06-07,19.923984945611835,15.322902334008006,24.697878847463983
2017-06-08,19.358726650323206,14.752880136356623,24.04141304534096
2017-06-09,19.480400759111546,14.888946084099473,24.0480178546228
2017-06-10,19.656854891073692,15.331963821736167,24.366685870761785
2017-06-11,19.71493051511601,15.36033508056829,24.16781744377795
2017-06-12,19.955391718007775,15.58629055176732,24.518912674774697
2017-06-13,20.297391348528492,15.876375851046646,24.774009673831642
2017-06-14,20.638435211613114,16.11816573527807,25.376915265068476
2017-06-15,20.536246301810422,16.170642926845574,25.312626585754117
2017-06-16,20.158606759712484,16.054779482931963,24.618960804903452
2017-06-17,20.25959791763563,15.884054439582314,24.794393031828633
2017-06-18,20.34737701661328,15.835016422455112,24.91610515931518
2017-06-19,20.241890291287802,15.824653828295425,24.725949417423294
2017-06-20,19.82783544294705,15.902603032093282,24.207285865258598
2017-06-21,19.510074059740873,15.946969070320165,23.64229343194353
2017-06-22,19.816861186621168,15.830273635982053,24.218424873694175
2017-06-23,19.96915030866245,15.625267810528214,24.38805462922363
2017-06-24,20.108728236025968,15.738356482080235,24.598309532595977
2017-06-25,20.455235900725427,16.023851419400387,24.898192269376693
2017-06-26,20.785487637014057,16.55070213635264,25.18603991960771
2017-06-27,20.518680973337837,16.57887818331284,24.863992602287
2017-06-28,19.94359016885437,16.62073186607347,23.842150143416973
2017-06-29,20.025822705154383,16.848954831656386,23.870514769231875
2017-06-30,20.021387101202038,16.867758994492817,23.849933980243748
2017-07-01,20.060614863584306,16.838863948129813,23.90178801072858
2017-07-02,19.946424090524715,16.71594559396999,23.687241532996836
2017-07-03,20.113870040807228,16.921445944461084,23.82691857106812
2017-07-04,19.99101307508829,16.87049858769069,23.704100013752395
2017-07-05,20.163878431730268,16.88208418198718,23.938132031099144
2017-07-06,20.31735424106455,17.10153086807054,24.196386267451544
2017-07-07,20.365270843480403,17.033333385686205,24.308913736949535
2017-07-08,20.52768290325156,16.821217564946437,24.50697708738261
2017-07-09,20.423860616542072,16.86795637351935,24.431895569588278
2017-07-10,20.098171269612635,16.655450565728472,23.92799721276765
2017-07-11,19.743421759520174,16.380150773823857,23.46988191835834
2017-07-12,19.635214164856734,16.251055304519525,23.37960020480938
2017-07-13,19.74265770695945,16.407858499129077,23.492916817510604
2017-07-14,20.143101951721064,16.75535159327876,23.96576885004049
2017-07-15,20.453129133301616,16.97074710456053,24.362872347123698
2017-07-16,20.5941085411082,17.12068436312228,24.59643230563961
2017-07-17,20.653244668219372,17.258022853451052,24.671861788421268
2017-07-18,20.590466104106213,17.20756472539921,24.55894801275548
2017-07-19,20.39240958183302,17.080488222941767,24.27815223358448
2017-07-20,20.143034827330382,17.071556655120958,23.845949395073944
2017-07-21,20.177865827845267,17.176856036012055,23.873995876111962
2017-07-22,20.119804549428807,17.207598178570777,23.714514666710443
2017-07-23,19.78154629108508,17.057249398614772,23.198151155644382
2017-07-24,19.710542239229994,17.04818127918105,23.06270389309435
2017-07-25,19.83006399069393,16.942296470952442,23.329449621046706
2017-07-26,19.895775579464782,16.82003900566741,23.53532692392281
2017-07-27,20.153220621667458,16.86555145537642,23.976173294716943
2017-07-28,20.328412763039978,16.97561527601232,24.226748531522276
2017-07-29,20.352509603311717,16.980797046873363,24.132226386970956
2017-07-30,20.516953413655585,17.146433663664254,24.476271629604014
2017-07-31,20.27634434602146,16.78718781759744,24.257879944799868
2017-08-01,20.349990133543884,16.690717372068377,24.373579508699493
2017-08-02,20.52289808926122,16.88232682624374,24.456652756357812
2017-08-03,20.503720627544112,17.168496530068808,24.429637844909166
2017-08-04,20.573617872404157,17.333218269079964,24.421774989273274
2017-08-05,20.72755493909608,17.438777148628674,24.55940144775559
2017-08-06,20.606873407220803,17.296517022301543,24.4370668939992
2017-08-07,20.48066623751555,17.26738764926165,24.351610966226076
2017-08-08,20.27969030028754,17.151578944940525,24.075690924818332
2017-08-09,19.846656814129062,16.86499433639881,23.551434720010093
2017-08-10,19.639906860707015,16.479405653039464,23.2953173971826
2017-08-11,19.795872379188893,16.36958005135466,23.625283342846217
2017-08-12,19.85242174410297,16.47225230233562,23.63076428727038
2017-08-13,19.788499352042265,16.505539834060414,23.692868687275507
2017-08-14,19.775455070709427,16.42990665894058,23.629409736010643
2017-08-15,20.179257493678108,16.480113100324843,24.305528928186334
2017-08-16,20.319372190122465,16.71908945297679,24.550739772621853
2017-08-17,20.453949567293932,16.729629134062975,24.732710634267335
2017-08-18,20.27478876579329,16.767074275505934,24.330143783328765
2017-08-19,20.092293221478087,16.735626615214812,23.925984178793726
2017-08-20,20.08921260477007,16.80164235843347,23.986910873903582
2017-08-21,20.108389962864635,16.69798927978627,24.1502041815163
2017-08-22,20.03367922319535,16.523235068014742,24.151089540007547
2017-08-23,20.251955124335836,16.590368042968578,24.48692705478254
2017-08-24,20.076269746541072,16.574936004319454,24.354945625349046
2017-08-25,19.594822988744227,16.331620021564504,23.690430150390853
2017-08-26,19.449044832814025,16.161474125510836,23.571363463553325
2017-08-27,19.483295491580805,16.141989491277172,23.655228332198533
2017-08-28,19.41609755059045,16.21411828344924,23.2748054415016
2017-08-29,19.443309348372907,16.37441030080339,23.192926585194073
2017-08-30,19.460727105010335,16.242166410300797,23.322784855221073
2017-08-31,19.257595738937084,16.20086308879405,23.09950535986019
2017-09-01,18.829678019819767,15.964717291682291,22.536903696011507
2017-09-02,18.585727918711427,15.597683347122938,22.329062267048187
2017-09-03,18.459165480838408,14.972731441512735,22.4487937964376
2017-09-04,18.460557293931856,14.502150112905667,22.731330878649658
2017-09-05,18.68543972129777,14.37224494616214,23.230459273132283
2017-09-06,18.988610890451866,14.763268567340617,23.476434273404152
2017-09-07,18.856687878067362,14.951265619456535,23.29345875041946
2017-09-08,18.798365794591348,14.482387164534657,23.266680491088152
2017-09-09,18.615965049889667,14.090232583222019,23.106850051254014
2017-09-10,18.849023321709637,14.406962489152818,23.364211995329697
2017-09-11,19.049299174577243,14.871878531973607,23.575755268361206
2017-09-12,18.872784497052805,14.896829179924964,23.426860296039308
2017-09-13,18.654197438060578,14.765519493932231,23.163824483907433
2017-09-14,18.715836476218442,14.6495196117653,23.233248474534832
2017-09-15,19.080478938874478,14.815649402392353,23.645188087357496
2017-09-16,19.286291590034125,15.032935841131689,23.884584702116285
2017-09-17,18.974867608853003,15.049338940460586,23.455547066847032
2017-09-18,18.764234626338293,14.815529778018231,23.17189657067098
2017-09-19,18.82253931618459,14.733733629933283,23.389354543615582
2017-09-20,18.734946748594155,14.68969584750522,23.22303442445724
2017-09-21,18.61944174354602,14.8708508165451,22.76436272916419
2017-09-22,18.819567969501975,15.072259297431287,23.08635479380871
2017-09-23,19.095794908470452,15.014410479129424,23.5636798308783
2017-09-24,19.083056857858878,14.829228512732698,23.709341537366527
2017-09-25,18.867276099465755,14.607807509359873,23.588890394501846
2017-09-26,18.8334466430137,14.193390736432661,23.742153709211095
2017-09-27,18.780078285870786,14.173882461436563,23.73848968447976
2017-09-28,18.59389954063306,14.281070727792894,23.524144332822914
2017-09-29,18.357855582288096,14.05239970007085,23.20049826752154
2017-09-30,18.42669622846961,13.731296081443418,23.442626952424746
2017-10-01,18.287721904449256,13.611691037481819,23.458415476362973
2017-10-02,17.816683392153777,13.205939681626376,22.822116893587463
2017-10-03,17.7587806305429,12.736985275854522,22.82136169037392
2017-10-04,18.22243192207452,13.013962322157681,23.580519196590842
2017-10-05,18.395131668229226,13.270140268086607,23.743465682806743
2017-10-06,18.362222237724666,13.468741289843592,23.5975634129083
2017-10-07,18.126871456785466,13.39368716488383,23.36196493301958
2017-10-08,17.637755197692513,12.869064025831449,22.849138821893973
2017-10-09,17.13715133397278,12.505542587364175,22.084452760608713
2017-10-10,17.408662859513868,12.616598149297772,22.377049290211232
2017-10-11,17.30243373928306,12.62412051968289,22.18513935072093
2017-10-12,17.257272719911782,12.715119517443497,22.138401119910327
2017-10-13,16.971219412662947,12.468718003299841,22.014561366758585
2017-10-14,16.76633123276764,12.094635777805308,21.944720317501606
2017-10-15,16.500663550221702,11.533322370593908,21.886017215830122
2017-10-16,16.08193431552138,10.575630173442164,21.64251604581176
2017-10-17,16.224932368187353,10.337618792146088,22.191003557801707
2017-10-18,16.35740421310686,10.305752198591335,22.301920055235712
2017-10-19,16.583774249722694,10.9758188105327,22.30957650017814
2017-10-20,16.105209012676085,11.086266294392999,21.331433249414033
2017-10-21,15.637249927413166,10.781728575038642,20.74390194879021
2017-10-22,15.359540326140404,10.01802145404423,20.886811179392282
2017-10-23,15.049267968779247,9.559892609640372,20.568482118108363
2017-10-24,14.437666934575702,8.95617116825025,19.966972337671166
2017-10-25,13.952310302677859,8.294626304837493,19.542076732711905
2017-10-26,13.866942171226754,7.823194887181501,19.7120292582606
2017-10-27,13.693210110088842,8.10165593016012,19.205702693305682
2017-10-28,13.55503786628418,8.036802184232442,19.00503246924012
2017-10-29,13.16905399832092,7.82123270221831,18.515958211314114
2017-10-30,12.703387378949458,7.313886370573982,18.06930849942347
2017-10-31,12.283996802415345,6.606526091501962,17.683978171204103
2017-11-01,12.051950516642876,6.237118302928309,17.755615007492395
2017-11-02,12.05751474674804,6.134735905450896,18.00647487528829
2017-11-03,12.046713428539476,6.161869281290137,17.978086774190047
2017-11-04,12.280899495543792,6.293500896973967,18.18901580759689
2017-11-05,12.622426879502484,6.832920494324696,18.381421132661842
2017-11-06,12.536456872534586,6.685954847692756,18.504137694010694
2017-11-07,12.597777952956164,6.60614733619235,18.451911974861673
2017-11-08,12.546696800161158,6.891228836672553,18.25655871212291
2017-11-09,12.072191200922646,6.567146859946888,17.622210168849676
2017-11-10,11.884666806368955,5.954288122232924,17.56790665023931
2017-11-11,11.75637809376127,5.983549355042953,17.595313063412846
2017-11-12,11.483887023846876,5.706759336154107,17.29223301768502
2017-11-13,11.578256841881284,5.936552980091733,17.228707252739014
2017-11-14,11.594753015430285,6.191255306697485,17.063743327146028
2017-11-15,11.53348515552483,6.643293595609805,16.636198871823865
2017-11-16,11.307662625644525,6.710194653091264,16.284269976428902
2017-11-17,11.174826518306418,6.441970721588461,16.220304150956963
2017-11-18,11.133778343424467,6.155777154711075,16.35094859804485
2017-11-19,10.803044800866815,5.74521657205247,16.19767232004608
2017-11-20,10.325584958209674,5.153127537478497,15.957955076068231
2017-11-21,9.795948665988305,4.486128552647813,15.509959497679745
2017-11-22,9.283152131592942,3.8121268971618747,15.081667621764495
2017-11-23,8.922387893108919,3.1140612493543927,14.760643757530488
2017-11-24,9.018861858611956,3.0551989778859934,15.078928558886446
2017-11-25,9.318124166255075,3.1224233628175853,15.594375895635778
2017-11-26,9.297543846293138,3.3272272050778042,15.499852329193459
2017-11-27,9.087568694664299,3.1533728872055917,15.223352786330281
2017-11-28,8.95869649493693,3.0349298104887907,14.936270286332615
2017-11-29,8.698908350157012,2.7289097256141304,14.781374768338992
2017-11-30,8.369919658004733,2.413100995270838,14.59705701551303
2017-12-01,8.423156923754334,2.469530150273499,14.533173426699761
2017-12-02,8.785350006588715,3.0908012993639886,14.941501589793916
2017-12-03,8.953935451325378,3.056051282046326,15.016647556772682
2017-12-04,9.292649929258914,3.5473574094199307,15.230124506527886
2017-12-05,9.598385109796254,4.268230135438898,15.08590195178914
2017-12-06,9.836165769284946,4.620911553027213,15.468348754663282
2017-12-07,9.861522238483417,3.8850228361304744,15.856528182627983
2017-12-08,9.718705011082193,3.6580042495766634,15.77917965115057
2017-12-09,9.8436882588598,4.009960546397906,15.847541167518159
2017-12-10,10.011444190250245,4.492607645941291,15.851138006586893
2017-12-11,10.044549204994212,4.734464858030776,15.471534400679104
2017-12-12,9.279386900578174,4.053283136339189,14.535461301337648
2017-12-13,8.5908805054803,3.606393109302246,13.954846524631364
2017-12-14,8.106906156532261,3.114451707171952,13.523904558531115
2017-12-15,7.855676772486163,2.5095882816679023,13.62623362517536
2017-12-16,7.667503479113805,2.0856291601702424,13.821962497863524
2017-12-17,7.476102836126586,1.6779725835914405,13.750979086773896
2017-12-18,7.5660586958572935,1.6553201485040745,13.894205080640347
2017-12-19,7.974892679394486,2.0290614875003143,14.251338279155277
2017-12-20,8.582409737347405,2.751309758741229,14.754497895369127
2017-12-21,8.439904350149675,2.5378453772282796,14.578955123205048
2017-12-22,7.731931206746594,1.782263830216607,13.984723269311303
2017-12-23,7.376873061332731,1.2175029993858288,13.599377081661999
2017-12-24,7.665299601169011,1.352002046542168,14.062151963105748
2017-12-25,7.580138288093735,1.426436420789173,13.87160039188501
2017-12-26,7.696048624053503,1.2805704483890281,14.134160549251874
2017-12-27,8.040075655088572,1.5164724713538362,14.631267694941641
2017-12-28,7.675121460312084,1.353750728576017,14.208799089346428
2017-12-29,6.767198904911027,0.6392073267359137,13.260806038279213
2017-12-30,6.712561999664558,0.626855837528467,13.222731037916674
2017-12-31,6.586751010967475,0.7885787968386353,12.69563206172171
2018-01-01,6.403767847075358,0.7721870221134282,12.216604474433495
2018-01-02,5.6587766607051435,0.3821155558999294,11.194822352079768
2018-01-03,5.409726702444232,-0.3475313255495962,11.081849942275198
2018-01-04,5.704279288784335,-0.18994185137336217,11.638362990330847
2018-01-05,5.220416788060675,-0.3861578949471891,10.949187375879717
2018-01-06,4.828020605406778,-0.8626903002971744,10.667146292585471
2018-01-07,4.593058132948897,-1.135521696988178,10.538827016855464
2018-01-08,5.114932986208771,-1.2254545915737367,11.445868249878572
2018-01-09,6.141327121044185,-0.23004989082613747,12.66799039846893
2018-01-10,7.4122304390150475,0.9211339751861942,14.066629876933689
2018-01-11,8.720083250237167,2.2058177099232807,15.205404856921746
2018-01-12,9.128278587301793,2.7910028992739626,15.336775375632897
2018-01-13,8.362422086382992,2.3507608106192492,14.453796846808075
2018-01-14,8.164858562988343,2.123731436873925,14.46377758809814
2018-01-15,7.468787101440114,1.430228668079394,13.650903932376764
2018-01-16,8.00988268729003,1.449022194656834,14.502288921939794
2018-01-17,8.264322620689086,2.1269406086470894,14.55577605197567
2018-01-18,8.141002195799388,1.9078201022123835,14.666246998082158
2018-01-19,8.101194839012066,1.6061129411066872,14.920506888021578
2018-01-20,7.626425966141596,1.040064343697054,14.354577833760686
2018-01-21,7.7983026434298495,0.9527494217495587,14.777100650923614
2018-01-22,8.389190876505495,1.4733198328328854,15.326297997662266
2018-01-23,8.441364085881219,1.9744705013661132,14.889915185425878
2018-01-24,7.233551778025742,1.1071644015929678,13.275465613975712
2018-01-25,6.64941458102561,0.5630131552125022,12.774468640451857
2018-01-26,6.193670330311363,0.2532710612810547,12.259463850447787
2018-01-27,6.201994898492899,0.04553504201498981,12.2687608502344
2018-01-28,6.900121363448932,0.3706559974976926,13.250492889902432
2018-01-29,7.885846065831402,1.17743628427894,14.368437596277431
2018-01-30,8.553682818666971,2.0007961069414932,15.124187596253194
2018-01-31,9.556991714633796,2.6464843584799382,16.082808484803707
2018-02-01,9.230874024652564,2.421583119477134,15.74504834918838
2018-02-02,8.553602123132634,2.112197051134274,15.058784524099337
2018-02-03,8.404283370965857,1.8735898844322492,14.822642453635353
2018-02-04,8.086696038531898,1.4750740373153803,14.554674572758415
2018-02-05,9.1050430606046,2.3010429375402737,15.292963035750006
2018-02-06,9.445752523978399,3.0281059403863537,15.525118377601245
2018-02-07,8.77357805358696,2.875224000571734,14.670105418775734
2018-02-08,8.37031168768516,2.447356963559571,14.316324116590522
2018-02-09,7.926554456595056,1.77838000052202,14.000003043756237
2018-02-10,8.012299363044633,1.8018410542738934,13.92621937221196
2018-02-11,8.248563342848115,2.3673295929676783,14.062301968602355
2018-02-12,8.739144469430016,2.9482064433198616,14.273415477568278
2018-02-13,8.821305494216517,2.972650118030856,14.51974305237627
2018-02-14,8.44276699666807,2.522080445907477,14.196978650479252
2018-02-15,9.353422777068545,2.6524422598704405,15.77468045893761
2018-02-16,9.683622197909756,2.938022079126881,16.19691353774226
2018-02-17,9.211152214836602,2.8096469736072436,15.485508747471044
2018-02-18,9.228325924821888,2.6230779556584025,15.519089581343962
2018-02-19,9.869328728895539,3.06506507583083,16.164304422957173
2018-02-20,10.604213019347469,3.7524788107991185,17.181912127684484
2018-02-21,10.657631870853152,3.787031943147042,17.248398476367356
2018-02-22,10.749634242429522,3.868708206712313,17.180127073252265
2018-02-23,10.88496732439694,4.363453005487315,17.055027987765243
2018-02-24,11.307626267989406,4.663205667384432,17.646230589031063
2018-02-25,11.425662469793338,4.698356598959833,17.95465098036783
2018-02-26,11.661620358712241,4.643016512059489,18.194755584235907
2018-02-27,12.485864331270193,5.399367893519695,19.097333996079954
2018-02-28,12.692335261896062,5.817966042794922,19.114681224718368
2018-03-01,12.882886467841331,6.263264370960258,19.201155619948054
2018-03-02,13.107818272817553,6.380423916232246,19.581051531647915
2018-03-03,12.846718895028914,6.199237416557025,19.114328099844442
2018-03-04,12.574322521255908,6.155743213951155,18.72834765831334
2018-03-05,11.993284946330846,5.578473142605787,18.21566465060613
2018-03-06,11.404959507690762,4.6158565802791145,17.757142878081424
2018-03-07,11.398119747101987,3.895508945594713,18.056955830110326
2018-03-08,11.784115838270225,4.423407447120951,18.499432628682655
2018-03-09,12.238653466960727,5.104979002121809,18.768885942852023
2018-03-10,12.457856290045413,5.3969744079832935,19.012502240942126
2018-03-11,12.693994201876649,5.476964925162008,19.31685977711527
2018-03-12,12.945373496273817,5.7979775973643655,19.57687255726222
2018-03-13,13.393286573228067,6.160698582947134,20.082065183944678
2018-03-14,13.765902658102902,6.801783356852525,20.06047840162705
2018-03-15,13.496843529802732,7.220296366122909,19.41546437207785
2018-03-16,12.605638158905037,6.634514447946287,18.445866379129768
2018-03-17,12.214948078561235,5.965507999058616,18.08631440408658
2018-03-18,12.649492696528341,5.674167445083299,18.725305887560808
2018-03-19,13.310219414642006,6.286226044908005,19.83091374313932
2018-03-20,13.670470223880045,6.653865113672168,20.04096995308015
2018-03-21,13.743340037880216,7.036153907626783,19.949399143563994
2018-03-22,13.868685276169572,7.1185024747206285,20.024234590829053
2018-03-23,13.987934690674876,7.034021405732119,20.241651646121568
2018-03-24,14.577353770276773,7.150465408949742,21.14132684882827
2018-03-25,14.74816218748532,7.474763193938259,21.224264559005576
2018-03-26,14.89605564732608,7.540890798010537,21.517160270252987
2018-03-27,15.225659826603987,7.3357130715728545,22.170190609435053
2018-03-28,15.559345706443423,7.7208374460055325,22.629673122667782
2018-03-29,15.476365851343473,8.166874877632495,22.270182595832864
2018-03-30,15.311241223772413,8.303511354397983,22.015451250333115
2018-03-31,15.23773081543601,7.901095360420925,22.085634511286912
2018-04-01,15.47607940233678,8.057155396773283,22.415624001157994
2018-04-02,16.033093501353278,8.749505391484945,22.71245261794263
2018-04-03,16.51895346939824,9.45463870508712,23.10707096082956
2018-04-04,16.306194760655956,9.437137246372686,22.762052114089613
2018-04-05,15.945444678359422,9.248356239446991,22.168537741418277
2018-04-06,15.851768199014543,9.338868984453256,22.111477968802944
2018-04-07,16.128886424206257,9.592628065641065,22.367546807298766
2018-04-08,16.384835630257612,10.043936020510614,22.30217675997534
2018-04-09,16.6809757984135,10.615985042680279,22.54418454070378
2018-04-10,16.886839230152248,11.018202781940829,22.57681507492839
2018-04-11,16.720187330073202,11.041939586688727,22.48536856240844
2018-04-12,16.226628653028854,10.336114209475966,21.871727798624647
2018-04-13,15.872833320226107,9.554844629160186,21.63499767591577
2018-04-14,16.109640595388555,9.345272097548502,22.173990088391122
2018-04-15,16.63865336994877,9.737595646156478,22.883702499853484
2018-04-16,17.297957884145035,10.471382636823876,23.35420891517242
2018-04-17,17.565947510526883,10.803551554153671,23.873769003219593
2018-04-18,17.48988939951863,10.772338954686234,23.66127225177786
2018-04-19,17.660850785712682,11.155994257854502,23.75707421559531
2018-04-20,17.22277971084577,11.138293364898686,23.016797521978276
2018-04-21,17.149633108167905,10.705109376585824,23.040757767334583
2018-04-22,17.150721841875395,10.47134152269058,23.298630779207713
2018-04-23,17.461332252042723,10.424539348943824,23.721546324738767
2018-04-24,17.731687283147494,10.582686535464063,24.16805351503882
2018-04-25,17.981556751449546,10.673484894158833,24.412851598241787
2018-04-26,18.169629184834434,10.98218245891951,24.582287887532516
2018-04-27,18.486735665589606,11.468366420509085,24.89232316864826
2018-04-28,18.44907735080801,11.916524854186378,24.63653691320917
2018-04-29,18.132892440098658,11.985931377369013,24.07171291242406
2018-04-30,18.235957167582967,11.9162856582887,24.342955455301535
2018-05-01,18.43059803767119,12.15785687593899,24.425526406376775
2018-05-02,18.3604609833626,12.326640172551492,24.338107990342564
2018-05-03,18.186329356376234,12.382767727704959,23.860247779728184
2018-05-04,18.146432011609022,12.339668882843966,23.61905222495301
2018-05-05,18.424344985197422,12.229822689598507,24.021932642148215
2018-05-06,18.786668198701477,12.749049245246624,24.424021781813735
2018-05-07,18.754461095728118,13.062056561294867,24.353795347618757
2018-05-08,18.37983702620147,12.763967608209384,23.989813013150638
2018-05-09,18.29206099752423,12.208007928114796,24.016555929785284
2018-05-10,18.344069996351948,11.781611987946746,24.22510655773715
2018-05-11,18.858688490845623,12.034350493659417,24.956989030754983
2018-05-12,19.003512313566432,12.598053826938724,25.05332455921996
2018-05-13,19.027586664395642,12.895827857016684,24.955873100640588
2018-05-14,19.085153821855556,13.180999177668525,24.807039621328897
2018-05-15,19.228555006733473,13.260239292370215,24.758800664781347
2018-05-16,19.454918489661225,13.266885860438606,25.196413878580074
2018-05-17,19.783562210445155,13.731769563709463,25.595960432095183
2018-05-18,19.830821327837157,14.056109323587748,25.36456608806111
2018-05-19,20.18153150449234,14.29725419305663,25.84014249570481
2018-05-20,20.42501293516102,14.344528806676578,26.171272845045678
2018-05-21,20.854978439936474,14.605763320356516,26.735903889704048
2018-05-22,21.22606068149031,14.923501981030768,27.218610419013885
2018-05-23,20.865968424885864,14.881502678367383,26.796434534070784
2018-05-24,20.70355441090038,14.549554671499322,26.696717053052055
2018-05-25,20.464635757525855,14.439519865416514,26.363957183066873
2018-05-26,20.60086657174361,14.568512705827459,26.424169143627637
2018-05-27,20.64032459831941,14.761929153473034,26.320481027304083
2018-05-28,20.439121632999957,14.472326400546933,26.006366275026153
2018-05-29,20.32099986550861,14.53842568076476,25.733157514054255
2018-05-30,20.562869691583785,14.892684359133625,25.95732066490615
2018-05-31,20.749686871219467,14.912118788113446,26.223761394057476
2018-06-01,20.667715395034804,15.327913178413212,26.102009961031285
2018-06-02,20.443948055689418,15.487941906104425,25.63119616090006
2018-06-03,20.594316997616943,15.249282069422634,25.697268788957672
2018-06-04,21.16623143498049,15.496953712093898,26.408308810188657
2018-06-05,21.60144393422172,16.12989165643961,26.955931548846877
2018-06-06,21.35746425831394,16.123376442286542,26.5410677687305
2018-06-07,20.851107753638132,15.725703126889414,25.819430043571742
2018-06-08,20.72292051437512,15.933687779185163,25.511204833421687
2018-06-09,20.63864330747606,15.988073128484928,25.402926730188767
2018-06-10,20.735813518494183,16.476940708050506,25.196004105368672
2018-06-11,21.00736708624453,16.675320241946622,25.54122300822587
2018-06-12,21.118274890431394,16.73195431265924,25.883998351786545
2018-06-13,21.0492990729943,16.619081848916267,25.720384833207618
2018-06-14,20.91687309013946,16.424548370170953,25.713876905415304
2018-06-15,20.863573410475,16.190630150892503,25.6885949380719
2018-06-16,20.866744031408416,16.42653095783612,25.657718754376162
2018-06-17,20.782781363391962,16.45954138597176,25.56023129447493
2018-06-18,20.881737371533006,16.404725177114983,25.685411900279917
2018-06-19,21.353827377332607,16.500072916143438,26.288983811138678
2018-06-20,21.692028484559785,16.879165772194312,26.723311961276863
2018-06-21,21.679463024630763,16.98859830740014,26.767022844140115
2018-06-22,21.490298549590364,17.04115141972693,26.24462786000737
2018-06-23,21.336324144750392,17.081695093954067,25.989627160210944
2018-06-24,21.40939485223288,17.162248907745493,25.994185410255227
2018-06-25,21.391713975150367,17.14068019054463,26.12393417178538
2018-06-26,21.059027463741188,16.953364832645036,25.5041382498689
2018-06-27,20.476938278275327,17.008468130119184,24.53437365823629
2018-06-28,20.263653306477124,17.048778835284963,24.02176797712201
2018-06-29,20.325134553915348,17.101040090270146,24.20853514810426
2018-06-30,20.87589662410261,17.304593533005175,24.98983697041342
2018-07-01,20.880977950272495,17.314974325141407,24.952677540396053
2018-07-02,20.543322768549615,17.13253918000487,24.733900631160395
2018-07-03,19.900514887784198,16.734251351631713,23.75721029904105
2018-07-04,19.661560519875877,16.474810895935775,23.53675086774507
2018-07-05,20.274321336417643,16.47202947798371,24.413979020695535
2018-07-06,20.931659184305147,16.768212646844177,25.33034354534567
2018-07-07,21.30725264299241,17.297649244755917,25.574896323605742
2018-07-08,21.469516623281777,17.571448500690224,25.60827511132686
2018-07-09,21.215335783201056,17.665596885943216,25.141922146821628
2018-07-10,20.73520506271234,17.304837089694388,24.5780342111878
2018-07-11,20.447859009961235,17.05821411641375,24.21333605379965
2018-07-12,20.401905866492598,17.02330033579966,24.133281948413696
2018-07-13,20.31435014894828,17.13510979356505,24.117171646433917
2018-07-14,20.376223751199234,16.958917937686294,24.215337518707145
2018-07-15,20.582903551303446,17.072461323549078,24.431933870341936
2018-07-16,20.533955706864162,17.246148876429515,24.147950419168183
2018-07-17,20.478946761106897,17.523860043101536,24.102311915444204
2018-07-18,20.49763198113459,17.481116020832985,24.083555802397655
2018-07-19,20.65229443987903,17.22695864959735,24.547842387815308
2018-07-20,20.544165896326433,17.164316744822486,24.320259166870756
2018-07-21,20.248929266383584,17.205077392511384,23.81608234987499
2018-07-22,19.77963705085756,16.870496143854382,23.090235187992505
2018-07-23,19.95463955137899,16.79267251480178,23.427492868768184
2018-07-24,20.285294137659264,17.047818862361396,23.82816577708377
2018-07-25,20.3448242504154,17.127727419923474,24.07177476119341
2018-07-26,20.094871355716748,17.128643313384543,23.640073473963355
2018-07-27,20.054409840454582,17.148066137080264,23.58741040534528
2018-07-28,20.195199654359044,17.123958920721634,23.92388364432469
2018-07-29,20.165084141061698,17.08115657735607,23.966458963258845
2018-07-30,20.100108587710793,16.953227829121317,23.829221767545278
2018-07-31,19.887598651775022,16.818467811035646,23.586559748864545
2018-08-01,19.807146177809443,16.74641308110364,23.546186137939742
2018-08-02,20.063195509061757,16.814143609901578,23.839750365674433
2018-08-03,20.39219391473023,16.983103482176148,24.305626568764467
2018-08-04,20.63271537474293,17.2234397541705,24.602719157312777
2018-08-05,20.584234604590904,17.27555899836591,24.53617252266946
2018-08-06,20.141155386993717,16.937010278074524,24.004999696609616
2018-08-07,19.790438996958585,16.681005522478188,23.4721750130675
2018-08-08,19.71610193254486,16.817989842138047,23.244370627646845
2018-08-09,20.110571711434773,17.01834487029879,23.839742202643265
2018-08-10,20.260812829307838,17.041725755086816,24.079093044053877
2018-08-11,19.906713042057618,16.837333979496748,23.591705116960327
2018-08-12,19.590765176716104,16.51658709989192,23.165200667478757
2018-08-13,19.811258924247056,16.55966552216239,23.510665380354965
2018-08-14,19.88357350273583,16.77174625493018,23.61287199251501
2018-08-15,19.77712327638801,16.76265217327051,23.560347872221826
2018-08-16,19.96868072830779,16.945353627221664,23.55095489174215
2018-08-17,20.318095963796225,17.200442501271823,24.081552762287743
2018-08-18,20.28446803858202,17.160443737986213,24.024257469744498
2018-08-19,20.335173953186427,17.08991113095982,24.25522287962133
2018-08-20,19.96201998770897,16.91640943968713,23.60706734774385
2018-08-21,19.95708687354943,16.722337073337258,23.593869435676652
2018-08-22,20.117922380992468,16.85967811235207,23.84725271523189
2018-08-23,20.02338132086743,16.857056202524177,23.84054203624015
2018-08-24,19.5961569897068,16.561522634720575,23.322455195580233
2018-08-25,19.480223964141487,16.460639653017154,23.218124714352598
2018-08-26,19.476066237056955,16.539741155143304,23.16044824252782
2018-08-27,19.688803660630185,16.44717189813963,23.505776175329345
2018-08-28,19.90996633323016,16.586038010357527,23.854405675283374
2018-08-29,20.039925548406586,16.77878644479705,23.971440865999284
2018-08-30,20.041108629092832,16.78535645292459,24.038227218934196
2018-08-31,19.87734729728072,16.661088032223688,23.914845963476182
2018-09-01,19.60727981675359,16.467981242450435,23.505660333136177
2018-09-02,19.51242243294945,16.386302854865278,23.375830145530074
2018-09-03,19.526133434093822,16.301879720478667,23.49245993206131
2018-09-04,19.566815090301816,16.086563858743148,23.683416018751473
2018-09-05,19.49269193524657,15.967373950157253,23.579322436504924
2018-09-06,19.412583888040785,15.73178184343584,23.48449645429622
2018-09-07,19.219411637180258,15.688107718602964,23.139657294727044
2018-09-08,19.38983248457498,15.570993313445115,23.51134002270743
2018-09-09,19.252435042181332,15.53332797250107,23.41211583955345
2018-09-10,19.0314979329994,15.442462476111928,23.118447642152773
2018-09-11,18.804058372288353,15.043156783334837,23.04798563948833
2018-09-12,18.38361476168575,14.475605670572975,22.789784913639778
2018-09-13,17.97539819916227,13.98567350612916,22.366924945998107
2018-09-14,17.77825724303858,13.781437982368743,22.18225333897186
2018-09-15,17.791971072670606,13.521381000656788,22.390851853422816
2018-09-16,17.97580634116872,13.33417367535202,22.81642651812774
2018-09-17,17.89448312295849,13.157915637467738,22.782991175090785
2018-09-18,18.07700414092011,12.991210458094542,23.19798774879797
2018-09-19,17.996434398020824,13.075750373359085,23.00233145605705
2018-09-20,18.050404706620554,13.234065129643398,22.926296392089
2018-09-21,18.01091059733892,13.747171909698068,22.46149900750038
2018-09-22,18.071110765890865,14.0861755704193,22.21411341004483
2018-09-23,18.357524572414036,14.59129987985665,22.618496750148097
2018-09-24,18.165956127107904,14.176619760383176,22.61100582161646
2018-09-25,17.902095053455866,13.532871343689692,22.676644029548584
2018-09-26,17.639377618784806,12.913299147184432,22.724845246305676
2018-09-27,17.468463678877526,12.685948102666316,22.64471691160753
2018-09-28,17.677278822989763,12.739774728150735,22.86285263113956
2018-09-29,17.587337084663034,12.642676284211575,22.729320462943804
2018-09-30,17.429369355709355,12.279648530198642,22.73171649967759
2018-10-01,17.213492950929435,12.047188834139092,22.62258005472802
2018-10-02,16.70072017706036,11.457349528021837,22.000483927595724
2018-10-03,16.403806529749204,11.331104832358506,21.576367197564082
2018-10-04,16.09538009083093,11.218628931482726,21.06595237987335
2018-10-05,15.84221682774529,10.796186611624819,20.89553686767232
2018-10-06,15.631663441121077,10.401748216853491,20.861353840150343
2018-10-07,15.291357017841278,9.938376725681735,20.619043582210054
2018-10-08,14.699659658545386,8.972520184678785,20.075454713648753
2018-10-09,14.373366636827313,8.504603975987095,19.93787871828232
2018-10-10,14.33457352458504,8.762840010003288,19.780195216423863
2018-10-11,14.435527040991701,9.18458889349796,19.509976540493426
2018-10-12,14.228507020321388,9.170934815659166,19.19080628735975
2018-10-13,13.93480152727517,8.60411710105899,19.16735838567479
2018-10-14,14.036245873547387,8.285008288880931,19.5937574102403
2018-10-15,14.165437530076304,8.248538474812335,19.87265448217414
2018-10-16,14.286805831301308,8.414989240771774,19.964789094159812
2018-10-17,14.162644579367793,8.59921033720201,19.649781981239983
2018-10-18,13.755464202183475,8.332137651678693,19.242792651849527
2018-10-19,13.728725621442436,8.077293901149005,19.32071237701382
2018-10-20,13.518845932123668,7.67068749524725,19.208726026181353
2018-10-21,13.348405031156005,7.460052147252895,19.112414855271197
2018-10-22,13.025925874520965,7.253429361445399,18.695095451495035
2018-10-23,12.827144137007792,6.967159577887742,18.582735861063043
2018-10-24,12.44286210627888,6.372942226286284,18.238835735995508
2018-10-25,12.254803674549635,6.1758846893333725,18.188826263798887
2018-10-26,12.502727404494124,6.392621554494951,18.372534057861856
2018-10-27,12.612500439639746,6.462438924698688,18.56278969765208
2018-10-28,12.631718590664832,6.5011798117192825,18.487749368908112
2018-10-29,12.373064407141555,6.241706026112865,18.290868307108212
2018-10-30,12.247776733741318,6.212991694284824,18.177433183857204
2018-10-31,12.594165528088013,6.65077119209991,18.413952176630687
2018-11-01,12.942870360283166,7.1856986625958825,18.410571756932484
2018-11-02,13.027196343317144,7.883817193826246,18.221479697570715
2018-11-03,12.541699548709857,7.776827921241193,17.483323643404788
2018-11-04,11.964374799409143,6.747459928216017,17.267522868346134
2018-11-05,11.123814755156218,5.77664993983683,16.641447836596683
2018-11-06,10.269307351917178,4.290963894938443,15.931323869669711
2018-11-07,10.121919773637273,3.6256169631985244,16.3019274113272
2018-11-08,10.591749892156486,4.307802756101864,16.791589226203143
2018-11-09,10.708449765908142,4.6540175552462415,16.781130635794057
2018-11-10,10.82693485022736,4.743415595200531,16.844199070668026
2018-11-11,10.961199023121708,4.9272298026683075,16.984750424863364
2018-11-12,11.149093507073417,5.307118093878671,17.089978359296822
2018-11-13,10.970960763308312,5.414171567402207,16.68618566351654
2018-11-14,10.817523625741103,5.319613809255202,16.375060349734326
2018-11-15,10.613604269117388,4.755647514011855,16.273431893100394
2018-11-16,10.057592842063968,4.479946981581463,15.72996968645117
2018-11-17,9.528922116545061,3.621768700564701,15.18016528662838
2018-11-18,10.121035154442609,4.101563301132899,16.052248936000296
2018-11-19,10.321069463956064,4.74812718601612,16.148958557897572
2018-11-20,9.937571078698056,4.203177391845202,15.826526642836711
2018-11-21,9.893080161571618,3.893546049263648,15.979487625576212
2018-11-22,10.21034552772636,4.25815773221052,16.212257615761416
2018-11-23,9.958020989895715,4.058324923428984,16.04258340354761
2018-11-24,9.626928111431539,3.351953668731653,16.060556015313068
2018-11-25,10.198171038723615,3.613181622153718,16.71393769539759
2018-11-26,9.893258110927547,3.759875409285428,16.069271768416172
2018-11-27,10.146417413560243,3.9384936219657334,16.299195936988895
2018-11-28,10.441809068443206,4.367118678397162,16.531113347766222
2018-11-29,9.860557625654792,3.872120972129494,15.951226222995047
2018-11-30,9.138526224889063,3.278481678080425,15.351749636257239
2018-12-01,8.724288380872395,2.7716949701648446,14.819711817616849
2018-12-02,8.281585651230841,2.442856676394399,14.062454803874857
2018-12-03,8.18886263239466,2.332589322154604,14.004215998358916
2018-12-04,8.791416916314631,2.979687507383346,14.758243910549083
2018-12-05,8.640657522719096,3.220492218516256,14.359595860899958
2018-12-06,8.231354134377455,2.6392671423182605,13.812102915953005
2018-12-07,7.889369538788344,2.1952317453700516,13.501806140794145
2018-12-08,7.983036973918104,2.248525805115605,13.897705064992579
2018-12-09,7.839781239666877,2.30010508479927,13.5810761717309
2018-12-10,7.401601337136469,1.9351347402400734,12.944918839346599
2018-12-11,6.981155037239034,1.783919346825769,12.39753164439179
2018-12-12,6.723528344437682,1.4193462441183442,12.179428569284937
2018-12-13,6.397106547904059,1.0925744450903494,11.854076531712735
2018-12-14,5.903989605162678,0.57644497440657,11.49472625365513
2018-12-15,5.4279696979732535,-0.16449207601402804,11.363731202590316
2018-12-16,5.505222427095987,-0.21888560266739887,11.718115399896988
2018-12-17,6.114741682521469,0.4258879768990482,11.769866447445622
2018-12-18,6.228156471308239,0.7239191812562922,11.652810460236708
2018-12-19,6.428095565736271,0.1635352319043477,12.595375324591714
2018-12-20,6.157172215579067,0.1832044221750948,12.39838117701214
2018-12-21,5.61008429344929,-0.22549200646716372,11.809967798050877
2018-12-22,5.704474107897852,-0.4204527609834372,12.118524681266877
2018-12-23,6.307114545001923,0.16798145798725272,12.73347002262085
2018-12-24,6.068951533906613,0.2569619276401909,12.368953268963537
2018-12-25,5.5038395749123765,-0.28154367524547297,11.843420101288473
2018-12-26,5.503222326084881,-0.620106704090631,11.816535040113763
2018-12-27,4.68396621410659,-1.0441328729677366,10.454540795608978
2018-12-28,3.47273431090008,-2.510715478541613,9.353129945246053
2018-12-29,3.6209727698567917,-2.8918689633838994,10.020566403074326
2018-12-30,4.486940863842676,-2.041375164689839,11.225308138047126
2018-12-31,4.729009974029509,-1.6727358165197757,11.541982791394389
