system:index,date,dewpoint_C,dewpoint_max_C,dewpoint_min_C,.geo
20000101,2000-01-01,-3.4609808970963387,-0.4878287466323313,-6.4469263165470325,"{""type"":""MultiPoint"",""coordinates"":[]}"
20000102,2000-01-02,-3.695012845396464,-0.6547945289987511,-6.7601097840842606,"{""type"":""MultiPoint"",""coordinates"":[]}"
20000103,2000-01-03,-3.9476161070957967,-0.8844561443873423,-6.967000846412546,"{""type"":""MultiPoint"",""coordinates"":[]}"
20000104,2000-01-04,-4.296952294271657,-1.2429453035660845,-7.302414905490843,"{""type"":""MultiPoint"",""coordinates"":[]}"
20000105,2000-01-05,-4.168872055908496,-1.3062996909433786,-7.19751037928917,"{""type"":""MultiPoint"",""coordinates"":[]}"
20000106,2000-01-06,-4.37511429700328,-1.4382489995342775,-7.568631012879673,"{""type"":""MultiPoint"",""coordinates"":[]}"
20000107,2000-01-07,-3.686047492999493,-0.6897175978585011,-7.278395471981785,"{""type"":""MultiPoint"",""coordinates"":[]}"
20000108,2000-01-08,-2.2555228314141673,0.47958894228621807,-5.377247021006479,"{""type"":""MultiPoint"",""coordinates"":[]}"
20000109,2000-01-09,-1.877387788372664,0.8839294608474731,-4.968124911002526,"{""type"":""MultiPoint"",""coordinates"":[]}"
20000110,2000-01-10,-2.007537099855372,0.8123197004454709,-5.025449768629429,"{""type"":""MultiPoint"",""coordinates"":[]}"
20000111,2000-01-11,-0.905078810166116,1.5730051537279564,-3.9589976854908873,"{""type"":""MultiPoint"",""coordinates"":[]}"
20000112,2000-01-12,-0.45054023642521124,2.2235670888415897,-3.628184586764047,"{""type"":""MultiPoint"",""coordinates"":[]}"
20000113,2000-01-13,-1.2515246664297976,1.7437729538070035,-4.621267317404757,"{""type"":""MultiPoint"",""coordinates"":[]}"
20000114,2000-01-14,-3.044277532587871,0.13409485884433633,-6.333094779493238,"{""type"":""MultiPoint"",""coordinates"":[]}"
20000115,2000-01-15,-4.34741338950687,-1.3485855427321252,-7.680180403600421,"{""type"":""MultiPoint"",""coordinates"":[]}"
20000116,2000-01-16,-5.2987403534980615,-2.288817279458914,-8.779751695492712,"{""type"":""MultiPoint"",""coordinates"":[]}"
20000117,2000-01-17,-5.552474639982514,-2.173868949519938,-9.400702993995239,"{""type"":""MultiPoint"",""coordinates"":[]}"
20000118,2000-01-18,-4.431999390180944,-1.357391152497023,-8.183123136956015,"{""type"":""MultiPoint"",""coordinates"":[]}"
20000119,2000-01-19,-3.371966545182973,-0.11982246716058656,-7.402841094759328,"{""type"":""MultiPoint"",""coordinates"":[]}"
20000120,2000-01-20,-4.325367229916055,-0.7725465438092449,-8.091499760726983,"{""type"":""MultiPoint"",""coordinates"":[]}"
20000121,2000-01-21,-3.912479377910972,-0.7402386813694689,-7.427611058297793,"{""type"":""MultiPoint"",""coordinates"":[]}"
20000122,2000-01-22,-2.7588610373847415,0.0899048612651168,-6.069816573366704,"{""type"":""MultiPoint"",""coordinates"":[]}"
20000123,2000-01-23,-3.1227823108443795,-0.2260222013426247,-6.204352505278759,"{""type"":""MultiPoint"",""coordinates"":[]}"
20000124,2000-01-24,-3.333289069991916,-0.45499851022145515,-6.505958919463948,"{""type"":""MultiPoint"",""coordinates"":[]}"
20000125,2000-01-25,-2.88648831603949,-0.0883278405500758,-6.090991901238205,"{""type"":""MultiPoint"",""coordinates"":[]}"
20000126,2000-01-26,-2.4902440518860804,0.4464022982913955,-6.073293828096046,"{""type"":""MultiPoint"",""coordinates"":[]}"
20000127,2000-01-27,-3.513325475824461,-0.2777724587339303,-6.910072746182653,"{""type"":""MultiPoint"",""coordinates"":[]}"
20000128,2000-01-28,-4.674017788306302,-1.552643172613455,-8.024744025915723,"{""type"":""MultiPoint"",""coordinates"":[]}"
20000129,2000-01-29,-6.060573368641166,-2.7980459707483902,-9.440140077616482,"{""type"":""MultiPoint"",""coordinates"":[]}"
20000130,2000-01-30,-6.222968743092693,-2.582777704211714,-10.169108566407502,"{""type"":""MultiPoint"",""coordinates"":[]}"
20000131,2000-01-31,-3.7453513435123256,-0.356248159650044,-7.995148839119152,"{""type"":""MultiPoint"",""coordinates"":[]}"
20000201,2000-02-01,-2.8163318131666366,0.2552482803857492,-6.4455927914776785,"{""type"":""MultiPoint"",""coordinates"":[]}"
20000202,2000-02-02,-2.4123970288659966,0.6496604183317557,-5.810351858646806,"{""type"":""MultiPoint"",""coordinates"":[]}"
20000203,2000-02-03,-1.8682443009244787,0.8147440058075807,-4.835810909022996,"{""type"":""MultiPoint"",""coordinates"":[]}"
20000204,2000-02-04,-1.364752698208366,1.184045075332177,-4.508577099811195,"{""type"":""MultiPoint"",""coordinates"":[]}"
20000205,2000-02-05,-1.3337474724632994,1.4607229326757314,-4.698998599680488,"{""type"":""MultiPoint"",""coordinates"":[]}"
20000206,2000-02-06,-1.8719789058517298,0.959295868270693,-5.162279423121939,"{""type"":""MultiPoint"",""coordinates"":[]}"
20000207,2000-02-07,-3.0698786009556347,0.05520601836124611,-6.486437600333033,"{""type"":""MultiPoint"",""coordinates"":[]}"
20000208,2000-02-08,-3.262650975832049,-0.3416279178495428,-6.534150266411313,"{""type"":""MultiPoint"",""coordinates"":[]}"
20000209,2000-02-09,-2.951383627482468,-0.1312879294510978,-6.395270372513262,"{""type"":""MultiPoint"",""coordinates"":[]}"
20000210,2000-02-10,-2.4638915398032295,0.5677223691898751,-6.020445676798797,"{""type"":""MultiPoint"",""coordinates"":[]}"
20000211,2000-02-11,-2.2742429007749454,1.0198718732988128,-5.9663517759894225,"{""type"":""MultiPoint"",""coordinates"":[]}"
20000212,2000-02-12,-3.334745520260397,-0.03715897833711807,-6.827485300954532,"{""type"":""MultiPoint"",""coordinates"":[]}"
20000213,2000-02-13,-4.232298495066999,-1.020974202264475,-7.802710769784736,"{""type"":""MultiPoint"",""coordinates"":[]}"
20000214,2000-02-14,-5.018598804406367,-1.7713629660018801,-8.668031200484657,"{""type"":""MultiPoint"",""coordinates"":[]}"
20000215,2000-02-15,-4.491946042766109,-0.9739327159503502,-8.862985880588715,"{""type"":""MultiPoint"",""coordinates"":[]}"
20000216,2000-02-16,-3.2203429712387015,-0.00488517437301439,-7.211242961863551,"{""type"":""MultiPoint"",""coordinates"":[]}"
20000217,2000-02-17,-4.159804099019729,-0.7749552587113495,-7.73153569924851,"{""type"":""MultiPoint"",""coordinates"":[]}"
20000218,2000-02-18,-5.332263661108794,-1.8916775845206264,-8.677582199596156,"{""type"":""MultiPoint"",""coordinates"":[]}"
20000219,2000-02-19,-5.494994694153632,-2.256551929065863,-8.85972923101548,"{""type"":""MultiPoint"",""coordinates"":[]}"
20000220,2000-02-20,-5.061852111768021,-1.7931213902116692,-8.8600343393932,"{""type"":""MultiPoint"",""coordinates"":[]}"
20000221,2000-02-21,-4.665485864007555,-1.3997710010175968,-8.324236352346425,"{""type"":""MultiPoint"",""coordinates"":[]}"
20000222,2000-02-22,-4.377741165228332,-1.1288281286097581,-7.858957975038215,"{""type"":""MultiPoint"",""coordinates"":[]}"
20000223,2000-02-23,-4.339232483278268,-1.2438670071612792,-7.921241481528159,"{""type"":""MultiPoint"",""coordinates"":[]}"
20000224,2000-02-24,-5.090810344666793,-1.8690395997039924,-8.442960341300617,"{""type"":""MultiPoint"",""coordinates"":[]}"
20000225,2000-02-25,-5.405513189592938,-2.2286112138396676,-8.846876732515838,"{""type"":""MultiPoint"",""coordinates"":[]}"
20000226,2000-02-26,-5.376880552967018,-2.0081677921842362,-9.014552546710176,"{""type"":""MultiPoint"",""coordinates"":[]}"
20000227,2000-02-27,-4.824722729898364,-1.4470922588095303,-8.650192639740967,"{""type"":""MultiPoint"",""coordinates"":[]}"
20000228,2000-02-28,-4.008614895413536,-0.651687738933763,-7.589579957403294,"{""type"":""MultiPoint"",""coordinates"":[]}"
20000229,2000-02-29,-3.024112978392139,0.5027875620710669,-6.86561699423508,"{""type"":""MultiPoint"",""coordinates"":[]}"
20000301,2000-03-01,-2.4450274584828313,0.942147719230587,-6.194798964110952,"{""type"":""MultiPoint"",""coordinates"":[]}"
20000302,2000-03-02,-2.7171548592311376,0.6062596131408122,-6.313835678891032,"{""type"":""MultiPoint"",""coordinates"":[]}"
20000303,2000-03-03,-2.5389062900765027,0.8407106399174107,-6.49430518502655,"{""type"":""MultiPoint"",""coordinates"":[]}"
20000304,2000-03-04,-2.8130154012456265,1.2216295758906028,-7.155115210150703,"{""type"":""MultiPoint"",""coordinates"":[]}"
20000305,2000-03-05,-3.1526374409981663,0.7243701744434298,-7.510349107975047,"{""type"":""MultiPoint"",""coordinates"":[]}"
20000306,2000-03-06,-3.3167868071176008,0.4916086722474605,-7.575238343277561,"{""type"":""MultiPoint"",""coordinates"":[]}"
20000307,2000-03-07,-2.540098631411795,1.133589173826948,-6.863350138491638,"{""type"":""MultiPoint"",""coordinates"":[]}"
20000308,2000-03-08,-3.269844633665639,0.38673169962014864,-7.07699785950882,"{""type"":""MultiPoint"",""coordinates"":[]}"
20000309,2000-03-09,-4.417912671917965,-0.5999670622949241,-8.17281347646222,"{""type"":""MultiPoint"",""coordinates"":[]}"
20000310,2000-03-10,-3.555568444107485,0.19461604875780525,-7.667866779854467,"{""type"":""MultiPoint"",""coordinates"":[]}"
20000311,2000-03-11,-2.2512724559194606,1.331623630245099,-6.371308412768188,"{""type"":""MultiPoint"",""coordinates"":[]}"
20000312,2000-03-12,-1.786546780058197,1.9619362526666948,-6.080398264351287,"{""type"":""MultiPoint"",""coordinates"":[]}"
20000313,2000-03-13,-1.2583146256372018,2.3722053988963934,-5.400666034495642,"{""type"":""MultiPoint"",""coordinates"":[]}"
20000314,2000-03-14,-2.1051263020848636,1.753093028863496,-5.976211930162797,"{""type"":""MultiPoint"",""coordinates"":[]}"
20000315,2000-03-15,-3.0165207324928116,0.7182337703995623,-6.806148053690044,"{""type"":""MultiPoint"",""coordinates"":[]}"
20000316,2000-03-16,-3.0003271015273283,0.7677183423189097,-7.03489089486709,"{""type"":""MultiPoint"",""coordinates"":[]}"
20000317,2000-03-17,-2.595982214413966,1.2037083788755103,-6.736085483725194,"{""type"":""MultiPoint"",""coordinates"":[]}"
20000318,2000-03-18,-2.8772728420649707,1.22795818571945,-7.141410506903876,"{""type"":""MultiPoint"",""coordinates"":[]}"
20000319,2000-03-19,-4.321917024767655,0.34124279532697055,-8.726430919939641,"{""type"":""MultiPoint"",""coordinates"":[]}"
20000320,2000-03-20,-4.9046881767157045,-0.6744220476776216,-9.207188732146163,"{""type"":""MultiPoint"",""coordinates"":[]}"
20000321,2000-03-21,-2.568065086891959,1.3740123976437866,-6.9556025434851,"{""type"":""MultiPoint"",""coordinates"":[]}"
20000322,2000-03-22,-1.3484221264306282,2.3895433382527504,-5.331743138722833,"{""type"":""MultiPoint"",""coordinates"":[]}"
20000323,2000-03-23,-1.0405868633346163,2.8233450130082156,-5.33315218832878,"{""type"":""MultiPoint"",""coordinates"":[]}"
20000324,2000-03-24,-2.043195708347919,2.090751850302151,-6.496514709698977,"{""type"":""MultiPoint"",""coordinates"":[]}"
20000325,2000-03-25,-3.2551440931550877,0.6986214324559059,-7.172040980019445,"{""type"":""MultiPoint"",""coordinates"":[]}"
20000326,2000-03-26,-2.9543161357376837,1.085324625536539,-7.111466793078464,"{""type"":""MultiPoint"",""coordinates"":[]}"
20000327,2000-03-27,-1.8647720318213237,2.1515018740941794,-6.138107887951484,"{""type"":""MultiPoint"",""coordinates"":[]}"
20000328,2000-03-28,-0.8491411299294775,2.9683647841681013,-4.973282721940117,"{""type"":""MultiPoint"",""coordinates"":[]}"
20000329,2000-03-29,0.24290748464522244,4.111464413700119,-3.7431948526862486,"{""type"":""MultiPoint"",""coordinates"":[]}"
20000330,2000-03-30,0.5106968641110078,4.570399885550699,-3.57253681484078,"{""type"":""MultiPoint"",""coordinates"":[]}"
20000331,2000-03-31,0.6586270964365526,4.508055309977564,-3.3567031255176576,"{""type"":""MultiPoint"",""coordinates"":[]}"
20000401,2000-04-01,1.001826449225708,4.9915066246328585,-3.1197476616265503,"{""type"":""MultiPoint"",""coordinates"":[]}"
20000402,2000-04-02,0.4478565908907253,4.384363857803401,-3.5024377438891956,"{""type"":""MultiPoint"",""coordinates"":[]}"
20000403,2000-04-03,0.33437249786857226,4.127201568255911,-3.639084548767536,"{""type"":""MultiPoint"",""coordinates"":[]}"
20000404,2000-04-04,-0.04974741914928295,3.8670077003120458,-4.076369617415908,"{""type"":""MultiPoint"",""coordinates"":[]}"
20000405,2000-04-05,-0.7868189322783331,3.65563486700528,-5.103555021701327,"{""type"":""MultiPoint"",""coordinates"":[]}"
20000406,2000-04-06,-1.1191128055783648,3.1698880824343374,-5.431566374737335,"{""type"":""MultiPoint"",""coordinates"":[]}"
20000407,2000-04-07,0.03282650834621744,3.970400353410153,-4.196243437412535,"{""type"":""MultiPoint"",""coordinates"":[]}"
20000408,2000-04-08,0.5722153221997347,4.539704648972332,-3.5855832036153834,"{""type"":""MultiPoint"",""coordinates"":[]}"
20000409,2000-04-09,0.4165768659019514,4.365418667153908,-3.7789951110255577,"{""type"":""MultiPoint"",""coordinates"":[]}"
20000410,2000-04-10,-0.5047607217599467,3.854931051139273,-4.909540648941293,"{""type"":""MultiPoint"",""coordinates"":[]}"
20000411,2000-04-11,-0.4700921692840583,3.963935072818921,-4.9734445757079095,"{""type"":""MultiPoint"",""coordinates"":[]}"
20000412,2000-04-12,0.9042020847069788,5.044809308972526,-3.6628678278232574,"{""type"":""MultiPoint"",""coordinates"":[]}"
20000413,2000-04-13,1.4553326180493338,5.402113317408007,-2.8310835394184184,"{""type"":""MultiPoint"",""coordinates"":[]}"
20000414,2000-04-14,2.3749347674460766,6.32933106211198,-2.2077613617540717,"{""type"":""MultiPoint"",""coordinates"":[]}"
20000415,2000-04-15,3.7858162300477907,7.5677070435261475,-0.530938969462983,"{""type"":""MultiPoint"",""coordinates"":[]}"
20000416,2000-04-16,4.042328996161174,7.649276714306274,-0.10100599585110981,"{""type"":""MultiPoint"",""coordinates"":[]}"
20000417,2000-04-17,3.3645294932794454,7.03841013561707,-0.628242971626872,"{""type"":""MultiPoint"",""coordinates"":[]}"
20000418,2000-04-18,3.900881758837903,7.559730240563578,-0.35205881162110786,"{""type"":""MultiPoint"",""coordinates"":[]}"
20000419,2000-04-19,3.5312416706356817,7.413929893019866,-0.6763502973766709,"{""type"":""MultiPoint"",""coordinates"":[]}"
20000420,2000-04-20,3.938221760929963,7.337865639451242,-0.1521212113873017,"{""type"":""MultiPoint"",""coordinates"":[]}"
20000421,2000-04-21,4.439140060838759,8.015770248449869,0.5178811133548533,"{""type"":""MultiPoint"",""coordinates"":[]}"
20000422,2000-04-22,5.672207201197629,8.89312820263367,1.851023933851628,"{""type"":""MultiPoint"",""coordinates"":[]}"
20000423,2000-04-23,6.145933888852562,9.150416135535293,2.4323843556585474,"{""type"":""MultiPoint"",""coordinates"":[]}"
20000424,2000-04-24,6.31228629627851,9.227951410650872,2.9569759360219408,"{""type"":""MultiPoint"",""coordinates"":[]}"
20000425,2000-04-25,5.317839378780589,8.583754369652267,1.6544293802235042,"{""type"":""MultiPoint"",""coordinates"":[]}"
20000426,2000-04-26,5.430758012577426,8.645085435588204,1.5428301885771605,"{""type"":""MultiPoint"",""coordinates"":[]}"
20000427,2000-04-27,5.759962405143095,8.88408991798349,2.0253599770500736,"{""type"":""MultiPoint"",""coordinates"":[]}"
20000428,2000-04-28,5.452511257464014,9.041906635761668,1.4793379330364704,"{""type"":""MultiPoint"",""coordinates"":[]}"
20000429,2000-04-29,4.521105562844442,8.268609992273932,0.5882330684956869,"{""type"":""MultiPoint"",""coordinates"":[]}"
20000430,2000-04-30,3.935152716738818,7.851960175553299,-0.22023259835601153,"{""type"":""MultiPoint"",""coordinates"":[]}"
20000501,2000-05-01,3.237090265041404,7.199540128851181,-0.8823444486485504,"{""type"":""MultiPoint"",""coordinates"":[]}"
20000502,2000-05-02,3.2318312963382922,7.164299050360294,-0.9590170831220005,"{""type"":""MultiPoint"",""coordinates"":[]}"
20000503,2000-05-03,4.3773019023775,8.141483430937797,0.08482484614871832,"{""type"":""MultiPoint"",""coordinates"":[]}"
20000504,2000-05-04,6.108441427986056,9.597000867051866,1.913893253795868,"{""type"":""MultiPoint"",""coordinates"":[]}"
20000505,2000-05-05,7.613149473347206,10.686167642081339,3.942972481496751,"{""type"":""MultiPoint"",""coordinates"":[]}"
20000506,2000-05-06,8.388672574693395,11.11028395738185,5.067667722237025,"{""type"":""MultiPoint"",""coordinates"":[]}"
20000507,2000-05-07,8.768355000192859,11.193557261969593,5.572764859424801,"{""type"":""MultiPoint"",""coordinates"":[]}"
20000508,2000-05-08,8.098380853088374,10.716900594844365,5.226943915688816,"{""type"":""MultiPoint"",""coordinates"":[]}"
20000509,2000-05-09,7.914501547595833,10.778200316024208,4.703150701290983,"{""type"":""MultiPoint"",""coordinates"":[]}"
20000510,2000-05-10,8.761798654014875,11.61921238572851,5.341233813640527,"{""type"":""MultiPoint"",""coordinates"":[]}"
20000511,2000-05-11,8.790795967027323,11.583702804255504,5.7240229295194744,"{""type"":""MultiPoint"",""coordinates"":[]}"
20000512,2000-05-12,9.12926527168669,12.023371966551752,6.060453746996455,"{""type"":""MultiPoint"",""coordinates"":[]}"
20000513,2000-05-13,9.977863320592219,12.58663424185756,7.011363548102334,"{""type"":""MultiPoint"",""coordinates"":[]}"
20000514,2000-05-14,10.535451308763918,13.089866569020955,7.490757463544942,"{""type"":""MultiPoint"",""coordinates"":[]}"
20000515,2000-05-15,10.315420957648627,12.852543976369947,7.468002424632324,"{""type"":""MultiPoint"",""coordinates"":[]}"
20000516,2000-05-16,10.632948615510395,12.887262466842063,8.210234716837718,"{""type"":""MultiPoint"",""coordinates"":[]}"
20000517,2000-05-17,9.940415722791178,12.342100578126832,7.368294260977865,"{""type"":""MultiPoint"",""coordinates"":[]}"
20000518,2000-05-18,9.58111081815542,11.88971939761192,7.050966475185857,"{""type"":""MultiPoint"",""coordinates"":[]}"
20000519,2000-05-19,9.768132620274162,12.267871411321224,7.075807403278516,"{""type"":""MultiPoint"",""coordinates"":[]}"
20000520,2000-05-20,9.934522558497097,12.448890932881497,7.180517256331784,"{""type"":""MultiPoint"",""coordinates"":[]}"
20000521,2000-05-21,9.95444609852751,12.333958315779032,7.339152255176141,"{""type"":""MultiPoint"",""coordinates"":[]}"
20000522,2000-05-22,10.155749224499791,12.4596746717435,7.512788422293659,"{""type"":""MultiPoint"",""coordinates"":[]}"
20000523,2000-05-23,10.838986389216844,13.106399746015759,8.13102507827516,"{""type"":""MultiPoint"",""coordinates"":[]}"
20000524,2000-05-24,11.05073786569916,13.26651493070897,8.55235659771367,"{""type"":""MultiPoint"",""coordinates"":[]}"
20000525,2000-05-25,10.701904332399874,12.937195193300061,8.213673239504772,"{""type"":""MultiPoint"",""coordinates"":[]}"
20000526,2000-05-26,10.495392230372856,12.829338314489997,7.942870325228641,"{""type"":""MultiPoint"",""coordinates"":[]}"
20000527,2000-05-27,10.24668488722636,12.790473843514583,7.504853008272827,"{""type"":""MultiPoint"",""coordinates"":[]}"
20000528,2000-05-28,9.818450065561949,12.44800045435813,7.08114335310669,"{""type"":""MultiPoint"",""coordinates"":[]}"
20000529,2000-05-29,9.633179965579002,12.446758937654248,6.6555110080128665,"{""type"":""MultiPoint"",""coordinates"":[]}"
20000530,2000-05-30,10.758349108064657,13.112603000833676,7.954622704635665,"{""type"":""MultiPoint"",""coordinates"":[]}"
20000531,2000-05-31,11.716991693441587,13.701810241611234,9.408907536859532,"{""type"":""MultiPoint"",""coordinates"":[]}"
20000601,2000-06-01,11.570377444459403,13.722370262290685,9.278909935737154,"{""type"":""MultiPoint"",""coordinates"":[]}"
20000602,2000-06-02,11.498367978890133,13.77683289207676,9.0442535095813,"{""type"":""MultiPoint"",""coordinates"":[]}"
20000603,2000-06-03,12.175282001161573,14.46284996910646,9.594041235173565,"{""type"":""MultiPoint"",""coordinates"":[]}"
20000604,2000-06-04,12.326003667016016,14.508267224368838,9.897228630366012,"{""type"":""MultiPoint"",""coordinates"":[]}"
20000605,2000-06-05,11.916685756373314,14.081638505017795,9.59060775015155,"{""type"":""MultiPoint"",""coordinates"":[]}"
20000606,2000-06-06,12.09960759781564,14.27570449636842,9.796152673377755,"{""type"":""MultiPoint"",""coordinates"":[]}"
20000607,2000-06-07,13.054448775484873,15.010790580373417,10.932842164518963,"{""type"":""MultiPoint"",""coordinates"":[]}"
20000608,2000-06-08,13.572408569534227,15.388663098885832,11.632385962669176,"{""type"":""MultiPoint"",""coordinates"":[]}"
20000609,2000-06-09,14.031213409232516,15.722532452857255,12.181279033459953,"{""type"":""MultiPoint"",""coordinates"":[]}"
20000610,2000-06-10,13.766038378737903,15.66632159944755,11.824210258988906,"{""type"":""MultiPoint"",""coordinates"":[]}"
20000611,2000-06-11,12.99049688095128,15.103969111541467,10.835180736892873,"{""type"":""MultiPoint"",""coordinates"":[]}"
20000612,2000-06-12,11.716676681603156,14.054158963506618,9.16122478386145,"{""type"":""MultiPoint"",""coordinates"":[]}"
20000613,2000-06-13,10.923252030554222,13.344683448337172,8.220155888855965,"{""type"":""MultiPoint"",""coordinates"":[]}"
20000614,2000-06-14,11.351317131655993,13.624266975425938,8.757998896886823,"{""type"":""MultiPoint"",""coordinates"":[]}"
20000615,2000-06-15,11.674836270545518,13.818639330684203,9.421958914668453,"{""type"":""MultiPoint"",""coordinates"":[]}"
20000616,2000-06-16,11.996471247728206,14.141456333355459,9.794923682210158,"{""type"":""MultiPoint"",""coordinates"":[]}"
20000617,2000-06-17,12.171523769742839,14.274659112616147,10.026777315242107,"{""type"":""MultiPoint"",""coordinates"":[]}"
20000618,2000-06-18,12.401893485698976,14.482570247907978,10.270968346723002,"{""type"":""MultiPoint"",""coordinates"":[]}"
20000619,2000-06-19,13.059358636770245,15.094864066858696,10.952485759509495,"{""type"":""MultiPoint"",""coordinates"":[]}"
20000620,2000-06-20,13.510857744538821,15.466246828813071,11.628457355113323,"{""type"":""MultiPoint"",""coordinates"":[]}"
20000621,2000-06-21,13.571001540758118,15.654921441086712,11.575291968066589,"{""type"":""MultiPoint"",""coordinates"":[]}"
20000622,2000-06-22,13.489448458021098,15.358074539927324,11.533662193007586,"{""type"":""MultiPoint"",""coordinates"":[]}"
20000623,2000-06-23,13.398718855652387,15.157231267237187,11.561606746428843,"{""type"":""MultiPoint"",""coordinates"":[]}"
20000624,2000-06-24,13.084359184714089,14.856870240710435,11.269400987445042,"{""type"":""MultiPoint"",""coordinates"":[]}"
20000625,2000-06-25,12.946069697780121,14.845685386068899,10.944366015150848,"{""type"":""MultiPoint"",""coordinates"":[]}"
20000626,2000-06-26,12.66322037904555,14.733396232371296,10.602958140708624,"{""type"":""MultiPoint"",""coordinates"":[]}"
20000627,2000-06-27,12.703833635376645,14.9104368773646,10.702253991731153,"{""type"":""MultiPoint"",""coordinates"":[]}"
20000628,2000-06-28,13.39875420225015,15.41459141617746,11.411311384623232,"{""type"":""MultiPoint"",""coordinates"":[]}"
20000629,2000-06-29,14.225899472349441,16.0682619141412,12.37958734853759,"{""type"":""MultiPoint"",""coordinates"":[]}"
20000630,2000-06-30,14.375372346912348,16.156458175412254,12.688270874319883,"{""type"":""MultiPoint"",""coordinates"":[]}"
20000701,2000-07-01,14.5229289508676,16.152428917336998,12.89801941562236,"{""type"":""MultiPoint"",""coordinates"":[]}"
20000702,2000-07-02,14.787926193617764,16.38980786881254,13.244114093531739,"{""type"":""MultiPoint"",""coordinates"":[]}"
20000703,2000-07-03,15.000768524426451,16.63927005359012,13.408397641966676,"{""type"":""MultiPoint"",""coordinates"":[]}"
20000704,2000-07-04,15.201015817031001,16.871771303759957,13.67420076665612,"{""type"":""MultiPoint"",""coordinates"":[]}"
20000705,2000-07-05,15.19461025808802,16.91273762845225,13.641543779880461,"{""type"":""MultiPoint"",""coordinates"":[]}"
20000706,2000-07-06,14.850814513024513,16.629252986288414,13.189843472972518,"{""type"":""MultiPoint"",""coordinates"":[]}"
20000707,2000-07-07,14.732301518662709,16.467984424292926,13.127320799687933,"{""type"":""MultiPoint"",""coordinates"":[]}"
20000708,2000-07-08,14.684758529753916,16.477268723143556,13.095665320208939,"{""type"":""MultiPoint"",""coordinates"":[]}"
20000709,2000-07-09,14.584916594035375,16.27360713197235,13.094497941196826,"{""type"":""MultiPoint"",""coordinates"":[]}"
20000710,2000-07-10,14.655087860963814,16.165275539686732,13.259052118297518,"{""type"":""MultiPoint"",""coordinates"":[]}"
20000711,2000-07-11,14.859135931439685,16.468903215792412,13.361946927939192,"{""type"":""MultiPoint"",""coordinates"":[]}"
20000712,2000-07-12,15.015470561083655,16.747261307640994,13.481687254372776,"{""type"":""MultiPoint"",""coordinates"":[]}"
20000713,2000-07-13,14.934950166251763,16.640825421544584,13.394581366355883,"{""type"":""MultiPoint"",""coordinates"":[]}"
20000714,2000-07-14,14.936731372297785,16.529230820956013,13.465250035672259,"{""type"":""MultiPoint"",""coordinates"":[]}"
20000715,2000-07-15,15.176139771866438,16.722725533356478,13.716230739392934,"{""type"":""MultiPoint"",""coordinates"":[]}"
20000716,2000-07-16,15.437837245452819,16.96484661815915,14.037338605838123,"{""type"":""MultiPoint"",""coordinates"":[]}"
20000717,2000-07-17,15.578618842499187,16.994605230428157,14.236152334294575,"{""type"":""MultiPoint"",""coordinates"":[]}"
20000718,2000-07-18,15.520111383570468,16.98326746881542,14.14159440406527,"{""type"":""MultiPoint"",""coordinates"":[]}"
20000719,2000-07-19,15.504138541963334,16.989849658634636,14.084242530399505,"{""type"":""MultiPoint"",""coordinates"":[]}"
20000720,2000-07-20,15.449143905720424,16.996034252150395,13.979380197746545,"{""type"":""MultiPoint"",""coordinates"":[]}"
20000721,2000-07-21,15.322715271237163,16.860002369177245,13.906363426530346,"{""type"":""MultiPoint"",""coordinates"":[]}"
20000722,2000-07-22,15.10900309467639,16.517517753333053,13.693431395469748,"{""type"":""MultiPoint"",""coordinates"":[]}"
20000723,2000-07-23,15.06843836399487,16.616793035989268,13.58416619655327,"{""type"":""MultiPoint"",""coordinates"":[]}"
20000724,2000-07-24,15.17536523923413,16.832432121698854,13.546474870082108,"{""type"":""MultiPoint"",""coordinates"":[]}"
20000725,2000-07-25,15.203715996102066,16.806103148780654,13.639302344923376,"{""type"":""MultiPoint"",""coordinates"":[]}"
20000726,2000-07-26,15.128386039321583,16.86514689051463,13.612275730545882,"{""type"":""MultiPoint"",""coordinates"":[]}"
20000727,2000-07-27,15.066145927578301,16.717423149331207,13.519379529640446,"{""type"":""MultiPoint"",""coordinates"":[]}"
20000728,2000-07-28,15.015309669056776,16.788798614553365,13.339192139427965,"{""type"":""MultiPoint"",""coordinates"":[]}"
20000729,2000-07-29,14.730641250969706,16.524299179170338,13.047576401369538,"{""type"":""MultiPoint"",""coordinates"":[]}"
20000730,2000-07-30,14.717023024763016,16.39582923992656,13.086741664987873,"{""type"":""MultiPoint"",""coordinates"":[]}"
20000731,2000-07-31,14.556172150365247,16.115368645856485,13.097009666050823,"{""type"":""MultiPoint"",""coordinates"":[]}"
20000801,2000-08-01,14.161438598302453,15.733885929413526,12.525864111241118,"{""type"":""MultiPoint"",""coordinates"":[]}"
20000802,2000-08-02,13.698234144127074,15.328515094741174,12.059291303257778,"{""type"":""MultiPoint"",""coordinates"":[]}"
20000803,2000-08-03,13.55347917790799,15.23228585092903,11.827973838065601,"{""type"":""MultiPoint"",""coordinates"":[]}"
20000804,2000-08-04,13.737903532073084,15.40926559199302,11.97808710722379,"{""type"":""MultiPoint"",""coordinates"":[]}"
20000805,2000-08-05,13.78672121656033,15.479733286078904,12.00220783581845,"{""type"":""MultiPoint"",""coordinates"":[]}"
20000806,2000-08-06,13.86002795013951,15.726702583341302,12.042226905498623,"{""type"":""MultiPoint"",""coordinates"":[]}"
20000807,2000-08-07,13.77627207046744,15.600112564722659,12.016734108224055,"{""type"":""MultiPoint"",""coordinates"":[]}"
20000808,2000-08-08,13.927198311824103,15.70231612252643,12.179053499727647,"{""type"":""MultiPoint"",""coordinates"":[]}"
20000809,2000-08-09,14.375391414812498,16.163781107444635,12.642697657904097,"{""type"":""MultiPoint"",""coordinates"":[]}"
20000810,2000-08-10,14.57993120166952,16.312339168914942,13.072195491544484,"{""type"":""MultiPoint"",""coordinates"":[]}"
20000811,2000-08-11,14.6725561583929,16.265422921447378,13.244781528339594,"{""type"":""MultiPoint"",""coordinates"":[]}"
20000812,2000-08-12,14.946959570288625,16.539713676211733,13.508785697164027,"{""type"":""MultiPoint"",""coordinates"":[]}"
20000813,2000-08-13,14.891320467350598,16.55222610977723,13.429055333270773,"{""type"":""MultiPoint"",""coordinates"":[]}"
20000814,2000-08-14,14.72021325528941,16.403719713191215,13.254836578491908,"{""type"":""MultiPoint"",""coordinates"":[]}"
20000815,2000-08-15,14.705179094634943,16.398061126989045,13.245924039828129,"{""type"":""MultiPoint"",""coordinates"":[]}"
20000816,2000-08-16,14.285721847991105,15.924429889368477,12.860976032916668,"{""type"":""MultiPoint"",""coordinates"":[]}"
20000817,2000-08-17,14.302704573840053,15.880975414594486,12.83259007456295,"{""type"":""MultiPoint"",""coordinates"":[]}"
20000818,2000-08-18,14.755125791783412,16.51444153460773,13.038043816767848,"{""type"":""MultiPoint"",""coordinates"":[]}"
20000819,2000-08-19,14.7040397037975,16.315937558802847,13.236280308103778,"{""type"":""MultiPoint"",""coordinates"":[]}"
20000820,2000-08-20,14.475533728995623,16.133535256955057,12.993127381001793,"{""type"":""MultiPoint"",""coordinates"":[]}"
20000821,2000-08-21,14.253256167902956,15.901974355327104,12.676571927301262,"{""type"":""MultiPoint"",""coordinates"":[]}"
20000822,2000-08-22,14.579710524783653,16.246513368592915,12.946799976804416,"{""type"":""MultiPoint"",""coordinates"":[]}"
20000823,2000-08-23,14.839362375426669,16.469375841788015,13.320428424812398,"{""type"":""MultiPoint"",""coordinates"":[]}"
20000824,2000-08-24,14.705305433661229,16.34754157101219,13.154971071763086,"{""type"":""MultiPoint"",""coordinates"":[]}"
20000825,2000-08-25,14.723411089162564,16.339848668672786,13.154221214615674,"{""type"":""MultiPoint"",""coordinates"":[]}"
20000826,2000-08-26,14.709545552010214,16.39930136313927,13.142509736984683,"{""type"":""MultiPoint"",""coordinates"":[]}"
20000827,2000-08-27,14.449094824439367,16.153947660899576,12.982555037090135,"{""type"":""MultiPoint"",""coordinates"":[]}"
20000828,2000-08-28,14.08450688781991,15.678910366106738,12.626781408936136,"{""type"":""MultiPoint"",""coordinates"":[]}"
20000829,2000-08-29,13.647442918956955,15.345465394355141,12.160236393933893,"{""type"":""MultiPoint"",""coordinates"":[]}"
20000830,2000-08-30,13.414000648084837,15.113178897250524,11.821405989784974,"{""type"":""MultiPoint"",""coordinates"":[]}"
20000831,2000-08-31,13.803676794684078,15.44981985652699,12.10513777018969,"{""type"":""MultiPoint"",""coordinates"":[]}"
20000901,2000-09-01,14.038022933526873,15.6166581536074,12.451314564834716,"{""type"":""MultiPoint"",""coordinates"":[]}"
20000902,2000-09-02,13.888506663152766,15.504860185948901,12.293460237490512,"{""type"":""MultiPoint"",""coordinates"":[]}"
20000903,2000-09-03,13.838926365788502,15.554444806438898,12.169642889313517,"{""type"":""MultiPoint"",""coordinates"":[]}"
20000904,2000-09-04,13.644546000605615,15.346949961276318,12.073940533789239,"{""type"":""MultiPoint"",""coordinates"":[]}"
20000905,2000-09-05,13.623917089159097,15.452389443347881,11.934083063381195,"{""type"":""MultiPoint"",""coordinates"":[]}"
20000906,2000-09-06,13.111777861460387,14.804990321615856,11.560055589121744,"{""type"":""MultiPoint"",""coordinates"":[]}"
20000907,2000-09-07,13.186872967865495,14.956512516701977,11.453831149351016,"{""type"":""MultiPoint"",""coordinates"":[]}"
20000908,2000-09-08,13.036003327883709,14.82229829277307,11.335226555120672,"{""type"":""MultiPoint"",""coordinates"":[]}"
20000909,2000-09-09,12.72705790238793,14.402285641029918,11.04942282422197,"{""type"":""MultiPoint"",""coordinates"":[]}"
20000910,2000-09-10,12.324603515406157,14.047825775367274,10.527830594746765,"{""type"":""MultiPoint"",""coordinates"":[]}"
20000911,2000-09-11,11.797735025706412,13.694453537710126,9.706399488063626,"{""type"":""MultiPoint"",""coordinates"":[]}"
20000912,2000-09-12,11.566476699318127,13.665225825470785,9.211266162429556,"{""type"":""MultiPoint"",""coordinates"":[]}"
20000913,2000-09-13,11.677481155634874,13.854625492314637,9.176215379192692,"{""type"":""MultiPoint"",""coordinates"":[]}"
20000914,2000-09-14,11.978665463587047,14.143377726129,9.576067246386211,"{""type"":""MultiPoint"",""coordinates"":[]}"
20000915,2000-09-15,11.782250428039795,13.934127765998205,9.537423867635718,"{""type"":""MultiPoint"",""coordinates"":[]}"
20000916,2000-09-16,11.14959106706722,13.314406008966497,8.951183701973472,"{""type"":""MultiPoint"",""coordinates"":[]}"
20000917,2000-09-17,10.688049888557149,12.84467030552379,8.52308947332081,"{""type"":""MultiPoint"",""coordinates"":[]}"
20000918,2000-09-18,10.472616817524266,12.558581514272895,8.386092741154863,"{""type"":""MultiPoint"",""coordinates"":[]}"
20000919,2000-09-19,10.666674483217193,12.750869799217963,8.54561271482468,"{""type"":""MultiPoint"",""coordinates"":[]}"
20000920,2000-09-20,11.435737677897073,13.357896231696,9.189972868164965,"{""type"":""MultiPoint"",""coordinates"":[]}"
20000921,2000-09-21,11.870221931302048,13.784354770488527,9.734568578592363,"{""type"":""MultiPoint"",""coordinates"":[]}"
20000922,2000-09-22,11.791685274926532,13.667977768643565,9.859271386082925,"{""type"":""MultiPoint"",""coordinates"":[]}"
20000923,2000-09-23,11.345276796203994,13.354513583610705,9.36910124600811,"{""type"":""MultiPoint"",""coordinates"":[]}"
20000924,2000-09-24,10.750426792980665,12.812658516504836,8.643745902380923,"{""type"":""MultiPoint"",""coordinates"":[]}"
20000925,2000-09-25,10.361920330178673,12.455232447527631,8.031156994039828,"{""type"":""MultiPoint"",""coordinates"":[]}"
20000926,2000-09-26,10.352942194620113,12.42821853967182,8.004878504666594,"{""type"":""MultiPoint"",""coordinates"":[]}"
20000927,2000-09-27,9.749709814584355,11.885479029287984,7.480145854847885,"{""type"":""MultiPoint"",""coordinates"":[]}"
20000928,2000-09-28,8.988247079072634,11.347781583887464,6.4920144065848,"{""type"":""MultiPoint"",""coordinates"":[]}"
20000929,2000-09-29,8.011947707542811,10.632199167529809,5.193758077782654,"{""type"":""MultiPoint"",""coordinates"":[]}"
20000930,2000-09-30,7.315510237186854,10.099423850217931,4.243516721336932,"{""type"":""MultiPoint"",""coordinates"":[]}"
20001001,2000-10-01,7.7939217426800305,10.469484624908072,4.788699618268625,"{""type"":""MultiPoint"",""coordinates"":[]}"
20001002,2000-10-02,8.321592429480466,10.833902066562546,5.532835510304635,"{""type"":""MultiPoint"",""coordinates"":[]}"
20001003,2000-10-03,8.354894110306361,10.949317405117549,5.551773506413327,"{""type"":""MultiPoint"",""coordinates"":[]}"
20001004,2000-10-04,8.009444442162721,10.76087350247954,5.288561509199244,"{""type"":""MultiPoint"",""coordinates"":[]}"
20001005,2000-10-05,8.47487822197401,11.001080020445361,5.794021356762886,"{""type"":""MultiPoint"",""coordinates"":[]}"
20001006,2000-10-06,9.250986803489937,11.561715896326511,6.701414429520843,"{""type"":""MultiPoint"",""coordinates"":[]}"
20001007,2000-10-07,9.606292383953944,11.80448062121816,7.2778251109122385,"{""type"":""MultiPoint"",""coordinates"":[]}"
20001008,2000-10-08,9.454311536650168,11.650275617932449,7.185104682313764,"{""type"":""MultiPoint"",""coordinates"":[]}"
20001009,2000-10-09,8.647425491583894,10.980902136748266,6.272625499007953,"{""type"":""MultiPoint"",""coordinates"":[]}"
20001010,2000-10-10,8.057139651014063,10.48426899484209,5.618755585802354,"{""type"":""MultiPoint"",""coordinates"":[]}"
20001011,2000-10-11,7.67021527945228,10.103673714990062,5.18262465137449,"{""type"":""MultiPoint"",""coordinates"":[]}"
20001012,2000-10-12,7.138165828267556,9.763349436255867,4.592142553957749,"{""type"":""MultiPoint"",""coordinates"":[]}"
20001013,2000-10-13,6.1621561005892955,8.894533235360031,3.476508157530486,"{""type"":""MultiPoint"",""coordinates"":[]}"
20001014,2000-10-14,5.419369035579467,8.332422909558066,2.514021734913392,"{""type"":""MultiPoint"",""coordinates"":[]}"
20001015,2000-10-15,4.1043644517667905,7.387696357125899,0.8714518255763407,"{""type"":""MultiPoint"",""coordinates"":[]}"
20001016,2000-10-16,3.5653297205877785,6.970562485867406,0.04127704033672685,"{""type"":""MultiPoint"",""coordinates"":[]}"
20001017,2000-10-17,4.851109886597952,7.719447046410292,1.3560411991455186,"{""type"":""MultiPoint"",""coordinates"":[]}"
20001018,2000-10-18,5.3997915841968505,8.10381711196278,2.541966162189555,"{""type"":""MultiPoint"",""coordinates"":[]}"
20001019,2000-10-19,5.811958904393658,8.368790108832199,2.9460383118845157,"{""type"":""MultiPoint"",""coordinates"":[]}"
20001020,2000-10-20,5.694014345069142,8.506023893047196,2.9106526079201034,"{""type"":""MultiPoint"",""coordinates"":[]}"
20001021,2000-10-21,4.672161840506837,7.917272564895567,1.558952778076734,"{""type"":""MultiPoint"",""coordinates"":[]}"
20001022,2000-10-22,5.059169853384316,7.946688447817026,1.8822154443404953,"{""type"":""MultiPoint"",""coordinates"":[]}"
20001023,2000-10-23,5.276338224791546,8.050554671092742,2.2951616582667267,"{""type"":""MultiPoint"",""coordinates"":[]}"
20001024,2000-10-24,4.711819344127812,7.731534233079902,1.6588435209984367,"{""type"":""MultiPoint"",""coordinates"":[]}"
20001025,2000-10-25,3.8770299038221165,7.0775612998056765,0.6322126147303574,"{""type"":""MultiPoint"",""coordinates"":[]}"
20001026,2000-10-26,3.146950157774724,6.244692268370887,0.040063877815766154,"{""type"":""MultiPoint"",""coordinates"":[]}"
20001027,2000-10-27,1.5544831281357174,4.905486687697427,-1.891573300827992,"{""type"":""MultiPoint"",""coordinates"":[]}"
20001028,2000-10-28,0.13437285452190764,3.5643961300929847,-3.2659633727375033,"{""type"":""MultiPoint"",""coordinates"":[]}"
20001029,2000-10-29,0.7128921190167142,4.006583132781862,-3.1689452592248504,"{""type"":""MultiPoint"",""coordinates"":[]}"
20001030,2000-10-30,1.9071763733623415,5.01911645023814,-1.486865612124383,"{""type"":""MultiPoint"",""coordinates"":[]}"
20001031,2000-10-31,2.591656694685422,5.5535807469485885,-0.8063342959509752,"{""type"":""MultiPoint"",""coordinates"":[]}"
20001101,2000-11-01,3.0712883540989204,6.192391667569826,-0.10517098111663223,"{""type"":""MultiPoint"",""coordinates"":[]}"
20001102,2000-11-02,3.78006008682099,6.563148060283042,0.6590933806293958,"{""type"":""MultiPoint"",""coordinates"":[]}"
20001103,2000-11-03,3.3183485556047727,6.09188588957898,0.5678436872996759,"{""type"":""MultiPoint"",""coordinates"":[]}"
20001104,2000-11-04,3.4470778456445093,6.1466768810102606,0.4921659974855117,"{""type"":""MultiPoint"",""coordinates"":[]}"
20001105,2000-11-05,3.077232010498283,5.817812418393957,0.3387834171210497,"{""type"":""MultiPoint"",""coordinates"":[]}"
20001106,2000-11-06,2.9146973965221896,5.718168294100808,0.009276124232102294,"{""type"":""MultiPoint"",""coordinates"":[]}"
20001107,2000-11-07,2.2586130776856743,5.4613091297055,-0.9043951419205585,"{""type"":""MultiPoint"",""coordinates"":[]}"
20001108,2000-11-08,1.9501889165141064,4.863907684032641,-1.0439502602851456,"{""type"":""MultiPoint"",""coordinates"":[]}"
20001109,2000-11-09,1.8140074819148868,4.715335752188024,-1.3610646571161311,"{""type"":""MultiPoint"",""coordinates"":[]}"
20001110,2000-11-10,1.4524635647834674,4.377345842202282,-1.5956720489559648,"{""type"":""MultiPoint"",""coordinates"":[]}"
20001111,2000-11-11,1.9770779552765008,4.45092828480988,-0.7596945420656913,"{""type"":""MultiPoint"",""coordinates"":[]}"
20001112,2000-11-12,1.5287182442785023,4.555977965936065,-1.5352177389981378,"{""type"":""MultiPoint"",""coordinates"":[]}"
20001113,2000-11-13,0.6397046265254817,3.744418153077633,-2.5011834834898847,"{""type"":""MultiPoint"",""coordinates"":[]}"
20001114,2000-11-14,-1.1916252755908099,2.545918841521569,-4.784105081853806,"{""type"":""MultiPoint"",""coordinates"":[]}"
20001115,2000-11-15,-2.2385761596799094,0.9756278866022693,-5.694842401495508,"{""type"":""MultiPoint"",""coordinates"":[]}"
20001116,2000-11-16,-1.0559841905465186,1.7773747294122693,-4.308978225229436,"{""type"":""MultiPoint"",""coordinates"":[]}"
20001117,2000-11-17,-0.14477750539505102,2.6257201590924497,-3.2622535993163155,"{""type"":""MultiPoint"",""coordinates"":[]}"
20001118,2000-11-18,-0.894988415340076,2.357933702288593,-4.439554434537624,"{""type"":""MultiPoint"",""coordinates"":[]}"
20001119,2000-11-19,-3.1357781577787076,0.14854397887094484,-6.2754099092745514,"{""type"":""MultiPoint"",""coordinates"":[]}"
20001120,2000-11-20,-3.1986471078112064,-0.005685669561868441,-6.641334422954747,"{""type"":""MultiPoint"",""coordinates"":[]}"
20001121,2000-11-21,-0.8119740082583754,2.0028795847181495,-4.350823938616376,"{""type"":""MultiPoint"",""coordinates"":[]}"
20001122,2000-11-22,0.6787669378209639,3.244393539108487,-2.1629590529174694,"{""type"":""MultiPoint"",""coordinates"":[]}"
20001123,2000-11-23,1.3604938815008423,3.8359493828754236,-1.239152950091446,"{""type"":""MultiPoint"",""coordinates"":[]}"
20001124,2000-11-24,0.6240421119325608,3.514541364847177,-2.3200503038416045,"{""type"":""MultiPoint"",""coordinates"":[]}"
20001125,2000-11-25,-0.8935280510139807,2.2822953395261565,-4.015689260867192,"{""type"":""MultiPoint"",""coordinates"":[]}"
20001126,2000-11-26,-1.0152721388927957,1.8506506766039383,-3.972694965836827,"{""type"":""MultiPoint"",""coordinates"":[]}"
20001127,2000-11-27,-0.12525344615841338,2.5464947336571,-3.094332197980355,"{""type"":""MultiPoint"",""coordinates"":[]}"
20001128,2000-11-28,-1.181806513515724,1.8654507061773022,-4.468177634992762,"{""type"":""MultiPoint"",""coordinates"":[]}"
20001129,2000-11-29,-2.8694843454390835,0.21431170463781615,-6.120060021205513,"{""type"":""MultiPoint"",""coordinates"":[]}"
20001130,2000-11-30,-3.2531170812205983,-0.3070979200374601,-6.715954719315016,"{""type"":""MultiPoint"",""coordinates"":[]}"
20001201,2000-12-01,-5.362646244841541,-2.0359329595630564,-8.81929303010758,"{""type"":""MultiPoint"",""coordinates"":[]}"
20001202,2000-12-02,-7.139757378035766,-3.3831620998871803,-11.220693124064882,"{""type"":""MultiPoint"",""coordinates"":[]}"
20001203,2000-12-03,-5.342897023231574,-2.23011297977014,-9.546735268195887,"{""type"":""MultiPoint"",""coordinates"":[]}"
20001204,2000-12-04,-4.82814156757957,-1.7612318041503467,-7.958765976243148,"{""type"":""MultiPoint"",""coordinates"":[]}"
20001205,2000-12-05,-4.642849309413809,-1.4141478416711852,-8.30170423947204,"{""type"":""MultiPoint"",""coordinates"":[]}"
20001206,2000-12-06,-5.074240788124467,-1.7121630531686085,-8.290260376931007,"{""type"":""MultiPoint"",""coordinates"":[]}"
20001207,2000-12-07,-4.372041821212249,-1.3143688369168378,-7.7333671850574754,"{""type"":""MultiPoint"",""coordinates"":[]}"
20001208,2000-12-08,-3.6422905152997207,-0.796926960064971,-6.720985555859399,"{""type"":""MultiPoint"",""coordinates"":[]}"
20001209,2000-12-09,-4.1064649397297135,-1.2053306410601603,-7.032488688787006,"{""type"":""MultiPoint"",""coordinates"":[]}"
20001210,2000-12-10,-3.5317442830816614,-0.6766548506873421,-6.697699341151911,"{""type"":""MultiPoint"",""coordinates"":[]}"
20001211,2000-12-11,-4.2311850379405564,-1.0798613917412407,-7.526465084497249,"{""type"":""MultiPoint"",""coordinates"":[]}"
20001212,2000-12-12,-5.599530820404591,-2.2515362159025836,-9.035251755902486,"{""type"":""MultiPoint"",""coordinates"":[]}"
20001213,2000-12-13,-4.490275432670535,-1.4981909396039814,-7.8045701154049185,"{""type"":""MultiPoint"",""coordinates"":[]}"
20001214,2000-12-14,-3.887264567274537,-0.9502743393640259,-6.903082749162961,"{""type"":""MultiPoint"",""coordinates"":[]}"
20001215,2000-12-15,-3.4939671139550876,-0.479582808910117,-6.575604461247832,"{""type"":""MultiPoint"",""coordinates"":[]}"
20001216,2000-12-16,-1.6078501022743192,1.2154857616642145,-5.036691326525162,"{""type"":""MultiPoint"",""coordinates"":[]}"
20001217,2000-12-17,-0.9706881986149514,2.0446348916467056,-4.145031800919366,"{""type"":""MultiPoint"",""coordinates"":[]}"
20001218,2000-12-18,-2.7107532073950256,0.5406072891587134,-6.206766613825346,"{""type"":""MultiPoint"",""coordinates"":[]}"
20001219,2000-12-19,-4.40145503928608,-0.8861355574711461,-8.034970804795867,"{""type"":""MultiPoint"",""coordinates"":[]}"
20001220,2000-12-20,-5.481943286607828,-2.1011079342701917,-8.871763395049896,"{""type"":""MultiPoint"",""coordinates"":[]}"
20001221,2000-12-21,-5.79723926460341,-2.434340226744665,-9.184012036054774,"{""type"":""MultiPoint"",""coordinates"":[]}"
20001222,2000-12-22,-5.04490593480348,-1.6472752960343877,-8.690133476383322,"{""type"":""MultiPoint"",""coordinates"":[]}"
20001223,2000-12-23,-4.581449939678411,-1.285703374290272,-8.07399587664591,"{""type"":""MultiPoint"",""coordinates"":[]}"
20001224,2000-12-24,-4.085070032847359,-0.9185359409509941,-7.457872882882457,"{""type"":""MultiPoint"",""coordinates"":[]}"
20001225,2000-12-25,-4.443073854422628,-1.1786002721332003,-7.670828706914698,"{""type"":""MultiPoint"",""coordinates"":[]}"
20001226,2000-12-26,-4.388404722809239,-1.3869461590242067,-7.640180231698073,"{""type"":""MultiPoint"",""coordinates"":[]}"
20001227,2000-12-27,-4.029506890744381,-0.9337060439342735,-7.2947814319414315,"{""type"":""MultiPoint"",""coordinates"":[]}"
20001228,2000-12-28,-3.211024669461429,-0.3649370614782203,-6.383908891484516,"{""type"":""MultiPoint"",""coordinates"":[]}"
20001229,2000-12-29,-3.531846130693935,-0.713783357343696,-6.485260228489709,"{""type"":""MultiPoint"",""coordinates"":[]}"
20001230,2000-12-30,-3.1957025907511034,-0.01879562416667521,-6.416844918677838,"{""type"":""MultiPoint"",""coordinates"":[]}"
20001231,2000-12-31,-0.14398063017312346,2.5544335142348187,-4.085579035376332,"{""type"":""MultiPoint"",""coordinates"":[]}"
20010101,2001-01-01,-0.532347521392602,2.3184625311890508,-3.7693871202656597,"{""type"":""MultiPoint"",""coordinates"":[]}"
20010102,2001-01-02,-2.3587309940644836,0.5173389563931441,-5.392317662066337,"{""type"":""MultiPoint"",""coordinates"":[]}"
20010103,2001-01-03,-3.1185089026825974,-0.377918772623401,-6.274390620228992,"{""type"":""MultiPoint"",""coordinates"":[]}"
20010104,2001-01-04,-3.7792743429244844,-1.0583480422915341,-6.834693815919301,"{""type"":""MultiPoint"",""coordinates"":[]}"
20010105,2001-01-05,-5.757958859750816,-2.60071594749647,-8.947596550446436,"{""type"":""MultiPoint"",""coordinates"":[]}"
20010106,2001-01-06,-5.162660557208581,-2.2756047310210765,-8.595649577746848,"{""type"":""MultiPoint"",""coordinates"":[]}"
20010107,2001-01-07,-4.352282423540717,-1.5127606913485037,-7.558680945859207,"{""type"":""MultiPoint"",""coordinates"":[]}"
20010108,2001-01-08,-5.025862992783423,-2.163106228763426,-8.115193731651289,"{""type"":""MultiPoint"",""coordinates"":[]}"
20010109,2001-01-09,-5.94513327627055,-2.8819310247493655,-9.086303643441548,"{""type"":""MultiPoint"",""coordinates"":[]}"
20010110,2001-01-10,-6.267867280802679,-3.156656239791241,-9.364730217201334,"{""type"":""MultiPoint"",""coordinates"":[]}"
20010111,2001-01-11,-5.909520578351757,-2.739806669576975,-9.354917202654862,"{""type"":""MultiPoint"",""coordinates"":[]}"
20010112,2001-01-12,-5.748997811777882,-2.495000126616151,-9.448353711147295,"{""type"":""MultiPoint"",""coordinates"":[]}"
20010113,2001-01-13,-5.0906995247498,-1.9890342804665726,-8.601109438480568,"{""type"":""MultiPoint"",""coordinates"":[]}"
20010114,2001-01-14,-5.677127004875394,-2.3916758870479264,-9.097959845729548,"{""type"":""MultiPoint"",""coordinates"":[]}"
20010115,2001-01-15,-5.660013025351424,-2.434853783250917,-9.043089983059337,"{""type"":""MultiPoint"",""coordinates"":[]}"
20010116,2001-01-16,-4.889299674838105,-1.780157224027718,-8.396474783349998,"{""type"":""MultiPoint"",""coordinates"":[]}"
20010117,2001-01-17,-3.98130740881384,-1.0802065550992934,-7.436363980091449,"{""type"":""MultiPoint"",""coordinates"":[]}"
20010118,2001-01-18,-3.344038474395316,-0.5400546007269299,-6.436831080650971,"{""type"":""MultiPoint"",""coordinates"":[]}"
20010119,2001-01-19,-3.3765287341834145,-0.5008846013957658,-6.528951069097326,"{""type"":""MultiPoint"",""coordinates"":[]}"
20010120,2001-01-20,-3.6100819355973353,-0.5679905619087603,-6.782824159906613,"{""type"":""MultiPoint"",""coordinates"":[]}"
20010121,2001-01-21,-3.4189444340838637,-0.5386528832649371,-6.728272518872397,"{""type"":""MultiPoint"",""coordinates"":[]}"
20010122,2001-01-22,-3.8565254695387825,-0.7531035643204675,-7.340830181595533,"{""type"":""MultiPoint"",""coordinates"":[]}"
20010123,2001-01-23,-5.322421519212237,-1.8173732345385116,-8.77623898075962,"{""type"":""MultiPoint"",""coordinates"":[]}"
20010124,2001-01-24,-7.403337420185081,-3.5971029944548127,-11.17056970908666,"{""type"":""MultiPoint"",""coordinates"":[]}"
20010125,2001-01-25,-7.982558636802139,-4.616467499662984,-11.62163026059443,"{""type"":""MultiPoint"",""coordinates"":[]}"
20010126,2001-01-26,-7.509388636824931,-4.180320355628421,-10.926026902220112,"{""type"":""MultiPoint"",""coordinates"":[]}"
20010127,2001-01-27,-7.401339614659836,-4.0105358262282405,-10.766920114125027,"{""type"":""MultiPoint"",""coordinates"":[]}"
20010128,2001-01-28,-6.8553523103391605,-3.3441854565909233,-10.374586933760986,"{""type"":""MultiPoint"",""coordinates"":[]}"
20010129,2001-01-29,-4.291713929578465,-0.9133129722708656,-8.595304048911466,"{""type"":""MultiPoint"",""coordinates"":[]}"
20010130,2001-01-30,-3.14519140566649,0.05446547622216517,-6.63309482099248,"{""type"":""MultiPoint"",""coordinates"":[]}"
20010131,2001-01-31,-3.230897611513945,-3.782373240510542E-4,-6.77977575666395,"{""type"":""MultiPoint"",""coordinates"":[]}"
20010201,2001-02-01,-4.165533508846139,-0.9944283622971488,-7.657235207194198,"{""type"":""MultiPoint"",""coordinates"":[]}"
20010202,2001-02-02,-5.52115634386793,-2.0835604233479423,-9.105839246240853,"{""type"":""MultiPoint"",""coordinates"":[]}"
20010203,2001-02-03,-6.483580597229858,-2.929108087551439,-10.05025300991221,"{""type"":""MultiPoint"",""coordinates"":[]}"
20010204,2001-02-04,-5.700821758763699,-2.4480120368855216,-9.234309674857172,"{""type"":""MultiPoint"",""coordinates"":[]}"
20010205,2001-02-05,-5.187158693312062,-2.1085896846037415,-8.633197545529248,"{""type"":""MultiPoint"",""coordinates"":[]}"
20010206,2001-02-06,-5.897756849690294,-2.4366323994976615,-9.31672320738298,"{""type"":""MultiPoint"",""coordinates"":[]}"
20010207,2001-02-07,-6.305681121400487,-2.902074487249902,-9.949843343993148,"{""type"":""MultiPoint"",""coordinates"":[]}"
20010208,2001-02-08,-6.825017710034187,-3.3688381462027284,-10.387367854577192,"{""type"":""MultiPoint"",""coordinates"":[]}"
20010209,2001-02-09,-7.314463689085036,-3.542371468918178,-11.025636475503319,"{""type"":""MultiPoint"",""coordinates"":[]}"
20010210,2001-02-10,-6.427141558022586,-2.599621727481107,-10.686959181802258,"{""type"":""MultiPoint"",""coordinates"":[]}"
20010211,2001-02-11,-6.164250586702222,-2.5892006201953,-9.902532475945188,"{""type"":""MultiPoint"",""coordinates"":[]}"
20010212,2001-02-12,-5.798194642874027,-2.26197954429893,-9.501318975490445,"{""type"":""MultiPoint"",""coordinates"":[]}"
20010213,2001-02-13,-5.142836284860683,-1.5952387241973778,-8.986954714076354,"{""type"":""MultiPoint"",""coordinates"":[]}"
20010214,2001-02-14,-2.928763957079092,0.311609427101207,-6.837577186075201,"{""type"":""MultiPoint"",""coordinates"":[]}"
20010215,2001-02-15,-1.5118441341278057,2.006884557264345,-5.54691614820416,"{""type"":""MultiPoint"",""coordinates"":[]}"
20010216,2001-02-16,-1.4202001741547359,1.9622493522236137,-5.131062193975553,"{""type"":""MultiPoint"",""coordinates"":[]}"
20010217,2001-02-17,-0.3415084285298736,2.3918061515050613,-3.671210975904781,"{""type"":""MultiPoint"",""coordinates"":[]}"
20010218,2001-02-18,-0.8067394272184641,2.3315610322932123,-4.0913664299166195,"{""type"":""MultiPoint"",""coordinates"":[]}"
20010219,2001-02-19,-2.1029796456365584,1.313372216537313,-5.502662836716574,"{""type"":""MultiPoint"",""coordinates"":[]}"
20010220,2001-02-20,-2.0608230456266625,1.6221058812832567,-6.119735805065452,"{""type"":""MultiPoint"",""coordinates"":[]}"
20010221,2001-02-21,-1.764728766489356,1.927597019866086,-5.836205674455254,"{""type"":""MultiPoint"",""coordinates"":[]}"
20010222,2001-02-22,-2.9250363103683763,1.0299345429297124,-6.908220659903227,"{""type"":""MultiPoint"",""coordinates"":[]}"
20010223,2001-02-23,-1.7671304212444665,1.690697553558759,-5.688415243602478,"{""type"":""MultiPoint"",""coordinates"":[]}"
20010224,2001-02-24,-0.8454807707990957,2.3406267103382086,-4.401010973665009,"{""type"":""MultiPoint"",""coordinates"":[]}"
20010225,2001-02-25,-0.8337573351544371,3.0091028869715566,-4.908656240566852,"{""type"":""MultiPoint"",""coordinates"":[]}"
20010226,2001-02-26,-2.463253804276699,1.4558994658524333,-6.600527604897776,"{""type"":""MultiPoint"",""coordinates"":[]}"
20010227,2001-02-27,-3.8294247102124954,-0.13620662680548265,-7.74307063309485,"{""type"":""MultiPoint"",""coordinates"":[]}"
20010228,2001-02-28,-3.2590868015652656,0.2762361209988207,-7.353421444805598,"{""type"":""MultiPoint"",""coordinates"":[]}"
20010301,2001-03-01,-3.701886087883794,-0.1933563727128537,-7.43173960837504,"{""type"":""MultiPoint"",""coordinates"":[]}"
20010302,2001-03-02,-4.987482872961701,-1.3143827526909826,-8.88634598370597,"{""type"":""MultiPoint"",""coordinates"":[]}"
20010303,2001-03-03,-4.8420530658430705,-1.2352611645586278,-8.94856638650288,"{""type"":""MultiPoint"",""coordinates"":[]}"
20010304,2001-03-04,-3.5460589876680486,0.07653932240656668,-7.500577523187631,"{""type"":""MultiPoint"",""coordinates"":[]}"
20010305,2001-03-05,-4.587582829092825,-0.6939483249973868,-8.521557535804847,"{""type"":""MultiPoint"",""coordinates"":[]}"
20010306,2001-03-06,-5.4564603338093685,-1.3712635548416041,-9.712984272109358,"{""type"":""MultiPoint"",""coordinates"":[]}"
20010307,2001-03-07,-4.152496258692399,-0.1332979491438236,-8.595406630228677,"{""type"":""MultiPoint"",""coordinates"":[]}"
20010308,2001-03-08,-3.098722142214437,0.5281716531613959,-7.00851261281025,"{""type"":""MultiPoint"",""coordinates"":[]}"
20010309,2001-03-09,-2.5624335837494354,1.0512357749857713,-6.435895645622737,"{""type"":""MultiPoint"",""coordinates"":[]}"
20010310,2001-03-10,-2.695796241357618,0.9380601393692826,-6.5648585674027915,"{""type"":""MultiPoint"",""coordinates"":[]}"
20010311,2001-03-11,-2.6207917456311023,1.0663592492286091,-6.650797669212753,"{""type"":""MultiPoint"",""coordinates"":[]}"
20010312,2001-03-12,-1.8566680554024562,1.8834224386202436,-6.179189407815043,"{""type"":""MultiPoint"",""coordinates"":[]}"
20010313,2001-03-13,-0.6496209071635793,2.8398448521165016,-4.630401748896707,"{""type"":""MultiPoint"",""coordinates"":[]}"
20010314,2001-03-14,-0.1239143721739974,3.3635751311033317,-3.9140816754685317,"{""type"":""MultiPoint"",""coordinates"":[]}"
20010315,2001-03-15,-0.5126849632152434,2.921159722175412,-4.126582588861155,"{""type"":""MultiPoint"",""coordinates"":[]}"
20010316,2001-03-16,-1.829956684612202,1.735856277110704,-5.4831325085024245,"{""type"":""MultiPoint"",""coordinates"":[]}"
20010317,2001-03-17,-1.853357579228822,1.6615362915228626,-5.505081688962546,"{""type"":""MultiPoint"",""coordinates"":[]}"
20010318,2001-03-18,-1.9133604232346115,1.7349881354624945,-5.77708410799273,"{""type"":""MultiPoint"",""coordinates"":[]}"
20010319,2001-03-19,-1.283081287373803,2.5860207629262897,-5.701606855994852,"{""type"":""MultiPoint"",""coordinates"":[]}"
20010320,2001-03-20,0.7743900988982185,4.2836606465110085,-3.7853622736417916,"{""type"":""MultiPoint"",""coordinates"":[]}"
20010321,2001-03-21,1.2445923631510445,4.816300476129556,-2.6335866220320456,"{""type"":""MultiPoint"",""coordinates"":[]}"
20010322,2001-03-22,1.7421151725496449,5.124413240770515,-2.0326672846758136,"{""type"":""MultiPoint"",""coordinates"":[]}"
20010323,2001-03-23,0.7597867106587157,4.469784946942055,-3.0168901629815745,"{""type"":""MultiPoint"",""coordinates"":[]}"
20010324,2001-03-24,-0.9411177864499363,2.7840546606950056,-4.690810560582106,"{""type"":""MultiPoint"",""coordinates"":[]}"
20010325,2001-03-25,-0.9748220074332667,2.541730659398623,-4.83363645717382,"{""type"":""MultiPoint"",""coordinates"":[]}"
20010326,2001-03-26,-1.0031494179264056,2.7326656655671053,-4.868602721104871,"{""type"":""MultiPoint"",""coordinates"":[]}"
20010327,2001-03-27,-0.2856986719456653,3.315911196657366,-4.261323117524668,"{""type"":""MultiPoint"",""coordinates"":[]}"
20010328,2001-03-28,1.3129496714931927,5.125788025855742,-3.188748334634627,"{""type"":""MultiPoint"",""coordinates"":[]}"
20010329,2001-03-29,2.3111391337197427,5.9627389595187905,-1.5866658075155897,"{""type"":""MultiPoint"",""coordinates"":[]}"
20010330,2001-03-30,1.828620638727069,5.2500403677656236,-1.9115829860579636,"{""type"":""MultiPoint"",""coordinates"":[]}"
20010331,2001-03-31,1.487829671015209,4.923996687318239,-2.2285045407479322,"{""type"":""MultiPoint"",""coordinates"":[]}"
20010401,2001-04-01,1.011852287333611,4.543182847869169,-2.6964304565745554,"{""type"":""MultiPoint"",""coordinates"":[]}"
20010402,2001-04-02,0.155453012168826,3.8987209070806,-3.729314414231738,"{""type"":""MultiPoint"",""coordinates"":[]}"
20010403,2001-04-03,0.27465012686810314,4.240287157733269,-4.223930100824897,"{""type"":""MultiPoint"",""coordinates"":[]}"
20010404,2001-04-04,0.29803007134203147,4.5788897899008525,-4.284701168620055,"{""type"":""MultiPoint"",""coordinates"":[]}"
20010405,2001-04-05,-0.6802608503549883,3.4904492441626904,-5.056644744629704,"{""type"":""MultiPoint"",""coordinates"":[]}"
20010406,2001-04-06,0.002084721986209156,3.9085789059337253,-4.254227230909752,"{""type"":""MultiPoint"",""coordinates"":[]}"
20010407,2001-04-07,-0.8513021431284599,3.4711599121401955,-4.931274011709648,"{""type"":""MultiPoint"",""coordinates"":[]}"
20010408,2001-04-08,-0.15068097562382965,4.340359078120825,-4.820371676598773,"{""type"":""MultiPoint"",""coordinates"":[]}"
20010409,2001-04-09,-0.18937064645620016,3.9482438068646744,-4.558372637170324,"{""type"":""MultiPoint"",""coordinates"":[]}"
20010410,2001-04-10,0.481204318836443,4.4563980965789165,-3.9675790647123006,"{""type"":""MultiPoint"",""coordinates"":[]}"
20010411,2001-04-11,1.75805985342955,5.567615249934391,-2.5048025794113316,"{""type"":""MultiPoint"",""coordinates"":[]}"
20010412,2001-04-12,3.358212807038257,6.793191174011485,-1.0229655015118693,"{""type"":""MultiPoint"",""coordinates"":[]}"
20010413,2001-04-13,5.013194034307107,7.839044129821223,1.6597638392440575,"{""type"":""MultiPoint"",""coordinates"":[]}"
20010414,2001-04-14,6.1948487402647565,8.843205207372673,2.850765199487714,"{""type"":""MultiPoint"",""coordinates"":[]}"
20010415,2001-04-15,6.506064488451472,8.936430044955294,3.6747365409197137,"{""type"":""MultiPoint"",""coordinates"":[]}"
20010416,2001-04-16,6.610712806883433,9.168265420832237,3.548044479233878,"{""type"":""MultiPoint"",""coordinates"":[]}"
20010417,2001-04-17,6.769663804872199,9.318068375888016,3.716423522346308,"{""type"":""MultiPoint"",""coordinates"":[]}"
20010418,2001-04-18,6.957870540360898,9.424501689451183,4.039177681201166,"{""type"":""MultiPoint"",""coordinates"":[]}"
20010419,2001-04-19,6.604697019102523,9.113531136967035,3.5988184931498104,"{""type"":""MultiPoint"",""coordinates"":[]}"
20010420,2001-04-20,5.815825552480672,8.690003548304565,2.63743464776402,"{""type"":""MultiPoint"",""coordinates"":[]}"
20010421,2001-04-21,4.240676636762033,7.565301512802366,0.7392037353245763,"{""type"":""MultiPoint"",""coordinates"":[]}"
20010422,2001-04-22,2.7321281564324202,6.551082005710539,-1.1309540522353219,"{""type"":""MultiPoint"",""coordinates"":[]}"
20010423,2001-04-23,1.3228189048974757,5.825400376162343,-3.148280446716514,"{""type"":""MultiPoint"",""coordinates"":[]}"
20010424,2001-04-24,2.1776094508555564,6.433874185079318,-2.599108292008898,"{""type"":""MultiPoint"",""coordinates"":[]}"
20010425,2001-04-25,3.744016207739226,7.4972689719969505,-0.5387299354897586,"{""type"":""MultiPoint"",""coordinates"":[]}"
20010426,2001-04-26,4.310537246038804,7.92133334206078,0.24458618546555047,"{""type"":""MultiPoint"",""coordinates"":[]}"
20010427,2001-04-27,3.9046652498118553,7.734297438965865,-0.10762343852753316,"{""type"":""MultiPoint"",""coordinates"":[]}"
20010428,2001-04-28,3.774532493731876,7.67850834741695,-0.6365154000629252,"{""type"":""MultiPoint"",""coordinates"":[]}"
20010429,2001-04-29,3.563655370527058,7.24347984366317,-0.43916603986587094,"{""type"":""MultiPoint"",""coordinates"":[]}"
20010430,2001-04-30,3.651596035863243,7.496038703214125,-0.5374064752173615,"{""type"":""MultiPoint"",""coordinates"":[]}"
20010501,2001-05-01,5.051990992799202,8.80611118212339,0.5333587254880903,"{""type"":""MultiPoint"",""coordinates"":[]}"
20010502,2001-05-02,6.389105741337482,9.759116250105382,2.274582701095216,"{""type"":""MultiPoint"",""coordinates"":[]}"
20010503,2001-05-03,6.667450882703864,9.789386765025304,2.7435174399045623,"{""type"":""MultiPoint"",""coordinates"":[]}"
20010504,2001-05-04,6.371674920234113,9.712498917722593,2.62219054661622,"{""type"":""MultiPoint"",""coordinates"":[]}"
20010505,2001-05-05,6.361212312151765,10.00413923414727,2.1288792084090518,"{""type"":""MultiPoint"",""coordinates"":[]}"
20010506,2001-05-06,7.1716269653618765,10.45923483771373,3.3957490119414113,"{""type"":""MultiPoint"",""coordinates"":[]}"
20010507,2001-05-07,7.297412055173581,10.428616295817354,3.735772689414332,"{""type"":""MultiPoint"",""coordinates"":[]}"
20010508,2001-05-08,7.056675180839165,10.36991820578721,3.2558685727025902,"{""type"":""MultiPoint"",""coordinates"":[]}"
20010509,2001-05-09,6.565070485823783,9.947070493128646,2.915811597894598,"{""type"":""MultiPoint"",""coordinates"":[]}"
20010510,2001-05-10,5.973081821267908,9.489014468295315,2.307218720079284,"{""type"":""MultiPoint"",""coordinates"":[]}"
20010511,2001-05-11,6.062926172220632,9.557582295522435,2.3323716116900846,"{""type"":""MultiPoint"",""coordinates"":[]}"
20010512,2001-05-12,6.58452390108173,9.923105790321193,2.927572694903434,"{""type"":""MultiPoint"",""coordinates"":[]}"
20010513,2001-05-13,7.432943748153708,10.661533345271549,3.7649163163109716,"{""type"":""MultiPoint"",""coordinates"":[]}"
20010514,2001-05-14,8.484685924581743,11.431973410075523,5.005777795680638,"{""type"":""MultiPoint"",""coordinates"":[]}"
20010515,2001-05-15,9.549092670218009,12.12532518106795,6.485963613788183,"{""type"":""MultiPoint"",""coordinates"":[]}"
20010516,2001-05-16,9.63138262782002,12.07654380094842,6.765571425629808,"{""type"":""MultiPoint"",""coordinates"":[]}"
20010517,2001-05-17,9.201862794047187,11.605385320842023,6.393879264107737,"{""type"":""MultiPoint"",""coordinates"":[]}"
20010518,2001-05-18,8.940368985605078,11.504769730548011,5.996463425907977,"{""type"":""MultiPoint"",""coordinates"":[]}"
20010519,2001-05-19,8.563366153057235,11.304169853384854,5.368807378308726,"{""type"":""MultiPoint"",""coordinates"":[]}"
20010520,2001-05-20,9.308946195502905,11.874069025114576,6.1284214239981365,"{""type"":""MultiPoint"",""coordinates"":[]}"
20010521,2001-05-21,10.107700034679155,12.485960313770413,7.059064357610988,"{""type"":""MultiPoint"",""coordinates"":[]}"
20010522,2001-05-22,10.272975546176706,12.619161519488157,7.774477118170278,"{""type"":""MultiPoint"",""coordinates"":[]}"
20010523,2001-05-23,9.298946860130874,11.966495434040317,6.691548941374417,"{""type"":""MultiPoint"",""coordinates"":[]}"
20010524,2001-05-24,8.72089504847262,11.51570044182984,5.810972814247083,"{""type"":""MultiPoint"",""coordinates"":[]}"
20010525,2001-05-25,8.937359035796158,11.578984144455953,6.124658652011043,"{""type"":""MultiPoint"",""coordinates"":[]}"
20010526,2001-05-26,9.587931452425561,12.06229771229442,6.8348681764882,"{""type"":""MultiPoint"",""coordinates"":[]}"
20010527,2001-05-27,9.604417105083424,11.976064276645696,6.902629431835664,"{""type"":""MultiPoint"",""coordinates"":[]}"
20010528,2001-05-28,9.153517414325822,11.72304502975612,6.158150694394079,"{""type"":""MultiPoint"",""coordinates"":[]}"
20010529,2001-05-29,9.859909882062407,12.317209773475142,6.887654241749172,"{""type"":""MultiPoint"",""coordinates"":[]}"
20010530,2001-05-30,10.257342533806538,12.444390234275492,7.675708801747911,"{""type"":""MultiPoint"",""coordinates"":[]}"
20010531,2001-05-31,10.018759490947366,12.353260379003816,7.54687881808907,"{""type"":""MultiPoint"",""coordinates"":[]}"
20010601,2001-06-01,10.260833569904127,12.593052768901785,7.557375372526865,"{""type"":""MultiPoint"",""coordinates"":[]}"
20010602,2001-06-02,10.786166681114446,13.005972047301068,8.178117089181937,"{""type"":""MultiPoint"",""coordinates"":[]}"
20010603,2001-06-03,11.592754666702822,13.80285833867603,8.941733618962834,"{""type"":""MultiPoint"",""coordinates"":[]}"
20010604,2001-06-04,12.261702255730311,14.15164049107354,10.08999609877827,"{""type"":""MultiPoint"",""coordinates"":[]}"
20010605,2001-06-05,12.204461355758218,14.014822598307632,10.175267575496356,"{""type"":""MultiPoint"",""coordinates"":[]}"
20010606,2001-06-06,12.118368692710273,14.177518961655199,9.870154216683522,"{""type"":""MultiPoint"",""coordinates"":[]}"
20010607,2001-06-07,11.8113703710131,13.765768384350364,9.637568433629921,"{""type"":""MultiPoint"",""coordinates"":[]}"
20010608,2001-06-08,11.656476750521335,13.832892004103744,9.328956545180006,"{""type"":""MultiPoint"",""coordinates"":[]}"
20010609,2001-06-09,11.640013974670188,13.754250280119185,9.439788433777723,"{""type"":""MultiPoint"",""coordinates"":[]}"
20010610,2001-06-10,11.658717187115636,13.712780629203497,9.519247992529154,"{""type"":""MultiPoint"",""coordinates"":[]}"
20010611,2001-06-11,11.438681975453154,13.673761157767327,9.177134244525906,"{""type"":""MultiPoint"",""coordinates"":[]}"
20010612,2001-06-12,11.582661889720143,13.832727184595285,9.42139789346921,"{""type"":""MultiPoint"",""coordinates"":[]}"
20010613,2001-06-13,12.35135196031853,14.373001390092348,10.234361814916372,"{""type"":""MultiPoint"",""coordinates"":[]}"
20010614,2001-06-14,13.223962170276009,14.947425719954973,11.279001440717284,"{""type"":""MultiPoint"",""coordinates"":[]}"
20010615,2001-06-15,13.181662414578238,14.798858455380907,11.399009756571832,"{""type"":""MultiPoint"",""coordinates"":[]}"
20010616,2001-06-16,13.396123269471724,14.933810456376229,11.766037384382312,"{""type"":""MultiPoint"",""coordinates"":[]}"
20010617,2001-06-17,13.707078110228982,15.284651713618624,12.010991734982271,"{""type"":""MultiPoint"",""coordinates"":[]}"
20010618,2001-06-18,13.944637370767861,15.679561079006955,12.080017768275177,"{""type"":""MultiPoint"",""coordinates"":[]}"
20010619,2001-06-19,13.503308667014537,15.271778978343123,11.690102985399777,"{""type"":""MultiPoint"",""coordinates"":[]}"
20010620,2001-06-20,13.339679508658028,15.040843902915347,11.607536196104641,"{""type"":""MultiPoint"",""coordinates"":[]}"
20010621,2001-06-21,13.550799759291257,15.25897196847845,11.754947809564236,"{""type"":""MultiPoint"",""coordinates"":[]}"
20010622,2001-06-22,13.842136878135399,15.526164101171732,12.037455331332554,"{""type"":""MultiPoint"",""coordinates"":[]}"
20010623,2001-06-23,14.213621219756448,15.869381206614998,12.477771041306537,"{""type"":""MultiPoint"",""coordinates"":[]}"
20010624,2001-06-24,14.359425714933634,16.023718822903785,12.62210056383125,"{""type"":""MultiPoint"",""coordinates"":[]}"
20010625,2001-06-25,14.139914825118508,15.855128764802267,12.402278249319815,"{""type"":""MultiPoint"",""coordinates"":[]}"
20010626,2001-06-26,13.838380105845724,15.47036555730901,12.195585853108769,"{""type"":""MultiPoint"",""coordinates"":[]}"
20010627,2001-06-27,13.350434772372587,15.144917692192651,11.414008645088469,"{""type"":""MultiPoint"",""coordinates"":[]}"
20010628,2001-06-28,12.481977030393637,14.389480220976704,10.548069080860783,"{""type"":""MultiPoint"",""coordinates"":[]}"
20010629,2001-06-29,12.391011815498274,14.433199829722009,10.540449124349601,"{""type"":""MultiPoint"",""coordinates"":[]}"
20010630,2001-06-30,12.716305609777702,14.581213612057644,10.920673181853529,"{""type"":""MultiPoint"",""coordinates"":[]}"
20010701,2001-07-01,13.094605974245274,14.778549986947482,11.48168913918781,"{""type"":""MultiPoint"",""coordinates"":[]}"
20010702,2001-07-02,13.15799416556396,15.023350913471447,11.520494495366036,"{""type"":""MultiPoint"",""coordinates"":[]}"
20010703,2001-07-03,13.37637408106177,15.232877781859946,11.586292939173532,"{""type"":""MultiPoint"",""coordinates"":[]}"
20010704,2001-07-04,14.231175702880043,15.905253457615014,12.485460001573271,"{""type"":""MultiPoint"",""coordinates"":[]}"
20010705,2001-07-05,14.84963769307512,16.364451947967357,13.271111690786464,"{""type"":""MultiPoint"",""coordinates"":[]}"
20010706,2001-07-06,15.146953736441027,16.68738538473826,13.613212319292794,"{""type"":""MultiPoint"",""coordinates"":[]}"
20010707,2001-07-07,15.195727284385718,16.926893640019646,13.44869334941888,"{""type"":""MultiPoint"",""coordinates"":[]}"
20010708,2001-07-08,14.98377407770387,16.65509135069588,13.36710153648458,"{""type"":""MultiPoint"",""coordinates"":[]}"
20010709,2001-07-09,15.124104450096223,16.68884687977869,13.560547931796792,"{""type"":""MultiPoint"",""coordinates"":[]}"
20010710,2001-07-10,14.971237496436066,16.623072275939222,13.467533523957004,"{""type"":""MultiPoint"",""coordinates"":[]}"
20010711,2001-07-11,14.70087042223964,16.351247894623928,13.223875521293872,"{""type"":""MultiPoint"",""coordinates"":[]}"
20010712,2001-07-12,14.572223441013804,16.206590238197744,13.07196859694567,"{""type"":""MultiPoint"",""coordinates"":[]}"
20010713,2001-07-13,14.754859376923498,16.38805587952596,13.277590383278802,"{""type"":""MultiPoint"",""coordinates"":[]}"
20010714,2001-07-14,14.79675737113691,16.342188350888293,13.354730336096722,"{""type"":""MultiPoint"",""coordinates"":[]}"
20010715,2001-07-15,14.842707864069718,16.394006778437465,13.430030113528069,"{""type"":""MultiPoint"",""coordinates"":[]}"
20010716,2001-07-16,14.915359657574184,16.48233164716144,13.481843861353573,"{""type"":""MultiPoint"",""coordinates"":[]}"
20010717,2001-07-17,14.998595449481364,16.43042904249348,13.688241675686328,"{""type"":""MultiPoint"",""coordinates"":[]}"
20010718,2001-07-18,15.082770594772795,16.662773085193972,13.606521339954911,"{""type"":""MultiPoint"",""coordinates"":[]}"
20010719,2001-07-19,14.842819730098567,16.558290049153555,13.191450331031767,"{""type"":""MultiPoint"",""coordinates"":[]}"
20010720,2001-07-20,14.336923863277038,16.104764323534898,12.653541450045717,"{""type"":""MultiPoint"",""coordinates"":[]}"
20010721,2001-07-21,14.31008035012383,16.011840563057433,12.76293062842506,"{""type"":""MultiPoint"",""coordinates"":[]}"
20010722,2001-07-22,15.00305296864815,16.542004974064213,13.406052047550064,"{""type"":""MultiPoint"",""coordinates"":[]}"
20010723,2001-07-23,15.538726844950995,17.109567385568877,14.026469128970756,"{""type"":""MultiPoint"",""coordinates"":[]}"
20010724,2001-07-24,15.68716337886644,17.224708061788245,14.26905002070208,"{""type"":""MultiPoint"",""coordinates"":[]}"
20010725,2001-07-25,15.574523671927102,17.09583662778814,14.249152405037194,"{""type"":""MultiPoint"",""coordinates"":[]}"
20010726,2001-07-26,15.51656542258062,17.064785947654137,14.218926106638492,"{""type"":""MultiPoint"",""coordinates"":[]}"
20010727,2001-07-27,15.340020402593012,16.89015949793921,14.05702812881837,"{""type"":""MultiPoint"",""coordinates"":[]}"
20010728,2001-07-28,15.09824520630108,16.71348739289711,13.662526354824681,"{""type"":""MultiPoint"",""coordinates"":[]}"
20010729,2001-07-29,14.773257442096922,16.375003794795937,13.197861258766176,"{""type"":""MultiPoint"",""coordinates"":[]}"
20010730,2001-07-30,14.692732397931215,16.280276570223936,13.139151223033672,"{""type"":""MultiPoint"",""coordinates"":[]}"
20010731,2001-07-31,14.7878353021781,16.531331492728267,13.149635947288823,"{""type"":""MultiPoint"",""coordinates"":[]}"
20010801,2001-08-01,14.749103367565807,16.54807260427601,13.051970257307886,"{""type"":""MultiPoint"",""coordinates"":[]}"
20010802,2001-08-02,14.809244113463427,16.544052626655365,13.128618122296821,"{""type"":""MultiPoint"",""coordinates"":[]}"
20010803,2001-08-03,15.03512187886612,16.645063443525586,13.443037619568228,"{""type"":""MultiPoint"",""coordinates"":[]}"
20010804,2001-08-04,15.257657069262894,16.757627158142185,13.85213773243793,"{""type"":""MultiPoint"",""coordinates"":[]}"
20010805,2001-08-05,15.213178527071982,16.811744934614328,13.752083705691444,"{""type"":""MultiPoint"",""coordinates"":[]}"
20010806,2001-08-06,14.819963273855965,16.299046352524094,13.41125658095415,"{""type"":""MultiPoint"",""coordinates"":[]}"
20010807,2001-08-07,14.918850243885256,16.35312443068744,13.465026822869387,"{""type"":""MultiPoint"",""coordinates"":[]}"
20010808,2001-08-08,15.284441267113406,16.827577254942863,13.753369998310168,"{""type"":""MultiPoint"",""coordinates"":[]}"
20010809,2001-08-09,15.716412474036131,17.232382697159114,14.20578861716313,"{""type"":""MultiPoint"",""coordinates"":[]}"
20010810,2001-08-10,15.852616797685236,17.378191995144455,14.519473429078522,"{""type"":""MultiPoint"",""coordinates"":[]}"
20010811,2001-08-11,15.880141175748342,17.454339569470168,14.539123556008134,"{""type"":""MultiPoint"",""coordinates"":[]}"
20010812,2001-08-12,15.676219666286364,17.295216433894943,14.235537508410163,"{""type"":""MultiPoint"",""coordinates"":[]}"
20010813,2001-08-13,15.385317666447476,17.01007341145284,13.900120207865205,"{""type"":""MultiPoint"",""coordinates"":[]}"
20010814,2001-08-14,15.313691651205898,16.80495842855239,13.842987268961329,"{""type"":""MultiPoint"",""coordinates"":[]}"
20010815,2001-08-15,15.501457144126665,16.962997490945146,13.95085148377706,"{""type"":""MultiPoint"",""coordinates"":[]}"
20010816,2001-08-16,15.393440125042599,16.88964532164817,13.936502270940151,"{""type"":""MultiPoint"",""coordinates"":[]}"
20010817,2001-08-17,14.981045082240984,16.636952961352865,13.35655189125191,"{""type"":""MultiPoint"",""coordinates"":[]}"
20010818,2001-08-18,14.426932612985869,15.97470103803868,12.907080771077785,"{""type"":""MultiPoint"",""coordinates"":[]}"
20010819,2001-08-19,14.490759608513402,16.088231635706233,12.904053330747363,"{""type"":""MultiPoint"",""coordinates"":[]}"
20010820,2001-08-20,14.785494051126273,16.52883262240345,13.169698412717471,"{""type"":""MultiPoint"",""coordinates"":[]}"
20010821,2001-08-21,14.651683158827886,16.39643933184857,13.114882040279994,"{""type"":""MultiPoint"",""coordinates"":[]}"
20010822,2001-08-22,14.33513220833138,16.017246859553044,12.803463093905586,"{""type"":""MultiPoint"",""coordinates"":[]}"
20010823,2001-08-23,14.042548362340783,15.750104902732556,12.465156091160523,"{""type"":""MultiPoint"",""coordinates"":[]}"
20010824,2001-08-24,13.834961914354407,15.564803931306617,12.169206020904118,"{""type"":""MultiPoint"",""coordinates"":[]}"
20010825,2001-08-25,13.556996299217793,15.323854849350623,11.77674657774479,"{""type"":""MultiPoint"",""coordinates"":[]}"
20010826,2001-08-26,13.251334504548245,15.101216984947316,11.47988236009758,"{""type"":""MultiPoint"",""coordinates"":[]}"
20010827,2001-08-27,13.154189700651328,15.018411789727448,11.333617138046526,"{""type"":""MultiPoint"",""coordinates"":[]}"
20010828,2001-08-28,12.94193286219869,14.880674164885939,11.054439464003144,"{""type"":""MultiPoint"",""coordinates"":[]}"
20010829,2001-08-29,12.723830079364921,14.544247120783126,10.8301142515522,"{""type"":""MultiPoint"",""coordinates"":[]}"
20010830,2001-08-30,12.936713729181411,14.708534325974288,11.008725777096057,"{""type"":""MultiPoint"",""coordinates"":[]}"
20010831,2001-08-31,13.233341635756478,15.113865268027372,11.292843382266907,"{""type"":""MultiPoint"",""coordinates"":[]}"
20010901,2001-09-01,13.38349452991936,15.210458199131269,11.529759712430172,"{""type"":""MultiPoint"",""coordinates"":[]}"
20010902,2001-09-02,13.095027776128521,14.83010580497923,11.229647131446866,"{""type"":""MultiPoint"",""coordinates"":[]}"
20010903,2001-09-03,13.333448555506651,15.08999042082751,11.373787142505867,"{""type"":""MultiPoint"",""coordinates"":[]}"
20010904,2001-09-04,13.552080249756784,15.454152335793413,11.497735812291788,"{""type"":""MultiPoint"",""coordinates"":[]}"
20010905,2001-09-05,13.102369241076625,15.027409208008653,11.118038396314548,"{""type"":""MultiPoint"",""coordinates"":[]}"
20010906,2001-09-06,12.580219984793509,14.48733356456677,10.511585209465016,"{""type"":""MultiPoint"",""coordinates"":[]}"
20010907,2001-09-07,12.697931592887905,14.586758224526715,10.623225416112511,"{""type"":""MultiPoint"",""coordinates"":[]}"
20010908,2001-09-08,12.862861281688971,14.915752271149133,10.82136842795824,"{""type"":""MultiPoint"",""coordinates"":[]}"
20010909,2001-09-09,12.475796205250735,14.423747779852567,10.496030342693667,"{""type"":""MultiPoint"",""coordinates"":[]}"
20010910,2001-09-10,12.59058165021305,14.608757176236011,10.442222888139874,"{""type"":""MultiPoint"",""coordinates"":[]}"
20010911,2001-09-11,12.32797146748276,14.188591228229274,10.324972269625416,"{""type"":""MultiPoint"",""coordinates"":[]}"
20010912,2001-09-12,12.531519389236989,14.467014284601113,10.486266913311413,"{""type"":""MultiPoint"",""coordinates"":[]}"
20010913,2001-09-13,12.501386983835697,14.334049123302226,10.679175413775823,"{""type"":""MultiPoint"",""coordinates"":[]}"
20010914,2001-09-14,12.504709758147921,14.359049799907226,10.546876859744971,"{""type"":""MultiPoint"",""coordinates"":[]}"
20010915,2001-09-15,12.409467985795981,14.28234810017732,10.477617421153964,"{""type"":""MultiPoint"",""coordinates"":[]}"
20010916,2001-09-16,12.144014377251882,14.226959798120859,10.1239763170974,"{""type"":""MultiPoint"",""coordinates"":[]}"
20010917,2001-09-17,11.34773383391316,13.657396787272695,9.165698262846215,"{""type"":""MultiPoint"",""coordinates"":[]}"
20010918,2001-09-18,10.765191806922427,12.875263490168033,8.607758168160416,"{""type"":""MultiPoint"",""coordinates"":[]}"
20010919,2001-09-19,10.789374031977882,13.073641925102773,8.493378887799627,"{""type"":""MultiPoint"",""coordinates"":[]}"
20010920,2001-09-20,10.93587038765258,13.168674903856262,8.653979870474576,"{""type"":""MultiPoint"",""coordinates"":[]}"
20010921,2001-09-21,11.041875698959876,13.328818091938578,8.714431918279175,"{""type"":""MultiPoint"",""coordinates"":[]}"
20010922,2001-09-22,10.861535999870362,13.170705641856536,8.62240113851566,"{""type"":""MultiPoint"",""coordinates"":[]}"
20010923,2001-09-23,10.488283721162913,12.87629179096098,8.22959632695295,"{""type"":""MultiPoint"",""coordinates"":[]}"
20010924,2001-09-24,10.224568746302724,12.64379640929084,7.827892821997533,"{""type"":""MultiPoint"",""coordinates"":[]}"
20010925,2001-09-25,10.162559468574168,12.475305604835755,7.8173452200761435,"{""type"":""MultiPoint"",""coordinates"":[]}"
20010926,2001-09-26,10.0173412376525,12.339319523344688,7.730563749999771,"{""type"":""MultiPoint"",""coordinates"":[]}"
20010927,2001-09-27,9.53458370044643,12.052741719079046,7.014299048424534,"{""type"":""MultiPoint"",""coordinates"":[]}"
20010928,2001-09-28,8.707391234556138,11.354778332691215,6.020190431450797,"{""type"":""MultiPoint"",""coordinates"":[]}"
20010929,2001-09-29,9.086170412944124,11.503985712699405,6.302138779764895,"{""type"":""MultiPoint"",""coordinates"":[]}"
20010930,2001-09-30,9.97277759923119,12.384710281726525,7.405683049623102,"{""type"":""MultiPoint"",""coordinates"":[]}"
20011001,2001-10-01,10.299274097204533,12.499815347046612,8.099376218196184,"{""type"":""MultiPoint"",""coordinates"":[]}"
20011002,2001-10-02,10.153760554555813,12.124201612222253,8.091973057456128,"{""type"":""MultiPoint"",""coordinates"":[]}"
20011003,2001-10-03,10.610685610923404,12.510705390406981,8.39594790923462,"{""type"":""MultiPoint"",""coordinates"":[]}"
20011004,2001-10-04,10.84462272273953,12.759596570367094,8.74641368401096,"{""type"":""MultiPoint"",""coordinates"":[]}"
20011005,2001-10-05,10.148185692740894,12.238463136435977,7.8852678233554965,"{""type"":""MultiPoint"",""coordinates"":[]}"
20011006,2001-10-06,9.308918331353848,11.579652790409765,7.0495304057722885,"{""type"":""MultiPoint"",""coordinates"":[]}"
20011007,2001-10-07,8.638611298385193,11.028183175959262,6.2640549691451906,"{""type"":""MultiPoint"",""coordinates"":[]}"
20011008,2001-10-08,8.581483175419226,10.876809882659467,6.219415286619104,"{""type"":""MultiPoint"",""coordinates"":[]}"
20011009,2001-10-09,8.971747062180052,11.328960243206394,6.407169831299133,"{""type"":""MultiPoint"",""coordinates"":[]}"
20011010,2001-10-10,8.954554859205718,11.386281865408176,6.446178702558001,"{""type"":""MultiPoint"",""coordinates"":[]}"
20011011,2001-10-11,8.669816740415573,11.115061993956932,6.208999540937795,"{""type"":""MultiPoint"",""coordinates"":[]}"
20011012,2001-10-12,7.754917462748123,10.313399876890657,5.007507253167674,"{""type"":""MultiPoint"",""coordinates"":[]}"
20011013,2001-10-13,6.25218467886254,9.145206359931649,3.5269844488016746,"{""type"":""MultiPoint"",""coordinates"":[]}"
20011014,2001-10-14,5.755379556471485,8.65534160758488,2.6854330224519676,"{""type"":""MultiPoint"",""coordinates"":[]}"
20011015,2001-10-15,5.562760263107669,8.273339037110926,2.7968567203227677,"{""type"":""MultiPoint"",""coordinates"":[]}"
20011016,2001-10-16,5.190880703444048,7.945188469048324,2.306841763700033,"{""type"":""MultiPoint"",""coordinates"":[]}"
20011017,2001-10-17,4.739920924480802,7.45244838753195,1.9967031488446791,"{""type"":""MultiPoint"",""coordinates"":[]}"
20011018,2001-10-18,4.507128405442884,7.2017600222818015,1.631929474140509,"{""type"":""MultiPoint"",""coordinates"":[]}"
20011019,2001-10-19,4.937465106511983,7.601323765393389,2.1198261674926804,"{""type"":""MultiPoint"",""coordinates"":[]}"
20011020,2001-10-20,4.707366557805722,7.581075008288815,1.6677555445378485,"{""type"":""MultiPoint"",""coordinates"":[]}"
20011021,2001-10-21,5.018288848516636,7.837544922771395,2.0171974266335773,"{""type"":""MultiPoint"",""coordinates"":[]}"
20011022,2001-10-22,5.536544830134432,8.156226122367363,2.70154444420452,"{""type"":""MultiPoint"",""coordinates"":[]}"
20011023,2001-10-23,5.309216271666988,8.010165304972167,2.5284539798178316,"{""type"":""MultiPoint"",""coordinates"":[]}"
20011024,2001-10-24,4.617200301076095,7.619045035453674,1.2664500170610413,"{""type"":""MultiPoint"",""coordinates"":[]}"
20011025,2001-10-25,4.526568591004734,7.484891401960892,1.4184768357531974,"{""type"":""MultiPoint"",""coordinates"":[]}"
20011026,2001-10-26,3.9119550362538944,6.955174346508256,0.8143802843786654,"{""type"":""MultiPoint"",""coordinates"":[]}"
20011027,2001-10-27,4.01698412123899,7.008622157490639,0.8601170079189886,"{""type"":""MultiPoint"",""coordinates"":[]}"
20011028,2001-10-28,4.708126867232303,7.500421871396254,1.6189469664263034,"{""type"":""MultiPoint"",""coordinates"":[]}"
20011029,2001-10-29,5.312323671381567,7.942573025071819,2.285051638452838,"{""type"":""MultiPoint"",""coordinates"":[]}"
20011030,2001-10-30,5.161561367777862,7.631896643424723,2.499230536349132,"{""type"":""MultiPoint"",""coordinates"":[]}"
20011031,2001-10-31,5.100684991702852,7.6114597684184995,2.27402707862526,"{""type"":""MultiPoint"",""coordinates"":[]}"
20011101,2001-11-01,4.553567840362545,7.40527552789238,1.5681952479577561,"{""type"":""MultiPoint"",""coordinates"":[]}"
20011102,2001-11-02,4.561621957923359,7.2907743298965375,1.6456960812483656,"{""type"":""MultiPoint"",""coordinates"":[]}"
20011103,2001-11-03,4.145074654014913,7.052910625728878,1.0651013352528933,"{""type"":""MultiPoint"",""coordinates"":[]}"
20011104,2001-11-04,3.519762337418893,6.514892313780837,0.38505913487347315,"{""type"":""MultiPoint"",""coordinates"":[]}"
20011105,2001-11-05,2.9676199635122993,5.951130726272744,-0.27706644542249675,"{""type"":""MultiPoint"",""coordinates"":[]}"
20011106,2001-11-06,3.021894734700686,5.789418379544542,0.07733708077903424,"{""type"":""MultiPoint"",""coordinates"":[]}"
20011107,2001-11-07,2.801923978862223,5.45368151125843,0.07161397723949943,"{""type"":""MultiPoint"",""coordinates"":[]}"
20011108,2001-11-08,1.6919270283877281,4.553073457232541,-1.1232200760247337,"{""type"":""MultiPoint"",""coordinates"":[]}"
20011109,2001-11-09,0.17114414350724796,3.20819909060747,-3.0073448673097447,"{""type"":""MultiPoint"",""coordinates"":[]}"
20011110,2001-11-10,-0.16471515583463386,2.73075464285439,-3.2277957984668264,"{""type"":""MultiPoint"",""coordinates"":[]}"
20011111,2001-11-11,0.5408968670054093,3.1777016455533484,-2.4740140146587843,"{""type"":""MultiPoint"",""coordinates"":[]}"
20011112,2001-11-12,0.6533987860253554,3.386520095380205,-2.1397068975995035,"{""type"":""MultiPoint"",""coordinates"":[]}"
20011113,2001-11-13,0.0665736850295097,3.1414146981257143,-3.102907858561927,"{""type"":""MultiPoint"",""coordinates"":[]}"
20011114,2001-11-14,0.48905928452224845,3.3783837012689917,-2.598434259564639,"{""type"":""MultiPoint"",""coordinates"":[]}"
20011115,2001-11-15,1.169891233757377,3.942548303520619,-1.884556637634615,"{""type"":""MultiPoint"",""coordinates"":[]}"
20011116,2001-11-16,1.6809847758108845,4.364296113835139,-1.0801368164297596,"{""type"":""MultiPoint"",""coordinates"":[]}"
20011117,2001-11-17,1.4551816223112997,4.312289450900854,-1.419451688969484,"{""type"":""MultiPoint"",""coordinates"":[]}"
20011118,2001-11-18,0.20921534251644852,3.393698112517972,-2.73953693220639,"{""type"":""MultiPoint"",""coordinates"":[]}"
20011119,2001-11-19,-0.8166579089802345,2.2603044194488304,-3.8545505716749346,"{""type"":""MultiPoint"",""coordinates"":[]}"
20011120,2001-11-20,-0.440426824317688,2.563892241430384,-3.67846052298202,"{""type"":""MultiPoint"",""coordinates"":[]}"
20011121,2001-11-21,0.021638293020470514,2.836083047958208,-2.952411983128264,"{""type"":""MultiPoint"",""coordinates"":[]}"
20011122,2001-11-22,-3.164483900595642E-4,2.911515697109621,-2.840291296007222,"{""type"":""MultiPoint"",""coordinates"":[]}"
20011123,2001-11-23,-1.2809330371594434,2.180379052766551,-4.5856091527280824,"{""type"":""MultiPoint"",""coordinates"":[]}"
20011124,2001-11-24,-2.5039447292057715,0.8601022237747153,-5.834394073634481,"{""type"":""MultiPoint"",""coordinates"":[]}"
20011125,2001-11-25,-1.993743074241832,1.1421379466395465,-5.31596397724205,"{""type"":""MultiPoint"",""coordinates"":[]}"
20011126,2001-11-26,-1.1929780339113183,1.7320438306453418,-4.563105554054825,"{""type"":""MultiPoint"",""coordinates"":[]}"
20011127,2001-11-27,-0.6314083531926276,2.1545992476227918,-3.646469594369682,"{""type"":""MultiPoint"",""coordinates"":[]}"
20011128,2001-11-28,-1.545405229872731,1.3265472196447563,-4.399043912911747,"{""type"":""MultiPoint"",""coordinates"":[]}"
20011129,2001-11-29,-1.5950263104642863,0.9632315950971495,-4.47889101578453,"{""type"":""MultiPoint"",""coordinates"":[]}"
20011130,2001-11-30,-2.571991756236849,0.6640450044003616,-5.8616630816754665,"{""type"":""MultiPoint"",""coordinates"":[]}"
20011201,2001-12-01,-1.9834521040251658,0.842230265416065,-5.4042782802893115,"{""type"":""MultiPoint"",""coordinates"":[]}"
20011202,2001-12-02,-1.9047114734491133,0.9756674657003885,-5.0005853466033425,"{""type"":""MultiPoint"",""coordinates"":[]}"
20011203,2001-12-03,-0.6687543162754217,1.9391443336101966,-3.683309533261353,"{""type"":""MultiPoint"",""coordinates"":[]}"
20011204,2001-12-04,-0.31152892018334133,2.46216796742254,-3.284491313271312,"{""type"":""MultiPoint"",""coordinates"":[]}"
20011205,2001-12-05,-1.9017893113208941,1.3076400959912524,-5.0253580425850375,"{""type"":""MultiPoint"",""coordinates"":[]}"
20011206,2001-12-06,-1.9070503495202766,0.8875193271738937,-5.010106591637257,"{""type"":""MultiPoint"",""coordinates"":[]}"
20011207,2001-12-07,-0.7226998127383713,2.098468238055221,-4.061365583196582,"{""type"":""MultiPoint"",""coordinates"":[]}"
20011208,2001-12-08,-1.0289039384921266,1.7146874024002148,-3.922867138264089,"{""type"":""MultiPoint"",""coordinates"":[]}"
20011209,2001-12-09,-1.8869822553959197,1.1044915241995321,-5.078844560351471,"{""type"":""MultiPoint"",""coordinates"":[]}"
20011210,2001-12-10,-1.3160353651601235,1.524842146375218,-4.4877831709628815,"{""type"":""MultiPoint"",""coordinates"":[]}"
20011211,2001-12-11,-1.3533150392350972,1.2402876402127108,-4.1773288854453146,"{""type"":""MultiPoint"",""coordinates"":[]}"
20011212,2001-12-12,-2.170234911341815,0.8223321820723589,-5.420608853607126,"{""type"":""MultiPoint"",""coordinates"":[]}"
20011213,2001-12-13,-1.9843623769538068,0.9737816687800187,-5.403271186329783,"{""type"":""MultiPoint"",""coordinates"":[]}"
20011214,2001-12-14,-0.5091321194814741,2.1163552757667974,-3.746065439211018,"{""type"":""MultiPoint"",""coordinates"":[]}"
20011215,2001-12-15,-0.055011004125489746,2.4521906860151854,-3.097361095209594,"{""type"":""MultiPoint"",""coordinates"":[]}"
20011216,2001-12-16,-1.2861616612787847,1.581308408662479,-4.268793711657373,"{""type"":""MultiPoint"",""coordinates"":[]}"
20011217,2001-12-17,-1.3639819403047648,1.187945925693439,-4.253383860661465,"{""type"":""MultiPoint"",""coordinates"":[]}"
20011218,2001-12-18,-1.482144720522537,1.442548012244512,-4.669310805523394,"{""type"":""MultiPoint"",""coordinates"":[]}"
20011219,2001-12-19,-2.3004454363038085,0.7623000684890776,-5.904158979777449,"{""type"":""MultiPoint"",""coordinates"":[]}"
20011220,2001-12-20,-4.315541928868059,-0.9051489231472897,-7.638447972404225,"{""type"":""MultiPoint"",""coordinates"":[]}"
20011221,2001-12-21,-5.590876159343316,-2.3269876108932595,-8.89799362807936,"{""type"":""MultiPoint"",""coordinates"":[]}"
20011222,2001-12-22,-5.035530408066961,-2.089169065294666,-8.284038175656436,"{""type"":""MultiPoint"",""coordinates"":[]}"
20011223,2001-12-23,-4.006932955283797,-1.118603413408903,-7.1480055420702735,"{""type"":""MultiPoint"",""coordinates"":[]}"
20011224,2001-12-24,-3.371385318166092,-0.6530263383013537,-6.268799950244276,"{""type"":""MultiPoint"",""coordinates"":[]}"
20011225,2001-12-25,-2.8238804363838907,-0.260450351946512,-5.537577451999539,"{""type"":""MultiPoint"",""coordinates"":[]}"
20011226,2001-12-26,-2.243942297498494,0.2808679188078636,-4.927876066606373,"{""type"":""MultiPoint"",""coordinates"":[]}"
20011227,2001-12-27,-2.587921596825797,0.362253047742713,-5.693497511921091,"{""type"":""MultiPoint"",""coordinates"":[]}"
20011228,2001-12-28,-3.3953813439358322,-0.45508285892308986,-6.459052558374666,"{""type"":""MultiPoint"",""coordinates"":[]}"
20011229,2001-12-29,-3.869181351996645,-0.8615658006735116,-6.993941110092036,"{""type"":""MultiPoint"",""coordinates"":[]}"
20011230,2001-12-30,-4.378069210118264,-1.4396410887446247,-7.406649276496792,"{""type"":""MultiPoint"",""coordinates"":[]}"
20011231,2001-12-31,-4.999943646507532,-1.858103729062881,-8.339306807640357,"{""type"":""MultiPoint"",""coordinates"":[]}"
20020101,2002-01-01,-5.300312793278422,-2.1918789904876514,-8.492330480780685,"{""type"":""MultiPoint"",""coordinates"":[]}"
20020102,2002-01-02,-5.117702329048741,-1.9279363227320827,-8.613987646299364,"{""type"":""MultiPoint"",""coordinates"":[]}"
20020103,2002-01-03,-5.114179451119216,-2.0907502940266083,-8.184735918888986,"{""type"":""MultiPoint"",""coordinates"":[]}"
20020104,2002-01-04,-4.481705422301304,-1.6437746394295287,-7.586391950630222,"{""type"":""MultiPoint"",""coordinates"":[]}"
20020105,2002-01-05,-3.7770981515095565,-0.9942518280759811,-6.7902452233354715,"{""type"":""MultiPoint"",""coordinates"":[]}"
20020106,2002-01-06,-3.010169021182669,-0.29173511247647,-6.0662577534901425,"{""type"":""MultiPoint"",""coordinates"":[]}"
20020107,2002-01-07,-2.2726879957047075,0.2733162994879272,-5.28580716200676,"{""type"":""MultiPoint"",""coordinates"":[]}"
20020108,2002-01-08,-2.602102570245876,0.4121645583294221,-5.8131620805854824,"{""type"":""MultiPoint"",""coordinates"":[]}"
20020109,2002-01-09,-3.919209079074501,-0.6509462362318891,-7.326461789510071,"{""type"":""MultiPoint"",""coordinates"":[]}"
20020110,2002-01-10,-4.223248230290768,-1.2170939814894164,-7.5952246351201325,"{""type"":""MultiPoint"",""coordinates"":[]}"
20020111,2002-01-11,-4.269783750794363,-1.0634091375784263,-7.854010668960393,"{""type"":""MultiPoint"",""coordinates"":[]}"
20020112,2002-01-12,-4.09477449559405,-0.9316686351755054,-7.402948710849406,"{""type"":""MultiPoint"",""coordinates"":[]}"
20020113,2002-01-13,-1.9029880443043463,1.2917529636307061,-6.040397492875112,"{""type"":""MultiPoint"",""coordinates"":[]}"
20020114,2002-01-14,-0.7850416747411079,2.06886580442245,-3.9938760647444567,"{""type"":""MultiPoint"",""coordinates"":[]}"
20020115,2002-01-15,-0.8980926628302338,2.039462698849309,-4.090602411602817,"{""type"":""MultiPoint"",""coordinates"":[]}"
20020116,2002-01-16,-1.7208904547302997,1.6445268844626977,-5.47061168485011,"{""type"":""MultiPoint"",""coordinates"":[]}"
20020117,2002-01-17,-2.9231872018674845,-0.06908790654591582,-5.944050287878072,"{""type"":""MultiPoint"",""coordinates"":[]}"
20020118,2002-01-18,-2.5571528589126347,0.27141832033258084,-5.795285915800877,"{""type"":""MultiPoint"",""coordinates"":[]}"
20020119,2002-01-19,-3.4425969108467562,-0.5187717781414357,-6.699062634067703,"{""type"":""MultiPoint"",""coordinates"":[]}"
20020120,2002-01-20,-3.2928666799191206,-0.28035222826292455,-6.861772660284582,"{""type"":""MultiPoint"",""coordinates"":[]}"
20020121,2002-01-21,-3.3549391488342857,-0.4520835641363867,-6.460275983063741,"{""type"":""MultiPoint"",""coordinates"":[]}"
20020122,2002-01-22,-3.640641092259558,-0.8346506990406841,-6.5392581682488595,"{""type"":""MultiPoint"",""coordinates"":[]}"
20020123,2002-01-23,-3.531601995148923,-0.9348530946504352,-6.513660774295673,"{""type"":""MultiPoint"",""coordinates"":[]}"
20020124,2002-01-24,-4.239748477650622,-1.3198365174850824,-7.344530037845411,"{""type"":""MultiPoint"",""coordinates"":[]}"
20020125,2002-01-25,-4.4422394460596655,-1.3551312199201428,-7.867120585594764,"{""type"":""MultiPoint"",""coordinates"":[]}"
20020126,2002-01-26,-4.691701469473472,-1.4839780955403556,-8.076056831325506,"{""type"":""MultiPoint"",""coordinates"":[]}"
20020127,2002-01-27,-4.755301625517503,-1.4925420030068322,-8.306929915534802,"{""type"":""MultiPoint"",""coordinates"":[]}"
20020128,2002-01-28,-5.058116482191933,-1.8866153036038853,-8.665260292250153,"{""type"":""MultiPoint"",""coordinates"":[]}"
20020129,2002-01-29,-6.12292784969132,-2.971345036916669,-9.285501597018712,"{""type"":""MultiPoint"",""coordinates"":[]}"
20020130,2002-01-30,-6.7520815300676835,-3.5130496760812195,-10.270915364893643,"{""type"":""MultiPoint"",""coordinates"":[]}"
20020131,2002-01-31,-6.221295187632066,-3.2090722514266568,-9.694185751494635,"{""type"":""MultiPoint"",""coordinates"":[]}"
20020201,2002-02-01,-4.938491170364068,-1.8901602359499738,-8.322844067054264,"{""type"":""MultiPoint"",""coordinates"":[]}"
20020202,2002-02-02,-4.72120681766762,-1.3777876965574645,-8.58016686083865,"{""type"":""MultiPoint"",""coordinates"":[]}"
20020203,2002-02-03,-5.821056867260766,-2.461126258657298,-9.214279355651394,"{""type"":""MultiPoint"",""coordinates"":[]}"
20020204,2002-02-04,-6.137154693273631,-2.7548993244150104,-9.790123770891046,"{""type"":""MultiPoint"",""coordinates"":[]}"
20020205,2002-02-05,-3.7770035177011154,-0.6754899786050987,-7.873747460262716,"{""type"":""MultiPoint"",""coordinates"":[]}"
20020206,2002-02-06,-2.600411894995654,0.37096592933812467,-5.9031454823840335,"{""type"":""MultiPoint"",""coordinates"":[]}"
20020207,2002-02-07,-2.913377718162758,0.12248422070928106,-6.207738499636999,"{""type"":""MultiPoint"",""coordinates"":[]}"
20020208,2002-02-08,-2.5970913804559634,0.5681013761740861,-5.971909286885829,"{""type"":""MultiPoint"",""coordinates"":[]}"
20020209,2002-02-09,-2.958578891317056,0.2327135632201158,-6.530776061309497,"{""type"":""MultiPoint"",""coordinates"":[]}"
20020210,2002-02-10,-3.0939965154148643,0.0939906364642289,-6.63030121389922,"{""type"":""MultiPoint"",""coordinates"":[]}"
20020211,2002-02-11,-1.4268830225754738,1.9034517161688012,-5.744778071165499,"{""type"":""MultiPoint"",""coordinates"":[]}"
20020212,2002-02-12,-1.057060432664049,2.4676283610885252,-5.054767541435512,"{""type"":""MultiPoint"",""coordinates"":[]}"
20020213,2002-02-13,-2.9558198648354463,0.5227799532536941,-6.640543848987061,"{""type"":""MultiPoint"",""coordinates"":[]}"
20020214,2002-02-14,-2.672641385772675,0.4679109952749326,-6.39122870284844,"{""type"":""MultiPoint"",""coordinates"":[]}"
20020215,2002-02-15,-2.7324953413093573,0.48132777763570034,-6.202369773295079,"{""type"":""MultiPoint"",""coordinates"":[]}"
20020216,2002-02-16,-1.4682503064223889,1.617258338092474,-5.206853951723755,"{""type"":""MultiPoint"",""coordinates"":[]}"
20020217,2002-02-17,-0.28205708101057775,2.7884823816992528,-3.7402719154410358,"{""type"":""MultiPoint"",""coordinates"":[]}"
20020218,2002-02-18,-0.19207451837746703,3.086731562181971,-4.052755585457498,"{""type"":""MultiPoint"",""coordinates"":[]}"
20020219,2002-02-19,-1.193704281433986,2.220943551573727,-4.758658155086639,"{""type"":""MultiPoint"",""coordinates"":[]}"
20020220,2002-02-20,-1.5902440066727026,2.0230297543701825,-5.626528174203536,"{""type"":""MultiPoint"",""coordinates"":[]}"
20020221,2002-02-21,-1.248640484006508,2.1843045016183638,-4.941319458232404,"{""type"":""MultiPoint"",""coordinates"":[]}"
20020222,2002-02-22,-1.027982047175263,2.2711438067995595,-4.725870912407656,"{""type"":""MultiPoint"",""coordinates"":[]}"
20020223,2002-02-23,-0.577464282586411,2.7050072323151744,-4.352425206223867,"{""type"":""MultiPoint"",""coordinates"":[]}"
20020224,2002-02-24,-1.0719774072229897,2.146283474963601,-4.539990049543994,"{""type"":""MultiPoint"",""coordinates"":[]}"
20020225,2002-02-25,-1.3889953135098916,2.0224210505034845,-5.132395418017445,"{""type"":""MultiPoint"",""coordinates"":[]}"
20020226,2002-02-26,-2.459992074475686,0.9993418582016053,-6.216125495136656,"{""type"":""MultiPoint"",""coordinates"":[]}"
20020227,2002-02-27,-2.2803406710828864,0.9272267748730044,-5.837454084043205,"{""type"":""MultiPoint"",""coordinates"":[]}"
20020228,2002-02-28,-1.8550591387326338,1.3911141612714943,-5.466777927930884,"{""type"":""MultiPoint"",""coordinates"":[]}"
20020301,2002-03-01,-0.1367131389055547,2.9400717166796397,-4.144149027697863,"{""type"":""MultiPoint"",""coordinates"":[]}"
20020302,2002-03-02,0.7564521520062097,3.836664079424116,-2.8295519771483746,"{""type"":""MultiPoint"",""coordinates"":[]}"
20020303,2002-03-03,-1.1790755844625216,2.7229439772452544,-5.405072918618691,"{""type"":""MultiPoint"",""coordinates"":[]}"
20020304,2002-03-04,-3.1989946196226224,0.3651135695776411,-7.085519983727409,"{""type"":""MultiPoint"",""coordinates"":[]}"
20020305,2002-03-05,-3.7307884018456123,-0.02258433691859349,-7.5210434153335655,"{""type"":""MultiPoint"",""coordinates"":[]}"
20020306,2002-03-06,-4.624292378972728,-0.6168820796904254,-8.874558581814686,"{""type"":""MultiPoint"",""coordinates"":[]}"
20020307,2002-03-07,-3.954954702126303,0.12417605769091696,-8.371731720011029,"{""type"":""MultiPoint"",""coordinates"":[]}"
20020308,2002-03-08,-0.9726192084317423,2.5839150468147265,-5.653107779992766,"{""type"":""MultiPoint"",""coordinates"":[]}"
20020309,2002-03-09,0.3975653056343195,3.7824328052601124,-3.3215551936440915,"{""type"":""MultiPoint"",""coordinates"":[]}"
20020310,2002-03-10,0.3747895520461313,3.825785346069043,-3.5486477672093004,"{""type"":""MultiPoint"",""coordinates"":[]}"
20020311,2002-03-11,-0.5368423964147017,3.1517793347769354,-4.321451074944737,"{""type"":""MultiPoint"",""coordinates"":[]}"
20020312,2002-03-12,-0.7905654693262085,2.717329816825101,-4.7338735923151125,"{""type"":""MultiPoint"",""coordinates"":[]}"
20020313,2002-03-13,-0.4198266222984366,3.1230910769136084,-4.3308117176629235,"{""type"":""MultiPoint"",""coordinates"":[]}"
20020314,2002-03-14,-0.2905072449460108,3.4187051587168487,-4.27159097636543,"{""type"":""MultiPoint"",""coordinates"":[]}"
20020315,2002-03-15,-0.23688351193563176,3.3186999134971806,-4.1188333561072685,"{""type"":""MultiPoint"",""coordinates"":[]}"
20020316,2002-03-16,-1.6086061599884989,2.509754441744971,-5.4341733395798135,"{""type"":""MultiPoint"",""coordinates"":[]}"
20020317,2002-03-17,-2.030049097707,1.8762912657571111,-6.1100120139318115,"{""type"":""MultiPoint"",""coordinates"":[]}"
20020318,2002-03-18,-1.9428822554260872,2.0941652670527864,-5.868561654883172,"{""type"":""MultiPoint"",""coordinates"":[]}"
20020319,2002-03-19,-1.316505379087777,2.8449492105838163,-5.573613630534561,"{""type"":""MultiPoint"",""coordinates"":[]}"
20020320,2002-03-20,-0.4968227757422628,3.4886288756371244,-4.655768482908909,"{""type"":""MultiPoint"",""coordinates"":[]}"
20020321,2002-03-21,0.7923371374094609,4.7017713393180065,-3.6113535843469906,"{""type"":""MultiPoint"",""coordinates"":[]}"
20020322,2002-03-22,1.6516444778128165,5.43293926608782,-2.5017148677926113,"{""type"":""MultiPoint"",""coordinates"":[]}"
20020323,2002-03-23,1.1793440003890794,5.255881988334471,-3.1180907408482117,"{""type"":""MultiPoint"",""coordinates"":[]}"
20020324,2002-03-24,1.6031991819525404,5.426333955531494,-2.943411882665163,"{""type"":""MultiPoint"",""coordinates"":[]}"
20020325,2002-03-25,1.3059705633307555,5.157297955276417,-2.965975565134239,"{""type"":""MultiPoint"",""coordinates"":[]}"
20020326,2002-03-26,1.0749382175516942,4.695430738582375,-2.7992245049370026,"{""type"":""MultiPoint"",""coordinates"":[]}"
20020327,2002-03-27,0.3918196132176287,3.9360254342403485,-3.6477356539621426,"{""type"":""MultiPoint"",""coordinates"":[]}"
20020328,2002-03-28,-0.9010594904361687,3.164671596988181,-4.946878236261465,"{""type"":""MultiPoint"",""coordinates"":[]}"
20020329,2002-03-29,-1.3807202472017068,2.6800851297581065,-5.593158758499626,"{""type"":""MultiPoint"",""coordinates"":[]}"
20020330,2002-03-30,-0.7594021275266624,3.5572602800301656,-5.5483921084728145,"{""type"":""MultiPoint"",""coordinates"":[]}"
20020331,2002-03-31,0.8451195657894828,4.802853042909095,-3.6046215460346036,"{""type"":""MultiPoint"",""coordinates"":[]}"
20020401,2002-04-01,1.851637030136166,5.935892632634115,-2.98607257707112,"{""type"":""MultiPoint"",""coordinates"":[]}"
20020402,2002-04-02,1.283514424490324,5.42169857508097,-3.2449130024153052,"{""type"":""MultiPoint"",""coordinates"":[]}"
20020403,2002-04-03,0.06056020508495064,4.390752201537052,-4.449837494545635,"{""type"":""MultiPoint"",""coordinates"":[]}"
20020404,2002-04-04,0.37744030939770795,4.599763017070856,-4.174000300782254,"{""type"":""MultiPoint"",""coordinates"":[]}"
20020405,2002-04-05,2.4756885606583228,6.133531973507867,-1.9523986148437151,"{""type"":""MultiPoint"",""coordinates"":[]}"
20020406,2002-04-06,3.659892569191372,6.984695093322364,-0.10902177649717938,"{""type"":""MultiPoint"",""coordinates"":[]}"
20020407,2002-04-07,4.533325370772675,7.645226386647812,0.8093288612038959,"{""type"":""MultiPoint"",""coordinates"":[]}"
20020408,2002-04-08,4.563712855975256,7.637343054398077,0.854085636719341,"{""type"":""MultiPoint"",""coordinates"":[]}"
20020409,2002-04-09,3.3986441711540256,7.091203489369201,-0.38447838489865055,"{""type"":""MultiPoint"",""coordinates"":[]}"
20020410,2002-04-10,0.8390828996335019,4.505483020112047,-2.6923561740266724,"{""type"":""MultiPoint"",""coordinates"":[]}"
20020411,2002-04-11,0.6907353649568522,4.470850390889034,-3.1950357548671953,"{""type"":""MultiPoint"",""coordinates"":[]}"
20020412,2002-04-12,1.2425618209389553,5.041025498655734,-2.901218623976369,"{""type"":""MultiPoint"",""coordinates"":[]}"
20020413,2002-04-13,2.6729558185313897,6.538516220616535,-1.9183008264874777,"{""type"":""MultiPoint"",""coordinates"":[]}"
20020414,2002-04-14,4.543790001193133,7.840214201216757,0.6600526007483443,"{""type"":""MultiPoint"",""coordinates"":[]}"
20020415,2002-04-15,4.997497135361895,8.182368458486472,1.4058040877292384,"{""type"":""MultiPoint"",""coordinates"":[]}"
20020416,2002-04-16,4.911303987692443,8.098156469985096,1.3843620886091341,"{""type"":""MultiPoint"",""coordinates"":[]}"
20020417,2002-04-17,4.941460043565617,8.043513670601556,1.3513058428058655,"{""type"":""MultiPoint"",""coordinates"":[]}"
20020418,2002-04-18,4.218883513287867,7.765275162439294,0.4244926708883782,"{""type"":""MultiPoint"",""coordinates"":[]}"
20020419,2002-04-19,2.5353467456435284,6.6017078798558035,-1.5737389609437689,"{""type"":""MultiPoint"",""coordinates"":[]}"
20020420,2002-04-20,3.042942429963673,6.923351626803349,-1.241501388494738,"{""type"":""MultiPoint"",""coordinates"":[]}"
20020421,2002-04-21,3.8226667199858224,7.359112472262908,-0.19847979478797095,"{""type"":""MultiPoint"",""coordinates"":[]}"
20020422,2002-04-22,4.878729236457147,8.146273308229526,0.8679258566161325,"{""type"":""MultiPoint"",""coordinates"":[]}"
20020423,2002-04-23,5.854380427246441,9.174917814317592,2.102901011228185,"{""type"":""MultiPoint"",""coordinates"":[]}"
20020424,2002-04-24,5.816731181467268,9.144069384279947,2.118943425924218,"{""type"":""MultiPoint"",""coordinates"":[]}"
20020425,2002-04-25,5.044283710679944,8.739647235089722,1.1359001491361274,"{""type"":""MultiPoint"",""coordinates"":[]}"
20020426,2002-04-26,3.9080808946777914,8.125638221646414,-0.28600855530162006,"{""type"":""MultiPoint"",""coordinates"":[]}"
20020427,2002-04-27,1.8891352031362865,6.590658849232084,-2.784438604292964,"{""type"":""MultiPoint"",""coordinates"":[]}"
20020428,2002-04-28,2.012708246775582,6.229574110909539,-2.38334883319159,"{""type"":""MultiPoint"",""coordinates"":[]}"
20020429,2002-04-29,2.0341200907189396,6.421293844254829,-2.4959356111419027,"{""type"":""MultiPoint"",""coordinates"":[]}"
20020430,2002-04-30,1.915949856793634,6.216141736146447,-2.6971655286768863,"{""type"":""MultiPoint"",""coordinates"":[]}"
20020501,2002-05-01,3.1434166839612265,6.89647569531143,-0.8992687378501995,"{""type"":""MultiPoint"",""coordinates"":[]}"
20020502,2002-05-02,3.970564283182924,7.52629321288458,0.040228577019058215,"{""type"":""MultiPoint"",""coordinates"":[]}"
20020503,2002-05-03,4.45075377256766,7.951529892861323,0.4661639009118388,"{""type"":""MultiPoint"",""coordinates"":[]}"
20020504,2002-05-04,4.236708424452835,7.757427471049087,0.4637528146668218,"{""type"":""MultiPoint"",""coordinates"":[]}"
20020505,2002-05-05,4.701849129849809,8.190161963139875,0.8812286510282412,"{""type"":""MultiPoint"",""coordinates"":[]}"
20020506,2002-05-06,5.3582816511282205,8.87181419696928,1.30261200650275,"{""type"":""MultiPoint"",""coordinates"":[]}"
20020507,2002-05-07,6.232664054429613,9.728312863466108,2.2408342678403295,"{""type"":""MultiPoint"",""coordinates"":[]}"
20020508,2002-05-08,6.094363194015015,9.696387240154426,2.1696186837748828,"{""type"":""MultiPoint"",""coordinates"":[]}"
20020509,2002-05-09,6.42926857985742,9.725938845826144,2.7425630786312465,"{""type"":""MultiPoint"",""coordinates"":[]}"
20020510,2002-05-10,6.923509512827193,10.478649487978831,3.0431149095005203,"{""type"":""MultiPoint"",""coordinates"":[]}"
20020511,2002-05-11,6.816511082549814,10.199917354327281,3.183257988642792,"{""type"":""MultiPoint"",""coordinates"":[]}"
20020512,2002-05-12,6.446617422677693,10.180823626528634,2.4118984452621124,"{""type"":""MultiPoint"",""coordinates"":[]}"
20020513,2002-05-13,7.651977183720194,10.863307130265238,3.9739118694427336,"{""type"":""MultiPoint"",""coordinates"":[]}"
20020514,2002-05-14,9.132184916477646,11.925492148558904,5.875592109748776,"{""type"":""MultiPoint"",""coordinates"":[]}"
20020515,2002-05-15,9.716763526166607,12.38560106984303,6.665140524996951,"{""type"":""MultiPoint"",""coordinates"":[]}"
20020516,2002-05-16,9.137590988911274,12.194774172349186,5.929037918777523,"{""type"":""MultiPoint"",""coordinates"":[]}"
20020517,2002-05-17,8.006156434175004,11.382691095118455,4.660758125623492,"{""type"":""MultiPoint"",""coordinates"":[]}"
20020518,2002-05-18,7.420988933136636,11.015335830620286,3.7932890373269714,"{""type"":""MultiPoint"",""coordinates"":[]}"
20020519,2002-05-19,6.622507415783295,10.05201796832942,3.228302675757199,"{""type"":""MultiPoint"",""coordinates"":[]}"
20020520,2002-05-20,5.793684427069652,9.388891082615448,2.0876723182827592,"{""type"":""MultiPoint"",""coordinates"":[]}"
20020521,2002-05-21,5.42857097466288,9.289637681483294,1.5143296582001882,"{""type"":""MultiPoint"",""coordinates"":[]}"
20020522,2002-05-22,5.217635028335923,8.944163801612678,1.201241023859093,"{""type"":""MultiPoint"",""coordinates"":[]}"
20020523,2002-05-23,6.528488471496643,9.894462718031555,2.8205781897351714,"{""type"":""MultiPoint"",""coordinates"":[]}"
20020524,2002-05-24,7.388892279078385,10.525039340769236,3.785295298214936,"{""type"":""MultiPoint"",""coordinates"":[]}"
20020525,2002-05-25,8.137237585221587,10.90518649983984,4.762215348882336,"{""type"":""MultiPoint"",""coordinates"":[]}"
20020526,2002-05-26,8.674679215366176,11.239096548910387,5.626781382342978,"{""type"":""MultiPoint"",""coordinates"":[]}"
20020527,2002-05-27,8.21921826392289,11.118691691948131,4.938682386521676,"{""type"":""MultiPoint"",""coordinates"":[]}"
20020528,2002-05-28,8.67389345385036,11.570379705761912,5.238775738122455,"{""type"":""MultiPoint"",""coordinates"":[]}"
20020529,2002-05-29,9.98650574962923,12.456108509653284,6.893092295890501,"{""type"":""MultiPoint"",""coordinates"":[]}"
20020530,2002-05-30,10.84715302909029,13.13361742662365,8.006444380685984,"{""type"":""MultiPoint"",""coordinates"":[]}"
20020531,2002-05-31,10.645324805820334,13.051454362129416,7.79432114077609,"{""type"":""MultiPoint"",""coordinates"":[]}"
20020601,2002-06-01,10.403323114975482,12.894037416725908,7.543484188225462,"{""type"":""MultiPoint"",""coordinates"":[]}"
20020602,2002-06-02,10.813754310684303,13.157581651039337,8.07404172784299,"{""type"":""MultiPoint"",""coordinates"":[]}"
20020603,2002-06-03,11.178305628514149,13.432586432226366,8.721072071899256,"{""type"":""MultiPoint"",""coordinates"":[]}"
20020604,2002-06-04,11.57632748735585,13.786309482089647,9.203933426517704,"{""type"":""MultiPoint"",""coordinates"":[]}"
20020605,2002-06-05,11.77658701077165,14.007109897332544,9.337142082843199,"{""type"":""MultiPoint"",""coordinates"":[]}"
20020606,2002-06-06,11.67576469498354,13.91101218012764,9.233910112062686,"{""type"":""MultiPoint"",""coordinates"":[]}"
20020607,2002-06-07,10.90792777262682,13.484469896710866,8.183670779469384,"{""type"":""MultiPoint"",""coordinates"":[]}"
20020608,2002-06-08,9.717682290141775,12.764318853231952,6.675810102526065,"{""type"":""MultiPoint"",""coordinates"":[]}"
20020609,2002-06-09,10.19740710566994,12.959892379195567,7.142436124034741,"{""type"":""MultiPoint"",""coordinates"":[]}"
20020610,2002-06-10,11.422242578344001,13.916174355495691,8.520718132924632,"{""type"":""MultiPoint"",""coordinates"":[]}"
20020611,2002-06-11,11.890437187205624,14.148735060123673,9.353796975995515,"{""type"":""MultiPoint"",""coordinates"":[]}"
20020612,2002-06-12,12.341482950665469,14.52077293470985,10.060614483756552,"{""type"":""MultiPoint"",""coordinates"":[]}"
20020613,2002-06-13,12.399542151404527,14.533816230658134,10.136952535514375,"{""type"":""MultiPoint"",""coordinates"":[]}"
20020614,2002-06-14,12.639561217260677,14.647122089753532,10.4370451494675,"{""type"":""MultiPoint"",""coordinates"":[]}"
20020615,2002-06-15,12.768856201017234,14.784367329646633,10.510849540253929,"{""type"":""MultiPoint"",""coordinates"":[]}"
20020616,2002-06-16,13.121774066028593,15.009319677478686,10.975578435655281,"{""type"":""MultiPoint"",""coordinates"":[]}"
20020617,2002-06-17,13.476216989212416,15.39642978266174,11.333339882839557,"{""type"":""MultiPoint"",""coordinates"":[]}"
20020618,2002-06-18,13.032165676548138,15.211645960911516,10.736753194889141,"{""type"":""MultiPoint"",""coordinates"":[]}"
20020619,2002-06-19,13.047414234498786,15.056318967082738,10.85733668295754,"{""type"":""MultiPoint"",""coordinates"":[]}"
20020620,2002-06-20,12.91029461508145,14.83371414531577,10.944907054443794,"{""type"":""MultiPoint"",""coordinates"":[]}"
20020621,2002-06-21,12.54819832752423,14.601904044135392,10.44735939249566,"{""type"":""MultiPoint"",""coordinates"":[]}"
20020622,2002-06-22,12.03338672955781,14.229877667119904,9.770394179050433,"{""type"":""MultiPoint"",""coordinates"":[]}"
20020623,2002-06-23,12.222327098857997,14.644677029098379,9.721981625360586,"{""type"":""MultiPoint"",""coordinates"":[]}"
20020624,2002-06-24,12.988318270776032,15.16244185181337,10.654066699321335,"{""type"":""MultiPoint"",""coordinates"":[]}"
20020625,2002-06-25,13.766188444248675,15.635726097335795,11.511467443039459,"{""type"":""MultiPoint"",""coordinates"":[]}"
20020626,2002-06-26,14.097225623945592,15.856162911974025,12.244970628813556,"{""type"":""MultiPoint"",""coordinates"":[]}"
20020627,2002-06-27,14.436098876071771,16.16373361596494,12.693021599920325,"{""type"":""MultiPoint"",""coordinates"":[]}"
20020628,2002-06-28,14.633492633288059,16.390295180767374,12.855496000279043,"{""type"":""MultiPoint"",""coordinates"":[]}"
20020629,2002-06-29,14.470347264394466,16.285665007808152,12.663719777477615,"{""type"":""MultiPoint"",""coordinates"":[]}"
20020630,2002-06-30,14.464696029549465,16.27111067128126,12.612776571880739,"{""type"":""MultiPoint"",""coordinates"":[]}"
20020701,2002-07-01,14.267351511990078,15.96993414563388,12.560633945564957,"{""type"":""MultiPoint"",""coordinates"":[]}"
20020702,2002-07-02,14.106683987492131,15.916150244458317,12.2637287225065,"{""type"":""MultiPoint"",""coordinates"":[]}"
20020703,2002-07-03,14.223559916446153,15.995578674185095,12.451962414711307,"{""type"":""MultiPoint"",""coordinates"":[]}"
20020704,2002-07-04,14.488015765409685,16.158910886325746,12.734595423403155,"{""type"":""MultiPoint"",""coordinates"":[]}"
20020705,2002-07-05,14.557786775924392,16.2388447540652,12.931340968606172,"{""type"":""MultiPoint"",""coordinates"":[]}"
20020706,2002-07-06,14.28296501831136,16.114598642225452,12.53884571961349,"{""type"":""MultiPoint"",""coordinates"":[]}"
20020707,2002-07-07,13.970499246426515,15.77299950347954,12.159244870113987,"{""type"":""MultiPoint"",""coordinates"":[]}"
20020708,2002-07-08,13.948159735837423,15.810767338180742,12.0608966168641,"{""type"":""MultiPoint"",""coordinates"":[]}"
20020709,2002-07-09,14.198148541047274,16.043579396454927,12.31292355061462,"{""type"":""MultiPoint"",""coordinates"":[]}"
20020710,2002-07-10,14.116763650125582,15.927430347284622,12.316133228234095,"{""type"":""MultiPoint"",""coordinates"":[]}"
20020711,2002-07-11,14.008033723747232,15.925887302651718,12.103330849175716,"{""type"":""MultiPoint"",""coordinates"":[]}"
20020712,2002-07-12,13.992361653531853,15.851068518926372,12.11548536753808,"{""type"":""MultiPoint"",""coordinates"":[]}"
20020713,2002-07-13,14.068608617166712,15.875403057677856,12.2988971091213,"{""type"":""MultiPoint"",""coordinates"":[]}"
20020714,2002-07-14,14.19110904257456,15.993353395868398,12.39348377266471,"{""type"":""MultiPoint"",""coordinates"":[]}"
20020715,2002-07-15,14.37941914433849,16.097181630209985,12.613552162870283,"{""type"":""MultiPoint"",""coordinates"":[]}"
20020716,2002-07-16,14.61997789206257,16.402786660703853,12.896781239991919,"{""type"":""MultiPoint"",""coordinates"":[]}"
20020717,2002-07-17,14.820177146299207,16.539170724077977,13.18752913505707,"{""type"":""MultiPoint"",""coordinates"":[]}"
20020718,2002-07-18,15.174684938826298,16.825842969866255,13.645662881917128,"{""type"":""MultiPoint"",""coordinates"":[]}"
20020719,2002-07-19,14.992310531259468,16.65666505660211,13.527882455202489,"{""type"":""MultiPoint"",""coordinates"":[]}"
20020720,2002-07-20,14.774786173448797,16.46391384114572,13.235844578647221,"{""type"":""MultiPoint"",""coordinates"":[]}"
20020721,2002-07-21,14.465420167044755,16.054834917532457,12.971713996438078,"{""type"":""MultiPoint"",""coordinates"":[]}"
20020722,2002-07-22,14.375842355908821,16.016890468527905,12.826223500759381,"{""type"":""MultiPoint"",""coordinates"":[]}"
20020723,2002-07-23,14.249931504700662,15.935534216897954,12.611789773618213,"{""type"":""MultiPoint"",""coordinates"":[]}"
20020724,2002-07-24,13.876071174288384,15.696862631537039,12.033772855919203,"{""type"":""MultiPoint"",""coordinates"":[]}"
20020725,2002-07-25,13.933204351558667,15.707377279421722,12.06737636049827,"{""type"":""MultiPoint"",""coordinates"":[]}"
20020726,2002-07-26,13.98682384734054,15.687684104471428,12.31171548986598,"{""type"":""MultiPoint"",""coordinates"":[]}"
20020727,2002-07-27,14.181914365444502,15.763258055412166,12.602364124322401,"{""type"":""MultiPoint"",""coordinates"":[]}"
20020728,2002-07-28,14.466659513912026,16.12443025801235,12.821311636536358,"{""type"":""MultiPoint"",""coordinates"":[]}"
20020729,2002-07-29,14.455059991378022,16.133051716689412,12.863799790763366,"{""type"":""MultiPoint"",""coordinates"":[]}"
20020730,2002-07-30,14.368781095459749,16.114760687976197,12.711579658250951,"{""type"":""MultiPoint"",""coordinates"":[]}"
20020731,2002-07-31,14.771992132957072,16.568958431743205,13.087388914619025,"{""type"":""MultiPoint"",""coordinates"":[]}"
20020801,2002-08-01,15.181042509043158,16.916438378753696,13.57768576335353,"{""type"":""MultiPoint"",""coordinates"":[]}"
20020802,2002-08-02,15.201503170228001,16.86759893430896,13.676121458330433,"{""type"":""MultiPoint"",""coordinates"":[]}"
20020803,2002-08-03,15.20603690003504,16.83795197358467,13.716361107128765,"{""type"":""MultiPoint"",""coordinates"":[]}"
20020804,2002-08-04,15.349574412094444,16.97205690361076,13.846979772169187,"{""type"":""MultiPoint"",""coordinates"":[]}"
20020805,2002-08-05,15.47699364575128,17.0470738136497,13.999853904793643,"{""type"":""MultiPoint"",""coordinates"":[]}"
20020806,2002-08-06,15.575228771271314,17.08391874498287,14.163556126332919,"{""type"":""MultiPoint"",""coordinates"":[]}"
20020807,2002-08-07,15.57985762841601,17.156482999444272,14.156562390312235,"{""type"":""MultiPoint"",""coordinates"":[]}"
20020808,2002-08-08,15.446157354266994,17.130254931848704,13.936976007631857,"{""type"":""MultiPoint"",""coordinates"":[]}"
20020809,2002-08-09,15.195578801211239,16.854505403979967,13.734302327556993,"{""type"":""MultiPoint"",""coordinates"":[]}"
20020810,2002-08-10,14.89847270985747,16.505114185200565,13.457677775284381,"{""type"":""MultiPoint"",""coordinates"":[]}"
20020811,2002-08-11,14.066477549973571,15.66059916471439,12.661040919202131,"{""type"":""MultiPoint"",""coordinates"":[]}"
20020812,2002-08-12,13.769418513845205,15.260867824068777,12.408613122522558,"{""type"":""MultiPoint"",""coordinates"":[]}"
20020813,2002-08-13,13.983389029655102,15.559761103410258,12.495198759044545,"{""type"":""MultiPoint"",""coordinates"":[]}"
20020814,2002-08-14,14.198154635883624,15.798615573691706,12.623778566395686,"{""type"":""MultiPoint"",""coordinates"":[]}"
20020815,2002-08-15,14.224056186465296,15.826091794569425,12.691273522557559,"{""type"":""MultiPoint"",""coordinates"":[]}"
20020816,2002-08-16,14.061693408415886,15.959848028715845,12.339070634520237,"{""type"":""MultiPoint"",""coordinates"":[]}"
20020817,2002-08-17,13.806940373265995,15.633505913437201,12.087326368657154,"{""type"":""MultiPoint"",""coordinates"":[]}"
20020818,2002-08-18,13.877482444304384,15.587954804085381,12.242598046404646,"{""type"":""MultiPoint"",""coordinates"":[]}"
20020819,2002-08-19,14.031241709589784,15.66238351798528,12.533350887167748,"{""type"":""MultiPoint"",""coordinates"":[]}"
20020820,2002-08-20,13.896260812408235,15.605738071620133,12.352872700065964,"{""type"":""MultiPoint"",""coordinates"":[]}"
20020821,2002-08-21,13.861566746958168,15.432340915496546,12.338870951757677,"{""type"":""MultiPoint"",""coordinates"":[]}"
20020822,2002-08-22,14.077396705307342,15.719068865508394,12.53034668053952,"{""type"":""MultiPoint"",""coordinates"":[]}"
20020823,2002-08-23,14.172171237585415,15.926279099068978,12.548345195592116,"{""type"":""MultiPoint"",""coordinates"":[]}"
20020824,2002-08-24,14.171460319207904,15.838986692863172,12.597640838198648,"{""type"":""MultiPoint"",""coordinates"":[]}"
20020825,2002-08-25,13.747997266446124,15.504108713223465,12.115701316289153,"{""type"":""MultiPoint"",""coordinates"":[]}"
20020826,2002-08-26,13.70095528451585,15.457406046164515,12.107062610033243,"{""type"":""MultiPoint"",""coordinates"":[]}"
20020827,2002-08-27,14.045633825782497,15.692729992149687,12.346699350643982,"{""type"":""MultiPoint"",""coordinates"":[]}"
20020828,2002-08-28,14.160452082341994,15.805845517193873,12.517814948576424,"{""type"":""MultiPoint"",""coordinates"":[]}"
20020829,2002-08-29,14.135850552948337,15.897668849225408,12.481128282099645,"{""type"":""MultiPoint"",""coordinates"":[]}"
20020830,2002-08-30,14.2082703253413,15.878861846996799,12.597308293462712,"{""type"":""MultiPoint"",""coordinates"":[]}"
20020831,2002-08-31,14.30076503881778,15.902347645814265,12.746598120912573,"{""type"":""MultiPoint"",""coordinates"":[]}"
20020901,2002-09-01,14.319013169798513,15.88071382044614,12.838456835859958,"{""type"":""MultiPoint"",""coordinates"":[]}"
20020902,2002-09-02,14.286499096621759,15.811173118178415,12.843024295700962,"{""type"":""MultiPoint"",""coordinates"":[]}"
20020903,2002-09-03,14.164768292929594,15.813043931025273,12.669544201714032,"{""type"":""MultiPoint"",""coordinates"":[]}"
20020904,2002-09-04,13.68270867365739,15.393580428004656,12.104326492133747,"{""type"":""MultiPoint"",""coordinates"":[]}"
20020905,2002-09-05,13.30137500476495,14.941775825817492,11.656970036798425,"{""type"":""MultiPoint"",""coordinates"":[]}"
20020906,2002-09-06,13.042974813362068,14.810724084620476,11.245576521124415,"{""type"":""MultiPoint"",""coordinates"":[]}"
20020907,2002-09-07,12.591563204275495,14.407229896180597,10.680623182801721,"{""type"":""MultiPoint"",""coordinates"":[]}"
20020908,2002-09-08,12.455914396378358,14.142601887989354,10.620130665265096,"{""type"":""MultiPoint"",""coordinates"":[]}"
20020909,2002-09-09,12.29613371843837,14.040511198846175,10.431389455476289,"{""type"":""MultiPoint"",""coordinates"":[]}"
20020910,2002-09-10,12.044272782253909,13.820693554458375,10.115357435489148,"{""type"":""MultiPoint"",""coordinates"":[]}"
20020911,2002-09-11,12.152343210170418,13.973911291208355,10.134540626025583,"{""type"":""MultiPoint"",""coordinates"":[]}"
20020912,2002-09-12,12.462735148238258,14.215738599544926,10.45660561413619,"{""type"":""MultiPoint"",""coordinates"":[]}"
20020913,2002-09-13,12.54855464881479,14.260273214327723,10.659195109863873,"{""type"":""MultiPoint"",""coordinates"":[]}"
20020914,2002-09-14,12.281580752084285,14.275877468700498,10.235038297664126,"{""type"":""MultiPoint"",""coordinates"":[]}"
20020915,2002-09-15,11.825585394858837,13.866855405566739,9.607533959416278,"{""type"":""MultiPoint"",""coordinates"":[]}"
20020916,2002-09-16,11.300448069738389,13.282979265021904,9.157096459066155,"{""type"":""MultiPoint"",""coordinates"":[]}"
20020917,2002-09-17,11.247687400939423,13.317723669869372,8.921241543822108,"{""type"":""MultiPoint"",""coordinates"":[]}"
20020918,2002-09-18,11.289109761797567,13.21919144811261,9.20495742650329,"{""type"":""MultiPoint"",""coordinates"":[]}"
20020919,2002-09-19,11.14112984716332,13.13000915308957,8.937595016403378,"{""type"":""MultiPoint"",""coordinates"":[]}"
20020920,2002-09-20,10.819693928441783,12.925708779437121,8.508574133463819,"{""type"":""MultiPoint"",""coordinates"":[]}"
20020921,2002-09-21,10.5254484384172,12.630014040413087,8.104651580364575,"{""type"":""MultiPoint"",""coordinates"":[]}"
20020922,2002-09-22,10.146307887115947,12.489808013284772,7.338972246837102,"{""type"":""MultiPoint"",""coordinates"":[]}"
20020923,2002-09-23,9.751461075831493,11.977774949503114,7.059934694336668,"{""type"":""MultiPoint"",""coordinates"":[]}"
20020924,2002-09-24,10.420766225697683,12.542071051159285,7.694766207368965,"{""type"":""MultiPoint"",""coordinates"":[]}"
20020925,2002-09-25,10.691154981430902,12.566910059027059,8.513259040477703,"{""type"":""MultiPoint"",""coordinates"":[]}"
20020926,2002-09-26,10.117850715202783,12.190058056992203,7.76328619271854,"{""type"":""MultiPoint"",""coordinates"":[]}"
20020927,2002-09-27,9.655354228502048,11.943160621967788,7.051603894440181,"{""type"":""MultiPoint"",""coordinates"":[]}"
20020928,2002-09-28,9.445142108920813,11.728533441848775,6.888045589796432,"{""type"":""MultiPoint"",""coordinates"":[]}"
20020929,2002-09-29,9.200467996417611,11.686559827437605,6.5472235714111005,"{""type"":""MultiPoint"",""coordinates"":[]}"
20020930,2002-09-30,8.625650920976296,11.331814162253231,5.851493840646398,"{""type"":""MultiPoint"",""coordinates"":[]}"
20021001,2002-10-01,8.345067166365746,11.127823933828184,5.527261069015273,"{""type"":""MultiPoint"",""coordinates"":[]}"
20021002,2002-10-02,8.059740865725583,10.836641623706427,5.253930156735447,"{""type"":""MultiPoint"",""coordinates"":[]}"
20021003,2002-10-03,7.492099973004564,10.281644540570023,4.644927747324953,"{""type"":""MultiPoint"",""coordinates"":[]}"
20021004,2002-10-04,7.131961264664535,10.091590747419518,4.0291632797396675,"{""type"":""MultiPoint"",""coordinates"":[]}"
20021005,2002-10-05,6.682670282662414,9.510988190136882,3.689431282485721,"{""type"":""MultiPoint"",""coordinates"":[]}"
20021006,2002-10-06,7.002900987465441,9.786251671730435,3.8703907768847645,"{""type"":""MultiPoint"",""coordinates"":[]}"
20021007,2002-10-07,7.520101827021836,10.182877888235197,4.466745154453208,"{""type"":""MultiPoint"",""coordinates"":[]}"
20021008,2002-10-08,7.723588262705299,10.264839975016304,4.860037846118037,"{""type"":""MultiPoint"",""coordinates"":[]}"
20021009,2002-10-09,7.220997134250857,9.889605644954763,4.349911034838,"{""type"":""MultiPoint"",""coordinates"":[]}"
20021010,2002-10-10,6.8375338545839295,9.43808777471757,3.925974647581785,"{""type"":""MultiPoint"",""coordinates"":[]}"
20021011,2002-10-11,6.814990884311682,9.347041131161097,3.9650302563408943,"{""type"":""MultiPoint"",""coordinates"":[]}"
20021012,2002-10-12,7.042607385523376,9.504718679784416,4.1543691752400385,"{""type"":""MultiPoint"",""coordinates"":[]}"
20021013,2002-10-13,7.2186458455863045,9.610438836069697,4.455247317949571,"{""type"":""MultiPoint"",""coordinates"":[]}"
20021014,2002-10-14,7.315819949579856,9.611890096032637,4.712422091410355,"{""type"":""MultiPoint"",""coordinates"":[]}"
20021015,2002-10-15,7.665023992432547,9.903381817397596,5.045074389503782,"{""type"":""MultiPoint"",""coordinates"":[]}"
20021016,2002-10-16,7.794041335919584,10.065175538433307,5.292208027640771,"{""type"":""MultiPoint"",""coordinates"":[]}"
20021017,2002-10-17,7.933604236084508,10.180313700292668,5.236422259538086,"{""type"":""MultiPoint"",""coordinates"":[]}"
20021018,2002-10-18,7.494630913442638,9.808343395068597,4.759250783754615,"{""type"":""MultiPoint"",""coordinates"":[]}"
20021019,2002-10-19,6.723381325619775,9.170979133633702,3.753169848341587,"{""type"":""MultiPoint"",""coordinates"":[]}"
20021020,2002-10-20,6.443039710339545,9.125835733929096,3.3920359898205006,"{""type"":""MultiPoint"",""coordinates"":[]}"
20021021,2002-10-21,5.570287429544861,8.342574741893802,2.5244488720860065,"{""type"":""MultiPoint"",""coordinates"":[]}"
20021022,2002-10-22,3.862630571944335,6.779215287331675,0.7744868767831647,"{""type"":""MultiPoint"",""coordinates"":[]}"
20021023,2002-10-23,3.428282101286729,6.335462526828499,0.14259806355244461,"{""type"":""MultiPoint"",""coordinates"":[]}"
20021024,2002-10-24,3.808497292037306,6.531802276897244,0.6673329599712088,"{""type"":""MultiPoint"",""coordinates"":[]}"
20021025,2002-10-25,3.712973206282217,6.573878318740655,0.7270206179729358,"{""type"":""MultiPoint"",""coordinates"":[]}"
20021026,2002-10-26,3.384215565510696,6.2065535348512935,0.48085645047893616,"{""type"":""MultiPoint"",""coordinates"":[]}"
20021027,2002-10-27,3.0135864255437657,5.699370425399632,0.21886466574353394,"{""type"":""MultiPoint"",""coordinates"":[]}"
20021028,2002-10-28,2.5413863376473187,5.388980924422503,-0.45348481381173394,"{""type"":""MultiPoint"",""coordinates"":[]}"
20021029,2002-10-29,2.5334681774558674,5.500275388399024,-0.5759808325072094,"{""type"":""MultiPoint"",""coordinates"":[]}"
20021030,2002-10-30,2.7387837103508366,5.58438755162211,-0.23601173093451727,"{""type"":""MultiPoint"",""coordinates"":[]}"
20021031,2002-10-31,2.6956414995331848,5.525942743404242,-0.4434106445260866,"{""type"":""MultiPoint"",""coordinates"":[]}"
20021101,2002-11-01,2.656091348070279,5.343333145392045,-0.2301563863052269,"{""type"":""MultiPoint"",""coordinates"":[]}"
20021102,2002-11-02,2.113100682155969,4.794964267347444,-0.7679482849921547,"{""type"":""MultiPoint"",""coordinates"":[]}"
20021103,2002-11-03,1.5258243108762588,4.3120849148836715,-1.4733459882028266,"{""type"":""MultiPoint"",""coordinates"":[]}"
20021104,2002-11-04,1.2904914440933126,4.107260371318506,-1.8015222939094306,"{""type"":""MultiPoint"",""coordinates"":[]}"
20021105,2002-11-05,1.648763822058613,4.3897910266328015,-1.3433399020795525,"{""type"":""MultiPoint"",""coordinates"":[]}"
20021106,2002-11-06,2.2403881395189655,4.930569365143367,-0.6934388532012271,"{""type"":""MultiPoint"",""coordinates"":[]}"
20021107,2002-11-07,3.077899057720533,5.5940041907569755,0.10743385260985353,"{""type"":""MultiPoint"",""coordinates"":[]}"
20021108,2002-11-08,3.2261087367328054,5.741801787823541,0.46212531140270796,"{""type"":""MultiPoint"",""coordinates"":[]}"
20021109,2002-11-09,3.4042403971560504,5.7993156865753885,0.7831556387728574,"{""type"":""MultiPoint"",""coordinates"":[]}"
20021110,2002-11-10,3.5936806728177624,5.932229490932702,1.089087059892956,"{""type"":""MultiPoint"",""coordinates"":[]}"
20021111,2002-11-11,3.90470717847564,6.195190307256069,1.2785384846612233,"{""type"":""MultiPoint"",""coordinates"":[]}"
20021112,2002-11-12,4.500753887874021,6.623219647781943,1.7977431704950828,"{""type"":""MultiPoint"",""coordinates"":[]}"
20021113,2002-11-13,4.285765650441738,6.793407038864604,1.163922718357711,"{""type"":""MultiPoint"",""coordinates"":[]}"
20021114,2002-11-14,2.0758546590463314,5.016544358833028,-1.2165872520973784,"{""type"":""MultiPoint"",""coordinates"":[]}"
20021115,2002-11-15,0.7209674119942677,3.609375794116655,-2.305698949101462,"{""type"":""MultiPoint"",""coordinates"":[]}"
20021116,2002-11-16,0.3748881462408574,3.30711432480088,-2.6569010345706694,"{""type"":""MultiPoint"",""coordinates"":[]}"
20021117,2002-11-17,0.18963480000490715,3.1403446983025196,-2.8418665939726147,"{""type"":""MultiPoint"",""coordinates"":[]}"
20021118,2002-11-18,0.37224176393990965,3.2428393196577794,-2.840273991814493,"{""type"":""MultiPoint"",""coordinates"":[]}"
20021119,2002-11-19,-0.06225706927075684,3.0658048371580096,-3.6830495306333817,"{""type"":""MultiPoint"",""coordinates"":[]}"
20021120,2002-11-20,-1.4469035698471189,2.0041420937518555,-5.015773299758136,"{""type"":""MultiPoint"",""coordinates"":[]}"
20021121,2002-11-21,-1.8339210746469732,1.3710327278817367,-5.170376759273096,"{""type"":""MultiPoint"",""coordinates"":[]}"
20021122,2002-11-22,-1.0905274584576503,1.9501592908483536,-4.280689483210014,"{""type"":""MultiPoint"",""coordinates"":[]}"
20021123,2002-11-23,-0.3165664771196292,2.4546958149708935,-3.3307255369750077,"{""type"":""MultiPoint"",""coordinates"":[]}"
20021124,2002-11-24,0.47238043409055697,3.231014883350511,-2.6400687180129023,"{""type"":""MultiPoint"",""coordinates"":[]}"
20021125,2002-11-25,0.38272145398331836,3.3540564218599482,-2.5790903588230853,"{""type"":""MultiPoint"",""coordinates"":[]}"
20021126,2002-11-26,-0.5630679155280399,2.491708117838732,-3.6837639915364004,"{""type"":""MultiPoint"",""coordinates"":[]}"
20021127,2002-11-27,-1.1686905690432194,1.9199547452157741,-4.341232953263691,"{""type"":""MultiPoint"",""coordinates"":[]}"
20021128,2002-11-28,-1.0815995649482215,1.9198603050624334,-4.19519823081539,"{""type"":""MultiPoint"",""coordinates"":[]}"
20021129,2002-11-29,-1.0774091639875774,1.844727156594613,-4.0027455738249085,"{""type"":""MultiPoint"",""coordinates"":[]}"
20021130,2002-11-30,-0.9250104783337901,2.096284318143642,-4.11245947340712,"{""type"":""MultiPoint"",""coordinates"":[]}"
20021201,2002-12-01,-1.3063635653002825,1.79166122678731,-4.599945565080437,"{""type"":""MultiPoint"",""coordinates"":[]}"
20021202,2002-12-02,-1.6630138674934976,1.305148812928822,-5.107922340900647,"{""type"":""MultiPoint"",""coordinates"":[]}"
20021203,2002-12-03,-0.9688850122091441,1.735182957789371,-3.8574940546742575,"{""type"":""MultiPoint"",""coordinates"":[]}"
20021204,2002-12-04,-1.0285731285195892,1.6101886635629585,-3.8555772342162693,"{""type"":""MultiPoint"",""coordinates"":[]}"
20021205,2002-12-05,-1.4884806079003536,1.1674749062965237,-4.342018376086241,"{""type"":""MultiPoint"",""coordinates"":[]}"
20021206,2002-12-06,-1.7619969650478664,0.9706951509142586,-4.854688186838291,"{""type"":""MultiPoint"",""coordinates"":[]}"
20021207,2002-12-07,-2.7016736579813845,0.2947689731485761,-5.751280644700391,"{""type"":""MultiPoint"",""coordinates"":[]}"
20021208,2002-12-08,-2.763893127705977,0.26109297413684657,-5.974015021789613,"{""type"":""MultiPoint"",""coordinates"":[]}"
20021209,2002-12-09,-3.2778539363723826,-0.12300818429424948,-6.614082684238313,"{""type"":""MultiPoint"",""coordinates"":[]}"
20021210,2002-12-10,-3.9545196275213863,-0.6374638789200852,-7.444064347139652,"{""type"":""MultiPoint"",""coordinates"":[]}"
20021211,2002-12-11,-2.11432101135973,0.8417804678191427,-5.749588352744881,"{""type"":""MultiPoint"",""coordinates"":[]}"
20021212,2002-12-12,-0.8832878927732247,1.793612530533618,-3.7178353171780505,"{""type"":""MultiPoint"",""coordinates"":[]}"
20021213,2002-12-13,-0.6312184310615313,2.0336481687567574,-3.4268450471144107,"{""type"":""MultiPoint"",""coordinates"":[]}"
20021214,2002-12-14,-0.2397221303393063,2.229498065668066,-3.035895983134325,"{""type"":""MultiPoint"",""coordinates"":[]}"
20021215,2002-12-15,-0.15320161251764944,2.477528191089601,-2.9858600770787898,"{""type"":""MultiPoint"",""coordinates"":[]}"
20021216,2002-12-16,0.0033573627793273865,2.4234099277656114,-2.6096441005464244,"{""type"":""MultiPoint"",""coordinates"":[]}"
20021217,2002-12-17,-1.0456070332194205,2.013620813162785,-4.0201696144563925,"{""type"":""MultiPoint"",""coordinates"":[]}"
20021218,2002-12-18,-1.6729919440325818,1.0985663307928129,-4.549552927009664,"{""type"":""MultiPoint"",""coordinates"":[]}"
20021219,2002-12-19,-1.1716331017374872,1.4714535460953349,-4.1401318046824045,"{""type"":""MultiPoint"",""coordinates"":[]}"
20021220,2002-12-20,-1.2683485165603177,1.6268646875384947,-4.338332636503918,"{""type"":""MultiPoint"",""coordinates"":[]}"
20021221,2002-12-21,-2.6223403692966394,0.5965431065081148,-5.901041497013593,"{""type"":""MultiPoint"",""coordinates"":[]}"
20021222,2002-12-22,-3.0339164209995633,-0.16744540665936308,-6.194407714618864,"{""type"":""MultiPoint"",""coordinates"":[]}"
20021223,2002-12-23,-2.4152826389927604,0.37359683546265043,-5.44509756221078,"{""type"":""MultiPoint"",""coordinates"":[]}"
20021224,2002-12-24,-1.3593024188961218,1.2597441329294625,-4.606714899648389,"{""type"":""MultiPoint"",""coordinates"":[]}"
20021225,2002-12-25,-1.60562496540757,1.1423167137794552,-4.579438996916802,"{""type"":""MultiPoint"",""coordinates"":[]}"
20021226,2002-12-26,-2.1906693901392713,0.4982950261988268,-5.086267471982246,"{""type"":""MultiPoint"",""coordinates"":[]}"
20021227,2002-12-27,-2.8851181938156976,-0.2206979490146,-5.635931324749739,"{""type"":""MultiPoint"",""coordinates"":[]}"
20021228,2002-12-28,-3.8977941478720757,-1.1990292910004894,-6.729004448796518,"{""type"":""MultiPoint"",""coordinates"":[]}"
20021229,2002-12-29,-4.39872448369405,-1.6020515016312964,-7.27812688634751,"{""type"":""MultiPoint"",""coordinates"":[]}"
20021230,2002-12-30,-3.6536591024097103,-0.6620166604887449,-7.085523457795575,"{""type"":""MultiPoint"",""coordinates"":[]}"
20021231,2002-12-31,-2.9323626653499555,0.3233292686154507,-6.656069941765022,"{""type"":""MultiPoint"",""coordinates"":[]}"
20030101,2003-01-01,-4.197006797622199,-1.0102387471444618,-7.761973391574353,"{""type"":""MultiPoint"",""coordinates"":[]}"
20030102,2003-01-02,-4.313031620867067,-1.3686101989687751,-7.732592737479999,"{""type"":""MultiPoint"",""coordinates"":[]}"
20030103,2003-01-03,-3.269869171676561,-0.4193056016516329,-6.5209935693181,"{""type"":""MultiPoint"",""coordinates"":[]}"
20030104,2003-01-04,-2.978488344248099,-0.24418164296684053,-6.2322127070277435,"{""type"":""MultiPoint"",""coordinates"":[]}"
20030105,2003-01-05,-4.174044642607879,-1.0307658804805213,-7.406076743324202,"{""type"":""MultiPoint"",""coordinates"":[]}"
20030106,2003-01-06,-4.2328720159055395,-1.345177758007996,-7.518107702056525,"{""type"":""MultiPoint"",""coordinates"":[]}"
20030107,2003-01-07,-3.6632209307307613,-0.8078266461934221,-6.946517386022486,"{""type"":""MultiPoint"",""coordinates"":[]}"
20030108,2003-01-08,-3.963069702415776,-1.0012898613167223,-7.157850835382487,"{""type"":""MultiPoint"",""coordinates"":[]}"
20030109,2003-01-09,-4.466073524620812,-1.6397611219411157,-7.55027309308202,"{""type"":""MultiPoint"",""coordinates"":[]}"
20030110,2003-01-10,-4.44227234428332,-1.6304132270186888,-7.500958607571426,"{""type"":""MultiPoint"",""coordinates"":[]}"
20030111,2003-01-11,-4.86608511085413,-1.9205975959157564,-8.059463327949107,"{""type"":""MultiPoint"",""coordinates"":[]}"
20030112,2003-01-12,-4.441691154497132,-1.6216513180328633,-7.683815864727326,"{""type"":""MultiPoint"",""coordinates"":[]}"
20030113,2003-01-13,-4.75549584599277,-1.6774024176104188,-8.080297309877649,"{""type"":""MultiPoint"",""coordinates"":[]}"
20030114,2003-01-14,-5.881063678621139,-2.3575066766985815,-9.652016444175196,"{""type"":""MultiPoint"",""coordinates"":[]}"
20030115,2003-01-15,-5.687141608147515,-2.4212441109795124,-9.565901065504733,"{""type"":""MultiPoint"",""coordinates"":[]}"
20030116,2003-01-16,-4.7817206836114545,-1.6879585856677088,-8.347036361634705,"{""type"":""MultiPoint"",""coordinates"":[]}"
20030117,2003-01-17,-3.648828234185524,-0.6636609734606934,-7.105748711216307,"{""type"":""MultiPoint"",""coordinates"":[]}"
20030118,2003-01-18,-3.130768151248224,0.08201007044994992,-6.5354444896416695,"{""type"":""MultiPoint"",""coordinates"":[]}"
20030119,2003-01-19,-3.448903705852132,-0.1595465118121637,-6.7984104614535275,"{""type"":""MultiPoint"",""coordinates"":[]}"
20030120,2003-01-20,-3.6932850036941307,-0.5098678947794467,-7.045239134905248,"{""type"":""MultiPoint"",""coordinates"":[]}"
20030121,2003-01-21,-3.6611613480286813,-0.5222427757225508,-6.977070202575362,"{""type"":""MultiPoint"",""coordinates"":[]}"
20030122,2003-01-22,-3.284483765909022,-0.2846653390966482,-6.913266774215892,"{""type"":""MultiPoint"",""coordinates"":[]}"
20030123,2003-01-23,-2.755226718454869,0.18490564449447516,-6.134923715253855,"{""type"":""MultiPoint"",""coordinates"":[]}"
20030124,2003-01-24,-3.0067808574480064,-0.19887827015633555,-6.010793020284733,"{""type"":""MultiPoint"",""coordinates"":[]}"
20030125,2003-01-25,-2.5311058669324695,0.22780860620735424,-5.651616392751289,"{""type"":""MultiPoint"",""coordinates"":[]}"
20030126,2003-01-26,-2.741332279703554,0.13556579496809498,-5.849884402194087,"{""type"":""MultiPoint"",""coordinates"":[]}"
20030127,2003-01-27,-1.893909767812301,0.9759249488507514,-5.207434329319573,"{""type"":""MultiPoint"",""coordinates"":[]}"
20030128,2003-01-28,-0.21274569472978572,2.488889493037289,-3.6292136542851794,"{""type"":""MultiPoint"",""coordinates"":[]}"
20030129,2003-01-29,-0.6805713880911908,2.153316504357312,-3.9641062293623106,"{""type"":""MultiPoint"",""coordinates"":[]}"
20030130,2003-01-30,-1.0871351488170036,1.645040100801768,-4.1889900342399065,"{""type"":""MultiPoint"",""coordinates"":[]}"
20030131,2003-01-31,-0.23449448179383664,2.5279419638599876,-3.560507856704012,"{""type"":""MultiPoint"",""coordinates"":[]}"
20030201,2003-02-01,0.011303940428640072,3.0614284075999776,-3.432778577517816,"{""type"":""MultiPoint"",""coordinates"":[]}"
20030202,2003-02-02,-1.195241336561344,1.7265722141718012,-4.467116378978132,"{""type"":""MultiPoint"",""coordinates"":[]}"
20030203,2003-02-03,-2.356180924701139,0.6694126651306862,-5.524113248681274,"{""type"":""MultiPoint"",""coordinates"":[]}"
20030204,2003-02-04,-2.9042356527680724,-0.0030151367126288286,-5.980075753408963,"{""type"":""MultiPoint"",""coordinates"":[]}"
20030205,2003-02-05,-2.6368020903247773,0.11509048409055248,-5.823113247948323,"{""type"":""MultiPoint"",""coordinates"":[]}"
20030206,2003-02-06,-1.9488250710077875,1.0659564059200164,-5.791169168534183,"{""type"":""MultiPoint"",""coordinates"":[]}"
20030207,2003-02-07,-1.4049458885860955,1.9548514621961366,-5.473404636469204,"{""type"":""MultiPoint"",""coordinates"":[]}"
20030208,2003-02-08,-2.308328754114901,1.0069352769851452,-5.905344489566056,"{""type"":""MultiPoint"",""coordinates"":[]}"
20030209,2003-02-09,-3.1250940361078174,-0.02827628575497058,-6.352613728082862,"{""type"":""MultiPoint"",""coordinates"":[]}"
20030210,2003-02-10,-3.4371501991403255,-0.44189759917479593,-6.537594656097592,"{""type"":""MultiPoint"",""coordinates"":[]}"
20030211,2003-02-11,-3.316015853710793,-0.4641403305094072,-6.404493605217576,"{""type"":""MultiPoint"",""coordinates"":[]}"
20030212,2003-02-12,-2.8016495506162133,-0.024324975617344043,-6.074982305536579,"{""type"":""MultiPoint"",""coordinates"":[]}"
20030213,2003-02-13,-2.9520215779506076,-0.03510166672943993,-6.4143589391339955,"{""type"":""MultiPoint"",""coordinates"":[]}"
20030214,2003-02-14,-3.195590801890891,-0.05058566467392654,-6.7839502591893135,"{""type"":""MultiPoint"",""coordinates"":[]}"
20030215,2003-02-15,-1.9873867982384616,1.0334073110515258,-5.689238959933468,"{""type"":""MultiPoint"",""coordinates"":[]}"
20030216,2003-02-16,-0.5654969062901374,2.146507155461454,-3.7356269301937584,"{""type"":""MultiPoint"",""coordinates"":[]}"
20030217,2003-02-17,0.7633564670777685,3.6652664144912896,-2.6846901134903596,"{""type"":""MultiPoint"",""coordinates"":[]}"
20030218,2003-02-18,1.9063593784335338,4.735000155532761,-1.4754652004201354,"{""type"":""MultiPoint"",""coordinates"":[]}"
20030219,2003-02-19,1.0337569108156943,4.668583942872635,-2.94554048490099,"{""type"":""MultiPoint"",""coordinates"":[]}"
20030220,2003-02-20,-1.1427451530169193,2.0024845675025693,-4.320534955592965,"{""type"":""MultiPoint"",""coordinates"":[]}"
20030221,2003-02-21,-2.2812424346278815,0.6335100188108009,-5.498250476205118,"{""type"":""MultiPoint"",""coordinates"":[]}"
20030222,2003-02-22,-1.962233085468337,1.0638425786405656,-5.340176623995365,"{""type"":""MultiPoint"",""coordinates"":[]}"
20030223,2003-02-23,-0.5760244065296705,2.1730406555131796,-3.7625958040305765,"{""type"":""MultiPoint"",""coordinates"":[]}"
20030224,2003-02-24,0.1351720676174541,2.887932631114841,-3.0486248086527254,"{""type"":""MultiPoint"",""coordinates"":[]}"
20030225,2003-02-25,-0.02847653995501075,2.860320417672752,-3.16326138488034,"{""type"":""MultiPoint"",""coordinates"":[]}"
20030226,2003-02-26,0.4273550347557511,3.335021910288218,-2.9134668554976786,"{""type"":""MultiPoint"",""coordinates"":[]}"
20030227,2003-02-27,0.48637372064507417,3.4697712158000495,-2.9438553687852447,"{""type"":""MultiPoint"",""coordinates"":[]}"
20030228,2003-02-28,1.205186453690651,3.999360060072611,-2.10472097288221,"{""type"":""MultiPoint"",""coordinates"":[]}"
20030301,2003-03-01,1.7958716159191195,4.613323041088743,-1.5233053386094062,"{""type"":""MultiPoint"",""coordinates"":[]}"
20030302,2003-03-02,0.7228711407216616,4.558751268372049,-3.508831486551615,"{""type"":""MultiPoint"",""coordinates"":[]}"
20030303,2003-03-03,-2.594129461280081,1.6505322971367387,-7.424442054788437,"{""type"":""MultiPoint"",""coordinates"":[]}"
20030304,2003-03-04,-5.942534193958465,-1.4693538693815593,-10.763612645926527,"{""type"":""MultiPoint"",""coordinates"":[]}"
20030305,2003-03-05,-7.550137002957551,-3.6388746243857284,-11.757338559873308,"{""type"":""MultiPoint"",""coordinates"":[]}"
20030306,2003-03-06,-6.316470100855094,-2.5219923982981363,-10.37536417926473,"{""type"":""MultiPoint"",""coordinates"":[]}"
20030307,2003-03-07,-5.845281075193814,-2.065838782193595,-9.56972137622918,"{""type"":""MultiPoint"",""coordinates"":[]}"
20030308,2003-03-08,-6.4081247042059,-2.1216450706836967,-10.757992273612443,"{""type"":""MultiPoint"",""coordinates"":[]}"
20030309,2003-03-09,-4.043532734251117,0.2443627516058273,-9.34226105583642,"{""type"":""MultiPoint"",""coordinates"":[]}"
20030310,2003-03-10,-1.890460969395143,1.815902795754035,-6.177388269775333,"{""type"":""MultiPoint"",""coordinates"":[]}"
20030311,2003-03-11,-1.6068489710107123,1.8199782521927848,-5.229646850234447,"{""type"":""MultiPoint"",""coordinates"":[]}"
20030312,2003-03-12,-1.2170422494413176,1.9506153244522833,-4.8609367168823825,"{""type"":""MultiPoint"",""coordinates"":[]}"
20030313,2003-03-13,-0.5791933421152861,2.6205738408464088,-4.217120240228985,"{""type"":""MultiPoint"",""coordinates"":[]}"
20030314,2003-03-14,0.6727680075324366,3.52106219492509,-2.7711007862933603,"{""type"":""MultiPoint"",""coordinates"":[]}"
20030315,2003-03-15,1.4257887606450992,4.750005686880885,-2.4861442927747386,"{""type"":""MultiPoint"",""coordinates"":[]}"
20030316,2003-03-16,1.2753204255806332,4.426100845375782,-2.2717992492806793,"{""type"":""MultiPoint"",""coordinates"":[]}"
20030317,2003-03-17,1.2331725795963537,4.3626757408662815,-2.4657066432668584,"{""type"":""MultiPoint"",""coordinates"":[]}"
20030318,2003-03-18,1.1123492508205999,4.1934522825412754,-2.4648485775008715,"{""type"":""MultiPoint"",""coordinates"":[]}"
20030319,2003-03-19,0.8730384065032185,4.074236962989341,-2.691148140218918,"{""type"":""MultiPoint"",""coordinates"":[]}"
20030320,2003-03-20,0.5990454893228452,3.9795707685582213,-3.0689820923823725,"{""type"":""MultiPoint"",""coordinates"":[]}"
20030321,2003-03-21,-0.5699700888635694,3.185475365573906,-4.4695836005457945,"{""type"":""MultiPoint"",""coordinates"":[]}"
20030322,2003-03-22,-0.4578758955030095,3.286761086301259,-4.473046170124605,"{""type"":""MultiPoint"",""coordinates"":[]}"
20030323,2003-03-23,0.4224241528732827,4.174085947736502,-3.833546707584966,"{""type"":""MultiPoint"",""coordinates"":[]}"
20030324,2003-03-24,1.6325543597544432,5.195281343706174,-2.6343079373168194,"{""type"":""MultiPoint"",""coordinates"":[]}"
20030325,2003-03-25,2.2369092936590915,5.601136604094316,-1.8300315075480764,"{""type"":""MultiPoint"",""coordinates"":[]}"
20030326,2003-03-26,2.5546276137931843,5.9880852695893605,-1.5226057709208254,"{""type"":""MultiPoint"",""coordinates"":[]}"
20030327,2003-03-27,1.7618315529906412,5.366530426825741,-2.2130356175336967,"{""type"":""MultiPoint"",""coordinates"":[]}"
20030328,2003-03-28,2.328096273573772,5.95674552970309,-1.9660477005007684,"{""type"":""MultiPoint"",""coordinates"":[]}"
20030329,2003-03-29,3.7175277229735895,7.0082082159595025,-0.20442268499907496,"{""type"":""MultiPoint"",""coordinates"":[]}"
20030330,2003-03-30,4.300030828231814,7.4366519160078095,0.3491490845414768,"{""type"":""MultiPoint"",""coordinates"":[]}"
20030331,2003-03-31,3.4330947253556583,6.8627620035226915,-0.0365890292818344,"{""type"":""MultiPoint"",""coordinates"":[]}"
20030401,2003-04-01,2.372847625663827,5.770778003877514,-1.1914981198586796,"{""type"":""MultiPoint"",""coordinates"":[]}"
20030402,2003-04-02,1.9302962079395296,5.540883064772487,-2.1650667533883667,"{""type"":""MultiPoint"",""coordinates"":[]}"
20030403,2003-04-03,2.008057031306538,5.564814174124315,-2.020571299929065,"{""type"":""MultiPoint"",""coordinates"":[]}"
20030404,2003-04-04,2.5645003023612567,6.02308226911726,-1.4076529268064897,"{""type"":""MultiPoint"",""coordinates"":[]}"
20030405,2003-04-05,2.448287816841057,6.279724440523877,-1.8783967200404499,"{""type"":""MultiPoint"",""coordinates"":[]}"
20030406,2003-04-06,1.4502003893768336,5.215920690618913,-2.359690571234213,"{""type"":""MultiPoint"",""coordinates"":[]}"
20030407,2003-04-07,1.3636849552081356,5.073458717892228,-2.4859728996102275,"{""type"":""MultiPoint"",""coordinates"":[]}"
20030408,2003-04-08,1.4199301256885644,5.280420781605098,-2.711108075646876,"{""type"":""MultiPoint"",""coordinates"":[]}"
20030409,2003-04-09,1.3087192105978063,5.387522368937376,-2.6507967162188066,"{""type"":""MultiPoint"",""coordinates"":[]}"
20030410,2003-04-10,2.361817723141946,5.950006495737868,-1.7144644396816373,"{""type"":""MultiPoint"",""coordinates"":[]}"
20030411,2003-04-11,3.460028622159947,7.059483438913351,-0.40768139898022293,"{""type"":""MultiPoint"",""coordinates"":[]}"
20030412,2003-04-12,2.8617677382784867,6.749993026823178,-1.3163142527388456,"{""type"":""MultiPoint"",""coordinates"":[]}"
20030413,2003-04-13,1.7437492233261054,5.554280075469695,-2.2279781177282665,"{""type"":""MultiPoint"",""coordinates"":[]}"
20030414,2003-04-14,3.18099049129685,6.878033641509761,-1.2432555431307615,"{""type"":""MultiPoint"",""coordinates"":[]}"
20030415,2003-04-15,4.881913337387515,8.198565277868239,0.7876024313948385,"{""type"":""MultiPoint"",""coordinates"":[]}"
20030416,2003-04-16,5.622252844436549,8.743267529227003,1.765139694548178,"{""type"":""MultiPoint"",""coordinates"":[]}"
20030417,2003-04-17,4.143711116853028,7.965055409469367,0.2615886903918445,"{""type"":""MultiPoint"",""coordinates"":[]}"
20030418,2003-04-18,3.963788507029795,7.509708779601095,-0.11001425198796523,"{""type"":""MultiPoint"",""coordinates"":[]}"
20030419,2003-04-19,4.626701341329631,8.331314731693533,0.21251825579294584,"{""type"":""MultiPoint"",""coordinates"":[]}"
20030420,2003-04-20,3.729155986094381,7.209000245484785,0.12824523403443375,"{""type"":""MultiPoint"",""coordinates"":[]}"
20030421,2003-04-21,3.0921821387012383,6.504718062365023,-0.49811810679530377,"{""type"":""MultiPoint"",""coordinates"":[]}"
20030422,2003-04-22,2.368052416586221,5.9512265740473795,-1.366766415937443,"{""type"":""MultiPoint"",""coordinates"":[]}"
20030423,2003-04-23,2.1004940032899486,6.084981140659794,-1.672565128039401,"{""type"":""MultiPoint"",""coordinates"":[]}"
20030424,2003-04-24,3.458699945362013,7.441509778343205,-0.8042701969603911,"{""type"":""MultiPoint"",""coordinates"":[]}"
20030425,2003-04-25,5.04966281463603,8.49092210183939,1.1536169283158633,"{""type"":""MultiPoint"",""coordinates"":[]}"
20030426,2003-04-26,5.215203562950022,8.727775572794473,1.4226415906649215,"{""type"":""MultiPoint"",""coordinates"":[]}"
20030427,2003-04-27,5.594788482070724,9.085925374734014,1.6812497605546544,"{""type"":""MultiPoint"",""coordinates"":[]}"
20030428,2003-04-28,5.094547084181271,8.824068713489845,1.2230047563375044,"{""type"":""MultiPoint"",""coordinates"":[]}"
20030429,2003-04-29,5.121217881187156,8.416071323347722,1.286779356017679,"{""type"":""MultiPoint"",""coordinates"":[]}"
20030430,2003-04-30,5.859372104877198,8.979407098209467,2.1050025683002422,"{""type"":""MultiPoint"",""coordinates"":[]}"
20030501,2003-05-01,5.660223234704191,9.003278761284202,1.9004357430674779,"{""type"":""MultiPoint"",""coordinates"":[]}"
20030502,2003-05-02,4.964717177589301,8.849179113070528,0.7875986900432755,"{""type"":""MultiPoint"",""coordinates"":[]}"
20030503,2003-05-03,2.9544732752432616,7.021717094597498,-0.9141071688141202,"{""type"":""MultiPoint"",""coordinates"":[]}"
20030504,2003-05-04,1.7891737333678104,5.746734882509564,-1.9158401311339135,"{""type"":""MultiPoint"",""coordinates"":[]}"
20030505,2003-05-05,1.168168577303367,5.4266406566275585,-2.9169260588595445,"{""type"":""MultiPoint"",""coordinates"":[]}"
20030506,2003-05-06,1.3987581984355146,5.301943093604284,-2.5175534219599602,"{""type"":""MultiPoint"",""coordinates"":[]}"
20030507,2003-05-07,1.1912718406193645,5.392894754030514,-2.9632335977967137,"{""type"":""MultiPoint"",""coordinates"":[]}"
20030508,2003-05-08,0.9349845462698915,5.224136135052586,-3.273110570936229,"{""type"":""MultiPoint"",""coordinates"":[]}"
20030509,2003-05-09,1.440019805426519,5.768044578670517,-3.0147718470752105,"{""type"":""MultiPoint"",""coordinates"":[]}"
20030510,2003-05-10,2.0003422670734086,6.311586654061054,-2.839859734051272,"{""type"":""MultiPoint"",""coordinates"":[]}"
20030511,2003-05-11,2.7189077946817513,6.813900471638898,-1.8641569876254747,"{""type"":""MultiPoint"",""coordinates"":[]}"
20030512,2003-05-12,3.8600943122945646,7.600746869767153,-0.556944204166307,"{""type"":""MultiPoint"",""coordinates"":[]}"
20030513,2003-05-13,5.17012051560524,8.611345313230078,1.055801020471308,"{""type"":""MultiPoint"",""coordinates"":[]}"
20030514,2003-05-14,5.656328176047104,8.99405025173474,1.9381481770171183,"{""type"":""MultiPoint"",""coordinates"":[]}"
20030515,2003-05-15,5.566358414671084,9.065190849442079,2.0331995373564395,"{""type"":""MultiPoint"",""coordinates"":[]}"
20030516,2003-05-16,5.196932225672082,8.750991182993246,1.491210570260815,"{""type"":""MultiPoint"",""coordinates"":[]}"
20030517,2003-05-17,5.093435946700124,8.700568179722733,1.1765119644931439,"{""type"":""MultiPoint"",""coordinates"":[]}"
20030518,2003-05-18,5.683932697941696,9.07278378090942,1.9365366108383038,"{""type"":""MultiPoint"",""coordinates"":[]}"
20030519,2003-05-19,6.024805092247655,9.315374288885515,2.1468899860159754,"{""type"":""MultiPoint"",""coordinates"":[]}"
20030520,2003-05-20,6.631534295221736,9.678463888219865,3.0673243112881594,"{""type"":""MultiPoint"",""coordinates"":[]}"
20030521,2003-05-21,6.924917284474085,10.179158017038036,3.1708092545887236,"{""type"":""MultiPoint"",""coordinates"":[]}"
20030522,2003-05-22,7.556581585459614,10.523039014611284,4.019004675499354,"{""type"":""MultiPoint"",""coordinates"":[]}"
20030523,2003-05-23,8.71839499731762,11.586220511898052,5.310084755506736,"{""type"":""MultiPoint"",""coordinates"":[]}"
20030524,2003-05-24,9.16962422883816,12.133827312520076,5.814247238584292,"{""type"":""MultiPoint"",""coordinates"":[]}"
20030525,2003-05-25,8.819447635477514,11.884995241532186,5.496442658814258,"{""type"":""MultiPoint"",""coordinates"":[]}"
20030526,2003-05-26,8.15748377443129,11.305631815208017,4.836682434574669,"{""type"":""MultiPoint"",""coordinates"":[]}"
20030527,2003-05-27,6.891512089467744,10.509508364617856,3.1222018171675994,"{""type"":""MultiPoint"",""coordinates"":[]}"
20030528,2003-05-28,6.23670143727343,9.951659653844748,2.5248921266505766,"{""type"":""MultiPoint"",""coordinates"":[]}"
20030529,2003-05-29,5.991536652655947,9.591168561583297,2.384917074619289,"{""type"":""MultiPoint"",""coordinates"":[]}"
20030530,2003-05-30,6.076661624167975,9.624762181214148,2.360626871359043,"{""type"":""MultiPoint"",""coordinates"":[]}"
20030531,2003-05-31,6.797284619763916,10.262117355721925,3.1703611624578594,"{""type"":""MultiPoint"",""coordinates"":[]}"
20030601,2003-06-01,7.156398505681383,10.540613821578596,3.5679523771911743,"{""type"":""MultiPoint"",""coordinates"":[]}"
20030602,2003-06-02,8.056867428200079,11.301235180758487,4.655070000878754,"{""type"":""MultiPoint"",""coordinates"":[]}"
20030603,2003-06-03,8.58735405714546,11.75078908456795,5.163715495613287,"{""type"":""MultiPoint"",""coordinates"":[]}"
20030604,2003-06-04,9.107039473286129,11.975282638513692,6.014117067198424,"{""type"":""MultiPoint"",""coordinates"":[]}"
20030605,2003-06-05,9.699825841043246,12.346487271052426,6.721330702291141,"{""type"":""MultiPoint"",""coordinates"":[]}"
20030606,2003-06-06,9.968497426631107,12.546297514272881,7.147733125522569,"{""type"":""MultiPoint"",""coordinates"":[]}"
20030607,2003-06-07,10.139425162494499,12.719356488030106,7.324704280940937,"{""type"":""MultiPoint"",""coordinates"":[]}"
20030608,2003-06-08,10.42679809758682,13.163659807364505,7.263132920376282,"{""type"":""MultiPoint"",""coordinates"":[]}"
20030609,2003-06-09,10.750595445976597,13.362953114121522,7.71736999278781,"{""type"":""MultiPoint"",""coordinates"":[]}"
20030610,2003-06-10,10.356557797755997,13.152256092068756,7.287217204135856,"{""type"":""MultiPoint"",""coordinates"":[]}"
20030611,2003-06-11,10.861110493469019,13.337604218444653,7.94423569838691,"{""type"":""MultiPoint"",""coordinates"":[]}"
20030612,2003-06-12,11.197198269875935,13.758045285767725,8.393328627507273,"{""type"":""MultiPoint"",""coordinates"":[]}"
20030613,2003-06-13,11.21378543693011,13.837878991839275,8.478911526130252,"{""type"":""MultiPoint"",""coordinates"":[]}"
20030614,2003-06-14,10.852302702137141,13.374514942757985,8.175832231591267,"{""type"":""MultiPoint"",""coordinates"":[]}"
20030615,2003-06-15,10.660217922415287,13.088596110974887,8.019623093478302,"{""type"":""MultiPoint"",""coordinates"":[]}"
20030616,2003-06-16,11.154230975776832,13.335662079304251,8.624617854972037,"{""type"":""MultiPoint"",""coordinates"":[]}"
20030617,2003-06-17,12.217843780036999,14.203034468534074,10.004535638466693,"{""type"":""MultiPoint"",""coordinates"":[]}"
20030618,2003-06-18,13.00977844986688,14.829901508382912,11.020706521226483,"{""type"":""MultiPoint"",""coordinates"":[]}"
20030619,2003-06-19,13.474817795380508,15.21596871650161,11.612991638718348,"{""type"":""MultiPoint"",""coordinates"":[]}"
20030620,2003-06-20,13.427805803465285,15.13668214694043,11.61379162951885,"{""type"":""MultiPoint"",""coordinates"":[]}"
20030621,2003-06-21,13.57523762701638,15.279469914070098,11.686740815961405,"{""type"":""MultiPoint"",""coordinates"":[]}"
20030622,2003-06-22,14.169494084025382,15.863446380803861,12.298391598454689,"{""type"":""MultiPoint"",""coordinates"":[]}"
20030623,2003-06-23,14.636576596955623,16.266851727601015,12.990939250992795,"{""type"":""MultiPoint"",""coordinates"":[]}"
20030624,2003-06-24,14.448061272632655,16.162671679590552,12.652180010199197,"{""type"":""MultiPoint"",""coordinates"":[]}"
20030625,2003-06-25,13.703205243398692,15.554840085483598,11.767743927988986,"{""type"":""MultiPoint"",""coordinates"":[]}"
20030626,2003-06-26,13.355805392362049,15.336670600875605,11.500543564371398,"{""type"":""MultiPoint"",""coordinates"":[]}"
20030627,2003-06-27,14.075951215816762,15.907611561798648,12.009188174477893,"{""type"":""MultiPoint"",""coordinates"":[]}"
20030628,2003-06-28,14.030368625695823,15.708799756380285,12.24766306014271,"{""type"":""MultiPoint"",""coordinates"":[]}"
20030629,2003-06-29,13.73271781326082,15.447573618097998,11.865501143948812,"{""type"":""MultiPoint"",""coordinates"":[]}"
20030630,2003-06-30,13.944099449044405,15.692327970338296,12.177058266362822,"{""type"":""MultiPoint"",""coordinates"":[]}"
20030701,2003-07-01,13.935699086706629,15.74360722415152,12.091613953102433,"{""type"":""MultiPoint"",""coordinates"":[]}"
20030702,2003-07-02,13.949712797987702,15.82652590435139,12.116677293605385,"{""type"":""MultiPoint"",""coordinates"":[]}"
20030703,2003-07-03,13.668401761953366,15.541803311993112,11.9427437880501,"{""type"":""MultiPoint"",""coordinates"":[]}"
20030704,2003-07-04,13.636133263699175,15.399322536375058,11.887120053693145,"{""type"":""MultiPoint"",""coordinates"":[]}"
20030705,2003-07-05,14.324922111913171,15.94970929979587,12.669987399901176,"{""type"":""MultiPoint"",""coordinates"":[]}"
20030706,2003-07-06,14.655070114453283,16.226291507864612,13.265226727718437,"{""type"":""MultiPoint"",""coordinates"":[]}"
20030707,2003-07-07,14.629549693023655,16.18888095728845,13.18502609295369,"{""type"":""MultiPoint"",""coordinates"":[]}"
20030708,2003-07-08,14.698321956015702,16.3245017521676,13.24396514919767,"{""type"":""MultiPoint"",""coordinates"":[]}"
20030709,2003-07-09,14.819295280673764,16.38492233693523,13.343347458478151,"{""type"":""MultiPoint"",""coordinates"":[]}"
20030710,2003-07-10,14.727954284064168,16.245980033580036,13.30950462182111,"{""type"":""MultiPoint"",""coordinates"":[]}"
20030711,2003-07-11,14.515631512231902,15.927965986861294,13.152025414084259,"{""type"":""MultiPoint"",""coordinates"":[]}"
20030712,2003-07-12,14.568474207983256,16.080334351754903,12.97292923505214,"{""type"":""MultiPoint"",""coordinates"":[]}"
20030713,2003-07-13,14.804508382428175,16.527491681565426,13.097069332934387,"{""type"":""MultiPoint"",""coordinates"":[]}"
20030714,2003-07-14,14.502999106354215,16.214930796786103,12.895125574829938,"{""type"":""MultiPoint"",""coordinates"":[]}"
20030715,2003-07-15,14.09752190722049,15.939626649248922,12.333641982557717,"{""type"":""MultiPoint"",""coordinates"":[]}"
20030716,2003-07-16,14.27690491071239,16.029466203568017,12.592659253635349,"{""type"":""MultiPoint"",""coordinates"":[]}"
20030717,2003-07-17,15.169447261773943,16.81664749336165,13.472802916630522,"{""type"":""MultiPoint"",""coordinates"":[]}"
20030718,2003-07-18,15.148373039162438,16.71627803231443,13.750691757543485,"{""type"":""MultiPoint"",""coordinates"":[]}"
20030719,2003-07-19,14.35412892167747,16.145044534851614,12.72766305471216,"{""type"":""MultiPoint"",""coordinates"":[]}"
20030720,2003-07-20,13.893220487023566,15.642117477379717,12.295073508678934,"{""type"":""MultiPoint"",""coordinates"":[]}"
20030721,2003-07-21,14.445727282314042,16.016559787377904,12.867941935277512,"{""type"":""MultiPoint"",""coordinates"":[]}"
20030722,2003-07-22,14.484412604822555,16.229114995213454,12.880120009876558,"{""type"":""MultiPoint"",""coordinates"":[]}"
20030723,2003-07-23,14.697202965537146,16.380312551448817,13.185511108598565,"{""type"":""MultiPoint"",""coordinates"":[]}"
20030724,2003-07-24,15.350963577159416,16.968248693468205,13.695579600290886,"{""type"":""MultiPoint"",""coordinates"":[]}"
20030725,2003-07-25,15.393718343672639,16.856791298214326,13.88427531338356,"{""type"":""MultiPoint"",""coordinates"":[]}"
20030726,2003-07-26,15.32751702273462,16.88385030507427,13.795806088066817,"{""type"":""MultiPoint"",""coordinates"":[]}"
20030727,2003-07-27,15.588554077075848,17.155870440009135,14.021660982079194,"{""type"":""MultiPoint"",""coordinates"":[]}"
20030728,2003-07-28,15.638641498020137,17.198983520637505,14.219176606521645,"{""type"":""MultiPoint"",""coordinates"":[]}"
20030729,2003-07-29,15.411059453947267,16.99742879444805,14.011069554501011,"{""type"":""MultiPoint"",""coordinates"":[]}"
20030730,2003-07-30,15.042519243160744,16.61063794260935,13.596532340203945,"{""type"":""MultiPoint"",""coordinates"":[]}"
20030731,2003-07-31,14.667013056989976,16.298608903908132,13.158982025431083,"{""type"":""MultiPoint"",""coordinates"":[]}"
20030801,2003-08-01,14.60169442921516,16.191807819883387,13.174388578824836,"{""type"":""MultiPoint"",""coordinates"":[]}"
20030802,2003-08-02,14.648040090895137,16.246950598109837,13.174560133159162,"{""type"":""MultiPoint"",""coordinates"":[]}"
20030803,2003-08-03,15.191267483420413,16.723115056079468,13.660551374419986,"{""type"":""MultiPoint"",""coordinates"":[]}"
20030804,2003-08-04,15.465710091099286,16.958309326951234,14.041561450205922,"{""type"":""MultiPoint"",""coordinates"":[]}"
20030805,2003-08-05,15.671550367908,17.217589754269863,14.214493969388535,"{""type"":""MultiPoint"",""coordinates"":[]}"
20030806,2003-08-06,15.683476380917572,17.231556012090028,14.154107551143559,"{""type"":""MultiPoint"",""coordinates"":[]}"
20030807,2003-08-07,15.788115395731861,17.420160744427676,14.224430477168205,"{""type"":""MultiPoint"",""coordinates"":[]}"
20030808,2003-08-08,15.854503666972292,17.49193313205465,14.349207083240763,"{""type"":""MultiPoint"",""coordinates"":[]}"
20030809,2003-08-09,15.569409465004757,17.184547093823824,14.173665194847672,"{""type"":""MultiPoint"",""coordinates"":[]}"
20030810,2003-08-10,15.208833747197644,16.810496413021237,13.785441121518174,"{""type"":""MultiPoint"",""coordinates"":[]}"
20030811,2003-08-11,15.069335786988564,16.638328398320034,13.625812125181694,"{""type"":""MultiPoint"",""coordinates"":[]}"
20030812,2003-08-12,14.937439374793017,16.47407648231135,13.524783685519425,"{""type"":""MultiPoint"",""coordinates"":[]}"
20030813,2003-08-13,14.930849972529124,16.616249192168844,13.394321448009538,"{""type"":""MultiPoint"",""coordinates"":[]}"
20030814,2003-08-14,14.589027262607978,16.206261591717386,13.059705741040517,"{""type"":""MultiPoint"",""coordinates"":[]}"
20030815,2003-08-15,14.554903280410299,16.1816551850316,13.063170865861133,"{""type"":""MultiPoint"",""coordinates"":[]}"
20030816,2003-08-16,14.510931385977388,16.196369445239718,12.907329203847182,"{""type"":""MultiPoint"",""coordinates"":[]}"
20030817,2003-08-17,14.181039057623712,15.86400643639429,12.63574366585897,"{""type"":""MultiPoint"",""coordinates"":[]}"
20030818,2003-08-18,14.025061216894745,15.746757697343321,12.316572961191719,"{""type"":""MultiPoint"",""coordinates"":[]}"
20030819,2003-08-19,14.167510567920447,15.687913395823285,12.589959701076978,"{""type"":""MultiPoint"",""coordinates"":[]}"
20030820,2003-08-20,14.601284224811954,16.09217075816872,13.0711340494843,"{""type"":""MultiPoint"",""coordinates"":[]}"
20030821,2003-08-21,14.85991263354134,16.43807134511116,13.283525237725867,"{""type"":""MultiPoint"",""coordinates"":[]}"
20030822,2003-08-22,15.036573787945628,16.674121760251573,13.417296567175446,"{""type"":""MultiPoint"",""coordinates"":[]}"
20030823,2003-08-23,14.960820806399578,16.674147635714043,13.343507671779063,"{""type"":""MultiPoint"",""coordinates"":[]}"
20030824,2003-08-24,15.14105168067203,16.84050101820774,13.583456859060849,"{""type"":""MultiPoint"",""coordinates"":[]}"
20030825,2003-08-25,15.177070500659898,16.775777743248764,13.708135557983367,"{""type"":""MultiPoint"",""coordinates"":[]}"
20030826,2003-08-26,15.150782152701737,16.67211969165094,13.718248744433613,"{""type"":""MultiPoint"",""coordinates"":[]}"
20030827,2003-08-27,15.395765850110216,16.938722922706628,13.983602725341576,"{""type"":""MultiPoint"",""coordinates"":[]}"
20030828,2003-08-28,15.237625261094832,16.694670868263255,13.913160580164808,"{""type"":""MultiPoint"",""coordinates"":[]}"
20030829,2003-08-29,15.221947092725474,16.73830703617802,13.881683403436584,"{""type"":""MultiPoint"",""coordinates"":[]}"
20030830,2003-08-30,15.187544602917919,16.754246823673707,13.886129738078541,"{""type"":""MultiPoint"",""coordinates"":[]}"
20030831,2003-08-31,14.632709636184718,16.185584389880272,13.298852676100477,"{""type"":""MultiPoint"",""coordinates"":[]}"
20030901,2003-09-01,14.07851088144412,15.641275627498171,12.708118484921904,"{""type"":""MultiPoint"",""coordinates"":[]}"
20030902,2003-09-02,13.710408489550064,15.390881813801396,12.03575017242159,"{""type"":""MultiPoint"",""coordinates"":[]}"
20030903,2003-09-03,13.452350235808892,15.142845513238981,11.790277871521932,"{""type"":""MultiPoint"",""coordinates"":[]}"
20030904,2003-09-04,13.712752212757389,15.353965086229927,11.978978437640897,"{""type"":""MultiPoint"",""coordinates"":[]}"
20030905,2003-09-05,13.517080742149806,15.230826547583664,11.880096266509566,"{""type"":""MultiPoint"",""coordinates"":[]}"
20030906,2003-09-06,13.31551307193754,15.030479027768425,11.685585948048077,"{""type"":""MultiPoint"",""coordinates"":[]}"
20030907,2003-09-07,13.113085411956112,14.82319812283332,11.413074859708027,"{""type"":""MultiPoint"",""coordinates"":[]}"
20030908,2003-09-08,12.755487153843502,14.496487947963157,11.001060752884744,"{""type"":""MultiPoint"",""coordinates"":[]}"
20030909,2003-09-09,12.79140879902546,14.671277863675254,10.853297729560726,"{""type"":""MultiPoint"",""coordinates"":[]}"
20030910,2003-09-10,13.176422730362013,14.955038788131185,11.138012300474474,"{""type"":""MultiPoint"",""coordinates"":[]}"
20030911,2003-09-11,13.195718740773932,14.864765184641383,11.495581251787291,"{""type"":""MultiPoint"",""coordinates"":[]}"
20030912,2003-09-12,13.057795284373094,14.741717290178483,11.369014603913929,"{""type"":""MultiPoint"",""coordinates"":[]}"
20030913,2003-09-13,13.494225176165674,15.292471484458101,11.62209924857058,"{""type"":""MultiPoint"",""coordinates"":[]}"
20030914,2003-09-14,13.622674511377431,15.452873111662672,11.812327670381874,"{""type"":""MultiPoint"",""coordinates"":[]}"
20030915,2003-09-15,13.565749448185562,15.288168603159459,11.976622208438696,"{""type"":""MultiPoint"",""coordinates"":[]}"
20030916,2003-09-16,13.478706415915902,15.13574881128808,11.910621806696863,"{""type"":""MultiPoint"",""coordinates"":[]}"
20030917,2003-09-17,13.338405270094508,15.064972618394094,11.686303694683037,"{""type"":""MultiPoint"",""coordinates"":[]}"
20030918,2003-09-18,13.065296149229013,14.839325922860523,11.349156337564315,"{""type"":""MultiPoint"",""coordinates"":[]}"
20030919,2003-09-19,12.673095959855026,14.654114117341695,10.804574554495646,"{""type"":""MultiPoint"",""coordinates"":[]}"
20030920,2003-09-20,12.118213431042399,14.266946954657644,10.070031737712654,"{""type"":""MultiPoint"",""coordinates"":[]}"
20030921,2003-09-21,11.603801013669818,13.84407714489201,9.547557402624145,"{""type"":""MultiPoint"",""coordinates"":[]}"
20030922,2003-09-22,11.253562634049567,13.431241623469013,9.161208117008837,"{""type"":""MultiPoint"",""coordinates"":[]}"
20030923,2003-09-23,11.9682475038212,14.001825080454433,9.734758718577638,"{""type"":""MultiPoint"",""coordinates"":[]}"
20030924,2003-09-24,12.617570146410692,14.456507826159344,10.561165690009517,"{""type"":""MultiPoint"",""coordinates"":[]}"
20030925,2003-09-25,12.246808860892607,13.980658898636209,10.385101431810627,"{""type"":""MultiPoint"",""coordinates"":[]}"
20030926,2003-09-26,11.8215729269852,13.730664930691084,9.928562052907075,"{""type"":""MultiPoint"",""coordinates"":[]}"
20030927,2003-09-27,10.7370123614719,12.765467987261076,8.638078149315021,"{""type"":""MultiPoint"",""coordinates"":[]}"
20030928,2003-09-28,10.269428732937321,12.289375432775136,8.070085878403892,"{""type"":""MultiPoint"",""coordinates"":[]}"
20030929,2003-09-29,10.675107067313567,12.566164871126988,8.478254641735907,"{""type"":""MultiPoint"",""coordinates"":[]}"
20030930,2003-09-30,10.16356681040374,12.256500780516653,8.051552854132284,"{""type"":""MultiPoint"",""coordinates"":[]}"
20031001,2003-10-01,9.350430225018444,11.75082269018534,7.051035449068448,"{""type"":""MultiPoint"",""coordinates"":[]}"
20031002,2003-10-02,8.592633736400364,11.02865956581913,6.161863219454555,"{""type"":""MultiPoint"",""coordinates"":[]}"
20031003,2003-10-03,7.856482750308631,10.458823878171644,5.279619240317052,"{""type"":""MultiPoint"",""coordinates"":[]}"
20031004,2003-10-04,7.2468910469777414,9.873125484445046,4.635171331595881,"{""type"":""MultiPoint"",""coordinates"":[]}"
20031005,2003-10-05,6.9996035538103225,9.600557987095723,4.176289432302702,"{""type"":""MultiPoint"",""coordinates"":[]}"
20031006,2003-10-06,7.838445885593405,10.303004639151986,5.042154760286461,"{""type"":""MultiPoint"",""coordinates"":[]}"
20031007,2003-10-07,8.670269119551262,10.811945265567891,6.264332603943432,"{""type"":""MultiPoint"",""coordinates"":[]}"
20031008,2003-10-08,8.976747095897911,10.990799061435292,6.833230231488076,"{""type"":""MultiPoint"",""coordinates"":[]}"
20031009,2003-10-09,8.811137103376335,10.89388356342323,6.3560726611067215,"{""type"":""MultiPoint"",""coordinates"":[]}"
20031010,2003-10-10,7.5672505581015805,10.078630771019876,4.87297855598785,"{""type"":""MultiPoint"",""coordinates"":[]}"
20031011,2003-10-11,6.706243863623711,9.276361487080255,3.9471608050721687,"{""type"":""MultiPoint"",""coordinates"":[]}"
20031012,2003-10-12,5.766099995219369,8.633068416202246,2.87726061175679,"{""type"":""MultiPoint"",""coordinates"":[]}"
20031013,2003-10-13,5.330238213204106,8.218306934688346,2.453536807198174,"{""type"":""MultiPoint"",""coordinates"":[]}"
20031014,2003-10-14,4.9515180654698,7.923946092057347,2.0405593519640743,"{""type"":""MultiPoint"",""coordinates"":[]}"
20031015,2003-10-15,4.849329918043784,7.891927463712755,1.8628894040179313,"{""type"":""MultiPoint"",""coordinates"":[]}"
20031016,2003-10-16,5.369272503187939,8.078713334603389,2.44415321379379,"{""type"":""MultiPoint"",""coordinates"":[]}"
20031017,2003-10-17,6.031054145463597,8.662043542266124,3.3360805065139805,"{""type"":""MultiPoint"",""coordinates"":[]}"
20031018,2003-10-18,6.072930702443545,8.599555609579381,3.475434611856906,"{""type"":""MultiPoint"",""coordinates"":[]}"
20031019,2003-10-19,5.508755664460821,8.260882370012014,2.6899195195522787,"{""type"":""MultiPoint"",""coordinates"":[]}"
20031020,2003-10-20,5.043025136804497,7.8777522497674966,2.284648697377598,"{""type"":""MultiPoint"",""coordinates"":[]}"
20031021,2003-10-21,4.572963348206664,7.361431843873738,1.7426907547727453,"{""type"":""MultiPoint"",""coordinates"":[]}"
20031022,2003-10-22,4.226749292755772,7.025131380614804,1.4484780084255613,"{""type"":""MultiPoint"",""coordinates"":[]}"
20031023,2003-10-23,4.390631273749681,6.9689998526577055,1.682632626924345,"{""type"":""MultiPoint"",""coordinates"":[]}"
20031024,2003-10-24,4.81507691026769,7.416073087931782,2.0404892148953695,"{""type"":""MultiPoint"",""coordinates"":[]}"
20031025,2003-10-25,5.287846807344656,7.8119317166728806,2.5524534091350546,"{""type"":""MultiPoint"",""coordinates"":[]}"
20031026,2003-10-26,5.542327556442885,8.090941973778907,2.8348818232164024,"{""type"":""MultiPoint"",""coordinates"":[]}"
20031027,2003-10-27,5.321419809419705,7.96133376060615,2.370443906942967,"{""type"":""MultiPoint"",""coordinates"":[]}"
20031028,2003-10-28,4.710566482238964,7.54528680999503,1.6219003931811966,"{""type"":""MultiPoint"",""coordinates"":[]}"
20031029,2003-10-29,4.414895497690008,7.107040765876449,1.6063542188747044,"{""type"":""MultiPoint"",""coordinates"":[]}"
20031030,2003-10-30,4.451578384272379,7.11443950338555,1.73894879945089,"{""type"":""MultiPoint"",""coordinates"":[]}"
20031031,2003-10-31,3.92753336979695,6.760620878751418,1.0706204445718064,"{""type"":""MultiPoint"",""coordinates"":[]}"
20031101,2003-11-01,3.9921142765821673,6.8073493063054995,0.8980925792055544,"{""type"":""MultiPoint"",""coordinates"":[]}"
20031102,2003-11-02,4.5348459536942824,7.1968814612220875,1.506439321799764,"{""type"":""MultiPoint"",""coordinates"":[]}"
20031103,2003-11-03,3.9379377026304825,6.804310211536795,0.9458471282191713,"{""type"":""MultiPoint"",""coordinates"":[]}"
20031104,2003-11-04,3.5702719193735497,6.421010926563815,0.56282445019309,"{""type"":""MultiPoint"",""coordinates"":[]}"
20031105,2003-11-05,3.273393173382187,6.178695490345129,0.10692330665821467,"{""type"":""MultiPoint"",""coordinates"":[]}"
20031106,2003-11-06,2.6483608017498597,5.497120558527618,-0.3496361150331928,"{""type"":""MultiPoint"",""coordinates"":[]}"
20031107,2003-11-07,2.365982519835576,5.119688717239025,-0.5361872429858674,"{""type"":""MultiPoint"",""coordinates"":[]}"
20031108,2003-11-08,2.0085894371662407,4.766031180992836,-0.8305252117289272,"{""type"":""MultiPoint"",""coordinates"":[]}"
20031109,2003-11-09,0.969242996005128,3.959681722649418,-2.0049658656259766,"{""type"":""MultiPoint"",""coordinates"":[]}"
20031110,2003-11-10,-0.31489749305106274,2.9491791599829975,-3.563856801889979,"{""type"":""MultiPoint"",""coordinates"":[]}"
20031111,2003-11-11,-0.6530808356585294,2.4983216905952825,-4.010296673256038,"{""type"":""MultiPoint"",""coordinates"":[]}"
20031112,2003-11-12,-0.14628657904524028,3.1648338352439294,-3.4951957750264686,"{""type"":""MultiPoint"",""coordinates"":[]}"
20031113,2003-11-13,0.9596900514167194,3.766924442136403,-2.2994723054962543,"{""type"":""MultiPoint"",""coordinates"":[]}"
20031114,2003-11-14,2.2476024829550827,4.813177549228372,-0.4137856881475638,"{""type"":""MultiPoint"",""coordinates"":[]}"
20031115,2003-11-15,2.5124168905532693,5.142394464785202,-0.24446237755961897,"{""type"":""MultiPoint"",""coordinates"":[]}"
20031116,2003-11-16,2.260613675650743,4.84045793148589,-0.5058316412907314,"{""type"":""MultiPoint"",""coordinates"":[]}"
20031117,2003-11-17,1.89923157817183,4.5394887483740956,-0.9904660475709,"{""type"":""MultiPoint"",""coordinates"":[]}"
20031118,2003-11-18,0.8994156071731646,3.5883647269138015,-1.9080294701714116,"{""type"":""MultiPoint"",""coordinates"":[]}"
20031119,2003-11-19,-0.6642386624835096,2.4103234811774956,-3.8576699572779463,"{""type"":""MultiPoint"",""coordinates"":[]}"
20031120,2003-11-20,-1.9458938912877106,1.1377120405883159,-5.112038854718289,"{""type"":""MultiPoint"",""coordinates"":[]}"
20031121,2003-11-21,-2.586988646860059,0.6608993246305827,-5.868982691653232,"{""type"":""MultiPoint"",""coordinates"":[]}"
20031122,2003-11-22,-2.1695380609979797,0.8608050983819296,-5.394573172418201,"{""type"":""MultiPoint"",""coordinates"":[]}"
20031123,2003-11-23,-1.8959962564434556,1.0939221773568724,-5.044570394490858,"{""type"":""MultiPoint"",""coordinates"":[]}"
20031124,2003-11-24,-1.270531935278337,1.802638969042895,-4.543269688794321,"{""type"":""MultiPoint"",""coordinates"":[]}"
20031125,2003-11-25,-2.1931956968250903,1.169177948633953,-5.4565511089159155,"{""type"":""MultiPoint"",""coordinates"":[]}"
20031126,2003-11-26,-2.9347785272200952,0.21486945152101353,-6.270027720778009,"{""type"":""MultiPoint"",""coordinates"":[]}"
20031127,2003-11-27,-3.0593897533017382,0.015357898311434914,-6.121551892196499,"{""type"":""MultiPoint"",""coordinates"":[]}"
20031128,2003-11-28,-3.3520266490931676,-0.35575161760634494,-6.480106958569474,"{""type"":""MultiPoint"",""coordinates"":[]}"
20031129,2003-11-29,-2.9990847858293956,-0.07534642106528437,-6.0616954812129,"{""type"":""MultiPoint"",""coordinates"":[]}"
20031130,2003-11-30,-1.9960436800756827,0.9799656061495357,-5.531862387813488,"{""type"":""MultiPoint"",""coordinates"":[]}"
20031201,2003-12-01,-1.1659031459107447,1.3551245567723957,-3.9909333592146123,"{""type"":""MultiPoint"",""coordinates"":[]}"
20031202,2003-12-02,-0.8584933697658172,1.726891020761112,-3.6308921589551932,"{""type"":""MultiPoint"",""coordinates"":[]}"
20031203,2003-12-03,-1.2604563370633368,1.5804362391088247,-4.220832884024366,"{""type"":""MultiPoint"",""coordinates"":[]}"
20031204,2003-12-04,-1.2209908697297733,1.412141802689185,-3.895346974789039,"{""type"":""MultiPoint"",""coordinates"":[]}"
20031205,2003-12-05,-1.3749803726223624,1.1720540055787219,-4.014884579175885,"{""type"":""MultiPoint"",""coordinates"":[]}"
20031206,2003-12-06,-1.9178065476518977,0.9453253513500771,-4.770399963853394,"{""type"":""MultiPoint"",""coordinates"":[]}"
20031207,2003-12-07,-2.5485563060986944,0.6600569753613229,-5.815458720074851,"{""type"":""MultiPoint"",""coordinates"":[]}"
20031208,2003-12-08,-0.9354033875621509,1.9480559640986808,-4.566958278468671,"{""type"":""MultiPoint"",""coordinates"":[]}"
20031209,2003-12-09,-0.1832897268594667,2.4797914037925395,-3.0897187727355093,"{""type"":""MultiPoint"",""coordinates"":[]}"
20031210,2003-12-10,-0.8121213405931138,1.935443502848253,-3.7893476092491865,"{""type"":""MultiPoint"",""coordinates"":[]}"
20031211,2003-12-11,-1.1688772320717637,1.6494064565264663,-4.06435251450588,"{""type"":""MultiPoint"",""coordinates"":[]}"
20031212,2003-12-12,-1.3384782787757623,1.3848061339616564,-4.206149985113392,"{""type"":""MultiPoint"",""coordinates"":[]}"
20031213,2003-12-13,-1.1393289536618831,1.6084055703326012,-4.06301710249395,"{""type"":""MultiPoint"",""coordinates"":[]}"
20031214,2003-12-14,-1.765882528918274,1.169869320136887,-4.642544093309943,"{""type"":""MultiPoint"",""coordinates"":[]}"
20031215,2003-12-15,-1.872313144390474,0.9238562867548724,-5.009193951979825,"{""type"":""MultiPoint"",""coordinates"":[]}"
20031216,2003-12-16,-1.5736161562845221,1.3241243525519064,-5.077631726857941,"{""type"":""MultiPoint"",""coordinates"":[]}"
20031217,2003-12-17,-2.228197150437304,0.9073091728108819,-5.501496757001595,"{""type"":""MultiPoint"",""coordinates"":[]}"
20031218,2003-12-18,-2.243078220791083,0.3304470730487499,-5.168510474726409,"{""type"":""MultiPoint"",""coordinates"":[]}"
20031219,2003-12-19,-1.9755299612083765,0.5354128633082658,-4.707512119488393,"{""type"":""MultiPoint"",""coordinates"":[]}"
20031220,2003-12-20,-2.6966939220104678,0.08414465190007858,-5.514427668206573,"{""type"":""MultiPoint"",""coordinates"":[]}"
20031221,2003-12-21,-3.3444566800388773,-0.7229667795364763,-6.0623571691544536,"{""type"":""MultiPoint"",""coordinates"":[]}"
20031222,2003-12-22,-2.9850789988808866,-0.4981550900328609,-5.799409052143756,"{""type"":""MultiPoint"",""coordinates"":[]}"
20031223,2003-12-23,-2.589272257758792,0.0996324666102509,-5.716087799020588,"{""type"":""MultiPoint"",""coordinates"":[]}"
20031224,2003-12-24,-2.9351514174897386,-0.38257818623217293,-5.712172257878726,"{""type"":""MultiPoint"",""coordinates"":[]}"
20031225,2003-12-25,-3.5356588190334572,-0.7626580175180273,-6.6194164812919265,"{""type"":""MultiPoint"",""coordinates"":[]}"
20031226,2003-12-26,-2.7014680937545026,-0.11218256261908653,-5.867231314258403,"{""type"":""MultiPoint"",""coordinates"":[]}"
20031227,2003-12-27,-1.8518593750162409,0.7595260415762154,-4.977009947809602,"{""type"":""MultiPoint"",""coordinates"":[]}"
20031228,2003-12-28,-2.9912955368588365,0.062484171198061614,-6.5028837709754335,"{""type"":""MultiPoint"",""coordinates"":[]}"
20031229,2003-12-29,-3.9919261855361703,-1.0689570109002744,-7.645851917981244,"{""type"":""MultiPoint"",""coordinates"":[]}"
20031230,2003-12-30,-3.044151067107292,-0.6190653949076363,-6.064683715540048,"{""type"":""MultiPoint"",""coordinates"":[]}"
20031231,2003-12-31,-2.474352468696008,-0.05258668481030658,-5.209413251782824,"{""type"":""MultiPoint"",""coordinates"":[]}"
20040101,2004-01-01,-2.740916727630115,-0.04715825583237898,-5.685113233748594,"{""type"":""MultiPoint"",""coordinates"":[]}"
20040102,2004-01-02,-3.5132684225528097,-0.6352028097834123,-6.54656939639661,"{""type"":""MultiPoint"",""coordinates"":[]}"
20040103,2004-01-03,-3.9484211365982773,-1.3818161115860215,-6.729270991330746,"{""type"":""MultiPoint"",""coordinates"":[]}"
20040104,2004-01-04,-4.267960673402586,-1.5778315666673126,-7.388006980409479,"{""type"":""MultiPoint"",""coordinates"":[]}"
20040105,2004-01-05,-3.348742750150147,-0.7296583549723444,-6.645827155321565,"{""type"":""MultiPoint"",""coordinates"":[]}"
20040106,2004-01-06,-2.676969198013652,-0.10089135168173441,-5.802546736812948,"{""type"":""MultiPoint"",""coordinates"":[]}"
20040107,2004-01-07,-3.422940050581098,-0.8599089851844512,-6.24741196213386,"{""type"":""MultiPoint"",""coordinates"":[]}"
20040108,2004-01-08,-3.8437651686414154,-1.2071372990579743,-6.815775205565893,"{""type"":""MultiPoint"",""coordinates"":[]}"
20040109,2004-01-09,-4.065481716967462,-1.138512583864853,-7.209800948734423,"{""type"":""MultiPoint"",""coordinates"":[]}"
20040110,2004-01-10,-3.775606304590966,-1.146531555707889,-6.659368292530773,"{""type"":""MultiPoint"",""coordinates"":[]}"
20040111,2004-01-11,-2.824775063361168,0.07998440777293732,-6.049918831745344,"{""type"":""MultiPoint"",""coordinates"":[]}"
20040112,2004-01-12,-2.0405281661041283,0.9156554239238934,-5.530377130440784,"{""type"":""MultiPoint"",""coordinates"":[]}"
20040113,2004-01-13,-1.3938541599864354,1.5148666927926289,-5.01715544458114,"{""type"":""MultiPoint"",""coordinates"":[]}"
20040114,2004-01-14,-2.9678156554387662,0.40086606190230056,-6.546274992248536,"{""type"":""MultiPoint"",""coordinates"":[]}"
20040115,2004-01-15,-2.3622812372265978,0.581701931832004,-6.0930208548706135,"{""type"":""MultiPoint"",""coordinates"":[]}"
20040116,2004-01-16,-0.9154696084833772,1.7869620558629427,-3.9987178043175313,"{""type"":""MultiPoint"",""coordinates"":[]}"
20040117,2004-01-17,-1.1342969762283943,1.8194415414577052,-4.58132755519842,"{""type"":""MultiPoint"",""coordinates"":[]}"
20040118,2004-01-18,-1.8350170691921075,1.294648205863888,-5.497132958851519,"{""type"":""MultiPoint"",""coordinates"":[]}"
20040119,2004-01-19,-3.3504508244948767,0.018084190591200994,-6.907990617456098,"{""type"":""MultiPoint"",""coordinates"":[]}"
20040120,2004-01-20,-2.2788692763352567,0.4719218468763581,-5.788906156291569,"{""type"":""MultiPoint"",""coordinates"":[]}"
20040121,2004-01-21,-0.28736550793565574,2.2636608766700923,-3.490752870593051,"{""type"":""MultiPoint"",""coordinates"":[]}"
20040122,2004-01-22,-0.3771130711245956,2.316326850530389,-3.457884104975961,"{""type"":""MultiPoint"",""coordinates"":[]}"
20040123,2004-01-23,-0.3546351579661368,2.3619213944461968,-3.6598335280318173,"{""type"":""MultiPoint"",""coordinates"":[]}"
20040124,2004-01-24,-1.2711114161646901,1.6069398768203058,-4.673955027348978,"{""type"":""MultiPoint"",""coordinates"":[]}"
20040125,2004-01-25,-2.6323193520362147,0.014190367597557343,-5.661848442075304,"{""type"":""MultiPoint"",""coordinates"":[]}"
20040126,2004-01-26,-2.9165931908625256,-0.1593706335733247,-6.183016871746521,"{""type"":""MultiPoint"",""coordinates"":[]}"
20040127,2004-01-27,-3.905302517982881,-0.9830982161580432,-7.198580476148372,"{""type"":""MultiPoint"",""coordinates"":[]}"
20040128,2004-01-28,-4.154101627593216,-1.3132658185381758,-7.5954670367906525,"{""type"":""MultiPoint"",""coordinates"":[]}"
20040129,2004-01-29,-2.5522069635360825,0.1368148761770309,-6.186230469407174,"{""type"":""MultiPoint"",""coordinates"":[]}"
20040130,2004-01-30,-1.5584883628996595,0.9259570088233724,-4.544129626421234,"{""type"":""MultiPoint"",""coordinates"":[]}"
20040131,2004-01-31,-1.6178319771623895,1.0993793160950212,-4.860712720239996,"{""type"":""MultiPoint"",""coordinates"":[]}"
20040201,2004-02-01,-2.9969437400738212,-0.17144933221779518,-6.002874881374161,"{""type"":""MultiPoint"",""coordinates"":[]}"
20040202,2004-02-02,-4.427545672591427,-1.4830629809358036,-7.743684926134479,"{""type"":""MultiPoint"",""coordinates"":[]}"
20040203,2004-02-03,-6.10906867895832,-2.9429767743368345,-9.507198039032131,"{""type"":""MultiPoint"",""coordinates"":[]}"
20040204,2004-02-04,-5.882890813208391,-2.4632310522549425,-9.679470453102477,"{""type"":""MultiPoint"",""coordinates"":[]}"
20040205,2004-02-05,-5.23555622974786,-1.925729102204494,-8.981039132076033,"{""type"":""MultiPoint"",""coordinates"":[]}"
20040206,2004-02-06,-5.949561319796456,-2.4434102109955376,-9.500886713046782,"{""type"":""MultiPoint"",""coordinates"":[]}"
20040207,2004-02-07,-7.182149334034143,-3.401517477775673,-10.94476209870044,"{""type"":""MultiPoint"",""coordinates"":[]}"
20040208,2004-02-08,-5.111121010744384,-1.5549144791009089,-9.58707450498318,"{""type"":""MultiPoint"",""coordinates"":[]}"
20040209,2004-02-09,-2.845122586885077,0.6876371701986397,-6.802383941130653,"{""type"":""MultiPoint"",""coordinates"":[]}"
20040210,2004-02-10,-2.3162999185080118,1.0489203492503425,-6.220561700558342,"{""type"":""MultiPoint"",""coordinates"":[]}"
20040211,2004-02-11,-2.53386699303069,0.78099508132696,-6.085113260886712,"{""type"":""MultiPoint"",""coordinates"":[]}"
20040212,2004-02-12,-3.979763660406574,-0.19316714910393334,-7.66912091251406,"{""type"":""MultiPoint"",""coordinates"":[]}"
20040213,2004-02-13,-4.034049356180077,-0.41391454426602625,-7.964777286969838,"{""type"":""MultiPoint"",""coordinates"":[]}"
20040214,2004-02-14,-3.2461679910768244,0.22549999254531794,-7.301318627970986,"{""type"":""MultiPoint"",""coordinates"":[]}"
20040215,2004-02-15,-3.3582383138965985,-0.0026226209319645433,-6.793614478477111,"{""type"":""MultiPoint"",""coordinates"":[]}"
20040216,2004-02-16,-3.910180568243939,-0.3979236929831493,-7.506269438082367,"{""type"":""MultiPoint"",""coordinates"":[]}"
20040217,2004-02-17,-2.362802102817517,1.086402385927243,-6.472975397497292,"{""type"":""MultiPoint"",""coordinates"":[]}"
20040218,2004-02-18,-0.8333049839661496,2.2191984482264653,-4.437188418946177,"{""type"":""MultiPoint"",""coordinates"":[]}"
20040219,2004-02-19,-1.1432168398133438,2.081674026448194,-4.770898706320919,"{""type"":""MultiPoint"",""coordinates"":[]}"
20040220,2004-02-20,-2.285884238928089,1.2311657486283911,-5.88513342878009,"{""type"":""MultiPoint"",""coordinates"":[]}"
20040221,2004-02-21,-2.499729708759634,0.7943148401540742,-6.128692349756224,"{""type"":""MultiPoint"",""coordinates"":[]}"
20040222,2004-02-22,-2.645566007589927,1.0610026476587395,-6.478594724798966,"{""type"":""MultiPoint"",""coordinates"":[]}"
20040223,2004-02-23,-3.480400333451528,0.19799696939423495,-7.149070192825733,"{""type"":""MultiPoint"",""coordinates"":[]}"
20040224,2004-02-24,-3.0859631884535563,0.3202451115098512,-6.527075286522761,"{""type"":""MultiPoint"",""coordinates"":[]}"
20040225,2004-02-25,-2.3703776186773857,1.1339835625713075,-6.268548139001469,"{""type"":""MultiPoint"",""coordinates"":[]}"
20040226,2004-02-26,-1.1271425751430446,2.327882920409292,-5.010022962924872,"{""type"":""MultiPoint"",""coordinates"":[]}"
20040227,2004-02-27,-0.35429938324268223,2.9078123883832174,-4.06893398517506,"{""type"":""MultiPoint"",""coordinates"":[]}"
20040228,2004-02-28,-0.8226612622826842,2.6677480763281776,-4.464281780679879,"{""type"":""MultiPoint"",""coordinates"":[]}"
20040229,2004-02-29,-1.8299524280030002,1.650763798192996,-5.580253833575469,"{""type"":""MultiPoint"",""coordinates"":[]}"
20040301,2004-03-01,-3.0349526001055787,0.6948320819783756,-6.891949477186249,"{""type"":""MultiPoint"",""coordinates"":[]}"
20040302,2004-03-02,-3.8620687326046337,-0.176152760200677,-7.522246917386058,"{""type"":""MultiPoint"",""coordinates"":[]}"
20040303,2004-03-03,-4.261688650066422,-0.4927147602507674,-8.050232283931104,"{""type"":""MultiPoint"",""coordinates"":[]}"
20040304,2004-03-04,-3.965973147055858,-0.26127730819405787,-7.850195319933881,"{""type"":""MultiPoint"",""coordinates"":[]}"
20040305,2004-03-05,-2.9270236275171624,0.8849947610502,-7.076865715406693,"{""type"":""MultiPoint"",""coordinates"":[]}"
20040306,2004-03-06,-2.6394924412474676,1.299151316347026,-6.72717106654136,"{""type"":""MultiPoint"",""coordinates"":[]}"
20040307,2004-03-07,-3.6312869752286128,0.9550070012742037,-7.985205255606232,"{""type"":""MultiPoint"",""coordinates"":[]}"
20040308,2004-03-08,-2.21911343733234,1.8424393929913825,-6.8115890848193565,"{""type"":""MultiPoint"",""coordinates"":[]}"
20040309,2004-03-09,-0.1103398941990041,3.6720930135126193,-4.509479187726387,"{""type"":""MultiPoint"",""coordinates"":[]}"
20040310,2004-03-10,1.538683029669054,4.9825274240738375,-2.421439649623346,"{""type"":""MultiPoint"",""coordinates"":[]}"
20040311,2004-03-11,1.3022216886909614,4.799557525118706,-2.39282647487976,"{""type"":""MultiPoint"",""coordinates"":[]}"
20040312,2004-03-12,1.1608572701265483,4.527587786242368,-2.5525673710142445,"{""type"":""MultiPoint"",""coordinates"":[]}"
20040313,2004-03-13,0.5622991367475583,4.246483451398475,-3.269394582419605,"{""type"":""MultiPoint"",""coordinates"":[]}"
20040314,2004-03-14,0.26142704007738493,3.9995820164491263,-3.6925810080915458,"{""type"":""MultiPoint"",""coordinates"":[]}"
20040315,2004-03-15,0.31537364831292114,4.298942690214471,-3.965508347538943,"{""type"":""MultiPoint"",""coordinates"":[]}"
20040316,2004-03-16,0.00480661974590748,4.113108519597696,-4.119717839194064,"{""type"":""MultiPoint"",""coordinates"":[]}"
20040317,2004-03-17,-0.1723069907212996,3.9616557610145486,-4.3142633917521565,"{""type"":""MultiPoint"",""coordinates"":[]}"
20040318,2004-03-18,0.6015055489355902,4.492520291579374,-3.647577377693845,"{""type"":""MultiPoint"",""coordinates"":[]}"
20040319,2004-03-19,0.5025425499099367,4.634848096148293,-3.6677834577698722,"{""type"":""MultiPoint"",""coordinates"":[]}"
20040320,2004-03-20,0.07725332906757348,4.275887611570618,-4.40669864248318,"{""type"":""MultiPoint"",""coordinates"":[]}"
20040321,2004-03-21,1.869193643025083,5.277522055400149,-2.010053937775381,"{""type"":""MultiPoint"",""coordinates"":[]}"
20040322,2004-03-22,2.050862705953425,5.4601537165087715,-1.5044834922343633,"{""type"":""MultiPoint"",""coordinates"":[]}"
20040323,2004-03-23,1.5844778459044901,5.191883755175679,-2.316753910224537,"{""type"":""MultiPoint"",""coordinates"":[]}"
20040324,2004-03-24,0.39024540663671237,4.318377839602533,-3.6775954156803965,"{""type"":""MultiPoint"",""coordinates"":[]}"
20040325,2004-03-25,-0.5833271188172557,3.5503781285920697,-4.766622907211053,"{""type"":""MultiPoint"",""coordinates"":[]}"
20040326,2004-03-26,-0.8756658608059343,3.1607850689505343,-4.930319816268925,"{""type"":""MultiPoint"",""coordinates"":[]}"
20040327,2004-03-27,-0.5264510128821428,3.415029116554379,-4.746294273617019,"{""type"":""MultiPoint"",""coordinates"":[]}"
20040328,2004-03-28,-0.22109487590997534,3.4934194905166036,-4.121349894675431,"{""type"":""MultiPoint"",""coordinates"":[]}"
20040329,2004-03-29,0.12379781852089934,3.7222004058328086,-3.6475959725091913,"{""type"":""MultiPoint"",""coordinates"":[]}"
20040330,2004-03-30,0.23435386277101145,3.9456923575395666,-3.7820045780414766,"{""type"":""MultiPoint"",""coordinates"":[]}"
20040331,2004-03-31,0.2777057708238227,4.3350930489508155,-3.7529975186190194,"{""type"":""MultiPoint"",""coordinates"":[]}"
20040401,2004-04-01,1.6271172236762237,5.355900957960676,-2.7771807658276377,"{""type"":""MultiPoint"",""coordinates"":[]}"
20040402,2004-04-02,2.851026474013963,6.139834668300558,-0.9007620221414292,"{""type"":""MultiPoint"",""coordinates"":[]}"
20040403,2004-04-03,3.096974631291385,6.5432720212973,-0.647652379743509,"{""type"":""MultiPoint"",""coordinates"":[]}"
20040404,2004-04-04,2.8607863638912003,6.37623514615344,-0.7229848641690142,"{""type"":""MultiPoint"",""coordinates"":[]}"
20040405,2004-04-05,2.518133446379282,5.979282070399767,-1.1619331027068818,"{""type"":""MultiPoint"",""coordinates"":[]}"
20040406,2004-04-06,1.8896103366372385,5.74316206060564,-1.9060947649518172,"{""type"":""MultiPoint"",""coordinates"":[]}"
20040407,2004-04-07,2.1013071629730016,5.921616154491888,-1.978935551060925,"{""type"":""MultiPoint"",""coordinates"":[]}"
20040408,2004-04-08,3.3370395826147172,6.780269720308849,-0.7362200401820408,"{""type"":""MultiPoint"",""coordinates"":[]}"
20040409,2004-04-09,3.8149069936399833,7.435351184873883,-0.2405458971613606,"{""type"":""MultiPoint"",""coordinates"":[]}"
20040410,2004-04-10,3.538883089190283,7.0372015014508955,-0.2292060060506104,"{""type"":""MultiPoint"",""coordinates"":[]}"
20040411,2004-04-11,3.637668912157633,6.940810247103535,0.03688186415667812,"{""type"":""MultiPoint"",""coordinates"":[]}"
20040412,2004-04-12,3.480946263915211,6.850952127780973,0.0076299006591171925,"{""type"":""MultiPoint"",""coordinates"":[]}"
20040413,2004-04-13,3.18625425346054,6.5345112422068015,-0.32587324050780603,"{""type"":""MultiPoint"",""coordinates"":[]}"
20040414,2004-04-14,2.429899698643207,5.854862314467783,-1.1884206501652972,"{""type"":""MultiPoint"",""coordinates"":[]}"
20040415,2004-04-15,2.003232040492127,5.587934103352963,-1.7843824848271987,"{""type"":""MultiPoint"",""coordinates"":[]}"
20040416,2004-04-16,1.8701911045593238,5.852868200793568,-2.708693273748406,"{""type"":""MultiPoint"",""coordinates"":[]}"
20040417,2004-04-17,2.8931264596447326,6.600254229621373,-1.61161223621488,"{""type"":""MultiPoint"",""coordinates"":[]}"
20040418,2004-04-18,3.0060995629852245,6.8779512133582905,-1.178726696378614,"{""type"":""MultiPoint"",""coordinates"":[]}"
20040419,2004-04-19,3.3149728304497654,7.264235611013705,-0.6481515879332941,"{""type"":""MultiPoint"",""coordinates"":[]}"
20040420,2004-04-20,4.850382141040357,8.39224320584413,0.9388379498535279,"{""type"":""MultiPoint"",""coordinates"":[]}"
20040421,2004-04-21,5.804305471868973,8.960374505007758,2.0588816034637674,"{""type"":""MultiPoint"",""coordinates"":[]}"
20040422,2004-04-22,6.69816494142742,9.728269880693041,3.1634356019328465,"{""type"":""MultiPoint"",""coordinates"":[]}"
20040423,2004-04-23,6.851656043597889,10.139007047945842,3.048164879246418,"{""type"":""MultiPoint"",""coordinates"":[]}"
20040424,2004-04-24,5.463806043467046,9.067311111929051,1.6286925947760555,"{""type"":""MultiPoint"",""coordinates"":[]}"
20040425,2004-04-25,4.707434447132495,8.175058854063641,0.8937210601202589,"{""type"":""MultiPoint"",""coordinates"":[]}"
20040426,2004-04-26,4.797566350712811,8.211334562851622,1.0430372914818007,"{""type"":""MultiPoint"",""coordinates"":[]}"
20040427,2004-04-27,5.584542385231114,9.124210752364814,1.3982459886822909,"{""type"":""MultiPoint"",""coordinates"":[]}"
20040428,2004-04-28,6.61282416472978,9.627405088507397,2.903440648332558,"{""type"":""MultiPoint"",""coordinates"":[]}"
20040429,2004-04-29,7.304511184167708,10.147124694156641,3.891425556241644,"{""type"":""MultiPoint"",""coordinates"":[]}"
20040430,2004-04-30,6.849317797825179,10.11703815703408,3.3689040983549456,"{""type"":""MultiPoint"",""coordinates"":[]}"
20040501,2004-05-01,5.327169581839913,9.048389204505408,1.6090408101341687,"{""type"":""MultiPoint"",""coordinates"":[]}"
20040502,2004-05-02,3.2535643806073287,7.138852833914037,-0.6225395916256411,"{""type"":""MultiPoint"",""coordinates"":[]}"
20040503,2004-05-03,2.6907764130711413,5.980360860023468,-0.9689380658994996,"{""type"":""MultiPoint"",""coordinates"":[]}"
20040504,2004-05-04,3.253069815165448,6.771560431650245,-0.42351684495395214,"{""type"":""MultiPoint"",""coordinates"":[]}"
20040505,2004-05-05,3.2998788937525068,7.224905992195917,-0.5987487832043548,"{""type"":""MultiPoint"",""coordinates"":[]}"
20040506,2004-05-06,3.1211257968568438,7.163343442546773,-0.9508512592586965,"{""type"":""MultiPoint"",""coordinates"":[]}"
20040507,2004-05-07,4.599007011577755,8.232689426757574,0.6065119296939913,"{""type"":""MultiPoint"",""coordinates"":[]}"
20040508,2004-05-08,6.651268251692921,9.654203799946904,2.9365948347194326,"{""type"":""MultiPoint"",""coordinates"":[]}"
20040509,2004-05-09,7.646301871951666,10.402443166713688,4.506543110873764,"{""type"":""MultiPoint"",""coordinates"":[]}"
20040510,2004-05-10,7.578722948295628,10.69959596226387,4.4066064366527256,"{""type"":""MultiPoint"",""coordinates"":[]}"
20040511,2004-05-11,7.357126034413255,10.480828473214597,4.183693269460412,"{""type"":""MultiPoint"",""coordinates"":[]}"
20040512,2004-05-12,8.038327891639668,11.06125481939875,4.701858376770724,"{""type"":""MultiPoint"",""coordinates"":[]}"
20040513,2004-05-13,8.142561614456712,11.155342581201127,5.01929016445873,"{""type"":""MultiPoint"",""coordinates"":[]}"
20040514,2004-05-14,7.603446912020031,10.388997729867667,4.6486105647196805,"{""type"":""MultiPoint"",""coordinates"":[]}"
20040515,2004-05-15,8.116348952367046,10.962758411119697,5.024571423736295,"{""type"":""MultiPoint"",""coordinates"":[]}"
20040516,2004-05-16,8.635283392302743,11.50998632411971,5.5783355872132265,"{""type"":""MultiPoint"",""coordinates"":[]}"
20040517,2004-05-17,8.624299519475496,11.641804109706625,5.46606432822194,"{""type"":""MultiPoint"",""coordinates"":[]}"
20040518,2004-05-18,8.023874289201215,11.024968046064341,5.096801314840499,"{""type"":""MultiPoint"",""coordinates"":[]}"
20040519,2004-05-19,7.48017933134549,10.8175519140939,3.9760700124299295,"{""type"":""MultiPoint"",""coordinates"":[]}"
20040520,2004-05-20,7.872264844252447,10.871904636823613,4.496818590311225,"{""type"":""MultiPoint"",""coordinates"":[]}"
20040521,2004-05-21,8.105802334885352,11.089039693131399,4.926643413437141,"{""type"":""MultiPoint"",""coordinates"":[]}"
20040522,2004-05-22,8.302620031457788,11.068483579885465,5.132580251804233,"{""type"":""MultiPoint"",""coordinates"":[]}"
20040523,2004-05-23,8.826592408136401,11.67862166815656,5.726615392778133,"{""type"":""MultiPoint"",""coordinates"":[]}"
20040524,2004-05-24,9.183668391887139,12.012892038728507,6.113139492574089,"{""type"":""MultiPoint"",""coordinates"":[]}"
20040525,2004-05-25,9.0923033628264,11.78381701583784,6.106308316259884,"{""type"":""MultiPoint"",""coordinates"":[]}"
20040526,2004-05-26,8.837588708975883,11.508090823518721,5.804583415163762,"{""type"":""MultiPoint"",""coordinates"":[]}"
20040527,2004-05-27,9.708616288735687,12.301316045188422,6.613790584495562,"{""type"":""MultiPoint"",""coordinates"":[]}"
20040528,2004-05-28,9.568669754732344,12.377876073834779,6.631376592814183,"{""type"":""MultiPoint"",""coordinates"":[]}"
20040529,2004-05-29,8.802511470318631,11.84310225325399,5.748500709661892,"{""type"":""MultiPoint"",""coordinates"":[]}"
20040530,2004-05-30,8.583168032738667,11.668576918446323,5.364265572975494,"{""type"":""MultiPoint"",""coordinates"":[]}"
20040531,2004-05-31,8.927100968130713,11.871557216646098,5.663099651056223,"{""type"":""MultiPoint"",""coordinates"":[]}"
20040601,2004-06-01,9.8526616381633,12.626072269625123,6.526227481787977,"{""type"":""MultiPoint"",""coordinates"":[]}"
20040602,2004-06-02,10.114760530692305,12.72838092266094,7.351717437005945,"{""type"":""MultiPoint"",""coordinates"":[]}"
20040603,2004-06-03,9.290255754173288,12.121507226026853,6.290362834321457,"{""type"":""MultiPoint"",""coordinates"":[]}"
20040604,2004-06-04,8.933971094168319,11.603410873216916,6.074458349907809,"{""type"":""MultiPoint"",""coordinates"":[]}"
20040605,2004-06-05,9.271115943608553,11.844514752060206,6.482711036982583,"{""type"":""MultiPoint"",""coordinates"":[]}"
20040606,2004-06-06,9.900224368734357,12.257126359500198,7.016658274692494,"{""type"":""MultiPoint"",""coordinates"":[]}"
20040607,2004-06-07,11.025849702667896,13.169998266173993,8.465194661791038,"{""type"":""MultiPoint"",""coordinates"":[]}"
20040608,2004-06-08,11.386509260474256,13.563386113186628,8.930440028905167,"{""type"":""MultiPoint"",""coordinates"":[]}"
20040609,2004-06-09,11.700721813114132,13.684229709204267,9.45527916187188,"{""type"":""MultiPoint"",""coordinates"":[]}"
20040610,2004-06-10,11.86773002879176,13.943583439293832,9.801723199854669,"{""type"":""MultiPoint"",""coordinates"":[]}"
20040611,2004-06-11,11.59008674100596,13.666823899964756,9.349994789523116,"{""type"":""MultiPoint"",""coordinates"":[]}"
20040612,2004-06-12,11.77255220286696,13.739154554424848,9.60821643113885,"{""type"":""MultiPoint"",""coordinates"":[]}"
20040613,2004-06-13,11.719780506195649,13.610834567747114,9.598139648489253,"{""type"":""MultiPoint"",""coordinates"":[]}"
20040614,2004-06-14,11.630078323847782,13.69910633952728,9.488483157556127,"{""type"":""MultiPoint"",""coordinates"":[]}"
20040615,2004-06-15,12.274041005735732,14.284171844471803,10.014589189943344,"{""type"":""MultiPoint"",""coordinates"":[]}"
20040616,2004-06-16,13.275043415448058,15.128443031166253,11.159010097403256,"{""type"":""MultiPoint"",""coordinates"":[]}"
20040617,2004-06-17,12.914096215064477,14.651006303623344,11.141786072401755,"{""type"":""MultiPoint"",""coordinates"":[]}"
20040618,2004-06-18,13.183869765250078,14.958894667049561,11.233592448222536,"{""type"":""MultiPoint"",""coordinates"":[]}"
20040619,2004-06-19,12.790834660279282,14.545496405325867,11.032337419239198,"{""type"":""MultiPoint"",""coordinates"":[]}"
20040620,2004-06-20,12.779296556031436,14.579260826752964,10.87069947539793,"{""type"":""MultiPoint"",""coordinates"":[]}"
20040621,2004-06-21,12.831977570358125,14.742880610676142,10.832905429824384,"{""type"":""MultiPoint"",""coordinates"":[]}"
20040622,2004-06-22,12.957144381877553,14.743065820453168,10.987861922623095,"{""type"":""MultiPoint"",""coordinates"":[]}"
20040623,2004-06-23,13.007914744171249,14.789820095707723,11.151674194184404,"{""type"":""MultiPoint"",""coordinates"":[]}"
20040624,2004-06-24,13.203254023760588,14.96090949052391,11.3058899025291,"{""type"":""MultiPoint"",""coordinates"":[]}"
20040625,2004-06-25,13.331978499340217,15.115126128902508,11.474137424091735,"{""type"":""MultiPoint"",""coordinates"":[]}"
20040626,2004-06-26,13.385796490744246,15.122191657940746,11.5578171008707,"{""type"":""MultiPoint"",""coordinates"":[]}"
20040627,2004-06-27,13.32990022892192,15.2136357692587,11.364822979242208,"{""type"":""MultiPoint"",""coordinates"":[]}"
20040628,2004-06-28,12.992823156459364,14.972716007969145,10.923711181389626,"{""type"":""MultiPoint"",""coordinates"":[]}"
20040629,2004-06-29,12.42349765632892,14.547680867271762,10.202147646686521,"{""type"":""MultiPoint"",""coordinates"":[]}"
20040630,2004-06-30,12.57405954776091,14.600196278487633,10.398403120817875,"{""type"":""MultiPoint"",""coordinates"":[]}"
20040701,2004-07-01,13.12153611205656,15.10449989051787,11.028498763017923,"{""type"":""MultiPoint"",""coordinates"":[]}"
20040702,2004-07-02,13.533269909028066,15.471511947630766,11.559808999869873,"{""type"":""MultiPoint"",""coordinates"":[]}"
20040703,2004-07-03,13.923138687431933,15.745833008848322,12.07135662836163,"{""type"":""MultiPoint"",""coordinates"":[]}"
20040704,2004-07-04,14.19863163816896,15.885371424373838,12.603529729344894,"{""type"":""MultiPoint"",""coordinates"":[]}"
20040705,2004-07-05,14.706036909673465,16.41298138595094,13.038188670630257,"{""type"":""MultiPoint"",""coordinates"":[]}"
20040706,2004-07-06,14.58922257983256,16.268616087259154,12.9932258417036,"{""type"":""MultiPoint"",""coordinates"":[]}"
20040707,2004-07-07,14.201521788278235,15.895599173358947,12.549731834692922,"{""type"":""MultiPoint"",""coordinates"":[]}"
20040708,2004-07-08,13.553237360193826,15.324910532841477,11.805667925757666,"{""type"":""MultiPoint"",""coordinates"":[]}"
20040709,2004-07-09,13.390024319465887,15.208068116619703,11.599177232912334,"{""type"":""MultiPoint"",""coordinates"":[]}"
20040710,2004-07-10,13.284270059497617,15.049929737576672,11.49100572198749,"{""type"":""MultiPoint"",""coordinates"":[]}"
20040711,2004-07-11,13.346706600381571,14.999343589790053,11.62599114919687,"{""type"":""MultiPoint"",""coordinates"":[]}"
20040712,2004-07-12,13.62703003600604,15.288440661129655,11.930269698523084,"{""type"":""MultiPoint"",""coordinates"":[]}"
20040713,2004-07-13,13.999656337639024,15.674318142182056,12.35241364942841,"{""type"":""MultiPoint"",""coordinates"":[]}"
20040714,2004-07-14,14.081533269084606,15.828962984725209,12.485045528559626,"{""type"":""MultiPoint"",""coordinates"":[]}"
20040715,2004-07-15,14.186162530006856,15.995047067517607,12.476547760686518,"{""type"":""MultiPoint"",""coordinates"":[]}"
20040716,2004-07-16,14.069839808263817,15.968453392102775,12.32272817959987,"{""type"":""MultiPoint"",""coordinates"":[]}"
20040717,2004-07-17,14.020302678672257,15.880576915435007,12.226723205377706,"{""type"":""MultiPoint"",""coordinates"":[]}"
20040718,2004-07-18,13.815374766596488,15.703614742209389,12.06119090475312,"{""type"":""MultiPoint"",""coordinates"":[]}"
20040719,2004-07-19,13.582613783781843,15.494118707013502,11.694446030090948,"{""type"":""MultiPoint"",""coordinates"":[]}"
20040720,2004-07-20,13.668455570763431,15.473727411955787,11.817756459017861,"{""type"":""MultiPoint"",""coordinates"":[]}"
20040721,2004-07-21,13.725404213568323,15.494843089485592,11.976688576321555,"{""type"":""MultiPoint"",""coordinates"":[]}"
20040722,2004-07-22,13.859198062712833,15.719168036395144,12.096510914273672,"{""type"":""MultiPoint"",""coordinates"":[]}"
20040723,2004-07-23,13.942610016954578,15.78054949221014,12.209365788461922,"{""type"":""MultiPoint"",""coordinates"":[]}"
20040724,2004-07-24,14.005883968029492,15.886599296029829,12.288391405502372,"{""type"":""MultiPoint"",""coordinates"":[]}"
20040725,2004-07-25,13.879493366121357,15.633911143847396,12.193554519196118,"{""type"":""MultiPoint"",""coordinates"":[]}"
20040726,2004-07-26,13.844444927255193,15.540467454396818,12.239970021529533,"{""type"":""MultiPoint"",""coordinates"":[]}"
20040727,2004-07-27,14.289172063895395,15.932593768700077,12.758278573602905,"{""type"":""MultiPoint"",""coordinates"":[]}"
20040728,2004-07-28,14.278333775289397,15.907050609247685,12.769895048638755,"{""type"":""MultiPoint"",""coordinates"":[]}"
20040729,2004-07-29,14.206711914477976,15.901525009617824,12.685987065489332,"{""type"":""MultiPoint"",""coordinates"":[]}"
20040730,2004-07-30,14.568167932727091,16.258560342356443,13.048561023715683,"{""type"":""MultiPoint"",""coordinates"":[]}"
20040731,2004-07-31,14.720174094942113,16.290869120916152,13.290680451872083,"{""type"":""MultiPoint"",""coordinates"":[]}"
20040801,2004-08-01,14.890477254477974,16.483158202929285,13.457910080900142,"{""type"":""MultiPoint"",""coordinates"":[]}"
20040802,2004-08-02,15.147777034165717,16.679950868874798,13.758990375943943,"{""type"":""MultiPoint"",""coordinates"":[]}"
20040803,2004-08-03,15.548170276472732,17.084704906121868,14.122732394209866,"{""type"":""MultiPoint"",""coordinates"":[]}"
20040804,2004-08-04,15.635144351320458,17.26359221785291,14.20254658165949,"{""type"":""MultiPoint"",""coordinates"":[]}"
20040805,2004-08-05,15.335641591713763,16.937362798483523,13.855700208757368,"{""type"":""MultiPoint"",""coordinates"":[]}"
20040806,2004-08-06,14.970580562731888,16.491646135236824,13.541195376512105,"{""type"":""MultiPoint"",""coordinates"":[]}"
20040807,2004-08-07,15.063016090641506,16.66442468057256,13.584770447946472,"{""type"":""MultiPoint"",""coordinates"":[]}"
20040808,2004-08-08,15.143085903631853,16.77821777223511,13.695383298254788,"{""type"":""MultiPoint"",""coordinates"":[]}"
20040809,2004-08-09,14.869353885268428,16.426928024647413,13.492893222564597,"{""type"":""MultiPoint"",""coordinates"":[]}"
20040810,2004-08-10,14.622616411376942,16.21019265378701,13.173670496768429,"{""type"":""MultiPoint"",""coordinates"":[]}"
20040811,2004-08-11,14.534855874213521,16.159555840337813,13.016430267285347,"{""type"":""MultiPoint"",""coordinates"":[]}"
20040812,2004-08-12,14.7604506906154,16.394017505026966,13.106466077555085,"{""type"":""MultiPoint"",""coordinates"":[]}"
20040813,2004-08-13,14.50836808257227,16.09397016254299,12.908467937006051,"{""type"":""MultiPoint"",""coordinates"":[]}"
20040814,2004-08-14,13.957357792387455,15.716320701485428,12.268660920326107,"{""type"":""MultiPoint"",""coordinates"":[]}"
20040815,2004-08-15,13.450719792664673,15.156215946489079,11.859595812948713,"{""type"":""MultiPoint"",""coordinates"":[]}"
20040816,2004-08-16,13.648365908720786,15.479910920636959,11.9413790772644,"{""type"":""MultiPoint"",""coordinates"":[]}"
20040817,2004-08-17,14.246095350895057,15.982831127294563,12.58258124113632,"{""type"":""MultiPoint"",""coordinates"":[]}"
20040818,2004-08-18,14.542201894402512,16.1019253487854,13.025415265130675,"{""type"":""MultiPoint"",""coordinates"":[]}"
20040819,2004-08-19,14.090842615794944,15.614366832460922,12.716068448151615,"{""type"":""MultiPoint"",""coordinates"":[]}"
20040820,2004-08-20,14.328140394926809,15.982749691539805,12.683587222431878,"{""type"":""MultiPoint"",""coordinates"":[]}"
20040821,2004-08-21,14.344968378613713,16.013014477563537,12.755121850050301,"{""type"":""MultiPoint"",""coordinates"":[]}"
20040822,2004-08-22,14.300708286650682,15.946707180188135,12.695107518019324,"{""type"":""MultiPoint"",""coordinates"":[]}"
20040823,2004-08-23,14.012225093760309,15.6492970099627,12.378311664248297,"{""type"":""MultiPoint"",""coordinates"":[]}"
20040824,2004-08-24,13.850198226351477,15.474253739948479,12.254201430164676,"{""type"":""MultiPoint"",""coordinates"":[]}"
20040825,2004-08-25,13.708429271039194,15.475127618767662,11.987556566786484,"{""type"":""MultiPoint"",""coordinates"":[]}"
20040826,2004-08-26,13.49093292757373,15.325810404234405,11.750354455179757,"{""type"":""MultiPoint"",""coordinates"":[]}"
20040827,2004-08-27,12.979964196425701,14.723375619792938,11.227898621631573,"{""type"":""MultiPoint"",""coordinates"":[]}"
20040828,2004-08-28,13.108468741004357,14.884150434448662,11.296881315298776,"{""type"":""MultiPoint"",""coordinates"":[]}"
20040829,2004-08-29,13.0887325512092,14.914028064451578,11.22688005890439,"{""type"":""MultiPoint"",""coordinates"":[]}"
20040830,2004-08-30,13.037884256848752,14.959909072756895,11.183974331577174,"{""type"":""MultiPoint"",""coordinates"":[]}"
20040831,2004-08-31,12.89925575483612,14.78124553600929,11.090406531091002,"{""type"":""MultiPoint"",""coordinates"":[]}"
20040901,2004-09-01,12.951343608058268,14.87207210846002,10.982880208164008,"{""type"":""MultiPoint"",""coordinates"":[]}"
20040902,2004-09-02,12.908201796491321,14.839808492081067,11.04867949563401,"{""type"":""MultiPoint"",""coordinates"":[]}"
20040903,2004-09-03,12.687227116791187,14.641264734698325,10.81420397985885,"{""type"":""MultiPoint"",""coordinates"":[]}"
20040904,2004-09-04,12.636323907420692,14.54125407510927,10.69306114597613,"{""type"":""MultiPoint"",""coordinates"":[]}"
20040905,2004-09-05,12.715112617422255,14.666195564991293,10.854914518722303,"{""type"":""MultiPoint"",""coordinates"":[]}"
20040906,2004-09-06,12.697877561536853,14.721344118540149,10.74235861095476,"{""type"":""MultiPoint"",""coordinates"":[]}"
20040907,2004-09-07,11.966895235598697,14.057522218853979,9.944213731499033,"{""type"":""MultiPoint"",""coordinates"":[]}"
20040908,2004-09-08,11.289750737903288,13.36476477103685,9.269994700107265,"{""type"":""MultiPoint"",""coordinates"":[]}"
20040909,2004-09-09,11.369877022274109,13.361003834960655,9.355808388508654,"{""type"":""MultiPoint"",""coordinates"":[]}"
20040910,2004-09-10,11.78129699929397,13.641121978803218,9.805421696728317,"{""type"":""MultiPoint"",""coordinates"":[]}"
20040911,2004-09-11,11.066666719206578,13.13898531167199,8.987884592580157,"{""type"":""MultiPoint"",""coordinates"":[]}"
20040912,2004-09-12,10.003649276802975,12.381746854513663,7.842902556074322,"{""type"":""MultiPoint"",""coordinates"":[]}"
20040913,2004-09-13,10.038032523196335,12.256854762403309,7.95019239310115,"{""type"":""MultiPoint"",""coordinates"":[]}"
20040914,2004-09-14,10.56075705026049,12.717138160048728,8.365016319807312,"{""type"":""MultiPoint"",""coordinates"":[]}"
20040915,2004-09-15,11.342339057349214,13.249059519952825,9.244031884215076,"{""type"":""MultiPoint"",""coordinates"":[]}"
20040916,2004-09-16,12.187707930909626,13.817037932854069,10.343492906743078,"{""type"":""MultiPoint"",""coordinates"":[]}"
20040917,2004-09-17,12.358054277518544,14.044770469341822,10.588420334168147,"{""type"":""MultiPoint"",""coordinates"":[]}"
20040918,2004-09-18,11.972221472900685,13.865037712979623,10.056711085999613,"{""type"":""MultiPoint"",""coordinates"":[]}"
20040919,2004-09-19,11.648771969211094,13.44836288669262,9.79281417801705,"{""type"":""MultiPoint"",""coordinates"":[]}"
20040920,2004-09-20,11.83989937626298,13.795405287312574,9.791857313877596,"{""type"":""MultiPoint"",""coordinates"":[]}"
20040921,2004-09-21,12.26282787617775,14.213077016659964,10.291880467621505,"{""type"":""MultiPoint"",""coordinates"":[]}"
20040922,2004-09-22,12.301886283562766,14.106340402307852,10.449314072011518,"{""type"":""MultiPoint"",""coordinates"":[]}"
20040923,2004-09-23,11.512638332213427,13.543143358551808,9.459008649785876,"{""type"":""MultiPoint"",""coordinates"":[]}"
20040924,2004-09-24,10.932503976361371,12.980158984729927,8.891154193988275,"{""type"":""MultiPoint"",""coordinates"":[]}"
20040925,2004-09-25,10.917191720743013,12.986349470411819,8.894654471988257,"{""type"":""MultiPoint"",""coordinates"":[]}"
20040926,2004-09-26,10.848885608309265,13.035886998436123,8.769209291726254,"{""type"":""MultiPoint"",""coordinates"":[]}"
20040927,2004-09-27,10.892549996469668,13.032876637140644,8.796830625024443,"{""type"":""MultiPoint"",""coordinates"":[]}"
20040928,2004-09-28,11.17714790824635,13.199553597281671,9.138009005931607,"{""type"":""MultiPoint"",""coordinates"":[]}"
20040929,2004-09-29,11.262883594816618,13.37087425315561,9.138755475967246,"{""type"":""MultiPoint"",""coordinates"":[]}"
20040930,2004-09-30,10.968311262738931,12.975630448713755,8.879662872972117,"{""type"":""MultiPoint"",""coordinates"":[]}"
20041001,2004-10-01,11.305216185261152,13.205219706994374,9.227683464412921,"{""type"":""MultiPoint"",""coordinates"":[]}"
20041002,2004-10-02,11.782636208477799,13.618037834271416,9.81293539115261,"{""type"":""MultiPoint"",""coordinates"":[]}"
20041003,2004-10-03,11.673085237809925,13.45502932208218,9.691437856061684,"{""type"":""MultiPoint"",""coordinates"":[]}"
20041004,2004-10-04,10.541011386290943,12.638978528598033,8.307840309508224,"{""type"":""MultiPoint"",""coordinates"":[]}"
20041005,2004-10-05,8.844712622280236,11.03716029245179,6.501661528547656,"{""type"":""MultiPoint"",""coordinates"":[]}"
20041006,2004-10-06,8.068661276858151,10.495176979888898,5.445105244736215,"{""type"":""MultiPoint"",""coordinates"":[]}"
20041007,2004-10-07,8.371060532332208,10.822224872669311,5.376195906783033,"{""type"":""MultiPoint"",""coordinates"":[]}"
20041008,2004-10-08,8.487968661957481,10.911769133910557,5.68649222242542,"{""type"":""MultiPoint"",""coordinates"":[]}"
20041009,2004-10-09,7.877693676947256,10.528919842360835,4.82567259536581,"{""type"":""MultiPoint"",""coordinates"":[]}"
20041010,2004-10-10,7.961927718845293,10.52216474781736,4.969163917256,"{""type"":""MultiPoint"",""coordinates"":[]}"
20041011,2004-10-11,8.183687618923072,10.554274487802397,5.374905926987111,"{""type"":""MultiPoint"",""coordinates"":[]}"
20041012,2004-10-12,7.868148444391265,10.229162784539762,5.1235188360930914,"{""type"":""MultiPoint"",""coordinates"":[]}"
20041013,2004-10-13,6.8895998467324935,9.343582788240358,4.244353285675434,"{""type"":""MultiPoint"",""coordinates"":[]}"
20041014,2004-10-14,6.212818669764843,8.73525592418699,3.41362369322613,"{""type"":""MultiPoint"",""coordinates"":[]}"
20041015,2004-10-15,4.981471660854454,7.670985083069381,1.9182112413574537,"{""type"":""MultiPoint"",""coordinates"":[]}"
20041016,2004-10-16,3.9362381338902104,6.819119827965311,0.7250373199657582,"{""type"":""MultiPoint"",""coordinates"":[]}"
20041017,2004-10-17,4.089519410627154,6.988121259708093,1.0434603420417943,"{""type"":""MultiPoint"",""coordinates"":[]}"
20041018,2004-10-18,4.238120626194162,7.109817320404125,1.2147705050824358,"{""type"":""MultiPoint"",""coordinates"":[]}"
20041019,2004-10-19,4.433040094111336,7.139462476367714,1.3946573118663708,"{""type"":""MultiPoint"",""coordinates"":[]}"
20041020,2004-10-20,4.483866420026336,7.187781176333502,1.5460069911626728,"{""type"":""MultiPoint"",""coordinates"":[]}"
20041021,2004-10-21,4.175755964106807,7.019250827065939,1.2196673540690197,"{""type"":""MultiPoint"",""coordinates"":[]}"
20041022,2004-10-22,3.418445910921661,6.396871703561003,0.33282335223304604,"{""type"":""MultiPoint"",""coordinates"":[]}"
20041023,2004-10-23,2.390193169554787,5.505974003575802,-0.8599430546162762,"{""type"":""MultiPoint"",""coordinates"":[]}"
20041024,2004-10-24,2.4749238444635178,5.475552614913497,-0.6998750481305781,"{""type"":""MultiPoint"",""coordinates"":[]}"
20041025,2004-10-25,3.059381856235845,5.956309473011817,-0.21658902822396417,"{""type"":""MultiPoint"",""coordinates"":[]}"
20041026,2004-10-26,3.4841939683326477,6.261970951128854,0.299381318883695,"{""type"":""MultiPoint"",""coordinates"":[]}"
20041027,2004-10-27,3.231733944429773,5.969316062597028,0.2381282998653493,"{""type"":""MultiPoint"",""coordinates"":[]}"
20041028,2004-10-28,2.5522067559850994,5.398475674298776,-0.5483751088446335,"{""type"":""MultiPoint"",""coordinates"":[]}"
20041029,2004-10-29,1.914841035328298,4.84831407828908,-1.156623502932958,"{""type"":""MultiPoint"",""coordinates"":[]}"
20041030,2004-10-30,1.0024186113199254,3.9236168408542773,-1.9962446854578622,"{""type"":""MultiPoint"",""coordinates"":[]}"
20041031,2004-10-31,0.6205373969159417,3.499879117489801,-2.386106059267714,"{""type"":""MultiPoint"",""coordinates"":[]}"
20041101,2004-11-01,0.4260580173653579,3.5480683673783773,-2.814398449442022,"{""type"":""MultiPoint"",""coordinates"":[]}"
20041102,2004-11-02,0.10522354778760629,3.245632372082216,-3.14840825518274,"{""type"":""MultiPoint"",""coordinates"":[]}"
20041103,2004-11-03,-0.409936874400718,2.8790805245305604,-3.7724012344754376,"{""type"":""MultiPoint"",""coordinates"":[]}"
20041104,2004-11-04,-0.955972025289626,2.431312417736813,-4.332634786249587,"{""type"":""MultiPoint"",""coordinates"":[]}"
20041105,2004-11-05,-0.9485652125552081,2.2696000167420576,-4.237850485366552,"{""type"":""MultiPoint"",""coordinates"":[]}"
20041106,2004-11-06,-0.08269931232293101,2.851228186217135,-3.499367989373375,"{""type"":""MultiPoint"",""coordinates"":[]}"
20041107,2004-11-07,0.4077446247620344,3.3061712637246194,-2.6260637763160246,"{""type"":""MultiPoint"",""coordinates"":[]}"
20041108,2004-11-08,0.9158921462242894,3.751362357833373,-2.2497417333122596,"{""type"":""MultiPoint"",""coordinates"":[]}"
20041109,2004-11-09,1.2328480304733347,3.9066082346467286,-1.5667446480600347,"{""type"":""MultiPoint"",""coordinates"":[]}"
20041110,2004-11-10,1.5356935754527392,4.176335857210844,-1.4481374060708654,"{""type"":""MultiPoint"",""coordinates"":[]}"
20041111,2004-11-11,2.410647334733991,4.845669794941302,-0.5254310902166138,"{""type"":""MultiPoint"",""coordinates"":[]}"
20041112,2004-11-12,2.356563273317666,4.98750373395036,-0.6453172755333205,"{""type"":""MultiPoint"",""coordinates"":[]}"
20041113,2004-11-13,1.9153862203562697,4.704283686249508,-1.1437213032574516,"{""type"":""MultiPoint"",""coordinates"":[]}"
20041114,2004-11-14,0.7308872349749258,3.6008303578883143,-2.3094463303262955,"{""type"":""MultiPoint"",""coordinates"":[]}"
20041115,2004-11-15,-0.20070013635398104,2.754685347593346,-3.212932222109571,"{""type"":""MultiPoint"",""coordinates"":[]}"
20041116,2004-11-16,-0.687459270315485,2.2778015681787194,-3.736797446136645,"{""type"":""MultiPoint"",""coordinates"":[]}"
20041117,2004-11-17,0.4673994022129198,3.286962053437656,-2.7288294621899496,"{""type"":""MultiPoint"",""coordinates"":[]}"
20041118,2004-11-18,1.8829190009166046,4.67679463172439,-1.5040002712963976,"{""type"":""MultiPoint"",""coordinates"":[]}"
20041119,2004-11-19,0.4304578018629678,3.744889127258444,-3.0587258894671523,"{""type"":""MultiPoint"",""coordinates"":[]}"
20041120,2004-11-20,-0.3403606897672835,2.723464553374015,-3.6491677780691476,"{""type"":""MultiPoint"",""coordinates"":[]}"
20041121,2004-11-21,0.9285218093119073,3.664392752061262,-2.2909989126274235,"{""type"":""MultiPoint"",""coordinates"":[]}"
20041122,2004-11-22,1.2480714963784953,3.9240351346982862,-1.756040924823826,"{""type"":""MultiPoint"",""coordinates"":[]}"
20041123,2004-11-23,1.2968298118012471,3.996184579373503,-1.8832206159705627,"{""type"":""MultiPoint"",""coordinates"":[]}"
20041124,2004-11-24,0.2459072164032238,3.1840351091799755,-2.9104599701054332,"{""type"":""MultiPoint"",""coordinates"":[]}"
20041125,2004-11-25,-0.04067701995673331,2.661904307849794,-3.0564919705385813,"{""type"":""MultiPoint"",""coordinates"":[]}"
20041126,2004-11-26,0.4015363202211382,3.0696770378298126,-2.662789523241306,"{""type"":""MultiPoint"",""coordinates"":[]}"
20041127,2004-11-27,0.4637193399001729,3.240395627313485,-2.564953354533004,"{""type"":""MultiPoint"",""coordinates"":[]}"
20041128,2004-11-28,-0.2563102607849516,2.792684441727141,-3.437108121169663,"{""type"":""MultiPoint"",""coordinates"":[]}"
20041129,2004-11-29,-0.6749352725787171,2.4745637185902845,-4.234318221498231,"{""type"":""MultiPoint"",""coordinates"":[]}"
20041130,2004-11-30,-0.348769035853255,2.479030128748098,-3.873837403385601,"{""type"":""MultiPoint"",""coordinates"":[]}"
20041201,2004-12-01,-0.5857147730003803,2.306415581641893,-3.7159196864177226,"{""type"":""MultiPoint"",""coordinates"":[]}"
20041202,2004-12-02,-1.7170528881738694,1.3782360239063352,-5.035813012273934,"{""type"":""MultiPoint"",""coordinates"":[]}"
20041203,2004-12-03,-2.0440521995704755,0.8727774930922946,-5.0105440498381455,"{""type"":""MultiPoint"",""coordinates"":[]}"
20041204,2004-12-04,-1.907494378917963,0.8938327891357856,-5.046206312103389,"{""type"":""MultiPoint"",""coordinates"":[]}"
20041205,2004-12-05,-2.3875415457988405,0.6757677393908409,-5.681973869289694,"{""type"":""MultiPoint"",""coordinates"":[]}"
20041206,2004-12-06,-3.4056966330204568,-0.20499901578830002,-6.6210680569322635,"{""type"":""MultiPoint"",""coordinates"":[]}"
20041207,2004-12-07,-2.426501372362496,0.5970998481323404,-5.980653120487237,"{""type"":""MultiPoint"",""coordinates"":[]}"
20041208,2004-12-08,-1.3287540758747298,1.5131645343048086,-4.246238055160276,"{""type"":""MultiPoint"",""coordinates"":[]}"
20041209,2004-12-09,-1.9023835956170447,0.968867302846632,-4.798621360145295,"{""type"":""MultiPoint"",""coordinates"":[]}"
20041210,2004-12-10,-2.442504802949871,0.5393345895767238,-5.467204086116053,"{""type"":""MultiPoint"",""coordinates"":[]}"
20041211,2004-12-11,-1.4592072830360294,1.1976653054502573,-4.51273381433163,"{""type"":""MultiPoint"",""coordinates"":[]}"
20041212,2004-12-12,-0.5121979028998643,2.154696155246899,-3.6437284457005097,"{""type"":""MultiPoint"",""coordinates"":[]}"
20041213,2004-12-13,-0.8020713454327246,1.8060967592326302,-3.4771029199389507,"{""type"":""MultiPoint"",""coordinates"":[]}"
20041214,2004-12-14,-0.7254168851645744,1.7218628379502652,-3.495243911881555,"{""type"":""MultiPoint"",""coordinates"":[]}"
20041215,2004-12-15,-0.958411641773065,1.7545249105417038,-3.8420050071257186,"{""type"":""MultiPoint"",""coordinates"":[]}"
20041216,2004-12-16,-1.8213005752750746,1.2839798557638278,-4.9507139834735385,"{""type"":""MultiPoint"",""coordinates"":[]}"
20041217,2004-12-17,-1.4090311859780473,1.376346286148889,-4.573229175241253,"{""type"":""MultiPoint"",""coordinates"":[]}"
20041218,2004-12-18,-1.5862754871449856,1.567070408106252,-4.701853640499468,"{""type"":""MultiPoint"",""coordinates"":[]}"
20041219,2004-12-19,-1.3446019397356397,2.0131231961581912,-5.175587819736656,"{""type"":""MultiPoint"",""coordinates"":[]}"
20041220,2004-12-20,-1.3301675604936012,1.5790175767091723,-4.398620524209214,"{""type"":""MultiPoint"",""coordinates"":[]}"
20041221,2004-12-21,-1.5034052434668732,1.1021543428178893,-4.283531946936989,"{""type"":""MultiPoint"",""coordinates"":[]}"
20041222,2004-12-22,-1.6806375086945626,0.7645062888475161,-4.4996162677515406,"{""type"":""MultiPoint"",""coordinates"":[]}"
20041223,2004-12-23,-1.8331096506371862,0.7069542672612642,-4.553732412723099,"{""type"":""MultiPoint"",""coordinates"":[]}"
20041224,2004-12-24,-2.2622486674416167,0.22552963662230624,-4.8185582111022605,"{""type"":""MultiPoint"",""coordinates"":[]}"
20041225,2004-12-25,-2.9791872310127823,-0.17016080517565452,-6.035040434668283,"{""type"":""MultiPoint"",""coordinates"":[]}"
20041226,2004-12-26,-5.361995980528393,-2.2325824589603247,-8.616511427797345,"{""type"":""MultiPoint"",""coordinates"":[]}"
20041227,2004-12-27,-5.612292864124866,-2.066359830535278,-9.69579151993183,"{""type"":""MultiPoint"",""coordinates"":[]}"
20041228,2004-12-28,-1.974031370187682,0.6528839761603851,-5.753638695420794,"{""type"":""MultiPoint"",""coordinates"":[]}"
20041229,2004-12-29,-1.8416168947613727,1.0340694214117938,-4.848574902649027,"{""type"":""MultiPoint"",""coordinates"":[]}"
20041230,2004-12-30,-1.113600722667852,1.7547815596468306,-4.41418861089256,"{""type"":""MultiPoint"",""coordinates"":[]}"
20041231,2004-12-31,0.9683040727569138,3.84594095007718,-2.659417491182719,"{""type"":""MultiPoint"",""coordinates"":[]}"
20050101,2005-01-01,0.7505947515379959,3.507141487142422,-2.1843205590155983,"{""type"":""MultiPoint"",""coordinates"":[]}"
20050102,2005-01-02,0.04535079124477942,2.631629644317892,-2.8739803155053765,"{""type"":""MultiPoint"",""coordinates"":[]}"
20050103,2005-01-03,-0.9883908648489156,1.6589785428875323,-4.132414878726107,"{""type"":""MultiPoint"",""coordinates"":[]}"
20050104,2005-01-04,-1.9537169292760992,1.0034270758199924,-5.147992520140542,"{""type"":""MultiPoint"",""coordinates"":[]}"
20050105,2005-01-05,-1.890038074069008,0.7894146324026653,-5.134544572659033,"{""type"":""MultiPoint"",""coordinates"":[]}"
20050106,2005-01-06,-2.141952205209457,0.5554363937786709,-5.151552140130261,"{""type"":""MultiPoint"",""coordinates"":[]}"
20050107,2005-01-07,-3.0594429154329688,-0.3198724930330599,-6.0573921865903655,"{""type"":""MultiPoint"",""coordinates"":[]}"
20050108,2005-01-08,-3.5131826181361467,-0.6836513203451143,-6.657828400605865,"{""type"":""MultiPoint"",""coordinates"":[]}"
20050109,2005-01-09,-3.299214465761695,-0.5352153147951235,-6.558977676835804,"{""type"":""MultiPoint"",""coordinates"":[]}"
20050110,2005-01-10,-3.946226738628377,-0.7746683446810372,-7.396591065121677,"{""type"":""MultiPoint"",""coordinates"":[]}"
20050111,2005-01-11,-4.99074261733178,-1.8008101078597523,-8.481000477183889,"{""type"":""MultiPoint"",""coordinates"":[]}"
20050112,2005-01-12,-5.2115888483315596,-2.133459501192177,-8.826415904588805,"{""type"":""MultiPoint"",""coordinates"":[]}"
20050113,2005-01-13,-4.5081098815958205,-1.7796404173832692,-7.490958089947941,"{""type"":""MultiPoint"",""coordinates"":[]}"
20050114,2005-01-14,-4.681824797343005,-1.7622301253633392,-7.845190907449393,"{""type"":""MultiPoint"",""coordinates"":[]}"
20050115,2005-01-15,-4.08103667742174,-1.1890884382152092,-7.365756286984231,"{""type"":""MultiPoint"",""coordinates"":[]}"
20050116,2005-01-16,-3.1000186360274857,-0.3705776009936904,-6.006884962479419,"{""type"":""MultiPoint"",""coordinates"":[]}"
20050117,2005-01-17,-2.8060210941794006,0.026259116585671167,-5.854923262719211,"{""type"":""MultiPoint"",""coordinates"":[]}"
20050118,2005-01-18,-3.6848413954823775,-0.6503352857659873,-7.035324575786335,"{""type"":""MultiPoint"",""coordinates"":[]}"
20050119,2005-01-19,-5.0610208247158965,-1.9352896858806394,-8.127577123987306,"{""type"":""MultiPoint"",""coordinates"":[]}"
20050120,2005-01-20,-6.157046946841404,-3.0451662121672887,-9.59717468524724,"{""type"":""MultiPoint"",""coordinates"":[]}"
20050121,2005-01-21,-4.475123315067417,-1.220467465921395,-8.736986434530206,"{""type"":""MultiPoint"",""coordinates"":[]}"
20050122,2005-01-22,-2.315184154722772,0.49017879967167655,-5.891360015035659,"{""type"":""MultiPoint"",""coordinates"":[]}"
20050123,2005-01-23,-3.0723208583855817,-0.1471935376767095,-6.402787631151869,"{""type"":""MultiPoint"",""coordinates"":[]}"
20050124,2005-01-24,-2.501183663024753,0.09369532598926414,-5.880666331671812,"{""type"":""MultiPoint"",""coordinates"":[]}"
20050125,2005-01-25,-2.464510853176101,0.4945093082199832,-5.694208275895078,"{""type"":""MultiPoint"",""coordinates"":[]}"
20050126,2005-01-26,-2.582515396637959,-0.08013152020324565,-5.557345592250632,"{""type"":""MultiPoint"",""coordinates"":[]}"
20050127,2005-01-27,-2.810551757940395,-0.012671948768113133,-6.023296676792865,"{""type"":""MultiPoint"",""coordinates"":[]}"
20050128,2005-01-28,-2.8083883702651167,0.30221301401051726,-6.491400807589387,"{""type"":""MultiPoint"",""coordinates"":[]}"
20050129,2005-01-29,-3.6542482529001643,-0.9234774696723443,-6.592683343026456,"{""type"":""MultiPoint"",""coordinates"":[]}"
20050130,2005-01-30,-3.1225678336896263,-0.615650247882162,-6.10337960517794,"{""type"":""MultiPoint"",""coordinates"":[]}"
20050131,2005-01-31,-1.7559430974390042,0.7291557709335145,-4.983502814359213,"{""type"":""MultiPoint"",""coordinates"":[]}"
20050201,2005-02-01,-2.7105288857256347,0.3898618805724476,-5.998694118258235,"{""type"":""MultiPoint"",""coordinates"":[]}"
20050202,2005-02-02,-4.409768542403931,-1.4910156360467686,-7.436931297961557,"{""type"":""MultiPoint"",""coordinates"":[]}"
20050203,2005-02-03,-3.4783026656833753,-0.7894330838572651,-6.575827645708385,"{""type"":""MultiPoint"",""coordinates"":[]}"
20050204,2005-02-04,-2.1935341778814488,0.37003607677891215,-5.256466370170143,"{""type"":""MultiPoint"",""coordinates"":[]}"
20050205,2005-02-05,-1.9289708244856631,0.6302409247779273,-4.963043602216386,"{""type"":""MultiPoint"",""coordinates"":[]}"
20050206,2005-02-06,-1.3791285849863164,1.1048550394366128,-4.270564144957052,"{""type"":""MultiPoint"",""coordinates"":[]}"
20050207,2005-02-07,-0.32440323371367596,2.1739100380689074,-3.314714415793809,"{""type"":""MultiPoint"",""coordinates"":[]}"
20050208,2005-02-08,-0.3006918425009164,2.3657239014620535,-3.353535462512893,"{""type"":""MultiPoint"",""coordinates"":[]}"
20050209,2005-02-09,-0.6770869049387132,2.127688409946462,-3.832370460593209,"{""type"":""MultiPoint"",""coordinates"":[]}"
20050210,2005-02-10,-0.8407297508702472,2.0809539950635756,-4.132601635922627,"{""type"":""MultiPoint"",""coordinates"":[]}"
20050211,2005-02-11,-0.01511287445447123,2.7966651043619404,-3.4314867037501773,"{""type"":""MultiPoint"",""coordinates"":[]}"
20050212,2005-02-12,-0.32243442607966555,2.5762098041755896,-3.3365339356543466,"{""type"":""MultiPoint"",""coordinates"":[]}"
20050213,2005-02-13,-1.8771613130468954,1.4832639495141002,-5.449063564558573,"{""type"":""MultiPoint"",""coordinates"":[]}"
20050214,2005-02-14,-2.4592601055248906,0.6796443278149961,-5.929283228989371,"{""type"":""MultiPoint"",""coordinates"":[]}"
20050215,2005-02-15,-1.2563604664780696,2.191248023949441,-5.2518507929466995,"{""type"":""MultiPoint"",""coordinates"":[]}"
20050216,2005-02-16,-1.8785415241128711,1.7054651881844327,-5.843772797128931,"{""type"":""MultiPoint"",""coordinates"":[]}"
20050217,2005-02-17,-1.9924081410319259,1.3169178255438967,-6.074835938060662,"{""type"":""MultiPoint"",""coordinates"":[]}"
20050218,2005-02-18,-2.091129507686734,1.0715121457673202,-5.491915320644549,"{""type"":""MultiPoint"",""coordinates"":[]}"
20050219,2005-02-19,-3.3309012425584807,0.07142239134615272,-6.822686164978677,"{""type"":""MultiPoint"",""coordinates"":[]}"
20050220,2005-02-20,-3.439312779651932,-0.03169558101418729,-7.236224752213276,"{""type"":""MultiPoint"",""coordinates"":[]}"
20050221,2005-02-21,-3.909847203910857,-0.3679704485280338,-7.768913277196465,"{""type"":""MultiPoint"",""coordinates"":[]}"
20050222,2005-02-22,-3.1483358802033865,0.27646306442897606,-7.124077950200583,"{""type"":""MultiPoint"",""coordinates"":[]}"
20050223,2005-02-23,-3.0050751464602636,0.5404404655473374,-7.291712469902556,"{""type"":""MultiPoint"",""coordinates"":[]}"
20050224,2005-02-24,-1.5123505060314324,1.5992904342167775,-5.470710209774527,"{""type"":""MultiPoint"",""coordinates"":[]}"
20050225,2005-02-25,-1.5876100040974785,1.6118308009144742,-4.796874628653656,"{""type"":""MultiPoint"",""coordinates"":[]}"
20050226,2005-02-26,-2.085484593658356,0.7990286149111913,-5.151507004261174,"{""type"":""MultiPoint"",""coordinates"":[]}"
20050227,2005-02-27,-1.0789903022221394,2.050234464458579,-4.832040414105121,"{""type"":""MultiPoint"",""coordinates"":[]}"
20050228,2005-02-28,0.10270169775852299,3.244595112840195,-3.51206525403647,"{""type"":""MultiPoint"",""coordinates"":[]}"
20050301,2005-03-01,0.4592548184208127,3.551203380016274,-3.044989537587049,"{""type"":""MultiPoint"",""coordinates"":[]}"
20050302,2005-03-02,0.07162814047900198,3.309151516413933,-3.624863345103012,"{""type"":""MultiPoint"",""coordinates"":[]}"
20050303,2005-03-03,0.4349047600189597,3.7161593439157197,-3.3197795761744224,"{""type"":""MultiPoint"",""coordinates"":[]}"
20050304,2005-03-04,0.6144092601144624,3.986610412462016,-3.462029149775919,"{""type"":""MultiPoint"",""coordinates"":[]}"
20050305,2005-03-05,1.4478119309428439,4.661335039937998,-2.1399194892914797,"{""type"":""MultiPoint"",""coordinates"":[]}"
20050306,2005-03-06,1.244204847075611,4.352719040446965,-2.181534389928214,"{""type"":""MultiPoint"",""coordinates"":[]}"
20050307,2005-03-07,1.7829739995959757,4.7723242909773305,-1.7707096458118454,"{""type"":""MultiPoint"",""coordinates"":[]}"
20050308,2005-03-08,2.6055210006060405,5.303078030313629,-0.7205664543290685,"{""type"":""MultiPoint"",""coordinates"":[]}"
20050309,2005-03-09,2.4666181689659163,5.2343972446199265,-0.8731443650575302,"{""type"":""MultiPoint"",""coordinates"":[]}"
20050310,2005-03-10,2.667382804189317,5.546092720224954,-0.8935826739482006,"{""type"":""MultiPoint"",""coordinates"":[]}"
20050311,2005-03-11,2.3682328431249218,5.292917142112824,-1.0533142132541542,"{""type"":""MultiPoint"",""coordinates"":[]}"
20050312,2005-03-12,0.7611232338293729,4.103250440151742,-2.824094059847949,"{""type"":""MultiPoint"",""coordinates"":[]}"
20050313,2005-03-13,0.5917493139018923,4.166639126586475,-3.4157278194220893,"{""type"":""MultiPoint"",""coordinates"":[]}"
20050314,2005-03-14,1.1474557618915384,4.545591247241441,-2.716599392985219,"{""type"":""MultiPoint"",""coordinates"":[]}"
20050315,2005-03-15,2.3672911317604144,5.7515532024481155,-1.4904118039538032,"{""type"":""MultiPoint"",""coordinates"":[]}"
20050316,2005-03-16,3.2393298738689604,6.269815753124467,-0.1852667651105251,"{""type"":""MultiPoint"",""coordinates"":[]}"
20050317,2005-03-17,3.5366933181270683,6.754684507413162,-0.07981609062036184,"{""type"":""MultiPoint"",""coordinates"":[]}"
20050318,2005-03-18,3.724304599267032,6.851901840384719,0.10374441699049143,"{""type"":""MultiPoint"",""coordinates"":[]}"
20050319,2005-03-19,3.7618302082823663,6.8877445110379405,0.31907660296942697,"{""type"":""MultiPoint"",""coordinates"":[]}"
20050320,2005-03-20,2.9399604398763883,6.359657010585302,-0.6316597724049104,"{""type"":""MultiPoint"",""coordinates"":[]}"
20050321,2005-03-21,2.3977838764192714,6.2472365978859,-1.9092878938732132,"{""type"":""MultiPoint"",""coordinates"":[]}"
20050322,2005-03-22,2.454655783223881,5.887426190451946,-1.5450389875651571,"{""type"":""MultiPoint"",""coordinates"":[]}"
20050323,2005-03-23,1.2894222026674005,4.831507482454597,-2.4321418741959273,"{""type"":""MultiPoint"",""coordinates"":[]}"
20050324,2005-03-24,0.7042015887330992,4.31134622140928,-3.112633121474312,"{""type"":""MultiPoint"",""coordinates"":[]}"
20050325,2005-03-25,-0.013502282804994074,3.8635280996150883,-3.9601909022488666,"{""type"":""MultiPoint"",""coordinates"":[]}"
20050326,2005-03-26,0.3339181613921711,4.16448333048219,-3.7226077153414003,"{""type"":""MultiPoint"",""coordinates"":[]}"
20050327,2005-03-27,1.0153625129975858,4.610954295136344,-3.191464600386352,"{""type"":""MultiPoint"",""coordinates"":[]}"
20050328,2005-03-28,0.7011242779608554,4.572965031836573,-3.3815666487758524,"{""type"":""MultiPoint"",""coordinates"":[]}"
20050329,2005-03-29,0.12973298061656524,4.02040166036689,-3.9314698470202067,"{""type"":""MultiPoint"",""coordinates"":[]}"
20050330,2005-03-30,-0.31074428107943497,3.507506041463181,-4.28051961747906,"{""type"":""MultiPoint"",""coordinates"":[]}"
20050331,2005-03-31,-1.1780642737938627,2.8791972649659794,-5.425201370348299,"{""type"":""MultiPoint"",""coordinates"":[]}"
20050401,2005-04-01,-1.5655929165988434,2.4061348253421806,-5.600859852496221,"{""type"":""MultiPoint"",""coordinates"":[]}"
20050402,2005-04-02,-0.9723271426467666,2.9173000545268692,-5.132743952347499,"{""type"":""MultiPoint"",""coordinates"":[]}"
20050403,2005-04-03,-0.9629182569182492,3.136286777941874,-5.0610462988915295,"{""type"":""MultiPoint"",""coordinates"":[]}"
20050404,2005-04-04,-1.124409631869679,3.3870451831481763,-5.91709212500339,"{""type"":""MultiPoint"",""coordinates"":[]}"
20050405,2005-04-05,0.5676199635991958,4.6282032905397115,-4.016704472482424,"{""type"":""MultiPoint"",""coordinates"":[]}"
20050406,2005-04-06,2.0404455786232805,5.7367947978745315,-2.1302759250504093,"{""type"":""MultiPoint"",""coordinates"":[]}"
20050407,2005-04-07,1.841379239462754,5.785559359360175,-2.3089188935873692,"{""type"":""MultiPoint"",""coordinates"":[]}"
20050408,2005-04-08,0.5360558173535339,4.490748160425951,-3.3312513567686266,"{""type"":""MultiPoint"",""coordinates"":[]}"
20050409,2005-04-09,-0.5568887820600505,3.219921527644232,-4.314268614975424,"{""type"":""MultiPoint"",""coordinates"":[]}"
20050410,2005-04-10,-1.085208274793645,2.628431822112771,-4.693415268986291,"{""type"":""MultiPoint"",""coordinates"":[]}"
20050411,2005-04-11,-2.101256293450809,1.5971934446808183,-5.854456850236325,"{""type"":""MultiPoint"",""coordinates"":[]}"
20050412,2005-04-12,-2.001008839659859,1.7854424852262551,-6.036798354484308,"{""type"":""MultiPoint"",""coordinates"":[]}"
20050413,2005-04-13,-0.2595942436408268,3.6128853381968193,-4.308212775465087,"{""type"":""MultiPoint"",""coordinates"":[]}"
20050414,2005-04-14,1.3860683545005537,5.156742890527068,-2.999475634308477,"{""type"":""MultiPoint"",""coordinates"":[]}"
20050415,2005-04-15,1.625795093674337,5.442318953334618,-2.4103552441911,"{""type"":""MultiPoint"",""coordinates"":[]}"
20050416,2005-04-16,1.1477913510607922,5.063291245490996,-2.9335111141443746,"{""type"":""MultiPoint"",""coordinates"":[]}"
20050417,2005-04-17,0.49567239969085747,4.684503756468232,-3.6260058845566596,"{""type"":""MultiPoint"",""coordinates"":[]}"
20050418,2005-04-18,-0.2923036721749305,3.967518140385816,-4.416073171907883,"{""type"":""MultiPoint"",""coordinates"":[]}"
20050419,2005-04-19,0.01316163652477044,4.338216395442098,-4.244665975205119,"{""type"":""MultiPoint"",""coordinates"":[]}"
20050420,2005-04-20,1.3585175331814678,5.4838254185717,-3.2316523635863765,"{""type"":""MultiPoint"",""coordinates"":[]}"
20050421,2005-04-21,2.5111705232103834,6.381984484836017,-1.8250228391242802,"{""type"":""MultiPoint"",""coordinates"":[]}"
20050422,2005-04-22,3.406572329095541,6.952466926019758,-0.6157501543642396,"{""type"":""MultiPoint"",""coordinates"":[]}"
20050423,2005-04-23,4.979246422025489,8.113213696178128,1.2182077499028594,"{""type"":""MultiPoint"",""coordinates"":[]}"
20050424,2005-04-24,6.041750547796393,8.979056611054508,2.6132736285137526,"{""type"":""MultiPoint"",""coordinates"":[]}"
20050425,2005-04-25,6.44311039268409,9.240048081429624,3.115896085275216,"{""type"":""MultiPoint"",""coordinates"":[]}"
20050426,2005-04-26,6.352517820782431,9.241083295799516,3.006542397683099,"{""type"":""MultiPoint"",""coordinates"":[]}"
20050427,2005-04-27,5.533465100741643,8.711236044558307,1.9245643330964302,"{""type"":""MultiPoint"",""coordinates"":[]}"
20050428,2005-04-28,5.571758724236927,8.616850737515648,1.984272109000658,"{""type"":""MultiPoint"",""coordinates"":[]}"
20050429,2005-04-29,5.754800564847824,9.058644136371857,2.1103636944288553,"{""type"":""MultiPoint"",""coordinates"":[]}"
20050430,2005-04-30,6.351911133007698,9.519334253534783,2.671888705155538,"{""type"":""MultiPoint"",""coordinates"":[]}"
20050501,2005-05-01,7.130973154095912,9.891490574235043,3.5880083777407825,"{""type"":""MultiPoint"",""coordinates"":[]}"
20050502,2005-05-02,7.198900189664986,10.137004566439995,3.6819772669009136,"{""type"":""MultiPoint"",""coordinates"":[]}"
20050503,2005-05-03,7.5122923210215085,10.272917117793975,3.960630126686419,"{""type"":""MultiPoint"",""coordinates"":[]}"
20050504,2005-05-04,7.549655571441304,10.321932140163986,4.210249194016225,"{""type"":""MultiPoint"",""coordinates"":[]}"
20050505,2005-05-05,7.037639694353534,9.905270024748098,3.8758040555196516,"{""type"":""MultiPoint"",""coordinates"":[]}"
20050506,2005-05-06,7.225362989624471,10.019049861272997,3.892489845239107,"{""type"":""MultiPoint"",""coordinates"":[]}"
20050507,2005-05-07,7.39192645551307,10.098660095751077,4.0415749299424135,"{""type"":""MultiPoint"",""coordinates"":[]}"
20050508,2005-05-08,6.9220231980080005,10.10482614011653,3.3822971664977026,"{""type"":""MultiPoint"",""coordinates"":[]}"
20050509,2005-05-09,5.7827247610141574,9.451054794923072,1.9526977433817336,"{""type"":""MultiPoint"",""coordinates"":[]}"
20050510,2005-05-10,4.9120679052081915,8.51152010544776,1.2744777413248023,"{""type"":""MultiPoint"",""coordinates"":[]}"
20050511,2005-05-11,4.3765140501262865,8.12065579722305,0.7874059260879173,"{""type"":""MultiPoint"",""coordinates"":[]}"
20050512,2005-05-12,4.091050973188828,7.872948126484371,0.26136211346249594,"{""type"":""MultiPoint"",""coordinates"":[]}"
20050513,2005-05-13,3.684728896526516,7.638030290763922,-0.7625174726982991,"{""type"":""MultiPoint"",""coordinates"":[]}"
20050514,2005-05-14,3.613808159018164,7.567886482845843,-0.6592951552656937,"{""type"":""MultiPoint"",""coordinates"":[]}"
20050515,2005-05-15,3.8563443725089366,7.749456552683911,-0.6644865489807974,"{""type"":""MultiPoint"",""coordinates"":[]}"
20050516,2005-05-16,4.510500463956035,8.156630853230032,0.4304962174771224,"{""type"":""MultiPoint"",""coordinates"":[]}"
20050517,2005-05-17,5.387257350057746,8.812429186533233,1.4848680459075823,"{""type"":""MultiPoint"",""coordinates"":[]}"
20050518,2005-05-18,5.903222231077871,9.296590855867471,2.012667719713027,"{""type"":""MultiPoint"",""coordinates"":[]}"
20050519,2005-05-19,5.841997431864609,9.534258462529067,1.7216959922812773,"{""type"":""MultiPoint"",""coordinates"":[]}"
20050520,2005-05-20,5.838126331203829,9.252024121407858,1.9970575925377074,"{""type"":""MultiPoint"",""coordinates"":[]}"
20050521,2005-05-21,6.346614246515588,9.599003596314072,2.660188934629697,"{""type"":""MultiPoint"",""coordinates"":[]}"
20050522,2005-05-22,7.176695273507406,10.141219324828656,3.6290355435788966,"{""type"":""MultiPoint"",""coordinates"":[]}"
20050523,2005-05-23,7.3549175450439375,10.389724811097397,3.9731344403130224,"{""type"":""MultiPoint"",""coordinates"":[]}"
20050524,2005-05-24,6.817383377021249,10.18433967805871,3.251424667303794,"{""type"":""MultiPoint"",""coordinates"":[]}"
20050525,2005-05-25,6.20695233560494,9.693928288775961,2.585637313246925,"{""type"":""MultiPoint"",""coordinates"":[]}"
20050526,2005-05-26,6.734599202098264,9.952125990561473,3.130082582582092,"{""type"":""MultiPoint"",""coordinates"":[]}"
20050527,2005-05-27,6.656056501337414,9.998138627493168,3.211768152689666,"{""type"":""MultiPoint"",""coordinates"":[]}"
20050528,2005-05-28,6.10716751622079,9.39464599987809,2.727362339164809,"{""type"":""MultiPoint"",""coordinates"":[]}"
20050529,2005-05-29,7.325574848362956,10.360419222429632,3.958462409966542,"{""type"":""MultiPoint"",""coordinates"":[]}"
20050530,2005-05-30,8.664660182148507,11.322772486966452,5.62349597030883,"{""type"":""MultiPoint"",""coordinates"":[]}"
20050531,2005-05-31,8.524565365932773,11.311996235973286,5.687955594329081,"{""type"":""MultiPoint"",""coordinates"":[]}"
20050601,2005-06-01,7.690118276860843,10.823921436603948,4.741707381396961,"{""type"":""MultiPoint"",""coordinates"":[]}"
20050602,2005-06-02,7.622259349342962,10.727422597722999,4.4715415784547785,"{""type"":""MultiPoint"",""coordinates"":[]}"
20050603,2005-06-03,8.130571976590454,11.235907627159373,4.952596201264301,"{""type"":""MultiPoint"",""coordinates"":[]}"
20050604,2005-06-04,8.257960315564855,11.286005069894541,4.94845182330873,"{""type"":""MultiPoint"",""coordinates"":[]}"
20050605,2005-06-05,8.551668630221373,11.329576297491467,5.452172480935621,"{""type"":""MultiPoint"",""coordinates"":[]}"
20050606,2005-06-06,9.408021102470272,12.066576558064314,6.326161693670638,"{""type"":""MultiPoint"",""coordinates"":[]}"
20050607,2005-06-07,10.239115537107878,12.801750730325768,7.448151661487247,"{""type"":""MultiPoint"",""coordinates"":[]}"
20050608,2005-06-08,10.331567144547424,12.929501332422767,7.519060520915868,"{""type"":""MultiPoint"",""coordinates"":[]}"
20050609,2005-06-09,10.163558148987457,12.935484589220621,7.332838369286024,"{""type"":""MultiPoint"",""coordinates"":[]}"
20050610,2005-06-10,9.966667238490382,12.676418679924328,7.102383437447154,"{""type"":""MultiPoint"",""coordinates"":[]}"
20050611,2005-06-11,9.63661337909268,12.608226797615837,6.500194667906828,"{""type"":""MultiPoint"",""coordinates"":[]}"
20050612,2005-06-12,9.5104072581047,12.243013969284998,6.565551585821525,"{""type"":""MultiPoint"",""coordinates"":[]}"
20050613,2005-06-13,10.287823231934578,12.93472589854366,7.504155793498321,"{""type"":""MultiPoint"",""coordinates"":[]}"
20050614,2005-06-14,10.70020524333875,13.320376402575809,8.1879305103306,"{""type"":""MultiPoint"",""coordinates"":[]}"
20050615,2005-06-15,10.664962216056834,13.22165004222208,8.074860925470292,"{""type"":""MultiPoint"",""coordinates"":[]}"
20050616,2005-06-16,10.971032443519851,13.459140650465937,8.503296286833296,"{""type"":""MultiPoint"",""coordinates"":[]}"
20050617,2005-06-17,11.213055068077795,13.838965577021465,8.73996902079013,"{""type"":""MultiPoint"",""coordinates"":[]}"
20050618,2005-06-18,11.529143391777179,14.006566633883699,9.097663900236943,"{""type"":""MultiPoint"",""coordinates"":[]}"
20050619,2005-06-19,11.963305701707725,14.27711699576462,9.620288851576658,"{""type"":""MultiPoint"",""coordinates"":[]}"
20050620,2005-06-20,12.139239078755944,14.493768477205311,9.828752336229458,"{""type"":""MultiPoint"",""coordinates"":[]}"
20050621,2005-06-21,12.600252924467213,14.840824355592137,10.326110616688707,"{""type"":""MultiPoint"",""coordinates"":[]}"
20050622,2005-06-22,12.927026236053035,15.0507343864391,10.870017712631638,"{""type"":""MultiPoint"",""coordinates"":[]}"
20050623,2005-06-23,12.835644588334349,14.910888979552157,10.802491190052248,"{""type"":""MultiPoint"",""coordinates"":[]}"
20050624,2005-06-24,12.432423492349082,14.578050332164956,10.212112647383476,"{""type"":""MultiPoint"",""coordinates"":[]}"
20050625,2005-06-25,12.283285590126463,14.460836275860602,10.105133210949964,"{""type"":""MultiPoint"",""coordinates"":[]}"
20050626,2005-06-26,12.861804728857525,14.856154633631439,10.692451666091856,"{""type"":""MultiPoint"",""coordinates"":[]}"
20050627,2005-06-27,13.407688300098298,15.218446948691394,11.499300664630015,"{""type"":""MultiPoint"",""coordinates"":[]}"
20050628,2005-06-28,13.961093612266255,15.687711584350325,12.136272614184092,"{""type"":""MultiPoint"",""coordinates"":[]}"
20050629,2005-06-29,14.432808156322341,16.079369717130128,12.692797786194825,"{""type"":""MultiPoint"",""coordinates"":[]}"
20050630,2005-06-30,14.617286123697113,16.186977362680988,13.082789433323565,"{""type"":""MultiPoint"",""coordinates"":[]}"
20050701,2005-07-01,14.42408110991756,15.972352446798597,12.846034568896384,"{""type"":""MultiPoint"",""coordinates"":[]}"
20050702,2005-07-02,14.465469635990118,16.068884176070313,12.866086965989552,"{""type"":""MultiPoint"",""coordinates"":[]}"
20050703,2005-07-03,14.512871165051315,16.123436094427397,12.908311492698667,"{""type"":""MultiPoint"",""coordinates"":[]}"
20050704,2005-07-04,14.464655304939345,16.068648956311232,12.860905771433108,"{""type"":""MultiPoint"",""coordinates"":[]}"
20050705,2005-07-05,14.731683903034913,16.18060097256993,13.181856500551078,"{""type"":""MultiPoint"",""coordinates"":[]}"
20050706,2005-07-06,15.06905657205873,16.50373920390139,13.52976639115671,"{""type"":""MultiPoint"",""coordinates"":[]}"
20050707,2005-07-07,15.195664448081255,16.735661797080486,13.596142377097896,"{""type"":""MultiPoint"",""coordinates"":[]}"
20050708,2005-07-08,15.287912220003284,16.944283901518887,13.525690853767507,"{""type"":""MultiPoint"",""coordinates"":[]}"
20050709,2005-07-09,14.934124159853459,16.638037184521902,13.225901186194314,"{""type"":""MultiPoint"",""coordinates"":[]}"
20050710,2005-07-10,14.53152098016306,16.132504695003426,12.967412716933545,"{""type"":""MultiPoint"",""coordinates"":[]}"
20050711,2005-07-11,14.433580703359684,15.975522137820672,12.883842710503329,"{""type"":""MultiPoint"",""coordinates"":[]}"
20050712,2005-07-12,14.637000116772839,16.217531863877973,13.074796828733652,"{""type"":""MultiPoint"",""coordinates"":[]}"
20050713,2005-07-13,15.056433788055202,16.725291698907878,13.481893175751521,"{""type"":""MultiPoint"",""coordinates"":[]}"
20050714,2005-07-14,15.401511170102028,16.948131602791417,13.936938295308467,"{""type"":""MultiPoint"",""coordinates"":[]}"
20050715,2005-07-15,15.495782640886697,17.028115403481536,14.10114990001476,"{""type"":""MultiPoint"",""coordinates"":[]}"
20050716,2005-07-16,15.360711222323701,16.92220939819085,13.975516048930047,"{""type"":""MultiPoint"",""coordinates"":[]}"
20050717,2005-07-17,14.945033663461356,16.540523472088363,13.432550100918414,"{""type"":""MultiPoint"",""coordinates"":[]}"
20050718,2005-07-18,14.580623356633414,16.257919835904634,13.010634298870619,"{""type"":""MultiPoint"",""coordinates"":[]}"
20050719,2005-07-19,14.332148829848103,16.056907731877857,12.748252584722255,"{""type"":""MultiPoint"",""coordinates"":[]}"
20050720,2005-07-20,14.429506987741064,16.136612966542128,12.696747343601503,"{""type"":""MultiPoint"",""coordinates"":[]}"
20050721,2005-07-21,14.749417103239749,16.493735157245613,13.11180850142112,"{""type"":""MultiPoint"",""coordinates"":[]}"
20050722,2005-07-22,14.874376401747876,16.557075186212213,13.194863858263158,"{""type"":""MultiPoint"",""coordinates"":[]}"
20050723,2005-07-23,15.085696236665441,16.746589184762218,13.470228017052074,"{""type"":""MultiPoint"",""coordinates"":[]}"
20050724,2005-07-24,15.271046101091837,16.922667195489545,13.719496599262344,"{""type"":""MultiPoint"",""coordinates"":[]}"
20050725,2005-07-25,15.360398504633164,17.00697595295538,13.883500392743304,"{""type"":""MultiPoint"",""coordinates"":[]}"
20050726,2005-07-26,15.42302774264245,16.989804894258754,14.00744664466706,"{""type"":""MultiPoint"",""coordinates"":[]}"
20050727,2005-07-27,15.49237405681957,16.958732858304185,14.15455620917681,"{""type"":""MultiPoint"",""coordinates"":[]}"
20050728,2005-07-28,15.66186296588838,17.205905503449145,14.31639774534542,"{""type"":""MultiPoint"",""coordinates"":[]}"
20050729,2005-07-29,15.647259546025628,17.108049413077616,14.365083398711631,"{""type"":""MultiPoint"",""coordinates"":[]}"
20050730,2005-07-30,15.884396288742089,17.415849587806942,14.527030203320821,"{""type"":""MultiPoint"",""coordinates"":[]}"
20050731,2005-07-31,16.003765394038773,17.481295987523126,14.681465056130245,"{""type"":""MultiPoint"",""coordinates"":[]}"
20050801,2005-08-01,16.008729385406372,17.560265018163577,14.631164697635228,"{""type"":""MultiPoint"",""coordinates"":[]}"
20050802,2005-08-02,15.852326258286412,17.394762181313588,14.462407549380188,"{""type"":""MultiPoint"",""coordinates"":[]}"
20050803,2005-08-03,15.770142879818625,17.413282861832265,14.211050849758644,"{""type"":""MultiPoint"",""coordinates"":[]}"
20050804,2005-08-04,15.469439905177454,17.052076412756783,13.926465774259798,"{""type"":""MultiPoint"",""coordinates"":[]}"
20050805,2005-08-05,14.881505487470736,16.462844235531755,13.331919684498683,"{""type"":""MultiPoint"",""coordinates"":[]}"
20050806,2005-08-06,14.491017899185284,16.141329140164206,12.76988597270554,"{""type"":""MultiPoint"",""coordinates"":[]}"
20050807,2005-08-07,14.51076723338219,16.012103108411743,12.973736423288587,"{""type"":""MultiPoint"",""coordinates"":[]}"
20050808,2005-08-08,14.750605859328912,16.336555707721757,13.09882166162314,"{""type"":""MultiPoint"",""coordinates"":[]}"
20050809,2005-08-09,14.748604437095931,16.355503239735054,13.1656963865007,"{""type"":""MultiPoint"",""coordinates"":[]}"
20050810,2005-08-10,14.575604467016207,16.219847649255005,13.034044898116136,"{""type"":""MultiPoint"",""coordinates"":[]}"
20050811,2005-08-11,14.674823834940948,16.273388041999002,13.104982849201878,"{""type"":""MultiPoint"",""coordinates"":[]}"
20050812,2005-08-12,15.227299750525797,16.9009544886061,13.458145817014623,"{""type"":""MultiPoint"",""coordinates"":[]}"
20050813,2005-08-13,15.332478335618129,16.997993126860663,13.700992667235788,"{""type"":""MultiPoint"",""coordinates"":[]}"
20050814,2005-08-14,15.230626559973057,16.852987208191077,13.716288448676725,"{""type"":""MultiPoint"",""coordinates"":[]}"
20050815,2005-08-15,14.988710099475863,16.530369905456524,13.506725727517463,"{""type"":""MultiPoint"",""coordinates"":[]}"
20050816,2005-08-16,14.997845800467992,16.597230292114293,13.569956903365647,"{""type"":""MultiPoint"",""coordinates"":[]}"
20050817,2005-08-17,15.108470419129063,16.78470553247413,13.566127742310476,"{""type"":""MultiPoint"",""coordinates"":[]}"
20050818,2005-08-18,14.57048033122361,16.270828515148313,13.0314667167545,"{""type"":""MultiPoint"",""coordinates"":[]}"
20050819,2005-08-19,14.2779296355959,15.886045598184674,12.795933681850729,"{""type"":""MultiPoint"",""coordinates"":[]}"
20050820,2005-08-20,14.004503726550329,15.647374706097377,12.483550945006654,"{""type"":""MultiPoint"",""coordinates"":[]}"
20050821,2005-08-21,13.742733147690393,15.468720228489163,12.072113732919048,"{""type"":""MultiPoint"",""coordinates"":[]}"
20050822,2005-08-22,13.624255656886715,15.526194030177908,11.815498166341316,"{""type"":""MultiPoint"",""coordinates"":[]}"
20050823,2005-08-23,13.698446893890557,15.535331026398863,11.87967401870546,"{""type"":""MultiPoint"",""coordinates"":[]}"
20050824,2005-08-24,13.65562005529248,15.53360641441925,11.774205556938881,"{""type"":""MultiPoint"",""coordinates"":[]}"
20050825,2005-08-25,13.57403747990256,15.371716795814184,11.713393631132172,"{""type"":""MultiPoint"",""coordinates"":[]}"
20050826,2005-08-26,13.4246317382382,15.222531393212789,11.496169941688992,"{""type"":""MultiPoint"",""coordinates"":[]}"
20050827,2005-08-27,13.31817974341916,15.269678417057449,11.27548269187779,"{""type"":""MultiPoint"",""coordinates"":[]}"
20050828,2005-08-28,13.352706081354325,15.294692437544171,11.34976969596697,"{""type"":""MultiPoint"",""coordinates"":[]}"
20050829,2005-08-29,13.304984231646293,15.205351467011534,11.330180036896524,"{""type"":""MultiPoint"",""coordinates"":[]}"
20050830,2005-08-30,13.101100551620545,15.067720998099258,11.092773297307506,"{""type"":""MultiPoint"",""coordinates"":[]}"
20050831,2005-08-31,13.218737944323154,15.331886239508034,11.17684997803222,"{""type"":""MultiPoint"",""coordinates"":[]}"
20050901,2005-09-01,13.37302006282635,15.508375577198164,11.218151366985062,"{""type"":""MultiPoint"",""coordinates"":[]}"
20050902,2005-09-02,13.843492137015483,15.884017830484558,11.728241517374302,"{""type"":""MultiPoint"",""coordinates"":[]}"
20050903,2005-09-03,13.84190228156826,15.854425175693384,11.785321608729978,"{""type"":""MultiPoint"",""coordinates"":[]}"
20050904,2005-09-04,13.171106496081334,15.185995427004052,11.244150015009676,"{""type"":""MultiPoint"",""coordinates"":[]}"
20050905,2005-09-05,12.604703485417353,14.749142756511683,10.571736327683935,"{""type"":""MultiPoint"",""coordinates"":[]}"
20050906,2005-09-06,12.133549068410039,14.298435248416661,10.137920387228665,"{""type"":""MultiPoint"",""coordinates"":[]}"
20050907,2005-09-07,12.181031507460803,14.332983302358981,10.251095761734948,"{""type"":""MultiPoint"",""coordinates"":[]}"
20050908,2005-09-08,12.93791531828627,14.853532143621416,11.023235526839365,"{""type"":""MultiPoint"",""coordinates"":[]}"
20050909,2005-09-09,13.571819415984546,15.332999168700045,11.807585404751029,"{""type"":""MultiPoint"",""coordinates"":[]}"
20050910,2005-09-10,13.730483373886676,15.264884477134256,12.133685860317451,"{""type"":""MultiPoint"",""coordinates"":[]}"
20050911,2005-09-11,13.606928569790142,15.055220692525932,12.060294627898584,"{""type"":""MultiPoint"",""coordinates"":[]}"
20050912,2005-09-12,13.423563069149113,14.899474408323254,11.842098213524551,"{""type"":""MultiPoint"",""coordinates"":[]}"
20050913,2005-09-13,13.464900828793565,14.976638447854851,11.829357946355698,"{""type"":""MultiPoint"",""coordinates"":[]}"
20050914,2005-09-14,13.323114784529773,14.880757715704513,11.67355106829986,"{""type"":""MultiPoint"",""coordinates"":[]}"
20050915,2005-09-15,12.845397689784186,14.495892680925715,11.195267823971847,"{""type"":""MultiPoint"",""coordinates"":[]}"
20050916,2005-09-16,12.473405078358178,14.093826462012283,10.816050318262683,"{""type"":""MultiPoint"",""coordinates"":[]}"
20050917,2005-09-17,12.66883755188501,14.263899602743312,10.816175769068902,"{""type"":""MultiPoint"",""coordinates"":[]}"
20050918,2005-09-18,13.201454975285289,14.835949866271859,11.303456607197072,"{""type"":""MultiPoint"",""coordinates"":[]}"
20050919,2005-09-19,12.845964709349728,14.627686607016106,10.85346481093777,"{""type"":""MultiPoint"",""coordinates"":[]}"
20050920,2005-09-20,12.391028596513388,14.213043797743776,10.477716866216102,"{""type"":""MultiPoint"",""coordinates"":[]}"
20050921,2005-09-21,12.586738208926766,14.375024895334148,10.661218632967563,"{""type"":""MultiPoint"",""coordinates"":[]}"
20050922,2005-09-22,12.850615924262753,14.583962441059892,11.067177241274074,"{""type"":""MultiPoint"",""coordinates"":[]}"
20050923,2005-09-23,12.900104071384622,14.667002396495715,11.171137383744043,"{""type"":""MultiPoint"",""coordinates"":[]}"
20050924,2005-09-24,12.651114281485327,14.389665653357829,10.769190829223911,"{""type"":""MultiPoint"",""coordinates"":[]}"
20050925,2005-09-25,12.370594620704116,13.950398422274862,10.684116935132973,"{""type"":""MultiPoint"",""coordinates"":[]}"
20050926,2005-09-26,12.128613374112296,13.831364061097272,10.19098502128205,"{""type"":""MultiPoint"",""coordinates"":[]}"
20050927,2005-09-27,11.740837054043102,13.67158170207813,9.665333690807067,"{""type"":""MultiPoint"",""coordinates"":[]}"
20050928,2005-09-28,11.207831212041063,13.125601319470405,9.160948018862989,"{""type"":""MultiPoint"",""coordinates"":[]}"
20050929,2005-09-29,10.654724122415516,12.69319642028974,8.534873315222598,"{""type"":""MultiPoint"",""coordinates"":[]}"
20050930,2005-09-30,10.332694581354792,12.385917397473063,8.222081858752105,"{""type"":""MultiPoint"",""coordinates"":[]}"
20051001,2005-10-01,9.896673404043005,12.109872153878236,7.428431040058474,"{""type"":""MultiPoint"",""coordinates"":[]}"
20051002,2005-10-02,9.57028766021157,11.880112683523032,7.083760579748881,"{""type"":""MultiPoint"",""coordinates"":[]}"
20051003,2005-10-03,9.516794113406831,11.918938050822765,6.820637722367222,"{""type"":""MultiPoint"",""coordinates"":[]}"
20051004,2005-10-04,9.678639149507191,12.013969794585348,7.12760298698485,"{""type"":""MultiPoint"",""coordinates"":[]}"
20051005,2005-10-05,9.363372859698604,11.821741465486957,6.75264892804836,"{""type"":""MultiPoint"",""coordinates"":[]}"
20051006,2005-10-06,8.559034761877564,11.027496091894784,5.997750598454851,"{""type"":""MultiPoint"",""coordinates"":[]}"
20051007,2005-10-07,8.437051672441303,10.876799801523498,5.875565275886503,"{""type"":""MultiPoint"",""coordinates"":[]}"
20051008,2005-10-08,8.117889072084806,10.50651115799112,5.60461570420782,"{""type"":""MultiPoint"",""coordinates"":[]}"
20051009,2005-10-09,8.305087151366441,10.780430850122748,5.611105043748463,"{""type"":""MultiPoint"",""coordinates"":[]}"
20051010,2005-10-10,8.07004633902491,10.43941496400628,5.515556374565413,"{""type"":""MultiPoint"",""coordinates"":[]}"
20051011,2005-10-11,8.005654899102964,10.325087613899084,5.456472924975896,"{""type"":""MultiPoint"",""coordinates"":[]}"
20051012,2005-10-12,7.753472721065115,10.070221644764603,5.28709026489291,"{""type"":""MultiPoint"",""coordinates"":[]}"
20051013,2005-10-13,7.161931446911856,9.48805005124468,4.723665942852364,"{""type"":""MultiPoint"",""coordinates"":[]}"
20051014,2005-10-14,6.8489013746825185,9.199938920397976,4.23697642158919,"{""type"":""MultiPoint"",""coordinates"":[]}"
20051015,2005-10-15,6.7325891677441065,9.128557038379704,4.2214201350993745,"{""type"":""MultiPoint"",""coordinates"":[]}"
20051016,2005-10-16,6.605406006001785,9.118121796875531,3.926753137296695,"{""type"":""MultiPoint"",""coordinates"":[]}"
20051017,2005-10-17,6.445707564972101,8.826140319019578,3.8382601213018686,"{""type"":""MultiPoint"",""coordinates"":[]}"
20051018,2005-10-18,5.841013403080159,8.446030000649145,3.194585069731253,"{""type"":""MultiPoint"",""coordinates"":[]}"
20051019,2005-10-19,5.3903751472516,7.935100740797671,2.703919128681258,"{""type"":""MultiPoint"",""coordinates"":[]}"
20051020,2005-10-20,5.439047877557263,7.950045189793277,2.7679907736638967,"{""type"":""MultiPoint"",""coordinates"":[]}"
20051021,2005-10-21,5.073975887067973,7.667399781841573,2.444566443523005,"{""type"":""MultiPoint"",""coordinates"":[]}"
20051022,2005-10-22,4.349492891887326,7.110180702677935,1.4285303562485216,"{""type"":""MultiPoint"",""coordinates"":[]}"
20051023,2005-10-23,3.8349357213505435,6.7463543500668175,0.3530428057988495,"{""type"":""MultiPoint"",""coordinates"":[]}"
20051024,2005-10-24,4.1411836576353265,7.007780146714707,0.8556801122911704,"{""type"":""MultiPoint"",""coordinates"":[]}"
20051025,2005-10-25,4.990506295766048,7.52890603961266,1.9020673487460684,"{""type"":""MultiPoint"",""coordinates"":[]}"
20051026,2005-10-26,4.6862609564241335,7.310934265703393,1.7686934486742822,"{""type"":""MultiPoint"",""coordinates"":[]}"
20051027,2005-10-27,3.804916493009696,6.564444834782315,0.7335175641860116,"{""type"":""MultiPoint"",""coordinates"":[]}"
20051028,2005-10-28,3.020132899055133,5.891451355170954,-0.11795711346227722,"{""type"":""MultiPoint"",""coordinates"":[]}"
20051029,2005-10-29,2.9020263127887485,5.780328353922518,-0.3089846085416111,"{""type"":""MultiPoint"",""coordinates"":[]}"
20051030,2005-10-30,2.3070944516663876,5.208651357606111,-0.8721374860145914,"{""type"":""MultiPoint"",""coordinates"":[]}"
20051031,2005-10-31,2.2551358073581693,4.98063058789222,-0.8061690289007514,"{""type"":""MultiPoint"",""coordinates"":[]}"
20051101,2005-11-01,2.4789921803678454,5.152820616401654,-0.48402395795551,"{""type"":""MultiPoint"",""coordinates"":[]}"
20051102,2005-11-02,2.220319405127895,4.92793679529509,-0.6810461031446372,"{""type"":""MultiPoint"",""coordinates"":[]}"
20051103,2005-11-03,2.036014971128697,4.827023791549127,-1.0274552230642688,"{""type"":""MultiPoint"",""coordinates"":[]}"
20051104,2005-11-04,1.4317830170035526,4.188650279829233,-1.5795676427382872,"{""type"":""MultiPoint"",""coordinates"":[]}"
20051105,2005-11-05,0.9431701440711192,3.77165938863658,-2.1107716289930716,"{""type"":""MultiPoint"",""coordinates"":[]}"
20051106,2005-11-06,0.6558225817464972,3.567928604312429,-2.4220214077901985,"{""type"":""MultiPoint"",""coordinates"":[]}"
20051107,2005-11-07,0.5588195988664835,3.4642775589928703,-2.6351720894991613,"{""type"":""MultiPoint"",""coordinates"":[]}"
20051108,2005-11-08,0.7834422728826135,3.631260511558618,-2.2738127740298717,"{""type"":""MultiPoint"",""coordinates"":[]}"
20051109,2005-11-09,0.8878625641158279,3.6339522902212025,-1.9530123404786845,"{""type"":""MultiPoint"",""coordinates"":[]}"
20051110,2005-11-10,0.5804995363838321,3.525688716206197,-2.5670458150333273,"{""type"":""MultiPoint"",""coordinates"":[]}"
20051111,2005-11-11,0.808217418688978,3.4727575500269676,-2.0409801134226573,"{""type"":""MultiPoint"",""coordinates"":[]}"
20051112,2005-11-12,0.7468027683625373,3.6455134313764335,-2.151175745260299,"{""type"":""MultiPoint"",""coordinates"":[]}"
20051113,2005-11-13,0.2944574133683068,3.2906697787989354,-2.7133548454153247,"{""type"":""MultiPoint"",""coordinates"":[]}"
20051114,2005-11-14,0.14518073261223816,3.152473301656762,-2.925775415378367,"{""type"":""MultiPoint"",""coordinates"":[]}"
20051115,2005-11-15,0.42974372740822,3.2933262953443925,-2.5351710206395754,"{""type"":""MultiPoint"",""coordinates"":[]}"
20051116,2005-11-16,-0.2176721790044213,2.82364879344816,-3.342445222284819,"{""type"":""MultiPoint"",""coordinates"":[]}"
20051117,2005-11-17,-1.2706846476672518,1.9047008793532574,-4.498327678894279,"{""type"":""MultiPoint"",""coordinates"":[]}"
20051118,2005-11-18,-2.339725596179812,1.1125229507047818,-5.912271146398432,"{""type"":""MultiPoint"",""coordinates"":[]}"
20051119,2005-11-19,-1.5672364089074204,1.6341544993080217,-4.947660962158622,"{""type"":""MultiPoint"",""coordinates"":[]}"
20051120,2005-11-20,-0.6839525583667264,2.1802217586516486,-3.7949809332979982,"{""type"":""MultiPoint"",""coordinates"":[]}"
20051121,2005-11-21,0.3320715157350502,2.9069725528041954,-2.5701505726547698,"{""type"":""MultiPoint"",""coordinates"":[]}"
20051122,2005-11-22,0.36357075277650414,2.9569278805239687,-2.329942672703332,"{""type"":""MultiPoint"",""coordinates"":[]}"
20051123,2005-11-23,-0.013282495143304564,2.7241858229340536,-2.8445478519295055,"{""type"":""MultiPoint"",""coordinates"":[]}"
20051124,2005-11-24,-0.6019082165925771,2.335776992961772,-3.6261692448997707,"{""type"":""MultiPoint"",""coordinates"":[]}"
20051125,2005-11-25,-1.1832215258464422,1.7530985825744203,-4.245928941143901,"{""type"":""MultiPoint"",""coordinates"":[]}"
20051126,2005-11-26,-0.4899976112710093,2.1303420796542323,-3.497947270833608,"{""type"":""MultiPoint"",""coordinates"":[]}"
20051127,2005-11-27,-0.4630825795713311,2.2618068115691483,-3.3162631806154117,"{""type"":""MultiPoint"",""coordinates"":[]}"
20051128,2005-11-28,-0.9056452021544866,1.747015273792222,-3.707977267625908,"{""type"":""MultiPoint"",""coordinates"":[]}"
20051129,2005-11-29,-1.3896429037096307,1.3315328901195003,-4.155289913323143,"{""type"":""MultiPoint"",""coordinates"":[]}"
20051130,2005-11-30,-1.789175162474442,1.016640643787103,-4.813207398297476,"{""type"":""MultiPoint"",""coordinates"":[]}"
20051201,2005-12-01,-2.1742557874239337,0.4782494000072121,-5.051564218385816,"{""type"":""MultiPoint"",""coordinates"":[]}"
20051202,2005-12-02,-2.3245477690342615,0.3953119456212161,-5.3475921061529075,"{""type"":""MultiPoint"",""coordinates"":[]}"
20051203,2005-12-03,-2.0318464153611906,0.744413602984126,-5.1235928422619725,"{""type"":""MultiPoint"",""coordinates"":[]}"
20051204,2005-12-04,-2.269156814365851,0.7400222092176504,-5.459230830392244,"{""type"":""MultiPoint"",""coordinates"":[]}"
20051205,2005-12-05,-3.2958959775218397,-0.2670902115413486,-6.6026253961227805,"{""type"":""MultiPoint"",""coordinates"":[]}"
20051206,2005-12-06,-3.583037073716144,-0.6139609336360018,-6.790346122221818,"{""type"":""MultiPoint"",""coordinates"":[]}"
20051207,2005-12-07,-3.3894010526418388,-0.49018565013630944,-6.403237301575854,"{""type"":""MultiPoint"",""coordinates"":[]}"
20051208,2005-12-08,-3.335956427035766,-0.46815849135912074,-6.336696606652233,"{""type"":""MultiPoint"",""coordinates"":[]}"
20051209,2005-12-09,-3.3002963387651296,-0.2625127957897464,-6.604940161018098,"{""type"":""MultiPoint"",""coordinates"":[]}"
20051210,2005-12-10,-4.007556823879731,-0.7480023203821445,-7.480134266759971,"{""type"":""MultiPoint"",""coordinates"":[]}"
20051211,2005-12-11,-5.5440307325563785,-2.2428662926237273,-8.825382494467325,"{""type"":""MultiPoint"",""coordinates"":[]}"
20051212,2005-12-12,-5.4880562736766,-2.408072403921754,-8.735096441139898,"{""type"":""MultiPoint"",""coordinates"":[]}"
20051213,2005-12-13,-5.487811766826658,-2.472109086150425,-8.476961544071603,"{""type"":""MultiPoint"",""coordinates"":[]}"
20051214,2005-12-14,-5.32508831440757,-2.3156947737254923,-8.409177024929196,"{""type"":""MultiPoint"",""coordinates"":[]}"
20051215,2005-12-15,-4.795968857869477,-1.7627521678103146,-7.930261172232527,"{""type"":""MultiPoint"",""coordinates"":[]}"
20051216,2005-12-16,-4.174011738696796,-1.2569475292899077,-7.1274344298155405,"{""type"":""MultiPoint"",""coordinates"":[]}"
20051217,2005-12-17,-3.8252424329922405,-0.9789403340481834,-6.9244762396302315,"{""type"":""MultiPoint"",""coordinates"":[]}"
20051218,2005-12-18,-3.8139614903171704,-1.0128389700449971,-6.69173873150625,"{""type"":""MultiPoint"",""coordinates"":[]}"
20051219,2005-12-19,-3.945783151383278,-1.1831171385502186,-6.827605446855825,"{""type"":""MultiPoint"",""coordinates"":[]}"
20051220,2005-12-20,-3.097732378842803,-0.4973810314552869,-6.188483792895583,"{""type"":""MultiPoint"",""coordinates"":[]}"
20051221,2005-12-21,-1.3685831025721737,1.1090747038241506,-4.496196295598906,"{""type"":""MultiPoint"",""coordinates"":[]}"
20051222,2005-12-22,-1.2454018946666605,1.256211903823556,-3.9653847453092492,"{""type"":""MultiPoint"",""coordinates"":[]}"
20051223,2005-12-23,-1.8027075531672268,0.6924517072695505,-4.680529277829419,"{""type"":""MultiPoint"",""coordinates"":[]}"
20051224,2005-12-24,-2.7882595134431782,0.01920746660151016,-5.767955069258546,"{""type"":""MultiPoint"",""coordinates"":[]}"
20051225,2005-12-25,-4.493930732921858,-1.1183371381801945,-7.993135511017209,"{""type"":""MultiPoint"",""coordinates"":[]}"
20051226,2005-12-26,-4.737576367100935,-1.7734749149033078,-8.304544310384173,"{""type"":""MultiPoint"",""coordinates"":[]}"
20051227,2005-12-27,-3.098668164109995,-0.22198192108337783,-6.539006815187856,"{""type"":""MultiPoint"",""coordinates"":[]}"
20051228,2005-12-28,-2.533752198978665,0.43929426366885765,-5.7538658361979085,"{""type"":""MultiPoint"",""coordinates"":[]}"
20051229,2005-12-29,-3.5882105882693214,-0.46991071975128107,-6.757197659860199,"{""type"":""MultiPoint"",""coordinates"":[]}"
20051230,2005-12-30,-3.821809884551639,-1.1636966673077178,-6.729065640639103,"{""type"":""MultiPoint"",""coordinates"":[]}"
20051231,2005-12-31,-2.8731223870144165,-0.13983848439500826,-5.918941961263229,"{""type"":""MultiPoint"",""coordinates"":[]}"
20060101,2006-01-01,-2.132385220351441,0.519827847185141,-4.871072469191704,"{""type"":""MultiPoint"",""coordinates"":[]}"
20060102,2006-01-02,-1.7451415631248206,0.9624821712321422,-4.823666473665371,"{""type"":""MultiPoint"",""coordinates"":[]}"
20060103,2006-01-03,-2.9162592429438323,0.3613680779506322,-6.284476970884535,"{""type"":""MultiPoint"",""coordinates"":[]}"
20060104,2006-01-04,-3.8112611145912396,-1.0540437245846053,-6.802191359044795,"{""type"":""MultiPoint"",""coordinates"":[]}"
20060105,2006-01-05,-4.491804276743951,-1.5361560006346995,-7.478088139279454,"{""type"":""MultiPoint"",""coordinates"":[]}"
20060106,2006-01-06,-5.262810777219523,-2.257270434255193,-8.369809928198748,"{""type"":""MultiPoint"",""coordinates"":[]}"
20060107,2006-01-07,-5.574442305530839,-2.4353111530421314,-8.791137484349045,"{""type"":""MultiPoint"",""coordinates"":[]}"
20060108,2006-01-08,-5.991600520680721,-2.7720875756535697,-9.081020113331522,"{""type"":""MultiPoint"",""coordinates"":[]}"
20060109,2006-01-09,-5.13437602253646,-2.1467813067544945,-8.539696543201476,"{""type"":""MultiPoint"",""coordinates"":[]}"
20060110,2006-01-10,-3.3312264869269703,-0.4372562479432257,-6.677903608590276,"{""type"":""MultiPoint"",""coordinates"":[]}"
20060111,2006-01-11,-4.034886968313188,-0.7028704350103515,-7.210302919367987,"{""type"":""MultiPoint"",""coordinates"":[]}"
20060112,2006-01-12,-4.127770862885559,-1.2608929323987317,-7.261915365736544,"{""type"":""MultiPoint"",""coordinates"":[]}"
20060113,2006-01-13,-3.822255562849609,-0.6753556749797943,-7.138668107499515,"{""type"":""MultiPoint"",""coordinates"":[]}"
20060114,2006-01-14,-3.172846869204708,-0.3219934423328442,-6.4371713016045,"{""type"":""MultiPoint"",""coordinates"":[]}"
20060115,2006-01-15,-1.1143393044884897,1.5075485505221118,-4.432101236742471,"{""type"":""MultiPoint"",""coordinates"":[]}"
20060116,2006-01-16,0.11662894552436848,2.611818007092396,-2.620826926356905,"{""type"":""MultiPoint"",""coordinates"":[]}"
20060117,2006-01-17,0.1858332657834271,2.943382622538054,-2.982033582241934,"{""type"":""MultiPoint"",""coordinates"":[]}"
20060118,2006-01-18,-0.9167709027132632,1.832582679765126,-3.75715225814302,"{""type"":""MultiPoint"",""coordinates"":[]}"
20060119,2006-01-19,-2.2218392139451852,0.4518404078423035,-5.008045569855784,"{""type"":""MultiPoint"",""coordinates"":[]}"
20060120,2006-01-20,-3.267260507796237,-0.40935127154581646,-6.13755248235856,"{""type"":""MultiPoint"",""coordinates"":[]}"
20060121,2006-01-21,-4.560106077832639,-1.3053479898326419,-7.94807677015066,"{""type"":""MultiPoint"",""coordinates"":[]}"
20060122,2006-01-22,-4.390501621869303,-0.9851392088457389,-8.577917938110668,"{""type"":""MultiPoint"",""coordinates"":[]}"
20060123,2006-01-23,-4.8585449171091595,-1.5410791194036775,-8.277596446549019,"{""type"":""MultiPoint"",""coordinates"":[]}"
20060124,2006-01-24,-6.392178106447961,-3.214524800992059,-9.606633651310508,"{""type"":""MultiPoint"",""coordinates"":[]}"
20060125,2006-01-25,-7.298978379549795,-3.936830638678349,-10.798685566456648,"{""type"":""MultiPoint"",""coordinates"":[]}"
20060126,2006-01-26,-6.010136342315465,-2.918496011898528,-9.462508510535256,"{""type"":""MultiPoint"",""coordinates"":[]}"
20060127,2006-01-27,-4.920803858603036,-2.144762891095131,-8.160599043971837,"{""type"":""MultiPoint"",""coordinates"":[]}"
20060128,2006-01-28,-3.285263507344394,-0.28347882644372885,-6.518062975368894,"{""type"":""MultiPoint"",""coordinates"":[]}"
20060129,2006-01-29,-3.4576810917278573,0.06266517228903941,-6.728910332561305,"{""type"":""MultiPoint"",""coordinates"":[]}"
20060130,2006-01-30,-3.0085497260337397,-0.030016983266230073,-6.105984263259279,"{""type"":""MultiPoint"",""coordinates"":[]}"
20060131,2006-01-31,-2.5730328152807855,0.390748221615166,-5.643248594474125,"{""type"":""MultiPoint"",""coordinates"":[]}"
20060201,2006-02-01,-1.582596996614453,1.3551822853310562,-4.976420792553125,"{""type"":""MultiPoint"",""coordinates"":[]}"
20060202,2006-02-02,-1.006016638452093,1.942042788934931,-4.352655933736815,"{""type"":""MultiPoint"",""coordinates"":[]}"
20060203,2006-02-03,-1.3419240664459549,1.9306696674455532,-4.9654900138101645,"{""type"":""MultiPoint"",""coordinates"":[]}"
20060204,2006-02-04,-3.243685457502247,0.8647000775755407,-7.115734379893501,"{""type"":""MultiPoint"",""coordinates"":[]}"
20060205,2006-02-05,-3.48360153381313,-0.022856769984533933,-7.293297552018881,"{""type"":""MultiPoint"",""coordinates"":[]}"
20060206,2006-02-06,-2.9042364478256744,0.3898581355344423,-6.313007557860091,"{""type"":""MultiPoint"",""coordinates"":[]}"
20060207,2006-02-07,-1.8625535019080484,1.4323309752223725,-5.434180629596696,"{""type"":""MultiPoint"",""coordinates"":[]}"
20060208,2006-02-08,-1.2268408846237013,2.12828594397433,-4.9637592045857515,"{""type"":""MultiPoint"",""coordinates"":[]}"
20060209,2006-02-09,-1.7138358403191527,1.675424808885228,-5.319443302827497,"{""type"":""MultiPoint"",""coordinates"":[]}"
20060210,2006-02-10,-2.8773492118567963,1.197453419466544,-6.8337230674017615,"{""type"":""MultiPoint"",""coordinates"":[]}"
20060211,2006-02-11,-2.2453531662065,1.0844591151393044,-6.236982246760603,"{""type"":""MultiPoint"",""coordinates"":[]}"
20060212,2006-02-12,-0.8378234227724507,2.1176553862833627,-4.317899194014012,"{""type"":""MultiPoint"",""coordinates"":[]}"
20060213,2006-02-13,-0.15287068926989902,2.7244028353216416,-3.33288122215509,"{""type"":""MultiPoint"",""coordinates"":[]}"
20060214,2006-02-14,0.06849323146453756,3.1533766632515383,-3.398376805406702,"{""type"":""MultiPoint"",""coordinates"":[]}"
20060215,2006-02-15,0.20372671585489646,3.1317544039384124,-3.057040992328706,"{""type"":""MultiPoint"",""coordinates"":[]}"
20060216,2006-02-16,-0.47012264635476203,2.6089259074371176,-3.880074791187293,"{""type"":""MultiPoint"",""coordinates"":[]}"
20060217,2006-02-17,-0.22696012400399795,2.6512083919621716,-3.475113223467511,"{""type"":""MultiPoint"",""coordinates"":[]}"
20060218,2006-02-18,1.171996651707474,3.9600952238409017,-2.179502978144104,"{""type"":""MultiPoint"",""coordinates"":[]}"
20060219,2006-02-19,1.4779318079824506,4.403820353269712,-1.5680302892034987,"{""type"":""MultiPoint"",""coordinates"":[]}"
20060220,2006-02-20,1.4081290369252628,4.246971407902059,-1.8344490628555623,"{""type"":""MultiPoint"",""coordinates"":[]}"
20060221,2006-02-21,0.5190094892897157,3.867576115528848,-2.7592137245589643,"{""type"":""MultiPoint"",""coordinates"":[]}"
20060222,2006-02-22,0.4181588233388259,3.521932381203081,-3.018859281171499,"{""type"":""MultiPoint"",""coordinates"":[]}"
20060223,2006-02-23,0.6759784951072954,3.893772999108793,-2.781574015049287,"{""type"":""MultiPoint"",""coordinates"":[]}"
20060224,2006-02-24,-0.3921179236787752,3.0580912818829376,-4.029042769026394,"{""type"":""MultiPoint"",""coordinates"":[]}"
20060225,2006-02-25,0.07753992714913018,3.34834811272276,-3.526879496497983,"{""type"":""MultiPoint"",""coordinates"":[]}"
20060226,2006-02-26,0.2648462133652921,3.7096330842961813,-3.616353993515304,"{""type"":""MultiPoint"",""coordinates"":[]}"
20060227,2006-02-27,-0.29932770154508737,3.1997664857788117,-3.9953179689158715,"{""type"":""MultiPoint"",""coordinates"":[]}"
20060228,2006-02-28,-1.2494360406735865,2.1202510703190027,-4.895480675422051,"{""type"":""MultiPoint"",""coordinates"":[]}"
20060301,2006-03-01,-2.6363383942212817,1.2664712530577855,-6.550203240153092,"{""type"":""MultiPoint"",""coordinates"":[]}"
20060302,2006-03-02,-2.1529604828682434,1.3485184673856958,-6.168275469893991,"{""type"":""MultiPoint"",""coordinates"":[]}"
20060303,2006-03-03,-0.884233487368005,2.4034644585686347,-4.359445442048234,"{""type"":""MultiPoint"",""coordinates"":[]}"
20060304,2006-03-04,-0.6508981205477145,2.9467794829409106,-4.557781259029045,"{""type"":""MultiPoint"",""coordinates"":[]}"
20060305,2006-03-05,-0.31853337583006747,3.0639982078357635,-4.041657788350246,"{""type"":""MultiPoint"",""coordinates"":[]}"
20060306,2006-03-06,-0.36114075018776387,3.0065202809281466,-4.181430044313541,"{""type"":""MultiPoint"",""coordinates"":[]}"
20060307,2006-03-07,-0.4960592279764635,2.914771299586482,-4.278791146518616,"{""type"":""MultiPoint"",""coordinates"":[]}"
20060308,2006-03-08,-0.06973745474495358,3.3434504554434863,-3.9955492585699357,"{""type"":""MultiPoint"",""coordinates"":[]}"
20060309,2006-03-09,1.8808243306855361,4.853937853913488,-1.9808725366389335,"{""type"":""MultiPoint"",""coordinates"":[]}"
20060310,2006-03-10,3.584374448079808,6.355946570839134,0.08230941294902518,"{""type"":""MultiPoint"",""coordinates"":[]}"
20060311,2006-03-11,3.3007176248772123,6.057388601298765,-0.016792639241614015,"{""type"":""MultiPoint"",""coordinates"":[]}"
20060312,2006-03-12,1.0019677986451399,4.3067149220659235,-2.6421524567272576,"{""type"":""MultiPoint"",""coordinates"":[]}"
20060313,2006-03-13,0.6026797640580045,3.5498818065722384,-2.9449523192669833,"{""type"":""MultiPoint"",""coordinates"":[]}"
20060314,2006-03-14,2.0094465271483024,4.726640275662699,-1.5910805330696458,"{""type"":""MultiPoint"",""coordinates"":[]}"
20060315,2006-03-15,2.511489014861778,5.442758507135525,-0.9414208119878097,"{""type"":""MultiPoint"",""coordinates"":[]}"
20060316,2006-03-16,1.2746662972361622,4.609464614195354,-2.233051069758588,"{""type"":""MultiPoint"",""coordinates"":[]}"
20060317,2006-03-17,-0.7331056967435158,2.663947184220773,-4.16771856473435,"{""type"":""MultiPoint"",""coordinates"":[]}"
20060318,2006-03-18,-1.9338815934120728,1.5506449175017394,-5.513439344309126,"{""type"":""MultiPoint"",""coordinates"":[]}"
20060319,2006-03-19,-1.5281434437295858,2.0180485939399633,-5.402100610764829,"{""type"":""MultiPoint"",""coordinates"":[]}"
20060320,2006-03-20,0.3492356566185138,3.847666410606094,-3.6697334134788715,"{""type"":""MultiPoint"",""coordinates"":[]}"
20060321,2006-03-21,0.3422992826273727,4.02313998789937,-3.652141530417382,"{""type"":""MultiPoint"",""coordinates"":[]}"
20060322,2006-03-22,-0.8403271334591581,2.9390488389348075,-4.7034443417079865,"{""type"":""MultiPoint"",""coordinates"":[]}"
20060323,2006-03-23,-0.6435463049074417,2.9398552264345716,-4.669246768478086,"{""type"":""MultiPoint"",""coordinates"":[]}"
20060324,2006-03-24,0.7814916918717836,4.236606989544204,-3.2721093670329022,"{""type"":""MultiPoint"",""coordinates"":[]}"
20060325,2006-03-25,1.3150173251523125,4.734194603614703,-2.693723743917062,"{""type"":""MultiPoint"",""coordinates"":[]}"
20060326,2006-03-26,0.5322641168520436,4.377835153505622,-3.455460122684812,"{""type"":""MultiPoint"",""coordinates"":[]}"
20060327,2006-03-27,-0.4885611291865805,3.463716067784643,-4.777616883900401,"{""type"":""MultiPoint"",""coordinates"":[]}"
20060328,2006-03-28,-0.8861452599490763,3.250101320058755,-5.045234119361146,"{""type"":""MultiPoint"",""coordinates"":[]}"
20060329,2006-03-29,-1.2819464427468445,2.7445294915948906,-5.37315867715153,"{""type"":""MultiPoint"",""coordinates"":[]}"
20060330,2006-03-30,-1.454788593509546,2.630239731535436,-5.753245009111561,"{""type"":""MultiPoint"",""coordinates"":[]}"
20060331,2006-03-31,-0.12957869721785617,4.298831270983506,-5.0920776342922895,"{""type"":""MultiPoint"",""coordinates"":[]}"
20060401,2006-04-01,1.5643681004412942,5.537885627666272,-2.92868741041317,"{""type"":""MultiPoint"",""coordinates"":[]}"
20060402,2006-04-02,1.7986675173295,5.620805896017407,-2.3524843742087564,"{""type"":""MultiPoint"",""coordinates"":[]}"
20060403,2006-04-03,1.2571409256756159,4.933775614099742,-2.7258822973376207,"{""type"":""MultiPoint"",""coordinates"":[]}"
20060404,2006-04-04,1.490762042286693,4.838268120954719,-2.242705787456245,"{""type"":""MultiPoint"",""coordinates"":[]}"
20060405,2006-04-05,0.7219626466189905,4.424993696044001,-3.0143485953174975,"{""type"":""MultiPoint"",""coordinates"":[]}"
20060406,2006-04-06,1.2070765067664893,4.978295013977138,-2.8731049372132347,"{""type"":""MultiPoint"",""coordinates"":[]}"
20060407,2006-04-07,1.6700811276511158,5.526768461176917,-2.6138805591714362,"{""type"":""MultiPoint"",""coordinates"":[]}"
20060408,2006-04-08,2.410746068176904,5.931027331206747,-1.7611441991242478,"{""type"":""MultiPoint"",""coordinates"":[]}"
20060409,2006-04-09,4.205602886717383,7.923836092709877,-0.3582117110280558,"{""type"":""MultiPoint"",""coordinates"":[]}"
20060410,2006-04-10,3.165817369520626,7.2258841166961085,-1.0535593373871988,"{""type"":""MultiPoint"",""coordinates"":[]}"
20060411,2006-04-11,1.0243838083412267,4.883868690759616,-2.762545971822741,"{""type"":""MultiPoint"",""coordinates"":[]}"
20060412,2006-04-12,0.14880169942572352,3.9171506060212335,-3.7717689588898753,"{""type"":""MultiPoint"",""coordinates"":[]}"
20060413,2006-04-13,-0.5816825356085006,3.3932072024860207,-4.695941462468106,"{""type"":""MultiPoint"",""coordinates"":[]}"
20060414,2006-04-14,-0.18829682570014825,3.747694169369993,-4.5702216855213225,"{""type"":""MultiPoint"",""coordinates"":[]}"
20060415,2006-04-15,0.9320506556180969,4.523925116976448,-3.0843443415442504,"{""type"":""MultiPoint"",""coordinates"":[]}"
20060416,2006-04-16,2.7152973162141296,5.9786597997099244,-1.0831085195152999,"{""type"":""MultiPoint"",""coordinates"":[]}"
20060417,2006-04-17,3.776841422899872,6.925529969551437,0.26191735585727777,"{""type"":""MultiPoint"",""coordinates"":[]}"
20060418,2006-04-18,4.276316667411053,7.528901985187123,0.4613763274245571,"{""type"":""MultiPoint"",""coordinates"":[]}"
20060419,2006-04-19,4.239201277565191,7.617295372035903,0.6684760550555683,"{""type"":""MultiPoint"",""coordinates"":[]}"
20060420,2006-04-20,3.834194309420516,7.014873562657042,0.23935432768958964,"{""type"":""MultiPoint"",""coordinates"":[]}"
20060421,2006-04-21,3.368675445990262,6.822597300056372,-0.43476959395570713,"{""type"":""MultiPoint"",""coordinates"":[]}"
20060422,2006-04-22,3.1841529404288664,6.992072826872797,-1.066807933097046,"{""type"":""MultiPoint"",""coordinates"":[]}"
20060423,2006-04-23,3.561282121371219,7.121053599880572,-0.6970530257883367,"{""type"":""MultiPoint"",""coordinates"":[]}"
20060424,2006-04-24,3.602153404186214,7.305661151860616,-0.5324837506341685,"{""type"":""MultiPoint"",""coordinates"":[]}"
20060425,2006-04-25,3.7423930750340983,7.487776885441584,-0.5593160475167939,"{""type"":""MultiPoint"",""coordinates"":[]}"
20060426,2006-04-26,3.8556830259690247,7.418762937385197,-0.05085305693037427,"{""type"":""MultiPoint"",""coordinates"":[]}"
20060427,2006-04-27,3.16835957344242,7.142618068301193,-0.9263808872771927,"{""type"":""MultiPoint"",""coordinates"":[]}"
20060428,2006-04-28,3.2675052466128522,6.974190697804506,-0.750398894040314,"{""type"":""MultiPoint"",""coordinates"":[]}"
20060429,2006-04-29,3.7837066971988915,7.586508121445812,-0.391720832624576,"{""type"":""MultiPoint"",""coordinates"":[]}"
20060430,2006-04-30,4.601891219267955,8.275495472692283,0.466999762059153,"{""type"":""MultiPoint"",""coordinates"":[]}"
20060501,2006-05-01,5.6665077848588306,9.270545689041743,1.5118626047146562,"{""type"":""MultiPoint"",""coordinates"":[]}"
20060502,2006-05-02,6.509697861758549,9.668920587885069,2.874726037149883,"{""type"":""MultiPoint"",""coordinates"":[]}"
20060503,2006-05-03,6.74066978018602,9.872327090860232,3.2042880580158455,"{""type"":""MultiPoint"",""coordinates"":[]}"
20060504,2006-05-04,5.857719657405285,9.291361716488984,1.9917504386592546,"{""type"":""MultiPoint"",""coordinates"":[]}"
20060505,2006-05-05,6.025822182298609,9.199556424497906,2.348696507445079,"{""type"":""MultiPoint"",""coordinates"":[]}"
20060506,2006-05-06,6.344538230246931,9.561675975420194,2.787771456739661,"{""type"":""MultiPoint"",""coordinates"":[]}"
20060507,2006-05-07,6.992054017572107,10.201324242840391,3.2921080436881485,"{""type"":""MultiPoint"",""coordinates"":[]}"
20060508,2006-05-08,7.958624121987085,10.82738136336681,4.4207938966101405,"{""type"":""MultiPoint"",""coordinates"":[]}"
20060509,2006-05-09,8.473209392347282,11.209453281037401,5.222990118709519,"{""type"":""MultiPoint"",""coordinates"":[]}"
20060510,2006-05-10,8.153465348303566,11.397015858466704,4.591290718196053,"{""type"":""MultiPoint"",""coordinates"":[]}"
20060511,2006-05-11,7.272495806291417,10.439764400468055,3.850027257309227,"{""type"":""MultiPoint"",""coordinates"":[]}"
20060512,2006-05-12,6.66834833716089,9.905239669935808,3.1281276194564316,"{""type"":""MultiPoint"",""coordinates"":[]}"
20060513,2006-05-13,5.82175217723925,9.022553185666874,2.343564954796687,"{""type"":""MultiPoint"",""coordinates"":[]}"
20060514,2006-05-14,6.022074612080868,9.38402239071754,2.3433105949637234,"{""type"":""MultiPoint"",""coordinates"":[]}"
20060515,2006-05-15,6.382907677224612,9.631734859760819,2.8805089668496504,"{""type"":""MultiPoint"",""coordinates"":[]}"
20060516,2006-05-16,7.539832253184366,10.715732512021008,3.8793285071165653,"{""type"":""MultiPoint"",""coordinates"":[]}"
20060517,2006-05-17,8.824459993354408,11.593419706479056,5.788287342680706,"{""type"":""MultiPoint"",""coordinates"":[]}"
20060518,2006-05-18,9.775891538752205,12.582882169137422,6.543667004674098,"{""type"":""MultiPoint"",""coordinates"":[]}"
20060519,2006-05-19,9.91197398369574,12.542254709244915,6.831480613555966,"{""type"":""MultiPoint"",""coordinates"":[]}"
20060520,2006-05-20,8.79078251105349,11.577523617246978,5.790393202174113,"{""type"":""MultiPoint"",""coordinates"":[]}"
20060521,2006-05-21,8.980789964027611,11.743829901396264,5.661415743886642,"{""type"":""MultiPoint"",""coordinates"":[]}"
20060522,2006-05-22,9.981399295183452,12.449695133893075,6.844988775598073,"{""type"":""MultiPoint"",""coordinates"":[]}"
20060523,2006-05-23,10.50104463234248,12.713471218298261,7.931418315783822,"{""type"":""MultiPoint"",""coordinates"":[]}"
20060524,2006-05-24,10.576312878754104,12.893964307552837,7.964429821014365,"{""type"":""MultiPoint"",""coordinates"":[]}"
20060525,2006-05-25,10.72499133284864,13.108850078882213,8.038187679785514,"{""type"":""MultiPoint"",""coordinates"":[]}"
20060526,2006-05-26,11.2126176076652,13.544690890033513,8.532627726022797,"{""type"":""MultiPoint"",""coordinates"":[]}"
20060527,2006-05-27,11.009277317293119,13.277368732226105,8.589304969959507,"{""type"":""MultiPoint"",""coordinates"":[]}"
20060528,2006-05-28,10.9432797968899,13.240117239804546,8.416305282004044,"{""type"":""MultiPoint"",""coordinates"":[]}"
20060529,2006-05-29,10.994826226934533,13.2475697390924,8.5784112113655,"{""type"":""MultiPoint"",""coordinates"":[]}"
20060530,2006-05-30,11.266497651165317,13.523189321938537,8.759577353888869,"{""type"":""MultiPoint"",""coordinates"":[]}"
20060531,2006-05-31,11.708177100942313,14.021508927274759,9.156629408556864,"{""type"":""MultiPoint"",""coordinates"":[]}"
20060601,2006-06-01,11.839998345726283,14.056989534743206,9.545450279756006,"{""type"":""MultiPoint"",""coordinates"":[]}"
20060602,2006-06-02,12.043049491861726,14.129462256844453,9.843237699391986,"{""type"":""MultiPoint"",""coordinates"":[]}"
20060603,2006-06-03,12.795154592372443,14.594138341536318,10.827873432367639,"{""type"":""MultiPoint"",""coordinates"":[]}"
20060604,2006-06-04,12.889696864184007,14.682212688613749,10.8939025801431,"{""type"":""MultiPoint"",""coordinates"":[]}"
20060605,2006-06-05,12.45754182706165,14.435256464787713,10.422880244862013,"{""type"":""MultiPoint"",""coordinates"":[]}"
20060606,2006-06-06,11.83079016992653,14.11503692991637,9.489590056419349,"{""type"":""MultiPoint"",""coordinates"":[]}"
20060607,2006-06-07,11.611349907626847,13.895016641999815,9.229665348479998,"{""type"":""MultiPoint"",""coordinates"":[]}"
20060608,2006-06-08,11.217411434732224,13.763888689847182,8.650060517543876,"{""type"":""MultiPoint"",""coordinates"":[]}"
20060609,2006-06-09,10.75567790904616,13.38585457393349,8.115344474365708,"{""type"":""MultiPoint"",""coordinates"":[]}"
20060610,2006-06-10,10.557558419042874,13.246252149140327,7.791558735612763,"{""type"":""MultiPoint"",""coordinates"":[]}"
20060611,2006-06-11,10.14663287238432,12.920280951394597,7.207302339456948,"{""type"":""MultiPoint"",""coordinates"":[]}"
20060612,2006-06-12,10.114013388848997,12.743577715318569,7.41426337497051,"{""type"":""MultiPoint"",""coordinates"":[]}"
20060613,2006-06-13,10.259946775047236,12.765013343565569,7.661479493064558,"{""type"":""MultiPoint"",""coordinates"":[]}"
20060614,2006-06-14,10.722793029873442,13.000570516287716,8.267165713641194,"{""type"":""MultiPoint"",""coordinates"":[]}"
20060615,2006-06-15,10.972044791042146,13.325248249963634,8.512983989234149,"{""type"":""MultiPoint"",""coordinates"":[]}"
20060616,2006-06-16,11.040459504179871,13.393875697156318,8.54514377546039,"{""type"":""MultiPoint"",""coordinates"":[]}"
20060617,2006-06-17,10.85375156765198,13.184785057802767,8.491039532239403,"{""type"":""MultiPoint"",""coordinates"":[]}"
20060618,2006-06-18,10.546569339147547,13.0433089105826,7.926746127511631,"{""type"":""MultiPoint"",""coordinates"":[]}"
20060619,2006-06-19,10.457466631150774,12.850592371815809,7.847074096908043,"{""type"":""MultiPoint"",""coordinates"":[]}"
20060620,2006-06-20,10.701868397603768,13.055476073740776,8.173883812235722,"{""type"":""MultiPoint"",""coordinates"":[]}"
20060621,2006-06-21,10.736835485549781,13.127797723170323,8.190629416064436,"{""type"":""MultiPoint"",""coordinates"":[]}"
20060622,2006-06-22,10.791095754001526,13.16102280610266,8.309812835825293,"{""type"":""MultiPoint"",""coordinates"":[]}"
20060623,2006-06-23,11.431045203078124,13.639476742283154,9.111155964622064,"{""type"":""MultiPoint"",""coordinates"":[]}"
20060624,2006-06-24,12.40352491033295,14.499236591660805,10.319362247379411,"{""type"":""MultiPoint"",""coordinates"":[]}"
20060625,2006-06-25,13.561323151335843,15.469594588133337,11.635936990122893,"{""type"":""MultiPoint"",""coordinates"":[]}"
20060626,2006-06-26,13.939680492344888,15.65571733620724,12.299269199260264,"{""type"":""MultiPoint"",""coordinates"":[]}"
20060627,2006-06-27,14.407440526306425,16.098656826534008,12.70076886639629,"{""type"":""MultiPoint"",""coordinates"":[]}"
20060628,2006-06-28,14.835834088963129,16.422085531892147,13.310836754206704,"{""type"":""MultiPoint"",""coordinates"":[]}"
20060629,2006-06-29,14.819028058878601,16.397434551345764,13.32235940244065,"{""type"":""MultiPoint"",""coordinates"":[]}"
20060630,2006-06-30,15.10827760632574,16.726245270614015,13.511923958619665,"{""type"":""MultiPoint"",""coordinates"":[]}"
20060701,2006-07-01,14.990741293531592,16.72122577279294,13.34795462633875,"{""type"":""MultiPoint"",""coordinates"":[]}"
20060702,2006-07-02,14.764487846715369,16.56395037142241,12.9811428912465,"{""type"":""MultiPoint"",""coordinates"":[]}"
20060703,2006-07-03,14.988663614383512,16.76806839124422,13.13278231337831,"{""type"":""MultiPoint"",""coordinates"":[]}"
20060704,2006-07-04,15.227482210998305,16.99262351109667,13.399170551304314,"{""type"":""MultiPoint"",""coordinates"":[]}"
20060705,2006-07-05,15.24333110299207,16.927979379576325,13.572549683207365,"{""type"":""MultiPoint"",""coordinates"":[]}"
20060706,2006-07-06,14.679362384575061,16.292843098759278,13.172912479762502,"{""type"":""MultiPoint"",""coordinates"":[]}"
20060707,2006-07-07,14.110981636796454,15.95872058660547,12.37950957781497,"{""type"":""MultiPoint"",""coordinates"":[]}"
20060708,2006-07-08,14.153891118315084,15.953714247700132,12.40989372052385,"{""type"":""MultiPoint"",""coordinates"":[]}"
20060709,2006-07-09,14.383102735925101,16.11783468089394,12.596784414510648,"{""type"":""MultiPoint"",""coordinates"":[]}"
20060710,2006-07-10,14.825319183650226,16.352759090144307,13.290282560941543,"{""type"":""MultiPoint"",""coordinates"":[]}"
20060711,2006-07-11,15.137064898401187,16.711861277329426,13.577298410918596,"{""type"":""MultiPoint"",""coordinates"":[]}"
20060712,2006-07-12,15.36183536942993,16.889677826316632,13.945864283165045,"{""type"":""MultiPoint"",""coordinates"":[]}"
20060713,2006-07-13,15.024671818002714,16.653657971625808,13.481494875502875,"{""type"":""MultiPoint"",""coordinates"":[]}"
20060714,2006-07-14,15.016262890163521,16.595168173808727,13.403629612037228,"{""type"":""MultiPoint"",""coordinates"":[]}"
20060715,2006-07-15,14.95447683801028,16.675394787868044,13.259496391175052,"{""type"":""MultiPoint"",""coordinates"":[]}"
20060716,2006-07-16,14.87046130214564,16.67147143951167,13.066898717213972,"{""type"":""MultiPoint"",""coordinates"":[]}"
20060717,2006-07-17,14.87150965096368,16.653924012578027,13.074012042050635,"{""type"":""MultiPoint"",""coordinates"":[]}"
20060718,2006-07-18,15.1138076239387,16.824271138188774,13.359961066886129,"{""type"":""MultiPoint"",""coordinates"":[]}"
20060719,2006-07-19,15.370982451667343,16.97464613923057,13.777881214598626,"{""type"":""MultiPoint"",""coordinates"":[]}"
20060720,2006-07-20,15.226257030545986,16.888855603084014,13.594182621570868,"{""type"":""MultiPoint"",""coordinates"":[]}"
20060721,2006-07-21,15.035253623994585,16.672328859016837,13.455815811033428,"{""type"":""MultiPoint"",""coordinates"":[]}"
20060722,2006-07-22,14.607044805499958,16.210510946744957,13.077584521941372,"{""type"":""MultiPoint"",""coordinates"":[]}"
20060723,2006-07-23,14.005691761646833,15.713846520403166,12.448605254387724,"{""type"":""MultiPoint"",""coordinates"":[]}"
20060724,2006-07-24,13.966707589573836,15.702506222203084,12.431695357111765,"{""type"":""MultiPoint"",""coordinates"":[]}"
20060725,2006-07-25,14.270300786667969,16.031206708315832,12.678235084929964,"{""type"":""MultiPoint"",""coordinates"":[]}"
20060726,2006-07-26,14.55104162655547,16.2189239598509,12.997352889926313,"{""type"":""MultiPoint"",""coordinates"":[]}"
20060727,2006-07-27,14.521579466590714,16.138268926721867,12.98062116402786,"{""type"":""MultiPoint"",""coordinates"":[]}"
20060728,2006-07-28,14.482000143647529,16.0104236922704,13.066824303664143,"{""type"":""MultiPoint"",""coordinates"":[]}"
20060729,2006-07-29,14.765476358804424,16.21259963537197,13.353912016441077,"{""type"":""MultiPoint"",""coordinates"":[]}"
20060730,2006-07-30,14.972157078587562,16.564314029521444,13.44299729099301,"{""type"":""MultiPoint"",""coordinates"":[]}"
20060731,2006-07-31,14.833034967843977,16.60979553642051,13.18315157504316,"{""type"":""MultiPoint"",""coordinates"":[]}"
20060801,2006-08-01,14.508540220291684,16.28825967814327,12.965271917030725,"{""type"":""MultiPoint"",""coordinates"":[]}"
20060802,2006-08-02,14.341362973916231,16.07629473838897,12.885163012332558,"{""type"":""MultiPoint"",""coordinates"":[]}"
20060803,2006-08-03,14.310602779697069,15.984564680979368,12.859489843564383,"{""type"":""MultiPoint"",""coordinates"":[]}"
20060804,2006-08-04,14.326905898987013,16.04397337379404,12.890277130158058,"{""type"":""MultiPoint"",""coordinates"":[]}"
20060805,2006-08-05,14.487394962340156,16.11879793399108,13.015741073157807,"{""type"":""MultiPoint"",""coordinates"":[]}"
20060806,2006-08-06,14.694669821254804,16.18453546400956,13.321988715370994,"{""type"":""MultiPoint"",""coordinates"":[]}"
20060807,2006-08-07,14.953198211969244,16.405928518321314,13.623827670642468,"{""type"":""MultiPoint"",""coordinates"":[]}"
20060808,2006-08-08,15.177497909143996,16.705729704329475,13.802625348508228,"{""type"":""MultiPoint"",""coordinates"":[]}"
20060809,2006-08-09,15.069496049344336,16.68188233644526,13.620772926437692,"{""type"":""MultiPoint"",""coordinates"":[]}"
20060810,2006-08-10,15.152100134504991,16.603897707197333,13.731001582501117,"{""type"":""MultiPoint"",""coordinates"":[]}"
20060811,2006-08-11,15.52301096040218,16.999208180585864,14.085085298669963,"{""type"":""MultiPoint"",""coordinates"":[]}"
20060812,2006-08-12,15.468968934073839,17.049477679555636,14.060023916439519,"{""type"":""MultiPoint"",""coordinates"":[]}"
20060813,2006-08-13,15.368332405512682,17.069493368934992,13.97421401838716,"{""type"":""MultiPoint"",""coordinates"":[]}"
20060814,2006-08-14,15.273441640115108,16.99372293669468,13.776858289494788,"{""type"":""MultiPoint"",""coordinates"":[]}"
20060815,2006-08-15,15.493477942298718,17.140976481137102,14.00139717019586,"{""type"":""MultiPoint"",""coordinates"":[]}"
20060816,2006-08-16,15.325916884349528,16.915883646974553,13.871405425857638,"{""type"":""MultiPoint"",""coordinates"":[]}"
20060817,2006-08-17,15.219278480126937,16.700220498297483,13.813253318625705,"{""type"":""MultiPoint"",""coordinates"":[]}"
20060818,2006-08-18,15.414415386272356,16.92650478929477,13.964180149003031,"{""type"":""MultiPoint"",""coordinates"":[]}"
20060819,2006-08-19,15.445545199551534,17.05451965719493,13.99735166622452,"{""type"":""MultiPoint"",""coordinates"":[]}"
20060820,2006-08-20,15.248021509577343,16.807756124481593,13.813986213376237,"{""type"":""MultiPoint"",""coordinates"":[]}"
20060821,2006-08-21,15.20659431655535,16.84227995786251,13.760303622074186,"{""type"":""MultiPoint"",""coordinates"":[]}"
20060822,2006-08-22,14.998200908576283,16.553739136310526,13.635600777153064,"{""type"":""MultiPoint"",""coordinates"":[]}"
20060823,2006-08-23,14.79541322138738,16.293402759599804,13.469836408013373,"{""type"":""MultiPoint"",""coordinates"":[]}"
20060824,2006-08-24,14.618762807327164,16.221892240837732,13.139800524163476,"{""type"":""MultiPoint"",""coordinates"":[]}"
20060825,2006-08-25,14.712325308792721,16.349714106158395,13.158468912935774,"{""type"":""MultiPoint"",""coordinates"":[]}"
20060826,2006-08-26,14.304913555952059,15.929811258297386,12.84052362099261,"{""type"":""MultiPoint"",""coordinates"":[]}"
20060827,2006-08-27,13.798980680635147,15.321870140244064,12.356736032350668,"{""type"":""MultiPoint"",""coordinates"":[]}"
20060828,2006-08-28,13.92843292143373,15.484840041786226,12.373529778052577,"{""type"":""MultiPoint"",""coordinates"":[]}"
20060829,2006-08-29,13.986357727056777,15.588764705363914,12.43681336154553,"{""type"":""MultiPoint"",""coordinates"":[]}"
20060830,2006-08-30,13.883965345506704,15.598660674810219,12.16597654949226,"{""type"":""MultiPoint"",""coordinates"":[]}"
20060831,2006-08-31,13.644939402394472,15.397696981272214,11.78372319193643,"{""type"":""MultiPoint"",""coordinates"":[]}"
20060901,2006-09-01,13.888090162872794,15.646591494282825,11.958544479036092,"{""type"":""MultiPoint"",""coordinates"":[]}"
20060902,2006-09-02,13.78679217996185,15.38850551083124,12.04282429894077,"{""type"":""MultiPoint"",""coordinates"":[]}"
20060903,2006-09-03,13.720507017242554,15.288103882242751,11.88891601208734,"{""type"":""MultiPoint"",""coordinates"":[]}"
20060904,2006-09-04,13.876183623868396,15.589247939461185,11.94268657159497,"{""type"":""MultiPoint"",""coordinates"":[]}"
20060905,2006-09-05,13.978371954250274,15.834278639940711,12.037430777717491,"{""type"":""MultiPoint"",""coordinates"":[]}"
20060906,2006-09-06,14.08679043477086,15.933341716902683,12.150909314099385,"{""type"":""MultiPoint"",""coordinates"":[]}"
20060907,2006-09-07,13.99607273709176,15.833809291454317,12.15109322565669,"{""type"":""MultiPoint"",""coordinates"":[]}"
20060908,2006-09-08,13.734623366199466,15.56589034028747,11.90071783174641,"{""type"":""MultiPoint"",""coordinates"":[]}"
20060909,2006-09-09,13.349003184476892,15.078894965828937,11.528490921550516,"{""type"":""MultiPoint"",""coordinates"":[]}"
20060910,2006-09-10,12.803932133378497,14.679426877286469,10.961370464893665,"{""type"":""MultiPoint"",""coordinates"":[]}"
20060911,2006-09-11,12.878564324267717,14.697410637611469,10.982939193621991,"{""type"":""MultiPoint"",""coordinates"":[]}"
20060912,2006-09-12,12.580214369329038,14.31032989918423,10.757445996582094,"{""type"":""MultiPoint"",""coordinates"":[]}"
20060913,2006-09-13,12.244281058989186,14.018830966644327,10.422480749861242,"{""type"":""MultiPoint"",""coordinates"":[]}"
20060914,2006-09-14,12.281326763849126,14.109504267484205,10.397244834517315,"{""type"":""MultiPoint"",""coordinates"":[]}"
20060915,2006-09-15,12.495928982615265,14.507084482605432,10.457627911424899,"{""type"":""MultiPoint"",""coordinates"":[]}"
20060916,2006-09-16,12.26355010988331,14.288504476392712,10.221839081387234,"{""type"":""MultiPoint"",""coordinates"":[]}"
20060917,2006-09-17,11.390711330959528,13.637903956259416,9.28783843371218,"{""type"":""MultiPoint"",""coordinates"":[]}"
20060918,2006-09-18,11.061773657914204,13.270975121879657,9.040035817926931,"{""type"":""MultiPoint"",""coordinates"":[]}"
20060919,2006-09-19,11.569965658265506,13.561002029706366,9.428773580413399,"{""type"":""MultiPoint"",""coordinates"":[]}"
20060920,2006-09-20,12.265504374812302,14.121573685800582,10.1837592697341,"{""type"":""MultiPoint"",""coordinates"":[]}"
20060921,2006-09-21,12.227933210393115,13.977043167340288,10.423253538932485,"{""type"":""MultiPoint"",""coordinates"":[]}"
20060922,2006-09-22,12.05144300513727,13.888809474035922,10.215563437504226,"{""type"":""MultiPoint"",""coordinates"":[]}"
20060923,2006-09-23,11.660374446995508,13.484377792722492,9.809928402089627,"{""type"":""MultiPoint"",""coordinates"":[]}"
20060924,2006-09-24,11.27622513571034,13.184440245562078,9.360040653715513,"{""type"":""MultiPoint"",""coordinates"":[]}"
20060925,2006-09-25,11.062849693036927,13.041970056391644,9.083910866516737,"{""type"":""MultiPoint"",""coordinates"":[]}"
20060926,2006-09-26,10.66121290531128,12.695323129651038,8.543806813714712,"{""type"":""MultiPoint"",""coordinates"":[]}"
20060927,2006-09-27,10.430062784042063,12.5973007006054,8.172177297049403,"{""type"":""MultiPoint"",""coordinates"":[]}"
20060928,2006-09-28,10.102648115452713,12.361838640348424,7.717046959843712,"{""type"":""MultiPoint"",""coordinates"":[]}"
20060929,2006-09-29,10.038858433371175,12.23039878924787,7.714163963805773,"{""type"":""MultiPoint"",""coordinates"":[]}"
20060930,2006-09-30,10.600255010792466,12.762945408740052,8.258243201934656,"{""type"":""MultiPoint"",""coordinates"":[]}"
20061001,2006-10-01,10.659704608778489,12.816710616601048,8.455264206929307,"{""type"":""MultiPoint"",""coordinates"":[]}"
20061002,2006-10-02,10.42108741128435,12.608672565854551,8.229123216957392,"{""type"":""MultiPoint"",""coordinates"":[]}"
20061003,2006-10-03,10.301457110750254,12.479451904475873,8.021090058130934,"{""type"":""MultiPoint"",""coordinates"":[]}"
20061004,2006-10-04,9.601824303481385,11.996369943329679,7.2093988713807375,"{""type"":""MultiPoint"",""coordinates"":[]}"
20061005,2006-10-05,8.65438074196046,11.117167945586761,5.979054437401803,"{""type"":""MultiPoint"",""coordinates"":[]}"
20061006,2006-10-06,8.402505159357144,10.845417515063017,5.671565191248121,"{""type"":""MultiPoint"",""coordinates"":[]}"
20061007,2006-10-07,7.872977097730148,10.35869979758124,5.388963987003461,"{""type"":""MultiPoint"",""coordinates"":[]}"
20061008,2006-10-08,7.757451354764208,10.24222232689732,5.032285932403407,"{""type"":""MultiPoint"",""coordinates"":[]}"
20061009,2006-10-09,8.104640895449496,10.650866577651438,5.351592489814354,"{""type"":""MultiPoint"",""coordinates"":[]}"
20061010,2006-10-10,8.238667250403145,10.608232576946977,5.625876114842048,"{""type"":""MultiPoint"",""coordinates"":[]}"
20061011,2006-10-11,8.000301413569959,10.385943190376766,5.516861604443567,"{""type"":""MultiPoint"",""coordinates"":[]}"
20061012,2006-10-12,7.8544434174063475,10.24457462173759,5.323818273173616,"{""type"":""MultiPoint"",""coordinates"":[]}"
20061013,2006-10-13,8.225351013570272,10.70453837398541,5.410618208440465,"{""type"":""MultiPoint"",""coordinates"":[]}"
20061014,2006-10-14,8.203880614601866,10.72612661156107,5.519558022895833,"{""type"":""MultiPoint"",""coordinates"":[]}"
20061015,2006-10-15,7.659733944580159,10.13526894976032,4.997093792474442,"{""type"":""MultiPoint"",""coordinates"":[]}"
20061016,2006-10-16,7.468816017096331,9.876168647723517,4.804584298407816,"{""type"":""MultiPoint"",""coordinates"":[]}"
20061017,2006-10-17,7.050797759576713,9.58732537188341,4.225947386052054,"{""type"":""MultiPoint"",""coordinates"":[]}"
20061018,2006-10-18,6.568526082730911,9.276954543906909,3.6459282192840825,"{""type"":""MultiPoint"",""coordinates"":[]}"
20061019,2006-10-19,6.842688355825475,9.358759183430807,3.874650664928605,"{""type"":""MultiPoint"",""coordinates"":[]}"
20061020,2006-10-20,7.387264553928727,9.591587425559608,4.775528208855458,"{""type"":""MultiPoint"",""coordinates"":[]}"
20061021,2006-10-21,7.600740128622626,9.697035765122918,5.119738408758323,"{""type"":""MultiPoint"",""coordinates"":[]}"
20061022,2006-10-22,6.6881064657566425,9.037514667911156,3.9421243353414472,"{""type"":""MultiPoint"",""coordinates"":[]}"
20061023,2006-10-23,5.521663074841866,8.110992194628132,2.5440328958235336,"{""type"":""MultiPoint"",""coordinates"":[]}"
20061024,2006-10-24,4.817045023718537,7.539856600151437,1.684926345156693,"{""type"":""MultiPoint"",""coordinates"":[]}"
20061025,2006-10-25,4.804941745380779,7.423687621816738,1.7978478469154173,"{""type"":""MultiPoint"",""coordinates"":[]}"
20061026,2006-10-26,5.212058306339475,7.7259124990895485,2.188302035875488,"{""type"":""MultiPoint"",""coordinates"":[]}"
20061027,2006-10-27,5.305602315275404,7.777445678085587,2.446121364601065,"{""type"":""MultiPoint"",""coordinates"":[]}"
20061028,2006-10-28,5.006654251122432,7.48581772618699,2.173628464119203,"{""type"":""MultiPoint"",""coordinates"":[]}"
20061029,2006-10-29,4.632950255315819,7.124691046452788,1.898084252439571,"{""type"":""MultiPoint"",""coordinates"":[]}"
20061030,2006-10-30,4.388091179256261,6.954217869048574,1.433662661330041,"{""type"":""MultiPoint"",""coordinates"":[]}"
20061031,2006-10-31,4.005121858043707,6.693338481142503,1.0354374618439472,"{""type"":""MultiPoint"",""coordinates"":[]}"
20061101,2006-11-01,4.117102205030663,6.7004694834281135,1.1759269417086475,"{""type"":""MultiPoint"",""coordinates"":[]}"
20061102,2006-11-02,4.430532578392356,6.890692947066082,1.562552783794657,"{""type"":""MultiPoint"",""coordinates"":[]}"
20061103,2006-11-03,5.296843711678207,7.663641750937518,2.3390717443870135,"{""type"":""MultiPoint"",""coordinates"":[]}"
20061104,2006-11-04,5.109273874883929,7.559612994012198,2.4012443145983338,"{""type"":""MultiPoint"",""coordinates"":[]}"
20061105,2006-11-05,4.161357343595362,6.7908285555633245,1.2704683272354549,"{""type"":""MultiPoint"",""coordinates"":[]}"
20061106,2006-11-06,3.7754268421163646,6.3639831286231665,0.9060134407082201,"{""type"":""MultiPoint"",""coordinates"":[]}"
20061107,2006-11-07,3.7886431232353446,6.301811226463707,0.8993146880163174,"{""type"":""MultiPoint"",""coordinates"":[]}"
20061108,2006-11-08,3.7533661713574267,6.213984735910231,0.9926788771007395,"{""type"":""MultiPoint"",""coordinates"":[]}"
20061109,2006-11-09,3.932816853932391,6.393586281386872,1.1165165464438613,"{""type"":""MultiPoint"",""coordinates"":[]}"
20061110,2006-11-10,4.478886538412844,6.613059976912447,1.7480116109316843,"{""type"":""MultiPoint"",""coordinates"":[]}"
20061111,2006-11-11,4.918902385544274,7.129486449456219,2.0261540365910116,"{""type"":""MultiPoint"",""coordinates"":[]}"
20061112,2006-11-12,4.487562242913749,6.919312220333265,1.6805519540246534,"{""type"":""MultiPoint"",""coordinates"":[]}"
20061113,2006-11-13,4.008010786816595,6.487737574629672,1.2638334622211496,"{""type"":""MultiPoint"",""coordinates"":[]}"
20061114,2006-11-14,3.5025773593579945,6.016738820182238,0.7732222003354715,"{""type"":""MultiPoint"",""coordinates"":[]}"
20061115,2006-11-15,3.281592487815761,5.722975281451117,0.6262176817011255,"{""type"":""MultiPoint"",""coordinates"":[]}"
20061116,2006-11-16,3.376534857480487,5.741531357394522,0.7101891550442383,"{""type"":""MultiPoint"",""coordinates"":[]}"
20061117,2006-11-17,3.0939799841150983,5.55030362116958,0.29152675487054713,"{""type"":""MultiPoint"",""coordinates"":[]}"
20061118,2006-11-18,3.160811879404309,5.512705858743515,0.37926996012980246,"{""type"":""MultiPoint"",""coordinates"":[]}"
20061119,2006-11-19,2.6159950398874954,5.1546902118839455,-0.22498911873139504,"{""type"":""MultiPoint"",""coordinates"":[]}"
20061120,2006-11-20,1.8161084782358092,4.362266720432339,-1.0260410232098365,"{""type"":""MultiPoint"",""coordinates"":[]}"
20061121,2006-11-21,1.8733405824975464,4.53085854456746,-1.1173361067065066,"{""type"":""MultiPoint"",""coordinates"":[]}"
20061122,2006-11-22,2.375946212940215,4.950003527982313,-0.7315639384943559,"{""type"":""MultiPoint"",""coordinates"":[]}"
20061123,2006-11-23,0.9801454786305438,3.960135280885659,-2.025055386023501,"{""type"":""MultiPoint"",""coordinates"":[]}"
20061124,2006-11-24,-0.5266280616046292,2.3519170624506045,-3.5140999359998504,"{""type"":""MultiPoint"",""coordinates"":[]}"
20061125,2006-11-25,-1.47439991861307,1.4410568707896043,-4.565971353196491,"{""type"":""MultiPoint"",""coordinates"":[]}"
20061126,2006-11-26,-1.8052298750714435,0.9212568913731356,-4.780393100156857,"{""type"":""MultiPoint"",""coordinates"":[]}"
20061127,2006-11-27,-0.7250075604557258,1.9121659405076463,-4.260592099320124,"{""type"":""MultiPoint"",""coordinates"":[]}"
20061128,2006-11-28,-0.6044698674715635,2.0301870889893316,-3.533073540709915,"{""type"":""MultiPoint"",""coordinates"":[]}"
20061129,2006-11-29,-0.6960901240650683,1.9996403635181514,-3.7978011224836785,"{""type"":""MultiPoint"",""coordinates"":[]}"
20061130,2006-11-30,-1.4189561800133619,1.3299308326044503,-4.269818856943281,"{""type"":""MultiPoint"",""coordinates"":[]}"
20061201,2006-12-01,-1.872515417136876,0.9808013632393184,-4.826059774749386,"{""type"":""MultiPoint"",""coordinates"":[]}"
20061202,2006-12-02,-1.6959655541214353,1.1778967095489445,-5.034908673275241,"{""type"":""MultiPoint"",""coordinates"":[]}"
20061203,2006-12-03,0.8203363657278763,3.3705216155064526,-2.6880022472461214,"{""type"":""MultiPoint"",""coordinates"":[]}"
20061204,2006-12-04,2.4167196857172573,4.983493272438567,-0.5314519251180779,"{""type"":""MultiPoint"",""coordinates"":[]}"
20061205,2006-12-05,2.269277609831487,5.168304573300104,-0.8870010407885949,"{""type"":""MultiPoint"",""coordinates"":[]}"
20061206,2006-12-06,0.2686935741870395,3.281094174632254,-2.884892166277507,"{""type"":""MultiPoint"",""coordinates"":[]}"
20061207,2006-12-07,-0.5751669730546879,2.1742146681919228,-3.7029630400646734,"{""type"":""MultiPoint"",""coordinates"":[]}"
20061208,2006-12-08,-1.0597618149846408,1.6726634635337194,-4.051743540334529,"{""type"":""MultiPoint"",""coordinates"":[]}"
20061209,2006-12-09,-1.4016346204420647,1.381715981677512,-4.453367811556393,"{""type"":""MultiPoint"",""coordinates"":[]}"
20061210,2006-12-10,-0.622753427072936,2.1602066502510207,-3.991983586531945,"{""type"":""MultiPoint"",""coordinates"":[]}"
20061211,2006-12-11,-0.6964600306772694,2.210648238842217,-4.1342862166372365,"{""type"":""MultiPoint"",""coordinates"":[]}"
20061212,2006-12-12,-2.841593565494822,-0.050972264873349826,-5.932453901104659,"{""type"":""MultiPoint"",""coordinates"":[]}"
20061213,2006-12-13,-2.9644470334066786,-0.11297436171471396,-6.333945142744946,"{""type"":""MultiPoint"",""coordinates"":[]}"
20061214,2006-12-14,-2.8390960218835204,0.20240668846319826,-5.9607122944698725,"{""type"":""MultiPoint"",""coordinates"":[]}"
20061215,2006-12-15,-2.9615407805313,-0.005483381732742991,-6.107806196634259,"{""type"":""MultiPoint"",""coordinates"":[]}"
20061216,2006-12-16,-2.690378621895789,0.4602339530481861,-6.017645960913303,"{""type"":""MultiPoint"",""coordinates"":[]}"
20061217,2006-12-17,-2.664313438749408,0.24475744707631805,-5.655255142697588,"{""type"":""MultiPoint"",""coordinates"":[]}"
20061218,2006-12-18,-3.228599297604523,-0.1152456522909105,-6.3365853867690145,"{""type"":""MultiPoint"",""coordinates"":[]}"
20061219,2006-12-19,-3.360225552798692,-0.33544953875028904,-6.425752685845132,"{""type"":""MultiPoint"",""coordinates"":[]}"
20061220,2006-12-20,-1.4978611965415922,1.4113987096106904,-5.174259701776363,"{""type"":""MultiPoint"",""coordinates"":[]}"
20061221,2006-12-21,-0.46256709459992923,2.373929823881034,-3.628623068676188,"{""type"":""MultiPoint"",""coordinates"":[]}"
20061222,2006-12-22,-1.548841506090076,1.4522613246542015,-4.751223306752809,"{""type"":""MultiPoint"",""coordinates"":[]}"
20061223,2006-12-23,-2.799205709679206,0.20787845957249715,-5.711218860661302,"{""type"":""MultiPoint"",""coordinates"":[]}"
20061224,2006-12-24,-2.651609563849628,0.14906295568668315,-5.6526279480268835,"{""type"":""MultiPoint"",""coordinates"":[]}"
20061225,2006-12-25,-1.6834195514093402,0.8494744023376893,-4.533853427698805,"{""type"":""MultiPoint"",""coordinates"":[]}"
20061226,2006-12-26,-0.6302734111227116,1.8534722894172584,-3.7229900887917853,"{""type"":""MultiPoint"",""coordinates"":[]}"
20061227,2006-12-27,-1.2922336365985665,1.5448689831510782,-4.5112989766704965,"{""type"":""MultiPoint"",""coordinates"":[]}"
20061228,2006-12-28,-2.7239123188628445,0.3936069561423089,-6.025591563781489,"{""type"":""MultiPoint"",""coordinates"":[]}"
20061229,2006-12-29,-2.5229356617855174,0.2442805853281012,-5.73892223053617,"{""type"":""MultiPoint"",""coordinates"":[]}"
20061230,2006-12-30,-2.010873531307678,0.6949297958236357,-5.066027968989034,"{""type"":""MultiPoint"",""coordinates"":[]}"
20061231,2006-12-31,-1.7713123384337528,0.8901072934044886,-4.698465135675406,"{""type"":""MultiPoint"",""coordinates"":[]}"
20070101,2007-01-01,-2.3605914049727277,0.4112621143647757,-5.286709326338688,"{""type"":""MultiPoint"",""coordinates"":[]}"
20070102,2007-01-02,-3.4403597916569066,-0.5054323288497669,-6.318237698256771,"{""type"":""MultiPoint"",""coordinates"":[]}"
20070103,2007-01-03,-4.251707569225279,-1.2369897522994306,-7.277055653070261,"{""type"":""MultiPoint"",""coordinates"":[]}"
20070104,2007-01-04,-4.30807189881431,-1.299165635360529,-7.439818769865995,"{""type"":""MultiPoint"",""coordinates"":[]}"
20070105,2007-01-05,-4.617448670490317,-1.3991476775059553,-7.835352343082456,"{""type"":""MultiPoint"",""coordinates"":[]}"
20070106,2007-01-06,-4.56214793145329,-1.4386328279011236,-8.043293792905146,"{""type"":""MultiPoint"",""coordinates"":[]}"
20070107,2007-01-07,-5.515666071709486,-2.393243285260268,-8.782164707658481,"{""type"":""MultiPoint"",""coordinates"":[]}"
20070108,2007-01-08,-5.4343479862892785,-2.4779680476796466,-9.067018398135819,"{""type"":""MultiPoint"",""coordinates"":[]}"
20070109,2007-01-09,-3.788000621194641,-1.0635731716990828,-6.955872976625724,"{""type"":""MultiPoint"",""coordinates"":[]}"
20070110,2007-01-10,-3.6096240338079624,-0.7345255979181151,-6.8806209485530925,"{""type"":""MultiPoint"",""coordinates"":[]}"
20070111,2007-01-11,-4.219419893427087,-1.3903273513723526,-7.2388298910687014,"{""type"":""MultiPoint"",""coordinates"":[]}"
20070112,2007-01-12,-4.27746609876854,-1.5353632636877863,-7.2730307320012635,"{""type"":""MultiPoint"",""coordinates"":[]}"
20070113,2007-01-13,-5.392341167091196,-2.396892464922931,-8.502174428574998,"{""type"":""MultiPoint"",""coordinates"":[]}"
20070114,2007-01-14,-5.354461435337775,-2.4612720690272543,-8.730373157051128,"{""type"":""MultiPoint"",""coordinates"":[]}"
20070115,2007-01-15,-4.6224808172669745,-1.8197495650663515,-7.605670987960166,"{""type"":""MultiPoint"",""coordinates"":[]}"
20070116,2007-01-16,-4.722645466443599,-1.8488253214815586,-7.850042206789281,"{""type"":""MultiPoint"",""coordinates"":[]}"
20070117,2007-01-17,-5.204883158654262,-2.2884304243356675,-8.591199429284165,"{""type"":""MultiPoint"",""coordinates"":[]}"
20070118,2007-01-18,-4.670904465926259,-1.7182636799382554,-8.292194967068443,"{""type"":""MultiPoint"",""coordinates"":[]}"
20070119,2007-01-19,-4.246892643247827,-1.2962475676652252,-7.650790788499134,"{""type"":""MultiPoint"",""coordinates"":[]}"
20070120,2007-01-20,-4.604957223773186,-1.4973911131764606,-7.993880444323181,"{""type"":""MultiPoint"",""coordinates"":[]}"
20070121,2007-01-21,-5.317158012626419,-1.9522677553302343,-8.877020469471356,"{""type"":""MultiPoint"",""coordinates"":[]}"
20070122,2007-01-22,-6.840501935311113,-3.3643603256706207,-10.441035015853101,"{""type"":""MultiPoint"",""coordinates"":[]}"
20070123,2007-01-23,-6.289806703455269,-2.9924171656282454,-9.885588693353705,"{""type"":""MultiPoint"",""coordinates"":[]}"
20070124,2007-01-24,-4.421365983393767,-1.4095664713413798,-8.011103585023152,"{""type"":""MultiPoint"",""coordinates"":[]}"
20070125,2007-01-25,-3.0978188260025323,0.057150965865757984,-6.6735063152070415,"{""type"":""MultiPoint"",""coordinates"":[]}"
20070126,2007-01-26,-2.8626944947973403,0.28446572041795176,-6.3702548557698195,"{""type"":""MultiPoint"",""coordinates"":[]}"
20070127,2007-01-27,-2.42977541158874,0.6683984736249641,-5.69413324319726,"{""type"":""MultiPoint"",""coordinates"":[]}"
20070128,2007-01-28,-1.8441370483068655,1.1589474427028428,-5.375366417821241,"{""type"":""MultiPoint"",""coordinates"":[]}"
20070129,2007-01-29,-1.6647908168419134,1.3576482179791711,-4.860779944041134,"{""type"":""MultiPoint"",""coordinates"":[]}"
20070130,2007-01-30,-1.3300245750313375,1.6758015538260809,-4.63936140508268,"{""type"":""MultiPoint"",""coordinates"":[]}"
20070131,2007-01-31,-2.176236348201287,1.2745061947083447,-5.576122244986929,"{""type"":""MultiPoint"",""coordinates"":[]}"
20070201,2007-02-01,-3.2375078261347965,0.27338512855778346,-6.791970213138554,"{""type"":""MultiPoint"",""coordinates"":[]}"
20070202,2007-02-02,-2.987586994582886,0.07031990313437603,-6.532136895327756,"{""type"":""MultiPoint"",""coordinates"":[]}"
20070203,2007-02-03,-1.2082982848392618,1.645038423803386,-4.809513880105508,"{""type"":""MultiPoint"",""coordinates"":[]}"
20070204,2007-02-04,-0.11574010646262928,2.7233507244480526,-3.3138676822963946,"{""type"":""MultiPoint"",""coordinates"":[]}"
20070205,2007-02-05,-0.16580454062485933,2.9550950558791786,-3.691414395410952,"{""type"":""MultiPoint"",""coordinates"":[]}"
20070206,2007-02-06,0.1725787384966281,3.090577398969546,-3.391773065062789,"{""type"":""MultiPoint"",""coordinates"":[]}"
20070207,2007-02-07,0.09022407898918858,2.8691059560731,-3.109329855115718,"{""type"":""MultiPoint"",""coordinates"":[]}"
20070208,2007-02-08,-0.37723164978363116,2.4508211646320137,-3.7720331183930105,"{""type"":""MultiPoint"",""coordinates"":[]}"
20070209,2007-02-09,-0.2814866984036832,2.781266467597173,-3.8053352437627868,"{""type"":""MultiPoint"",""coordinates"":[]}"
20070210,2007-02-10,1.1519173408982546,3.868515294196203,-2.316708566108622,"{""type"":""MultiPoint"",""coordinates"":[]}"
20070211,2007-02-11,1.7991189258832196,4.456781767083168,-1.497315664562332,"{""type"":""MultiPoint"",""coordinates"":[]}"
20070212,2007-02-12,1.167785127958103,3.924101872778449,-1.9607928821081166,"{""type"":""MultiPoint"",""coordinates"":[]}"
20070213,2007-02-13,0.10100154682006501,2.8317642229367257,-3.1145591554573167,"{""type"":""MultiPoint"",""coordinates"":[]}"
20070214,2007-02-14,-0.6483912373039035,2.4499147087746502,-4.235845198972445,"{""type"":""MultiPoint"",""coordinates"":[]}"
20070215,2007-02-15,-1.4786850282425699,1.5124741122872898,-4.977735401953833,"{""type"":""MultiPoint"",""coordinates"":[]}"
20070216,2007-02-16,-2.134596037171799,0.9012106524886049,-5.564823811502544,"{""type"":""MultiPoint"",""coordinates"":[]}"
20070217,2007-02-17,-2.379500494364806,0.5763083998151529,-5.773828599260646,"{""type"":""MultiPoint"",""coordinates"":[]}"
20070218,2007-02-18,-2.639363826691234,0.4178204423361797,-6.030761061964723,"{""type"":""MultiPoint"",""coordinates"":[]}"
20070219,2007-02-19,-2.893195331622028,0.055877566729006574,-6.139512371627507,"{""type"":""MultiPoint"",""coordinates"":[]}"
20070220,2007-02-20,-3.0352248015304895,0.002189956690591064,-6.2360374356572965,"{""type"":""MultiPoint"",""coordinates"":[]}"
20070221,2007-02-21,-2.78644222709639,0.5578787259990052,-6.3677819666600985,"{""type"":""MultiPoint"",""coordinates"":[]}"
20070222,2007-02-22,-2.472097427028038,0.8922718925300119,-6.2798585869244095,"{""type"":""MultiPoint"",""coordinates"":[]}"
20070223,2007-02-23,-2.7974230891407257,0.6705555363209124,-6.515005211792893,"{""type"":""MultiPoint"",""coordinates"":[]}"
20070224,2007-02-24,-1.8231616815232614,1.6401281595037522,-5.795580749453329,"{""type"":""MultiPoint"",""coordinates"":[]}"
20070225,2007-02-25,-0.3685982938444182,2.8354967109653795,-4.11444580433454,"{""type"":""MultiPoint"",""coordinates"":[]}"
20070226,2007-02-26,-0.07744327108379889,3.1744122065734266,-3.7351556676692814,"{""type"":""MultiPoint"",""coordinates"":[]}"
20070227,2007-02-27,0.21137405453642602,3.2122118112713953,-3.398796963290524,"{""type"":""MultiPoint"",""coordinates"":[]}"
20070228,2007-02-28,0.987107516931624,3.88214428721088,-2.4091929604795412,"{""type"":""MultiPoint"",""coordinates"":[]}"
20070301,2007-03-01,0.9867998048866696,4.146697559587697,-3.0292384402828754,"{""type"":""MultiPoint"",""coordinates"":[]}"
20070302,2007-03-02,-0.77809769800321,2.830877618243277,-4.771079746198,"{""type"":""MultiPoint"",""coordinates"":[]}"
20070303,2007-03-03,-1.1019562803391587,2.104070259224682,-5.137902273353846,"{""type"":""MultiPoint"",""coordinates"":[]}"
20070304,2007-03-04,-0.9286252232951049,2.1377431160674627,-4.367577752586915,"{""type"":""MultiPoint"",""coordinates"":[]}"
20070305,2007-03-05,-1.9983601315653488,1.3314574961417605,-5.611152301817026,"{""type"":""MultiPoint"",""coordinates"":[]}"
20070306,2007-03-06,-2.8570861027283234,0.581933976195671,-6.467308978877411,"{""type"":""MultiPoint"",""coordinates"":[]}"
20070307,2007-03-07,-3.4751162643585136,0.18749495299170202,-7.206797740135587,"{""type"":""MultiPoint"",""coordinates"":[]}"
20070308,2007-03-08,-3.2642637718446044,0.5514955954709561,-7.286953264164156,"{""type"":""MultiPoint"",""coordinates"":[]}"
20070309,2007-03-09,-1.539891670552343,1.8126939129982478,-5.534130939896557,"{""type"":""MultiPoint"",""coordinates"":[]}"
20070310,2007-03-10,0.012376916977413525,3.0974631059804105,-3.6173023403217317,"{""type"":""MultiPoint"",""coordinates"":[]}"
20070311,2007-03-11,0.8029687029619582,3.879072929798778,-2.843141540626781,"{""type"":""MultiPoint"",""coordinates"":[]}"
20070312,2007-03-12,2.4459144524232923,5.229616183092571,-1.1078945039335533,"{""type"":""MultiPoint"",""coordinates"":[]}"
20070313,2007-03-13,2.3818411467377816,5.41862617677266,-0.9010280776022167,"{""type"":""MultiPoint"",""coordinates"":[]}"
20070314,2007-03-14,0.9093509896861705,4.427998456464578,-2.7482922442270903,"{""type"":""MultiPoint"",""coordinates"":[]}"
20070315,2007-03-15,-1.5291099926181162,1.9985113418253422,-5.340826586361703,"{""type"":""MultiPoint"",""coordinates"":[]}"
20070316,2007-03-16,-2.8562652064787892,0.5135920592711573,-6.615311245023819,"{""type"":""MultiPoint"",""coordinates"":[]}"
20070317,2007-03-17,-1.6608454747628296,1.8949093513726545,-5.954265913453336,"{""type"":""MultiPoint"",""coordinates"":[]}"
20070318,2007-03-18,0.3945332341609814,3.9607396295898325,-3.747822438856455,"{""type"":""MultiPoint"",""coordinates"":[]}"
20070319,2007-03-19,1.5484947351587375,5.0881620042329345,-2.275388816805082,"{""type"":""MultiPoint"",""coordinates"":[]}"
20070320,2007-03-20,2.7007446547938305,6.377862096850839,-1.5481105984330055,"{""type"":""MultiPoint"",""coordinates"":[]}"
20070321,2007-03-21,2.6670463965911004,6.074331393957175,-1.1063682724416035,"{""type"":""MultiPoint"",""coordinates"":[]}"
20070322,2007-03-22,2.037535252167525,5.437778812771199,-1.6394097650251962,"{""type"":""MultiPoint"",""coordinates"":[]}"
20070323,2007-03-23,1.1571846251749682,4.696192335130433,-2.593482338964767,"{""type"":""MultiPoint"",""coordinates"":[]}"
20070324,2007-03-24,1.0572112233323654,4.482938468266656,-2.5701130364205143,"{""type"":""MultiPoint"",""coordinates"":[]}"
20070325,2007-03-25,0.3953668584415042,4.155577231637976,-3.501163041619732,"{""type"":""MultiPoint"",""coordinates"":[]}"
20070326,2007-03-26,-0.8500402013354369,3.104154274951516,-4.709427947572454,"{""type"":""MultiPoint"",""coordinates"":[]}"
20070327,2007-03-27,-0.4343399192089378,3.593167141001479,-4.385434084450312,"{""type"":""MultiPoint"",""coordinates"":[]}"
20070328,2007-03-28,0.4374258987452547,4.630923268966451,-3.922704573389377,"{""type"":""MultiPoint"",""coordinates"":[]}"
20070329,2007-03-29,1.767966810555567,5.73301779965082,-2.644574398332588,"{""type"":""MultiPoint"",""coordinates"":[]}"
20070330,2007-03-30,2.317651728345475,6.201834938181163,-1.623148988162387,"{""type"":""MultiPoint"",""coordinates"":[]}"
20070331,2007-03-31,2.581714059251747,6.413078041694309,-1.4743425729151123,"{""type"":""MultiPoint"",""coordinates"":[]}"
20070401,2007-04-01,2.179277127698877,6.32373891995024,-1.9539197921906386,"{""type"":""MultiPoint"",""coordinates"":[]}"
20070402,2007-04-02,1.10168667475444,5.005741212988833,-2.735130711140614,"{""type"":""MultiPoint"",""coordinates"":[]}"
20070403,2007-04-03,0.1355083234340091,4.058778870162055,-3.9997644062361397,"{""type"":""MultiPoint"",""coordinates"":[]}"
20070404,2007-04-04,0.11855791969396601,3.973410725644476,-4.0456063234025885,"{""type"":""MultiPoint"",""coordinates"":[]}"
20070405,2007-04-05,1.7406429866574238,5.150778921241215,-1.8787892621917734,"{""type"":""MultiPoint"",""coordinates"":[]}"
20070406,2007-04-06,2.642091157539217,6.192886183729652,-1.1361592574825286,"{""type"":""MultiPoint"",""coordinates"":[]}"
20070407,2007-04-07,3.14205131390868,6.779291931885689,-1.0233141211501076,"{""type"":""MultiPoint"",""coordinates"":[]}"
20070408,2007-04-08,2.703773866357878,6.449803808680657,-1.341870916722017,"{""type"":""MultiPoint"",""coordinates"":[]}"
20070409,2007-04-09,2.4323381639814343,6.002546117908343,-1.2874706886533043,"{""type"":""MultiPoint"",""coordinates"":[]}"
20070410,2007-04-10,1.7735250917231151,5.460840478092407,-1.9638774842804827,"{""type"":""MultiPoint"",""coordinates"":[]}"
20070411,2007-04-11,1.5356964649784548,5.355761762632143,-2.3058588297137788,"{""type"":""MultiPoint"",""coordinates"":[]}"
20070412,2007-04-12,2.5380245648801547,6.066312782305348,-1.301086200090662,"{""type"":""MultiPoint"",""coordinates"":[]}"
20070413,2007-04-13,3.07440151222926,6.464024036323376,-0.5580849514908043,"{""type"":""MultiPoint"",""coordinates"":[]}"
20070414,2007-04-14,3.487779727274267,7.043974426536444,-0.21146064716737045,"{""type"":""MultiPoint"",""coordinates"":[]}"
20070415,2007-04-15,4.002623954997339,7.429434238160616,0.30735362606503946,"{""type"":""MultiPoint"",""coordinates"":[]}"
20070416,2007-04-16,4.635890347526404,8.180262806322007,0.6894549800372668,"{""type"":""MultiPoint"",""coordinates"":[]}"
20070417,2007-04-17,4.278308048577667,7.78898377722595,0.5762404553283614,"{""type"":""MultiPoint"",""coordinates"":[]}"
20070418,2007-04-18,5.60040558337901,8.981629125810414,1.719282344697317,"{""type"":""MultiPoint"",""coordinates"":[]}"
20070419,2007-04-19,7.039480146997154,10.11779636185736,3.1770670424725873,"{""type"":""MultiPoint"",""coordinates"":[]}"
20070420,2007-04-20,6.981140320913874,9.934465542372688,3.6657646261463728,"{""type"":""MultiPoint"",""coordinates"":[]}"
20070421,2007-04-21,6.054641634767385,9.283028483302557,2.723224862167336,"{""type"":""MultiPoint"",""coordinates"":[]}"
20070422,2007-04-22,5.163027685018214,8.486289145505479,1.5898056853855858,"{""type"":""MultiPoint"",""coordinates"":[]}"
20070423,2007-04-23,4.163714787119622,7.743120723182716,0.4690035690327256,"{""type"":""MultiPoint"",""coordinates"":[]}"
20070424,2007-04-24,4.359217420819955,7.787375008180782,0.6704454615013918,"{""type"":""MultiPoint"",""coordinates"":[]}"
20070425,2007-04-25,4.230085309502279,7.866669121489721,0.4238665705637576,"{""type"":""MultiPoint"",""coordinates"":[]}"
20070426,2007-04-26,3.641365213220812,7.368484220842982,-0.2084892499883397,"{""type"":""MultiPoint"",""coordinates"":[]}"
20070427,2007-04-27,2.1192844392290513,6.179546879625561,-1.8615719664492683,"{""type"":""MultiPoint"",""coordinates"":[]}"
20070428,2007-04-28,2.4314492738993527,6.3830018605879575,-1.6370704005844763,"{""type"":""MultiPoint"",""coordinates"":[]}"
20070429,2007-04-29,3.6179311618610877,7.391781974796954,-0.533194049780589,"{""type"":""MultiPoint"",""coordinates"":[]}"
20070430,2007-04-30,4.905637610787671,8.326743239546728,1.117639045260112,"{""type"":""MultiPoint"",""coordinates"":[]}"
20070501,2007-05-01,5.860446207071049,9.175197904724026,2.1696203337368747,"{""type"":""MultiPoint"",""coordinates"":[]}"
20070502,2007-05-02,6.719624233438111,9.963558015261077,3.0627900012029983,"{""type"":""MultiPoint"",""coordinates"":[]}"
20070503,2007-05-03,6.625079187403478,10.057941458054367,3.1899343300376524,"{""type"":""MultiPoint"",""coordinates"":[]}"
20070504,2007-05-04,7.20325359116691,10.355697548329811,3.6531611135004405,"{""type"":""MultiPoint"",""coordinates"":[]}"
20070505,2007-05-05,7.979498944287863,11.098924287990679,4.38769128476632,"{""type"":""MultiPoint"",""coordinates"":[]}"
20070506,2007-05-06,8.391950143314642,11.43912599345602,4.906344721122672,"{""type"":""MultiPoint"",""coordinates"":[]}"
20070507,2007-05-07,8.888672260629079,11.502206090467906,5.869063690067125,"{""type"":""MultiPoint"",""coordinates"":[]}"
20070508,2007-05-08,9.221008811190751,11.961779043034964,6.142913917439784,"{""type"":""MultiPoint"",""coordinates"":[]}"
20070509,2007-05-09,8.668700483657844,11.435854815891837,5.661047363469879,"{""type"":""MultiPoint"",""coordinates"":[]}"
20070510,2007-05-10,7.3308316240400675,10.49239439247381,4.1492638237103145,"{""type"":""MultiPoint"",""coordinates"":[]}"
20070511,2007-05-11,6.617014827157222,9.770968771132026,3.325676749671171,"{""type"":""MultiPoint"",""coordinates"":[]}"
20070512,2007-05-12,7.4206489841591425,10.47812668708505,3.968222472591877,"{""type"":""MultiPoint"",""coordinates"":[]}"
20070513,2007-05-13,7.928954272067026,11.05072429215654,4.438035158270417,"{""type"":""MultiPoint"",""coordinates"":[]}"
20070514,2007-05-14,7.810654422433663,10.709008798460653,4.563797399815353,"{""type"":""MultiPoint"",""coordinates"":[]}"
20070515,2007-05-15,7.767579397014503,10.591909738345873,4.734042721091231,"{""type"":""MultiPoint"",""coordinates"":[]}"
20070516,2007-05-16,7.968040223483581,10.869199597127976,4.822822555960442,"{""type"":""MultiPoint"",""coordinates"":[]}"
20070517,2007-05-17,8.325292509164557,11.507787072941598,4.898157541488062,"{""type"":""MultiPoint"",""coordinates"":[]}"
20070518,2007-05-18,9.313612815233975,12.101710709043013,6.110026031128225,"{""type"":""MultiPoint"",""coordinates"":[]}"
20070519,2007-05-19,10.331943832873383,12.856346670051044,7.548729812707106,"{""type"":""MultiPoint"",""coordinates"":[]}"
20070520,2007-05-20,10.08367388780288,12.789415653642147,7.290142341037205,"{""type"":""MultiPoint"",""coordinates"":[]}"
20070521,2007-05-21,9.425369739032394,12.18170957987104,6.769513319442935,"{""type"":""MultiPoint"",""coordinates"":[]}"
20070522,2007-05-22,8.532259760735915,11.629146932669205,5.435852019490633,"{""type"":""MultiPoint"",""coordinates"":[]}"
20070523,2007-05-23,7.675903533455861,10.923838359048158,4.411592242429636,"{""type"":""MultiPoint"",""coordinates"":[]}"
20070524,2007-05-24,7.112559396452566,10.441838997071407,3.693617754061096,"{""type"":""MultiPoint"",""coordinates"":[]}"
20070525,2007-05-25,6.752449761624722,10.080037651921126,3.3747997818907973,"{""type"":""MultiPoint"",""coordinates"":[]}"
20070526,2007-05-26,7.346322255544487,10.584639910824531,3.9796799860750003,"{""type"":""MultiPoint"",""coordinates"":[]}"
20070527,2007-05-27,7.891068189595598,10.874247455756576,4.746121560936802,"{""type"":""MultiPoint"",""coordinates"":[]}"
20070528,2007-05-28,7.881044490441434,10.916118374427269,4.7881813246071,"{""type"":""MultiPoint"",""coordinates"":[]}"
20070529,2007-05-29,8.282329794531996,11.092743978001716,5.253966415434255,"{""type"":""MultiPoint"",""coordinates"":[]}"
20070530,2007-05-30,8.55687061453729,11.373838665680609,5.67816532593388,"{""type"":""MultiPoint"",""coordinates"":[]}"
20070531,2007-05-31,8.19997513771395,11.121534420272953,5.224642047012938,"{""type"":""MultiPoint"",""coordinates"":[]}"
20070601,2007-06-01,8.28979244056703,11.211278295370988,5.251876624870261,"{""type"":""MultiPoint"",""coordinates"":[]}"
20070602,2007-06-02,8.55356765289384,11.556788050192058,5.386844279124351,"{""type"":""MultiPoint"",""coordinates"":[]}"
20070603,2007-06-03,9.404663040997795,12.15235547519416,6.481727044075628,"{""type"":""MultiPoint"",""coordinates"":[]}"
20070604,2007-06-04,10.965399174925993,13.274591406030373,8.348655921279518,"{""type"":""MultiPoint"",""coordinates"":[]}"
20070605,2007-06-05,11.458783467660155,13.732285358776398,9.096386966822402,"{""type"":""MultiPoint"",""coordinates"":[]}"
20070606,2007-06-06,11.648510844506688,13.842306637876797,9.405571535841185,"{""type"":""MultiPoint"",""coordinates"":[]}"
20070607,2007-06-07,11.535236238777804,13.909147540048085,9.21544830015491,"{""type"":""MultiPoint"",""coordinates"":[]}"
20070608,2007-06-08,11.469892777888056,13.769770871278677,9.201381736449187,"{""type"":""MultiPoint"",""coordinates"":[]}"
20070609,2007-06-09,11.653052010046297,13.96152612567876,9.246735947242515,"{""type"":""MultiPoint"",""coordinates"":[]}"
20070610,2007-06-10,11.131966029077358,13.721952447282108,8.518531495164302,"{""type"":""MultiPoint"",""coordinates"":[]}"
20070611,2007-06-11,10.606134819272786,13.13489806041308,8.164730756050764,"{""type"":""MultiPoint"",""coordinates"":[]}"
20070612,2007-06-12,11.514036549336756,13.881173904390248,9.131966253101078,"{""type"":""MultiPoint"",""coordinates"":[]}"
20070613,2007-06-13,12.735000727386927,14.769976783381466,10.547734949705326,"{""type"":""MultiPoint"",""coordinates"":[]}"
20070614,2007-06-14,13.595670454995675,15.50389874190709,11.468317750348783,"{""type"":""MultiPoint"",""coordinates"":[]}"
20070615,2007-06-15,13.81005867441878,15.516794964757777,12.021735570108612,"{""type"":""MultiPoint"",""coordinates"":[]}"
20070616,2007-06-16,13.524580912189318,15.319456986292431,11.705341909004703,"{""type"":""MultiPoint"",""coordinates"":[]}"
20070617,2007-06-17,13.11483388772793,15.00723241428445,11.121871064241942,"{""type"":""MultiPoint"",""coordinates"":[]}"
20070618,2007-06-18,13.237602230403722,15.045111970148021,11.300668372048147,"{""type"":""MultiPoint"",""coordinates"":[]}"
20070619,2007-06-19,13.188416459757086,15.015296646498307,11.183909040286439,"{""type"":""MultiPoint"",""coordinates"":[]}"
20070620,2007-06-20,13.168824745729514,14.9571841175855,11.114722915968878,"{""type"":""MultiPoint"",""coordinates"":[]}"
20070621,2007-06-21,12.668248660519362,14.777796073079212,10.26865780932768,"{""type"":""MultiPoint"",""coordinates"":[]}"
20070622,2007-06-22,12.281398547818176,14.454089650676837,10.079952239555473,"{""type"":""MultiPoint"",""coordinates"":[]}"
20070623,2007-06-23,12.602085193502806,14.58595468895081,10.432821012112,"{""type"":""MultiPoint"",""coordinates"":[]}"
20070624,2007-06-24,12.768468530424226,14.786776052465076,10.66336783581887,"{""type"":""MultiPoint"",""coordinates"":[]}"
20070625,2007-06-25,12.797643390891587,14.873435702207303,10.752594645248532,"{""type"":""MultiPoint"",""coordinates"":[]}"
20070626,2007-06-26,13.534246270149412,15.3226841694801,11.70487855704539,"{""type"":""MultiPoint"",""coordinates"":[]}"
20070627,2007-06-27,14.206825038351079,15.892796572472356,12.458203746459944,"{""type"":""MultiPoint"",""coordinates"":[]}"
20070628,2007-06-28,14.003646670279144,15.875984847734996,12.25259576809689,"{""type"":""MultiPoint"",""coordinates"":[]}"
20070629,2007-06-29,14.54886285442251,16.216221241203257,12.910966935270888,"{""type"":""MultiPoint"",""coordinates"":[]}"
20070630,2007-06-30,15.107525598324804,16.66343283959414,13.510081764174783,"{""type"":""MultiPoint"",""coordinates"":[]}"
20070701,2007-07-01,15.134882418599968,16.575539271013866,13.761978080636995,"{""type"":""MultiPoint"",""coordinates"":[]}"
20070702,2007-07-02,15.172643966169627,16.703010553833117,13.704293868080391,"{""type"":""MultiPoint"",""coordinates"":[]}"
20070703,2007-07-03,15.101551330838321,16.657173546577326,13.59512037202719,"{""type"":""MultiPoint"",""coordinates"":[]}"
20070704,2007-07-04,14.599614698807242,16.197548198360185,13.03558085633426,"{""type"":""MultiPoint"",""coordinates"":[]}"
20070705,2007-07-05,14.621761864836074,16.16274717814924,13.155327933940326,"{""type"":""MultiPoint"",""coordinates"":[]}"
20070706,2007-07-06,15.01410794953335,16.64235750230777,13.379075790967017,"{""type"":""MultiPoint"",""coordinates"":[]}"
20070707,2007-07-07,15.12585474305905,16.72516510276668,13.568126917650908,"{""type"":""MultiPoint"",""coordinates"":[]}"
20070708,2007-07-08,15.111766608308288,16.74327447682019,13.44888421185222,"{""type"":""MultiPoint"",""coordinates"":[]}"
20070709,2007-07-09,14.924388667116293,16.694444152122845,13.227368816975089,"{""type"":""MultiPoint"",""coordinates"":[]}"
20070710,2007-07-10,14.651074254863573,16.39346530719505,13.002245586362493,"{""type"":""MultiPoint"",""coordinates"":[]}"
20070711,2007-07-11,14.36463270375639,16.120923084391414,12.699720523054289,"{""type"":""MultiPoint"",""coordinates"":[]}"
20070712,2007-07-12,14.40604905679685,16.029681539472122,12.912242627179696,"{""type"":""MultiPoint"",""coordinates"":[]}"
20070713,2007-07-13,14.654922096480426,16.368058084691814,12.936475564498744,"{""type"":""MultiPoint"",""coordinates"":[]}"
20070714,2007-07-14,15.035094675202568,16.717850005296743,13.377282664577386,"{""type"":""MultiPoint"",""coordinates"":[]}"
20070715,2007-07-15,15.090684788487408,16.72035147689035,13.518293256778703,"{""type"":""MultiPoint"",""coordinates"":[]}"
20070716,2007-07-16,14.952614497348753,16.616836678122137,13.358189265709646,"{""type"":""MultiPoint"",""coordinates"":[]}"
20070717,2007-07-17,14.905803850040256,16.570925345193306,13.259758359868421,"{""type"":""MultiPoint"",""coordinates"":[]}"
20070718,2007-07-18,14.688035481901977,16.429272768045433,12.989892990542977,"{""type"":""MultiPoint"",""coordinates"":[]}"
20070719,2007-07-19,14.136713926393412,15.815585380496096,12.531434005225393,"{""type"":""MultiPoint"",""coordinates"":[]}"
20070720,2007-07-20,13.75209710822267,15.341947908365428,12.224798699283255,"{""type"":""MultiPoint"",""coordinates"":[]}"
20070721,2007-07-21,13.814309622342858,15.486535370649431,12.274956272727001,"{""type"":""MultiPoint"",""coordinates"":[]}"
20070722,2007-07-22,14.300915886072476,15.94135110254138,12.734512778472645,"{""type"":""MultiPoint"",""coordinates"":[]}"
20070723,2007-07-23,14.839628684069561,16.432006374656115,13.27299818177695,"{""type"":""MultiPoint"",""coordinates"":[]}"
20070724,2007-07-24,14.956616778324275,16.66175394290228,13.390089137193037,"{""type"":""MultiPoint"",""coordinates"":[]}"
20070725,2007-07-25,14.795883219751708,16.404481243008206,13.310980728911675,"{""type"":""MultiPoint"",""coordinates"":[]}"
20070726,2007-07-26,15.016227460052807,16.658273637483333,13.407663018970435,"{""type"":""MultiPoint"",""coordinates"":[]}"
20070727,2007-07-27,14.929733630533322,16.57270815262528,13.356470048754547,"{""type"":""MultiPoint"",""coordinates"":[]}"
20070728,2007-07-28,14.586611122913387,16.363793082374215,12.876040626062634,"{""type"":""MultiPoint"",""coordinates"":[]}"
20070729,2007-07-29,14.643874855330754,16.2013910121871,13.111638423476014,"{""type"":""MultiPoint"",""coordinates"":[]}"
20070730,2007-07-30,14.788252370114357,16.493087100320455,13.078033490329144,"{""type"":""MultiPoint"",""coordinates"":[]}"
20070731,2007-07-31,14.138440253748975,15.966381912450373,12.509007315280558,"{""type"":""MultiPoint"",""coordinates"":[]}"
20070801,2007-08-01,13.937873723747693,15.763754007927254,12.294595415841197,"{""type"":""MultiPoint"",""coordinates"":[]}"
20070802,2007-08-02,14.475084900291828,16.18810597779713,12.758532411937939,"{""type"":""MultiPoint"",""coordinates"":[]}"
20070803,2007-08-03,14.95015565406247,16.49369375803797,13.352332232189877,"{""type"":""MultiPoint"",""coordinates"":[]}"
20070804,2007-08-04,15.123650111592575,16.688994654870285,13.63462631406749,"{""type"":""MultiPoint"",""coordinates"":[]}"
20070805,2007-08-05,15.434173965057697,17.02263872607367,13.935068610426985,"{""type"":""MultiPoint"",""coordinates"":[]}"
20070806,2007-08-06,15.630863829351364,17.153753318529294,14.145458130605869,"{""type"":""MultiPoint"",""coordinates"":[]}"
20070807,2007-08-07,15.745915093014355,17.29726604364772,14.274917548815315,"{""type"":""MultiPoint"",""coordinates"":[]}"
20070808,2007-08-08,15.632596620911547,17.19399369391018,14.23283776807823,"{""type"":""MultiPoint"",""coordinates"":[]}"
20070809,2007-08-09,15.927385918099292,17.463528167708244,14.540668976077763,"{""type"":""MultiPoint"",""coordinates"":[]}"
20070810,2007-08-10,15.921305447597765,17.49025744247029,14.480925072387427,"{""type"":""MultiPoint"",""coordinates"":[]}"
20070811,2007-08-11,15.475187965882629,17.120081376155706,13.947189724861937,"{""type"":""MultiPoint"",""coordinates"":[]}"
20070812,2007-08-12,15.149693062896898,16.72866534653836,13.721085589190327,"{""type"":""MultiPoint"",""coordinates"":[]}"
20070813,2007-08-13,15.13143297654475,16.654515973154187,13.657508004912007,"{""type"":""MultiPoint"",""coordinates"":[]}"
20070814,2007-08-14,15.09246995154156,16.53901943304699,13.672404218620098,"{""type"":""MultiPoint"",""coordinates"":[]}"
20070815,2007-08-15,14.856330201293972,16.407945896935768,13.312748395264368,"{""type"":""MultiPoint"",""coordinates"":[]}"
20070816,2007-08-16,14.53640956430448,16.16601693590308,12.97497731414726,"{""type"":""MultiPoint"",""coordinates"":[]}"
20070817,2007-08-17,14.334115862533855,15.926003661373347,12.756059583628078,"{""type"":""MultiPoint"",""coordinates"":[]}"
20070818,2007-08-18,14.292378170723184,15.968589451779733,12.535142567306494,"{""type"":""MultiPoint"",""coordinates"":[]}"
20070819,2007-08-19,14.318809688090298,15.939087349816562,12.643932714204043,"{""type"":""MultiPoint"",""coordinates"":[]}"
20070820,2007-08-20,14.707832370848763,16.32396992139195,13.050794181931954,"{""type"":""MultiPoint"",""coordinates"":[]}"
20070821,2007-08-21,15.021031245531516,16.719643261434253,13.362631067194151,"{""type"":""MultiPoint"",""coordinates"":[]}"
20070822,2007-08-22,15.093031199673359,16.72385481407484,13.558338765376668,"{""type"":""MultiPoint"",""coordinates"":[]}"
20070823,2007-08-23,14.979663174708795,16.59228242563173,13.524628023946095,"{""type"":""MultiPoint"",""coordinates"":[]}"
20070824,2007-08-24,15.169646130690554,16.985059389531525,13.562895486550499,"{""type"":""MultiPoint"",""coordinates"":[]}"
20070825,2007-08-25,15.090340824402205,16.717523829735136,13.590548189149809,"{""type"":""MultiPoint"",""coordinates"":[]}"
20070826,2007-08-26,15.130553175966867,16.686097410000023,13.653442064854085,"{""type"":""MultiPoint"",""coordinates"":[]}"
20070827,2007-08-27,15.08622763888638,16.75344861527149,13.587998928235393,"{""type"":""MultiPoint"",""coordinates"":[]}"
20070828,2007-08-28,15.061290632006113,16.690864526405566,13.597993621561152,"{""type"":""MultiPoint"",""coordinates"":[]}"
20070829,2007-08-29,15.130084291538735,16.78708818271645,13.683879572648289,"{""type"":""MultiPoint"",""coordinates"":[]}"
20070830,2007-08-30,14.6866191450004,16.35917600196147,13.175474561739556,"{""type"":""MultiPoint"",""coordinates"":[]}"
20070831,2007-08-31,14.614981096891631,16.224884549052742,13.151490959732108,"{""type"":""MultiPoint"",""coordinates"":[]}"
20070901,2007-09-01,14.682313597895154,16.34776832220053,13.217494209731273,"{""type"":""MultiPoint"",""coordinates"":[]}"
20070902,2007-09-02,14.531926629034219,16.149485644421947,13.030583989853818,"{""type"":""MultiPoint"",""coordinates"":[]}"
20070903,2007-09-03,14.421250113923161,16.156776535112726,12.916868702265104,"{""type"":""MultiPoint"",""coordinates"":[]}"
20070904,2007-09-04,14.365099275979281,16.07078316280667,12.767903772707397,"{""type"":""MultiPoint"",""coordinates"":[]}"
20070905,2007-09-05,14.25272156353313,15.784218755303934,12.754247136549948,"{""type"":""MultiPoint"",""coordinates"":[]}"
20070906,2007-09-06,14.071103320693261,15.55312209719966,12.635597870697985,"{""type"":""MultiPoint"",""coordinates"":[]}"
20070907,2007-09-07,13.868906156937571,15.235527882049505,12.45046210403005,"{""type"":""MultiPoint"",""coordinates"":[]}"
20070908,2007-09-08,13.879335130692109,15.42598855071916,12.16854651894753,"{""type"":""MultiPoint"",""coordinates"":[]}"
20070909,2007-09-09,13.711133516026013,15.409144034423896,11.85746158557547,"{""type"":""MultiPoint"",""coordinates"":[]}"
20070910,2007-09-10,13.448571220705036,15.225865853776186,11.653093196840627,"{""type"":""MultiPoint"",""coordinates"":[]}"
20070911,2007-09-11,13.030705890986692,14.758499644804775,11.156440006885505,"{""type"":""MultiPoint"",""coordinates"":[]}"
20070912,2007-09-12,12.360476740370292,14.290434545461055,10.311629974884836,"{""type"":""MultiPoint"",""coordinates"":[]}"
20070913,2007-09-13,12.122650872550748,14.058951353839806,10.045616708807364,"{""type"":""MultiPoint"",""coordinates"":[]}"
20070914,2007-09-14,12.463803238719343,14.420061658610946,10.298134302509078,"{""type"":""MultiPoint"",""coordinates"":[]}"
20070915,2007-09-15,12.328596761347825,14.49076062186646,10.121659585395905,"{""type"":""MultiPoint"",""coordinates"":[]}"
20070916,2007-09-16,11.44845059107717,13.827410383275922,9.199852221589111,"{""type"":""MultiPoint"",""coordinates"":[]}"
20070917,2007-09-17,11.885889699308446,13.885234801307247,9.644415700546421,"{""type"":""MultiPoint"",""coordinates"":[]}"
20070918,2007-09-18,12.297036034832477,14.247341069377104,10.331150777830198,"{""type"":""MultiPoint"",""coordinates"":[]}"
20070919,2007-09-19,12.17691037468709,14.066122114350954,10.296477570338077,"{""type"":""MultiPoint"",""coordinates"":[]}"
20070920,2007-09-20,12.438265075130161,14.46124381118259,10.319492624185383,"{""type"":""MultiPoint"",""coordinates"":[]}"
20070921,2007-09-21,12.366867356720617,14.35540229363411,10.297036693238434,"{""type"":""MultiPoint"",""coordinates"":[]}"
20070922,2007-09-22,12.064472281546875,13.967800496394128,10.12965590232501,"{""type"":""MultiPoint"",""coordinates"":[]}"
20070923,2007-09-23,11.996561466558857,13.689133160927213,10.093568123189474,"{""type"":""MultiPoint"",""coordinates"":[]}"
20070924,2007-09-24,12.115799270741798,13.843056066966197,10.189253339129095,"{""type"":""MultiPoint"",""coordinates"":[]}"
20070925,2007-09-25,12.53152954861193,14.228268781147705,10.669219225723422,"{""type"":""MultiPoint"",""coordinates"":[]}"
20070926,2007-09-26,12.452487561053458,14.216077620580375,10.577077457228016,"{""type"":""MultiPoint"",""coordinates"":[]}"
20070927,2007-09-27,11.83271163059864,13.744706073039495,9.809529144175784,"{""type"":""MultiPoint"",""coordinates"":[]}"
20070928,2007-09-28,11.430351211648988,13.325350500538734,9.39736875627528,"{""type"":""MultiPoint"",""coordinates"":[]}"
20070929,2007-09-29,11.478806618704132,13.543036009666006,9.196545055280112,"{""type"":""MultiPoint"",""coordinates"":[]}"
20070930,2007-09-30,10.336141236018355,12.72860156280275,7.8849815981818825,"{""type"":""MultiPoint"",""coordinates"":[]}"
20071001,2007-10-01,9.303294618166317,11.765560872547825,6.74647425021333,"{""type"":""MultiPoint"",""coordinates"":[]}"
20071002,2007-10-02,8.667977636877259,11.243183517870891,6.056012468523065,"{""type"":""MultiPoint"",""coordinates"":[]}"
20071003,2007-10-03,8.527100202000124,11.021355101604774,5.980977191801178,"{""type"":""MultiPoint"",""coordinates"":[]}"
20071004,2007-10-04,8.94143757700595,11.161813621290873,6.449970512641918,"{""type"":""MultiPoint"",""coordinates"":[]}"
20071005,2007-10-05,9.187761479922683,11.327457759810772,6.948413455086807,"{""type"":""MultiPoint"",""coordinates"":[]}"
20071006,2007-10-06,8.611608262129538,10.96981068538051,6.2016080426595055,"{""type"":""MultiPoint"",""coordinates"":[]}"
20071007,2007-10-07,7.55753136453765,9.979671086958467,4.953635249572063,"{""type"":""MultiPoint"",""coordinates"":[]}"
20071008,2007-10-08,7.068218027508524,9.555602940205798,4.410818339269583,"{""type"":""MultiPoint"",""coordinates"":[]}"
20071009,2007-10-09,6.90891053762087,9.494029131765542,4.244197399190666,"{""type"":""MultiPoint"",""coordinates"":[]}"
20071010,2007-10-10,6.9243698612574685,9.546698140718249,4.319382966598576,"{""type"":""MultiPoint"",""coordinates"":[]}"
20071011,2007-10-11,6.922121109600062,9.560642409457795,4.365859465274386,"{""type"":""MultiPoint"",""coordinates"":[]}"
20071012,2007-10-12,6.408992591505895,9.139172294483123,3.789841001757018,"{""type"":""MultiPoint"",""coordinates"":[]}"
20071013,2007-10-13,5.810936143005599,8.613200175734702,2.9964267008474934,"{""type"":""MultiPoint"",""coordinates"":[]}"
20071014,2007-10-14,5.6103344330925395,8.321283939317023,2.770726128753362,"{""type"":""MultiPoint"",""coordinates"":[]}"
20071015,2007-10-15,5.765343983346064,8.42768120991854,2.9216988972017868,"{""type"":""MultiPoint"",""coordinates"":[]}"
20071016,2007-10-16,6.119185840093322,8.813821283027114,3.306644927063604,"{""type"":""MultiPoint"",""coordinates"":[]}"
20071017,2007-10-17,5.874802395335644,8.577389013995843,2.958236202096324,"{""type"":""MultiPoint"",""coordinates"":[]}"
20071018,2007-10-18,5.127999825621621,7.889933292310146,2.227277486757023,"{""type"":""MultiPoint"",""coordinates"":[]}"
20071019,2007-10-19,4.483124675791045,7.379869657223971,1.4751465154225547,"{""type"":""MultiPoint"",""coordinates"":[]}"
20071020,2007-10-20,3.8082344480420462,6.878403226532911,0.611883445443796,"{""type"":""MultiPoint"",""coordinates"":[]}"
20071021,2007-10-21,3.669822226442155,6.722250643188287,0.4109072441637056,"{""type"":""MultiPoint"",""coordinates"":[]}"
20071022,2007-10-22,3.6645662070819642,6.6660709635931585,0.5179430694347146,"{""type"":""MultiPoint"",""coordinates"":[]}"
20071023,2007-10-23,3.3300846395871377,6.255594855059522,0.1834239105719404,"{""type"":""MultiPoint"",""coordinates"":[]}"
20071024,2007-10-24,3.6865476167708864,6.5342799373851586,0.668075875471845,"{""type"":""MultiPoint"",""coordinates"":[]}"
20071025,2007-10-25,3.990680269865289,6.745890497334023,1.0761918448061543,"{""type"":""MultiPoint"",""coordinates"":[]}"
20071026,2007-10-26,4.205324347200221,6.822639439541933,1.4153110383638288,"{""type"":""MultiPoint"",""coordinates"":[]}"
20071027,2007-10-27,4.243690842353462,6.922276659336506,1.3948723235752594,"{""type"":""MultiPoint"",""coordinates"":[]}"
20071028,2007-10-28,3.337141871197554,6.304346764422205,0.34902047444236706,"{""type"":""MultiPoint"",""coordinates"":[]}"
20071029,2007-10-29,3.064649917131928,5.724082047549936,0.20056473277739922,"{""type"":""MultiPoint"",""coordinates"":[]}"
20071030,2007-10-30,3.4522121747426553,6.015921200739203,0.6862306989211409,"{""type"":""MultiPoint"",""coordinates"":[]}"
20071031,2007-10-31,3.4933178884256004,6.050747024189894,0.6837130793552877,"{""type"":""MultiPoint"",""coordinates"":[]}"
20071101,2007-11-01,3.5486273616506945,6.14548080922566,0.7498174710161494,"{""type"":""MultiPoint"",""coordinates"":[]}"
20071102,2007-11-02,2.741437526849999,5.5987421220535465,-0.12225074087178028,"{""type"":""MultiPoint"",""coordinates"":[]}"
20071103,2007-11-03,2.402852344093536,5.237648262147063,-0.6377189260575961,"{""type"":""MultiPoint"",""coordinates"":[]}"
20071104,2007-11-04,4.039800318738927,6.749719180552942,0.843873520601772,"{""type"":""MultiPoint"",""coordinates"":[]}"
20071105,2007-11-05,4.278352186967368,6.921461233558616,1.4182742473552803,"{""type"":""MultiPoint"",""coordinates"":[]}"
20071106,2007-11-06,3.560778673005614,6.132843768804297,0.895238388711074,"{""type"":""MultiPoint"",""coordinates"":[]}"
20071107,2007-11-07,3.7763599203406373,6.351741208052994,0.8852158974053056,"{""type"":""MultiPoint"",""coordinates"":[]}"
20071108,2007-11-08,3.997015057064717,6.554957054044352,1.0499503715926244,"{""type"":""MultiPoint"",""coordinates"":[]}"
20071109,2007-11-09,3.6837730649420477,6.269142874374977,0.8103869359454924,"{""type"":""MultiPoint"",""coordinates"":[]}"
20071110,2007-11-10,3.0313327994748853,5.729741874591596,0.08823913605602701,"{""type"":""MultiPoint"",""coordinates"":[]}"
20071111,2007-11-11,2.421959839906244,5.202774311198722,-0.6116100300004901,"{""type"":""MultiPoint"",""coordinates"":[]}"
20071112,2007-11-12,1.74559869783617,4.6719665959844905,-1.2636797504534498,"{""type"":""MultiPoint"",""coordinates"":[]}"
20071113,2007-11-13,1.224967312213823,4.114795022378087,-1.8455419857381483,"{""type"":""MultiPoint"",""coordinates"":[]}"
20071114,2007-11-14,1.0119629483524826,3.848024184701083,-2.0215354703748183,"{""type"":""MultiPoint"",""coordinates"":[]}"
20071115,2007-11-15,1.010658619634383,3.7536606433568607,-2.0034020909053916,"{""type"":""MultiPoint"",""coordinates"":[]}"
20071116,2007-11-16,0.9897619329289634,3.8266551506281585,-2.082928127849584,"{""type"":""MultiPoint"",""coordinates"":[]}"
20071117,2007-11-17,0.37231646259430307,3.364675581166163,-2.728274125391276,"{""type"":""MultiPoint"",""coordinates"":[]}"
20071118,2007-11-18,0.2728184477596325,3.2535832678623477,-2.874899454816241,"{""type"":""MultiPoint"",""coordinates"":[]}"
20071119,2007-11-19,0.8574459589054246,3.665026572894766,-2.1784444832377896,"{""type"":""MultiPoint"",""coordinates"":[]}"
20071120,2007-11-20,0.4868780993047745,3.4343860831254394,-2.449479773980801,"{""type"":""MultiPoint"",""coordinates"":[]}"
20071121,2007-11-21,-0.5099976558317193,2.3671905370814517,-3.439722851831373,"{""type"":""MultiPoint"",""coordinates"":[]}"
20071122,2007-11-22,-1.146461148444351,1.8223754530289955,-4.233764827744883,"{""type"":""MultiPoint"",""coordinates"":[]}"
20071123,2007-11-23,-1.4943288420026322,1.4345571375936677,-4.557703347295714,"{""type"":""MultiPoint"",""coordinates"":[]}"
20071124,2007-11-24,-1.0100276160375459,1.8549962531547943,-4.268392256645807,"{""type"":""MultiPoint"",""coordinates"":[]}"
20071125,2007-11-25,-0.28598922386245573,2.5085144890928475,-3.2955338353453927,"{""type"":""MultiPoint"",""coordinates"":[]}"
20071126,2007-11-26,-0.28152459343212477,2.5649256941603062,-3.1820148571227995,"{""type"":""MultiPoint"",""coordinates"":[]}"
20071127,2007-11-27,-0.2849158170089508,2.4438418318512753,-3.201283772651221,"{""type"":""MultiPoint"",""coordinates"":[]}"
20071128,2007-11-28,-0.67652985491954,2.2634284766772286,-3.5117265987784365,"{""type"":""MultiPoint"",""coordinates"":[]}"
20071129,2007-11-29,-0.004748099090690439,2.6101861837300344,-3.0485615029280515,"{""type"":""MultiPoint"",""coordinates"":[]}"
20071130,2007-11-30,0.43435412875355267,2.9878513625422105,-2.4720854398733842,"{""type"":""MultiPoint"",""coordinates"":[]}"
20071201,2007-12-01,-0.06530995565179899,2.553064559744605,-2.9429870328672583,"{""type"":""MultiPoint"",""coordinates"":[]}"
20071202,2007-12-02,0.3144051620379709,2.637936957362074,-2.615249699207803,"{""type"":""MultiPoint"",""coordinates"":[]}"
20071203,2007-12-03,-0.326955872186926,2.2533713191482847,-3.0511652547493644,"{""type"":""MultiPoint"",""coordinates"":[]}"
20071204,2007-12-04,-2.0748903213403094,1.1211456130922741,-5.270571264939237,"{""type"":""MultiPoint"",""coordinates"":[]}"
20071205,2007-12-05,-2.348753881168952,0.35265763828779634,-5.329340667185441,"{""type"":""MultiPoint"",""coordinates"":[]}"
20071206,2007-12-06,-1.5815937457234583,0.8487446308824206,-4.339967336122236,"{""type"":""MultiPoint"",""coordinates"":[]}"
20071207,2007-12-07,-0.5186057800362551,1.903929244838941,-3.4521680302724405,"{""type"":""MultiPoint"",""coordinates"":[]}"
20071208,2007-12-08,-1.3111813243959451,1.5380417974129739,-4.235002511217706,"{""type"":""MultiPoint"",""coordinates"":[]}"
20071209,2007-12-09,-1.162713215688916,1.4955807175169746,-4.310768632450308,"{""type"":""MultiPoint"",""coordinates"":[]}"
20071210,2007-12-10,-0.11687879201350553,2.33010679669482,-3.1804786432799736,"{""type"":""MultiPoint"",""coordinates"":[]}"
20071211,2007-12-11,-0.38327378527369055,1.9653305741829648,-3.0049411956409573,"{""type"":""MultiPoint"",""coordinates"":[]}"
20071212,2007-12-12,-0.9608103122584984,1.6161402887792962,-3.76116861104289,"{""type"":""MultiPoint"",""coordinates"":[]}"
20071213,2007-12-13,-0.919063296090069,1.733240775535222,-3.8075470202677355,"{""type"":""MultiPoint"",""coordinates"":[]}"
20071214,2007-12-14,-2.055105130887112,0.7997872981240166,-5.240586474492621,"{""type"":""MultiPoint"",""coordinates"":[]}"
20071215,2007-12-15,-3.308452831399262,-0.34439783020862286,-6.376729382577029,"{""type"":""MultiPoint"",""coordinates"":[]}"
20071216,2007-12-16,-3.904045456944184,-1.0991759264991223,-6.800778814442114,"{""type"":""MultiPoint"",""coordinates"":[]}"
20071217,2007-12-17,-4.25551918862612,-1.417906634097286,-7.3178689419127325,"{""type"":""MultiPoint"",""coordinates"":[]}"
20071218,2007-12-18,-3.4995903841191667,-0.5992143361077124,-6.9923602091379475,"{""type"":""MultiPoint"",""coordinates"":[]}"
20071219,2007-12-19,-2.04318642141208,0.4220663370419382,-4.893781424436408,"{""type"":""MultiPoint"",""coordinates"":[]}"
20071220,2007-12-20,-1.451306494829217,1.0393580201669945,-4.031746104117267,"{""type"":""MultiPoint"",""coordinates"":[]}"
20071221,2007-12-21,-1.9566048296419611,0.8274172348356246,-5.024714027689043,"{""type"":""MultiPoint"",""coordinates"":[]}"
20071222,2007-12-22,-3.3696498390839906,-0.2246131122816679,-6.535930249397265,"{""type"":""MultiPoint"",""coordinates"":[]}"
20071223,2007-12-23,-3.1437454039677024,0.021007915834257727,-6.56127292268019,"{""type"":""MultiPoint"",""coordinates"":[]}"
20071224,2007-12-24,-2.6077963670504567,0.450011408267292,-5.966547220644925,"{""type"":""MultiPoint"",""coordinates"":[]}"
20071225,2007-12-25,-3.1735071881346513,-0.045742646401699574,-6.518754454840165,"{""type"":""MultiPoint"",""coordinates"":[]}"
20071226,2007-12-26,-3.5916002188883414,-0.629920968315439,-6.6050919410696105,"{""type"":""MultiPoint"",""coordinates"":[]}"
20071227,2007-12-27,-3.6096345781507777,-0.608604776111333,-6.662115624401863,"{""type"":""MultiPoint"",""coordinates"":[]}"
20071228,2007-12-28,-4.184188280628451,-1.439568932327469,-7.089595135512375,"{""type"":""MultiPoint"",""coordinates"":[]}"
20071229,2007-12-29,-4.143110397688855,-1.3543442529066732,-7.109716402658555,"{""type"":""MultiPoint"",""coordinates"":[]}"
20071230,2007-12-30,-4.853954888078211,-2.037528504190129,-7.706492695964727,"{""type"":""MultiPoint"",""coordinates"":[]}"
20071231,2007-12-31,-5.551048444600713,-2.6656705692575593,-8.51465242877194,"{""type"":""MultiPoint"",""coordinates"":[]}"
20080101,2008-01-01,-4.75761336079341,-1.9493174606495913,-8.150352816143268,"{""type"":""MultiPoint"",""coordinates"":[]}"
20080102,2008-01-02,-4.447999005611251,-1.5936212480851661,-7.531392126061984,"{""type"":""MultiPoint"",""coordinates"":[]}"
20080103,2008-01-03,-4.571831150545993,-1.5681929090533948,-7.8908453087600146,"{""type"":""MultiPoint"",""coordinates"":[]}"
20080104,2008-01-04,-4.123059252990267,-1.2913782246997623,-7.4583552208669515,"{""type"":""MultiPoint"",""coordinates"":[]}"
20080105,2008-01-05,-3.0207836162043886,-0.24496163357651432,-6.184477276209081,"{""type"":""MultiPoint"",""coordinates"":[]}"
20080106,2008-01-06,-1.4794783741098747,1.089345250006122,-4.557359718016635,"{""type"":""MultiPoint"",""coordinates"":[]}"
20080107,2008-01-07,-1.917642955251253,1.2789711660921455,-5.094814204492263,"{""type"":""MultiPoint"",""coordinates"":[]}"
20080108,2008-01-08,-1.3017822822151093,1.4959188079539136,-4.468853212325259,"{""type"":""MultiPoint"",""coordinates"":[]}"
20080109,2008-01-09,-0.4741862678794074,2.162977051000572,-3.468926876392428,"{""type"":""MultiPoint"",""coordinates"":[]}"
20080110,2008-01-10,-1.4971129131766625,1.3545546237377093,-4.415778237159045,"{""type"":""MultiPoint"",""coordinates"":[]}"
20080111,2008-01-11,-3.049734228617075,-0.1598901993513212,-6.139426259385999,"{""type"":""MultiPoint"",""coordinates"":[]}"
20080112,2008-01-12,-3.829643461371143,-0.7036594613754483,-7.259741569245181,"{""type"":""MultiPoint"",""coordinates"":[]}"
20080113,2008-01-13,-3.7977077269008266,-0.8799848090961085,-7.00972352943255,"{""type"":""MultiPoint"",""coordinates"":[]}"
20080114,2008-01-14,-4.4368884720352275,-1.7239982871046515,-7.2802460819222405,"{""type"":""MultiPoint"",""coordinates"":[]}"
20080115,2008-01-15,-3.7868496630768624,-1.2267318280622508,-6.570425007636674,"{""type"":""MultiPoint"",""coordinates"":[]}"
20080116,2008-01-16,-2.214669588179716,0.49260268765048804,-5.384837532280843,"{""type"":""MultiPoint"",""coordinates"":[]}"
20080117,2008-01-17,-0.49723367492328846,2.308126483160393,-3.941843423302998,"{""type"":""MultiPoint"",""coordinates"":[]}"
20080118,2008-01-18,-1.5118124211236457,1.5782104553488532,-4.85427841260546,"{""type"":""MultiPoint"",""coordinates"":[]}"
20080119,2008-01-19,-3.6069862804053967,-0.5318176463357456,-6.637748056917217,"{""type"":""MultiPoint"",""coordinates"":[]}"
20080120,2008-01-20,-4.703767571919583,-1.896821937447492,-7.814397585935598,"{""type"":""MultiPoint"",""coordinates"":[]}"
20080121,2008-01-21,-6.305632523396935,-3.3354515078083127,-9.325114440226436,"{""type"":""MultiPoint"",""coordinates"":[]}"
20080122,2008-01-22,-5.522151275499986,-2.8413903079515475,-8.664883466457862,"{""type"":""MultiPoint"",""coordinates"":[]}"
20080123,2008-01-23,-5.066739176159259,-2.4289261910544337,-7.959334635805449,"{""type"":""MultiPoint"",""coordinates"":[]}"
20080124,2008-01-24,-5.700126284825248,-3.0017409427922725,-8.493112404449114,"{""type"":""MultiPoint"",""coordinates"":[]}"
20080125,2008-01-25,-4.810215812780459,-2.343673199053873,-7.773929738837084,"{""type"":""MultiPoint"",""coordinates"":[]}"
20080126,2008-01-26,-5.5466781724141585,-2.661626442355873,-8.529467330936638,"{""type"":""MultiPoint"",""coordinates"":[]}"
20080127,2008-01-27,-6.990337542716423,-3.9023991658133443,-10.372066439236022,"{""type"":""MultiPoint"",""coordinates"":[]}"
20080128,2008-01-28,-5.925517858805579,-2.8010109139942836,-9.644091081702076,"{""type"":""MultiPoint"",""coordinates"":[]}"
20080129,2008-01-29,-4.655221041336178,-1.9264024390767729,-7.755482607195303,"{""type"":""MultiPoint"",""coordinates"":[]}"
20080130,2008-01-30,-5.1538259345025095,-2.1873773204885336,-8.283660052563128,"{""type"":""MultiPoint"",""coordinates"":[]}"
20080131,2008-01-31,-6.955125298340326,-3.619818110508471,-10.31552777620233,"{""type"":""MultiPoint"",""coordinates"":[]}"
20080201,2008-02-01,-8.738030398348242,-5.333932833163111,-12.115734756164656,"{""type"":""MultiPoint"",""coordinates"":[]}"
20080202,2008-02-02,-6.7814748616025335,-3.4200478722801395,-10.772954906844154,"{""type"":""MultiPoint"",""coordinates"":[]}"
20080203,2008-02-03,-3.9424774154658087,-0.9754229411434606,-7.802466294181164,"{""type"":""MultiPoint"",""coordinates"":[]}"
20080204,2008-02-04,-3.5991853502885167,-0.7709800274437257,-6.682304527483013,"{""type"":""MultiPoint"",""coordinates"":[]}"
20080205,2008-02-05,-3.871753818133124,-1.172274240976951,-6.9430525993995,"{""type"":""MultiPoint"",""coordinates"":[]}"
20080206,2008-02-06,-3.2777506661376474,-0.5693474456611133,-6.516106813849614,"{""type"":""MultiPoint"",""coordinates"":[]}"
20080207,2008-02-07,-2.4751967189706137,0.2112549813693399,-5.740763500564857,"{""type"":""MultiPoint"",""coordinates"":[]}"
20080208,2008-02-08,-2.2970632997732245,0.33361545948700316,-5.570464340530781,"{""type"":""MultiPoint"",""coordinates"":[]}"
20080209,2008-02-09,-3.244958848136756,-0.34624854335915084,-6.487061152218899,"{""type"":""MultiPoint"",""coordinates"":[]}"
20080210,2008-02-10,-4.624113741572972,-1.868321394257966,-7.557493241892209,"{""type"":""MultiPoint"",""coordinates"":[]}"
20080211,2008-02-11,-5.032708882801493,-2.1573720849281286,-8.1971676030093,"{""type"":""MultiPoint"",""coordinates"":[]}"
20080212,2008-02-12,-6.0670398882924,-2.8880367650291308,-9.372396611280895,"{""type"":""MultiPoint"",""coordinates"":[]}"
20080213,2008-02-13,-7.503063949681259,-3.97167873592744,-11.205309419634757,"{""type"":""MultiPoint"",""coordinates"":[]}"
20080214,2008-02-14,-6.795847808100042,-3.2957200029697726,-10.931118754070644,"{""type"":""MultiPoint"",""coordinates"":[]}"
20080215,2008-02-15,-5.100564858083195,-1.937740102433029,-8.468704996357989,"{""type"":""MultiPoint"",""coordinates"":[]}"
20080216,2008-02-16,-4.452015696895715,-1.1597672886912809,-7.920574206104512,"{""type"":""MultiPoint"",""coordinates"":[]}"
20080217,2008-02-17,-2.9810918305864167,0.33715373091243805,-7.04763733729142,"{""type"":""MultiPoint"",""coordinates"":[]}"
20080218,2008-02-18,-3.1819918230940862,0.09871929301988072,-6.890074983335653,"{""type"":""MultiPoint"",""coordinates"":[]}"
20080219,2008-02-19,-4.022224466343668,-0.46759787962798305,-7.825254448351958,"{""type"":""MultiPoint"",""coordinates"":[]}"
20080220,2008-02-20,-4.712112179508305,-0.9394572063498383,-9.036329401331816,"{""type"":""MultiPoint"",""coordinates"":[]}"
20080221,2008-02-21,-3.170994575890701,0.31208658612467427,-7.558440079301683,"{""type"":""MultiPoint"",""coordinates"":[]}"
20080222,2008-02-22,-1.479754688816951,1.8207139479724814,-5.3230698635377465,"{""type"":""MultiPoint"",""coordinates"":[]}"
20080223,2008-02-23,-1.158064205831928,2.006451273675312,-4.6220722745454825,"{""type"":""MultiPoint"",""coordinates"":[]}"
20080224,2008-02-24,-1.9443326906956437,1.3919644721777968,-5.543123674206631,"{""type"":""MultiPoint"",""coordinates"":[]}"
20080225,2008-02-25,-3.656806377961512,0.09987554406807696,-7.730405572559783,"{""type"":""MultiPoint"",""coordinates"":[]}"
20080226,2008-02-26,-5.227706335676782,-1.387447740506238,-9.08401145031999,"{""type"":""MultiPoint"",""coordinates"":[]}"
20080227,2008-02-27,-5.74990343601669,-1.9586232936319807,-9.645131465165552,"{""type"":""MultiPoint"",""coordinates"":[]}"
20080228,2008-02-28,-5.005325874255301,-1.063014429596997,-9.517642604128646,"{""type"":""MultiPoint"",""coordinates"":[]}"
20080229,2008-02-29,-3.1735279229982156,0.5956249566962447,-7.3937515557510505,"{""type"":""MultiPoint"",""coordinates"":[]}"
20080301,2008-03-01,-2.679566783183954,1.2341841185904043,-6.732821809731561,"{""type"":""MultiPoint"",""coordinates"":[]}"
20080302,2008-03-02,-1.9764938842317958,1.8447698712957206,-6.172873151557637,"{""type"":""MultiPoint"",""coordinates"":[]}"
20080303,2008-03-03,-1.4286810779602377,2.189181278852537,-5.395226937658808,"{""type"":""MultiPoint"",""coordinates"":[]}"
20080304,2008-03-04,-1.3773437614515756,2.384087540029963,-5.534414453834138,"{""type"":""MultiPoint"",""coordinates"":[]}"
20080305,2008-03-05,-1.377260734618642,2.18507185632011,-5.41682297547132,"{""type"":""MultiPoint"",""coordinates"":[]}"
20080306,2008-03-06,-1.2067034964239551,2.2418888664204824,-5.029613866099397,"{""type"":""MultiPoint"",""coordinates"":[]}"
20080307,2008-03-07,-1.1918218721155946,2.5212825031713777,-5.211474149396677,"{""type"":""MultiPoint"",""coordinates"":[]}"
20080308,2008-03-08,-1.399018164581158,2.232377204032053,-5.337368441904024,"{""type"":""MultiPoint"",""coordinates"":[]}"
20080309,2008-03-09,-1.8245806249110967,2.0365972027111505,-5.921930906692577,"{""type"":""MultiPoint"",""coordinates"":[]}"
20080310,2008-03-10,-1.4302470762497022,2.1624231083357,-5.330094668697755,"{""type"":""MultiPoint"",""coordinates"":[]}"
20080311,2008-03-11,-0.5013205004318368,3.0381016855784404,-4.579888982578653,"{""type"":""MultiPoint"",""coordinates"":[]}"
20080312,2008-03-12,0.22538691700019323,3.6142552692863106,-3.475614966725097,"{""type"":""MultiPoint"",""coordinates"":[]}"
20080313,2008-03-13,1.1627504014410124,4.3206469091178885,-2.4539967247432095,"{""type"":""MultiPoint"",""coordinates"":[]}"
20080314,2008-03-14,1.8147861918305035,4.83526148983871,-1.7325241772024704,"{""type"":""MultiPoint"",""coordinates"":[]}"
20080315,2008-03-15,1.0293240013662686,4.159763820218767,-2.3596504493895294,"{""type"":""MultiPoint"",""coordinates"":[]}"
20080316,2008-03-16,0.209742762554519,3.6542745715047205,-3.4791511168455553,"{""type"":""MultiPoint"",""coordinates"":[]}"
20080317,2008-03-17,0.0433895846552727,3.5036779557437217,-3.9246698207630195,"{""type"":""MultiPoint"",""coordinates"":[]}"
20080318,2008-03-18,0.29739398923208726,3.758422556683592,-3.693342309720832,"{""type"":""MultiPoint"",""coordinates"":[]}"
20080319,2008-03-19,0.6798751644760151,4.225862713469146,-3.321938889435642,"{""type"":""MultiPoint"",""coordinates"":[]}"
20080320,2008-03-20,0.5117273271472224,4.0445655951388595,-3.4195107319253233,"{""type"":""MultiPoint"",""coordinates"":[]}"
20080321,2008-03-21,0.3132807254344034,3.7592910853957737,-3.422531509437326,"{""type"":""MultiPoint"",""coordinates"":[]}"
20080322,2008-03-22,1.1329978626934514,4.326530082608523,-2.5534877221585828,"{""type"":""MultiPoint"",""coordinates"":[]}"
20080323,2008-03-23,1.9622106977610583,4.903597242931871,-1.5361934704302822,"{""type"":""MultiPoint"",""coordinates"":[]}"
20080324,2008-03-24,1.6651250144690657,4.759004149333831,-1.6917775155706625,"{""type"":""MultiPoint"",""coordinates"":[]}"
20080325,2008-03-25,1.4813343603997233,4.675867317006041,-2.109141350240971,"{""type"":""MultiPoint"",""coordinates"":[]}"
20080326,2008-03-26,1.7786493520523392,5.005116738047224,-1.6841251561816553,"{""type"":""MultiPoint"",""coordinates"":[]}"
20080327,2008-03-27,1.7315596717884068,4.998528196821338,-1.7207692685667408,"{""type"":""MultiPoint"",""coordinates"":[]}"
20080328,2008-03-28,1.8170947163850435,5.016872017047478,-1.811425902904652,"{""type"":""MultiPoint"",""coordinates"":[]}"
20080329,2008-03-29,1.8897927756331923,5.057453935265199,-1.681677049410311,"{""type"":""MultiPoint"",""coordinates"":[]}"
20080330,2008-03-30,2.072284194844829,5.3841390430686324,-1.7464541906005817,"{""type"":""MultiPoint"",""coordinates"":[]}"
20080331,2008-03-31,2.5144352479707934,5.592241353647592,-1.1756572916359123,"{""type"":""MultiPoint"",""coordinates"":[]}"
20080401,2008-04-01,3.2946431701814665,6.17165581341665,-0.055912652824116144,"{""type"":""MultiPoint"",""coordinates"":[]}"
20080402,2008-04-02,3.3064961489988662,6.354566182800975,-0.29103869007238753,"{""type"":""MultiPoint"",""coordinates"":[]}"
20080403,2008-04-03,3.247668001605826,6.386137881954195,-0.3687614430826519,"{""type"":""MultiPoint"",""coordinates"":[]}"
20080404,2008-04-04,3.8142149552195295,6.658749971770726,0.24993444516379304,"{""type"":""MultiPoint"",""coordinates"":[]}"
20080405,2008-04-05,4.798124779714345,7.7530166448384685,0.9902559998757129,"{""type"":""MultiPoint"",""coordinates"":[]}"
20080406,2008-04-06,4.754939594035956,7.688313063090349,1.3005846025324443,"{""type"":""MultiPoint"",""coordinates"":[]}"
20080407,2008-04-07,3.324272755894707,6.5252289264590555,-0.0537793524092848,"{""type"":""MultiPoint"",""coordinates"":[]}"
20080408,2008-04-08,2.5830337526224745,5.796578232092103,-0.8478566019160395,"{""type"":""MultiPoint"",""coordinates"":[]}"
20080409,2008-04-09,2.7614015005167114,6.138938821820133,-0.9386844957930128,"{""type"":""MultiPoint"",""coordinates"":[]}"
20080410,2008-04-10,3.1989638418235633,6.623017934101179,-0.4600247162423966,"{""type"":""MultiPoint"",""coordinates"":[]}"
20080411,2008-04-11,4.271033826914888,7.616376208735834,0.6591899971477089,"{""type"":""MultiPoint"",""coordinates"":[]}"
20080412,2008-04-12,4.606722039866875,7.977782098340819,0.9766731427836077,"{""type"":""MultiPoint"",""coordinates"":[]}"
20080413,2008-04-13,3.535439790168048,7.190113562583124,-0.2969854621024677,"{""type"":""MultiPoint"",""coordinates"":[]}"
20080414,2008-04-14,3.251556488282049,6.75018004204723,-0.745664302261525,"{""type"":""MultiPoint"",""coordinates"":[]}"
20080415,2008-04-15,3.918345043169997,7.361632190723559,0.004069471558433986,"{""type"":""MultiPoint"",""coordinates"":[]}"
20080416,2008-04-16,4.188923842152723,7.697196827240242,0.19239847145263933,"{""type"":""MultiPoint"",""coordinates"":[]}"
20080417,2008-04-17,3.157618700401571,7.142658045074212,-0.8871213735556986,"{""type"":""MultiPoint"",""coordinates"":[]}"
20080418,2008-04-18,1.4261953490472936,5.623000777647455,-2.599285791244208,"{""type"":""MultiPoint"",""coordinates"":[]}"
20080419,2008-04-19,0.9559151715796824,5.28460000297836,-3.283089019483348,"{""type"":""MultiPoint"",""coordinates"":[]}"
20080420,2008-04-20,0.7928078566365282,5.092605426946736,-3.7904140592678277,"{""type"":""MultiPoint"",""coordinates"":[]}"
20080421,2008-04-21,0.19576472770091152,4.5502497221120155,-4.373887888736488,"{""type"":""MultiPoint"",""coordinates"":[]}"
20080422,2008-04-22,1.0525019794867152,5.253230468649372,-3.2098807166367656,"{""type"":""MultiPoint"",""coordinates"":[]}"
20080423,2008-04-23,1.7249950540727341,5.836675908665547,-2.732465407208747,"{""type"":""MultiPoint"",""coordinates"":[]}"
20080424,2008-04-24,2.1659407923712566,6.204151136870211,-1.9579643693216369,"{""type"":""MultiPoint"",""coordinates"":[]}"
20080425,2008-04-25,2.986156101497444,6.8148081028272145,-1.1035198253553242,"{""type"":""MultiPoint"",""coordinates"":[]}"
20080426,2008-04-26,3.2366502640516894,6.826865503767912,-0.4011371376057453,"{""type"":""MultiPoint"",""coordinates"":[]}"
20080427,2008-04-27,2.589974887892059,6.440405406799586,-1.2794902994998694,"{""type"":""MultiPoint"",""coordinates"":[]}"
20080428,2008-04-28,2.3478605571075475,6.296110547172691,-1.7130167599367838,"{""type"":""MultiPoint"",""coordinates"":[]}"
20080429,2008-04-29,2.58358519280959,6.603264143166143,-1.6450367862995878,"{""type"":""MultiPoint"",""coordinates"":[]}"
20080430,2008-04-30,3.1630177860694193,7.161403324903514,-1.0986098993214015,"{""type"":""MultiPoint"",""coordinates"":[]}"
20080501,2008-05-01,3.3892366292001244,7.053575060344159,-0.4039415330598734,"{""type"":""MultiPoint"",""coordinates"":[]}"
20080502,2008-05-02,3.6654751812656072,7.458512067515051,-0.2912529493818774,"{""type"":""MultiPoint"",""coordinates"":[]}"
20080503,2008-05-03,3.662385934839505,7.435743755214801,-0.3073390422057215,"{""type"":""MultiPoint"",""coordinates"":[]}"
20080504,2008-05-04,4.866879256699046,8.523937658657806,0.6494027563380839,"{""type"":""MultiPoint"",""coordinates"":[]}"
20080505,2008-05-05,6.160254434345137,9.716698481183837,1.987861890427061,"{""type"":""MultiPoint"",""coordinates"":[]}"
20080506,2008-05-06,6.439941864676031,9.858953539971214,2.707749790066383,"{""type"":""MultiPoint"",""coordinates"":[]}"
20080507,2008-05-07,6.22756072485405,9.688985107081818,2.597807308526117,"{""type"":""MultiPoint"",""coordinates"":[]}"
20080508,2008-05-08,5.8896056362683575,9.319485978427258,2.210463897666387,"{""type"":""MultiPoint"",""coordinates"":[]}"
20080509,2008-05-09,6.011163008569071,9.164406691581172,2.46247718191617,"{""type"":""MultiPoint"",""coordinates"":[]}"
20080510,2008-05-10,6.411059273602004,9.559031928914132,2.8376880718189614,"{""type"":""MultiPoint"",""coordinates"":[]}"
20080511,2008-05-11,6.743452066392857,9.851868192401376,3.279990626880496,"{""type"":""MultiPoint"",""coordinates"":[]}"
20080512,2008-05-12,7.33189055462405,10.291202140621811,3.8381717197926215,"{""type"":""MultiPoint"",""coordinates"":[]}"
20080513,2008-05-13,7.795833760680615,10.646195393750851,4.533454870973467,"{""type"":""MultiPoint"",""coordinates"":[]}"
20080514,2008-05-14,8.201498555099594,11.042997531973889,5.16487801296396,"{""type"":""MultiPoint"",""coordinates"":[]}"
20080515,2008-05-15,8.391479568967684,11.040556634838165,5.407811303447034,"{""type"":""MultiPoint"",""coordinates"":[]}"
20080516,2008-05-16,8.279906097981923,11.200208462784907,5.160007662059063,"{""type"":""MultiPoint"",""coordinates"":[]}"
20080517,2008-05-17,7.877380035431331,10.915061971445859,4.423263946596458,"{""type"":""MultiPoint"",""coordinates"":[]}"
20080518,2008-05-18,7.691881990173999,10.61506322880217,4.533571052952223,"{""type"":""MultiPoint"",""coordinates"":[]}"
20080519,2008-05-19,8.706137613063438,11.511784295650294,5.619846014308443,"{""type"":""MultiPoint"",""coordinates"":[]}"
20080520,2008-05-20,9.387000178614027,11.867809039505225,6.516307540003448,"{""type"":""MultiPoint"",""coordinates"":[]}"
20080521,2008-05-21,9.551728892493673,12.042884829529958,6.556310664614124,"{""type"":""MultiPoint"",""coordinates"":[]}"
20080522,2008-05-22,9.854981743992456,12.39013783322509,6.896640165222488,"{""type"":""MultiPoint"",""coordinates"":[]}"
20080523,2008-05-23,10.635746433537918,13.082361547280184,7.612808384839093,"{""type"":""MultiPoint"",""coordinates"":[]}"
20080524,2008-05-24,11.234268950279892,13.569231726471855,8.334724359124218,"{""type"":""MultiPoint"",""coordinates"":[]}"
20080525,2008-05-25,11.024389130987284,13.468964648739263,8.208071593925615,"{""type"":""MultiPoint"",""coordinates"":[]}"
20080526,2008-05-26,10.745189231319868,13.207253942206526,8.05693825817873,"{""type"":""MultiPoint"",""coordinates"":[]}"
20080527,2008-05-27,10.266268125871846,13.076503083852502,7.359962505708742,"{""type"":""MultiPoint"",""coordinates"":[]}"
20080528,2008-05-28,9.560555174990974,12.345525491418778,6.550781646938855,"{""type"":""MultiPoint"",""coordinates"":[]}"
20080529,2008-05-29,9.744603152023465,12.367793854488992,6.88702091185463,"{""type"":""MultiPoint"",""coordinates"":[]}"
20080530,2008-05-30,10.211608063152678,12.86409220883741,7.390759678662544,"{""type"":""MultiPoint"",""coordinates"":[]}"
20080531,2008-05-31,10.353592943775817,12.95444103521707,7.370711837595839,"{""type"":""MultiPoint"",""coordinates"":[]}"
20080601,2008-06-01,10.84282478660539,13.148811001525075,8.239222740616265,"{""type"":""MultiPoint"",""coordinates"":[]}"
20080602,2008-06-02,11.369263019010516,13.552089555249815,8.855908486200098,"{""type"":""MultiPoint"",""coordinates"":[]}"
20080603,2008-06-03,11.959985674605445,14.115995220708914,9.46147014452054,"{""type"":""MultiPoint"",""coordinates"":[]}"
20080604,2008-06-04,12.191942294032872,14.387416220297736,9.752726123122622,"{""type"":""MultiPoint"",""coordinates"":[]}"
20080605,2008-06-05,12.13783455803652,14.33009091185426,9.77520748227271,"{""type"":""MultiPoint"",""coordinates"":[]}"
20080606,2008-06-06,12.107881801879703,14.063615927238663,9.88064591019637,"{""type"":""MultiPoint"",""coordinates"":[]}"
20080607,2008-06-07,12.37590399894052,14.460786300471057,10.04741743306574,"{""type"":""MultiPoint"",""coordinates"":[]}"
20080608,2008-06-08,12.883964312651928,14.888552582836263,10.738956688557444,"{""type"":""MultiPoint"",""coordinates"":[]}"
20080609,2008-06-09,13.66664093119837,15.404778810756566,11.733812259483837,"{""type"":""MultiPoint"",""coordinates"":[]}"
20080610,2008-06-10,14.019083619307272,15.65991364032433,12.354055850130246,"{""type"":""MultiPoint"",""coordinates"":[]}"
20080611,2008-06-11,14.020472192255186,15.796797590611307,12.294119929263871,"{""type"":""MultiPoint"",""coordinates"":[]}"
20080612,2008-06-12,14.247881047053946,15.937202269201189,12.59947027069322,"{""type"":""MultiPoint"",""coordinates"":[]}"
20080613,2008-06-13,14.049874369674292,15.82566974548588,12.286174410274159,"{""type"":""MultiPoint"",""coordinates"":[]}"
20080614,2008-06-14,13.160931779590781,15.03896426595536,11.282334097403613,"{""type"":""MultiPoint"",""coordinates"":[]}"
20080615,2008-06-15,12.908775290339634,14.823194355705358,11.066158847092126,"{""type"":""MultiPoint"",""coordinates"":[]}"
20080616,2008-06-16,13.226276719015562,15.17666248050808,11.311313443107297,"{""type"":""MultiPoint"",""coordinates"":[]}"
20080617,2008-06-17,13.757283741622574,15.558058593674671,11.771460938264177,"{""type"":""MultiPoint"",""coordinates"":[]}"
20080618,2008-06-18,13.719533382383693,15.470827545112064,12.006283182953156,"{""type"":""MultiPoint"",""coordinates"":[]}"
20080619,2008-06-19,13.771856319572695,15.479404386254476,12.064037537850943,"{""type"":""MultiPoint"",""coordinates"":[]}"
20080620,2008-06-20,13.892087545669758,15.667020798169105,12.074454763427346,"{""type"":""MultiPoint"",""coordinates"":[]}"
20080621,2008-06-21,13.28235380529079,15.201292009760742,11.430064043045553,"{""type"":""MultiPoint"",""coordinates"":[]}"
20080622,2008-06-22,13.151714089616865,15.017458121613185,11.261529071896014,"{""type"":""MultiPoint"",""coordinates"":[]}"
20080623,2008-06-23,13.349963006475871,15.250146273447564,11.491949633239704,"{""type"":""MultiPoint"",""coordinates"":[]}"
20080624,2008-06-24,13.283297713474404,15.106793466387542,11.484436161507915,"{""type"":""MultiPoint"",""coordinates"":[]}"
20080625,2008-06-25,13.397737722858619,15.438598242159625,11.348378087511252,"{""type"":""MultiPoint"",""coordinates"":[]}"
20080626,2008-06-26,12.804790056135875,14.95515416182451,10.885709094390199,"{""type"":""MultiPoint"",""coordinates"":[]}"
20080627,2008-06-27,13.318195733507038,15.257199850379285,11.312477237047034,"{""type"":""MultiPoint"",""coordinates"":[]}"
20080628,2008-06-28,14.334925205984705,15.95030703602725,12.560678365045868,"{""type"":""MultiPoint"",""coordinates"":[]}"
20080629,2008-06-29,14.360151992126585,15.905258487482344,12.780363822072216,"{""type"":""MultiPoint"",""coordinates"":[]}"
20080630,2008-06-30,14.604772733712258,16.231699821531258,12.99459310703445,"{""type"":""MultiPoint"",""coordinates"":[]}"
20080701,2008-07-01,14.731976276569226,16.41729259919673,13.103684879125368,"{""type"":""MultiPoint"",""coordinates"":[]}"
20080702,2008-07-02,14.311575322020705,16.108066370783988,12.569346362701847,"{""type"":""MultiPoint"",""coordinates"":[]}"
20080703,2008-07-03,13.52437148318615,15.5224432169015,11.649429236894989,"{""type"":""MultiPoint"",""coordinates"":[]}"
20080704,2008-07-04,12.80793875278762,14.912528201988302,10.920619990028221,"{""type"":""MultiPoint"",""coordinates"":[]}"
20080705,2008-07-05,12.964598080630804,14.853828863619135,11.210440400216825,"{""type"":""MultiPoint"",""coordinates"":[]}"
20080706,2008-07-06,13.359679519890356,15.141304032782044,11.632587386119075,"{""type"":""MultiPoint"",""coordinates"":[]}"
20080707,2008-07-07,13.90977722799248,15.519294824703996,12.347350348601744,"{""type"":""MultiPoint"",""coordinates"":[]}"
20080708,2008-07-08,14.639878609018057,16.214993371081945,13.041024803479843,"{""type"":""MultiPoint"",""coordinates"":[]}"
20080709,2008-07-09,14.973004509916978,16.45676533520259,13.536301232907471,"{""type"":""MultiPoint"",""coordinates"":[]}"
20080710,2008-07-10,14.904387286468184,16.52353460948266,13.387652899539901,"{""type"":""MultiPoint"",""coordinates"":[]}"
20080711,2008-07-11,14.771258535980355,16.38389357680507,13.278287286388009,"{""type"":""MultiPoint"",""coordinates"":[]}"
20080712,2008-07-12,14.422133543598221,16.02435944359053,12.88446350074308,"{""type"":""MultiPoint"",""coordinates"":[]}"
20080713,2008-07-13,14.327934170027342,16.02487142934087,12.819932676991286,"{""type"":""MultiPoint"",""coordinates"":[]}"
20080714,2008-07-14,14.31102143541539,15.966618615331965,12.699543380910358,"{""type"":""MultiPoint"",""coordinates"":[]}"
20080715,2008-07-15,14.258421038854213,15.953514282980327,12.553181612168457,"{""type"":""MultiPoint"",""coordinates"":[]}"
20080716,2008-07-16,13.846099865805702,15.747776925323627,12.042825990992217,"{""type"":""MultiPoint"",""coordinates"":[]}"
20080717,2008-07-17,14.033634501798346,15.772268231281563,12.32505602574707,"{""type"":""MultiPoint"",""coordinates"":[]}"
20080718,2008-07-18,14.626718801732641,16.38968712959511,12.853526786001256,"{""type"":""MultiPoint"",""coordinates"":[]}"
20080719,2008-07-19,14.839961725832461,16.484965856137308,13.260987686724974,"{""type"":""MultiPoint"",""coordinates"":[]}"
20080720,2008-07-20,14.949852833980286,16.527426278165194,13.442988392362807,"{""type"":""MultiPoint"",""coordinates"":[]}"
20080721,2008-07-21,15.076350232180456,16.730798150780362,13.526541682401271,"{""type"":""MultiPoint"",""coordinates"":[]}"
20080722,2008-07-22,15.229614796509336,16.76754308863196,13.725690497585603,"{""type"":""MultiPoint"",""coordinates"":[]}"
20080723,2008-07-23,15.347056926638956,16.93489452301827,13.901696178995861,"{""type"":""MultiPoint"",""coordinates"":[]}"
20080724,2008-07-24,15.332937888965573,16.982255637571555,13.83417172645875,"{""type"":""MultiPoint"",""coordinates"":[]}"
20080725,2008-07-25,15.475557123347912,17.104458834093457,14.009561740015686,"{""type"":""MultiPoint"",""coordinates"":[]}"
20080726,2008-07-26,15.666578532728622,17.28908104060403,14.227101381406523,"{""type"":""MultiPoint"",""coordinates"":[]}"
20080727,2008-07-27,15.764095665796752,17.259190813441347,14.459925369144724,"{""type"":""MultiPoint"",""coordinates"":[]}"
20080728,2008-07-28,15.808079488427898,17.28638257496874,14.494818536172039,"{""type"":""MultiPoint"",""coordinates"":[]}"
20080729,2008-07-29,15.735207421029553,17.322693306349827,14.234863778718157,"{""type"":""MultiPoint"",""coordinates"":[]}"
20080730,2008-07-30,15.04648998955052,16.534179657649492,13.721351855098545,"{""type"":""MultiPoint"",""coordinates"":[]}"
20080731,2008-07-31,14.366163520935242,15.956477022499406,12.799909033701146,"{""type"":""MultiPoint"",""coordinates"":[]}"
20080801,2008-08-01,14.187458766220125,15.744321165111769,12.75861653832021,"{""type"":""MultiPoint"",""coordinates"":[]}"
20080802,2008-08-02,14.271929350010643,15.83730192417647,12.914042641031424,"{""type"":""MultiPoint"",""coordinates"":[]}"
20080803,2008-08-03,14.518496895190049,16.10270461675616,13.134582082487864,"{""type"":""MultiPoint"",""coordinates"":[]}"
20080804,2008-08-04,14.789911718736178,16.339091701344802,13.385617062336136,"{""type"":""MultiPoint"",""coordinates"":[]}"
20080805,2008-08-05,15.135123133263063,16.71122190711889,13.624287375902792,"{""type"":""MultiPoint"",""coordinates"":[]}"
20080806,2008-08-06,14.806055468631554,16.536425861790455,13.084393220043898,"{""type"":""MultiPoint"",""coordinates"":[]}"
20080807,2008-08-07,13.705464151432073,15.48589302168719,11.973557390749976,"{""type"":""MultiPoint"",""coordinates"":[]}"
20080808,2008-08-08,13.650448808779863,15.391895028723738,11.87845902742475,"{""type"":""MultiPoint"",""coordinates"":[]}"
20080809,2008-08-09,14.049971963958047,15.73646156041826,12.439914511773507,"{""type"":""MultiPoint"",""coordinates"":[]}"
20080810,2008-08-10,14.515191251620996,16.215941710990815,12.890208080646714,"{""type"":""MultiPoint"",""coordinates"":[]}"
20080811,2008-08-11,14.242715252154566,15.964567950193468,12.742400430939885,"{""type"":""MultiPoint"",""coordinates"":[]}"
20080812,2008-08-12,14.509388845428898,16.035477690937466,12.957146064813513,"{""type"":""MultiPoint"",""coordinates"":[]}"
20080813,2008-08-13,14.876641285563112,16.4552694195201,13.412151972554462,"{""type"":""MultiPoint"",""coordinates"":[]}"
20080814,2008-08-14,14.669914092019136,16.148019933128978,13.297080626408063,"{""type"":""MultiPoint"",""coordinates"":[]}"
20080815,2008-08-15,14.342122082484298,15.841849609781617,12.957910934633606,"{""type"":""MultiPoint"",""coordinates"":[]}"
20080816,2008-08-16,14.502968409003143,16.11285695717708,13.013392416249607,"{""type"":""MultiPoint"",""coordinates"":[]}"
20080817,2008-08-17,14.742491666063444,16.273087113475526,13.258897291636721,"{""type"":""MultiPoint"",""coordinates"":[]}"
20080818,2008-08-18,14.676798894937233,16.285297809919435,13.179988371712849,"{""type"":""MultiPoint"",""coordinates"":[]}"
20080819,2008-08-19,14.390590962277209,16.112353780990627,12.647010773266985,"{""type"":""MultiPoint"",""coordinates"":[]}"
20080820,2008-08-20,13.83661529366695,15.513528438058366,12.1165574887369,"{""type"":""MultiPoint"",""coordinates"":[]}"
20080821,2008-08-21,13.859756627819941,15.549745536925304,12.199508275953828,"{""type"":""MultiPoint"",""coordinates"":[]}"
20080822,2008-08-22,14.181500847845534,15.935689021239128,12.43159760876531,"{""type"":""MultiPoint"",""coordinates"":[]}"
20080823,2008-08-23,14.159366044292346,15.990178158085458,12.354092013418017,"{""type"":""MultiPoint"",""coordinates"":[]}"
20080824,2008-08-24,14.090798105025208,15.820459147402605,12.444967279334632,"{""type"":""MultiPoint"",""coordinates"":[]}"
20080825,2008-08-25,14.276288020108616,16.094090796336967,12.644429884535581,"{""type"":""MultiPoint"",""coordinates"":[]}"
20080826,2008-08-26,14.309083817729382,16.061397734909235,12.755463890705753,"{""type"":""MultiPoint"",""coordinates"":[]}"
20080827,2008-08-27,14.265663808059855,15.988319940576764,12.663184465621148,"{""type"":""MultiPoint"",""coordinates"":[]}"
20080828,2008-08-28,13.508271205666599,15.293326621668701,11.792040094234089,"{""type"":""MultiPoint"",""coordinates"":[]}"
20080829,2008-08-29,12.540280353550127,14.327777557990428,10.838812511831785,"{""type"":""MultiPoint"",""coordinates"":[]}"
20080830,2008-08-30,12.527409955659904,14.19879675305126,10.718871333790286,"{""type"":""MultiPoint"",""coordinates"":[]}"
20080831,2008-08-31,12.99815568216006,14.878594513735019,11.10855204082609,"{""type"":""MultiPoint"",""coordinates"":[]}"
20080901,2008-09-01,12.846247540572536,14.604573633050254,11.059596889305313,"{""type"":""MultiPoint"",""coordinates"":[]}"
20080902,2008-09-02,12.3996237580339,14.258019568450507,10.588875684598626,"{""type"":""MultiPoint"",""coordinates"":[]}"
20080903,2008-09-03,12.057992927153755,13.960408509637714,10.165108929878285,"{""type"":""MultiPoint"",""coordinates"":[]}"
20080904,2008-09-04,12.36567351706734,14.232431514385224,10.327814755856055,"{""type"":""MultiPoint"",""coordinates"":[]}"
20080905,2008-09-05,12.55629438907107,14.412407420988123,10.582587462076045,"{""type"":""MultiPoint"",""coordinates"":[]}"
20080906,2008-09-06,12.750226767288964,14.56380417015795,10.952051055420647,"{""type"":""MultiPoint"",""coordinates"":[]}"
20080907,2008-09-07,12.626488827568146,14.268351989796951,10.926791369167995,"{""type"":""MultiPoint"",""coordinates"":[]}"
20080908,2008-09-08,12.47219639881591,14.27424214117032,10.580812236737984,"{""type"":""MultiPoint"",""coordinates"":[]}"
20080909,2008-09-09,11.90823942057987,13.925212852559198,9.83602283909952,"{""type"":""MultiPoint"",""coordinates"":[]}"
20080910,2008-09-10,11.87661596465152,13.9437894188242,9.693234838520713,"{""type"":""MultiPoint"",""coordinates"":[]}"
20080911,2008-09-11,12.096871725876918,14.225755381124545,9.977694578026501,"{""type"":""MultiPoint"",""coordinates"":[]}"
20080912,2008-09-12,12.197042996961448,14.248054197373914,10.21311948493967,"{""type"":""MultiPoint"",""coordinates"":[]}"
20080913,2008-09-13,12.305808581916953,14.142504344360159,10.385288515208247,"{""type"":""MultiPoint"",""coordinates"":[]}"
20080914,2008-09-14,12.70881060499901,14.532205230887874,10.72473556901525,"{""type"":""MultiPoint"",""coordinates"":[]}"
20080915,2008-09-15,12.612361068102755,14.521580790175655,10.726262102115513,"{""type"":""MultiPoint"",""coordinates"":[]}"
20080916,2008-09-16,12.332046216907914,14.17778565536739,10.393055580698821,"{""type"":""MultiPoint"",""coordinates"":[]}"
20080917,2008-09-17,12.37373344818091,14.108789743407588,10.514547098115214,"{""type"":""MultiPoint"",""coordinates"":[]}"
20080918,2008-09-18,12.923563962582316,14.574636292427316,11.026140779776782,"{""type"":""MultiPoint"",""coordinates"":[]}"
20080919,2008-09-19,13.260929080994579,14.990713011484122,11.340319690478733,"{""type"":""MultiPoint"",""coordinates"":[]}"
20080920,2008-09-20,13.167905583944032,14.84395607952938,11.229692503767886,"{""type"":""MultiPoint"",""coordinates"":[]}"
20080921,2008-09-21,12.696481875619464,14.515189336633892,10.636913912320118,"{""type"":""MultiPoint"",""coordinates"":[]}"
20080922,2008-09-22,12.17770225778347,14.049198407015632,10.097139425657598,"{""type"":""MultiPoint"",""coordinates"":[]}"
20080923,2008-09-23,11.945465879679887,13.729526265866115,9.953774277060173,"{""type"":""MultiPoint"",""coordinates"":[]}"
20080924,2008-09-24,11.59502375556373,13.442814341384777,9.449797069740177,"{""type"":""MultiPoint"",""coordinates"":[]}"
20080925,2008-09-25,11.111293457504907,13.086086951932087,8.841863832700325,"{""type"":""MultiPoint"",""coordinates"":[]}"
20080926,2008-09-26,10.58561086127302,12.601393875103602,8.361888213257213,"{""type"":""MultiPoint"",""coordinates"":[]}"
20080927,2008-09-27,10.208448215877109,12.301526574981281,7.823502755453477,"{""type"":""MultiPoint"",""coordinates"":[]}"
20080928,2008-09-28,10.469414307765234,12.4098791452602,8.104093346388145,"{""type"":""MultiPoint"",""coordinates"":[]}"
20080929,2008-09-29,10.60082928526333,12.728121193665176,8.174098091646464,"{""type"":""MultiPoint"",""coordinates"":[]}"
20080930,2008-09-30,10.910194182351013,13.092783334158284,8.428263883835472,"{""type"":""MultiPoint"",""coordinates"":[]}"
20081001,2008-10-01,10.99584685495771,13.194769190174902,8.59849179027253,"{""type"":""MultiPoint"",""coordinates"":[]}"
20081002,2008-10-02,10.645799918713145,12.903510125086664,8.233106962171611,"{""type"":""MultiPoint"",""coordinates"":[]}"
20081003,2008-10-03,10.037106644503952,12.418974189434866,7.660666296867569,"{""type"":""MultiPoint"",""coordinates"":[]}"
20081004,2008-10-04,9.455978869131236,11.798147799609325,7.143021273628681,"{""type"":""MultiPoint"",""coordinates"":[]}"
20081005,2008-10-05,9.522813171522658,11.852727730132319,7.1086474427505975,"{""type"":""MultiPoint"",""coordinates"":[]}"
20081006,2008-10-06,10.370709664985522,12.443270400400941,7.965989990301159,"{""type"":""MultiPoint"",""coordinates"":[]}"
20081007,2008-10-07,10.232262063589516,12.232309051704682,8.026695828478141,"{""type"":""MultiPoint"",""coordinates"":[]}"
20081008,2008-10-08,9.828934132005763,11.858976257756895,7.674545227568833,"{""type"":""MultiPoint"",""coordinates"":[]}"
20081009,2008-10-09,9.269755389508544,11.441729069422525,6.897647160587374,"{""type"":""MultiPoint"",""coordinates"":[]}"
20081010,2008-10-10,8.336142485796648,10.7716890779584,5.70671506194361,"{""type"":""MultiPoint"",""coordinates"":[]}"
20081011,2008-10-11,7.441155076628631,10.128333313178484,4.699781276586694,"{""type"":""MultiPoint"",""coordinates"":[]}"
20081012,2008-10-12,6.5661670830270396,9.523088182825953,3.5194116015807144,"{""type"":""MultiPoint"",""coordinates"":[]}"
20081013,2008-10-13,6.644084637813727,9.44062414379859,3.535995867961779,"{""type"":""MultiPoint"",""coordinates"":[]}"
20081014,2008-10-14,6.884218757929021,9.601288435863383,3.799435713350628,"{""type"":""MultiPoint"",""coordinates"":[]}"
20081015,2008-10-15,7.2175068099436555,9.83269263198903,4.246293268360102,"{""type"":""MultiPoint"",""coordinates"":[]}"
20081016,2008-10-16,7.099297855105145,9.67621298569299,4.2024752336395785,"{""type"":""MultiPoint"",""coordinates"":[]}"
20081017,2008-10-17,6.474953936157802,9.084651608543375,3.6315270398978168,"{""type"":""MultiPoint"",""coordinates"":[]}"
20081018,2008-10-18,6.0329834168207785,8.795608596203044,3.003232517189016,"{""type"":""MultiPoint"",""coordinates"":[]}"
20081019,2008-10-19,5.415560945755387,8.270193084499846,2.281175194618787,"{""type"":""MultiPoint"",""coordinates"":[]}"
20081020,2008-10-20,4.912077487801215,7.887194430048156,1.7173312961798002,"{""type"":""MultiPoint"",""coordinates"":[]}"
20081021,2008-10-21,3.545890178556215,6.679968347955378,0.41507088003337256,"{""type"":""MultiPoint"",""coordinates"":[]}"
20081022,2008-10-22,3.4067619627878036,6.247499072968799,0.23871854479104787,"{""type"":""MultiPoint"",""coordinates"":[]}"
20081023,2008-10-23,3.8678312002157043,6.509678006175986,0.7953444953636817,"{""type"":""MultiPoint"",""coordinates"":[]}"
20081024,2008-10-24,3.5107297326793727,6.337998605901141,0.41349430818300037,"{""type"":""MultiPoint"",""coordinates"":[]}"
20081025,2008-10-25,3.192837865184347,6.076375519811079,-0.02644046751547841,"{""type"":""MultiPoint"",""coordinates"":[]}"
20081026,2008-10-26,3.4882975169633084,6.2302997262348585,0.12194249620034305,"{""type"":""MultiPoint"",""coordinates"":[]}"
20081027,2008-10-27,3.3972191847628452,6.3981854568984025,0.20658524343844942,"{""type"":""MultiPoint"",""coordinates"":[]}"
20081028,2008-10-28,3.5608706425502574,6.6105888591075,-0.25907116579635053,"{""type"":""MultiPoint"",""coordinates"":[]}"
20081029,2008-10-29,4.230233664514878,6.986616475704743,1.121972607821767,"{""type"":""MultiPoint"",""coordinates"":[]}"
20081030,2008-10-30,4.048845629767218,6.887319768060531,1.022100964584241,"{""type"":""MultiPoint"",""coordinates"":[]}"
20081031,2008-10-31,3.3864939740326796,6.295118830625571,0.2213600246526389,"{""type"":""MultiPoint"",""coordinates"":[]}"
20081101,2008-11-01,2.7735335996837684,5.875189234078342,-0.44710765854393986,"{""type"":""MultiPoint"",""coordinates"":[]}"
20081102,2008-11-02,2.6123775696245435,5.749185463189018,-0.6263590439931352,"{""type"":""MultiPoint"",""coordinates"":[]}"
20081103,2008-11-03,2.7047948030959943,5.775122389940813,-0.756698767982539,"{""type"":""MultiPoint"",""coordinates"":[]}"
20081104,2008-11-04,2.4192109026534796,5.415799808201256,-0.9592492167225923,"{""type"":""MultiPoint"",""coordinates"":[]}"
20081105,2008-11-05,1.1339580418167123,4.709799194039232,-2.777328861870586,"{""type"":""MultiPoint"",""coordinates"":[]}"
20081106,2008-11-06,1.846452993247823,4.981587557398053,-1.820447499521124,"{""type"":""MultiPoint"",""coordinates"":[]}"
20081107,2008-11-07,2.983012629695108,5.924437193871851,-0.16286812191168396,"{""type"":""MultiPoint"",""coordinates"":[]}"
20081108,2008-11-08,3.2178816372779107,6.198870611013484,0.311140500379697,"{""type"":""MultiPoint"",""coordinates"":[]}"
20081109,2008-11-09,3.0822858877783177,6.197774375898159,-0.03921318664491951,"{""type"":""MultiPoint"",""coordinates"":[]}"
20081110,2008-11-10,2.9651437353576093,5.984086254505748,0.029880940541758615,"{""type"":""MultiPoint"",""coordinates"":[]}"
20081111,2008-11-11,2.76275276335512,5.644037218314433,-0.14817146632859526,"{""type"":""MultiPoint"",""coordinates"":[]}"
20081112,2008-11-12,2.3740279414559597,5.248800844708568,-0.5377674856694368,"{""type"":""MultiPoint"",""coordinates"":[]}"
20081113,2008-11-13,1.8527468005601913,4.617758120459737,-1.0720257742295307,"{""type"":""MultiPoint"",""coordinates"":[]}"
20081114,2008-11-14,1.331389718293618,4.34059272815855,-1.7069170640192575,"{""type"":""MultiPoint"",""coordinates"":[]}"
20081115,2008-11-15,0.5904560624472811,3.4750648383469454,-2.316936642047731,"{""type"":""MultiPoint"",""coordinates"":[]}"
20081116,2008-11-16,0.8631440218492062,3.642356814971233,-2.1945300759412576,"{""type"":""MultiPoint"",""coordinates"":[]}"
20081117,2008-11-17,1.484904930825781,4.120102379408414,-1.4772580138288576,"{""type"":""MultiPoint"",""coordinates"":[]}"
20081118,2008-11-18,1.9741787400256547,4.627543570559609,-0.949294119645429,"{""type"":""MultiPoint"",""coordinates"":[]}"
20081119,2008-11-19,2.8090086886843304,5.295516230397603,-0.16295464939848672,"{""type"":""MultiPoint"",""coordinates"":[]}"
20081120,2008-11-20,2.027338446019042,4.946329771654667,-1.1208230140229565,"{""type"":""MultiPoint"",""coordinates"":[]}"
20081121,2008-11-21,0.46583705870701164,3.5365897673068694,-2.92756244784939,"{""type"":""MultiPoint"",""coordinates"":[]}"
20081122,2008-11-22,-1.1271785784638229,1.9519539447371312,-4.518981692053047,"{""type"":""MultiPoint"",""coordinates"":[]}"
20081123,2008-11-23,-0.7080612762623629,2.015123116334248,-3.891644969796293,"{""type"":""MultiPoint"",""coordinates"":[]}"
20081124,2008-11-24,-0.9637718573983384,1.872258703666375,-3.98260680657417,"{""type"":""MultiPoint"",""coordinates"":[]}"
20081125,2008-11-25,-1.1502587665532,1.888547878564164,-4.38188474315406,"{""type"":""MultiPoint"",""coordinates"":[]}"
20081126,2008-11-26,-1.097420732435614,1.8546511385707447,-4.072773266473248,"{""type"":""MultiPoint"",""coordinates"":[]}"
20081127,2008-11-27,-0.954235977259385,1.871613495354388,-3.909738233717159,"{""type"":""MultiPoint"",""coordinates"":[]}"
20081128,2008-11-28,-0.326717664243579,2.4428555181729656,-3.220637198969196,"{""type"":""MultiPoint"",""coordinates"":[]}"
20081129,2008-11-29,0.07018608714019282,2.926047642053398,-2.7450561367171438,"{""type"":""MultiPoint"",""coordinates"":[]}"
20081130,2008-11-30,0.26905467274097633,3.0601984733742893,-2.626224072030452,"{""type"":""MultiPoint"",""coordinates"":[]}"
20081201,2008-12-01,0.7401401220620388,3.46598071540883,-2.1954392675226786,"{""type"":""MultiPoint"",""coordinates"":[]}"
20081202,2008-12-02,0.7096784268659575,3.446991744059076,-2.065157180377416,"{""type"":""MultiPoint"",""coordinates"":[]}"
20081203,2008-12-03,-1.5210421616669891E-5,2.775774965644426,-2.7954235671026004,"{""type"":""MultiPoint"",""coordinates"":[]}"
20081204,2008-12-04,-0.37016553949701125,2.427257469024575,-3.2260087262810586,"{""type"":""MultiPoint"",""coordinates"":[]}"
20081205,2008-12-05,-0.35691601876037565,2.539803891984669,-3.1562549393556236,"{""type"":""MultiPoint"",""coordinates"":[]}"
20081206,2008-12-06,-0.14822996004134995,2.571300919310657,-2.925447110219057,"{""type"":""MultiPoint"",""coordinates"":[]}"
20081207,2008-12-07,-0.15578790339361792,2.7501930522554896,-3.2766453585216384,"{""type"":""MultiPoint"",""coordinates"":[]}"
20081208,2008-12-08,1.930940036487544,4.526522001586901,-1.7604036726330123,"{""type"":""MultiPoint"",""coordinates"":[]}"
20081209,2008-12-09,2.129342512548024,4.7464413866363415,-0.6528447731303814,"{""type"":""MultiPoint"",""coordinates"":[]}"
20081210,2008-12-10,0.9133752121988241,3.724326800551361,-1.963526408818702,"{""type"":""MultiPoint"",""coordinates"":[]}"
20081211,2008-12-11,-0.08010777610420969,2.796653464890562,-3.2808133150299645,"{""type"":""MultiPoint"",""coordinates"":[]}"
20081212,2008-12-12,-0.8128167199301496,1.7825806345275872,-3.75083616246,"{""type"":""MultiPoint"",""coordinates"":[]}"
20081213,2008-12-13,-1.3754640479388187,1.4573968184509645,-4.3309511730887635,"{""type"":""MultiPoint"",""coordinates"":[]}"
20081214,2008-12-14,-1.6176670786086722,1.0912700232387131,-4.440897266451415,"{""type"":""MultiPoint"",""coordinates"":[]}"
20081215,2008-12-15,-1.7133650094308848,1.1478116621273646,-4.829504691418915,"{""type"":""MultiPoint"",""coordinates"":[]}"
20081216,2008-12-16,-0.7385201187177376,1.9912670608197198,-3.813417486374143,"{""type"":""MultiPoint"",""coordinates"":[]}"
20081217,2008-12-17,0.4878363470188056,3.0720762814257245,-2.5481086176210295,"{""type"":""MultiPoint"",""coordinates"":[]}"
20081218,2008-12-18,0.6862805439339507,3.1545830665225028,-2.013007318452996,"{""type"":""MultiPoint"",""coordinates"":[]}"
20081219,2008-12-19,1.9943616952051246,4.377905160263242,-0.9447824801115414,"{""type"":""MultiPoint"",""coordinates"":[]}"
20081220,2008-12-20,3.199403938262938,5.480842991877758,0.12101093766673983,"{""type"":""MultiPoint"",""coordinates"":[]}"
20081221,2008-12-21,1.1220953498132036,4.280470875208308,-2.078081012780548,"{""type"":""MultiPoint"",""coordinates"":[]}"
20081222,2008-12-22,-0.9489347164372168,2.05505267296301,-4.052092348815557,"{""type"":""MultiPoint"",""coordinates"":[]}"
20081223,2008-12-23,-1.8917810735662512,0.8491880047678113,-4.804881963750911,"{""type"":""MultiPoint"",""coordinates"":[]}"
20081224,2008-12-24,-1.6294506947352256,1.2073333658821024,-4.761968378584609,"{""type"":""MultiPoint"",""coordinates"":[]}"
20081225,2008-12-25,-2.313704989547388,0.8622974236251774,-5.41244064652536,"{""type"":""MultiPoint"",""coordinates"":[]}"
20081226,2008-12-26,-2.6456457341604587,0.3003072300348539,-5.907980852316524,"{""type"":""MultiPoint"",""coordinates"":[]}"
20081227,2008-12-27,-3.5634052688511084,-0.4870335810344418,-6.805681555884197,"{""type"":""MultiPoint"",""coordinates"":[]}"
20081228,2008-12-28,-3.1618190163134843,-0.49123740817893485,-6.282698339472339,"{""type"":""MultiPoint"",""coordinates"":[]}"
20081229,2008-12-29,-2.712259146801667,0.04716158944949438,-5.772877753699061,"{""type"":""MultiPoint"",""coordinates"":[]}"
20081230,2008-12-30,-2.7100563430126643,0.08894097423921649,-5.842681359220062,"{""type"":""MultiPoint"",""coordinates"":[]}"
20081231,2008-12-31,-2.8451542004017996,-0.056785146488495614,-5.919987932473693,"{""type"":""MultiPoint"",""coordinates"":[]}"
20090101,2009-01-01,-3.819002296340914,-0.7622248280918381,-6.818230621465183,"{""type"":""MultiPoint"",""coordinates"":[]}"
20090102,2009-01-02,-3.7958315770602864,-0.8906941263758762,-7.249354659089977,"{""type"":""MultiPoint"",""coordinates"":[]}"
20090103,2009-01-03,-1.6246092564957795,0.8868904718680956,-4.85647679472943,"{""type"":""MultiPoint"",""coordinates"":[]}"
20090104,2009-01-04,-0.7884347788978003,1.8403405285099848,-4.021779924410597,"{""type"":""MultiPoint"",""coordinates"":[]}"
20090105,2009-01-05,-2.114266194653766,0.599517720835839,-5.272036858713328,"{""type"":""MultiPoint"",""coordinates"":[]}"
20090106,2009-01-06,-3.3048147890889843,-0.46908715275744345,-6.370169409637526,"{""type"":""MultiPoint"",""coordinates"":[]}"
20090107,2009-01-07,-3.511638736031224,-0.7680448867997445,-6.42292253510192,"{""type"":""MultiPoint"",""coordinates"":[]}"
20090108,2009-01-08,-3.4730484805812196,-0.7744678279027667,-6.387611241339253,"{""type"":""MultiPoint"",""coordinates"":[]}"
20090109,2009-01-09,-3.291162124595376,-0.531826520910611,-6.3346084841310715,"{""type"":""MultiPoint"",""coordinates"":[]}"
20090110,2009-01-10,-2.646644670069577,-0.0036654495731903844,-5.71092104284106,"{""type"":""MultiPoint"",""coordinates"":[]}"
20090111,2009-01-11,-2.905529680417028,-0.32000094054884487,-5.674303522101079,"{""type"":""MultiPoint"",""coordinates"":[]}"
20090112,2009-01-12,-3.0351402784288823,-0.4086350101567173,-5.878097370602755,"{""type"":""MultiPoint"",""coordinates"":[]}"
20090113,2009-01-13,-2.561185861980834,-0.036009268454245985,-5.4306601853682235,"{""type"":""MultiPoint"",""coordinates"":[]}"
20090114,2009-01-14,-1.825449709791768,0.7439538984558258,-4.677973138253796,"{""type"":""MultiPoint"",""coordinates"":[]}"
20090115,2009-01-15,-0.9147405817835175,1.5423241918414536,-3.7824072902649313,"{""type"":""MultiPoint"",""coordinates"":[]}"
20090116,2009-01-16,0.02189318944595758,2.5481617084182857,-2.7908994823459223,"{""type"":""MultiPoint"",""coordinates"":[]}"
20090117,2009-01-17,0.44990479579033166,2.971297857209608,-2.3975804627179116,"{""type"":""MultiPoint"",""coordinates"":[]}"
20090118,2009-01-18,0.12558917385006296,2.7567998809013665,-2.827285954565637,"{""type"":""MultiPoint"",""coordinates"":[]}"
20090119,2009-01-19,-0.5818028838912281,2.222668616675655,-3.8923951117776707,"{""type"":""MultiPoint"",""coordinates"":[]}"
20090120,2009-01-20,-2.0538540289926197,1.0326445306717602,-5.281929960386404,"{""type"":""MultiPoint"",""coordinates"":[]}"
20090121,2009-01-21,-2.6629438351615207,0.4836597605452398,-6.158650156557779,"{""type"":""MultiPoint"",""coordinates"":[]}"
20090122,2009-01-22,-1.3690522519831017,1.4936671811319928,-4.5813699135842025,"{""type"":""MultiPoint"",""coordinates"":[]}"
20090123,2009-01-23,-0.781361759996228,2.037295477316557,-3.7733144456264696,"{""type"":""MultiPoint"",""coordinates"":[]}"
20090124,2009-01-24,0.545477133829966,3.329930658797987,-2.63464583587176,"{""type"":""MultiPoint"",""coordinates"":[]}"
20090125,2009-01-25,1.2656734936424436,3.889723268019142,-1.5582812514803535,"{""type"":""MultiPoint"",""coordinates"":[]}"
20090126,2009-01-26,0.8098181387054258,3.395164695476128,-2.123846254309019,"{""type"":""MultiPoint"",""coordinates"":[]}"
20090127,2009-01-27,-0.22604888318530392,2.6358418037444338,-3.5649998510357452,"{""type"":""MultiPoint"",""coordinates"":[]}"
20090128,2009-01-28,-1.7883123117689912,1.5036806537836178,-5.106938040334928,"{""type"":""MultiPoint"",""coordinates"":[]}"
20090129,2009-01-29,-2.265537242756923,0.7810309695376789,-5.601022681947865,"{""type"":""MultiPoint"",""coordinates"":[]}"
20090130,2009-01-30,-2.337357938589174,0.6985024695504978,-5.683821567204402,"{""type"":""MultiPoint"",""coordinates"":[]}"
20090131,2009-01-31,-2.507847681702555,0.5392370944589809,-5.777613441634335,"{""type"":""MultiPoint"",""coordinates"":[]}"
20090201,2009-02-01,-3.2821736296757305,0.0662162538337779,-6.816541903101074,"{""type"":""MultiPoint"",""coordinates"":[]}"
20090202,2009-02-02,-3.4633352182719235,-0.08017636507819483,-6.967856181996624,"{""type"":""MultiPoint"",""coordinates"":[]}"
20090203,2009-02-03,-2.7976303916632412,0.22168988471295673,-6.388982886350901,"{""type"":""MultiPoint"",""coordinates"":[]}"
20090204,2009-02-04,-2.9235088024014955,0.49448208390551945,-6.441963971542614,"{""type"":""MultiPoint"",""coordinates"":[]}"
20090205,2009-02-05,-2.134880678889121,0.8775001179655287,-5.902772325602619,"{""type"":""MultiPoint"",""coordinates"":[]}"
20090206,2009-02-06,-2.0596644228951724,1.0110914576209604,-5.704441210346984,"{""type"":""MultiPoint"",""coordinates"":[]}"
20090207,2009-02-07,-3.4484373457168456,0.0886745087389889,-6.900257264231464,"{""type"":""MultiPoint"",""coordinates"":[]}"
20090208,2009-02-08,-3.6770081302351154,-0.6206916941027084,-7.007094168126161,"{""type"":""MultiPoint"",""coordinates"":[]}"
20090209,2009-02-09,-3.063948876943675,0.4346399513977316,-6.907063963572736,"{""type"":""MultiPoint"",""coordinates"":[]}"
20090210,2009-02-10,-1.171314548864525,2.039114084863701,-4.963869563322131,"{""type"":""MultiPoint"",""coordinates"":[]}"
20090211,2009-02-11,-0.7727744853150159,2.4226508909474593,-4.29981222638727,"{""type"":""MultiPoint"",""coordinates"":[]}"
20090212,2009-02-12,-1.6493024660863433,1.4279464869346008,-4.894752253447326,"{""type"":""MultiPoint"",""coordinates"":[]}"
20090213,2009-02-13,-0.8914386413035174,1.9995964489796176,-4.237694209093456,"{""type"":""MultiPoint"",""coordinates"":[]}"
20090214,2009-02-14,-0.7990777771583674,2.2638429129112136,-4.366433277829169,"{""type"":""MultiPoint"",""coordinates"":[]}"
20090215,2009-02-15,-2.440408734791195,0.9504435981660061,-5.823788426650937,"{""type"":""MultiPoint"",""coordinates"":[]}"
20090216,2009-02-16,-2.762936886786574,0.1762440040788284,-5.9429718459480965,"{""type"":""MultiPoint"",""coordinates"":[]}"
20090217,2009-02-17,-1.8950847070159418,0.9608799563257283,-5.082407909535205,"{""type"":""MultiPoint"",""coordinates"":[]}"
20090218,2009-02-18,-2.3303915938783835,0.8397786803050857,-5.521653085266399,"{""type"":""MultiPoint"",""coordinates"":[]}"
20090219,2009-02-19,-3.330482264846927,0.09550070459102798,-6.793016851920449,"{""type"":""MultiPoint"",""coordinates"":[]}"
20090220,2009-02-20,-2.1247831695379182,0.9391599892488443,-5.723407107204482,"{""type"":""MultiPoint"",""coordinates"":[]}"
20090221,2009-02-21,-2.9181055476733215,0.6079616483311158,-6.434789552333844,"{""type"":""MultiPoint"",""coordinates"":[]}"
20090222,2009-02-22,-3.677368691094281,-0.3070221863347775,-7.260693131373102,"{""type"":""MultiPoint"",""coordinates"":[]}"
20090223,2009-02-23,-1.4826210511745819,1.6624664852212698,-5.130035769270821,"{""type"":""MultiPoint"",""coordinates"":[]}"
20090224,2009-02-24,-0.4614412708631575,2.6762747910424283,-3.8679894914715436,"{""type"":""MultiPoint"",""coordinates"":[]}"
20090225,2009-02-25,-0.8768494451578737,2.3746040525948477,-4.317244471188621,"{""type"":""MultiPoint"",""coordinates"":[]}"
20090226,2009-02-26,-1.584942439369763,1.7573402251609902,-5.094422903120091,"{""type"":""MultiPoint"",""coordinates"":[]}"
20090227,2009-02-27,-2.6146964347604706,0.9331607985388839,-6.256571690992187,"{""type"":""MultiPoint"",""coordinates"":[]}"
20090228,2009-02-28,-3.761925050047797,-0.06828560963317701,-7.433940822922565,"{""type"":""MultiPoint"",""coordinates"":[]}"
20090301,2009-03-01,-4.093138285835698,0.0629363413530507,-8.654021442788029,"{""type"":""MultiPoint"",""coordinates"":[]}"
20090302,2009-03-02,-1.947593995713332,1.650896452799792,-6.1564105568487655,"{""type"":""MultiPoint"",""coordinates"":[]}"
20090303,2009-03-03,-0.7358667495794774,3.136578399745659,-4.877631238258654,"{""type"":""MultiPoint"",""coordinates"":[]}"
20090304,2009-03-04,-0.37806792910349285,3.4409382932185024,-4.306574028876631,"{""type"":""MultiPoint"",""coordinates"":[]}"
20090305,2009-03-05,-1.2239202897875194,2.7758473388139584,-5.223601595107834,"{""type"":""MultiPoint"",""coordinates"":[]}"
20090306,2009-03-06,-1.660409337158856,2.177420695281981,-5.6129353678390626,"{""type"":""MultiPoint"",""coordinates"":[]}"
20090307,2009-03-07,-1.420579250624343,2.17747856937035,-5.3842452455773415,"{""type"":""MultiPoint"",""coordinates"":[]}"
20090308,2009-03-08,-1.4749137463137934,2.1308171551311355,-5.4942693227251755,"{""type"":""MultiPoint"",""coordinates"":[]}"
20090309,2009-03-09,-1.498727123201043,1.9697722727929032,-5.186988739938938,"{""type"":""MultiPoint"",""coordinates"":[]}"
20090310,2009-03-10,-2.1631496901102434,1.5753664578588609,-6.09537596338185,"{""type"":""MultiPoint"",""coordinates"":[]}"
20090311,2009-03-11,-4.01169453889517,0.17367043461068277,-8.01603658629433,"{""type"":""MultiPoint"",""coordinates"":[]}"
20090312,2009-03-12,-5.7828642311464336,-1.5355157068517704,-9.939414024107121,"{""type"":""MultiPoint"",""coordinates"":[]}"
20090313,2009-03-13,-4.997709110429149,-0.16258990083884503,-9.887401924862479,"{""type"":""MultiPoint"",""coordinates"":[]}"
20090314,2009-03-14,-2.999730888152328,1.2719011917238479,-7.634271389499549,"{""type"":""MultiPoint"",""coordinates"":[]}"
20090315,2009-03-15,-1.3794471733899267,2.662768986286577,-5.667550672834289,"{""type"":""MultiPoint"",""coordinates"":[]}"
20090316,2009-03-16,-0.9007981772329343,3.0889105327818593,-4.988404343359394,"{""type"":""MultiPoint"",""coordinates"":[]}"
20090317,2009-03-17,-0.6601786907453036,3.2675520919425334,-4.762989152703489,"{""type"":""MultiPoint"",""coordinates"":[]}"
20090318,2009-03-18,-0.2125699599526543,3.469132386249902,-4.173926576112093,"{""type"":""MultiPoint"",""coordinates"":[]}"
20090319,2009-03-19,0.5319065813429104,4.267100567615459,-3.653955586556606,"{""type"":""MultiPoint"",""coordinates"":[]}"
20090320,2009-03-20,1.2630661748616425,4.641908687577946,-2.838394981120563,"{""type"":""MultiPoint"",""coordinates"":[]}"
20090321,2009-03-21,1.5859967948978047,5.071387948511422,-2.6331204555223633,"{""type"":""MultiPoint"",""coordinates"":[]}"
20090322,2009-03-22,0.7246044494385757,4.518397058869527,-3.2349599940011498,"{""type"":""MultiPoint"",""coordinates"":[]}"
20090323,2009-03-23,0.7398745949817154,4.295441027330869,-3.2424084942691693,"{""type"":""MultiPoint"",""coordinates"":[]}"
20090324,2009-03-24,1.6572922350582844,4.915160674569829,-2.161703740146202,"{""type"":""MultiPoint"",""coordinates"":[]}"
20090325,2009-03-25,2.1413227009545226,5.651074235689368,-1.8823664421357507,"{""type"":""MultiPoint"",""coordinates"":[]}"
20090326,2009-03-26,2.092710766732153,5.65691451305133,-1.8238389617244497,"{""type"":""MultiPoint"",""coordinates"":[]}"
20090327,2009-03-27,1.961063177928493,5.375595692200674,-2.125201254111203,"{""type"":""MultiPoint"",""coordinates"":[]}"
20090328,2009-03-28,2.79546931523013,5.878188321410421,-0.9331787541876039,"{""type"":""MultiPoint"",""coordinates"":[]}"
20090329,2009-03-29,2.8324233679741533,6.047960548382112,-0.8598558535587639,"{""type"":""MultiPoint"",""coordinates"":[]}"
20090330,2009-03-30,2.3738502111251134,5.717915295729144,-1.2754248492205211,"{""type"":""MultiPoint"",""coordinates"":[]}"
20090331,2009-03-31,1.4318020191638041,4.854115402049313,-2.2486518229374437,"{""type"":""MultiPoint"",""coordinates"":[]}"
20090401,2009-04-01,0.8154397789936744,4.656991258163683,-3.430277457081634,"{""type"":""MultiPoint"",""coordinates"":[]}"
20090402,2009-04-02,2.233348368217043,5.618801546193534,-1.7057020080080014,"{""type"":""MultiPoint"",""coordinates"":[]}"
20090403,2009-04-03,2.454612347700209,5.98289231391999,-1.2332064196969585,"{""type"":""MultiPoint"",""coordinates"":[]}"
20090404,2009-04-04,1.6927628721270669,5.453998919293987,-2.190765701512203,"{""type"":""MultiPoint"",""coordinates"":[]}"
20090405,2009-04-05,1.5744070623645656,5.291635706303935,-2.5272804229141417,"{""type"":""MultiPoint"",""coordinates"":[]}"
20090406,2009-04-06,2.4553248729545056,5.948766958350029,-1.5129239633217297,"{""type"":""MultiPoint"",""coordinates"":[]}"
20090407,2009-04-07,2.7259416930871,6.625514748362919,-1.4715743528381158,"{""type"":""MultiPoint"",""coordinates"":[]}"
20090408,2009-04-08,2.84202848291823,6.466583713685096,-1.2866455488033661,"{""type"":""MultiPoint"",""coordinates"":[]}"
20090409,2009-04-09,3.1160513024528855,6.493831550434758,-0.84015665540381,"{""type"":""MultiPoint"",""coordinates"":[]}"
20090410,2009-04-10,2.3267536030854514,5.89093232205269,-1.3778874991335268,"{""type"":""MultiPoint"",""coordinates"":[]}"
20090411,2009-04-11,1.2806493389314473,5.084961586938094,-2.7231721262668027,"{""type"":""MultiPoint"",""coordinates"":[]}"
20090412,2009-04-12,1.475722136769562,5.487084361382603,-2.898922737381076,"{""type"":""MultiPoint"",""coordinates"":[]}"
20090413,2009-04-13,2.133748515664086,6.129261342090369,-2.0835549748494193,"{""type"":""MultiPoint"",""coordinates"":[]}"
20090414,2009-04-14,2.7876345033167484,6.699069205264814,-1.342714037920996,"{""type"":""MultiPoint"",""coordinates"":[]}"
20090415,2009-04-15,3.692965615550762,7.41577627510155,-0.3537344412264727,"{""type"":""MultiPoint"",""coordinates"":[]}"
20090416,2009-04-16,3.874302538766086,7.473769997176392,-0.11713477744349778,"{""type"":""MultiPoint"",""coordinates"":[]}"
20090417,2009-04-17,3.041106232934035,6.869910116963256,-0.6633470066373384,"{""type"":""MultiPoint"",""coordinates"":[]}"
20090418,2009-04-18,1.762128987248524,5.728652865269752,-2.038171328268374,"{""type"":""MultiPoint"",""coordinates"":[]}"
20090419,2009-04-19,2.1317336912183986,5.911990611907674,-1.5833710617088206,"{""type"":""MultiPoint"",""coordinates"":[]}"
20090420,2009-04-20,3.0450543928248344,6.872547749872938,-0.9699837724802371,"{""type"":""MultiPoint"",""coordinates"":[]}"
20090421,2009-04-21,3.4986000226044562,7.291233249165761,-0.6130941654894195,"{""type"":""MultiPoint"",""coordinates"":[]}"
20090422,2009-04-22,2.3574594209195134,6.445418149164382,-1.4367504906050848,"{""type"":""MultiPoint"",""coordinates"":[]}"
20090423,2009-04-23,0.7878759939483597,5.492841885362683,-3.4134860816011443,"{""type"":""MultiPoint"",""coordinates"":[]}"
20090424,2009-04-24,0.25584459455648956,4.542576046945789,-4.049321151287298,"{""type"":""MultiPoint"",""coordinates"":[]}"
20090425,2009-04-25,0.7128159443597927,4.90641047726414,-3.513472216017041,"{""type"":""MultiPoint"",""coordinates"":[]}"
20090426,2009-04-26,0.6909632604108875,4.911660258666515,-3.3853958051094013,"{""type"":""MultiPoint"",""coordinates"":[]}"
20090427,2009-04-27,0.8811512980397888,5.106419475492148,-3.211492170457382,"{""type"":""MultiPoint"",""coordinates"":[]}"
20090428,2009-04-28,2.3470736611830176,6.324752852317963,-1.7888603901204423,"{""type"":""MultiPoint"",""coordinates"":[]}"
20090429,2009-04-29,3.949201168802213,7.631975096561722,-0.05502967582383561,"{""type"":""MultiPoint"",""coordinates"":[]}"
20090430,2009-04-30,3.9954081704984414,7.815549810215016,0.12282108008937866,"{""type"":""MultiPoint"",""coordinates"":[]}"
20090501,2009-05-01,3.3839980653885053,7.378023726256802,-0.6817253699013905,"{""type"":""MultiPoint"",""coordinates"":[]}"
20090502,2009-05-02,4.22080983668945,8.037804782031202,0.16390765378811079,"{""type"":""MultiPoint"",""coordinates"":[]}"
20090503,2009-05-03,5.9694384041144,9.319481195684657,2.0244261394222858,"{""type"":""MultiPoint"",""coordinates"":[]}"
20090504,2009-05-04,6.864385945602821,10.11992343659811,3.2513174394483833,"{""type"":""MultiPoint"",""coordinates"":[]}"
20090505,2009-05-05,6.934378246966377,10.0404407804709,3.5863590806232075,"{""type"":""MultiPoint"",""coordinates"":[]}"
20090506,2009-05-06,5.633567352975248,9.111275182081846,2.268421353123556,"{""type"":""MultiPoint"",""coordinates"":[]}"
20090507,2009-05-07,4.291830230919704,7.940135195230945,0.6593686411677602,"{""type"":""MultiPoint"",""coordinates"":[]}"
20090508,2009-05-08,4.111768917948873,7.740233200078198,0.368576212957699,"{""type"":""MultiPoint"",""coordinates"":[]}"
20090509,2009-05-09,4.4202144605115805,7.895387521082618,0.8350161471316555,"{""type"":""MultiPoint"",""coordinates"":[]}"
20090510,2009-05-10,5.028201971814827,8.504160679600473,1.2847325469049855,"{""type"":""MultiPoint"",""coordinates"":[]}"
20090511,2009-05-11,5.7992587596869445,9.136015668026198,2.184599960259674,"{""type"":""MultiPoint"",""coordinates"":[]}"
20090512,2009-05-12,6.279188429008293,9.366174610226699,2.846621087951701,"{""type"":""MultiPoint"",""coordinates"":[]}"
20090513,2009-05-13,6.125035518546848,9.288898851665275,2.6870920893556542,"{""type"":""MultiPoint"",""coordinates"":[]}"
20090514,2009-05-14,6.002189404799881,9.097640923167473,2.508448685296396,"{""type"":""MultiPoint"",""coordinates"":[]}"
20090515,2009-05-15,6.596297508070918,9.742956166084152,2.8556544071053924,"{""type"":""MultiPoint"",""coordinates"":[]}"
20090516,2009-05-16,7.6630479003922405,10.545697870522933,4.185754999275485,"{""type"":""MultiPoint"",""coordinates"":[]}"
20090517,2009-05-17,7.693712450849721,10.626757209796816,4.312646792428676,"{""type"":""MultiPoint"",""coordinates"":[]}"
20090518,2009-05-18,6.70247504559829,10.275006349060895,2.91927555121317,"{""type"":""MultiPoint"",""coordinates"":[]}"
20090519,2009-05-19,7.449117386640229,10.66716974851447,3.6207513849956836,"{""type"":""MultiPoint"",""coordinates"":[]}"
20090520,2009-05-20,9.058098888941702,11.820249291254626,5.648573421381017,"{""type"":""MultiPoint"",""coordinates"":[]}"
20090521,2009-05-21,9.412543094973172,12.136351261027192,6.416650989142898,"{""type"":""MultiPoint"",""coordinates"":[]}"
20090522,2009-05-22,9.347693026222968,12.087889014896229,6.431364652714523,"{""type"":""MultiPoint"",""coordinates"":[]}"
20090523,2009-05-23,9.203791690629279,11.829245718208515,6.265000777753192,"{""type"":""MultiPoint"",""coordinates"":[]}"
20090524,2009-05-24,8.980402036618752,11.687369426039306,6.071384546125267,"{""type"":""MultiPoint"",""coordinates"":[]}"
20090525,2009-05-25,9.487526412780575,12.075230553720347,6.41494828005138,"{""type"":""MultiPoint"",""coordinates"":[]}"
20090526,2009-05-26,8.816384786454902,11.80542531803484,5.642553434274332,"{""type"":""MultiPoint"",""coordinates"":[]}"
20090527,2009-05-27,7.745485736229719,10.80449222437745,4.512216443924562,"{""type"":""MultiPoint"",""coordinates"":[]}"
20090528,2009-05-28,7.913204558503474,10.723523126505452,4.892896630655262,"{""type"":""MultiPoint"",""coordinates"":[]}"
20090529,2009-05-29,8.54654465428603,11.117273820622898,5.722440300086728,"{""type"":""MultiPoint"",""coordinates"":[]}"
20090530,2009-05-30,9.233492885043962,11.6059879253586,6.627462472857211,"{""type"":""MultiPoint"",""coordinates"":[]}"
20090531,2009-05-31,9.623348065446065,12.02309584189855,6.789609419557654,"{""type"":""MultiPoint"",""coordinates"":[]}"
20090601,2009-06-01,9.507150287831978,12.17497566128574,6.259471831853941,"{""type"":""MultiPoint"",""coordinates"":[]}"
20090602,2009-06-02,9.519308896689305,12.109358154186644,6.4867224661104625,"{""type"":""MultiPoint"",""coordinates"":[]}"
20090603,2009-06-03,9.871928137330258,12.373009826351604,6.935627952722923,"{""type"":""MultiPoint"",""coordinates"":[]}"
20090604,2009-06-04,9.848488535496294,12.654266594509012,6.851816396905706,"{""type"":""MultiPoint"",""coordinates"":[]}"
20090605,2009-06-05,9.823212076547117,12.631715294666266,6.742591814327808,"{""type"":""MultiPoint"",""coordinates"":[]}"
20090606,2009-06-06,9.303268229223585,12.295398775083784,6.264578557598702,"{""type"":""MultiPoint"",""coordinates"":[]}"
20090607,2009-06-07,8.040645738888138,11.489228848764297,4.845464158340822,"{""type"":""MultiPoint"",""coordinates"":[]}"
20090608,2009-06-08,7.773718677003861,11.08348111686614,4.5891332809612795,"{""type"":""MultiPoint"",""coordinates"":[]}"
20090609,2009-06-09,8.388166460108557,11.39530042876219,5.382854424637784,"{""type"":""MultiPoint"",""coordinates"":[]}"
20090610,2009-06-10,8.9474820027451,11.717570949577276,5.946576243007125,"{""type"":""MultiPoint"",""coordinates"":[]}"
20090611,2009-06-11,9.208989315061967,11.772143712240961,6.369645249983788,"{""type"":""MultiPoint"",""coordinates"":[]}"
20090612,2009-06-12,9.620647547012977,12.318689900519265,6.764170773352232,"{""type"":""MultiPoint"",""coordinates"":[]}"
20090613,2009-06-13,10.200830518638492,12.714898325423972,7.485340097221503,"{""type"":""MultiPoint"",""coordinates"":[]}"
20090614,2009-06-14,10.727093273130189,13.217278256801217,7.969137221062031,"{""type"":""MultiPoint"",""coordinates"":[]}"
20090615,2009-06-15,10.860786904720957,13.345816316439821,8.21524348884352,"{""type"":""MultiPoint"",""coordinates"":[]}"
20090616,2009-06-16,10.925519587773064,13.456871911929953,8.319386382583934,"{""type"":""MultiPoint"",""coordinates"":[]}"
20090617,2009-06-17,10.358323914875676,13.067048695640075,7.754236504057943,"{""type"":""MultiPoint"",""coordinates"":[]}"
20090618,2009-06-18,9.925542534758561,12.622901918984788,7.290032513089244,"{""type"":""MultiPoint"",""coordinates"":[]}"
20090619,2009-06-19,10.105926096376303,12.716162527598716,7.449812956287912,"{""type"":""MultiPoint"",""coordinates"":[]}"
20090620,2009-06-20,10.182203841493603,12.96804185197164,7.429913508052857,"{""type"":""MultiPoint"",""coordinates"":[]}"
20090621,2009-06-21,10.104254590972849,12.712224008600362,7.490750991440392,"{""type"":""MultiPoint"",""coordinates"":[]}"
20090622,2009-06-22,10.424280570916217,13.0475028299986,7.858294560022041,"{""type"":""MultiPoint"",""coordinates"":[]}"
20090623,2009-06-23,11.019038636432049,13.530907779908684,8.536979602431394,"{""type"":""MultiPoint"",""coordinates"":[]}"
20090624,2009-06-24,11.88992574491491,14.275804653848327,9.457001085688562,"{""type"":""MultiPoint"",""coordinates"":[]}"
20090625,2009-06-25,12.816915617657422,15.00051205536948,10.534305278194998,"{""type"":""MultiPoint"",""coordinates"":[]}"
20090626,2009-06-26,13.461498919268516,15.437634634136312,11.47502308823942,"{""type"":""MultiPoint"",""coordinates"":[]}"
20090627,2009-06-27,13.677235763094572,15.694371313511768,11.752760884226264,"{""type"":""MultiPoint"",""coordinates"":[]}"
20090628,2009-06-28,13.732037963361702,15.715317148884212,11.769343773560948,"{""type"":""MultiPoint"",""coordinates"":[]}"
20090629,2009-06-29,13.751019574390801,15.577328914258786,11.95430493778125,"{""type"":""MultiPoint"",""coordinates"":[]}"
20090630,2009-06-30,14.302973617710316,16.186282788184972,12.372756833357391,"{""type"":""MultiPoint"",""coordinates"":[]}"
20090701,2009-07-01,13.971662770637675,15.883687526228902,12.159753813913591,"{""type"":""MultiPoint"",""coordinates"":[]}"
20090702,2009-07-02,13.387290149882677,15.278308368483255,11.456343110550364,"{""type"":""MultiPoint"",""coordinates"":[]}"
20090703,2009-07-03,13.487655833727878,15.344559208439714,11.583510468323837,"{""type"":""MultiPoint"",""coordinates"":[]}"
20090704,2009-07-04,13.308469193811177,15.334425269527904,11.318566878097684,"{""type"":""MultiPoint"",""coordinates"":[]}"
20090705,2009-07-05,13.25760875695241,15.337670463882102,11.293745223982102,"{""type"":""MultiPoint"",""coordinates"":[]}"
20090706,2009-07-06,13.355091939244655,15.480702934448814,11.295685810011769,"{""type"":""MultiPoint"",""coordinates"":[]}"
20090707,2009-07-07,13.207799845475385,15.322397781261882,11.138171038159994,"{""type"":""MultiPoint"",""coordinates"":[]}"
20090708,2009-07-08,13.511975677647687,15.511659020735323,11.516850582483867,"{""type"":""MultiPoint"",""coordinates"":[]}"
20090709,2009-07-09,14.119624871854006,15.847771068012534,12.47657273841498,"{""type"":""MultiPoint"",""coordinates"":[]}"
20090710,2009-07-10,14.433971952223187,16.066502901386862,12.835613397815097,"{""type"":""MultiPoint"",""coordinates"":[]}"
20090711,2009-07-11,14.724683788590301,16.37165624566286,13.10986407199987,"{""type"":""MultiPoint"",""coordinates"":[]}"
20090712,2009-07-12,14.640366644294586,16.35126670866011,12.98493464914348,"{""type"":""MultiPoint"",""coordinates"":[]}"
20090713,2009-07-13,15.05294395876181,16.705234754693706,13.277353279128091,"{""type"":""MultiPoint"",""coordinates"":[]}"
20090714,2009-07-14,15.130123424603697,16.725234567365018,13.618956294771804,"{""type"":""MultiPoint"",""coordinates"":[]}"
20090715,2009-07-15,14.827331952892159,16.61183510542546,13.052826715561519,"{""type"":""MultiPoint"",""coordinates"":[]}"
20090716,2009-07-16,14.452610203028957,16.22407885220882,12.603772782788118,"{""type"":""MultiPoint"",""coordinates"":[]}"
20090717,2009-07-17,14.69987632170996,16.537897256674004,12.835291186547565,"{""type"":""MultiPoint"",""coordinates"":[]}"
20090718,2009-07-18,15.22097809715103,16.918240029678415,13.561701460129383,"{""type"":""MultiPoint"",""coordinates"":[]}"
20090719,2009-07-19,15.005470193083568,16.665702823384315,13.369699295420723,"{""type"":""MultiPoint"",""coordinates"":[]}"
20090720,2009-07-20,14.849087017540768,16.46723225079207,13.20917274880316,"{""type"":""MultiPoint"",""coordinates"":[]}"
20090721,2009-07-21,15.066272433877906,16.649890630063982,13.53619653959162,"{""type"":""MultiPoint"",""coordinates"":[]}"
20090722,2009-07-22,15.03448696372219,16.587832275030895,13.603617087850148,"{""type"":""MultiPoint"",""coordinates"":[]}"
20090723,2009-07-23,15.07684116093194,16.623766256306325,13.54180756261097,"{""type"":""MultiPoint"",""coordinates"":[]}"
20090724,2009-07-24,15.1763654351085,16.77111447759376,13.62016959247968,"{""type"":""MultiPoint"",""coordinates"":[]}"
20090725,2009-07-25,15.109783866169252,16.703654273765537,13.553045491013677,"{""type"":""MultiPoint"",""coordinates"":[]}"
20090726,2009-07-26,14.2564336824976,15.99405789306951,12.688543204089656,"{""type"":""MultiPoint"",""coordinates"":[]}"
20090727,2009-07-27,13.952118120259735,15.520960069815807,12.499154645675482,"{""type"":""MultiPoint"",""coordinates"":[]}"
20090728,2009-07-28,14.208101477360744,15.693023118876926,12.636605703608895,"{""type"":""MultiPoint"",""coordinates"":[]}"
20090729,2009-07-29,14.860214577404278,16.394689041918113,13.348212422711311,"{""type"":""MultiPoint"",""coordinates"":[]}"
20090730,2009-07-30,14.679965693047304,16.08950605247791,13.309369706974262,"{""type"":""MultiPoint"",""coordinates"":[]}"
20090731,2009-07-31,14.702300216952558,16.225070499566215,13.236297741350835,"{""type"":""MultiPoint"",""coordinates"":[]}"
20090801,2009-08-01,14.752354660769145,16.388489545100956,13.177789060308967,"{""type"":""MultiPoint"",""coordinates"":[]}"
20090802,2009-08-02,14.671856486260053,16.38365589808143,13.03077455055351,"{""type"":""MultiPoint"",""coordinates"":[]}"
20090803,2009-08-03,14.42498899923409,16.074395183552298,12.84587578106174,"{""type"":""MultiPoint"",""coordinates"":[]}"
20090804,2009-08-04,14.22258441566232,15.9288962894822,12.531801789941635,"{""type"":""MultiPoint"",""coordinates"":[]}"
20090805,2009-08-05,14.203659026960331,15.838529828378908,12.54731966988467,"{""type"":""MultiPoint"",""coordinates"":[]}"
20090806,2009-08-06,14.802578368772464,16.415827322349536,13.086750659266944,"{""type"":""MultiPoint"",""coordinates"":[]}"
20090807,2009-08-07,14.864872190483005,16.466407980997356,13.315667658471632,"{""type"":""MultiPoint"",""coordinates"":[]}"
20090808,2009-08-08,14.679195300943398,16.35368789437305,13.028628451783922,"{""type"":""MultiPoint"",""coordinates"":[]}"
20090809,2009-08-09,14.452281581959639,16.106831616667446,12.802585747236265,"{""type"":""MultiPoint"",""coordinates"":[]}"
20090810,2009-08-10,14.34168507820685,16.103169141192357,12.697907533682159,"{""type"":""MultiPoint"",""coordinates"":[]}"
20090811,2009-08-11,14.463815772117957,16.341903949156727,12.7557890359702,"{""type"":""MultiPoint"",""coordinates"":[]}"
20090812,2009-08-12,14.106802161792181,15.953611079329907,12.436864132012607,"{""type"":""MultiPoint"",""coordinates"":[]}"
20090813,2009-08-13,13.727633317626632,15.613897517150255,12.05841386252468,"{""type"":""MultiPoint"",""coordinates"":[]}"
20090814,2009-08-14,14.022203075085526,15.647589461390726,12.370275668817602,"{""type"":""MultiPoint"",""coordinates"":[]}"
20090815,2009-08-15,14.092357261066702,15.73365653597704,12.508149016324436,"{""type"":""MultiPoint"",""coordinates"":[]}"
20090816,2009-08-16,14.135847718592625,15.888044410065758,12.463499044587836,"{""type"":""MultiPoint"",""coordinates"":[]}"
20090817,2009-08-17,14.746344245315173,16.307421756397662,13.071091654372275,"{""type"":""MultiPoint"",""coordinates"":[]}"
20090818,2009-08-18,14.455279556221123,15.97383485274871,12.97801818181028,"{""type"":""MultiPoint"",""coordinates"":[]}"
20090819,2009-08-19,14.397960028557376,16.07518113471116,12.727429206751706,"{""type"":""MultiPoint"",""coordinates"":[]}"
20090820,2009-08-20,13.799296062604492,15.4699702878402,12.134184626009937,"{""type"":""MultiPoint"",""coordinates"":[]}"
20090821,2009-08-21,13.574799823961982,15.257223384307343,11.896750973927203,"{""type"":""MultiPoint"",""coordinates"":[]}"
20090822,2009-08-22,13.781300661505256,15.467573838437316,12.13739811833304,"{""type"":""MultiPoint"",""coordinates"":[]}"
20090823,2009-08-23,14.061486138336557,15.81827440263792,12.308775491460048,"{""type"":""MultiPoint"",""coordinates"":[]}"
20090824,2009-08-24,13.951802412153109,15.753083695415077,12.169947063437826,"{""type"":""MultiPoint"",""coordinates"":[]}"
20090825,2009-08-25,13.69145175808726,15.433486751362041,12.043222962410145,"{""type"":""MultiPoint"",""coordinates"":[]}"
20090826,2009-08-26,13.819603068440014,15.501331014437989,12.064355572262835,"{""type"":""MultiPoint"",""coordinates"":[]}"
20090827,2009-08-27,13.662731609922801,15.532526763584178,11.765339734345755,"{""type"":""MultiPoint"",""coordinates"":[]}"
20090828,2009-08-28,12.870018130011808,14.747167729738429,11.076908997231792,"{""type"":""MultiPoint"",""coordinates"":[]}"
20090829,2009-08-29,12.81505515524196,14.761675602373725,11.033995194201415,"{""type"":""MultiPoint"",""coordinates"":[]}"
20090830,2009-08-30,13.846692754017084,15.61311379614928,12.010124497455951,"{""type"":""MultiPoint"",""coordinates"":[]}"
20090831,2009-08-31,14.692800084587528,16.250809848700438,12.981101255505445,"{""type"":""MultiPoint"",""coordinates"":[]}"
20090901,2009-09-01,14.943630639936016,16.56867721132182,13.359616919251428,"{""type"":""MultiPoint"",""coordinates"":[]}"
20090902,2009-09-02,14.477645672847178,16.21281140167902,12.862283829041973,"{""type"":""MultiPoint"",""coordinates"":[]}"
20090903,2009-09-03,14.042511024526036,15.671594800478186,12.456262564509613,"{""type"":""MultiPoint"",""coordinates"":[]}"
20090904,2009-09-04,13.67665190731411,15.338650806618862,12.002461951604941,"{""type"":""MultiPoint"",""coordinates"":[]}"
20090905,2009-09-05,12.944396287853726,14.784077371672996,11.088857341198576,"{""type"":""MultiPoint"",""coordinates"":[]}"
20090906,2009-09-06,12.627714073822288,14.587278125179674,10.61707390227188,"{""type"":""MultiPoint"",""coordinates"":[]}"
20090907,2009-09-07,12.86972493367587,14.709614379767668,10.841822792544889,"{""type"":""MultiPoint"",""coordinates"":[]}"
20090908,2009-09-08,13.08237011790779,14.948700958481039,11.09861195451039,"{""type"":""MultiPoint"",""coordinates"":[]}"
20090909,2009-09-09,13.314628259875489,15.103382565633211,11.287519367028285,"{""type"":""MultiPoint"",""coordinates"":[]}"
20090910,2009-09-10,13.662223186177279,15.451493730799708,11.790942700732383,"{""type"":""MultiPoint"",""coordinates"":[]}"
20090911,2009-09-11,13.804309916077418,15.567780759357515,11.89990715619511,"{""type"":""MultiPoint"",""coordinates"":[]}"
20090912,2009-09-12,13.659259718726034,15.567374983075252,11.597051879435844,"{""type"":""MultiPoint"",""coordinates"":[]}"
20090913,2009-09-13,12.948816954653667,15.007073050499702,10.81871799944686,"{""type"":""MultiPoint"",""coordinates"":[]}"
20090914,2009-09-14,12.620052325012074,14.698440166387643,10.465934482926926,"{""type"":""MultiPoint"",""coordinates"":[]}"
20090915,2009-09-15,12.346053188204,14.371037584341758,10.225562137377441,"{""type"":""MultiPoint"",""coordinates"":[]}"
20090916,2009-09-16,12.301276663637914,14.310715266244818,10.17866266371327,"{""type"":""MultiPoint"",""coordinates"":[]}"
20090917,2009-09-17,12.201275770834746,14.316804639757736,10.128818499681143,"{""type"":""MultiPoint"",""coordinates"":[]}"
20090918,2009-09-18,11.991434444689032,14.190289472730786,9.784617869887555,"{""type"":""MultiPoint"",""coordinates"":[]}"
20090919,2009-09-19,11.552155673041609,13.709118069704786,9.375273835420245,"{""type"":""MultiPoint"",""coordinates"":[]}"
20090920,2009-09-20,11.26634185384944,13.455710594043627,9.128609351946109,"{""type"":""MultiPoint"",""coordinates"":[]}"
20090921,2009-09-21,11.492320525779897,13.553141924583374,9.34656707100872,"{""type"":""MultiPoint"",""coordinates"":[]}"
20090922,2009-09-22,11.684828207587971,13.919498105208426,9.39057040853106,"{""type"":""MultiPoint"",""coordinates"":[]}"
20090923,2009-09-23,11.20983214700199,13.530253716831576,8.828392044572817,"{""type"":""MultiPoint"",""coordinates"":[]}"
20090924,2009-09-24,11.254370906826724,13.538923163038657,8.795443310354454,"{""type"":""MultiPoint"",""coordinates"":[]}"
20090925,2009-09-25,10.487760475404793,12.865108412740229,8.097890987324272,"{""type"":""MultiPoint"",""coordinates"":[]}"
20090926,2009-09-26,9.994823201566598,12.708374236018168,7.353988826556242,"{""type"":""MultiPoint"",""coordinates"":[]}"
20090927,2009-09-27,10.433813208638734,12.801421991041211,7.989000353047637,"{""type"":""MultiPoint"",""coordinates"":[]}"
20090928,2009-09-28,10.729581898599143,13.058747710601072,8.282782734910075,"{""type"":""MultiPoint"",""coordinates"":[]}"
20090929,2009-09-29,10.757355438206098,12.928258536417863,8.492894585305317,"{""type"":""MultiPoint"",""coordinates"":[]}"
20090930,2009-09-30,10.591453123585852,12.751390836936563,8.342697847225617,"{""type"":""MultiPoint"",""coordinates"":[]}"
20091001,2009-10-01,10.928791099306585,13.12174344746015,8.590347484126266,"{""type"":""MultiPoint"",""coordinates"":[]}"
20091002,2009-10-02,11.188555542611773,13.21482162579484,8.985750477948628,"{""type"":""MultiPoint"",""coordinates"":[]}"
20091003,2009-10-03,10.94978038730018,12.924695492514708,8.857718782676478,"{""type"":""MultiPoint"",""coordinates"":[]}"
20091004,2009-10-04,11.515894574827943,13.292860898278846,9.506091228126838,"{""type"":""MultiPoint"",""coordinates"":[]}"
20091005,2009-10-05,11.940486973935453,13.652248265568748,9.968508854977179,"{""type"":""MultiPoint"",""coordinates"":[]}"
20091006,2009-10-06,11.535842528043455,13.441689457219677,9.545098267381833,"{""type"":""MultiPoint"",""coordinates"":[]}"
20091007,2009-10-07,10.701575664941396,12.858885847338376,8.358536301086438,"{""type"":""MultiPoint"",""coordinates"":[]}"
20091008,2009-10-08,9.347363175106414,11.726603750887952,6.658990070046644,"{""type"":""MultiPoint"",""coordinates"":[]}"
20091009,2009-10-09,8.132225598078733,10.49494309715088,5.542945949422479,"{""type"":""MultiPoint"",""coordinates"":[]}"
20091010,2009-10-10,7.625585980225127,10.006360639361901,4.9040405219070236,"{""type"":""MultiPoint"",""coordinates"":[]}"
20091011,2009-10-11,7.274993244441503,9.794672926907632,4.462172515112388,"{""type"":""MultiPoint"",""coordinates"":[]}"
20091012,2009-10-12,6.659192620674187,9.19374916951826,3.816313836147882,"{""type"":""MultiPoint"",""coordinates"":[]}"
20091013,2009-10-13,6.292257912236453,8.9836003040855,3.3447367610559664,"{""type"":""MultiPoint"",""coordinates"":[]}"
20091014,2009-10-14,6.19757132850677,8.911498763871611,3.1969364777347065,"{""type"":""MultiPoint"",""coordinates"":[]}"
20091015,2009-10-15,5.965436200406177,8.718310478975607,2.9848249932541595,"{""type"":""MultiPoint"",""coordinates"":[]}"
20091016,2009-10-16,5.8168457074396125,8.632366505217139,2.680056996689847,"{""type"":""MultiPoint"",""coordinates"":[]}"
20091017,2009-10-17,5.520643001573679,8.28241226106978,2.4029694650375526,"{""type"":""MultiPoint"",""coordinates"":[]}"
20091018,2009-10-18,5.149940214711624,7.969650201520063,2.026170597140502,"{""type"":""MultiPoint"",""coordinates"":[]}"
20091019,2009-10-19,4.210018872334754,7.245642871366639,0.9376260943011683,"{""type"":""MultiPoint"",""coordinates"":[]}"
20091020,2009-10-20,3.1775282755570093,6.410601732631974,-0.40346817920066685,"{""type"":""MultiPoint"",""coordinates"":[]}"
20091021,2009-10-21,2.6836453011453996,5.957433865530554,-0.7626365635261622,"{""type"":""MultiPoint"",""coordinates"":[]}"
20091022,2009-10-22,2.1502144876003357,5.590355607764066,-1.3463830637594931,"{""type"":""MultiPoint"",""coordinates"":[]}"
20091023,2009-10-23,1.493293619951399,4.925058234209668,-1.9398522813481778,"{""type"":""MultiPoint"",""coordinates"":[]}"
20091024,2009-10-24,1.4563164837180407,4.672505037952401,-1.8671965035319724,"{""type"":""MultiPoint"",""coordinates"":[]}"
20091025,2009-10-25,1.6705591333889098,4.81011301975092,-1.6383908669227785,"{""type"":""MultiPoint"",""coordinates"":[]}"
20091026,2009-10-26,1.6272533750348452,4.79431839458382,-1.6331925408560808,"{""type"":""MultiPoint"",""coordinates"":[]}"
20091027,2009-10-27,2.032734629354253,5.051617161747894,-1.1730712651974131,"{""type"":""MultiPoint"",""coordinates"":[]}"
20091028,2009-10-28,2.7884066224818516,5.660412158726082,-0.2111255856341349,"{""type"":""MultiPoint"",""coordinates"":[]}"
20091029,2009-10-29,2.8718838930174946,5.802704222110705,-0.11535304228944294,"{""type"":""MultiPoint"",""coordinates"":[]}"
20091030,2009-10-30,2.4149129205184314,5.445538111430888,-0.7785683376131143,"{""type"":""MultiPoint"",""coordinates"":[]}"
20091031,2009-10-31,1.8845158074523956,5.047886253835331,-1.3722196361736767,"{""type"":""MultiPoint"",""coordinates"":[]}"
20091101,2009-11-01,2.1854597574975774,5.309709785034258,-1.2318845409878663,"{""type"":""MultiPoint"",""coordinates"":[]}"
20091102,2009-11-02,2.700189171496538,5.75619905428464,-0.5981223992469121,"{""type"":""MultiPoint"",""coordinates"":[]}"
20091103,2009-11-03,2.7902195551264994,5.709545898940762,-0.5336185091213701,"{""type"":""MultiPoint"",""coordinates"":[]}"
20091104,2009-11-04,3.2149805884137117,5.93874484635724,0.18678813384386095,"{""type"":""MultiPoint"",""coordinates"":[]}"
20091105,2009-11-05,3.8219738935642216,6.46190912938827,0.8616435099947906,"{""type"":""MultiPoint"",""coordinates"":[]}"
20091106,2009-11-06,3.7079634057511544,6.3790986847048785,0.8577253439899031,"{""type"":""MultiPoint"",""coordinates"":[]}"
20091107,2009-11-07,3.8144922991220116,6.372165504315251,0.9827894535604783,"{""type"":""MultiPoint"",""coordinates"":[]}"
20091108,2009-11-08,3.704491289052787,6.354736183487609,0.9735598397291984,"{""type"":""MultiPoint"",""coordinates"":[]}"
20091109,2009-11-09,3.5661993367449782,6.169181254737315,0.7016230028719636,"{""type"":""MultiPoint"",""coordinates"":[]}"
20091110,2009-11-10,2.5535138043261694,5.495849897609912,-0.8934106600709925,"{""type"":""MultiPoint"",""coordinates"":[]}"
20091111,2009-11-11,1.2678640742569165,4.345348125611535,-1.8743575599128486,"{""type"":""MultiPoint"",""coordinates"":[]}"
20091112,2009-11-12,2.59433099780664,5.597742161641765,-1.0728975346439342,"{""type"":""MultiPoint"",""coordinates"":[]}"
20091113,2009-11-13,5.538196671885548,8.06058493597533,2.1054571073374633,"{""type"":""MultiPoint"",""coordinates"":[]}"
20091114,2009-11-14,6.290033754449176,8.340510289470068,3.845285252090317,"{""type"":""MultiPoint"",""coordinates"":[]}"
20091115,2009-11-15,5.38346865243834,7.812054230998372,2.637395244169432,"{""type"":""MultiPoint"",""coordinates"":[]}"
20091116,2009-11-16,4.079263076260618,6.692274578635686,1.2644421118632394,"{""type"":""MultiPoint"",""coordinates"":[]}"
20091117,2009-11-17,2.7834461899915817,5.519984764819297,-0.2482592541699396,"{""type"":""MultiPoint"",""coordinates"":[]}"
20091118,2009-11-18,0.9385461881511109,3.8700746442795375,-2.2533770392846857,"{""type"":""MultiPoint"",""coordinates"":[]}"
20091119,2009-11-19,-0.7204755876640452,2.2616615798335027,-3.95871518664174,"{""type"":""MultiPoint"",""coordinates"":[]}"
20091120,2009-11-20,-2.5381293979721606,0.7109565490525411,-5.904975294347116,"{""type"":""MultiPoint"",""coordinates"":[]}"
20091121,2009-11-21,-2.555368743104163,0.6082555233952719,-5.964256100821974,"{""type"":""MultiPoint"",""coordinates"":[]}"
20091122,2009-11-22,-1.671597982731645,1.3750212524267482,-4.82551700675552,"{""type"":""MultiPoint"",""coordinates"":[]}"
20091123,2009-11-23,-0.9289860295800147,2.092510297823198,-3.898187265798777,"{""type"":""MultiPoint"",""coordinates"":[]}"
20091124,2009-11-24,-0.8655544980977409,2.27018083184077,-3.9199712772447106,"{""type"":""MultiPoint"",""coordinates"":[]}"
20091125,2009-11-25,-0.3834353302080963,2.760920632802697,-3.7558006459906377,"{""type"":""MultiPoint"",""coordinates"":[]}"
20091126,2009-11-26,-1.0332207221964944,2.07082269045356,-4.215266409785012,"{""type"":""MultiPoint"",""coordinates"":[]}"
20091127,2009-11-27,-1.4928912610596907,1.8089425581085052,-5.049679271067814,"{""type"":""MultiPoint"",""coordinates"":[]}"
20091128,2009-11-28,-0.3762186653532553,2.447509001880352,-3.643522844531246,"{""type"":""MultiPoint"",""coordinates"":[]}"
20091129,2009-11-29,-0.18251499003710528,2.57505154502599,-3.0847132296332886,"{""type"":""MultiPoint"",""coordinates"":[]}"
20091130,2009-11-30,0.28982453003148734,2.9572065540785113,-2.5838744942736707,"{""type"":""MultiPoint"",""coordinates"":[]}"
20091201,2009-12-01,0.20564510514331272,2.9874764754055296,-2.7179376903164805,"{""type"":""MultiPoint"",""coordinates"":[]}"
20091202,2009-12-02,-0.029613400109378914,2.7086599076953575,-2.8705289517729606,"{""type"":""MultiPoint"",""coordinates"":[]}"
20091203,2009-12-03,-0.20360556441701744,2.536247478280569,-2.9430579450644014,"{""type"":""MultiPoint"",""coordinates"":[]}"
20091204,2009-12-04,0.29146924369202637,2.9840019417900883,-2.5948047807239187,"{""type"":""MultiPoint"",""coordinates"":[]}"
20091205,2009-12-05,-0.07480052729218946,2.8436130556619292,-3.1618816337366566,"{""type"":""MultiPoint"",""coordinates"":[]}"
20091206,2009-12-06,-1.2420524733552658,1.592081602087131,-4.221783247597494,"{""type"":""MultiPoint"",""coordinates"":[]}"
20091207,2009-12-07,-2.10658242851254,0.8314680533798167,-5.105001824064819,"{""type"":""MultiPoint"",""coordinates"":[]}"
20091208,2009-12-08,-2.180089648479378,0.7046698661814359,-5.283334786886807,"{""type"":""MultiPoint"",""coordinates"":[]}"
20091209,2009-12-09,-0.4058376394309105,2.505493804357678,-4.206677688550874,"{""type"":""MultiPoint"",""coordinates"":[]}"
20091210,2009-12-10,0.8392307044713564,3.2792368507460523,-1.9334864610074416,"{""type"":""MultiPoint"",""coordinates"":[]}"
20091211,2009-12-11,0.27934504423924694,2.700049245973451,-2.432526523053992,"{""type"":""MultiPoint"",""coordinates"":[]}"
20091212,2009-12-12,0.3671640058829557,2.879541312323078,-2.5518943450415392,"{""type"":""MultiPoint"",""coordinates"":[]}"
20091213,2009-12-13,0.6594616132215237,3.138129580376022,-2.4112242107269823,"{""type"":""MultiPoint"",""coordinates"":[]}"
20091214,2009-12-14,-0.7842597852046218,2.3247998327840653,-4.066409393140666,"{""type"":""MultiPoint"",""coordinates"":[]}"
20091215,2009-12-15,0.0753687720792737,2.7092472499360087,-3.5254074541195664,"{""type"":""MultiPoint"",""coordinates"":[]}"
20091216,2009-12-16,-0.4705026546100309,2.2667377319725492,-3.30362010001347,"{""type"":""MultiPoint"",""coordinates"":[]}"
20091217,2009-12-17,-1.1351868875640272,1.5255702291911355,-4.013517984257149,"{""type"":""MultiPoint"",""coordinates"":[]}"
20091218,2009-12-18,-1.8714265233285217,0.90389585026403,-4.7289285228524784,"{""type"":""MultiPoint"",""coordinates"":[]}"
20091219,2009-12-19,-2.479167373537178,0.4354464230630012,-5.603719201416725,"{""type"":""MultiPoint"",""coordinates"":[]}"
20091220,2009-12-20,-2.0807846782182415,0.6592166474768868,-5.376896034674269,"{""type"":""MultiPoint"",""coordinates"":[]}"
20091221,2009-12-21,-2.3702843127556568,0.32520158508492125,-5.298253918340865,"{""type"":""MultiPoint"",""coordinates"":[]}"
20091222,2009-12-22,-3.003069541692906,-0.40963792218578143,-5.7119216467410014,"{""type"":""MultiPoint"",""coordinates"":[]}"
20091223,2009-12-23,-3.5465394757113797,-0.7819821973345279,-6.606480528093633,"{""type"":""MultiPoint"",""coordinates"":[]}"
20091224,2009-12-24,-5.1411162932644965,-2.0313926473467525,-8.223223326626307,"{""type"":""MultiPoint"",""coordinates"":[]}"
20091225,2009-12-25,-5.623412039654863,-2.4295869781399793,-8.974187859560729,"{""type"":""MultiPoint"",""coordinates"":[]}"
20091226,2009-12-26,-4.839744431651121,-1.959151543084409,-7.823389952821045,"{""type"":""MultiPoint"",""coordinates"":[]}"
20091227,2009-12-27,-3.794119618195977,-1.057908798245275,-6.8658647555834005,"{""type"":""MultiPoint"",""coordinates"":[]}"
20091228,2009-12-28,-3.2217788407606536,-0.6329803506456173,-5.95224295405029,"{""type"":""MultiPoint"",""coordinates"":[]}"
20091229,2009-12-29,-2.7355871303672097,-0.09644263276351235,-5.699838536451147,"{""type"":""MultiPoint"",""coordinates"":[]}"
20091230,2009-12-30,-2.1077516263049447,0.8150005753625238,-5.521057124879366,"{""type"":""MultiPoint"",""coordinates"":[]}"
20091231,2009-12-31,-3.185087386497522,0.20112514132686915,-6.483391004030716,"{""type"":""MultiPoint"",""coordinates"":[]}"
20100101,2010-01-01,-4.9137025410950645,-1.7377639166788201,-8.159158995009065,"{""type"":""MultiPoint"",""coordinates"":[]}"
20100102,2010-01-02,-4.492151591280891,-1.2009003762552142,-7.888505615302767,"{""type"":""MultiPoint"",""coordinates"":[]}"
20100103,2010-01-03,-1.8660599907531459,1.4283194495575904,-6.259227633192119,"{""type"":""MultiPoint"",""coordinates"":[]}"
20100104,2010-01-04,-1.2284321838817318,1.87288418361611,-5.005595675165401,"{""type"":""MultiPoint"",""coordinates"":[]}"
20100105,2010-01-05,-2.831607185188486,0.34618811605199495,-5.993979527586649,"{""type"":""MultiPoint"",""coordinates"":[]}"
20100106,2010-01-06,-3.7552270357610937,-0.4683900779259245,-7.063509817397642,"{""type"":""MultiPoint"",""coordinates"":[]}"
20100107,2010-01-07,-4.002585490337418,-0.7923662108245545,-7.253635950718,"{""type"":""MultiPoint"",""coordinates"":[]}"
20100108,2010-01-08,-3.317759573844116,-0.2647191619213086,-6.613630542232772,"{""type"":""MultiPoint"",""coordinates"":[]}"
20100109,2010-01-09,-2.80937042056224,0.02765292712127003,-5.759687626580976,"{""type"":""MultiPoint"",""coordinates"":[]}"
20100110,2010-01-10,-2.6063111660219933,0.15080152024401672,-5.599684592862602,"{""type"":""MultiPoint"",""coordinates"":[]}"
20100111,2010-01-11,-2.704467454830576,0.05102841499013656,-5.568807740994316,"{""type"":""MultiPoint"",""coordinates"":[]}"
20100112,2010-01-12,-2.557145941563342,0.39677330320878645,-5.781519237528622,"{""type"":""MultiPoint"",""coordinates"":[]}"
20100113,2010-01-13,-1.4494068666452051,1.8097880813914922,-5.377940491740121,"{""type"":""MultiPoint"",""coordinates"":[]}"
20100114,2010-01-14,-1.275252023718371,1.8524154070290333,-4.691176104439264,"{""type"":""MultiPoint"",""coordinates"":[]}"
20100115,2010-01-15,-1.5535217634696397,1.2307465217728673,-4.641609055469365,"{""type"":""MultiPoint"",""coordinates"":[]}"
20100116,2010-01-16,-2.08802053397455,0.8947886026853985,-5.14399756514582,"{""type"":""MultiPoint"",""coordinates"":[]}"
20100117,2010-01-17,-1.8251944657243135,1.0050996458699906,-5.037879092965444,"{""type"":""MultiPoint"",""coordinates"":[]}"
20100118,2010-01-18,-1.8539172148274237,1.0083319041771424,-5.023047165311826,"{""type"":""MultiPoint"",""coordinates"":[]}"
20100119,2010-01-19,-1.9823667766480904,0.9282807476509087,-5.26913469909655,"{""type"":""MultiPoint"",""coordinates"":[]}"
20100120,2010-01-20,-2.4144260147029533,0.5427553453382176,-5.693965430442094,"{""type"":""MultiPoint"",""coordinates"":[]}"
20100121,2010-01-21,-2.1844560431398823,0.8988340052604005,-5.823704327585121,"{""type"":""MultiPoint"",""coordinates"":[]}"
20100122,2010-01-22,-2.4298075936169945,0.7725420518750254,-5.950694810514623,"{""type"":""MultiPoint"",""coordinates"":[]}"
20100123,2010-01-23,-2.0938735793535157,0.9137480279479315,-5.506826393365228,"{""type"":""MultiPoint"",""coordinates"":[]}"
20100124,2010-01-24,-2.203691885597485,1.0168777751459965,-5.644389708649654,"{""type"":""MultiPoint"",""coordinates"":[]}"
20100125,2010-01-25,-1.8423906152548293,1.1537505772376342,-5.332307086179088,"{""type"":""MultiPoint"",""coordinates"":[]}"
20100126,2010-01-26,-2.603291951453078,0.6729725240237652,-6.093178739699909,"{""type"":""MultiPoint"",""coordinates"":[]}"
20100127,2010-01-27,-2.3271544347634365,0.7335524550528505,-5.715210587432986,"{""type"":""MultiPoint"",""coordinates"":[]}"
20100128,2010-01-28,-2.088181131687152,0.8568555923596872,-5.092544908324073,"{""type"":""MultiPoint"",""coordinates"":[]}"
20100129,2010-01-29,-2.1893735431836046,0.8280273050642016,-5.550458911918196,"{""type"":""MultiPoint"",""coordinates"":[]}"
20100130,2010-01-30,-3.2800580525090486,0.05763251124642172,-6.623060597501446,"{""type"":""MultiPoint"",""coordinates"":[]}"
20100131,2010-01-31,-3.2885139958628624,-0.43579505612099223,-6.398183214581204,"{""type"":""MultiPoint"",""coordinates"":[]}"
20100201,2010-02-01,-2.9580713355757786,-0.1748037252181919,-5.8971011781710745,"{""type"":""MultiPoint"",""coordinates"":[]}"
20100202,2010-02-02,-3.2954856345439714,-0.552655812772496,-6.2286291615230915,"{""type"":""MultiPoint"",""coordinates"":[]}"
20100203,2010-02-03,-4.099780822798784,-1.0854405014008646,-7.152859415315732,"{""type"":""MultiPoint"",""coordinates"":[]}"
20100204,2010-02-04,-3.9601911761612203,-1.1370998095744262,-7.0516095295214996,"{""type"":""MultiPoint"",""coordinates"":[]}"
20100205,2010-02-05,-3.5948952357289183,-0.4890760975340378,-7.150093786668059,"{""type"":""MultiPoint"",""coordinates"":[]}"
20100206,2010-02-06,-2.2855899495462664,0.7733721449773239,-5.782302874576896,"{""type"":""MultiPoint"",""coordinates"":[]}"
20100207,2010-02-07,-0.8598341296976383,1.8459776421043026,-3.8255494264072114,"{""type"":""MultiPoint"",""coordinates"":[]}"
20100208,2010-02-08,0.013659781247741934,3.201858319054646,-3.6575367815827717,"{""type"":""MultiPoint"",""coordinates"":[]}"
20100209,2010-02-09,-1.1917173095648,2.7469248914085203,-5.580712526600378,"{""type"":""MultiPoint"",""coordinates"":[]}"
20100210,2010-02-10,-2.981760146629847,0.20418262172902016,-6.349488704819375,"{""type"":""MultiPoint"",""coordinates"":[]}"
20100211,2010-02-11,-2.0119351783684074,0.7801122927886787,-5.4374700781830905,"{""type"":""MultiPoint"",""coordinates"":[]}"
20100212,2010-02-12,-1.284971749998594,1.8051941039068224,-4.846618350625117,"{""type"":""MultiPoint"",""coordinates"":[]}"
20100213,2010-02-13,-1.7062229559454538,1.0662633501348864,-4.617427781463522,"{""type"":""MultiPoint"",""coordinates"":[]}"
20100214,2010-02-14,-1.9950366283811394,0.7535637892697045,-4.9836567041697455,"{""type"":""MultiPoint"",""coordinates"":[]}"
20100215,2010-02-15,-2.3980496036688512,0.5824782905051142,-5.717600650080073,"{""type"":""MultiPoint"",""coordinates"":[]}"
20100216,2010-02-16,-2.634528780547712,0.5204442938848032,-6.10882900766519,"{""type"":""MultiPoint"",""coordinates"":[]}"
20100217,2010-02-17,-3.6740337320846987,-0.11087458149253386,-7.528977355746879,"{""type"":""MultiPoint"",""coordinates"":[]}"
20100218,2010-02-18,-5.025686256893438,-1.259756216874925,-8.901596631915272,"{""type"":""MultiPoint"",""coordinates"":[]}"
20100219,2010-02-19,-3.6230676519965463,-0.20472486296995762,-7.570522816758338,"{""type"":""MultiPoint"",""coordinates"":[]}"
20100220,2010-02-20,-2.9846861530231963,0.4115173306730228,-6.664563319633266,"{""type"":""MultiPoint"",""coordinates"":[]}"
20100221,2010-02-21,-2.1643111058128075,1.124393951640196,-5.8112743592064255,"{""type"":""MultiPoint"",""coordinates"":[]}"
20100222,2010-02-22,-0.8323326739327206,2.458032078235779,-4.468398556139187,"{""type"":""MultiPoint"",""coordinates"":[]}"
20100223,2010-02-23,0.42658761303973874,3.75646594109414,-3.2112614634716743,"{""type"":""MultiPoint"",""coordinates"":[]}"
20100224,2010-02-24,0.2768961979901451,3.520053853337972,-3.154358143239478,"{""type"":""MultiPoint"",""coordinates"":[]}"
20100225,2010-02-25,0.07598661697676598,3.303709949744351,-3.495495795750386,"{""type"":""MultiPoint"",""coordinates"":[]}"
20100226,2010-02-26,0.3488523567270011,3.3482064229824813,-3.1593028647366763,"{""type"":""MultiPoint"",""coordinates"":[]}"
20100227,2010-02-27,0.27899747504296907,3.7638573479847555,-3.4154609580443847,"{""type"":""MultiPoint"",""coordinates"":[]}"
20100228,2010-02-28,-0.16086263070073756,3.340509461235558,-4.025530594501785,"{""type"":""MultiPoint"",""coordinates"":[]}"
20100301,2010-03-01,0.7899733501806998,4.134096712556915,-3.1079113597060855,"{""type"":""MultiPoint"",""coordinates"":[]}"
20100302,2010-03-02,-0.19601291277517913,3.6093322590701193,-4.22319174080789,"{""type"":""MultiPoint"",""coordinates"":[]}"
20100303,2010-03-03,-0.05561065523690622,3.388347294624329,-4.017906245352042,"{""type"":""MultiPoint"",""coordinates"":[]}"
20100304,2010-03-04,1.407837813777671,4.567467629510157,-2.340979507470867,"{""type"":""MultiPoint"",""coordinates"":[]}"
20100305,2010-03-05,1.1617908696657553,4.386792794387923,-2.29597825860791,"{""type"":""MultiPoint"",""coordinates"":[]}"
20100306,2010-03-06,0.44027894803297457,3.7242311815428244,-3.2537669739328607,"{""type"":""MultiPoint"",""coordinates"":[]}"
20100307,2010-03-07,0.47737724337162285,3.9316441303436367,-3.389093764454403,"{""type"":""MultiPoint"",""coordinates"":[]}"
20100308,2010-03-08,-0.515274223520099,3.023607917824225,-4.0801308265963865,"{""type"":""MultiPoint"",""coordinates"":[]}"
20100309,2010-03-09,-0.997687832363142,2.581890325054669,-4.732715111408359,"{""type"":""MultiPoint"",""coordinates"":[]}"
20100310,2010-03-10,-1.3926890619855616,2.0633778481576006,-4.873433778921012,"{""type"":""MultiPoint"",""coordinates"":[]}"
20100311,2010-03-11,-0.9652478620961354,2.5843691008218124,-4.688270957110779,"{""type"":""MultiPoint"",""coordinates"":[]}"
20100312,2010-03-12,-0.3720349769578484,3.2954399653614117,-4.236026795110357,"{""type"":""MultiPoint"",""coordinates"":[]}"
20100313,2010-03-13,0.027181729512118925,3.722477124116308,-3.8349941481013237,"{""type"":""MultiPoint"",""coordinates"":[]}"
20100314,2010-03-14,-0.414935880249757,3.569254386066183,-4.5421971580949885,"{""type"":""MultiPoint"",""coordinates"":[]}"
20100315,2010-03-15,-1.4845082882022556,2.856005939033884,-5.690165210421085,"{""type"":""MultiPoint"",""coordinates"":[]}"
20100316,2010-03-16,-0.3877944836416798,3.672762254198055,-5.053387353766268,"{""type"":""MultiPoint"",""coordinates"":[]}"
20100317,2010-03-17,-0.1893906764614224,3.9704859019286216,-4.304801736445874,"{""type"":""MultiPoint"",""coordinates"":[]}"
20100318,2010-03-18,-0.09670334871049394,4.014626222867378,-4.391311916538957,"{""type"":""MultiPoint"",""coordinates"":[]}"
20100319,2010-03-19,0.23084989965969585,4.371173592952805,-4.0220369404381096,"{""type"":""MultiPoint"",""coordinates"":[]}"
20100320,2010-03-20,0.6871373441154593,4.921775643775424,-3.5147146915560694,"{""type"":""MultiPoint"",""coordinates"":[]}"
20100321,2010-03-21,1.31802691899241,5.3062601292303695,-2.993958698216268,"{""type"":""MultiPoint"",""coordinates"":[]}"
20100322,2010-03-22,2.3220560096413205,6.031069385986868,-1.6211914604092568,"{""type"":""MultiPoint"",""coordinates"":[]}"
20100323,2010-03-23,2.318001400837313,6.028988081454985,-1.737629044727606,"{""type"":""MultiPoint"",""coordinates"":[]}"
20100324,2010-03-24,2.0675028585631936,5.915197158977794,-2.094099064845001,"{""type"":""MultiPoint"",""coordinates"":[]}"
20100325,2010-03-25,2.286285150497741,6.0863939504321936,-1.8561993319502292,"{""type"":""MultiPoint"",""coordinates"":[]}"
20100326,2010-03-26,2.693621236610694,6.5712213555278,-1.4549054844968154,"{""type"":""MultiPoint"",""coordinates"":[]}"
20100327,2010-03-27,3.0613936853600294,6.868391413255565,-1.266255062718051,"{""type"":""MultiPoint"",""coordinates"":[]}"
20100328,2010-03-28,2.41191581436899,6.294896910074882,-1.6449506205079372,"{""type"":""MultiPoint"",""coordinates"":[]}"
20100329,2010-03-29,2.7055497006015123,6.173345520185782,-1.118563541809002,"{""type"":""MultiPoint"",""coordinates"":[]}"
20100330,2010-03-30,2.995515226642641,6.419278271143613,-0.8614773960763846,"{""type"":""MultiPoint"",""coordinates"":[]}"
20100331,2010-03-31,2.0527266729481934,5.751899601651953,-1.8128498744104056,"{""type"":""MultiPoint"",""coordinates"":[]}"
20100401,2010-04-01,1.277553037498129,5.022453295759286,-2.7632889191794137,"{""type"":""MultiPoint"",""coordinates"":[]}"
20100402,2010-04-02,1.499805598880495,5.296575280511588,-2.7040077927716686,"{""type"":""MultiPoint"",""coordinates"":[]}"
20100403,2010-04-03,1.6137903952282309,5.3740351320065205,-2.2248472741544685,"{""type"":""MultiPoint"",""coordinates"":[]}"
20100404,2010-04-04,1.1554533662517277,5.096928239204165,-2.7908837895211036,"{""type"":""MultiPoint"",""coordinates"":[]}"
20100405,2010-04-05,0.7376959906695081,4.748567283133871,-3.1660052259926545,"{""type"":""MultiPoint"",""coordinates"":[]}"
20100406,2010-04-06,-0.5407249286268058,4.002568123165527,-5.028662131366835,"{""type"":""MultiPoint"",""coordinates"":[]}"
20100407,2010-04-07,-1.0027149055612363,3.423750870097164,-5.4863638210322145,"{""type"":""MultiPoint"",""coordinates"":[]}"
20100408,2010-04-08,1.1914780050629588,5.216984057030222,-3.163307516670578,"{""type"":""MultiPoint"",""coordinates"":[]}"
20100409,2010-04-09,1.9690654489341697,5.688916535570241,-1.9368881048754631,"{""type"":""MultiPoint"",""coordinates"":[]}"
20100410,2010-04-10,2.108635897604729,5.817379689177688,-1.8640827865886842,"{""type"":""MultiPoint"",""coordinates"":[]}"
20100411,2010-04-11,3.092532417630439,6.660375812801679,-0.8267075891494804,"{""type"":""MultiPoint"",""coordinates"":[]}"
20100412,2010-04-12,4.248147192396044,7.728907734631604,0.14484635881581878,"{""type"":""MultiPoint"",""coordinates"":[]}"
20100413,2010-04-13,3.099934375626284,7.397999595714311,-1.17351506262336,"{""type"":""MultiPoint"",""coordinates"":[]}"
20100414,2010-04-14,1.635281338354259,5.882374190342517,-2.5323257124304486,"{""type"":""MultiPoint"",""coordinates"":[]}"
20100415,2010-04-15,2.4330407379653547,6.5307535426900865,-1.8298062628953942,"{""type"":""MultiPoint"",""coordinates"":[]}"
20100416,2010-04-16,4.385423657785839,8.20455932123973,0.075811777443703,"{""type"":""MultiPoint"",""coordinates"":[]}"
20100417,2010-04-17,5.425122137645935,8.663824381825087,1.8108356552412936,"{""type"":""MultiPoint"",""coordinates"":[]}"
20100418,2010-04-18,6.383704042175651,9.495582686225852,2.7001199803573877,"{""type"":""MultiPoint"",""coordinates"":[]}"
20100419,2010-04-19,6.609146745301199,9.799715053366555,3.187142614141675,"{""type"":""MultiPoint"",""coordinates"":[]}"
20100420,2010-04-20,5.196945117254812,8.760311808767762,1.4401675508945222,"{""type"":""MultiPoint"",""coordinates"":[]}"
20100421,2010-04-21,4.7826672060731035,8.174644963738418,1.1928036982442127,"{""type"":""MultiPoint"",""coordinates"":[]}"
20100422,2010-04-22,3.896272044590616,7.774177480652549,0.054180828447731054,"{""type"":""MultiPoint"",""coordinates"":[]}"
20100423,2010-04-23,3.2061707983152834,7.188747693370457,-0.7053963686987603,"{""type"":""MultiPoint"",""coordinates"":[]}"
20100424,2010-04-24,2.743227327549843,6.813737289542485,-1.3847631254417212,"{""type"":""MultiPoint"",""coordinates"":[]}"
20100425,2010-04-25,1.9437946571402176,5.810096913476922,-2.094015124969917,"{""type"":""MultiPoint"",""coordinates"":[]}"
20100426,2010-04-26,2.3411844545270273,6.379445996351721,-1.6543894441522893,"{""type"":""MultiPoint"",""coordinates"":[]}"
20100427,2010-04-27,3.4712907786996556,7.245151678066906,-0.7214646150841191,"{""type"":""MultiPoint"",""coordinates"":[]}"
20100428,2010-04-28,4.759969887617998,8.373025090207081,0.6199157993952139,"{""type"":""MultiPoint"",""coordinates"":[]}"
20100429,2010-04-29,6.022501574710065,9.253634779150971,2.1805418610540004,"{""type"":""MultiPoint"",""coordinates"":[]}"
20100430,2010-04-30,6.947530663213161,9.848904134134596,3.4280460125349346,"{""type"":""MultiPoint"",""coordinates"":[]}"
20100501,2010-05-01,7.460520254799787,10.389446029437098,4.073383847005477,"{""type"":""MultiPoint"",""coordinates"":[]}"
20100502,2010-05-02,7.480567751098708,10.675337574912074,4.13296929154565,"{""type"":""MultiPoint"",""coordinates"":[]}"
20100503,2010-05-03,6.654450194399288,10.055918438760166,2.998546665339179,"{""type"":""MultiPoint"",""coordinates"":[]}"
20100504,2010-05-04,6.789656761343169,10.263933137548472,2.87976134552573,"{""type"":""MultiPoint"",""coordinates"":[]}"
20100505,2010-05-05,8.257670923771148,11.256520227280472,4.5568252221438685,"{""type"":""MultiPoint"",""coordinates"":[]}"
20100506,2010-05-06,9.378381357456368,12.005335691312766,6.425094951431624,"{""type"":""MultiPoint"",""coordinates"":[]}"
20100507,2010-05-07,9.442720527605053,12.17037181637431,6.47748482811818,"{""type"":""MultiPoint"",""coordinates"":[]}"
20100508,2010-05-08,8.659369490596305,11.60872049165618,5.680177574993298,"{""type"":""MultiPoint"",""coordinates"":[]}"
20100509,2010-05-09,7.219209433852278,10.369505752106704,3.931680084348018,"{""type"":""MultiPoint"",""coordinates"":[]}"
20100510,2010-05-10,6.44459635019316,9.975196063650387,2.768282269369843,"{""type"":""MultiPoint"",""coordinates"":[]}"
20100511,2010-05-11,6.067003344593891,9.393101245239613,2.580874564518649,"{""type"":""MultiPoint"",""coordinates"":[]}"
20100512,2010-05-12,5.710071116574302,9.25999724431975,1.9973644234572607,"{""type"":""MultiPoint"",""coordinates"":[]}"
20100513,2010-05-13,5.908911917543727,9.428651363178354,2.172683850138519,"{""type"":""MultiPoint"",""coordinates"":[]}"
20100514,2010-05-14,6.189352543909571,9.62087022028871,2.451481320783475,"{""type"":""MultiPoint"",""coordinates"":[]}"
20100515,2010-05-15,5.8001188728314155,9.378497576508423,1.9390556286204208,"{""type"":""MultiPoint"",""coordinates"":[]}"
20100516,2010-05-16,6.401531804329441,9.787460685069563,2.6157616485473008,"{""type"":""MultiPoint"",""coordinates"":[]}"
20100517,2010-05-17,7.489749464267558,10.801630813038338,3.768993988300307,"{""type"":""MultiPoint"",""coordinates"":[]}"
20100518,2010-05-18,8.4152653483466,11.386321389658207,5.007156862043217,"{""type"":""MultiPoint"",""coordinates"":[]}"
20100519,2010-05-19,8.475785277824283,11.38422929714583,5.470835128583961,"{""type"":""MultiPoint"",""coordinates"":[]}"
20100520,2010-05-20,7.701555379276699,10.82294059925235,4.335345086468718,"{""type"":""MultiPoint"",""coordinates"":[]}"
20100521,2010-05-21,7.0658228591627,10.604029517371634,3.4773515320936594,"{""type"":""MultiPoint"",""coordinates"":[]}"
20100522,2010-05-22,7.19096165605336,10.639933409708455,3.4383530305547083,"{""type"":""MultiPoint"",""coordinates"":[]}"
20100523,2010-05-23,8.436300639320809,11.683736939438216,4.845024737818798,"{""type"":""MultiPoint"",""coordinates"":[]}"
20100524,2010-05-24,8.296641415837291,11.640039609231241,4.593541120909966,"{""type"":""MultiPoint"",""coordinates"":[]}"
20100525,2010-05-25,7.416610440043818,10.911042266199397,3.8094969768812654,"{""type"":""MultiPoint"",""coordinates"":[]}"
20100526,2010-05-26,6.947165256734962,10.201591111749556,3.396084090561888,"{""type"":""MultiPoint"",""coordinates"":[]}"
20100527,2010-05-27,7.537106040322288,10.985529329843562,3.611435702143302,"{""type"":""MultiPoint"",""coordinates"":[]}"
20100528,2010-05-28,8.704804964411624,11.802244584905067,5.231248623894303,"{""type"":""MultiPoint"",""coordinates"":[]}"
20100529,2010-05-29,9.14699172821425,12.247921891478958,5.741224790352147,"{""type"":""MultiPoint"",""coordinates"":[]}"
20100530,2010-05-30,8.672844892512085,12.007112658633632,5.276728432101228,"{""type"":""MultiPoint"",""coordinates"":[]}"
20100531,2010-05-31,7.6879252408211,11.221599988040117,4.306048097036398,"{""type"":""MultiPoint"",""coordinates"":[]}"
20100601,2010-06-01,7.399941185831711,10.949844482432626,3.806651487305233,"{""type"":""MultiPoint"",""coordinates"":[]}"
20100602,2010-06-02,8.499618375877953,11.683309660424388,5.117937555817365,"{""type"":""MultiPoint"",""coordinates"":[]}"
20100603,2010-06-03,9.969995766302983,12.811722138733176,6.7817230494175185,"{""type"":""MultiPoint"",""coordinates"":[]}"
20100604,2010-06-04,10.77927162059967,13.15981431671282,7.947345283623041,"{""type"":""MultiPoint"",""coordinates"":[]}"
20100605,2010-06-05,10.148886554477482,12.698693369582776,7.4601533752643965,"{""type"":""MultiPoint"",""coordinates"":[]}"
20100606,2010-06-06,9.684400324025924,12.412437345752489,6.737290805847724,"{""type"":""MultiPoint"",""coordinates"":[]}"
20100607,2010-06-07,10.48231703694308,13.010550581704992,7.483665556675364,"{""type"":""MultiPoint"",""coordinates"":[]}"
20100608,2010-06-08,11.547785575425763,13.859906383577217,9.028508870600412,"{""type"":""MultiPoint"",""coordinates"":[]}"
20100609,2010-06-09,10.99202395333232,13.41543540096458,8.35515019832693,"{""type"":""MultiPoint"",""coordinates"":[]}"
20100610,2010-06-10,10.738976025300264,13.467908719233794,7.849387895868586,"{""type"":""MultiPoint"",""coordinates"":[]}"
20100611,2010-06-11,10.39276822720888,13.242974281214641,7.400956573591946,"{""type"":""MultiPoint"",""coordinates"":[]}"
20100612,2010-06-12,10.488170081825924,13.14069745996076,7.6596228743164385,"{""type"":""MultiPoint"",""coordinates"":[]}"
20100613,2010-06-13,11.016455541767694,13.520648735166487,8.335482818693954,"{""type"":""MultiPoint"",""coordinates"":[]}"
20100614,2010-06-14,11.882334139067416,14.064999602764338,9.557108339101605,"{""type"":""MultiPoint"",""coordinates"":[]}"
20100615,2010-06-15,12.619797804090592,14.652707202284898,10.452291739687643,"{""type"":""MultiPoint"",""coordinates"":[]}"
20100616,2010-06-16,12.901461917584875,14.906849330359853,10.683318597452867,"{""type"":""MultiPoint"",""coordinates"":[]}"
20100617,2010-06-17,12.873619869391876,15.02544062915899,10.636345240586975,"{""type"":""MultiPoint"",""coordinates"":[]}"
20100618,2010-06-18,12.354524154039238,14.772496820839436,9.95333960901931,"{""type"":""MultiPoint"",""coordinates"":[]}"
20100619,2010-06-19,12.070715446533574,14.565050279412768,9.535133998240296,"{""type"":""MultiPoint"",""coordinates"":[]}"
20100620,2010-06-20,12.123827983007846,14.542392154547107,9.560057423986384,"{""type"":""MultiPoint"",""coordinates"":[]}"
20100621,2010-06-21,12.4696719587948,14.85191292959475,9.925912582170842,"{""type"":""MultiPoint"",""coordinates"":[]}"
20100622,2010-06-22,12.693841149514101,14.943278936585259,10.324450191183411,"{""type"":""MultiPoint"",""coordinates"":[]}"
20100623,2010-06-23,13.227684462411688,15.286337570151016,10.96163095665397,"{""type"":""MultiPoint"",""coordinates"":[]}"
20100624,2010-06-24,13.89221290723937,15.789956624483032,11.839639322375811,"{""type"":""MultiPoint"",""coordinates"":[]}"
20100625,2010-06-25,14.347111067412031,16.224460922774558,12.414570403970767,"{""type"":""MultiPoint"",""coordinates"":[]}"
20100626,2010-06-26,14.166690511503358,16.17886862354656,12.15168153662128,"{""type"":""MultiPoint"",""coordinates"":[]}"
20100627,2010-06-27,13.677686034023244,15.78085093714368,11.537240485366379,"{""type"":""MultiPoint"",""coordinates"":[]}"
20100628,2010-06-28,13.549965049309016,15.521958701894306,11.526903221937108,"{""type"":""MultiPoint"",""coordinates"":[]}"
20100629,2010-06-29,13.731545674431906,15.613285546221162,11.710915541735714,"{""type"":""MultiPoint"",""coordinates"":[]}"
20100630,2010-06-30,13.943629707028231,15.787584237645872,12.017009636242394,"{""type"":""MultiPoint"",""coordinates"":[]}"
20100701,2010-07-01,14.070457426201665,15.904459547609374,12.210677390165344,"{""type"":""MultiPoint"",""coordinates"":[]}"
20100702,2010-07-02,14.179147232365551,16.048662792540185,12.303720815526576,"{""type"":""MultiPoint"",""coordinates"":[]}"
20100703,2010-07-03,14.027052613500613,15.990723980317346,12.093030435900536,"{""type"":""MultiPoint"",""coordinates"":[]}"
20100704,2010-07-04,14.376132985693618,16.208407387711578,12.443229842288611,"{""type"":""MultiPoint"",""coordinates"":[]}"
20100705,2010-07-05,15.071292970909393,16.680370916711468,13.421260410268065,"{""type"":""MultiPoint"",""coordinates"":[]}"
20100706,2010-07-06,15.220561557999805,16.742946543112044,13.761747357299296,"{""type"":""MultiPoint"",""coordinates"":[]}"
20100707,2010-07-07,15.3300850009486,16.92411451147744,13.842469863633603,"{""type"":""MultiPoint"",""coordinates"":[]}"
20100708,2010-07-08,15.111783248420894,16.759400577973675,13.467107036014042,"{""type"":""MultiPoint"",""coordinates"":[]}"
20100709,2010-07-09,14.639109215252649,16.308528263740595,13.051506559799137,"{""type"":""MultiPoint"",""coordinates"":[]}"
20100710,2010-07-10,14.646960222278265,16.38298512918451,12.944178738235234,"{""type"":""MultiPoint"",""coordinates"":[]}"
20100711,2010-07-11,14.511183511496368,16.311473511941355,12.689169819245834,"{""type"":""MultiPoint"",""coordinates"":[]}"
20100712,2010-07-12,14.401962807331085,16.00163213183011,12.674915896258684,"{""type"":""MultiPoint"",""coordinates"":[]}"
20100713,2010-07-13,14.879607950265248,16.482429458984026,13.19755294557921,"{""type"":""MultiPoint"",""coordinates"":[]}"
20100714,2010-07-14,15.182816210611357,16.888043543634986,13.398881583655047,"{""type"":""MultiPoint"",""coordinates"":[]}"
20100715,2010-07-15,15.354789468329228,17.150797186437057,13.5953648769564,"{""type"":""MultiPoint"",""coordinates"":[]}"
20100716,2010-07-16,15.264259515170584,17.011369310047165,13.553452738878745,"{""type"":""MultiPoint"",""coordinates"":[]}"
20100717,2010-07-17,15.113248030375658,16.865689469178992,13.441451815064998,"{""type"":""MultiPoint"",""coordinates"":[]}"
20100718,2010-07-18,14.63411050497228,16.471170062209673,12.965189022120269,"{""type"":""MultiPoint"",""coordinates"":[]}"
20100719,2010-07-19,14.937457114629566,16.671484650298677,13.211747299077448,"{""type"":""MultiPoint"",""coordinates"":[]}"
20100720,2010-07-20,15.623156515212944,17.039409905101795,14.048264843001451,"{""type"":""MultiPoint"",""coordinates"":[]}"
20100721,2010-07-21,15.887611756056874,17.259029944502974,14.548164471991496,"{""type"":""MultiPoint"",""coordinates"":[]}"
20100722,2010-07-22,16.063611356083808,17.46314408299736,14.73540898673343,"{""type"":""MultiPoint"",""coordinates"":[]}"
20100723,2010-07-23,16.184505953331957,17.668773179470726,14.739799528421102,"{""type"":""MultiPoint"",""coordinates"":[]}"
20100724,2010-07-24,16.161872977315568,17.71407123943021,14.673143908184114,"{""type"":""MultiPoint"",""coordinates"":[]}"
20100725,2010-07-25,16.06170563403805,17.61281682183156,14.60780073999818,"{""type"":""MultiPoint"",""coordinates"":[]}"
20100726,2010-07-26,16.005239102132485,17.505358986198456,14.61683588209574,"{""type"":""MultiPoint"",""coordinates"":[]}"
20100727,2010-07-27,16.202713979995732,17.643479686661344,14.79502132642034,"{""type"":""MultiPoint"",""coordinates"":[]}"
20100728,2010-07-28,16.39885199936574,17.72262016039047,15.1022435895422,"{""type"":""MultiPoint"",""coordinates"":[]}"
20100729,2010-07-29,16.477241829117588,17.874762434552345,15.171419189577678,"{""type"":""MultiPoint"",""coordinates"":[]}"
20100730,2010-07-30,16.293582483398673,17.7386002145627,14.99121420355398,"{""type"":""MultiPoint"",""coordinates"":[]}"
20100731,2010-07-31,15.974581327090581,17.43958160793209,14.599166584052988,"{""type"":""MultiPoint"",""coordinates"":[]}"
20100801,2010-08-01,15.981687107071606,17.33620116499178,14.633325043816336,"{""type"":""MultiPoint"",""coordinates"":[]}"
20100802,2010-08-02,16.18215660819552,17.676761206693847,14.796396537273763,"{""type"":""MultiPoint"",""coordinates"":[]}"
20100803,2010-08-03,16.10967286928586,17.813941222963923,14.574460124291694,"{""type"":""MultiPoint"",""coordinates"":[]}"
20100804,2010-08-04,15.769606101454732,17.33305532408485,14.329066905705496,"{""type"":""MultiPoint"",""coordinates"":[]}"
20100805,2010-08-05,15.893560685966062,17.371731916275195,14.362563762010323,"{""type"":""MultiPoint"",""coordinates"":[]}"
20100806,2010-08-06,15.901186110321305,17.450353843747553,14.403634399760117,"{""type"":""MultiPoint"",""coordinates"":[]}"
20100807,2010-08-07,16.066126278099368,17.530920229838905,14.597013144821194,"{""type"":""MultiPoint"",""coordinates"":[]}"
20100808,2010-08-08,16.220729885221573,17.71737169040188,14.821051221822133,"{""type"":""MultiPoint"",""coordinates"":[]}"
20100809,2010-08-09,16.39089382827203,17.847088338095507,15.041689786835533,"{""type"":""MultiPoint"",""coordinates"":[]}"
20100810,2010-08-10,16.468953761373932,17.942953909016072,15.151285050041963,"{""type"":""MultiPoint"",""coordinates"":[]}"
20100811,2010-08-11,16.464032768375443,17.962410982568674,15.167317021371778,"{""type"":""MultiPoint"",""coordinates"":[]}"
20100812,2010-08-12,16.403896747962097,18.027706497670167,15.029963837601523,"{""type"":""MultiPoint"",""coordinates"":[]}"
20100813,2010-08-13,15.900446465287363,17.522386685944312,14.492146535450035,"{""type"":""MultiPoint"",""coordinates"":[]}"
20100814,2010-08-14,15.557539951357246,17.167591223121264,14.137012576544793,"{""type"":""MultiPoint"",""coordinates"":[]}"
20100815,2010-08-15,15.931763843976675,17.639926732694796,14.446029252104662,"{""type"":""MultiPoint"",""coordinates"":[]}"
20100816,2010-08-16,16.322152084225912,17.748581787317004,15.010091394371504,"{""type"":""MultiPoint"",""coordinates"":[]}"
20100817,2010-08-17,16.27396209128116,17.70762027355326,15.125904305406653,"{""type"":""MultiPoint"",""coordinates"":[]}"
20100818,2010-08-18,16.006637872384534,17.387966855672104,14.841094584090204,"{""type"":""MultiPoint"",""coordinates"":[]}"
20100819,2010-08-19,16.023588984828013,17.553782435239235,14.686554171300001,"{""type"":""MultiPoint"",""coordinates"":[]}"
20100820,2010-08-20,15.668049795468697,17.22063266606075,14.354823236717563,"{""type"":""MultiPoint"",""coordinates"":[]}"
20100821,2010-08-21,15.265516110064077,16.777637198028895,13.929322109413924,"{""type"":""MultiPoint"",""coordinates"":[]}"
20100822,2010-08-22,14.90290958951105,16.3267133736474,13.605324292861939,"{""type"":""MultiPoint"",""coordinates"":[]}"
20100823,2010-08-23,14.699400659364848,16.21511890195747,13.225608218826514,"{""type"":""MultiPoint"",""coordinates"":[]}"
20100824,2010-08-24,14.95771238076535,16.482832759618834,13.39896008079811,"{""type"":""MultiPoint"",""coordinates"":[]}"
20100825,2010-08-25,15.066827011429625,16.538212898302287,13.593489358457163,"{""type"":""MultiPoint"",""coordinates"":[]}"
20100826,2010-08-26,15.235267749122555,16.718355582226614,13.709997396162013,"{""type"":""MultiPoint"",""coordinates"":[]}"
20100827,2010-08-27,15.30712373303087,16.90476722668535,13.792451446948064,"{""type"":""MultiPoint"",""coordinates"":[]}"
20100828,2010-08-28,15.398234633953551,17.034141525816565,13.868168884145959,"{""type"":""MultiPoint"",""coordinates"":[]}"
20100829,2010-08-29,15.012868382867584,16.720873645481788,13.509797572090301,"{""type"":""MultiPoint"",""coordinates"":[]}"
20100830,2010-08-30,14.451804634508798,16.165231999788002,12.90675534685721,"{""type"":""MultiPoint"",""coordinates"":[]}"
20100831,2010-08-31,14.297927748177129,15.991850948915948,12.776019937706126,"{""type"":""MultiPoint"",""coordinates"":[]}"
20100901,2010-09-01,14.227779837254756,15.91066748968719,12.70131815130951,"{""type"":""MultiPoint"",""coordinates"":[]}"
20100902,2010-09-02,14.367824082419684,16.047994556354563,12.84362053216493,"{""type"":""MultiPoint"",""coordinates"":[]}"
20100903,2010-09-03,14.653985772318757,16.307141511491082,13.075493392331442,"{""type"":""MultiPoint"",""coordinates"":[]}"
20100904,2010-09-04,14.381820919983774,15.8158537216489,13.059871080060024,"{""type"":""MultiPoint"",""coordinates"":[]}"
20100905,2010-09-05,14.078833511492636,15.694386333202287,12.51075246556217,"{""type"":""MultiPoint"",""coordinates"":[]}"
20100906,2010-09-06,13.592145641855069,15.333807257089825,12.002716605285489,"{""type"":""MultiPoint"",""coordinates"":[]}"
20100907,2010-09-07,13.668564789332175,15.416282859554185,11.865119972554597,"{""type"":""MultiPoint"",""coordinates"":[]}"
20100908,2010-09-08,13.72846340206157,15.318482173123979,12.212235481551138,"{""type"":""MultiPoint"",""coordinates"":[]}"
20100909,2010-09-09,13.837770922069511,15.40710237109792,12.242267499175844,"{""type"":""MultiPoint"",""coordinates"":[]}"
20100910,2010-09-10,13.767751304363847,15.415572518334612,12.117020268994787,"{""type"":""MultiPoint"",""coordinates"":[]}"
20100911,2010-09-11,13.964844437042657,15.621224534272223,12.281885959359638,"{""type"":""MultiPoint"",""coordinates"":[]}"
20100912,2010-09-12,14.175919495980018,15.763471532736608,12.54786006639686,"{""type"":""MultiPoint"",""coordinates"":[]}"
20100913,2010-09-13,14.377437403390921,15.89947158906394,12.851581941988158,"{""type"":""MultiPoint"",""coordinates"":[]}"
20100914,2010-09-14,14.231997698726671,15.771805013576913,12.775504723026833,"{""type"":""MultiPoint"",""coordinates"":[]}"
20100915,2010-09-15,13.934829460606403,15.644423253312976,12.442765787310329,"{""type"":""MultiPoint"",""coordinates"":[]}"
20100916,2010-09-16,13.733804806654897,15.495396150811228,12.098736705880373,"{""type"":""MultiPoint"",""coordinates"":[]}"
20100917,2010-09-17,13.531978928537974,15.257005582059378,11.866919628217937,"{""type"":""MultiPoint"",""coordinates"":[]}"
20100918,2010-09-18,13.531194453093617,15.225543987392257,11.779430468910306,"{""type"":""MultiPoint"",""coordinates"":[]}"
20100919,2010-09-19,13.216735972806873,14.954007010899494,11.41346551140557,"{""type"":""MultiPoint"",""coordinates"":[]}"
20100920,2010-09-20,12.988336406039215,14.943492943588316,10.978157548345958,"{""type"":""MultiPoint"",""coordinates"":[]}"
20100921,2010-09-21,12.973452017649453,14.858137215618102,10.916966685836645,"{""type"":""MultiPoint"",""coordinates"":[]}"
20100922,2010-09-22,13.066407179961805,15.017880962756976,10.842502936303703,"{""type"":""MultiPoint"",""coordinates"":[]}"
20100923,2010-09-23,12.883192727289881,14.890031745148029,10.742015170879224,"{""type"":""MultiPoint"",""coordinates"":[]}"
20100924,2010-09-24,12.03274000625103,13.953949699312513,10.05331226177365,"{""type"":""MultiPoint"",""coordinates"":[]}"
20100925,2010-09-25,11.266670665545561,13.377202191128083,9.136406928853358,"{""type"":""MultiPoint"",""coordinates"":[]}"
20100926,2010-09-26,10.673476214769847,12.835870280557035,8.340920403623594,"{""type"":""MultiPoint"",""coordinates"":[]}"
20100927,2010-09-27,10.175323832891674,12.522038379166274,7.693801739557716,"{""type"":""MultiPoint"",""coordinates"":[]}"
20100928,2010-09-28,9.900010008892894,12.241898607346538,7.425667388919425,"{""type"":""MultiPoint"",""coordinates"":[]}"
20100929,2010-09-29,10.104931659658828,12.401800179981255,7.6689448014039705,"{""type"":""MultiPoint"",""coordinates"":[]}"
20100930,2010-09-30,9.977638968764037,12.31969424741324,7.448889474314962,"{""type"":""MultiPoint"",""coordinates"":[]}"
20101001,2010-10-01,9.877964843035404,12.156131910356372,7.385653657839517,"{""type"":""MultiPoint"",""coordinates"":[]}"
20101002,2010-10-02,10.075847613786918,12.392799633258027,7.622243165624011,"{""type"":""MultiPoint"",""coordinates"":[]}"
20101003,2010-10-03,9.794566273342818,12.046888190871792,7.399779600783531,"{""type"":""MultiPoint"",""coordinates"":[]}"
20101004,2010-10-04,9.090026788298557,11.540506679333424,6.399714817752823,"{""type"":""MultiPoint"",""coordinates"":[]}"
20101005,2010-10-05,8.376425318558027,10.935641095803991,5.593703037256132,"{""type"":""MultiPoint"",""coordinates"":[]}"
20101006,2010-10-06,8.014588863167841,10.57734097747498,5.234160545924889,"{""type"":""MultiPoint"",""coordinates"":[]}"
20101007,2010-10-07,8.473738373295562,10.877990244540845,5.570236896400168,"{""type"":""MultiPoint"",""coordinates"":[]}"
20101008,2010-10-08,9.225314413623604,11.437875972399869,6.438535515545854,"{""type"":""MultiPoint"",""coordinates"":[]}"
20101009,2010-10-09,9.00171710701641,11.283727601307179,6.369375821063001,"{""type"":""MultiPoint"",""coordinates"":[]}"
20101010,2010-10-10,8.690186675309354,10.952902080856482,6.032174124948639,"{""type"":""MultiPoint"",""coordinates"":[]}"
20101011,2010-10-11,8.486915252955706,10.817492483483994,5.792030053383193,"{""type"":""MultiPoint"",""coordinates"":[]}"
20101012,2010-10-12,8.149590442202129,10.580449830090673,5.401302836449535,"{""type"":""MultiPoint"",""coordinates"":[]}"
20101013,2010-10-13,7.749198146416066,10.150062274192749,5.0387799004028135,"{""type"":""MultiPoint"",""coordinates"":[]}"
20101014,2010-10-14,7.67708404944037,10.28538801499522,4.833585043449101,"{""type"":""MultiPoint"",""coordinates"":[]}"
20101015,2010-10-15,8.1496712613767,10.832435432423004,5.0489818779740405,"{""type"":""MultiPoint"",""coordinates"":[]}"
20101016,2010-10-16,8.622328043715383,11.037875388019494,5.832730318891687,"{""type"":""MultiPoint"",""coordinates"":[]}"
20101017,2010-10-17,8.927831645122918,11.24924573351931,6.33480722352291,"{""type"":""MultiPoint"",""coordinates"":[]}"
20101018,2010-10-18,9.107527041395995,11.410999288167586,6.526825004282016,"{""type"":""MultiPoint"",""coordinates"":[]}"
20101019,2010-10-19,9.00815758294868,11.345281825332327,6.383853206812272,"{""type"":""MultiPoint"",""coordinates"":[]}"
20101020,2010-10-20,9.142047599997776,11.411305645868868,6.453740368799443,"{""type"":""MultiPoint"",""coordinates"":[]}"
20101021,2010-10-21,8.766196168520366,11.052145280555553,6.002300929408405,"{""type"":""MultiPoint"",""coordinates"":[]}"
20101022,2010-10-22,7.780393672441956,10.257296230806825,5.0066549062289045,"{""type"":""MultiPoint"",""coordinates"":[]}"
20101023,2010-10-23,6.80260278824805,9.440380716870433,3.974285492095518,"{""type"":""MultiPoint"",""coordinates"":[]}"
20101024,2010-10-24,5.294743317319386,8.074676100238165,2.4862327220512928,"{""type"":""MultiPoint"",""coordinates"":[]}"
20101025,2010-10-25,4.239171399007311,7.054992863644076,1.3225511439055344,"{""type"":""MultiPoint"",""coordinates"":[]}"
20101026,2010-10-26,3.794602963510272,6.589160641459173,0.8734688475828734,"{""type"":""MultiPoint"",""coordinates"":[]}"
20101027,2010-10-27,3.7388768540016235,6.525036404116969,0.786134182589752,"{""type"":""MultiPoint"",""coordinates"":[]}"
20101028,2010-10-28,3.295909197333939,6.270315001522492,0.2056761568110046,"{""type"":""MultiPoint"",""coordinates"":[]}"
20101029,2010-10-29,3.6550053892299927,6.571734390841781,0.4783083334501896,"{""type"":""MultiPoint"",""coordinates"":[]}"
20101030,2010-10-30,4.633070994146394,7.280070873437489,1.388281075772614,"{""type"":""MultiPoint"",""coordinates"":[]}"
20101031,2010-10-31,5.103150114841983,7.507353493611668,2.3788964959611207,"{""type"":""MultiPoint"",""coordinates"":[]}"
20101101,2010-11-01,4.4950024519882446,6.91909982301114,1.7868250455244907,"{""type"":""MultiPoint"",""coordinates"":[]}"
20101102,2010-11-02,3.580752782161048,6.152110820502178,0.5935574584493822,"{""type"":""MultiPoint"",""coordinates"":[]}"
20101103,2010-11-03,2.8178615964049585,5.810551419440151,-0.34684475893137456,"{""type"":""MultiPoint"",""coordinates"":[]}"
20101104,2010-11-04,2.9713034981600384,5.854976522441031,-0.2847075159267691,"{""type"":""MultiPoint"",""coordinates"":[]}"
20101105,2010-11-05,3.606029661540793,6.411391679561932,0.5596175184467583,"{""type"":""MultiPoint"",""coordinates"":[]}"
20101106,2010-11-06,3.743639251988481,6.416581137527508,0.8266901605643953,"{""type"":""MultiPoint"",""coordinates"":[]}"
20101107,2010-11-07,3.4699392479987208,6.290566332508816,0.3783404128803706,"{""type"":""MultiPoint"",""coordinates"":[]}"
20101108,2010-11-08,3.4751052128492415,6.4071410057103755,0.13598859667530114,"{""type"":""MultiPoint"",""coordinates"":[]}"
20101109,2010-11-09,3.678064484951876,6.637383703604274,0.48446085315902837,"{""type"":""MultiPoint"",""coordinates"":[]}"
20101110,2010-11-10,3.3634305951675754,6.2597142252170155,0.3622842848306539,"{""type"":""MultiPoint"",""coordinates"":[]}"
20101111,2010-11-11,3.555368121801273,6.395760719594069,0.31030437475656325,"{""type"":""MultiPoint"",""coordinates"":[]}"
20101112,2010-11-12,4.114854760643088,6.548397506245561,1.3686748469655112,"{""type"":""MultiPoint"",""coordinates"":[]}"
20101113,2010-11-13,4.494356148649786,6.785630739005322,1.8761846259801591,"{""type"":""MultiPoint"",""coordinates"":[]}"
20101114,2010-11-14,4.365955398981287,6.736526887631849,1.7650195837939915,"{""type"":""MultiPoint"",""coordinates"":[]}"
20101115,2010-11-15,3.746738942004828,6.262233927503113,1.0513482592368997,"{""type"":""MultiPoint"",""coordinates"":[]}"
20101116,2010-11-16,3.48542837524583,5.9863016351856295,0.7275228415776784,"{""type"":""MultiPoint"",""coordinates"":[]}"
20101117,2010-11-17,3.41536572131797,5.998135563162734,0.5808593777045246,"{""type"":""MultiPoint"",""coordinates"":[]}"
20101118,2010-11-18,3.4869619225884176,5.9276369028241005,0.6079713974995166,"{""type"":""MultiPoint"",""coordinates"":[]}"
20101119,2010-11-19,3.418639880593419,6.130792849715407,0.325184736678645,"{""type"":""MultiPoint"",""coordinates"":[]}"
20101120,2010-11-20,1.886184242882447,4.832698321648161,-1.22510337077742,"{""type"":""MultiPoint"",""coordinates"":[]}"
20101121,2010-11-21,1.021702069748612,4.059218318677738,-2.375203710605191,"{""type"":""MultiPoint"",""coordinates"":[]}"
20101122,2010-11-22,1.9135230024965866,4.6357911503791644,-1.1082846696770245,"{""type"":""MultiPoint"",""coordinates"":[]}"
20101123,2010-11-23,3.2027319903502023,5.511750322938292,0.23895676441260857,"{""type"":""MultiPoint"",""coordinates"":[]}"
20101124,2010-11-24,3.3875395047849075,5.860051853923254,0.6198334491155526,"{""type"":""MultiPoint"",""coordinates"":[]}"
20101125,2010-11-25,3.6971059231362178,6.353994862459888,0.750302595869027,"{""type"":""MultiPoint"",""coordinates"":[]}"
20101126,2010-11-26,2.743307711758224,5.469915158244919,-0.17359420607746037,"{""type"":""MultiPoint"",""coordinates"":[]}"
20101127,2010-11-27,1.6493404680846893,4.413000931714469,-1.2837725490100431,"{""type"":""MultiPoint"",""coordinates"":[]}"
20101128,2010-11-28,0.9999708876070807,3.8073003466582724,-1.9165000202852456,"{""type"":""MultiPoint"",""coordinates"":[]}"
20101129,2010-11-29,-0.15037782045845116,2.9067225497298055,-3.232193729302538,"{""type"":""MultiPoint"",""coordinates"":[]}"
20101130,2010-11-30,-1.5793831861184253,1.3508235214342434,-4.743491534782625,"{""type"":""MultiPoint"",""coordinates"":[]}"
20101201,2010-12-01,-1.9167855837737262,0.93605546537817,-5.052667010436548,"{""type"":""MultiPoint"",""coordinates"":[]}"
20101202,2010-12-02,-1.4321270852270833,1.3396203076299609,-4.50791710045252,"{""type"":""MultiPoint"",""coordinates"":[]}"
20101203,2010-12-03,-1.7333953448076156,1.3055445066543674,-4.915536300036106,"{""type"":""MultiPoint"",""coordinates"":[]}"
20101204,2010-12-04,-1.4221646658496145,1.4648148288450538,-4.79435371848803,"{""type"":""MultiPoint"",""coordinates"":[]}"
20101205,2010-12-05,-1.2241146410687795,1.6090234508607257,-4.1487813185634295,"{""type"":""MultiPoint"",""coordinates"":[]}"
20101206,2010-12-06,-1.1840960858015044,1.532909683697511,-4.151377584895641,"{""type"":""MultiPoint"",""coordinates"":[]}"
20101207,2010-12-07,-0.8030307987756569,1.9271425233112645,-4.010109905161529,"{""type"":""MultiPoint"",""coordinates"":[]}"
20101208,2010-12-08,-0.2030418326201239,2.3706547534348474,-3.1643702731183088,"{""type"":""MultiPoint"",""coordinates"":[]}"
20101209,2010-12-09,0.007541249406082611,2.540626913886405,-2.779583004020496,"{""type"":""MultiPoint"",""coordinates"":[]}"
20101210,2010-12-10,-0.4872863813653449,2.0709084851566906,-3.3206047361306434,"{""type"":""MultiPoint"",""coordinates"":[]}"
20101211,2010-12-11,-1.7169280633607853,1.17996934295387,-4.684450872184651,"{""type"":""MultiPoint"",""coordinates"":[]}"
20101212,2010-12-12,-3.263433160391986,-0.06833973358631198,-6.670933453417324,"{""type"":""MultiPoint"",""coordinates"":[]}"
20101213,2010-12-13,-2.489784866779101,0.29431148248490235,-5.715482809825921,"{""type"":""MultiPoint"",""coordinates"":[]}"
20101214,2010-12-14,-2.64904912345953,0.18572149079306044,-5.515938826722291,"{""type"":""MultiPoint"",""coordinates"":[]}"
20101215,2010-12-15,-3.978773935593815,-1.1336261351663728,-6.949134078550369,"{""type"":""MultiPoint"",""coordinates"":[]}"
20101216,2010-12-16,-3.171765212257472,-0.21993118089193434,-6.5539369024861704,"{""type"":""MultiPoint"",""coordinates"":[]}"
20101217,2010-12-17,-2.6170630744191468,0.2602774769351884,-5.777025109842479,"{""type"":""MultiPoint"",""coordinates"":[]}"
20101218,2010-12-18,-3.1953602499844016,-0.27853387676858865,-6.163762613943798,"{""type"":""MultiPoint"",""coordinates"":[]}"
20101219,2010-12-19,-4.4832526055247754,-1.1590037763753331,-8.023064316015144,"{""type"":""MultiPoint"",""coordinates"":[]}"
20101220,2010-12-20,-4.933542901745579,-1.7640147338832963,-8.628236544845164,"{""type"":""MultiPoint"",""coordinates"":[]}"
20101221,2010-12-21,-4.968925225928854,-1.8707751869814209,-8.085302759094336,"{""type"":""MultiPoint"",""coordinates"":[]}"
20101222,2010-12-22,-4.119180108630331,-1.1181165608994281,-7.405869256664402,"{""type"":""MultiPoint"",""coordinates"":[]}"
20101223,2010-12-23,-3.537253409517522,-0.5794881855996756,-6.893762193354636,"{""type"":""MultiPoint"",""coordinates"":[]}"
20101224,2010-12-24,-4.913932166136161,-1.5315511120827983,-8.24386475583751,"{""type"":""MultiPoint"",""coordinates"":[]}"
20101225,2010-12-25,-5.38340821444957,-2.5680842860754516,-8.51466405590743,"{""type"":""MultiPoint"",""coordinates"":[]}"
20101226,2010-12-26,-4.159872970943612,-1.3806774880765698,-7.443690610000179,"{""type"":""MultiPoint"",""coordinates"":[]}"
20101227,2010-12-27,-3.557721129030749,-0.7875332639660954,-6.495175757068807,"{""type"":""MultiPoint"",""coordinates"":[]}"
20101228,2010-12-28,-3.2744334063608753,-0.6436019457840725,-6.087709775199555,"{""type"":""MultiPoint"",""coordinates"":[]}"
20101229,2010-12-29,-1.8940830457616027,0.6387574959191251,-4.948473452830114,"{""type"":""MultiPoint"",""coordinates"":[]}"
20101230,2010-12-30,-0.6375787572174746,2.1117094137515795,-3.9457536912724125,"{""type"":""MultiPoint"",""coordinates"":[]}"
20101231,2010-12-31,-0.9667162464275714,2.101096433068323,-4.7460502039617545,"{""type"":""MultiPoint"",""coordinates"":[]}"
20110101,2011-01-01,-3.7315017893614453,0.025027249440843453,-8.077684444495333,"{""type"":""MultiPoint"",""coordinates"":[]}"
20110102,2011-01-02,-5.646371098205718,-2.3631089190756907,-9.176762031393668,"{""type"":""MultiPoint"",""coordinates"":[]}"
20110103,2011-01-03,-5.374783689458418,-2.3883523300079754,-8.45126611777895,"{""type"":""MultiPoint"",""coordinates"":[]}"
20110104,2011-01-04,-4.501692655152103,-1.615701946935689,-7.773847549041346,"{""type"":""MultiPoint"",""coordinates"":[]}"
20110105,2011-01-05,-4.643736572744065,-1.7378997572861148,-7.661087220700176,"{""type"":""MultiPoint"",""coordinates"":[]}"
20110106,2011-01-06,-4.828111494290523,-1.8048584617322956,-8.207002105024662,"{""type"":""MultiPoint"",""coordinates"":[]}"
20110107,2011-01-07,-3.733765773771172,-1.1483217076780432,-6.901325731064753,"{""type"":""MultiPoint"",""coordinates"":[]}"
20110108,2011-01-08,-3.0780383043721313,-0.573304875169379,-6.1137725335056095,"{""type"":""MultiPoint"",""coordinates"":[]}"
20110109,2011-01-09,-4.259327153475514,-1.3039090808442115,-7.5383671842457645,"{""type"":""MultiPoint"",""coordinates"":[]}"
20110110,2011-01-10,-6.010043504982607,-2.749663752261961,-9.435410920360114,"{""type"":""MultiPoint"",""coordinates"":[]}"
20110111,2011-01-11,-5.879683999500208,-2.6131260939585834,-9.709094213520263,"{""type"":""MultiPoint"",""coordinates"":[]}"
20110112,2011-01-12,-5.00673478252922,-1.9848397643416786,-8.240411959837656,"{""type"":""MultiPoint"",""coordinates"":[]}"
20110113,2011-01-13,-4.266539726366713,-1.1878606486917878,-7.553582166255754,"{""type"":""MultiPoint"",""coordinates"":[]}"
20110114,2011-01-14,-4.3088648650928665,-1.0834297052761224,-8.062684925603005,"{""type"":""MultiPoint"",""coordinates"":[]}"
20110115,2011-01-15,-4.765378632006781,-1.3839573542257086,-8.760467613871592,"{""type"":""MultiPoint"",""coordinates"":[]}"
20110116,2011-01-16,-6.278949561275809,-2.6723522941018305,-10.334552297641258,"{""type"":""MultiPoint"",""coordinates"":[]}"
20110117,2011-01-17,-6.411208205513758,-2.8650872630700803,-10.504025905005324,"{""type"":""MultiPoint"",""coordinates"":[]}"
20110118,2011-01-18,-5.342003454930425,-2.1612757410539487,-9.12531157553125,"{""type"":""MultiPoint"",""coordinates"":[]}"
20110119,2011-01-19,-6.632898494765137,-3.421537177707132,-9.886149858922415,"{""type"":""MultiPoint"",""coordinates"":[]}"
20110120,2011-01-20,-5.80016609627936,-2.5900095760155772,-9.80527730276139,"{""type"":""MultiPoint"",""coordinates"":[]}"
20110121,2011-01-21,-4.591871787741517,-1.6463114186906644,-7.827231837523024,"{""type"":""MultiPoint"",""coordinates"":[]}"
20110122,2011-01-22,-4.204517593817446,-1.3389356870609717,-7.269637179608253,"{""type"":""MultiPoint"",""coordinates"":[]}"
20110123,2011-01-23,-4.141889164451225,-1.0969508507380428,-7.1468469618495325,"{""type"":""MultiPoint"",""coordinates"":[]}"
20110124,2011-01-24,-4.719183452120567,-1.772267609731039,-7.6551723343882685,"{""type"":""MultiPoint"",""coordinates"":[]}"
20110125,2011-01-25,-5.259683316297085,-2.166871477741608,-8.37674247976293,"{""type"":""MultiPoint"",""coordinates"":[]}"
20110126,2011-01-26,-5.410553459689205,-2.3480457200508287,-8.812774902419266,"{""type"":""MultiPoint"",""coordinates"":[]}"
20110127,2011-01-27,-6.467962644156385,-3.1811148203268074,-9.741326035207004,"{""type"":""MultiPoint"",""coordinates"":[]}"
20110128,2011-01-28,-5.010140953630388,-1.8430156701716,-9.064740488967914,"{""type"":""MultiPoint"",""coordinates"":[]}"
20110129,2011-01-29,-2.7856530168507114,0.07021397461823406,-6.250187113128873,"{""type"":""MultiPoint"",""coordinates"":[]}"
20110130,2011-01-30,-2.048313029242611,0.7542077115369497,-5.447531378568659,"{""type"":""MultiPoint"",""coordinates"":[]}"
20110131,2011-01-31,-2.9442949046147175,0.17451951539289326,-6.117367390810948,"{""type"":""MultiPoint"",""coordinates"":[]}"
20110201,2011-02-01,-3.995690556819967,-0.8947169976415587,-7.095425574943373,"{""type"":""MultiPoint"",""coordinates"":[]}"
20110202,2011-02-02,-3.6788870422435473,-0.7288463693481037,-6.886845578210715,"{""type"":""MultiPoint"",""coordinates"":[]}"
20110203,2011-02-03,-2.6795059497855993,0.3254928193446912,-6.065590198914661,"{""type"":""MultiPoint"",""coordinates"":[]}"
20110204,2011-02-04,-1.8612956991817355,1.2406044572342048,-5.119457891807515,"{""type"":""MultiPoint"",""coordinates"":[]}"
20110205,2011-02-05,-1.7353696777305248,1.252553783122249,-4.9048395132945855,"{""type"":""MultiPoint"",""coordinates"":[]}"
20110206,2011-02-06,-1.2135468944537497,1.8003509846495152,-4.35695624243763,"{""type"":""MultiPoint"",""coordinates"":[]}"
20110207,2011-02-07,-1.1276821622304696,2.246249053214192,-4.855370021804173,"{""type"":""MultiPoint"",""coordinates"":[]}"
20110208,2011-02-08,-2.523720572375182,1.4726864862866038,-6.673483012115167,"{""type"":""MultiPoint"",""coordinates"":[]}"
20110209,2011-02-09,-4.4407445577726365,-0.9373270971056468,-7.905537015244303,"{""type"":""MultiPoint"",""coordinates"":[]}"
20110210,2011-02-10,-4.2847365453341295,-0.8359942129752487,-8.242617730830231,"{""type"":""MultiPoint"",""coordinates"":[]}"
20110211,2011-02-11,-3.3944543205722613,-0.2127448862854508,-6.845234213736983,"{""type"":""MultiPoint"",""coordinates"":[]}"
20110212,2011-02-12,-2.611302510543554,0.3891802163512065,-6.063070119936289,"{""type"":""MultiPoint"",""coordinates"":[]}"
20110213,2011-02-13,-0.6769331166174872,2.302277034165382,-4.279935256252063,"{""type"":""MultiPoint"",""coordinates"":[]}"
20110214,2011-02-14,-0.002666075521043223,2.870261768566917,-3.263781931639263,"{""type"":""MultiPoint"",""coordinates"":[]}"
20110215,2011-02-15,0.3763399047704522,3.2416853115526068,-2.958388569228085,"{""type"":""MultiPoint"",""coordinates"":[]}"
20110216,2011-02-16,0.35203029720721185,3.2273605196716546,-2.9122292701486554,"{""type"":""MultiPoint"",""coordinates"":[]}"
20110217,2011-02-17,-0.9450701917880728,2.141779943347763,-4.263698883766024,"{""type"":""MultiPoint"",""coordinates"":[]}"
20110218,2011-02-18,-2.0412052083736274,0.7502358649048793,-5.150510277228349,"{""type"":""MultiPoint"",""coordinates"":[]}"
20110219,2011-02-19,-1.6119197008955581,0.9186131607884659,-4.677099523870368,"{""type"":""MultiPoint"",""coordinates"":[]}"
20110220,2011-02-20,-1.6845876105941038,1.1625327134254944,-4.997055911315886,"{""type"":""MultiPoint"",""coordinates"":[]}"
20110221,2011-02-21,-2.4937173819979606,0.5346086190102628,-5.79103954563062,"{""type"":""MultiPoint"",""coordinates"":[]}"
20110222,2011-02-22,-2.8402395845054196,0.16051623627626652,-6.20443874298207,"{""type"":""MultiPoint"",""coordinates"":[]}"
20110223,2011-02-23,-1.5268678492859242,1.331780232383646,-5.307868744016392,"{""type"":""MultiPoint"",""coordinates"":[]}"
20110224,2011-02-24,-1.2955679638121878,1.4287611687453985,-4.201601463268294,"{""type"":""MultiPoint"",""coordinates"":[]}"
20110225,2011-02-25,-1.3134937291011295,1.5019926491501563,-4.389368145015235,"{""type"":""MultiPoint"",""coordinates"":[]}"
20110226,2011-02-26,-1.7565296617910973,1.0941386434208673,-4.852066986670041,"{""type"":""MultiPoint"",""coordinates"":[]}"
20110227,2011-02-27,-2.8134652258390447,0.42418464525855387,-6.183226643279301,"{""type"":""MultiPoint"",""coordinates"":[]}"
20110228,2011-02-28,-3.4250970914471917,-0.17337814173392893,-7.001699650813777,"{""type"":""MultiPoint"",""coordinates"":[]}"
20110301,2011-03-01,-1.8823222871838576,1.136996070515194,-5.609380183788554,"{""type"":""MultiPoint"",""coordinates"":[]}"
20110302,2011-03-02,-0.554476398911963,2.3801496245644174,-3.9908333399290505,"{""type"":""MultiPoint"",""coordinates"":[]}"
20110303,2011-03-03,0.647000898167356,3.2555248393933933,-2.656507658687574,"{""type"":""MultiPoint"",""coordinates"":[]}"
20110304,2011-03-04,0.5702232072269353,3.4430526947394866,-2.5719743165117315,"{""type"":""MultiPoint"",""coordinates"":[]}"
20110305,2011-03-05,-0.494863528575188,2.528886495745716,-3.573214483206446,"{""type"":""MultiPoint"",""coordinates"":[]}"
20110306,2011-03-06,-1.3381606953997593,1.856172873144789,-4.652592140323927,"{""type"":""MultiPoint"",""coordinates"":[]}"
20110307,2011-03-07,-1.787246982853015,1.6334159112507867,-5.30275361145591,"{""type"":""MultiPoint"",""coordinates"":[]}"
20110308,2011-03-08,-1.731983674901219,1.7737347748870504,-5.564682547836668,"{""type"":""MultiPoint"",""coordinates"":[]}"
20110309,2011-03-09,-1.7748727093433347,1.873612409198391,-5.562999230742232,"{""type"":""MultiPoint"",""coordinates"":[]}"
20110310,2011-03-10,-2.8717714955794587,1.0211325219951408,-6.780044818552617,"{""type"":""MultiPoint"",""coordinates"":[]}"
20110311,2011-03-11,-3.401248327256135,0.3387046856435495,-7.297947150188557,"{""type"":""MultiPoint"",""coordinates"":[]}"
20110312,2011-03-12,-2.779444670671565,1.2291969516106531,-6.993377021287722,"{""type"":""MultiPoint"",""coordinates"":[]}"
20110313,2011-03-13,-2.2409635253782407,1.543394698540338,-6.334605313943854,"{""type"":""MultiPoint"",""coordinates"":[]}"
20110314,2011-03-14,-2.759683199094946,1.2431931549312527,-6.59551401623995,"{""type"":""MultiPoint"",""coordinates"":[]}"
20110315,2011-03-15,-2.4894206754988244,1.294660917485406,-6.497548573555622,"{""type"":""MultiPoint"",""coordinates"":[]}"
20110316,2011-03-16,-1.2614164480197898,2.836978361467001,-6.133448096971665,"{""type"":""MultiPoint"",""coordinates"":[]}"
20110317,2011-03-17,0.14993050828580692,3.9100962711560983,-3.9360424411164665,"{""type"":""MultiPoint"",""coordinates"":[]}"
20110318,2011-03-18,1.0994482620079271,4.484682703070379,-2.7607137850104544,"{""type"":""MultiPoint"",""coordinates"":[]}"
20110319,2011-03-19,0.8157874176482824,4.422596776411584,-3.1652869484421777,"{""type"":""MultiPoint"",""coordinates"":[]}"
20110320,2011-03-20,-0.0303428542677262,3.7655212787272956,-4.1013826188013125,"{""type"":""MultiPoint"",""coordinates"":[]}"
20110321,2011-03-21,-1.1502627789197963,2.89213191565526,-5.270615352044443,"{""type"":""MultiPoint"",""coordinates"":[]}"
20110322,2011-03-22,-0.3227789974480825,3.2962263582274938,-4.393576595660084,"{""type"":""MultiPoint"",""coordinates"":[]}"
20110323,2011-03-23,0.1567688823936906,3.9986063515230232,-3.834897834078983,"{""type"":""MultiPoint"",""coordinates"":[]}"
20110324,2011-03-24,0.4495537398890002,4.059386742297342,-3.4853626703730614,"{""type"":""MultiPoint"",""coordinates"":[]}"
20110325,2011-03-25,0.5002146111215291,4.13580098987871,-3.4158121119362566,"{""type"":""MultiPoint"",""coordinates"":[]}"
20110326,2011-03-26,-0.36795054062762195,3.6547071560826576,-4.298166773506768,"{""type"":""MultiPoint"",""coordinates"":[]}"
20110327,2011-03-27,-0.0010694727270564998,4.036087601338188,-4.305812007920674,"{""type"":""MultiPoint"",""coordinates"":[]}"
20110328,2011-03-28,1.0792133314146295,4.792070133919614,-3.118235767224879,"{""type"":""MultiPoint"",""coordinates"":[]}"
20110329,2011-03-29,1.896104959159304,5.478212609540464,-2.1257577173956483,"{""type"":""MultiPoint"",""coordinates"":[]}"
20110330,2011-03-30,2.0379199199591578,5.720383790742238,-2.002492444103639,"{""type"":""MultiPoint"",""coordinates"":[]}"
20110331,2011-03-31,1.4406603029918135,5.111230612076471,-2.2755045272769205,"{""type"":""MultiPoint"",""coordinates"":[]}"
20110401,2011-04-01,1.157726367974951,4.711445408540555,-2.7603498826298707,"{""type"":""MultiPoint"",""coordinates"":[]}"
20110402,2011-04-02,0.699403587465945,4.647237535528078,-3.4007873276549496,"{""type"":""MultiPoint"",""coordinates"":[]}"
20110403,2011-04-03,0.7476498099469794,4.483477579209255,-3.400641853779814,"{""type"":""MultiPoint"",""coordinates"":[]}"
20110404,2011-04-04,-0.01281384180181395,4.027018655255389,-4.261387987002044,"{""type"":""MultiPoint"",""coordinates"":[]}"
20110405,2011-04-05,-0.7546519524549169,3.246844675929075,-4.857365820085038,"{""type"":""MultiPoint"",""coordinates"":[]}"
20110406,2011-04-06,-0.8044107258509976,3.1521378089347603,-4.897034873587717,"{""type"":""MultiPoint"",""coordinates"":[]}"
20110407,2011-04-07,-0.6374426715039545,3.3595040176055924,-4.876865308096406,"{""type"":""MultiPoint"",""coordinates"":[]}"
20110408,2011-04-08,-0.16227694321361794,3.591971323904831,-4.098329651841789,"{""type"":""MultiPoint"",""coordinates"":[]}"
20110409,2011-04-09,1.1254164538506328,4.582001494557635,-3.1575178957430845,"{""type"":""MultiPoint"",""coordinates"":[]}"
20110410,2011-04-10,2.72018929261292,6.045546881154688,-1.080538742065951,"{""type"":""MultiPoint"",""coordinates"":[]}"
20110411,2011-04-11,3.4497766146071873,6.709505446021962,-0.2555320516754227,"{""type"":""MultiPoint"",""coordinates"":[]}"
20110412,2011-04-12,4.255015247094538,7.4513279591291965,0.3860682718244999,"{""type"":""MultiPoint"",""coordinates"":[]}"
20110413,2011-04-13,4.826653487059062,7.762944591798038,1.071883433925956,"{""type"":""MultiPoint"",""coordinates"":[]}"
20110414,2011-04-14,4.620958853475987,7.63897901155112,1.1229218742074332,"{""type"":""MultiPoint"",""coordinates"":[]}"
20110415,2011-04-15,4.340910946505041,7.3264436661661385,0.9269265555886326,"{""type"":""MultiPoint"",""coordinates"":[]}"
20110416,2011-04-16,4.4409059016788826,7.635809478518169,0.6020761297163189,"{""type"":""MultiPoint"",""coordinates"":[]}"
20110417,2011-04-17,5.300891114967524,8.532616077721809,1.3707895937375352,"{""type"":""MultiPoint"",""coordinates"":[]}"
20110418,2011-04-18,5.200257389780035,8.742155384368502,1.1830422771056774,"{""type"":""MultiPoint"",""coordinates"":[]}"
20110419,2011-04-19,4.7192406466097845,7.873347914457968,1.078367307887505,"{""type"":""MultiPoint"",""coordinates"":[]}"
20110420,2011-04-20,4.363441620875332,7.737389091621973,0.864277667984904,"{""type"":""MultiPoint"",""coordinates"":[]}"
20110421,2011-04-21,3.8336964208236424,7.074806732526674,0.44877846804469956,"{""type"":""MultiPoint"",""coordinates"":[]}"
20110422,2011-04-22,3.6309331290955935,7.0880933655649825,-0.04421524934615133,"{""type"":""MultiPoint"",""coordinates"":[]}"
20110423,2011-04-23,3.0923625340465852,6.612292796013047,-0.551364060392174,"{""type"":""MultiPoint"",""coordinates"":[]}"
20110424,2011-04-24,2.683032743094462,6.31407270607338,-1.0899287340380113,"{""type"":""MultiPoint"",""coordinates"":[]}"
20110425,2011-04-25,2.8310451725084698,6.650365541759646,-1.16370487284489,"{""type"":""MultiPoint"",""coordinates"":[]}"
20110426,2011-04-26,3.4345654279924998,7.170962195883764,-0.5678005722221597,"{""type"":""MultiPoint"",""coordinates"":[]}"
20110427,2011-04-27,3.935029434321765,7.587308454704982,0.09935035943696445,"{""type"":""MultiPoint"",""coordinates"":[]}"
20110428,2011-04-28,4.423827612262378,8.07387981035139,0.525499026706215,"{""type"":""MultiPoint"",""coordinates"":[]}"
20110429,2011-04-29,5.475969734729842,8.877038903243678,1.5624203447173184,"{""type"":""MultiPoint"",""coordinates"":[]}"
20110430,2011-04-30,6.541147476842649,9.766741703986856,2.6888738999685344,"{""type"":""MultiPoint"",""coordinates"":[]}"
20110501,2011-05-01,6.254011186844873,9.481437389846601,2.8783737028205305,"{""type"":""MultiPoint"",""coordinates"":[]}"
20110502,2011-05-02,5.507192106750283,8.574244271532026,2.2114128810486067,"{""type"":""MultiPoint"",""coordinates"":[]}"
20110503,2011-05-03,4.530074991731291,8.1267242153471,0.9027045359238197,"{""type"":""MultiPoint"",""coordinates"":[]}"
20110504,2011-05-04,4.696969948805803,8.363179164482297,0.8150337274010648,"{""type"":""MultiPoint"",""coordinates"":[]}"
20110505,2011-05-05,5.7085105915383645,9.180162108125664,1.7722548722864624,"{""type"":""MultiPoint"",""coordinates"":[]}"
20110506,2011-05-06,7.114810304054912,10.449578786398598,3.317508169070846,"{""type"":""MultiPoint"",""coordinates"":[]}"
20110507,2011-05-07,7.445331745699186,10.57840216753369,3.9513165304663542,"{""type"":""MultiPoint"",""coordinates"":[]}"
20110508,2011-05-08,6.736495076310558,10.27368429997217,3.1261490565055174,"{""type"":""MultiPoint"",""coordinates"":[]}"
20110509,2011-05-09,5.75480687015566,9.423284004690297,2.021066953687013,"{""type"":""MultiPoint"",""coordinates"":[]}"
20110510,2011-05-10,6.147557947699116,9.46090395988985,2.3406470985932515,"{""type"":""MultiPoint"",""coordinates"":[]}"
20110511,2011-05-11,6.6103305184160845,9.918712129863845,3.091416103706094,"{""type"":""MultiPoint"",""coordinates"":[]}"
20110512,2011-05-12,6.906649153407517,10.265900832045533,3.0840271908011916,"{""type"":""MultiPoint"",""coordinates"":[]}"
20110513,2011-05-13,7.33248335879665,10.479684787116408,3.817307123485365,"{""type"":""MultiPoint"",""coordinates"":[]}"
20110514,2011-05-14,6.957410506148923,10.433024697628882,3.1797364817080256,"{""type"":""MultiPoint"",""coordinates"":[]}"
20110515,2011-05-15,6.135983002176945,9.600531645897188,2.433299328929875,"{""type"":""MultiPoint"",""coordinates"":[]}"
20110516,2011-05-16,6.074745651379841,9.472241094224675,2.484772197029848,"{""type"":""MultiPoint"",""coordinates"":[]}"
20110517,2011-05-17,6.725354234018641,9.995818849405019,3.2007310196762115,"{""type"":""MultiPoint"",""coordinates"":[]}"
20110518,2011-05-18,8.118472837199192,11.030636236526329,4.757079522764856,"{""type"":""MultiPoint"",""coordinates"":[]}"
20110519,2011-05-19,9.24177446463915,11.884110900568228,6.182043398451673,"{""type"":""MultiPoint"",""coordinates"":[]}"
20110520,2011-05-20,9.652954683387945,12.271524830257045,6.726392160470719,"{""type"":""MultiPoint"",""coordinates"":[]}"
20110521,2011-05-21,9.174872094428544,11.915123159695801,6.036939830973047,"{""type"":""MultiPoint"",""coordinates"":[]}"
20110522,2011-05-22,9.669309499448094,12.203350070698262,6.7242175471528896,"{""type"":""MultiPoint"",""coordinates"":[]}"
20110523,2011-05-23,9.18005630722092,11.937685103229658,6.228065012062318,"{""type"":""MultiPoint"",""coordinates"":[]}"
20110524,2011-05-24,8.344502682657001,11.339060235006501,5.104468221257726,"{""type"":""MultiPoint"",""coordinates"":[]}"
20110525,2011-05-25,8.72706747383434,11.550584229910749,5.6180388766149925,"{""type"":""MultiPoint"",""coordinates"":[]}"
20110526,2011-05-26,10.041638634924272,12.645679861050015,7.069156302158954,"{""type"":""MultiPoint"",""coordinates"":[]}"
20110527,2011-05-27,10.87628327355881,13.28729229464524,8.02721206870252,"{""type"":""MultiPoint"",""coordinates"":[]}"
20110528,2011-05-28,10.948575382581149,13.340239627545024,8.44139562528857,"{""type"":""MultiPoint"",""coordinates"":[]}"
20110529,2011-05-29,10.543387671056907,13.033522359648833,7.993344881813566,"{""type"":""MultiPoint"",""coordinates"":[]}"
20110530,2011-05-30,10.1684129450037,12.57293109485275,7.647101107149278,"{""type"":""MultiPoint"",""coordinates"":[]}"
20110531,2011-05-31,10.073211420748356,12.511616516703818,7.349207733487485,"{""type"":""MultiPoint"",""coordinates"":[]}"
20110601,2011-06-01,10.548205101677173,13.06726495297336,7.550520627295398,"{""type"":""MultiPoint"",""coordinates"":[]}"
20110602,2011-06-02,10.7573101075105,13.296624888972865,7.9292646266314915,"{""type"":""MultiPoint"",""coordinates"":[]}"
20110603,2011-06-03,10.137141145737454,12.656508961375176,7.6114136953457665,"{""type"":""MultiPoint"",""coordinates"":[]}"
20110604,2011-06-04,9.362902748684435,12.183263995416269,6.676845016207159,"{""type"":""MultiPoint"",""coordinates"":[]}"
20110605,2011-06-05,8.908981994259458,11.689983446789183,5.9966369697012185,"{""type"":""MultiPoint"",""coordinates"":[]}"
20110606,2011-06-06,9.686365114615311,12.381457865659128,6.70575284243043,"{""type"":""MultiPoint"",""coordinates"":[]}"
20110607,2011-06-07,10.19531040327279,12.877829154248868,7.283586637585872,"{""type"":""MultiPoint"",""coordinates"":[]}"
20110608,2011-06-08,10.59502785640173,12.787882757413897,8.086522933749485,"{""type"":""MultiPoint"",""coordinates"":[]}"
20110609,2011-06-09,10.858272284394312,12.961899007410203,8.487294463096944,"{""type"":""MultiPoint"",""coordinates"":[]}"
20110610,2011-06-10,11.360789158186906,13.373519656654883,9.056812441993664,"{""type"":""MultiPoint"",""coordinates"":[]}"
20110611,2011-06-11,11.693653288709038,13.719305920774104,9.252700374873454,"{""type"":""MultiPoint"",""coordinates"":[]}"
20110612,2011-06-12,12.213792497908443,14.284193878589155,9.844848345459615,"{""type"":""MultiPoint"",""coordinates"":[]}"
20110613,2011-06-13,12.388625263906423,14.397741737602637,10.036433126035636,"{""type"":""MultiPoint"",""coordinates"":[]}"
20110614,2011-06-14,12.643265475556884,14.774618713730229,10.304065681789467,"{""type"":""MultiPoint"",""coordinates"":[]}"
20110615,2011-06-15,12.564059383131342,14.583697810823248,10.408625519360019,"{""type"":""MultiPoint"",""coordinates"":[]}"
20110616,2011-06-16,12.285409182765356,14.21618907905564,10.08046161735672,"{""type"":""MultiPoint"",""coordinates"":[]}"
20110617,2011-06-17,12.960144647488486,14.972402258358267,10.683599458911983,"{""type"":""MultiPoint"",""coordinates"":[]}"
20110618,2011-06-18,13.751151578446516,15.513784042607767,11.760804203885185,"{""type"":""MultiPoint"",""coordinates"":[]}"
20110619,2011-06-19,13.7047865671828,15.478527023522465,11.922407925752411,"{""type"":""MultiPoint"",""coordinates"":[]}"
20110620,2011-06-20,13.635296474294003,15.381259691418887,11.807866773751034,"{""type"":""MultiPoint"",""coordinates"":[]}"
20110621,2011-06-21,13.477768348548983,15.392717091453271,11.459152894733847,"{""type"":""MultiPoint"",""coordinates"":[]}"
20110622,2011-06-22,13.009354964320302,15.09110453626642,10.922482158544856,"{""type"":""MultiPoint"",""coordinates"":[]}"
20110623,2011-06-23,13.45032788422156,15.316873415963226,11.447884125296174,"{""type"":""MultiPoint"",""coordinates"":[]}"
20110624,2011-06-24,13.99846922167623,15.782070445344562,12.130941906352469,"{""type"":""MultiPoint"",""coordinates"":[]}"
20110625,2011-06-25,13.630433248168973,15.53511365471421,11.629893370331825,"{""type"":""MultiPoint"",""coordinates"":[]}"
20110626,2011-06-26,13.37244156538137,15.28892889908763,11.505039774409227,"{""type"":""MultiPoint"",""coordinates"":[]}"
20110627,2011-06-27,13.790669868208356,15.555053035812465,11.940747219541807,"{""type"":""MultiPoint"",""coordinates"":[]}"
20110628,2011-06-28,14.119106376146318,15.821885724796505,12.331432911218219,"{""type"":""MultiPoint"",""coordinates"":[]}"
20110629,2011-06-29,14.240554464716734,15.886508201516321,12.535409127495043,"{""type"":""MultiPoint"",""coordinates"":[]}"
20110630,2011-06-30,14.312827635437051,15.982521755341732,12.704886444776985,"{""type"":""MultiPoint"",""coordinates"":[]}"
20110701,2011-07-01,14.291811995446874,15.963385136027943,12.670221226629977,"{""type"":""MultiPoint"",""coordinates"":[]}"
20110702,2011-07-02,14.177204753301073,15.870805239215532,12.495592678276747,"{""type"":""MultiPoint"",""coordinates"":[]}"
20110703,2011-07-03,14.202610521551208,15.867593586439128,12.535645568073269,"{""type"":""MultiPoint"",""coordinates"":[]}"
20110704,2011-07-04,14.389057696552763,16.045124544806633,12.70590936567632,"{""type"":""MultiPoint"",""coordinates"":[]}"
20110705,2011-07-05,14.367795468427573,16.21322141722419,12.629857672214538,"{""type"":""MultiPoint"",""coordinates"":[]}"
20110706,2011-07-06,13.945166250324114,15.657075659545402,12.34455566965134,"{""type"":""MultiPoint"",""coordinates"":[]}"
20110707,2011-07-07,13.982713945153547,15.65395001060857,12.344219763933735,"{""type"":""MultiPoint"",""coordinates"":[]}"
20110708,2011-07-08,14.689939725643148,16.361239438796286,13.119947129572147,"{""type"":""MultiPoint"",""coordinates"":[]}"
20110709,2011-07-09,14.747566449907431,16.301590364789515,13.307779811637257,"{""type"":""MultiPoint"",""coordinates"":[]}"
20110710,2011-07-10,14.6024928805895,16.20861580727434,13.102074127326999,"{""type"":""MultiPoint"",""coordinates"":[]}"
20110711,2011-07-11,14.622219998974787,16.212842290865936,13.042228627423798,"{""type"":""MultiPoint"",""coordinates"":[]}"
20110712,2011-07-12,14.465996658246205,16.181244310332744,12.74795318944826,"{""type"":""MultiPoint"",""coordinates"":[]}"
20110713,2011-07-13,14.174279510923203,15.856434486396006,12.597345135388473,"{""type"":""MultiPoint"",""coordinates"":[]}"
20110714,2011-07-14,14.08374511177746,15.687766543405317,12.498502557431516,"{""type"":""MultiPoint"",""coordinates"":[]}"
20110715,2011-07-15,14.550806237604226,16.156945015234196,12.930604541338916,"{""type"":""MultiPoint"",""coordinates"":[]}"
20110716,2011-07-16,14.782452477471285,16.33772910621959,13.291498263518754,"{""type"":""MultiPoint"",""coordinates"":[]}"
20110717,2011-07-17,15.046306728053343,16.55425948826048,13.516171480053124,"{""type"":""MultiPoint"",""coordinates"":[]}"
20110718,2011-07-18,15.24069078771842,16.778688552448628,13.70713507202401,"{""type"":""MultiPoint"",""coordinates"":[]}"
20110719,2011-07-19,15.224267838212693,16.944035288003697,13.679864109551168,"{""type"":""MultiPoint"",""coordinates"":[]}"
20110720,2011-07-20,14.958467622022939,16.734377115023168,13.334510555362085,"{""type"":""MultiPoint"",""coordinates"":[]}"
20110721,2011-07-21,14.803764983637473,16.59896915259439,13.151732277878315,"{""type"":""MultiPoint"",""coordinates"":[]}"
20110722,2011-07-22,14.842604160576016,16.401676682145332,13.294995420188439,"{""type"":""MultiPoint"",""coordinates"":[]}"
20110723,2011-07-23,14.777434919691915,16.47900453063992,13.145169036158695,"{""type"":""MultiPoint"",""coordinates"":[]}"
20110724,2011-07-24,15.211759193699663,16.819424232866375,13.671396291745557,"{""type"":""MultiPoint"",""coordinates"":[]}"
20110725,2011-07-25,15.66929757162872,17.32052922335395,14.079840276291614,"{""type"":""MultiPoint"",""coordinates"":[]}"
20110726,2011-07-26,15.65475292828435,17.192364928267093,14.220782579888143,"{""type"":""MultiPoint"",""coordinates"":[]}"
20110727,2011-07-27,15.499020570342015,17.045145750736634,13.986515401794993,"{""type"":""MultiPoint"",""coordinates"":[]}"
20110728,2011-07-28,15.254069996613982,16.780353134721004,13.810468422362488,"{""type"":""MultiPoint"",""coordinates"":[]}"
20110729,2011-07-29,15.392513014006447,16.90350165497862,14.02324618407257,"{""type"":""MultiPoint"",""coordinates"":[]}"
20110730,2011-07-30,15.34336815547084,16.95680388718481,13.93822808591732,"{""type"":""MultiPoint"",""coordinates"":[]}"
20110731,2011-07-31,15.181245661374472,16.78640760536276,13.699768548425881,"{""type"":""MultiPoint"",""coordinates"":[]}"
20110801,2011-08-01,15.17345012072101,16.877967013013514,13.593751855597011,"{""type"":""MultiPoint"",""coordinates"":[]}"
20110802,2011-08-02,14.966035120019557,16.659012650153226,13.371913776735822,"{""type"":""MultiPoint"",""coordinates"":[]}"
20110803,2011-08-03,14.486020578995902,16.141330175153506,12.870872730736096,"{""type"":""MultiPoint"",""coordinates"":[]}"
20110804,2011-08-04,13.787084847243856,15.450234813592548,12.208633656742276,"{""type"":""MultiPoint"",""coordinates"":[]}"
20110805,2011-08-05,13.575094608073263,15.306614644689736,12.108802089577084,"{""type"":""MultiPoint"",""coordinates"":[]}"
20110806,2011-08-06,13.529765882024806,15.252170694452975,11.962568992990809,"{""type"":""MultiPoint"",""coordinates"":[]}"
20110807,2011-08-07,13.73081092290055,15.388917034234247,12.24869534198015,"{""type"":""MultiPoint"",""coordinates"":[]}"
20110808,2011-08-08,14.381938946148624,15.99550790777417,12.707560096187098,"{""type"":""MultiPoint"",""coordinates"":[]}"
20110809,2011-08-09,14.788024162546415,16.32457616969248,13.236650408068781,"{""type"":""MultiPoint"",""coordinates"":[]}"
20110810,2011-08-10,14.930587272301226,16.42839799940029,13.463903301239824,"{""type"":""MultiPoint"",""coordinates"":[]}"
20110811,2011-08-11,15.149680048214362,16.73277807997559,13.687433435318122,"{""type"":""MultiPoint"",""coordinates"":[]}"
20110812,2011-08-12,15.036715255995986,16.4900875863098,13.673412681398705,"{""type"":""MultiPoint"",""coordinates"":[]}"
20110813,2011-08-13,15.207531929198051,16.60579478600994,13.884881588399763,"{""type"":""MultiPoint"",""coordinates"":[]}"
20110814,2011-08-14,15.286044861330522,16.801497514633898,13.96140166512304,"{""type"":""MultiPoint"",""coordinates"":[]}"
20110815,2011-08-15,15.173162859452223,16.68138914220485,13.860768333588524,"{""type"":""MultiPoint"",""coordinates"":[]}"
20110816,2011-08-16,15.066758954835827,16.608682401091457,13.645148510732954,"{""type"":""MultiPoint"",""coordinates"":[]}"
20110817,2011-08-17,14.785582458127527,16.278824988867083,13.366360652053395,"{""type"":""MultiPoint"",""coordinates"":[]}"
20110818,2011-08-18,14.742891709662299,16.31623813043661,13.241695947208568,"{""type"":""MultiPoint"",""coordinates"":[]}"
20110819,2011-08-19,14.737404267075659,16.320394154989152,13.22526300645407,"{""type"":""MultiPoint"",""coordinates"":[]}"
20110820,2011-08-20,14.77981222796596,16.275627638123353,13.226430698383826,"{""type"":""MultiPoint"",""coordinates"":[]}"
20110821,2011-08-21,14.86693948357384,16.63730826746669,13.103046213252748,"{""type"":""MultiPoint"",""coordinates"":[]}"
20110822,2011-08-22,14.346296257469428,16.240372168114742,12.718807820941839,"{""type"":""MultiPoint"",""coordinates"":[]}"
20110823,2011-08-23,14.174260423923398,15.840540225504638,12.576966584857555,"{""type"":""MultiPoint"",""coordinates"":[]}"
20110824,2011-08-24,13.69896979727134,15.52749477256075,12.17840598217342,"{""type"":""MultiPoint"",""coordinates"":[]}"
20110825,2011-08-25,13.625945035704586,15.377275623099171,12.070752019146378,"{""type"":""MultiPoint"",""coordinates"":[]}"
20110826,2011-08-26,13.832710151012137,15.561786759396963,12.294204622521791,"{""type"":""MultiPoint"",""coordinates"":[]}"
20110827,2011-08-27,14.191311976810264,15.816644202879262,12.551791718689726,"{""type"":""MultiPoint"",""coordinates"":[]}"
20110828,2011-08-28,14.711677667859819,16.23284092021506,13.088607520537373,"{""type"":""MultiPoint"",""coordinates"":[]}"
20110829,2011-08-29,15.080637504381265,16.497631599248805,13.623610872768255,"{""type"":""MultiPoint"",""coordinates"":[]}"
20110830,2011-08-30,15.349181077293183,16.78667046974849,13.953462906775753,"{""type"":""MultiPoint"",""coordinates"":[]}"
20110831,2011-08-31,15.373882517175113,16.94165344924906,13.896081110589494,"{""type"":""MultiPoint"",""coordinates"":[]}"
20110901,2011-09-01,15.157139091500282,16.647807803689314,13.749567541918745,"{""type"":""MultiPoint"",""coordinates"":[]}"
20110902,2011-09-02,15.097972503219166,16.597487814574187,13.72677570218775,"{""type"":""MultiPoint"",""coordinates"":[]}"
20110903,2011-09-03,15.042086042620122,16.66221029219048,13.548205535276407,"{""type"":""MultiPoint"",""coordinates"":[]}"
20110904,2011-09-04,14.887414050243384,16.374119194049715,13.46692960987041,"{""type"":""MultiPoint"",""coordinates"":[]}"
20110905,2011-09-05,14.632578309527473,16.09838128386404,13.11191245375516,"{""type"":""MultiPoint"",""coordinates"":[]}"
20110906,2011-09-06,13.935967971834739,15.580753687915399,12.412409323627013,"{""type"":""MultiPoint"",""coordinates"":[]}"
20110907,2011-09-07,13.283897963503742,14.960233406287704,11.792899970605754,"{""type"":""MultiPoint"",""coordinates"":[]}"
20110908,2011-09-08,13.023137613288725,14.795664203644932,11.479316215236599,"{""type"":""MultiPoint"",""coordinates"":[]}"
20110909,2011-09-09,13.597545692426145,15.242397870663073,11.87554528439752,"{""type"":""MultiPoint"",""coordinates"":[]}"
20110910,2011-09-10,14.271573282213259,15.82349403532422,12.625040699488668,"{""type"":""MultiPoint"",""coordinates"":[]}"
20110911,2011-09-11,14.0679805405927,15.614107166904112,12.579428663554223,"{""type"":""MultiPoint"",""coordinates"":[]}"
20110912,2011-09-12,13.949552327813597,15.589663005606997,12.308335751957626,"{""type"":""MultiPoint"",""coordinates"":[]}"
20110913,2011-09-13,13.630289805867745,15.402386746194582,11.93850039879049,"{""type"":""MultiPoint"",""coordinates"":[]}"
20110914,2011-09-14,13.640809286170297,15.332396629385954,11.977540122315945,"{""type"":""MultiPoint"",""coordinates"":[]}"
20110915,2011-09-15,14.038990735536636,15.674291340089352,12.319544504423087,"{""type"":""MultiPoint"",""coordinates"":[]}"
20110916,2011-09-16,13.980250003698758,15.532902353920576,12.368629348751375,"{""type"":""MultiPoint"",""coordinates"":[]}"
20110917,2011-09-17,13.442527262198052,15.077340670132422,11.814586428743027,"{""type"":""MultiPoint"",""coordinates"":[]}"
20110918,2011-09-18,13.023511228630502,14.638837285648455,11.350070928717974,"{""type"":""MultiPoint"",""coordinates"":[]}"
20110919,2011-09-19,12.95977274209414,14.660402195916804,11.334484975353938,"{""type"":""MultiPoint"",""coordinates"":[]}"
20110920,2011-09-20,12.493828518653748,14.307516605586894,10.695020456826727,"{""type"":""MultiPoint"",""coordinates"":[]}"
20110921,2011-09-21,12.048384447681823,13.863184420757687,10.280674400014544,"{""type"":""MultiPoint"",""coordinates"":[]}"
20110922,2011-09-22,11.82723012327348,13.688835551909719,9.97300078586499,"{""type"":""MultiPoint"",""coordinates"":[]}"
20110923,2011-09-23,11.525098388640417,13.537853081479717,9.485929236200146,"{""type"":""MultiPoint"",""coordinates"":[]}"
20110924,2011-09-24,11.388034546791609,13.436041580741819,9.326321109275435,"{""type"":""MultiPoint"",""coordinates"":[]}"
20110925,2011-09-25,11.351508921578011,13.275077375018432,9.305993827966377,"{""type"":""MultiPoint"",""coordinates"":[]}"
20110926,2011-09-26,11.137349476681095,13.142994057421285,9.006758801845281,"{""type"":""MultiPoint"",""coordinates"":[]}"
20110927,2011-09-27,10.48610251442332,12.488682363617182,8.318604514722484,"{""type"":""MultiPoint"",""coordinates"":[]}"
20110928,2011-09-28,10.066208347067343,12.01164423753275,7.872106367514033,"{""type"":""MultiPoint"",""coordinates"":[]}"
20110929,2011-09-29,9.993476588510635,12.050357235793388,7.6355393771819875,"{""type"":""MultiPoint"",""coordinates"":[]}"
20110930,2011-09-30,9.919543673138136,12.096464593432446,7.436202375351403,"{""type"":""MultiPoint"",""coordinates"":[]}"
20111001,2011-10-01,9.344737821670511,11.554681969657736,7.014968202717392,"{""type"":""MultiPoint"",""coordinates"":[]}"
20111002,2011-10-02,8.941303329784306,11.225702922603137,6.418043094543905,"{""type"":""MultiPoint"",""coordinates"":[]}"
20111003,2011-10-03,8.004211089489338,10.447320390569448,5.191996826641772,"{""type"":""MultiPoint"",""coordinates"":[]}"
20111004,2011-10-04,7.821827871521732,10.43482295698275,4.830889197599614,"{""type"":""MultiPoint"",""coordinates"":[]}"
20111005,2011-10-05,8.567825149106607,11.21545432429306,5.570963683080506,"{""type"":""MultiPoint"",""coordinates"":[]}"
20111006,2011-10-06,9.16693062111061,11.573423679742781,6.341054433789605,"{""type"":""MultiPoint"",""coordinates"":[]}"
20111007,2011-10-07,9.429068825602025,11.689320434405538,6.857880073604534,"{""type"":""MultiPoint"",""coordinates"":[]}"
20111008,2011-10-08,9.316369785066321,11.521636318579887,6.8474092090591325,"{""type"":""MultiPoint"",""coordinates"":[]}"
20111009,2011-10-09,9.012258051018089,11.320809995085927,6.506047446102735,"{""type"":""MultiPoint"",""coordinates"":[]}"
20111010,2011-10-10,8.5907473937835,11.034615715116985,5.889148866595348,"{""type"":""MultiPoint"",""coordinates"":[]}"
20111011,2011-10-11,8.287908429751905,10.869583438919578,5.6257731231612835,"{""type"":""MultiPoint"",""coordinates"":[]}"
20111012,2011-10-12,7.937119092047756,10.526914861423506,5.342954689368666,"{""type"":""MultiPoint"",""coordinates"":[]}"
20111013,2011-10-13,7.887652829352552,10.597433479738134,4.999491546840105,"{""type"":""MultiPoint"",""coordinates"":[]}"
20111014,2011-10-14,8.078798537836354,10.708212433528907,5.175181063298182,"{""type"":""MultiPoint"",""coordinates"":[]}"
20111015,2011-10-15,6.988475979971355,9.790026224228793,4.276146187360803,"{""type"":""MultiPoint"",""coordinates"":[]}"
20111016,2011-10-16,6.599562332078781,9.249501190881478,3.7946123627083996,"{""type"":""MultiPoint"",""coordinates"":[]}"
20111017,2011-10-17,6.31524334152376,9.015542636625211,3.4655586979751307,"{""type"":""MultiPoint"",""coordinates"":[]}"
20111018,2011-10-18,5.785847816404112,8.568311058048023,2.9648999058787067,"{""type"":""MultiPoint"",""coordinates"":[]}"
20111019,2011-10-19,5.226375437668429,8.048976092431898,2.1972240180870215,"{""type"":""MultiPoint"",""coordinates"":[]}"
20111020,2011-10-20,5.604250475901579,8.2796526726524,2.4582720130450566,"{""type"":""MultiPoint"",""coordinates"":[]}"
20111021,2011-10-21,6.035613158421241,8.597888457725256,3.2026791700519723,"{""type"":""MultiPoint"",""coordinates"":[]}"
20111022,2011-10-22,5.48463877547618,8.11537780736321,2.5267228268340496,"{""type"":""MultiPoint"",""coordinates"":[]}"
20111023,2011-10-23,4.9882874065916445,7.836159319136076,1.8102729891869727,"{""type"":""MultiPoint"",""coordinates"":[]}"
20111024,2011-10-24,4.535752080369988,7.304078565092173,1.333619081161577,"{""type"":""MultiPoint"",""coordinates"":[]}"
20111025,2011-10-25,4.286812004604171,7.13595790719645,1.2925927528451744,"{""type"":""MultiPoint"",""coordinates"":[]}"
20111026,2011-10-26,3.535021885735999,6.416560542706652,0.5493627085889098,"{""type"":""MultiPoint"",""coordinates"":[]}"
20111027,2011-10-27,2.5109721631049817,5.587550438117726,-0.6688561596636546,"{""type"":""MultiPoint"",""coordinates"":[]}"
20111028,2011-10-28,2.4905667140715835,5.554985568543522,-0.7107252927625242,"{""type"":""MultiPoint"",""coordinates"":[]}"
20111029,2011-10-29,3.131927500411294,5.899892498046693,0.09515920803969014,"{""type"":""MultiPoint"",""coordinates"":[]}"
20111030,2011-10-30,3.1418963963659468,6.050303068030943,0.18106624209528543,"{""type"":""MultiPoint"",""coordinates"":[]}"
20111031,2011-10-31,3.560909832180488,6.178046270874597,0.6235052969121617,"{""type"":""MultiPoint"",""coordinates"":[]}"
20111101,2011-11-01,3.5775579030114013,6.183698361727484,0.7983443936436553,"{""type"":""MultiPoint"",""coordinates"":[]}"
20111102,2011-11-02,3.125337107244992,5.753460642201829,0.25609550499143335,"{""type"":""MultiPoint"",""coordinates"":[]}"
20111103,2011-11-03,3.1765291997676957,5.824004862328571,0.306385741167651,"{""type"":""MultiPoint"",""coordinates"":[]}"
20111104,2011-11-04,3.490381883439751,6.073656908045474,0.5262380994030162,"{""type"":""MultiPoint"",""coordinates"":[]}"
20111105,2011-11-05,3.484412242292969,6.065003644795041,0.48182370567690125,"{""type"":""MultiPoint"",""coordinates"":[]}"
20111106,2011-11-06,2.2774055683750314,5.183767664450535,-0.8248292760868203,"{""type"":""MultiPoint"",""coordinates"":[]}"
20111107,2011-11-07,0.9557755409899151,4.22017462962331,-2.5617848544340966,"{""type"":""MultiPoint"",""coordinates"":[]}"
20111108,2011-11-08,1.2732425145366377,4.433404106302609,-2.355447313624683,"{""type"":""MultiPoint"",""coordinates"":[]}"
20111109,2011-11-09,2.455806283966074,5.333804399840436,-0.7595436142486645,"{""type"":""MultiPoint"",""coordinates"":[]}"
20111110,2011-11-10,3.5769063736941384,6.330003832955294,0.5401535970896143,"{""type"":""MultiPoint"",""coordinates"":[]}"
20111111,2011-11-11,4.695377961192384,7.278425852105473,1.3321442404968862,"{""type"":""MultiPoint"",""coordinates"":[]}"
20111112,2011-11-12,3.4546251668336962,6.400826601416908,0.44080873253815195,"{""type"":""MultiPoint"",""coordinates"":[]}"
20111113,2011-11-13,2.8872670707001236,5.566766639022083,-0.014756795863956179,"{""type"":""MultiPoint"",""coordinates"":[]}"
20111114,2011-11-14,2.483635446591008,5.2951161842898244,-0.6251421597699459,"{""type"":""MultiPoint"",""coordinates"":[]}"
20111115,2011-11-15,1.880469412838816,4.7020402592179025,-1.0391468338562047,"{""type"":""MultiPoint"",""coordinates"":[]}"
20111116,2011-11-16,0.9882676745028109,3.7927562162135273,-2.02457595094636,"{""type"":""MultiPoint"",""coordinates"":[]}"
20111117,2011-11-17,0.5819860278573246,3.363325507502824,-2.56380652133905,"{""type"":""MultiPoint"",""coordinates"":[]}"
20111118,2011-11-18,0.8362874635495733,3.5983471158692986,-2.062850392219009,"{""type"":""MultiPoint"",""coordinates"":[]}"
20111119,2011-11-19,1.244189926882552,3.9636573908747357,-1.7095086367646726,"{""type"":""MultiPoint"",""coordinates"":[]}"
20111120,2011-11-20,1.576751743418553,4.325227078625515,-1.3243288696950015,"{""type"":""MultiPoint"",""coordinates"":[]}"
20111121,2011-11-21,1.053161900951931,3.9253508090260985,-1.8224737291527848,"{""type"":""MultiPoint"",""coordinates"":[]}"
20111122,2011-11-22,0.7914528253999642,3.665734425105815,-2.1308699494816508,"{""type"":""MultiPoint"",""coordinates"":[]}"
20111123,2011-11-23,0.9768580844201432,3.8300483162494965,-2.0490312097526915,"{""type"":""MultiPoint"",""coordinates"":[]}"
20111124,2011-11-24,1.235126405513328,3.9590844543245356,-1.5305596983178595,"{""type"":""MultiPoint"",""coordinates"":[]}"
20111125,2011-11-25,1.0080053490532794,3.739471897657154,-1.6213877503114598,"{""type"":""MultiPoint"",""coordinates"":[]}"
20111126,2011-11-26,0.7685506592773975,3.417756988749474,-1.8300828096392239,"{""type"":""MultiPoint"",""coordinates"":[]}"
20111127,2011-11-27,0.8670981091897829,3.398205187161018,-1.6241525887995325,"{""type"":""MultiPoint"",""coordinates"":[]}"
20111128,2011-11-28,0.6933296504196382,3.2596122155244283,-2.0254380439644244,"{""type"":""MultiPoint"",""coordinates"":[]}"
20111129,2011-11-29,-0.10038560297860581,2.7617073117854964,-3.0242560629852697,"{""type"":""MultiPoint"",""coordinates"":[]}"
20111130,2011-11-30,-0.2432234598262236,2.6832651982360574,-3.225072474431139,"{""type"":""MultiPoint"",""coordinates"":[]}"
20111201,2011-12-01,0.2892846230308592,3.1231049729126608,-2.8802870410949737,"{""type"":""MultiPoint"",""coordinates"":[]}"
20111202,2011-12-02,1.3458997876518044,4.12400632037162,-1.8478144311841767,"{""type"":""MultiPoint"",""coordinates"":[]}"
20111203,2011-12-03,1.4332070022274064,3.9129045707316408,-1.3301921552590816,"{""type"":""MultiPoint"",""coordinates"":[]}"
20111204,2011-12-04,1.4244921469400675,3.9702853535990807,-1.3111653437144721,"{""type"":""MultiPoint"",""coordinates"":[]}"
20111205,2011-12-05,1.661261005594341,4.067819726481591,-1.106301117884916,"{""type"":""MultiPoint"",""coordinates"":[]}"
20111206,2011-12-06,1.2721877063198963,3.801341831682355,-1.5208409245565648,"{""type"":""MultiPoint"",""coordinates"":[]}"
20111207,2011-12-07,0.7506319178342706,3.233974204476597,-1.8222193257410617,"{""type"":""MultiPoint"",""coordinates"":[]}"
20111208,2011-12-08,0.3522286604612917,2.868832045091867,-2.4013482612833967,"{""type"":""MultiPoint"",""coordinates"":[]}"
20111209,2011-12-09,0.1553933453309304,2.9617460127726374,-3.1118126139155966,"{""type"":""MultiPoint"",""coordinates"":[]}"
20111210,2011-12-10,-1.4263649362154323,1.798105390510293,-4.799916425032129,"{""type"":""MultiPoint"",""coordinates"":[]}"
20111211,2011-12-11,-3.1719944707111947,-0.14217259527118342,-6.382467043609626,"{""type"":""MultiPoint"",""coordinates"":[]}"
20111212,2011-12-12,-3.348235079875812,-0.5242248793910363,-6.423144698551134,"{""type"":""MultiPoint"",""coordinates"":[]}"
20111213,2011-12-13,-3.5775708519917195,-0.7463634345647312,-6.614192651133569,"{""type"":""MultiPoint"",""coordinates"":[]}"
20111214,2011-12-14,-3.9852556903812064,-1.2953781109215743,-6.802231709141564,"{""type"":""MultiPoint"",""coordinates"":[]}"
20111215,2011-12-15,-3.5157186100461195,-0.990193921993208,-6.321885333035317,"{""type"":""MultiPoint"",""coordinates"":[]}"
20111216,2011-12-16,-3.5878488736116982,-0.8909904345762768,-6.386520302633971,"{""type"":""MultiPoint"",""coordinates"":[]}"
20111217,2011-12-17,-3.7026535885140963,-1.0580430784071764,-6.60452573432213,"{""type"":""MultiPoint"",""coordinates"":[]}"
20111218,2011-12-18,-3.0396551374868404,-0.49413375911233565,-5.889699217607266,"{""type"":""MultiPoint"",""coordinates"":[]}"
20111219,2011-12-19,-3.10341449906612,-0.28455513998242005,-6.143531253712367,"{""type"":""MultiPoint"",""coordinates"":[]}"
20111220,2011-12-20,-3.2620946113718974,-0.4415756959871707,-6.34105107476503,"{""type"":""MultiPoint"",""coordinates"":[]}"
20111221,2011-12-21,-4.237267142080412,-1.225437601016211,-7.447094282058178,"{""type"":""MultiPoint"",""coordinates"":[]}"
20111222,2011-12-22,-5.106499281307918,-1.9453760957126975,-8.319341297495834,"{""type"":""MultiPoint"",""coordinates"":[]}"
20111223,2011-12-23,-5.327492137101292,-2.3262787259264983,-8.522287914446435,"{""type"":""MultiPoint"",""coordinates"":[]}"
20111224,2011-12-24,-4.818577351718668,-1.6919010286179859,-8.26832073469415,"{""type"":""MultiPoint"",""coordinates"":[]}"
20111225,2011-12-25,-4.02382702684514,-1.1690617593443438,-7.13463469931164,"{""type"":""MultiPoint"",""coordinates"":[]}"
20111226,2011-12-26,-3.744384630668475,-1.0453088361789344,-6.672407227204221,"{""type"":""MultiPoint"",""coordinates"":[]}"
20111227,2011-12-27,-3.2827818866702057,-0.7579412490588379,-6.15455455657187,"{""type"":""MultiPoint"",""coordinates"":[]}"
20111228,2011-12-28,-3.3953881032423165,-0.6152753664304382,-6.459121554198661,"{""type"":""MultiPoint"",""coordinates"":[]}"
20111229,2011-12-29,-3.1503337175325328,-0.3747102483974495,-6.560797670915456,"{""type"":""MultiPoint"",""coordinates"":[]}"
20111230,2011-12-30,-2.722506562611394,-0.09933420311415096,-5.736055214559846,"{""type"":""MultiPoint"",""coordinates"":[]}"
20111231,2011-12-31,-1.2930214691424278,1.4760862478645445,-4.726780685812499,"{""type"":""MultiPoint"",""coordinates"":[]}"
20120101,2012-01-01,0.3289416645673117,2.920710988326293,-2.9056588781963817,"{""type"":""MultiPoint"",""coordinates"":[]}"
20120102,2012-01-02,-0.4433840949176354,2.4856203432672714,-3.5971353487394846,"{""type"":""MultiPoint"",""coordinates"":[]}"
20120103,2012-01-03,-1.4612524811673024,0.9705822451582896,-4.150416999300277,"{""type"":""MultiPoint"",""coordinates"":[]}"
20120104,2012-01-04,-1.4997314224509901,0.9707558573086319,-4.376589857184529,"{""type"":""MultiPoint"",""coordinates"":[]}"
20120105,2012-01-05,-1.3030991803035752,1.1405770281852932,-4.151031752595811,"{""type"":""MultiPoint"",""coordinates"":[]}"
20120106,2012-01-06,-2.162466755435833,0.49822772071925453,-5.098985204750429,"{""type"":""MultiPoint"",""coordinates"":[]}"
20120107,2012-01-07,-2.9965494744669328,-0.10083918848709371,-6.136662307779723,"{""type"":""MultiPoint"",""coordinates"":[]}"
20120108,2012-01-08,-3.1304678673208683,-0.43183440901039416,-6.05107437973605,"{""type"":""MultiPoint"",""coordinates"":[]}"
20120109,2012-01-09,-3.28174254059363,-0.6443650053862516,-6.323387210138339,"{""type"":""MultiPoint"",""coordinates"":[]}"
20120110,2012-01-10,-4.095930900335278,-1.4646874704632111,-6.947587220926784,"{""type"":""MultiPoint"",""coordinates"":[]}"
20120111,2012-01-11,-4.968656658676754,-2.3056879724638444,-7.829789779721233,"{""type"":""MultiPoint"",""coordinates"":[]}"
20120112,2012-01-12,-5.639063533857265,-2.949352418193103,-8.615315430732643,"{""type"":""MultiPoint"",""coordinates"":[]}"
20120113,2012-01-13,-6.8973988878167525,-3.7539280623451505,-10.308828405726754,"{""type"":""MultiPoint"",""coordinates"":[]}"
20120114,2012-01-14,-6.7773519665353295,-3.6365065775427325,-10.292057496484388,"{""type"":""MultiPoint"",""coordinates"":[]}"
20120115,2012-01-15,-4.747629233881428,-1.5219533658751412,-8.755311431935725,"{""type"":""MultiPoint"",""coordinates"":[]}"
20120116,2012-01-16,-3.6164073465376916,-0.2550948533425045,-7.583317453120336,"{""type"":""MultiPoint"",""coordinates"":[]}"
20120117,2012-01-17,-4.494251361768467,-1.2307825038149058,-7.970179466307764,"{""type"":""MultiPoint"",""coordinates"":[]}"
20120118,2012-01-18,-5.3894431470719155,-2.275711555422131,-8.53098095737683,"{""type"":""MultiPoint"",""coordinates"":[]}"
20120119,2012-01-19,-5.199653244217517,-2.3342446761608335,-8.374614775181854,"{""type"":""MultiPoint"",""coordinates"":[]}"
20120120,2012-01-20,-5.503622085627818,-2.6145732861956423,-8.592619686581699,"{""type"":""MultiPoint"",""coordinates"":[]}"
20120121,2012-01-21,-6.649123939973616,-3.7080078561845284,-9.886766803789753,"{""type"":""MultiPoint"",""coordinates"":[]}"
20120122,2012-01-22,-4.998975584195851,-2.0388198362958523,-8.880565778062426,"{""type"":""MultiPoint"",""coordinates"":[]}"
20120123,2012-01-23,-4.410739627733468,-1.3838010769106377,-7.908994866383587,"{""type"":""MultiPoint"",""coordinates"":[]}"
20120124,2012-01-24,-5.289871195317482,-2.3435703477626166,-8.40843768385246,"{""type"":""MultiPoint"",""coordinates"":[]}"
20120125,2012-01-25,-4.1915774489198805,-1.3347080457654414,-7.650866293389836,"{""type"":""MultiPoint"",""coordinates"":[]}"
20120126,2012-01-26,-4.003769584273068,-1.0243912341354462,-7.31528455790065,"{""type"":""MultiPoint"",""coordinates"":[]}"
20120127,2012-01-27,-4.850048128951308,-1.8412612394372276,-8.106833960857768,"{""type"":""MultiPoint"",""coordinates"":[]}"
20120128,2012-01-28,-4.831031404996556,-1.9358420955898594,-8.076838196139189,"{""type"":""MultiPoint"",""coordinates"":[]}"
20120129,2012-01-29,-5.554133789576835,-2.533786142205329,-8.765048560421079,"{""type"":""MultiPoint"",""coordinates"":[]}"
20120130,2012-01-30,-5.748084089868361,-2.648804642175554,-9.116138491328687,"{""type"":""MultiPoint"",""coordinates"":[]}"
20120131,2012-01-31,-5.404813571254871,-2.2319585441163188,-8.982966119503164,"{""type"":""MultiPoint"",""coordinates"":[]}"
20120201,2012-02-01,-5.524586699799717,-2.3181865158342094,-9.268887282662538,"{""type"":""MultiPoint"",""coordinates"":[]}"
20120202,2012-02-02,-5.235555097946829,-1.7920824166366436,-9.062808901009685,"{""type"":""MultiPoint"",""coordinates"":[]}"
20120203,2012-02-03,-3.4146550030543716,-0.5070137021338754,-6.750477600275681,"{""type"":""MultiPoint"",""coordinates"":[]}"
20120204,2012-02-04,-1.8191636279542311,1.0554616196042315,-5.360272746665575,"{""type"":""MultiPoint"",""coordinates"":[]}"
20120205,2012-02-05,-2.2620249527055343,0.7060183709060844,-5.584046792059148,"{""type"":""MultiPoint"",""coordinates"":[]}"
20120206,2012-02-06,-3.568584004829309,-0.4149340773582409,-6.940056835965115,"{""type"":""MultiPoint"",""coordinates"":[]}"
20120207,2012-02-07,-3.661311654051279,-0.6731868038105073,-7.364863977405877,"{""type"":""MultiPoint"",""coordinates"":[]}"
20120208,2012-02-08,-4.429659323094545,-0.5560025378992626,-8.973959475101413,"{""type"":""MultiPoint"",""coordinates"":[]}"
20120209,2012-02-09,-6.463963180616724,-2.8506468516446843,-10.735893772832853,"{""type"":""MultiPoint"",""coordinates"":[]}"
20120210,2012-02-10,-6.550067876763144,-3.4183374189389997,-10.14250561366426,"{""type"":""MultiPoint"",""coordinates"":[]}"
20120211,2012-02-11,-5.207273688929689,-2.0935070545625285,-8.693278913434396,"{""type"":""MultiPoint"",""coordinates"":[]}"
20120212,2012-02-12,-3.1269497716737953,-0.19574721648853888,-6.825598851330271,"{""type"":""MultiPoint"",""coordinates"":[]}"
20120213,2012-02-13,-2.1584700890284942,0.7944389919913003,-5.774862597433528,"{""type"":""MultiPoint"",""coordinates"":[]}"
20120214,2012-02-14,-2.136926495472315,0.7694356998474803,-5.56139274540458,"{""type"":""MultiPoint"",""coordinates"":[]}"
20120215,2012-02-15,-2.7031387040575128,0.31502555118579456,-6.009383722011369,"{""type"":""MultiPoint"",""coordinates"":[]}"
20120216,2012-02-16,-3.294241396182594,-0.2861266359484593,-6.622057672125976,"{""type"":""MultiPoint"",""coordinates"":[]}"
20120217,2012-02-17,-3.7342568858463574,-0.5634540406799394,-7.706857521268021,"{""type"":""MultiPoint"",""coordinates"":[]}"
20120218,2012-02-18,-3.582772004376599,-0.23131920954394414,-7.635260330830179,"{""type"":""MultiPoint"",""coordinates"":[]}"
20120219,2012-02-19,-3.083330848193182,0.06932389622468138,-6.587526860102678,"{""type"":""MultiPoint"",""coordinates"":[]}"
20120220,2012-02-20,-2.0343373313312365,1.15184006483495,-5.539609240806,"{""type"":""MultiPoint"",""coordinates"":[]}"
20120221,2012-02-21,-1.296867813765937,1.989301815170693,-4.814860664312057,"{""type"":""MultiPoint"",""coordinates"":[]}"
20120222,2012-02-22,-2.2614546627509244,1.3115278970335493,-5.814790705227935,"{""type"":""MultiPoint"",""coordinates"":[]}"
20120223,2012-02-23,-3.9616308918841208,-0.22051310538698854,-7.599161004182466,"{""type"":""MultiPoint"",""coordinates"":[]}"
20120224,2012-02-24,-4.7255015964330305,-1.1469989116927641,-8.424064704110817,"{""type"":""MultiPoint"",""coordinates"":[]}"
20120225,2012-02-25,-4.652347000687639,-1.181421458622206,-8.425752493550387,"{""type"":""MultiPoint"",""coordinates"":[]}"
20120226,2012-02-26,-5.255735081398844,-1.3660809073890101,-9.710145896646793,"{""type"":""MultiPoint"",""coordinates"":[]}"
20120227,2012-02-27,-4.0123348244570645,-0.3212426794279505,-8.663097375026961,"{""type"":""MultiPoint"",""coordinates"":[]}"
20120228,2012-02-28,-3.33962280011939,0.4040138787206031,-7.462017593195792,"{""type"":""MultiPoint"",""coordinates"":[]}"
20120229,2012-02-29,-3.942907225299936,0.11294724618343228,-8.0643549060422,"{""type"":""MultiPoint"",""coordinates"":[]}"
20120301,2012-03-01,-3.4569468608914353,0.07258865177332736,-7.179693185300851,"{""type"":""MultiPoint"",""coordinates"":[]}"
20120302,2012-03-02,-3.193261069026628,0.2840668373954289,-6.993772502318838,"{""type"":""MultiPoint"",""coordinates"":[]}"
20120303,2012-03-03,-2.893312009176538,0.5333333243043307,-6.6761165358224694,"{""type"":""MultiPoint"",""coordinates"":[]}"
20120304,2012-03-04,-1.3781109642259872,2.3347771865529983,-5.71006940863132,"{""type"":""MultiPoint"",""coordinates"":[]}"
20120305,2012-03-05,-0.5041119418185707,3.2184528568867816,-4.768793196608775,"{""type"":""MultiPoint"",""coordinates"":[]}"
20120306,2012-03-06,-1.4644323143545397,2.5088473016633985,-5.657184665965285,"{""type"":""MultiPoint"",""coordinates"":[]}"
20120307,2012-03-07,-3.4248512173222845,0.9130986087401313,-7.620401458967203,"{""type"":""MultiPoint"",""coordinates"":[]}"
20120308,2012-03-08,-5.186139743967103,-0.8390973843618509,-9.420093577804774,"{""type"":""MultiPoint"",""coordinates"":[]}"
20120309,2012-03-09,-5.800320140563349,-1.6829505341885829,-9.866958027090856,"{""type"":""MultiPoint"",""coordinates"":[]}"
20120310,2012-03-10,-5.245448189467227,-1.401733117503009,-9.214154076043876,"{""type"":""MultiPoint"",""coordinates"":[]}"
20120311,2012-03-11,-4.1735047479834195,-0.622457248028455,-8.185738845245014,"{""type"":""MultiPoint"",""coordinates"":[]}"
20120312,2012-03-12,-2.660886226208436,1.0613609031540616,-6.8844554780326,"{""type"":""MultiPoint"",""coordinates"":[]}"
20120313,2012-03-13,-1.1881135906403655,2.322556028602822,-5.372146939719038,"{""type"":""MultiPoint"",""coordinates"":[]}"
20120314,2012-03-14,-1.8061836965142901,1.7148021716998316,-5.352174042926984,"{""type"":""MultiPoint"",""coordinates"":[]}"
20120315,2012-03-15,-2.495403042471185,1.0281475939101972,-6.261408628027114,"{""type"":""MultiPoint"",""coordinates"":[]}"
20120316,2012-03-16,-2.2654716368226064,1.7308385205660517,-6.768054031093404,"{""type"":""MultiPoint"",""coordinates"":[]}"
20120317,2012-03-17,-0.9263351417359562,2.756790336075689,-5.0319209964749145,"{""type"":""MultiPoint"",""coordinates"":[]}"
20120318,2012-03-18,-0.15182774463978924,3.4073173596921174,-3.833244877421516,"{""type"":""MultiPoint"",""coordinates"":[]}"
20120319,2012-03-19,-0.10330515524139254,3.978754747873145,-4.897117399954752,"{""type"":""MultiPoint"",""coordinates"":[]}"
20120320,2012-03-20,-1.7255073155439544,2.7323914989693026,-6.47055184093116,"{""type"":""MultiPoint"",""coordinates"":[]}"
20120321,2012-03-21,-2.467480465405925,1.6919301049506519,-6.9253260424121175,"{""type"":""MultiPoint"",""coordinates"":[]}"
20120322,2012-03-22,-3.5180374833333197,0.7532505667063829,-7.8654164267377125,"{""type"":""MultiPoint"",""coordinates"":[]}"
20120323,2012-03-23,-3.1374896732112028,0.979509316146738,-7.656730071952784,"{""type"":""MultiPoint"",""coordinates"":[]}"
20120324,2012-03-24,-2.312422778660504,1.7685506241826898,-6.446801100780492,"{""type"":""MultiPoint"",""coordinates"":[]}"
20120325,2012-03-25,-1.4347465097504752,2.6036804121045223,-5.793059790786454,"{""type"":""MultiPoint"",""coordinates"":[]}"
20120326,2012-03-26,0.10614885232148384,3.961361836452764,-4.239837253763441,"{""type"":""MultiPoint"",""coordinates"":[]}"
20120327,2012-03-27,0.38517395385957875,4.184368988167929,-3.7944806493142686,"{""type"":""MultiPoint"",""coordinates"":[]}"
20120328,2012-03-28,0.9326062246883325,4.516314123575147,-3.208143047933491,"{""type"":""MultiPoint"",""coordinates"":[]}"
20120329,2012-03-29,-0.09321043864772403,4.10230345214258,-4.291604897447936,"{""type"":""MultiPoint"",""coordinates"":[]}"
20120330,2012-03-30,-1.204035244132456,3.1356766853978635,-5.501382956172882,"{""type"":""MultiPoint"",""coordinates"":[]}"
20120331,2012-03-31,-0.36730434157178826,3.7706732421395386,-5.040427511984542,"{""type"":""MultiPoint"",""coordinates"":[]}"
20120401,2012-04-01,0.9535394967844307,5.023612249977124,-3.5751426412159266,"{""type"":""MultiPoint"",""coordinates"":[]}"
20120402,2012-04-02,2.3006109441921274,6.101246538820551,-2.020846062923567,"{""type"":""MultiPoint"",""coordinates"":[]}"
20120403,2012-04-03,3.204811668125334,6.801894129606742,-0.9970141815166422,"{""type"":""MultiPoint"",""coordinates"":[]}"
20120404,2012-04-04,3.403639423952528,6.965405773529957,-0.6636074284313598,"{""type"":""MultiPoint"",""coordinates"":[]}"
20120405,2012-04-05,3.3236289679089914,6.68533272571578,-0.47113890962796334,"{""type"":""MultiPoint"",""coordinates"":[]}"
20120406,2012-04-06,2.8826346922503983,6.3356598049801205,-1.0133666022905836,"{""type"":""MultiPoint"",""coordinates"":[]}"
20120407,2012-04-07,2.6325443770765387,6.1137485086221535,-1.3038738299863337,"{""type"":""MultiPoint"",""coordinates"":[]}"
20120408,2012-04-08,2.6438695590089285,6.137591029588887,-1.3146748675323583,"{""type"":""MultiPoint"",""coordinates"":[]}"
20120409,2012-04-09,2.930491899372815,6.356635164950325,-1.0010089859766782,"{""type"":""MultiPoint"",""coordinates"":[]}"
20120410,2012-04-10,3.9324038809216324,7.150133210269605,-0.025280023184214965,"{""type"":""MultiPoint"",""coordinates"":[]}"
20120411,2012-04-11,4.8059805568018374,7.893452913489415,0.8509341935465861,"{""type"":""MultiPoint"",""coordinates"":[]}"
20120412,2012-04-12,4.055200361021109,7.435563907765223,0.2563117784838364,"{""type"":""MultiPoint"",""coordinates"":[]}"
20120413,2012-04-13,3.6460470789265376,7.0575990879969055,-0.23701675798442398,"{""type"":""MultiPoint"",""coordinates"":[]}"
20120414,2012-04-14,4.4572159641381885,7.4897786989594275,0.9863933323967997,"{""type"":""MultiPoint"",""coordinates"":[]}"
20120415,2012-04-15,4.47552203985451,7.584279008555841,1.0111344386840806,"{""type"":""MultiPoint"",""coordinates"":[]}"
20120416,2012-04-16,3.4659026161564603,6.754049401291965,-0.08724089792730512,"{""type"":""MultiPoint"",""coordinates"":[]}"
20120417,2012-04-17,3.539517962412083,6.655391496822028,-0.07915753718187712,"{""type"":""MultiPoint"",""coordinates"":[]}"
20120418,2012-04-18,3.429860852968729,6.735795303490113,-0.2860831119214401,"{""type"":""MultiPoint"",""coordinates"":[]}"
20120419,2012-04-19,3.13488235192556,6.548416772758433,-0.7181715055973801,"{""type"":""MultiPoint"",""coordinates"":[]}"
20120420,2012-04-20,3.960070327095104,7.286145254278514,0.007581707023150219,"{""type"":""MultiPoint"",""coordinates"":[]}"
20120421,2012-04-21,5.062922799862992,8.30447136415016,1.1381100311729229,"{""type"":""MultiPoint"",""coordinates"":[]}"
20120422,2012-04-22,4.993306155417866,8.250766099680838,1.3509889450156891,"{""type"":""MultiPoint"",""coordinates"":[]}"
20120423,2012-04-23,4.801759611234658,7.929123438539565,1.2094420213088153,"{""type"":""MultiPoint"",""coordinates"":[]}"
20120424,2012-04-24,4.375770793545507,7.78821869245455,0.6516183774354248,"{""type"":""MultiPoint"",""coordinates"":[]}"
20120425,2012-04-25,4.645116064845719,7.767674077205349,0.9890494650265339,"{""type"":""MultiPoint"",""coordinates"":[]}"
20120426,2012-04-26,5.196674199023438,8.248039504390283,1.6614550208953331,"{""type"":""MultiPoint"",""coordinates"":[]}"
20120427,2012-04-27,5.370706598679808,8.316701236559275,2.0300680109374656,"{""type"":""MultiPoint"",""coordinates"":[]}"
20120428,2012-04-28,5.0475204528925,8.186099020213522,1.4394001614275242,"{""type"":""MultiPoint"",""coordinates"":[]}"
20120429,2012-04-29,4.493618833022593,7.872819676261547,0.9374246012099187,"{""type"":""MultiPoint"",""coordinates"":[]}"
20120430,2012-04-30,3.8283310844580694,7.359570329385336,0.23449169345817228,"{""type"":""MultiPoint"",""coordinates"":[]}"
20120501,2012-05-01,3.4826053817533342,6.943195844333923,-0.16880744365066744,"{""type"":""MultiPoint"",""coordinates"":[]}"
20120502,2012-05-02,3.3894224463799048,7.061712782611801,-0.6281454239903833,"{""type"":""MultiPoint"",""coordinates"":[]}"
20120503,2012-05-03,3.5339014892700735,7.2004959371631445,-0.5782787087343891,"{""type"":""MultiPoint"",""coordinates"":[]}"
20120504,2012-05-04,3.9529289197994504,7.546666222818911,-0.48150464581969477,"{""type"":""MultiPoint"",""coordinates"":[]}"
20120505,2012-05-05,4.6494761964942,8.207961635702683,0.40814055296681045,"{""type"":""MultiPoint"",""coordinates"":[]}"
20120506,2012-05-06,5.4508474612513655,8.904879397779851,1.3055142957464307,"{""type"":""MultiPoint"",""coordinates"":[]}"
20120507,2012-05-07,5.811466655382975,9.271146585489358,1.6746601009607216,"{""type"":""MultiPoint"",""coordinates"":[]}"
20120508,2012-05-08,6.480454642042245,9.776189083644631,2.4726948648273255,"{""type"":""MultiPoint"",""coordinates"":[]}"
20120509,2012-05-09,7.085027505925315,10.203519339177479,3.2915635761294424,"{""type"":""MultiPoint"",""coordinates"":[]}"
20120510,2012-05-10,7.788815715696034,10.639781237754102,4.292107414765041,"{""type"":""MultiPoint"",""coordinates"":[]}"
20120511,2012-05-11,8.083151875786637,10.92848543446198,4.596792637930191,"{""type"":""MultiPoint"",""coordinates"":[]}"
20120512,2012-05-12,8.202008751926947,10.974617911072684,4.905491330869364,"{""type"":""MultiPoint"",""coordinates"":[]}"
20120513,2012-05-13,7.482843110569371,10.321609565577393,4.409081072237351,"{""type"":""MultiPoint"",""coordinates"":[]}"
20120514,2012-05-14,6.722454758189602,9.804368676177472,3.428364781016027,"{""type"":""MultiPoint"",""coordinates"":[]}"
20120515,2012-05-15,6.439532279359502,9.713090719219398,2.967388412391,"{""type"":""MultiPoint"",""coordinates"":[]}"
20120516,2012-05-16,6.049640634684859,9.442377362751598,2.460272724775512,"{""type"":""MultiPoint"",""coordinates"":[]}"
20120517,2012-05-17,6.00490942910533,9.368604558109471,2.1216536269882926,"{""type"":""MultiPoint"",""coordinates"":[]}"
20120518,2012-05-18,6.502509105987611,9.764276325743106,2.745894633328038,"{""type"":""MultiPoint"",""coordinates"":[]}"
20120519,2012-05-19,6.902311076038619,10.177646743426815,3.2974537820227363,"{""type"":""MultiPoint"",""coordinates"":[]}"
20120520,2012-05-20,6.772664028030562,10.241668345310682,3.0976440110320334,"{""type"":""MultiPoint"",""coordinates"":[]}"
20120521,2012-05-21,6.976507332580741,10.148953229922123,3.5916443736671346,"{""type"":""MultiPoint"",""coordinates"":[]}"
20120522,2012-05-22,6.565028825686762,9.96548330233649,3.117860231575419,"{""type"":""MultiPoint"",""coordinates"":[]}"
20120523,2012-05-23,6.007467193351754,9.38954686350853,2.640913369572339,"{""type"":""MultiPoint"",""coordinates"":[]}"
20120524,2012-05-24,5.5501918523005855,9.251610538192388,1.6686273633226596,"{""type"":""MultiPoint"",""coordinates"":[]}"
20120525,2012-05-25,5.803035600706095,9.5446074906549,1.7690203039805785,"{""type"":""MultiPoint"",""coordinates"":[]}"
20120526,2012-05-26,6.79686282387588,10.088989400681573,3.0415163660520297,"{""type"":""MultiPoint"",""coordinates"":[]}"
20120527,2012-05-27,7.019494321510367,10.35167753058775,3.599028893674817,"{""type"":""MultiPoint"",""coordinates"":[]}"
20120528,2012-05-28,6.9527483950058615,10.296902600306506,3.545280061240346,"{""type"":""MultiPoint"",""coordinates"":[]}"
20120529,2012-05-29,7.463189672687836,10.929302986721495,3.972726198567412,"{""type"":""MultiPoint"",""coordinates"":[]}"
20120530,2012-05-30,7.564189537784124,11.086043334596308,4.074312247642208,"{""type"":""MultiPoint"",""coordinates"":[]}"
20120531,2012-05-31,7.762331254255643,11.008982862516271,4.276571196895592,"{""type"":""MultiPoint"",""coordinates"":[]}"
20120601,2012-06-01,8.664679871696801,11.744705861360663,5.339508652621188,"{""type"":""MultiPoint"",""coordinates"":[]}"
20120602,2012-06-02,8.854913009894647,11.940953343706653,5.849114654722971,"{""type"":""MultiPoint"",""coordinates"":[]}"
20120603,2012-06-03,8.828291546317368,11.70877078872069,5.882873843523773,"{""type"":""MultiPoint"",""coordinates"":[]}"
20120604,2012-06-04,8.621467276940363,11.562583894875228,5.494250041471394,"{""type"":""MultiPoint"",""coordinates"":[]}"
20120605,2012-06-05,8.95731353766782,11.643201971909761,6.040429560623574,"{""type"":""MultiPoint"",""coordinates"":[]}"
20120606,2012-06-06,9.686904195657355,12.352645796095727,6.796436232086548,"{""type"":""MultiPoint"",""coordinates"":[]}"
20120607,2012-06-07,10.262277624298408,12.785467467672312,7.383515927204236,"{""type"":""MultiPoint"",""coordinates"":[]}"
20120608,2012-06-08,10.633122820123516,12.852745928160816,8.293034466615309,"{""type"":""MultiPoint"",""coordinates"":[]}"
20120609,2012-06-09,10.537608459843876,12.988710489911757,7.974807909606346,"{""type"":""MultiPoint"",""coordinates"":[]}"
20120610,2012-06-10,10.36406067173424,12.832589505639037,7.790279632226849,"{""type"":""MultiPoint"",""coordinates"":[]}"
20120611,2012-06-11,10.559927239142539,13.013371724269472,7.953547835387046,"{""type"":""MultiPoint"",""coordinates"":[]}"
20120612,2012-06-12,10.665171509378037,13.291680805782791,7.952920389358964,"{""type"":""MultiPoint"",""coordinates"":[]}"
20120613,2012-06-13,10.871887498786084,13.257828300598154,8.365539352708108,"{""type"":""MultiPoint"",""coordinates"":[]}"
20120614,2012-06-14,11.140495130584936,13.640217611174918,8.620217545869268,"{""type"":""MultiPoint"",""coordinates"":[]}"
20120615,2012-06-15,11.13363524734021,13.743474057911273,8.538243495860042,"{""type"":""MultiPoint"",""coordinates"":[]}"
20120616,2012-06-16,11.156163954977655,13.583839194322442,8.633917035320442,"{""type"":""MultiPoint"",""coordinates"":[]}"
20120617,2012-06-17,11.610754495716348,13.93438928545996,9.1330411948937,"{""type"":""MultiPoint"",""coordinates"":[]}"
20120618,2012-06-18,12.1426068442911,14.348381549363403,9.6987990166951,"{""type"":""MultiPoint"",""coordinates"":[]}"
20120619,2012-06-19,12.391274466690605,14.519939616875945,10.198178543255514,"{""type"":""MultiPoint"",""coordinates"":[]}"
20120620,2012-06-20,12.253132945795052,14.383428818315908,10.103459157923762,"{""type"":""MultiPoint"",""coordinates"":[]}"
20120621,2012-06-21,12.372613840533367,14.41909275163146,10.217034874254747,"{""type"":""MultiPoint"",""coordinates"":[]}"
20120622,2012-06-22,12.899224815850765,14.946180053257532,10.697644973058136,"{""type"":""MultiPoint"",""coordinates"":[]}"
20120623,2012-06-23,13.190298824121108,15.18166361657435,11.13549904603366,"{""type"":""MultiPoint"",""coordinates"":[]}"
20120624,2012-06-24,13.022676217618237,15.058724508298194,10.972128471166299,"{""type"":""MultiPoint"",""coordinates"":[]}"
20120625,2012-06-25,13.0649036431864,15.12484441241241,10.847773220808051,"{""type"":""MultiPoint"",""coordinates"":[]}"
20120626,2012-06-26,12.716933603539797,14.799668149043907,10.579446921389879,"{""type"":""MultiPoint"",""coordinates"":[]}"
20120627,2012-06-27,12.651559450137155,14.640522433845875,10.55887124897612,"{""type"":""MultiPoint"",""coordinates"":[]}"
20120628,2012-06-28,12.853036795758882,14.892383317100418,10.710275864885174,"{""type"":""MultiPoint"",""coordinates"":[]}"
20120629,2012-06-29,12.997665734762691,15.269704856617864,10.748430737886876,"{""type"":""MultiPoint"",""coordinates"":[]}"
20120630,2012-06-30,12.955647311502075,15.243389091682719,10.667093674092923,"{""type"":""MultiPoint"",""coordinates"":[]}"
20120701,2012-07-01,13.497394064780593,15.658692252548997,11.345529350443064,"{""type"":""MultiPoint"",""coordinates"":[]}"
20120702,2012-07-02,13.904551843804603,15.91341465103576,11.907377396465721,"{""type"":""MultiPoint"",""coordinates"":[]}"
20120703,2012-07-03,13.431837382338383,15.48195378621181,11.386209102978894,"{""type"":""MultiPoint"",""coordinates"":[]}"
20120704,2012-07-04,13.55755226716984,15.374216940619268,11.679902083286729,"{""type"":""MultiPoint"",""coordinates"":[]}"
20120705,2012-07-05,14.245713817870476,16.039645798770245,12.413210847726688,"{""type"":""MultiPoint"",""coordinates"":[]}"
20120706,2012-07-06,13.931830291555311,15.626125533178314,12.243455875141263,"{""type"":""MultiPoint"",""coordinates"":[]}"
20120707,2012-07-07,14.151781864075936,15.878751719338016,12.470063197535449,"{""type"":""MultiPoint"",""coordinates"":[]}"
20120708,2012-07-08,14.40089263038521,16.094096116775965,12.712907150322987,"{""type"":""MultiPoint"",""coordinates"":[]}"
20120709,2012-07-09,14.645024772127638,16.289187287747403,13.06287641577563,"{""type"":""MultiPoint"",""coordinates"":[]}"
20120710,2012-07-10,14.801308338651042,16.55409862263563,13.07947502483854,"{""type"":""MultiPoint"",""coordinates"":[]}"
20120711,2012-07-11,14.385520841084169,16.154872822094546,12.632274248382428,"{""type"":""MultiPoint"",""coordinates"":[]}"
20120712,2012-07-12,14.61789762342604,16.379654084238787,12.823102723889535,"{""type"":""MultiPoint"",""coordinates"":[]}"
20120713,2012-07-13,14.90312087186848,16.586796534401543,13.191104660983614,"{""type"":""MultiPoint"",""coordinates"":[]}"
20120714,2012-07-14,14.901362961004743,16.494158086028786,13.440232339813248,"{""type"":""MultiPoint"",""coordinates"":[]}"
20120715,2012-07-15,14.917705034777082,16.515618370588328,13.401302763065107,"{""type"":""MultiPoint"",""coordinates"":[]}"
20120716,2012-07-16,14.919200181506556,16.517498336314667,13.410749349883314,"{""type"":""MultiPoint"",""coordinates"":[]}"
20120717,2012-07-17,14.876095240700831,16.54516901727794,13.270156531374655,"{""type"":""MultiPoint"",""coordinates"":[]}"
20120718,2012-07-18,14.706557260944987,16.397201942822754,12.97994846882221,"{""type"":""MultiPoint"",""coordinates"":[]}"
20120719,2012-07-19,14.787462809294004,16.604498874156175,12.98989334358034,"{""type"":""MultiPoint"",""coordinates"":[]}"
20120720,2012-07-20,14.8800288851953,16.556172708377716,13.280901724817486,"{""type"":""MultiPoint"",""coordinates"":[]}"
20120721,2012-07-21,15.143992655387585,16.720758476324857,13.65881862564081,"{""type"":""MultiPoint"",""coordinates"":[]}"
20120722,2012-07-22,15.09180999934285,16.757157276834427,13.537976820099358,"{""type"":""MultiPoint"",""coordinates"":[]}"
20120723,2012-07-23,14.979479894021754,16.60056042984788,13.460342473467437,"{""type"":""MultiPoint"",""coordinates"":[]}"
20120724,2012-07-24,14.967317560809194,16.54956290099878,13.311429266871414,"{""type"":""MultiPoint"",""coordinates"":[]}"
20120725,2012-07-25,15.404500822752558,16.997236550189786,13.86352252135387,"{""type"":""MultiPoint"",""coordinates"":[]}"
20120726,2012-07-26,15.414374586294882,16.97843470611988,14.000525302906523,"{""type"":""MultiPoint"",""coordinates"":[]}"
20120727,2012-07-27,15.354300799868263,17.016507398222966,13.833746169020444,"{""type"":""MultiPoint"",""coordinates"":[]}"
20120728,2012-07-28,15.3434142393677,16.970256323309794,13.85440072002357,"{""type"":""MultiPoint"",""coordinates"":[]}"
20120729,2012-07-29,15.281070563595268,16.87181832427827,13.717101995717812,"{""type"":""MultiPoint"",""coordinates"":[]}"
20120730,2012-07-30,15.03394408855493,16.554802981849118,13.476078628192345,"{""type"":""MultiPoint"",""coordinates"":[]}"
20120731,2012-07-31,14.808633251977543,16.354616673352126,13.275093579823343,"{""type"":""MultiPoint"",""coordinates"":[]}"
20120801,2012-08-01,14.66144994001765,16.235217095114105,13.176239149323958,"{""type"":""MultiPoint"",""coordinates"":[]}"
20120802,2012-08-02,14.670622508925838,16.300693760575513,13.051504868287827,"{""type"":""MultiPoint"",""coordinates"":[]}"
20120803,2012-08-03,14.798581130163498,16.45732428077743,13.175949589755362,"{""type"":""MultiPoint"",""coordinates"":[]}"
20120804,2012-08-04,14.990212627368209,16.41873827777662,13.582279606105695,"{""type"":""MultiPoint"",""coordinates"":[]}"
20120805,2012-08-05,15.175653012660629,16.609087340770838,13.764296524605944,"{""type"":""MultiPoint"",""coordinates"":[]}"
20120806,2012-08-06,15.29763056147415,16.835556400148622,13.875167933813913,"{""type"":""MultiPoint"",""coordinates"":[]}"
20120807,2012-08-07,15.502607851718087,17.096097728813174,14.033571957473054,"{""type"":""MultiPoint"",""coordinates"":[]}"
20120808,2012-08-08,15.537753592971788,17.192378053864505,14.030162538205934,"{""type"":""MultiPoint"",""coordinates"":[]}"
20120809,2012-08-09,15.238642309427501,16.852255499553216,13.726159401006063,"{""type"":""MultiPoint"",""coordinates"":[]}"
20120810,2012-08-10,15.170282248498946,16.683214477513374,13.60323038254467,"{""type"":""MultiPoint"",""coordinates"":[]}"
20120811,2012-08-11,15.355964199482468,16.95929856070468,13.82179590422124,"{""type"":""MultiPoint"",""coordinates"":[]}"
20120812,2012-08-12,15.196322224656878,16.657466263532946,13.847290638424477,"{""type"":""MultiPoint"",""coordinates"":[]}"
20120813,2012-08-13,15.229208191571214,16.71599586860655,13.836726781989364,"{""type"":""MultiPoint"",""coordinates"":[]}"
20120814,2012-08-14,15.293912323804902,16.866117419425752,13.792088334008037,"{""type"":""MultiPoint"",""coordinates"":[]}"
20120815,2012-08-15,15.44021295253038,16.917905456082483,13.968612014168396,"{""type"":""MultiPoint"",""coordinates"":[]}"
20120816,2012-08-16,15.551262762363212,17.04804091841382,14.09351737647565,"{""type"":""MultiPoint"",""coordinates"":[]}"
20120817,2012-08-17,15.562492667983795,17.13992397408671,14.078681967129656,"{""type"":""MultiPoint"",""coordinates"":[]}"
20120818,2012-08-18,15.252599186055278,16.771961239695703,13.795419082755256,"{""type"":""MultiPoint"",""coordinates"":[]}"
20120819,2012-08-19,15.080459151253761,16.799162821011432,13.568572790680276,"{""type"":""MultiPoint"",""coordinates"":[]}"
20120820,2012-08-20,14.71760313364063,16.249613944292424,13.315772279509364,"{""type"":""MultiPoint"",""coordinates"":[]}"
20120821,2012-08-21,14.451985945829321,15.950423379232708,13.027167771723114,"{""type"":""MultiPoint"",""coordinates"":[]}"
20120822,2012-08-22,14.32512798754395,15.853455152168083,12.84605191736849,"{""type"":""MultiPoint"",""coordinates"":[]}"
20120823,2012-08-23,14.434885535478765,16.041643706719665,12.916407085149578,"{""type"":""MultiPoint"",""coordinates"":[]}"
20120824,2012-08-24,14.408732445945537,16.01627410195052,12.921627938321203,"{""type"":""MultiPoint"",""coordinates"":[]}"
20120825,2012-08-25,14.765248114629612,16.434934930343513,13.088677794401761,"{""type"":""MultiPoint"",""coordinates"":[]}"
20120826,2012-08-26,14.916693831978076,16.40896058714448,13.332884458415776,"{""type"":""MultiPoint"",""coordinates"":[]}"
20120827,2012-08-27,14.865589404311569,16.35959416873205,13.530683941101866,"{""type"":""MultiPoint"",""coordinates"":[]}"
20120828,2012-08-28,15.281059852967685,16.83350435737365,13.746389206342556,"{""type"":""MultiPoint"",""coordinates"":[]}"
20120829,2012-08-29,15.447066471733494,17.097152448889716,14.011868206349256,"{""type"":""MultiPoint"",""coordinates"":[]}"
20120830,2012-08-30,14.902331821859997,16.671957396799296,13.401039848407809,"{""type"":""MultiPoint"",""coordinates"":[]}"
20120831,2012-08-31,14.172189820899193,16.108870022077507,12.277942043128158,"{""type"":""MultiPoint"",""coordinates"":[]}"
20120901,2012-09-01,12.920188165364753,14.857074315171918,11.188602926460215,"{""type"":""MultiPoint"",""coordinates"":[]}"
20120902,2012-09-02,12.96861952718489,14.806218913930413,11.158438868747929,"{""type"":""MultiPoint"",""coordinates"":[]}"
20120903,2012-09-03,13.118242426955401,14.922672253528201,11.409905943237261,"{""type"":""MultiPoint"",""coordinates"":[]}"
20120904,2012-09-04,13.350208984632157,15.080278427739385,11.692858172841976,"{""type"":""MultiPoint"",""coordinates"":[]}"
20120905,2012-09-05,13.779213173721526,15.288067684288096,12.226613491706596,"{""type"":""MultiPoint"",""coordinates"":[]}"
20120906,2012-09-06,14.185882959733425,15.741491904999265,12.60335502713357,"{""type"":""MultiPoint"",""coordinates"":[]}"
20120907,2012-09-07,14.41162543179878,15.883839356480504,12.895355324742075,"{""type"":""MultiPoint"",""coordinates"":[]}"
20120908,2012-09-08,14.78053891012265,16.263176452009397,13.244074422633647,"{""type"":""MultiPoint"",""coordinates"":[]}"
20120909,2012-09-09,14.787796094863387,16.24065657273507,13.36119710935391,"{""type"":""MultiPoint"",""coordinates"":[]}"
20120910,2012-09-10,14.469073567523001,16.01912779569945,13.017575894317698,"{""type"":""MultiPoint"",""coordinates"":[]}"
20120911,2012-09-11,13.964967679781804,15.789251300003485,12.211780636308726,"{""type"":""MultiPoint"",""coordinates"":[]}"
20120912,2012-09-12,13.163833082351607,14.88086950275031,11.613813641218112,"{""type"":""MultiPoint"",""coordinates"":[]}"
20120913,2012-09-13,13.239139416281903,14.815768527837278,11.705129385199397,"{""type"":""MultiPoint"",""coordinates"":[]}"
20120914,2012-09-14,13.4681295974492,15.003826035260309,11.780115312471793,"{""type"":""MultiPoint"",""coordinates"":[]}"
20120915,2012-09-15,13.230496311988889,14.764398578913735,11.69517248578807,"{""type"":""MultiPoint"",""coordinates"":[]}"
20120916,2012-09-16,13.051367260444932,14.454522423557028,11.61824393690478,"{""type"":""MultiPoint"",""coordinates"":[]}"
20120917,2012-09-17,13.376439211692897,14.86812052015488,11.772150154172307,"{""type"":""MultiPoint"",""coordinates"":[]}"
20120918,2012-09-18,13.269668717054213,14.820006747375626,11.537124248102232,"{""type"":""MultiPoint"",""coordinates"":[]}"
20120919,2012-09-19,12.779689446402692,14.566623424360566,10.892438455126117,"{""type"":""MultiPoint"",""coordinates"":[]}"
20120920,2012-09-20,12.11099151834304,13.998444526009656,10.146828279836589,"{""type"":""MultiPoint"",""coordinates"":[]}"
20120921,2012-09-21,11.727212852091736,13.787022872769404,9.632113648813098,"{""type"":""MultiPoint"",""coordinates"":[]}"
20120922,2012-09-22,11.388657492425974,13.46168587903772,9.21758193740177,"{""type"":""MultiPoint"",""coordinates"":[]}"
20120923,2012-09-23,10.789625092047075,12.899062525704776,8.557655544638195,"{""type"":""MultiPoint"",""coordinates"":[]}"
20120924,2012-09-24,10.250456818851548,12.43614552762893,7.94350663240847,"{""type"":""MultiPoint"",""coordinates"":[]}"
20120925,2012-09-25,10.123319560200256,12.24734011034365,7.779663704826809,"{""type"":""MultiPoint"",""coordinates"":[]}"
20120926,2012-09-26,10.381941941091016,12.55724389157313,7.942318685978283,"{""type"":""MultiPoint"",""coordinates"":[]}"
20120927,2012-09-27,10.513910060581772,12.650744632936382,8.106280380278788,"{""type"":""MultiPoint"",""coordinates"":[]}"
20120928,2012-09-28,10.644115133901689,12.778903441216732,8.324843929182045,"{""type"":""MultiPoint"",""coordinates"":[]}"
20120929,2012-09-29,10.631170307915896,12.866312329412217,8.267150466239848,"{""type"":""MultiPoint"",""coordinates"":[]}"
20120930,2012-09-30,10.493066102457927,12.747908970698866,8.203981569355944,"{""type"":""MultiPoint"",""coordinates"":[]}"
20121001,2012-10-01,10.159235264284236,12.399531557261492,7.892192474819147,"{""type"":""MultiPoint"",""coordinates"":[]}"
20121002,2012-10-02,9.715838256109391,11.973051881763837,7.470835215932752,"{""type"":""MultiPoint"",""coordinates"":[]}"
20121003,2012-10-03,9.244690912177077,11.57116070096993,6.901773804392579,"{""type"":""MultiPoint"",""coordinates"":[]}"
20121004,2012-10-04,8.689293050697167,11.063361723723126,6.2873180646844675,"{""type"":""MultiPoint"",""coordinates"":[]}"
20121005,2012-10-05,8.144250336320932,10.722231575001837,5.531087915838378,"{""type"":""MultiPoint"",""coordinates"":[]}"
20121006,2012-10-06,7.831411024854736,10.386471472328296,5.142238618278914,"{""type"":""MultiPoint"",""coordinates"":[]}"
20121007,2012-10-07,7.515458417352704,10.161129957457007,4.778231358112213,"{""type"":""MultiPoint"",""coordinates"":[]}"
20121008,2012-10-08,7.1448544041726,9.653440737868383,4.4620190428415905,"{""type"":""MultiPoint"",""coordinates"":[]}"
20121009,2012-10-09,7.188611836992284,9.641237918616707,4.482831612493703,"{""type"":""MultiPoint"",""coordinates"":[]}"
20121010,2012-10-10,7.148931057950632,9.687554809070708,4.509689575015288,"{""type"":""MultiPoint"",""coordinates"":[]}"
20121011,2012-10-11,6.501317297722419,9.045237820213634,3.873941441595741,"{""type"":""MultiPoint"",""coordinates"":[]}"
20121012,2012-10-12,5.966005196458686,8.693869287461803,3.057001416073024,"{""type"":""MultiPoint"",""coordinates"":[]}"
20121013,2012-10-13,5.899366496527509,8.672586926322591,2.9102082156865126,"{""type"":""MultiPoint"",""coordinates"":[]}"
20121014,2012-10-14,5.773291724161928,8.509844451897942,2.8157315361429904,"{""type"":""MultiPoint"",""coordinates"":[]}"
20121015,2012-10-15,5.554877423891629,8.254107401866765,2.399571803742337,"{""type"":""MultiPoint"",""coordinates"":[]}"
20121016,2012-10-16,5.574293534715296,8.193724916737247,2.5528937679592993,"{""type"":""MultiPoint"",""coordinates"":[]}"
20121017,2012-10-17,5.377132842864435,8.167481934834417,2.350672718473916,"{""type"":""MultiPoint"",""coordinates"":[]}"
20121018,2012-10-18,4.710976591856199,7.472558786273125,1.8012845211793267,"{""type"":""MultiPoint"",""coordinates"":[]}"
20121019,2012-10-19,4.686845883267943,7.306213656169638,1.8253697812360148,"{""type"":""MultiPoint"",""coordinates"":[]}"
20121020,2012-10-20,5.126001820668704,7.5944044683382605,2.356036584579608,"{""type"":""MultiPoint"",""coordinates"":[]}"
20121021,2012-10-21,5.0011120288107795,7.491781240657925,2.2222902995632086,"{""type"":""MultiPoint"",""coordinates"":[]}"
20121022,2012-10-22,4.492669254186174,7.1860979471111195,1.6033279915818421,"{""type"":""MultiPoint"",""coordinates"":[]}"
20121023,2012-10-23,3.9037318268012875,6.635509158566841,0.9599078741582433,"{""type"":""MultiPoint"",""coordinates"":[]}"
20121024,2012-10-24,3.2882972422066494,6.224487845939909,0.16971968652625283,"{""type"":""MultiPoint"",""coordinates"":[]}"
20121025,2012-10-25,2.4089816048078614,5.393388881672461,-0.7979656009439086,"{""type"":""MultiPoint"",""coordinates"":[]}"
20121026,2012-10-26,2.613066234021271,5.322514037987249,-0.4453576438051663,"{""type"":""MultiPoint"",""coordinates"":[]}"
20121027,2012-10-27,2.4871397765290926,5.311466911985578,-0.5128700523072096,"{""type"":""MultiPoint"",""coordinates"":[]}"
20121028,2012-10-28,2.192014891385843,5.153343671108063,-1.1693743119221411,"{""type"":""MultiPoint"",""coordinates"":[]}"
20121029,2012-10-29,1.9314613973707067,5.110194055299069,-1.3594459100666705,"{""type"":""MultiPoint"",""coordinates"":[]}"
20121030,2012-10-30,1.9409881218480636,4.929914214491421,-1.2975030238263854,"{""type"":""MultiPoint"",""coordinates"":[]}"
20121031,2012-10-31,2.273850665750105,5.162766600711265,-0.8065830392615432,"{""type"":""MultiPoint"",""coordinates"":[]}"
20121101,2012-11-01,2.954688090372428,5.738057388279294,-0.15677288425030028,"{""type"":""MultiPoint"",""coordinates"":[]}"
20121102,2012-11-02,3.1090772066783257,5.847794820178972,0.1114808517885083,"{""type"":""MultiPoint"",""coordinates"":[]}"
20121103,2012-11-03,2.992303628643987,5.582181989797711,0.09909015057970302,"{""type"":""MultiPoint"",""coordinates"":[]}"
20121104,2012-11-04,3.1581674261573913,5.843233219444947,0.21170354179738438,"{""type"":""MultiPoint"",""coordinates"":[]}"
20121105,2012-11-05,3.354639419545414,5.968795846171035,0.37083347748629814,"{""type"":""MultiPoint"",""coordinates"":[]}"
20121106,2012-11-06,3.1341780987891656,5.710770564733874,0.06007173688015225,"{""type"":""MultiPoint"",""coordinates"":[]}"
20121107,2012-11-07,2.1631955514459738,5.064965381467807,-0.8552345495229635,"{""type"":""MultiPoint"",""coordinates"":[]}"
20121108,2012-11-08,1.1285903467302716,4.101137265350998,-1.8995930913314378,"{""type"":""MultiPoint"",""coordinates"":[]}"
20121109,2012-11-09,0.4953647829009905,3.4624068253188933,-2.5969842319297682,"{""type"":""MultiPoint"",""coordinates"":[]}"
20121110,2012-11-10,0.7955545512457229,3.6317746676347915,-2.3006792437049626,"{""type"":""MultiPoint"",""coordinates"":[]}"
20121111,2012-11-11,0.8162080821427349,3.761071196555497,-2.3206281829868933,"{""type"":""MultiPoint"",""coordinates"":[]}"
20121112,2012-11-12,0.630636464931574,3.5268154460947443,-2.5042195475690012,"{""type"":""MultiPoint"",""coordinates"":[]}"
20121113,2012-11-13,0.7262058224710083,3.6602240546124345,-2.3634872767601083,"{""type"":""MultiPoint"",""coordinates"":[]}"
20121114,2012-11-14,0.021054370053576868,3.33093826029193,-3.368460160577111,"{""type"":""MultiPoint"",""coordinates"":[]}"
20121115,2012-11-15,-1.1348734281738055,1.9437903758700474,-4.319021862237978,"{""type"":""MultiPoint"",""coordinates"":[]}"
20121116,2012-11-16,-1.4065159615278326,1.7735262629373962,-4.893030811122702,"{""type"":""MultiPoint"",""coordinates"":[]}"
20121117,2012-11-17,-0.2986996644344771,2.7046124496857042,-3.7462248879222577,"{""type"":""MultiPoint"",""coordinates"":[]}"
20121118,2012-11-18,0.28520056106240027,3.081873510749891,-2.856166001514069,"{""type"":""MultiPoint"",""coordinates"":[]}"
20121119,2012-11-19,0.0615884658530664,3.076492150747484,-3.0895042178927077,"{""type"":""MultiPoint"",""coordinates"":[]}"
20121120,2012-11-20,-0.3832937579393245,2.3633402997876956,-3.284214006624418,"{""type"":""MultiPoint"",""coordinates"":[]}"
20121121,2012-11-21,0.9259420627828557,3.3811533799795006,-2.1256218722145457,"{""type"":""MultiPoint"",""coordinates"":[]}"
20121122,2012-11-22,1.096366784025537,3.537366627565209,-1.4164852317633747,"{""type"":""MultiPoint"",""coordinates"":[]}"
20121123,2012-11-23,1.5012734075587855,3.810105533273176,-1.1411198664730766,"{""type"":""MultiPoint"",""coordinates"":[]}"
20121124,2012-11-24,0.4890658748929016,3.4232171951578514,-2.656902956353789,"{""type"":""MultiPoint"",""coordinates"":[]}"
20121125,2012-11-25,-1.1635572222518176,1.550511720580461,-4.047610231005002,"{""type"":""MultiPoint"",""coordinates"":[]}"
20121126,2012-11-26,-0.7757609962517955,1.8611620787826197,-3.6687326116653733,"{""type"":""MultiPoint"",""coordinates"":[]}"
20121127,2012-11-27,-0.8677845486003696,1.7766548131762123,-3.606803380201143,"{""type"":""MultiPoint"",""coordinates"":[]}"
20121128,2012-11-28,-0.10530735706091808,2.524590882845662,-3.034397790165056,"{""type"":""MultiPoint"",""coordinates"":[]}"
20121129,2012-11-29,-0.28833742086483577,2.857650210553941,-3.771076191234003,"{""type"":""MultiPoint"",""coordinates"":[]}"
20121130,2012-11-30,-2.2322371312987754,1.3216310836947256,-5.7413571897577675,"{""type"":""MultiPoint"",""coordinates"":[]}"
20121201,2012-12-01,-3.6006632041387707,-0.5399352406276087,-6.630752567831932,"{""type"":""MultiPoint"",""coordinates"":[]}"
20121202,2012-12-02,-3.368125085792929,-0.2830233223475189,-6.706807536785498,"{""type"":""MultiPoint"",""coordinates"":[]}"
20121203,2012-12-03,-2.2132626097476815,0.8514670758172167,-5.585661788243473,"{""type"":""MultiPoint"",""coordinates"":[]}"
20121204,2012-12-04,-2.6103741364250053,0.3504858157896618,-5.550724756577594,"{""type"":""MultiPoint"",""coordinates"":[]}"
20121205,2012-12-05,-2.1267545356061945,0.8635292468095598,-5.291853122965997,"{""type"":""MultiPoint"",""coordinates"":[]}"
20121206,2012-12-06,-1.6412165970047308,1.2421371532649776,-4.499475258050874,"{""type"":""MultiPoint"",""coordinates"":[]}"
20121207,2012-12-07,-0.9323731245882271,1.882034496510953,-4.112039373493091,"{""type"":""MultiPoint"",""coordinates"":[]}"
20121208,2012-12-08,-0.06526913343898998,2.7671658029875554,-3.280704136494142,"{""type"":""MultiPoint"",""coordinates"":[]}"
20121209,2012-12-09,-0.9203707257902015,2.0942507819873226,-4.086342663569577,"{""type"":""MultiPoint"",""coordinates"":[]}"
20121210,2012-12-10,-1.397662830977894,1.6008445517669248,-4.670665767943649,"{""type"":""MultiPoint"",""coordinates"":[]}"
20121211,2012-12-11,-0.5448329794405606,2.2565385275492917,-3.800967921054872,"{""type"":""MultiPoint"",""coordinates"":[]}"
20121212,2012-12-12,-0.6446925884684728,2.155479083172748,-3.641687051258299,"{""type"":""MultiPoint"",""coordinates"":[]}"
20121213,2012-12-13,-0.25685367287671346,2.267055473921468,-3.234303169629456,"{""type"":""MultiPoint"",""coordinates"":[]}"
20121214,2012-12-14,0.09362881262493619,2.5752957122053877,-2.8599214910264923,"{""type"":""MultiPoint"",""coordinates"":[]}"
20121215,2012-12-15,-0.2589626240089278,2.134006349328415,-2.806397567696138,"{""type"":""MultiPoint"",""coordinates"":[]}"
20121216,2012-12-16,-0.24039999072783705,2.283240911173454,-3.0721344710251364,"{""type"":""MultiPoint"",""coordinates"":[]}"
20121217,2012-12-17,-1.6102832722293683,1.4829090212768277,-4.74449137762083,"{""type"":""MultiPoint"",""coordinates"":[]}"
20121218,2012-12-18,-1.3581172941537556,1.7562352134465733,-5.145114103474863,"{""type"":""MultiPoint"",""coordinates"":[]}"
20121219,2012-12-19,-3.1085149164113832,-0.23839686009428984,-6.139684731621726,"{""type"":""MultiPoint"",""coordinates"":[]}"
20121220,2012-12-20,-4.416317727585046,-1.4493456333449626,-7.427701996028872,"{""type"":""MultiPoint"",""coordinates"":[]}"
20121221,2012-12-21,-4.947399326204352,-1.998564019312993,-7.915997714612613,"{""type"":""MultiPoint"",""coordinates"":[]}"
20121222,2012-12-22,-5.641332653192601,-2.46414978939595,-8.792087700849791,"{""type"":""MultiPoint"",""coordinates"":[]}"
20121223,2012-12-23,-5.525492552894772,-2.1767100946786138,-9.09269193524156,"{""type"":""MultiPoint"",""coordinates"":[]}"
20121224,2012-12-24,-4.032036674490939,-0.9343394905022394,-7.68659214967384,"{""type"":""MultiPoint"",""coordinates"":[]}"
20121225,2012-12-25,-3.8566204904583254,-0.8520498009045295,-7.170896265701176,"{""type"":""MultiPoint"",""coordinates"":[]}"
20121226,2012-12-26,-4.345910158066634,-1.364944647290498,-7.4396526312284115,"{""type"":""MultiPoint"",""coordinates"":[]}"
20121227,2012-12-27,-2.2619694763366054,0.5960081740256217,-6.1595761510877,"{""type"":""MultiPoint"",""coordinates"":[]}"
20121228,2012-12-28,-2.592917717637931,0.6423735392251705,-5.9703216125780365,"{""type"":""MultiPoint"",""coordinates"":[]}"
20121229,2012-12-29,-3.0844025308159218,-0.3293661978565745,-6.38095373951799,"{""type"":""MultiPoint"",""coordinates"":[]}"
20121230,2012-12-30,-2.540937811286515,0.12636989673841306,-5.7418349108866895,"{""type"":""MultiPoint"",""coordinates"":[]}"
20121231,2012-12-31,-3.3222114598943673,-0.18116066158383134,-6.660795174248816,"{""type"":""MultiPoint"",""coordinates"":[]}"
20130101,2013-01-01,-2.4315329062784268,0.6400861040206881,-6.508058858915749,"{""type"":""MultiPoint"",""coordinates"":[]}"
20130102,2013-01-02,-2.4857262910127638,0.436908372368784,-5.855597936022967,"{""type"":""MultiPoint"",""coordinates"":[]}"
20130103,2013-01-03,-3.4949166357018795,-0.5311101790373635,-6.656687421772977,"{""type"":""MultiPoint"",""coordinates"":[]}"
20130104,2013-01-04,-3.6994698784029634,-1.0444012927764685,-6.653111108866955,"{""type"":""MultiPoint"",""coordinates"":[]}"
20130105,2013-01-05,-4.5648244417987165,-1.779127124096313,-7.5860558100387045,"{""type"":""MultiPoint"",""coordinates"":[]}"
20130106,2013-01-06,-5.1569636897657105,-2.2501303791633713,-8.221668530270929,"{""type"":""MultiPoint"",""coordinates"":[]}"
20130107,2013-01-07,-5.658895612741819,-2.965172193458207,-8.682698200192727,"{""type"":""MultiPoint"",""coordinates"":[]}"
20130108,2013-01-08,-6.094794391831474,-3.284981631987943,-9.451660368983072,"{""type"":""MultiPoint"",""coordinates"":[]}"
20130109,2013-01-09,-5.409789028027822,-2.502494940644553,-8.721298588994848,"{""type"":""MultiPoint"",""coordinates"":[]}"
20130110,2013-01-10,-5.351964799688649,-2.4090149008460937,-8.423113667694599,"{""type"":""MultiPoint"",""coordinates"":[]}"
20130111,2013-01-11,-5.555293365505141,-2.357553582626954,-8.836448963784491,"{""type"":""MultiPoint"",""coordinates"":[]}"
20130112,2013-01-12,-4.017658710208695,-0.40840810293193247,-8.523004177553183,"{""type"":""MultiPoint"",""coordinates"":[]}"
20130113,2013-01-13,-3.8672881020334398,-0.4858358966189443,-7.676611953875816,"{""type"":""MultiPoint"",""coordinates"":[]}"
20130114,2013-01-14,-4.172786772602066,-0.9335365396888725,-7.596706240187462,"{""type"":""MultiPoint"",""coordinates"":[]}"
20130115,2013-01-15,-3.3005361865611946,-0.5208434957999714,-6.507684908484819,"{""type"":""MultiPoint"",""coordinates"":[]}"
20130116,2013-01-16,-2.6664369683946822,0.30079169580292586,-5.729267968290661,"{""type"":""MultiPoint"",""coordinates"":[]}"
20130117,2013-01-17,-1.3678065408320108,1.5703306735759883,-5.0111916339867095,"{""type"":""MultiPoint"",""coordinates"":[]}"
20130118,2013-01-18,-0.8952272941313579,2.255321993988772,-4.655647526613871,"{""type"":""MultiPoint"",""coordinates"":[]}"
20130119,2013-01-19,-2.71050085818196,0.44505729565169827,-6.16886066143879,"{""type"":""MultiPoint"",""coordinates"":[]}"
20130120,2013-01-20,-4.800222508056339,-1.675912736742629,-8.114702592067841,"{""type"":""MultiPoint"",""coordinates"":[]}"
20130121,2013-01-21,-6.345094327081509,-3.022863239747094,-9.713477454935644,"{""type"":""MultiPoint"",""coordinates"":[]}"
20130122,2013-01-22,-6.274924561296019,-3.1533759283600538,-9.665257079975348,"{""type"":""MultiPoint"",""coordinates"":[]}"
20130123,2013-01-23,-5.93447546385637,-2.791906777058263,-9.366271261877213,"{""type"":""MultiPoint"",""coordinates"":[]}"
20130124,2013-01-24,-5.893862077487657,-2.8063378542362547,-9.48945123340569,"{""type"":""MultiPoint"",""coordinates"":[]}"
20130125,2013-01-25,-6.532367907703135,-3.2316276520609457,-9.844113117822296,"{""type"":""MultiPoint"",""coordinates"":[]}"
20130126,2013-01-26,-6.708454648821336,-3.5251840499365454,-10.078349592363011,"{""type"":""MultiPoint"",""coordinates"":[]}"
20130127,2013-01-27,-6.167899425817647,-2.6008700076420044,-10.086826943164844,"{""type"":""MultiPoint"",""coordinates"":[]}"
20130128,2013-01-28,-4.245205092047465,-0.5850712406569869,-8.84930164123793,"{""type"":""MultiPoint"",""coordinates"":[]}"
20130129,2013-01-29,-4.226326262672859,-0.6193324893245783,-7.903002470589129,"{""type"":""MultiPoint"",""coordinates"":[]}"
20130130,2013-01-30,-3.6518186657167964,-0.48430896981578186,-7.493740478057399,"{""type"":""MultiPoint"",""coordinates"":[]}"
20130131,2013-01-31,-2.0225583734880006,0.9567086503073333,-5.78348256882473,"{""type"":""MultiPoint"",""coordinates"":[]}"
20130201,2013-02-01,-1.175350226479661,1.5395156991903178,-4.52402309316001,"{""type"":""MultiPoint"",""coordinates"":[]}"
20130202,2013-02-02,-1.061292893319748,1.8649359098855116,-4.437481221584796,"{""type"":""MultiPoint"",""coordinates"":[]}"
20130203,2013-02-03,-0.7204747170773199,2.188958588127364,-4.283909136936367,"{""type"":""MultiPoint"",""coordinates"":[]}"
20130204,2013-02-04,0.47160154712733265,3.2513956352193354,-3.0836464008063857,"{""type"":""MultiPoint"",""coordinates"":[]}"
20130205,2013-02-05,1.02207612223537,3.9466690109186464,-2.1589289753111807,"{""type"":""MultiPoint"",""coordinates"":[]}"
20130206,2013-02-06,0.04956247253537007,3.1414598291941984,-3.314485927396629,"{""type"":""MultiPoint"",""coordinates"":[]}"
20130207,2013-02-07,-1.6500566433192796,1.7933776627573397,-5.701216668169817,"{""type"":""MultiPoint"",""coordinates"":[]}"
20130208,2013-02-08,-4.062382613114928,-0.5517797503052791,-7.643022740046489,"{""type"":""MultiPoint"",""coordinates"":[]}"
20130209,2013-02-09,-4.588160243132548,-1.0465383598769278,-8.572030203659597,"{""type"":""MultiPoint"",""coordinates"":[]}"
20130210,2013-02-10,-3.037481683674564,-0.02014452111427776,-6.705933155659014,"{""type"":""MultiPoint"",""coordinates"":[]}"
20130211,2013-02-11,-2.496445736494714,0.38739608745424603,-5.598466306545885,"{""type"":""MultiPoint"",""coordinates"":[]}"
20130212,2013-02-12,-1.4490573421838033,1.4885303147138422,-4.979074397468003,"{""type"":""MultiPoint"",""coordinates"":[]}"
20130213,2013-02-13,-1.0328621755117677,1.757912898134144,-4.24205046878354,"{""type"":""MultiPoint"",""coordinates"":[]}"
20130214,2013-02-14,-1.1242937674233417,1.7869134676449925,-4.364467004168855,"{""type"":""MultiPoint"",""coordinates"":[]}"
20130215,2013-02-15,0.5004462316897244,3.3432567013071024,-3.149993283685852,"{""type"":""MultiPoint"",""coordinates"":[]}"
20130216,2013-02-16,1.5877899434489144,4.202211891013361,-1.603488136534651,"{""type"":""MultiPoint"",""coordinates"":[]}"
20130217,2013-02-17,0.4308796465343634,3.7293555829544913,-3.5163222853043736,"{""type"":""MultiPoint"",""coordinates"":[]}"
20130218,2013-02-18,-1.8185830572893202,1.0866402456188609,-5.009282455189269,"{""type"":""MultiPoint"",""coordinates"":[]}"
20130219,2013-02-19,-1.856565277524029,0.8303583993097239,-4.896299315040584,"{""type"":""MultiPoint"",""coordinates"":[]}"
20130220,2013-02-20,-1.3936981190594873,1.309424263021309,-4.665117717274609,"{""type"":""MultiPoint"",""coordinates"":[]}"
20130221,2013-02-21,-1.5980028784924813,1.382673187077423,-5.15823862814324,"{""type"":""MultiPoint"",""coordinates"":[]}"
20130222,2013-02-22,-0.6300707317295715,2.226224910461638,-4.100172689957993,"{""type"":""MultiPoint"",""coordinates"":[]}"
20130223,2013-02-23,-0.39597539848122726,2.701660451323699,-4.01240427235102,"{""type"":""MultiPoint"",""coordinates"":[]}"
20130224,2013-02-24,-0.3600507673810437,2.887234781793237,-4.153359659483038,"{""type"":""MultiPoint"",""coordinates"":[]}"
20130225,2013-02-25,-0.8546773767094025,2.4550958216759784,-4.5051010682222925,"{""type"":""MultiPoint"",""coordinates"":[]}"
20130226,2013-02-26,-1.399102974886297,1.92479028911136,-4.893681866318779,"{""type"":""MultiPoint"",""coordinates"":[]}"
20130227,2013-02-27,-2.02914727547579,1.6057655175588874,-5.964263932124219,"{""type"":""MultiPoint"",""coordinates"":[]}"
20130228,2013-02-28,-2.937747596032427,0.7154074887235976,-6.6837936011945915,"{""type"":""MultiPoint"",""coordinates"":[]}"
20130301,2013-03-01,-3.943261718957023,-0.2955191775003464,-7.584525781206725,"{""type"":""MultiPoint"",""coordinates"":[]}"
20130302,2013-03-02,-3.9773405570661837,-0.29416833808659953,-7.833976546138268,"{""type"":""MultiPoint"",""coordinates"":[]}"
20130303,2013-03-03,-3.7510900698345226,0.16207887942424618,-7.789161951274479,"{""type"":""MultiPoint"",""coordinates"":[]}"
20130304,2013-03-04,-3.3704846770031334,0.6992855665037683,-7.6359956544645,"{""type"":""MultiPoint"",""coordinates"":[]}"
20130305,2013-03-05,-2.2521169649187747,1.7075623446494421,-6.308378558492056,"{""type"":""MultiPoint"",""coordinates"":[]}"
20130306,2013-03-06,-1.8144138752751604,1.970242994740503,-5.5352118241969634,"{""type"":""MultiPoint"",""coordinates"":[]}"
20130307,2013-03-07,-1.67049662220894,2.149772524834207,-5.505247241088903,"{""type"":""MultiPoint"",""coordinates"":[]}"
20130308,2013-03-08,-1.868496575256766,2.2141676898878253,-6.059610794844163,"{""type"":""MultiPoint"",""coordinates"":[]}"
20130309,2013-03-09,-1.7957964995996563,2.250430752666971,-6.313027171159649,"{""type"":""MultiPoint"",""coordinates"":[]}"
20130310,2013-03-10,-0.5868844628486757,3.1674889696336996,-4.908991598529782,"{""type"":""MultiPoint"",""coordinates"":[]}"
20130311,2013-03-11,-0.47961084631983203,3.2555120600327476,-4.640218555774287,"{""type"":""MultiPoint"",""coordinates"":[]}"
20130312,2013-03-12,0.11026858661313127,3.422326671176127,-3.502305594402707,"{""type"":""MultiPoint"",""coordinates"":[]}"
20130313,2013-03-13,1.3219762799569423,4.406563715155184,-2.458754610586478,"{""type"":""MultiPoint"",""coordinates"":[]}"
20130314,2013-03-14,1.727938103531379,4.835216687251781,-1.7236570924585461,"{""type"":""MultiPoint"",""coordinates"":[]}"
20130315,2013-03-15,1.18876694811427,4.665730911018953,-2.348665158032662,"{""type"":""MultiPoint"",""coordinates"":[]}"
20130316,2013-03-16,0.883654151402971,4.0781949274427225,-2.6308402767286303,"{""type"":""MultiPoint"",""coordinates"":[]}"
20130317,2013-03-17,0.9263469445042963,4.272953655115013,-2.761461764801909,"{""type"":""MultiPoint"",""coordinates"":[]}"
20130318,2013-03-18,-0.16117343807317586,3.4402602581522257,-3.798378939618935,"{""type"":""MultiPoint"",""coordinates"":[]}"
20130319,2013-03-19,-0.30925996133353506,3.192067668353091,-4.255129154323981,"{""type"":""MultiPoint"",""coordinates"":[]}"
20130320,2013-03-20,0.30612287678064565,3.8799802843151543,-3.608785144817116,"{""type"":""MultiPoint"",""coordinates"":[]}"
20130321,2013-03-21,1.0614112602837067,4.657073865873991,-3.0028692167582247,"{""type"":""MultiPoint"",""coordinates"":[]}"
20130322,2013-03-22,0.9984112007707446,4.615695229808985,-3.1065019027252823,"{""type"":""MultiPoint"",""coordinates"":[]}"
20130323,2013-03-23,1.9857059862077278,5.244313721760058,-1.9174699445313113,"{""type"":""MultiPoint"",""coordinates"":[]}"
20130324,2013-03-24,2.2671896932689792,5.5320313200572695,-1.2941617989363556,"{""type"":""MultiPoint"",""coordinates"":[]}"
20130325,2013-03-25,1.4386586042192333,5.116168549657218,-2.350174013282593,"{""type"":""MultiPoint"",""coordinates"":[]}"
20130326,2013-03-26,1.0164774920077015,4.3549573401019845,-2.5644974307301047,"{""type"":""MultiPoint"",""coordinates"":[]}"
20130327,2013-03-27,1.6713571097523232,5.019352102968851,-2.2615196852831048,"{""type"":""MultiPoint"",""coordinates"":[]}"
20130328,2013-03-28,3.2461948699488734,6.42644927836752,-0.5820910391497446,"{""type"":""MultiPoint"",""coordinates"":[]}"
20130329,2013-03-29,3.1223713897261,6.218729174344624,-0.27391172435406996,"{""type"":""MultiPoint"",""coordinates"":[]}"
20130330,2013-03-30,2.8345270770455637,5.976880367037342,-0.5714932206670194,"{""type"":""MultiPoint"",""coordinates"":[]}"
20130331,2013-03-31,2.5160067673301763,5.723479740822251,-1.1317899049916194,"{""type"":""MultiPoint"",""coordinates"":[]}"
20130401,2013-04-01,2.4079088883207005,5.879707029358431,-1.5061960618632877,"{""type"":""MultiPoint"",""coordinates"":[]}"
20130402,2013-04-02,2.7102259187855244,6.151976375285262,-1.100481818509151,"{""type"":""MultiPoint"",""coordinates"":[]}"
20130403,2013-04-03,3.066675852474356,6.457754292017861,-0.5359177758473442,"{""type"":""MultiPoint"",""coordinates"":[]}"
20130404,2013-04-04,1.3833727640344409,5.376524419248764,-2.427464634085507,"{""type"":""MultiPoint"",""coordinates"":[]}"
20130405,2013-04-05,-0.6450782296587104,3.246385987326785,-4.429451085997509,"{""type"":""MultiPoint"",""coordinates"":[]}"
20130406,2013-04-06,-1.2568327323658457,2.962467949026787,-5.617701168422089,"{""type"":""MultiPoint"",""coordinates"":[]}"
20130407,2013-04-07,-0.33797138549749417,3.652327564610051,-4.58157337760995,"{""type"":""MultiPoint"",""coordinates"":[]}"
20130408,2013-04-08,1.3513102609896288,4.938294676052957,-2.710916949523952,"{""type"":""MultiPoint"",""coordinates"":[]}"
20130409,2013-04-09,2.84990282046278,6.3835542325429175,-1.1880021399706082,"{""type"":""MultiPoint"",""coordinates"":[]}"
20130410,2013-04-10,3.5188942885078793,6.726789380310405,0.03447149201990938,"{""type"":""MultiPoint"",""coordinates"":[]}"
20130411,2013-04-11,3.2480344210549075,6.47150237520246,-0.3589109984001793,"{""type"":""MultiPoint"",""coordinates"":[]}"
20130412,2013-04-12,2.669372321606493,6.091982023912471,-1.0144497648438822,"{""type"":""MultiPoint"",""coordinates"":[]}"
20130413,2013-04-13,2.5171147472935784,6.152428866323685,-1.426163788119167,"{""type"":""MultiPoint"",""coordinates"":[]}"
20130414,2013-04-14,2.7655276602282965,6.335963572770273,-1.207531294370803,"{""type"":""MultiPoint"",""coordinates"":[]}"
20130415,2013-04-15,2.579637618794683,6.194824692299466,-1.1587832120165613,"{""type"":""MultiPoint"",""coordinates"":[]}"
20130416,2013-04-16,2.38974516456809,6.411360046778002,-2.026239844158165,"{""type"":""MultiPoint"",""coordinates"":[]}"
20130417,2013-04-17,2.3987190146934205,6.5773435073467,-2.0796176575455756,"{""type"":""MultiPoint"",""coordinates"":[]}"
20130418,2013-04-18,2.0593012144348113,6.079164956363899,-2.2099344492484723,"{""type"":""MultiPoint"",""coordinates"":[]}"
20130419,2013-04-19,2.5629969731492253,6.3828640582361515,-1.760480548412935,"{""type"":""MultiPoint"",""coordinates"":[]}"
20130420,2013-04-20,4.320802212599017,7.537482483648353,0.08389578820849898,"{""type"":""MultiPoint"",""coordinates"":[]}"
20130421,2013-04-21,6.0920583941602855,8.829712617379817,2.7235431769383136,"{""type"":""MultiPoint"",""coordinates"":[]}"
20130422,2013-04-22,6.587241114073404,9.070622957893143,3.6029319989550603,"{""type"":""MultiPoint"",""coordinates"":[]}"
20130423,2013-04-23,6.197364144411794,8.838511787570843,3.033654775152592,"{""type"":""MultiPoint"",""coordinates"":[]}"
20130424,2013-04-24,6.027899522728782,8.768380512894826,2.9686365176781213,"{""type"":""MultiPoint"",""coordinates"":[]}"
20130425,2013-04-25,6.07025945540447,8.957009274916025,2.7998739145891762,"{""type"":""MultiPoint"",""coordinates"":[]}"
20130426,2013-04-26,6.347994157489392,9.417061049110046,3.0093785173801475,"{""type"":""MultiPoint"",""coordinates"":[]}"
20130427,2013-04-27,6.10119068144397,9.278485645863407,2.725037034239279,"{""type"":""MultiPoint"",""coordinates"":[]}"
20130428,2013-04-28,6.101421131180171,8.97240852647889,2.896937961826287,"{""type"":""MultiPoint"",""coordinates"":[]}"
20130429,2013-04-29,6.5286004992569655,9.413608750846835,3.265953813057027,"{""type"":""MultiPoint"",""coordinates"":[]}"
20130430,2013-04-30,5.88614536131177,9.144689066996465,2.331324646422217,"{""type"":""MultiPoint"",""coordinates"":[]}"
20130501,2013-05-01,4.3197849512209565,8.012145366071202,0.8003715826186184,"{""type"":""MultiPoint"",""coordinates"":[]}"
20130502,2013-05-02,3.5878946884359126,7.267477079978745,0.015037671955602384,"{""type"":""MultiPoint"",""coordinates"":[]}"
20130503,2013-05-03,4.017545151746797,7.810711592517025,0.0747831449135872,"{""type"":""MultiPoint"",""coordinates"":[]}"
20130504,2013-05-04,5.279513068703955,8.728027537205113,1.4607096382980849,"{""type"":""MultiPoint"",""coordinates"":[]}"
20130505,2013-05-05,6.1553896267483665,9.152014686797349,2.6196017556136884,"{""type"":""MultiPoint"",""coordinates"":[]}"
20130506,2013-05-06,6.503090098524768,9.323939284810457,3.1257204482511307,"{""type"":""MultiPoint"",""coordinates"":[]}"
20130507,2013-05-07,6.34838988921943,9.487007874940442,2.887358884182181,"{""type"":""MultiPoint"",""coordinates"":[]}"
20130508,2013-05-08,5.857181105059213,9.158738542446683,2.211534755611527,"{""type"":""MultiPoint"",""coordinates"":[]}"
20130509,2013-05-09,5.624848756611609,8.901956995982747,1.7848375495146016,"{""type"":""MultiPoint"",""coordinates"":[]}"
20130510,2013-05-10,5.850533489323375,9.251702301802087,1.675040709448357,"{""type"":""MultiPoint"",""coordinates"":[]}"
20130511,2013-05-11,6.760922506400668,9.850918718549236,3.1133493240953816,"{""type"":""MultiPoint"",""coordinates"":[]}"
20130512,2013-05-12,7.850710968991427,10.80516647369103,4.348646709729561,"{""type"":""MultiPoint"",""coordinates"":[]}"
20130513,2013-05-13,7.959074108287297,10.985131461522098,4.693652196321176,"{""type"":""MultiPoint"",""coordinates"":[]}"
20130514,2013-05-14,7.3329145067074695,10.516165159978792,4.025713176500818,"{""type"":""MultiPoint"",""coordinates"":[]}"
20130515,2013-05-15,6.947722256905332,10.023910537074551,3.677932352747621,"{""type"":""MultiPoint"",""coordinates"":[]}"
20130516,2013-05-16,6.445400130721107,9.723225548045512,2.989362492854822,"{""type"":""MultiPoint"",""coordinates"":[]}"
20130517,2013-05-17,6.521583019421219,9.758310571706344,3.0003856683152144,"{""type"":""MultiPoint"",""coordinates"":[]}"
20130518,2013-05-18,6.330469295556716,9.956130306822027,2.632792710232937,"{""type"":""MultiPoint"",""coordinates"":[]}"
20130519,2013-05-19,5.892327599898497,9.661380509237732,1.8661207373026154,"{""type"":""MultiPoint"",""coordinates"":[]}"
20130520,2013-05-20,6.657546439672351,10.025890885294992,2.6692186830509033,"{""type"":""MultiPoint"",""coordinates"":[]}"
20130521,2013-05-21,6.8310968852493374,10.175789786792345,3.4195026962634554,"{""type"":""MultiPoint"",""coordinates"":[]}"
20130522,2013-05-22,7.0419058272315445,10.471321922647771,3.4540399984017096,"{""type"":""MultiPoint"",""coordinates"":[]}"
20130523,2013-05-23,7.5347569219244,10.781777922882096,4.177190019660665,"{""type"":""MultiPoint"",""coordinates"":[]}"
20130524,2013-05-24,7.656152636350757,11.071221840985197,4.100439340326959,"{""type"":""MultiPoint"",""coordinates"":[]}"
20130525,2013-05-25,8.37294093926533,11.405302352211528,5.068940005875371,"{""type"":""MultiPoint"",""coordinates"":[]}"
20130526,2013-05-26,9.049964662446296,12.159775286449536,5.536994254400175,"{""type"":""MultiPoint"",""coordinates"":[]}"
20130527,2013-05-27,9.335130157086317,12.193510951194545,6.189912072285061,"{""type"":""MultiPoint"",""coordinates"":[]}"
20130528,2013-05-28,8.709495335562682,11.72750424268657,5.820227878200576,"{""type"":""MultiPoint"",""coordinates"":[]}"
20130529,2013-05-29,8.389967303979226,11.412035901241712,5.344489437865259,"{""type"":""MultiPoint"",""coordinates"":[]}"
20130530,2013-05-30,8.521152447341034,11.42300994490324,5.4964980062131925,"{""type"":""MultiPoint"",""coordinates"":[]}"
20130531,2013-05-31,8.872226506893854,11.786309839415393,5.823111439235233,"{""type"":""MultiPoint"",""coordinates"":[]}"
20130601,2013-06-01,9.65908587956012,12.400684621853664,6.6538814233491825,"{""type"":""MultiPoint"",""coordinates"":[]}"
20130602,2013-06-02,10.305928955038441,12.905670851024322,7.464889657324832,"{""type"":""MultiPoint"",""coordinates"":[]}"
20130603,2013-06-03,11.254308229586359,13.685789768913775,8.52813394477805,"{""type"":""MultiPoint"",""coordinates"":[]}"
20130604,2013-06-04,11.999391934036042,14.31341737596542,9.514689591507048,"{""type"":""MultiPoint"",""coordinates"":[]}"
20130605,2013-06-05,12.073288487313626,14.380828766406346,9.729984466070555,"{""type"":""MultiPoint"",""coordinates"":[]}"
20130606,2013-06-06,12.316658162467334,14.611204719270551,9.866998454623426,"{""type"":""MultiPoint"",""coordinates"":[]}"
20130607,2013-06-07,12.430855504924292,14.627483388517915,10.089121262265287,"{""type"":""MultiPoint"",""coordinates"":[]}"
20130608,2013-06-08,11.524195888983241,13.962813709218747,8.98726658783976,"{""type"":""MultiPoint"",""coordinates"":[]}"
20130609,2013-06-09,10.16090802366972,12.94603671567516,7.566673202168677,"{""type"":""MultiPoint"",""coordinates"":[]}"
20130610,2013-06-10,10.472100636435448,12.959223357076397,7.8969172210133705,"{""type"":""MultiPoint"",""coordinates"":[]}"
20130611,2013-06-11,11.63609886981737,14.093838380990995,9.30620194633757,"{""type"":""MultiPoint"",""coordinates"":[]}"
20130612,2013-06-12,12.778455686622621,14.793832734162992,10.622316536467059,"{""type"":""MultiPoint"",""coordinates"":[]}"
20130613,2013-06-13,13.47643761493493,15.195115847235268,11.648609991128954,"{""type"":""MultiPoint"",""coordinates"":[]}"
20130614,2013-06-14,13.951855171846946,15.61059067466905,12.124699810440918,"{""type"":""MultiPoint"",""coordinates"":[]}"
20130615,2013-06-15,13.856352999038666,15.482460046984425,12.115462454118717,"{""type"":""MultiPoint"",""coordinates"":[]}"
20130616,2013-06-16,14.115644817012548,15.588051368148088,12.558517908989678,"{""type"":""MultiPoint"",""coordinates"":[]}"
20130617,2013-06-17,14.01574530676509,15.428329269627133,12.496414107610113,"{""type"":""MultiPoint"",""coordinates"":[]}"
20130618,2013-06-18,13.988270403925632,15.620384148692974,12.08800187839608,"{""type"":""MultiPoint"",""coordinates"":[]}"
20130619,2013-06-19,13.465313106656154,15.435290086952264,11.175458208364272,"{""type"":""MultiPoint"",""coordinates"":[]}"
20130620,2013-06-20,12.669813530564769,14.968409858069425,10.286190504947081,"{""type"":""MultiPoint"",""coordinates"":[]}"
20130621,2013-06-21,12.641769922137644,14.801467086959443,10.267144991938856,"{""type"":""MultiPoint"",""coordinates"":[]}"
20130622,2013-06-22,13.305033978627858,15.27321897612102,11.09755266760145,"{""type"":""MultiPoint"",""coordinates"":[]}"
20130623,2013-06-23,13.574055962898761,15.407465893309517,11.707124607019818,"{""type"":""MultiPoint"",""coordinates"":[]}"
20130624,2013-06-24,13.70340649704922,15.4950436467214,11.886451644580191,"{""type"":""MultiPoint"",""coordinates"":[]}"
20130625,2013-06-25,13.91747253921328,15.80523591492269,12.050932955028737,"{""type"":""MultiPoint"",""coordinates"":[]}"
20130626,2013-06-26,13.697103518023402,15.493625280975042,12.012831136498223,"{""type"":""MultiPoint"",""coordinates"":[]}"
20130627,2013-06-27,13.920797619632818,15.639337717736694,12.181242499835252,"{""type"":""MultiPoint"",""coordinates"":[]}"
20130628,2013-06-28,14.44263208264459,16.04954578334204,12.790288031979724,"{""type"":""MultiPoint"",""coordinates"":[]}"
20130629,2013-06-29,14.495447340451236,16.10836278169554,12.953637917165343,"{""type"":""MultiPoint"",""coordinates"":[]}"
20130630,2013-06-30,14.757990768761823,16.349905458953558,13.184560302104883,"{""type"":""MultiPoint"",""coordinates"":[]}"
20130701,2013-07-01,14.822622735077307,16.40287047835511,13.305829608010827,"{""type"":""MultiPoint"",""coordinates"":[]}"
20130702,2013-07-02,15.098597983282525,16.750413909204283,13.495261267770337,"{""type"":""MultiPoint"",""coordinates"":[]}"
20130703,2013-07-03,15.167960822031876,16.870393253121488,13.518137713203565,"{""type"":""MultiPoint"",""coordinates"":[]}"
20130704,2013-07-04,14.96166567010223,16.703851839222,13.29702262299615,"{""type"":""MultiPoint"",""coordinates"":[]}"
20130705,2013-07-05,15.064324043607268,16.67213848906482,13.485510958339862,"{""type"":""MultiPoint"",""coordinates"":[]}"
20130706,2013-07-06,15.645678154564138,17.22503401688967,14.098869172993338,"{""type"":""MultiPoint"",""coordinates"":[]}"
20130707,2013-07-07,15.5609215283038,17.05443638779267,14.155968436159863,"{""type"":""MultiPoint"",""coordinates"":[]}"
20130708,2013-07-08,15.071926253947982,16.61814583703536,13.590692551248516,"{""type"":""MultiPoint"",""coordinates"":[]}"
20130709,2013-07-09,14.655550820054396,16.214436727760702,13.119322366985743,"{""type"":""MultiPoint"",""coordinates"":[]}"
20130710,2013-07-10,14.764263087487185,16.32644851405915,13.243521040061335,"{""type"":""MultiPoint"",""coordinates"":[]}"
20130711,2013-07-11,14.905194331149513,16.532305467520906,13.351057002787103,"{""type"":""MultiPoint"",""coordinates"":[]}"
20130712,2013-07-12,15.047763823393153,16.707261242550665,13.457813768145392,"{""type"":""MultiPoint"",""coordinates"":[]}"
20130713,2013-07-13,14.988977072182891,16.735927876000975,13.337091832464392,"{""type"":""MultiPoint"",""coordinates"":[]}"
20130714,2013-07-14,14.942524557305585,16.60427906975509,13.32334979007632,"{""type"":""MultiPoint"",""coordinates"":[]}"
20130715,2013-07-15,15.276974184581992,16.874202579619386,13.712129990266417,"{""type"":""MultiPoint"",""coordinates"":[]}"
20130716,2013-07-16,15.387595470067204,16.913634007868662,13.899088133414189,"{""type"":""MultiPoint"",""coordinates"":[]}"
20130717,2013-07-17,15.027830468147,16.674052700371632,13.474398092890535,"{""type"":""MultiPoint"",""coordinates"":[]}"
20130718,2013-07-18,14.629912852381658,16.278649816689104,13.152893976483234,"{""type"":""MultiPoint"",""coordinates"":[]}"
20130719,2013-07-19,14.626826646010251,16.24412173685232,13.140815070056366,"{""type"":""MultiPoint"",""coordinates"":[]}"
20130720,2013-07-20,14.831888655202025,16.349112898348427,13.412334674704981,"{""type"":""MultiPoint"",""coordinates"":[]}"
20130721,2013-07-21,14.670378631968598,16.287648462682807,13.178778960650464,"{""type"":""MultiPoint"",""coordinates"":[]}"
20130722,2013-07-22,15.131251748878856,16.743769870333356,13.526399741388461,"{""type"":""MultiPoint"",""coordinates"":[]}"
20130723,2013-07-23,15.344903300688003,16.92160604275585,13.861421457647884,"{""type"":""MultiPoint"",""coordinates"":[]}"
20130724,2013-07-24,15.08768923474737,16.748871675521382,13.58702308384246,"{""type"":""MultiPoint"",""coordinates"":[]}"
20130725,2013-07-25,14.484926233977712,16.13722933172356,12.98971760300186,"{""type"":""MultiPoint"",""coordinates"":[]}"
20130726,2013-07-26,14.432665747899675,15.941766268435751,12.999578190954377,"{""type"":""MultiPoint"",""coordinates"":[]}"
20130727,2013-07-27,14.326577044796041,15.991842497079297,12.780454314433205,"{""type"":""MultiPoint"",""coordinates"":[]}"
20130728,2013-07-28,13.609620173315298,15.524632006974333,11.971863525139879,"{""type"":""MultiPoint"",""coordinates"":[]}"
20130729,2013-07-29,13.474719610840978,15.273055758035218,11.968155427643355,"{""type"":""MultiPoint"",""coordinates"":[]}"
20130730,2013-07-30,13.655101037867492,15.45648863014415,12.023543397058642,"{""type"":""MultiPoint"",""coordinates"":[]}"
20130731,2013-07-31,13.659334954883256,15.498898483482673,11.995214851002379,"{""type"":""MultiPoint"",""coordinates"":[]}"
20130801,2013-08-01,13.680936643768126,15.524943479473231,12.090134622390064,"{""type"":""MultiPoint"",""coordinates"":[]}"
20130802,2013-08-02,13.958287453283468,15.693891080560316,12.422166335833273,"{""type"":""MultiPoint"",""coordinates"":[]}"
20130803,2013-08-03,14.404509756177204,16.109878993320372,12.769312421845438,"{""type"":""MultiPoint"",""coordinates"":[]}"
20130804,2013-08-04,14.963460336067987,16.632805739576558,13.38506219214908,"{""type"":""MultiPoint"",""coordinates"":[]}"
20130805,2013-08-05,15.234111568975205,16.74834656524951,13.744734625341627,"{""type"":""MultiPoint"",""coordinates"":[]}"
20130806,2013-08-06,14.722789703664532,16.36601117537089,13.265944025151658,"{""type"":""MultiPoint"",""coordinates"":[]}"
20130807,2013-08-07,13.966320685634914,15.660914919285693,12.391602451141788,"{""type"":""MultiPoint"",""coordinates"":[]}"
20130808,2013-08-08,13.992280679190188,15.739273720736673,12.433825165359414,"{""type"":""MultiPoint"",""coordinates"":[]}"
20130809,2013-08-09,14.414066602850927,16.048344635116113,12.698541884000779,"{""type"":""MultiPoint"",""coordinates"":[]}"
20130810,2013-08-10,14.247267145791737,16.06685366535671,12.538987806321959,"{""type"":""MultiPoint"",""coordinates"":[]}"
20130811,2013-08-11,14.037788250249239,15.873206430162554,12.400434418056703,"{""type"":""MultiPoint"",""coordinates"":[]}"
20130812,2013-08-12,14.263469549246775,16.028577681443767,12.710773163652455,"{""type"":""MultiPoint"",""coordinates"":[]}"
20130813,2013-08-13,14.68077014897929,16.32972565303477,13.165356767892073,"{""type"":""MultiPoint"",""coordinates"":[]}"
20130814,2013-08-14,14.765501397499754,16.223384132598927,13.345148298482817,"{""type"":""MultiPoint"",""coordinates"":[]}"
20130815,2013-08-15,15.150346712421468,16.548953857771817,13.743606341171871,"{""type"":""MultiPoint"",""coordinates"":[]}"
20130816,2013-08-16,15.371733676298161,16.706986235132245,14.107146320820306,"{""type"":""MultiPoint"",""coordinates"":[]}"
20130817,2013-08-17,15.452499773802504,16.863430475715248,14.177708049296077,"{""type"":""MultiPoint"",""coordinates"":[]}"
20130818,2013-08-18,15.253094275097617,16.754378947279175,13.86065679480137,"{""type"":""MultiPoint"",""coordinates"":[]}"
20130819,2013-08-19,14.939534271013471,16.475912134902682,13.520038809778276,"{""type"":""MultiPoint"",""coordinates"":[]}"
20130820,2013-08-20,14.779837478940351,16.30467330171491,13.32589729776463,"{""type"":""MultiPoint"",""coordinates"":[]}"
20130821,2013-08-21,14.73611304226428,16.2758440982529,13.300010369717114,"{""type"":""MultiPoint"",""coordinates"":[]}"
20130822,2013-08-22,14.8424244578801,16.29167793074014,13.440456198776745,"{""type"":""MultiPoint"",""coordinates"":[]}"
20130823,2013-08-23,15.115806960254789,16.65560275210487,13.68382426307112,"{""type"":""MultiPoint"",""coordinates"":[]}"
20130824,2013-08-24,15.300423577151387,16.86795610941869,13.865714041087482,"{""type"":""MultiPoint"",""coordinates"":[]}"
20130825,2013-08-25,15.328019968424798,17.04919571844113,13.786698207163948,"{""type"":""MultiPoint"",""coordinates"":[]}"
20130826,2013-08-26,14.777442111452212,16.533954564647726,13.129854885637432,"{""type"":""MultiPoint"",""coordinates"":[]}"
20130827,2013-08-27,14.286451736834882,15.905538708043071,12.783677653480343,"{""type"":""MultiPoint"",""coordinates"":[]}"
20130828,2013-08-28,14.263547058088541,15.816249789810245,12.823535523468745,"{""type"":""MultiPoint"",""coordinates"":[]}"
20130829,2013-08-29,14.372347829232638,15.952667170325412,12.897121181525948,"{""type"":""MultiPoint"",""coordinates"":[]}"
20130830,2013-08-30,14.406815040226334,16.063043541950634,12.873853637002885,"{""type"":""MultiPoint"",""coordinates"":[]}"
20130831,2013-08-31,14.528190626985989,16.206092721453228,12.981133161686952,"{""type"":""MultiPoint"",""coordinates"":[]}"
20130901,2013-09-01,14.304207328835803,15.930433535024997,12.773007069274055,"{""type"":""MultiPoint"",""coordinates"":[]}"
20130902,2013-09-02,14.011329794919183,15.673747353294605,12.446968250696187,"{""type"":""MultiPoint"",""coordinates"":[]}"
20130903,2013-09-03,13.469137772245364,15.242411366809398,11.804542339576617,"{""type"":""MultiPoint"",""coordinates"":[]}"
20130904,2013-09-04,12.633046265591167,14.411181035124258,10.861399991398123,"{""type"":""MultiPoint"",""coordinates"":[]}"
20130905,2013-09-05,12.146080445017901,13.929492026706063,10.374383332367682,"{""type"":""MultiPoint"",""coordinates"":[]}"
20130906,2013-09-06,11.950155039701704,13.868097940879519,9.88403733783916,"{""type"":""MultiPoint"",""coordinates"":[]}"
20130907,2013-09-07,11.43251074813974,13.371846190225076,9.348670215341732,"{""type"":""MultiPoint"",""coordinates"":[]}"
20130908,2013-09-08,11.468803913974849,13.455231063569261,9.282771453295315,"{""type"":""MultiPoint"",""coordinates"":[]}"
20130909,2013-09-09,11.611950001143427,13.610420626356603,9.491408906572833,"{""type"":""MultiPoint"",""coordinates"":[]}"
20130910,2013-09-10,11.445369478333584,13.361993885724091,9.477254199103605,"{""type"":""MultiPoint"",""coordinates"":[]}"
20130911,2013-09-11,11.358897304647641,13.333581725282071,9.217777373029952,"{""type"":""MultiPoint"",""coordinates"":[]}"
20130912,2013-09-12,11.746655958026691,13.883414834928935,9.428049764487136,"{""type"":""MultiPoint"",""coordinates"":[]}"
20130913,2013-09-13,12.35713338101849,14.402454952900632,10.144431783288182,"{""type"":""MultiPoint"",""coordinates"":[]}"
20130914,2013-09-14,12.593824903361195,14.419392156028849,10.524895246435921,"{""type"":""MultiPoint"",""coordinates"":[]}"
20130915,2013-09-15,12.466338381773431,14.383789360460122,10.460559992361514,"{""type"":""MultiPoint"",""coordinates"":[]}"
20130916,2013-09-16,12.277190033801372,14.109411600944696,10.442383207574029,"{""type"":""MultiPoint"",""coordinates"":[]}"
20130917,2013-09-17,11.849323219251348,13.836173283276079,9.744230820226356,"{""type"":""MultiPoint"",""coordinates"":[]}"
20130918,2013-09-18,11.464801040357402,13.547041186160278,9.274693644929794,"{""type"":""MultiPoint"",""coordinates"":[]}"
20130919,2013-09-19,11.49803610640899,13.800607817049775,9.08537430011828,"{""type"":""MultiPoint"",""coordinates"":[]}"
20130920,2013-09-20,11.738910886748426,13.940638132518908,9.378739012883457,"{""type"":""MultiPoint"",""coordinates"":[]}"
20130921,2013-09-21,12.302151240693302,14.199314476485837,10.269175921709783,"{""type"":""MultiPoint"",""coordinates"":[]}"
20130922,2013-09-22,11.975970039882347,13.884283341657811,10.056052054107438,"{""type"":""MultiPoint"",""coordinates"":[]}"
20130923,2013-09-23,12.103204243580615,13.87727588201148,10.199228845641022,"{""type"":""MultiPoint"",""coordinates"":[]}"
20130924,2013-09-24,12.443068260902084,14.319487414819964,10.40748005301464,"{""type"":""MultiPoint"",""coordinates"":[]}"
20130925,2013-09-25,12.12311041289295,13.973249688397425,10.118569036675824,"{""type"":""MultiPoint"",""coordinates"":[]}"
20130926,2013-09-26,11.254969760501112,13.432492834794102,9.007765870898167,"{""type"":""MultiPoint"",""coordinates"":[]}"
20130927,2013-09-27,10.992943377450427,13.014247253688545,8.924976332891976,"{""type"":""MultiPoint"",""coordinates"":[]}"
20130928,2013-09-28,11.838932873385994,13.730620377772205,9.589034310194467,"{""type"":""MultiPoint"",""coordinates"":[]}"
20130929,2013-09-29,11.747190566781605,13.573992751177203,9.707861176016891,"{""type"":""MultiPoint"",""coordinates"":[]}"
20130930,2013-09-30,11.346974422954233,13.091033179592172,9.542880256952353,"{""type"":""MultiPoint"",""coordinates"":[]}"
20131001,2013-10-01,11.695158037645518,13.417655688415202,9.796711164973113,"{""type"":""MultiPoint"",""coordinates"":[]}"
20131002,2013-10-02,11.658625871057296,13.391778417155646,9.894222605723977,"{""type"":""MultiPoint"",""coordinates"":[]}"
20131003,2013-10-03,11.172629776535478,12.895454344526613,9.408611955358744,"{""type"":""MultiPoint"",""coordinates"":[]}"
20131004,2013-10-04,10.507882894615417,12.506692417824176,8.34999133932929,"{""type"":""MultiPoint"",""coordinates"":[]}"
20131005,2013-10-05,9.769278326569209,11.901428453337166,7.669886749031949,"{""type"":""MultiPoint"",""coordinates"":[]}"
20131006,2013-10-06,9.61585459856761,11.632871122459923,7.523004853502446,"{""type"":""MultiPoint"",""coordinates"":[]}"
20131007,2013-10-07,9.302706964650856,11.484179251755183,7.161398763643083,"{""type"":""MultiPoint"",""coordinates"":[]}"
20131008,2013-10-08,9.239171466700997,11.492961852791561,6.874479323023891,"{""type"":""MultiPoint"",""coordinates"":[]}"
20131009,2013-10-09,9.677261783913238,11.891035250448134,7.313989645562811,"{""type"":""MultiPoint"",""coordinates"":[]}"
20131010,2013-10-10,10.148179123711548,12.318205855411854,7.792003553017285,"{""type"":""MultiPoint"",""coordinates"":[]}"
20131011,2013-10-11,10.286651484924164,12.293879338516042,8.018146111185024,"{""type"":""MultiPoint"",""coordinates"":[]}"
20131012,2013-10-12,10.591177821114686,12.308826796910862,8.547083777923019,"{""type"":""MultiPoint"",""coordinates"":[]}"
20131013,2013-10-13,10.703289172164194,12.306948025760859,8.754747580308047,"{""type"":""MultiPoint"",""coordinates"":[]}"
20131014,2013-10-14,10.546369766420508,12.360027037363869,8.384396907962499,"{""type"":""MultiPoint"",""coordinates"":[]}"
20131015,2013-10-15,9.899800605520035,12.012379933612806,7.518991891703024,"{""type"":""MultiPoint"",""coordinates"":[]}"
20131016,2013-10-16,9.296683802872755,11.374304563948895,6.972078613232721,"{""type"":""MultiPoint"",""coordinates"":[]}"
20131017,2013-10-17,9.036838309658524,11.207610337379421,6.779941292447975,"{""type"":""MultiPoint"",""coordinates"":[]}"
20131018,2013-10-18,8.13081470127537,10.458186071174014,5.668213273499065,"{""type"":""MultiPoint"",""coordinates"":[]}"
20131019,2013-10-19,7.055909266325869,9.444943255221894,4.5004750394675765,"{""type"":""MultiPoint"",""coordinates"":[]}"
20131020,2013-10-20,5.916839849076542,8.413198673332532,3.2215945004936812,"{""type"":""MultiPoint"",""coordinates"":[]}"
20131021,2013-10-21,4.750920536213504,7.427546589401615,1.9217834603043689,"{""type"":""MultiPoint"",""coordinates"":[]}"
20131022,2013-10-22,4.385742131881755,7.114854734861,1.2237954877298323,"{""type"":""MultiPoint"",""coordinates"":[]}"
20131023,2013-10-23,4.873474303214834,7.597334459012979,1.6128502612492364,"{""type"":""MultiPoint"",""coordinates"":[]}"
20131024,2013-10-24,5.57941854214398,8.000258302854617,2.5928904048239327,"{""type"":""MultiPoint"",""coordinates"":[]}"
20131025,2013-10-25,5.882649606339761,8.194272582825365,3.2325215869244417,"{""type"":""MultiPoint"",""coordinates"":[]}"
20131026,2013-10-26,5.58735892840773,7.928602121909084,2.936835129247847,"{""type"":""MultiPoint"",""coordinates"":[]}"
20131027,2013-10-27,5.020741802219281,7.57345535145669,2.0813301840154153,"{""type"":""MultiPoint"",""coordinates"":[]}"
20131028,2013-10-28,4.1065472963789915,6.831428556102509,1.1499137721642267,"{""type"":""MultiPoint"",""coordinates"":[]}"
20131029,2013-10-29,3.875547169382597,6.782047035963714,0.46388522832065915,"{""type"":""MultiPoint"",""coordinates"":[]}"
20131030,2013-10-30,4.0978978194038005,6.805115081764928,1.0034356362782821,"{""type"":""MultiPoint"",""coordinates"":[]}"
20131031,2013-10-31,3.6754043663994707,6.347719002404776,0.6739666763015068,"{""type"":""MultiPoint"",""coordinates"":[]}"
20131101,2013-11-01,3.656307007270588,6.295841521322246,0.5106278203816698,"{""type"":""MultiPoint"",""coordinates"":[]}"
20131102,2013-11-02,3.03714844188643,5.888160065003845,0.006416007227074524,"{""type"":""MultiPoint"",""coordinates"":[]}"
20131103,2013-11-03,2.3628746373081095,5.19190019327611,-0.73457357203111,"{""type"":""MultiPoint"",""coordinates"":[]}"
20131104,2013-11-04,1.8950528000067275,4.931534774435434,-1.508766813961559,"{""type"":""MultiPoint"",""coordinates"":[]}"
20131105,2013-11-05,2.73742843575313,5.450896523260757,-0.5415363548835677,"{""type"":""MultiPoint"",""coordinates"":[]}"
20131106,2013-11-06,3.775855202018624,6.236585249480454,0.8795388060819234,"{""type"":""MultiPoint"",""coordinates"":[]}"
20131107,2013-11-07,3.619718578830468,6.11186106485821,0.8564322418635625,"{""type"":""MultiPoint"",""coordinates"":[]}"
20131108,2013-11-08,2.986994717107819,5.6305897684287105,-0.05476771682868634,"{""type"":""MultiPoint"",""coordinates"":[]}"
20131109,2013-11-09,1.7989711290036066,4.753113423454438,-1.3618781200101182,"{""type"":""MultiPoint"",""coordinates"":[]}"
20131110,2013-11-10,0.4776463433238561,3.582987174106817,-2.85020428188403,"{""type"":""MultiPoint"",""coordinates"":[]}"
20131111,2013-11-11,-0.09273477207252397,2.961165219662105,-3.6130874927886327,"{""type"":""MultiPoint"",""coordinates"":[]}"
20131112,2013-11-12,-0.030896610086700062,2.866322273053297,-3.1662508947936785,"{""type"":""MultiPoint"",""coordinates"":[]}"
20131113,2013-11-13,-0.6301316615009069,2.4329034964599225,-3.7747011907713257,"{""type"":""MultiPoint"",""coordinates"":[]}"
20131114,2013-11-14,-1.397817915459381,1.6903153966342612,-4.58404343544562,"{""type"":""MultiPoint"",""coordinates"":[]}"
20131115,2013-11-15,-1.776179611160038,1.50824169434846,-5.205210535281553,"{""type"":""MultiPoint"",""coordinates"":[]}"
20131116,2013-11-16,-1.4001462639886215,1.8434984295699395,-4.850048641070297,"{""type"":""MultiPoint"",""coordinates"":[]}"
20131117,2013-11-17,-0.6668001233809222,2.375689457495884,-3.8684305204084977,"{""type"":""MultiPoint"",""coordinates"":[]}"
20131118,2013-11-18,-0.3698362831416531,2.7078762184391447,-3.5295978844463494,"{""type"":""MultiPoint"",""coordinates"":[]}"
20131119,2013-11-19,-0.6598543525616976,2.5106004650457816,-3.916862667741098,"{""type"":""MultiPoint"",""coordinates"":[]}"
20131120,2013-11-20,-0.673385415113388,2.4941858270083634,-4.180408237059277,"{""type"":""MultiPoint"",""coordinates"":[]}"
20131121,2013-11-21,-0.4981022903074887,2.59684661039726,-3.885424116913191,"{""type"":""MultiPoint"",""coordinates"":[]}"
20131122,2013-11-22,0.9874619936637584,3.7252682573493474,-2.508470577071012,"{""type"":""MultiPoint"",""coordinates"":[]}"
20131123,2013-11-23,1.1899238929129137,3.9387146109214646,-1.8755473486703647,"{""type"":""MultiPoint"",""coordinates"":[]}"
20131124,2013-11-24,1.712683597036149,4.342720582907788,-1.4048205760358827,"{""type"":""MultiPoint"",""coordinates"":[]}"
20131125,2013-11-25,1.6421474571093981,4.347798839445506,-1.2031380472362092,"{""type"":""MultiPoint"",""coordinates"":[]}"
20131126,2013-11-26,0.8255314296856661,3.7796528180071376,-2.29014077822549,"{""type"":""MultiPoint"",""coordinates"":[]}"
20131127,2013-11-27,0.31720454784656565,3.3829521313987674,-2.907633593775039,"{""type"":""MultiPoint"",""coordinates"":[]}"
20131128,2013-11-28,0.5417842609986104,3.5142274287992272,-2.673154989827273,"{""type"":""MultiPoint"",""coordinates"":[]}"
20131129,2013-11-29,0.8929055158879032,3.8250615283042415,-2.33638424458357,"{""type"":""MultiPoint"",""coordinates"":[]}"
20131130,2013-11-30,0.010181361693325746,3.0512392610573427,-3.166444155234176,"{""type"":""MultiPoint"",""coordinates"":[]}"
20131201,2013-12-01,-0.27498218500008886,2.6788907471144014,-3.4858464155773388,"{""type"":""MultiPoint"",""coordinates"":[]}"
20131202,2013-12-02,0.05201072632989351,2.931774153631092,-3.160096483476063,"{""type"":""MultiPoint"",""coordinates"":[]}"
20131203,2013-12-03,0.11305528031852323,3.004669190499806,-3.2158724092913227,"{""type"":""MultiPoint"",""coordinates"":[]}"
20131204,2013-12-04,-0.5828600815770275,2.4429748873426878,-3.725894538853944,"{""type"":""MultiPoint"",""coordinates"":[]}"
20131205,2013-12-05,-1.3056140560439577,1.6026674461327688,-4.3392028658100985,"{""type"":""MultiPoint"",""coordinates"":[]}"
20131206,2013-12-06,-1.1932768051756055,1.7444686519922212,-4.451165493834474,"{""type"":""MultiPoint"",""coordinates"":[]}"
20131207,2013-12-07,-0.4821017736749381,2.3706661569737957,-3.639007642382434,"{""type"":""MultiPoint"",""coordinates"":[]}"
20131208,2013-12-08,-0.17418003966641293,2.5407252018388635,-3.237492446834485,"{""type"":""MultiPoint"",""coordinates"":[]}"
20131209,2013-12-09,-0.577378922010012,2.2469383532856173,-3.8376372856760415,"{""type"":""MultiPoint"",""coordinates"":[]}"
20131210,2013-12-10,-0.9023519255162827,1.8107107538696672,-3.853852818513149,"{""type"":""MultiPoint"",""coordinates"":[]}"
20131211,2013-12-11,-1.4133210110982946,1.4201941605587807,-4.477867025124832,"{""type"":""MultiPoint"",""coordinates"":[]}"
20131212,2013-12-12,-2.1061281371360354,0.7464622737184258,-5.374181237117656,"{""type"":""MultiPoint"",""coordinates"":[]}"
20131213,2013-12-13,-2.7493525049325784,0.3753441069352153,-6.1511124737136,"{""type"":""MultiPoint"",""coordinates"":[]}"
20131214,2013-12-14,-4.096550984781401,-0.9320075056092255,-7.3108169957986044,"{""type"":""MultiPoint"",""coordinates"":[]}"
20131215,2013-12-15,-3.906073086716689,-0.7900468627488534,-7.263702922259106,"{""type"":""MultiPoint"",""coordinates"":[]}"
20131216,2013-12-16,-2.924706950838496,0.2062158149557764,-6.539174503164305,"{""type"":""MultiPoint"",""coordinates"":[]}"
20131217,2013-12-17,-2.274785535346169,0.7138133950200275,-5.654234015391497,"{""type"":""MultiPoint"",""coordinates"":[]}"
20131218,2013-12-18,-2.2986922271879915,0.6785822305648934,-5.813599114367474,"{""type"":""MultiPoint"",""coordinates"":[]}"
20131219,2013-12-19,-2.7133706701735747,0.2821863424404934,-6.199540003134351,"{""type"":""MultiPoint"",""coordinates"":[]}"
20131220,2013-12-20,-3.1138501727567887,-0.40891621217492374,-6.319004215392803,"{""type"":""MultiPoint"",""coordinates"":[]}"
20131221,2013-12-21,-2.29420519321311,0.22847070465696498,-5.603367780054917,"{""type"":""MultiPoint"",""coordinates"":[]}"
20131222,2013-12-22,-1.8411408446302073,0.7223924925238443,-4.706329752837763,"{""type"":""MultiPoint"",""coordinates"":[]}"
20131223,2013-12-23,-2.1634948953427,0.5074352432265682,-5.010153746737462,"{""type"":""MultiPoint"",""coordinates"":[]}"
20131224,2013-12-24,-2.4089097976707228,0.2112449524124546,-5.310662003911689,"{""type"":""MultiPoint"",""coordinates"":[]}"
20131225,2013-12-25,-2.856143703122613,-0.08356958286944453,-5.8441291508105575,"{""type"":""MultiPoint"",""coordinates"":[]}"
20131226,2013-12-26,-4.10461138212681,-0.9994146074258529,-7.445449391287709,"{""type"":""MultiPoint"",""coordinates"":[]}"
20131227,2013-12-27,-4.108300096370847,-0.9247982499574264,-7.65742482475885,"{""type"":""MultiPoint"",""coordinates"":[]}"
20131228,2013-12-28,-3.772263082711446,-0.8253977411189628,-7.038620386015378,"{""type"":""MultiPoint"",""coordinates"":[]}"
20131229,2013-12-29,-4.712498562434687,-1.8696213056560742,-7.798288829978088,"{""type"":""MultiPoint"",""coordinates"":[]}"
20131230,2013-12-30,-4.9880174622377895,-1.6976332121100444,-8.451652288315124,"{""type"":""MultiPoint"",""coordinates"":[]}"
20131231,2013-12-31,-3.2119069557366724,-0.2647813887977947,-7.07928765922757,"{""type"":""MultiPoint"",""coordinates"":[]}"
20140101,2014-01-01,-3.349084134048109,-0.17570195388458187,-6.836444135006208,"{""type"":""MultiPoint"",""coordinates"":[]}"
20140102,2014-01-02,-4.343631635934785,-1.2951341949691935,-7.5466841555679505,"{""type"":""MultiPoint"",""coordinates"":[]}"
20140103,2014-01-03,-4.45620479733616,-1.454313940205866,-7.785135943886471,"{""type"":""MultiPoint"",""coordinates"":[]}"
20140104,2014-01-04,-3.2588003803182595,-0.2858680963544676,-7.033429232566746,"{""type"":""MultiPoint"",""coordinates"":[]}"
20140105,2014-01-05,-3.1250320419364144,-0.16185489569043532,-6.329129280669163,"{""type"":""MultiPoint"",""coordinates"":[]}"
20140106,2014-01-06,-4.05310710770773,-1.0369824982956828,-7.205327176168417,"{""type"":""MultiPoint"",""coordinates"":[]}"
20140107,2014-01-07,-4.4902108403188254,-1.3594477619705554,-8.04360536387322,"{""type"":""MultiPoint"",""coordinates"":[]}"
20140108,2014-01-08,-2.8815530848691977,-0.015961791510512052,-6.627874036076927,"{""type"":""MultiPoint"",""coordinates"":[]}"
20140109,2014-01-09,-2.5202499779894336,0.14124123071237182,-5.807719620308561,"{""type"":""MultiPoint"",""coordinates"":[]}"
20140110,2014-01-10,-3.141064536061837,-0.35543791764399363,-6.484401808031595,"{""type"":""MultiPoint"",""coordinates"":[]}"
20140111,2014-01-11,-3.880006236215944,-1.04228190710158,-7.280333025684744,"{""type"":""MultiPoint"",""coordinates"":[]}"
20140112,2014-01-12,-4.610995061846475,-1.322780909782467,-8.398608143720155,"{""type"":""MultiPoint"",""coordinates"":[]}"
20140113,2014-01-13,-2.1553778641037256,0.6537685784127968,-6.2843899833232175,"{""type"":""MultiPoint"",""coordinates"":[]}"
20140114,2014-01-14,-1.4097770515875445,1.3389111983607993,-4.6186217287937,"{""type"":""MultiPoint"",""coordinates"":[]}"
20140115,2014-01-15,-2.1097972771837834,0.7358664216772314,-5.454486276014094,"{""type"":""MultiPoint"",""coordinates"":[]}"
20140116,2014-01-16,-2.7658180432060435,0.18095747188977276,-6.066740304467732,"{""type"":""MultiPoint"",""coordinates"":[]}"
20140117,2014-01-17,-2.169048665457854,0.728106135584122,-5.612485885119831,"{""type"":""MultiPoint"",""coordinates"":[]}"
20140118,2014-01-18,-1.621996916202237,1.3645726924621358,-5.492485242436148,"{""type"":""MultiPoint"",""coordinates"":[]}"
20140119,2014-01-19,-2.7147763544046697,0.23031394486342394,-6.279491080966318,"{""type"":""MultiPoint"",""coordinates"":[]}"
20140120,2014-01-20,-3.2592872043304366,-0.0754563723404667,-6.912479889149574,"{""type"":""MultiPoint"",""coordinates"":[]}"
20140121,2014-01-21,-1.994868872518583,1.062982286421459,-5.870405988259575,"{""type"":""MultiPoint"",""coordinates"":[]}"
20140122,2014-01-22,-0.12904792302189025,2.62043999794877,-3.672979029112741,"{""type"":""MultiPoint"",""coordinates"":[]}"
20140123,2014-01-23,-0.5420631185208654,2.6978087156342547,-4.199768483775455,"{""type"":""MultiPoint"",""coordinates"":[]}"
20140124,2014-01-24,-1.6902318346868466,0.9765230242137057,-4.520303539324831,"{""type"":""MultiPoint"",""coordinates"":[]}"
20140125,2014-01-25,-1.973741423371671,0.7575564355797114,-4.979374360799189,"{""type"":""MultiPoint"",""coordinates"":[]}"
20140126,2014-01-26,-1.802562383423283,1.0775602003788667,-5.340758214407901,"{""type"":""MultiPoint"",""coordinates"":[]}"
20140127,2014-01-27,-2.241696212956716,0.7057069695805598,-5.509404807132745,"{""type"":""MultiPoint"",""coordinates"":[]}"
20140128,2014-01-28,-3.863261270997317,-0.5401287018837309,-7.2718945406161435,"{""type"":""MultiPoint"",""coordinates"":[]}"
20140129,2014-01-29,-3.8052277306499143,-0.5677560233671707,-7.316922239590262,"{""type"":""MultiPoint"",""coordinates"":[]}"
20140130,2014-01-30,-3.2454491095903912,-0.09774731675503848,-6.703546322003238,"{""type"":""MultiPoint"",""coordinates"":[]}"
20140131,2014-01-31,-3.1515370949148567,-0.07713835153678848,-6.351170222090369,"{""type"":""MultiPoint"",""coordinates"":[]}"
20140201,2014-02-01,-2.6023030004189134,0.3547056361706298,-5.811785628285477,"{""type"":""MultiPoint"",""coordinates"":[]}"
20140202,2014-02-02,-1.7425382216380587,1.019239698721738,-4.964169062482206,"{""type"":""MultiPoint"",""coordinates"":[]}"
20140203,2014-02-03,-1.2492347516545685,1.655321556899864,-4.6453009389122135,"{""type"":""MultiPoint"",""coordinates"":[]}"
20140204,2014-02-04,-1.2136901327697482,1.6472631802984499,-4.429236392573461,"{""type"":""MultiPoint"",""coordinates"":[]}"
20140205,2014-02-05,-0.967311736928001,1.8012041435555333,-4.312355409048018,"{""type"":""MultiPoint"",""coordinates"":[]}"
20140206,2014-02-06,-1.7607567297491962,1.366218201400107,-5.457824408203278,"{""type"":""MultiPoint"",""coordinates"":[]}"
20140207,2014-02-07,-1.4765033618464696,1.6953717083610833,-5.387152413713147,"{""type"":""MultiPoint"",""coordinates"":[]}"
20140208,2014-02-08,-3.01214128304613,0.14292016193444312,-6.3964896248754775,"{""type"":""MultiPoint"",""coordinates"":[]}"
20140209,2014-02-09,-4.094552698177093,-0.9235055596711034,-7.538370935805552,"{""type"":""MultiPoint"",""coordinates"":[]}"
20140210,2014-02-10,-4.083714069302484,-0.9650297567866865,-7.731153491964372,"{""type"":""MultiPoint"",""coordinates"":[]}"
20140211,2014-02-11,-4.0518629648118,-0.9703569962910568,-7.4465784602930825,"{""type"":""MultiPoint"",""coordinates"":[]}"
20140212,2014-02-12,-5.060747558884166,-2.138555410857906,-8.190552226611247,"{""type"":""MultiPoint"",""coordinates"":[]}"
20140213,2014-02-13,-4.13793846739758,-0.9893824042715043,-7.837265829662921,"{""type"":""MultiPoint"",""coordinates"":[]}"
20140214,2014-02-14,-1.7028880898927075,1.069430849377128,-5.512105160797146,"{""type"":""MultiPoint"",""coordinates"":[]}"
20140215,2014-02-15,-1.6313312674052058,1.1711322257175603,-4.82750712424213,"{""type"":""MultiPoint"",""coordinates"":[]}"
20140216,2014-02-16,-3.1573594316625493,0.023411820694396995,-6.583971086668966,"{""type"":""MultiPoint"",""coordinates"":[]}"
20140217,2014-02-17,-5.960687980654036,-2.0643009856226544,-9.869010971617062,"{""type"":""MultiPoint"",""coordinates"":[]}"
20140218,2014-02-18,-6.425476345345885,-2.907184642732796,-10.218721973641312,"{""type"":""MultiPoint"",""coordinates"":[]}"
20140219,2014-02-19,-3.539963493841896,-0.34562827530377954,-7.907349806919762,"{""type"":""MultiPoint"",""coordinates"":[]}"
20140220,2014-02-20,-2.065727804152404,0.8568715537603885,-5.304089128039186,"{""type"":""MultiPoint"",""coordinates"":[]}"
20140221,2014-02-21,-1.4138647555349224,1.4172896977402398,-4.758368729587981,"{""type"":""MultiPoint"",""coordinates"":[]}"
20140222,2014-02-22,-0.6394798991965027,2.1273248126024025,-4.038965540293051,"{""type"":""MultiPoint"",""coordinates"":[]}"
20140223,2014-02-23,-1.0669315696323887,2.075791614477431,-4.3119746456230414,"{""type"":""MultiPoint"",""coordinates"":[]}"
20140224,2014-02-24,-1.5548684595790068,1.40088930341283,-4.727532511347267,"{""type"":""MultiPoint"",""coordinates"":[]}"
20140225,2014-02-25,-1.0935156924537668,1.7805618544357205,-4.5639034493678485,"{""type"":""MultiPoint"",""coordinates"":[]}"
20140226,2014-02-26,-0.18406394751883798,2.530840336951482,-3.464036912859762,"{""type"":""MultiPoint"",""coordinates"":[]}"
20140227,2014-02-27,0.44493910716615165,3.197926892279986,-2.817728048611994,"{""type"":""MultiPoint"",""coordinates"":[]}"
20140228,2014-02-28,0.2865774190963743,2.9210468703251595,-2.7674701604281053,"{""type"":""MultiPoint"",""coordinates"":[]}"
20140301,2014-03-01,0.04627423036730169,2.859216204163244,-3.1289759582351326,"{""type"":""MultiPoint"",""coordinates"":[]}"
20140302,2014-03-02,-0.768021613251735,2.1561882539860258,-3.9649751005527727,"{""type"":""MultiPoint"",""coordinates"":[]}"
20140303,2014-03-03,-1.1829220211497007,1.6928511115059748,-4.465780644898743,"{""type"":""MultiPoint"",""coordinates"":[]}"
20140304,2014-03-04,-0.4478208609130418,2.0989072835544804,-3.6568503396760184,"{""type"":""MultiPoint"",""coordinates"":[]}"
20140305,2014-03-05,-0.33248240665870016,2.301566328149613,-3.4727470982115296,"{""type"":""MultiPoint"",""coordinates"":[]}"
20140306,2014-03-06,-1.0385066845178421,1.788009861886208,-4.296903093867252,"{""type"":""MultiPoint"",""coordinates"":[]}"
20140307,2014-03-07,-1.7746287427285172,1.1885152870584106,-4.91290175918541,"{""type"":""MultiPoint"",""coordinates"":[]}"
20140308,2014-03-08,-1.3324735324956147,1.43139869079419,-4.5373812018043544,"{""type"":""MultiPoint"",""coordinates"":[]}"
20140309,2014-03-09,-0.9142059742872546,1.9551940822876686,-4.270100812053481,"{""type"":""MultiPoint"",""coordinates"":[]}"
20140310,2014-03-10,-0.28845356213374335,2.7409847777801017,-3.8689538284848743,"{""type"":""MultiPoint"",""coordinates"":[]}"
20140311,2014-03-11,-0.44875056723915857,2.881039182762808,-4.134649016735306,"{""type"":""MultiPoint"",""coordinates"":[]}"
20140312,2014-03-12,-0.2843919286935183,2.967038654395807,-4.192886933874805,"{""type"":""MultiPoint"",""coordinates"":[]}"
20140313,2014-03-13,-0.5722715953934109,2.7690720601541985,-4.236202989160742,"{""type"":""MultiPoint"",""coordinates"":[]}"
20140314,2014-03-14,-0.5779339603510776,2.6560693123295156,-4.194737519295552,"{""type"":""MultiPoint"",""coordinates"":[]}"
20140315,2014-03-15,0.037567421418239086,3.320998234469413,-3.653653068366069,"{""type"":""MultiPoint"",""coordinates"":[]}"
20140316,2014-03-16,1.1084870587742108,4.330972461238411,-2.572640207221239,"{""type"":""MultiPoint"",""coordinates"":[]}"
20140317,2014-03-17,1.816299651649611,5.314066497963993,-2.092479806799457,"{""type"":""MultiPoint"",""coordinates"":[]}"
20140318,2014-03-18,1.6961085701738166,5.354536026063615,-2.5354735916368476,"{""type"":""MultiPoint"",""coordinates"":[]}"
20140319,2014-03-19,0.7904116261572749,4.537800940384835,-3.083107544445712,"{""type"":""MultiPoint"",""coordinates"":[]}"
20140320,2014-03-20,-0.016678460599065234,3.585042392227329,-4.068747083895614,"{""type"":""MultiPoint"",""coordinates"":[]}"
20140321,2014-03-21,0.1125253215616473,3.728206149560517,-4.175038850499632,"{""type"":""MultiPoint"",""coordinates"":[]}"
20140322,2014-03-22,0.7261468840146017,4.137246705615656,-3.3695205594689774,"{""type"":""MultiPoint"",""coordinates"":[]}"
20140323,2014-03-23,1.4175702723148964,4.749425379608293,-2.6798069904305626,"{""type"":""MultiPoint"",""coordinates"":[]}"
20140324,2014-03-24,2.051630485617539,5.384016812982665,-1.7923236813558376,"{""type"":""MultiPoint"",""coordinates"":[]}"
20140325,2014-03-25,2.380851352423116,5.768172517664044,-1.5869553370855964,"{""type"":""MultiPoint"",""coordinates"":[]}"
20140326,2014-03-26,1.998810393788623,5.301855294363969,-1.53496831240462,"{""type"":""MultiPoint"",""coordinates"":[]}"
20140327,2014-03-27,2.5468561929853313,5.562160374704992,-0.7872854215057715,"{""type"":""MultiPoint"",""coordinates"":[]}"
20140328,2014-03-28,2.9275094737675875,6.089201482920251,-0.648711215670316,"{""type"":""MultiPoint"",""coordinates"":[]}"
20140329,2014-03-29,2.0611348096836473,5.378302629324293,-1.3987225202494662,"{""type"":""MultiPoint"",""coordinates"":[]}"
20140330,2014-03-30,1.1866816682381618,4.858768832508642,-2.6331802186691253,"{""type"":""MultiPoint"",""coordinates"":[]}"
20140331,2014-03-31,0.5471390550326636,4.168414346299743,-3.331324702525599,"{""type"":""MultiPoint"",""coordinates"":[]}"
20140401,2014-04-01,0.09983314930897465,3.870321244013419,-3.8567163040272847,"{""type"":""MultiPoint"",""coordinates"":[]}"
20140402,2014-04-02,0.7206047019679596,4.399376201269057,-3.5220032538451034,"{""type"":""MultiPoint"",""coordinates"":[]}"
20140403,2014-04-03,1.6101701796008918,5.234909465293694,-2.40241451841544,"{""type"":""MultiPoint"",""coordinates"":[]}"
20140404,2014-04-04,1.9522204923714515,5.6121549316524435,-2.107655954415182,"{""type"":""MultiPoint"",""coordinates"":[]}"
20140405,2014-04-05,2.695939879981526,6.187548543316411,-1.2844148304874121,"{""type"":""MultiPoint"",""coordinates"":[]}"
20140406,2014-04-06,3.461136995261323,7.061325561844814,-0.6092182967106242,"{""type"":""MultiPoint"",""coordinates"":[]}"
20140407,2014-04-07,3.7444273320050687,7.242071942952546,-0.24731079551796764,"{""type"":""MultiPoint"",""coordinates"":[]}"
20140408,2014-04-08,2.4621471543639166,6.6196964068843505,-1.5811425702204684,"{""type"":""MultiPoint"",""coordinates"":[]}"
20140409,2014-04-09,1.2970302567574048,5.12720870808659,-2.70656353293662,"{""type"":""MultiPoint"",""coordinates"":[]}"
20140410,2014-04-10,0.340233493906033,4.534377787529912,-3.8811191285758455,"{""type"":""MultiPoint"",""coordinates"":[]}"
20140411,2014-04-11,-0.31738958382765525,4.03104847160847,-4.949399237386583,"{""type"":""MultiPoint"",""coordinates"":[]}"
20140412,2014-04-12,0.8054154412865597,4.928762230802877,-3.7908913460504112,"{""type"":""MultiPoint"",""coordinates"":[]}"
20140413,2014-04-13,2.1276652897005075,5.696031362499631,-1.9587628414178178,"{""type"":""MultiPoint"",""coordinates"":[]}"
20140414,2014-04-14,2.5155946702278715,6.010898476784208,-1.304663720910099,"{""type"":""MultiPoint"",""coordinates"":[]}"
20140415,2014-04-15,2.6087593306749106,6.097814890293337,-1.2602567085524177,"{""type"":""MultiPoint"",""coordinates"":[]}"
20140416,2014-04-16,3.9001774333166463,7.09551146209035,0.10670697318308718,"{""type"":""MultiPoint"",""coordinates"":[]}"
20140417,2014-04-17,4.741181754242424,7.7927289268288105,1.1659673113055882,"{""type"":""MultiPoint"",""coordinates"":[]}"
20140418,2014-04-18,5.580621960581332,8.35318283853817,2.1373392677552747,"{""type"":""MultiPoint"",""coordinates"":[]}"
20140419,2014-04-19,5.616225831354792,8.526360155763898,2.116191905137153,"{""type"":""MultiPoint"",""coordinates"":[]}"
20140420,2014-04-20,3.6071652945139783,7.313759933020074,-0.2785521507082873,"{""type"":""MultiPoint"",""coordinates"":[]}"
20140421,2014-04-21,2.77756771329557,6.067402866971827,-0.7844060290725371,"{""type"":""MultiPoint"",""coordinates"":[]}"
20140422,2014-04-22,3.162351557679929,6.547419951626089,-0.3357024890304971,"{""type"":""MultiPoint"",""coordinates"":[]}"
20140423,2014-04-23,3.3125599444310327,6.876229672634856,-0.3560528480917729,"{""type"":""MultiPoint"",""coordinates"":[]}"
20140424,2014-04-24,3.137412671373005,6.827215350909231,-0.6012983396980648,"{""type"":""MultiPoint"",""coordinates"":[]}"
20140425,2014-04-25,3.1620122729007325,6.956027532416623,-0.8188864432958085,"{""type"":""MultiPoint"",""coordinates"":[]}"
20140426,2014-04-26,3.610808921203668,7.0950041372588615,-0.3264611143721101,"{""type"":""MultiPoint"",""coordinates"":[]}"
20140427,2014-04-27,3.8445712609064313,7.474786240136419,-0.05711818038546887,"{""type"":""MultiPoint"",""coordinates"":[]}"
20140428,2014-04-28,3.1913080729686865,6.925764082767817,-0.6598530740215622,"{""type"":""MultiPoint"",""coordinates"":[]}"
20140429,2014-04-29,2.8104170278271017,6.9017502014997,-1.2897968777867308,"{""type"":""MultiPoint"",""coordinates"":[]}"
20140430,2014-04-30,3.8807555229619295,7.835203310553703,-0.6375080536283851,"{""type"":""MultiPoint"",""coordinates"":[]}"
20140501,2014-05-01,4.5237494859147205,8.280216583255301,0.5641229621905891,"{""type"":""MultiPoint"",""coordinates"":[]}"
20140502,2014-05-02,5.652327915997915,8.909901709254447,1.779495764131492,"{""type"":""MultiPoint"",""coordinates"":[]}"
20140503,2014-05-03,6.648992400339596,9.557324405467966,3.0808844765186296,"{""type"":""MultiPoint"",""coordinates"":[]}"
20140504,2014-05-04,6.8675599935396106,9.755311877290248,3.5876204845596464,"{""type"":""MultiPoint"",""coordinates"":[]}"
20140505,2014-05-05,7.497032112164036,10.240966505581598,4.285444030274383,"{""type"":""MultiPoint"",""coordinates"":[]}"
20140506,2014-05-06,7.803198193909332,10.42488885744388,4.931169181275046,"{""type"":""MultiPoint"",""coordinates"":[]}"
20140507,2014-05-07,7.648680416862512,10.404971121478226,4.68901071064633,"{""type"":""MultiPoint"",""coordinates"":[]}"
20140508,2014-05-08,7.197375044451984,10.303473386616478,4.017614231935582,"{""type"":""MultiPoint"",""coordinates"":[]}"
20140509,2014-05-09,6.477168011502885,9.642395332402682,3.1749390629137286,"{""type"":""MultiPoint"",""coordinates"":[]}"
20140510,2014-05-10,5.8437270316528345,9.236058378855189,2.3374469096121135,"{""type"":""MultiPoint"",""coordinates"":[]}"
20140511,2014-05-11,6.908685592815519,9.955334786620998,3.4644420431342673,"{""type"":""MultiPoint"",""coordinates"":[]}"
20140512,2014-05-12,7.487317737813388,10.265883397728054,4.52435930288183,"{""type"":""MultiPoint"",""coordinates"":[]}"
20140513,2014-05-13,7.664246993578883,10.33431077095381,4.853493246451927,"{""type"":""MultiPoint"",""coordinates"":[]}"
20140514,2014-05-14,6.670807773705332,9.636972876160122,3.658577525001748,"{""type"":""MultiPoint"",""coordinates"":[]}"
20140515,2014-05-15,6.191387063211316,9.110854208047016,3.098292595994421,"{""type"":""MultiPoint"",""coordinates"":[]}"
20140516,2014-05-16,6.319829161339645,9.197714811624756,3.2051352643685322,"{""type"":""MultiPoint"",""coordinates"":[]}"
20140517,2014-05-17,7.193956737874758,10.014457401980442,4.005442476751864,"{""type"":""MultiPoint"",""coordinates"":[]}"
20140518,2014-05-18,7.00046768379882,10.152580616499447,3.736493368518245,"{""type"":""MultiPoint"",""coordinates"":[]}"
20140519,2014-05-19,6.896779398572212,10.081661425573575,3.460682165066278,"{""type"":""MultiPoint"",""coordinates"":[]}"
20140520,2014-05-20,7.068861214242545,10.08835154114086,4.015274668031402,"{""type"":""MultiPoint"",""coordinates"":[]}"
20140521,2014-05-21,7.179565576441486,10.15980302649394,4.1038282788733165,"{""type"":""MultiPoint"",""coordinates"":[]}"
20140522,2014-05-22,6.273730765564852,9.805859336913075,2.786413842823168,"{""type"":""MultiPoint"",""coordinates"":[]}"
20140523,2014-05-23,6.078172707207707,9.69792174724276,2.4476942200624463,"{""type"":""MultiPoint"",""coordinates"":[]}"
20140524,2014-05-24,7.1229732910089565,10.304555543273015,3.6732841100863602,"{""type"":""MultiPoint"",""coordinates"":[]}"
20140525,2014-05-25,7.7733926509615605,10.944278370563786,4.4998689952032755,"{""type"":""MultiPoint"",""coordinates"":[]}"
20140526,2014-05-26,8.755993821812517,11.367506234053074,5.95930879147729,"{""type"":""MultiPoint"",""coordinates"":[]}"
20140527,2014-05-27,8.883635412302578,11.599208227947836,6.129510547259534,"{""type"":""MultiPoint"",""coordinates"":[]}"
20140528,2014-05-28,8.427154167758337,11.44387241562067,5.415283189450934,"{""type"":""MultiPoint"",""coordinates"":[]}"
20140529,2014-05-29,8.322546904674132,11.257091496150874,5.088227393754429,"{""type"":""MultiPoint"",""coordinates"":[]}"
20140530,2014-05-30,8.51921422257626,11.615149587043064,5.111161060353127,"{""type"":""MultiPoint"",""coordinates"":[]}"
20140531,2014-05-31,9.153729527766822,12.017480713160321,5.99108757081657,"{""type"":""MultiPoint"",""coordinates"":[]}"
20140601,2014-06-01,9.880265267562493,12.46712087165561,6.987535019151251,"{""type"":""MultiPoint"",""coordinates"":[]}"
20140602,2014-06-02,9.766269397665104,12.723664058404909,6.698960246157953,"{""type"":""MultiPoint"",""coordinates"":[]}"
20140603,2014-06-03,9.282557032221016,12.230606593221973,6.287578278628794,"{""type"":""MultiPoint"",""coordinates"":[]}"
20140604,2014-06-04,9.315028706656962,12.380253741119688,6.171978011002546,"{""type"":""MultiPoint"",""coordinates"":[]}"
20140605,2014-06-05,9.477678569126326,12.44707561209772,6.456878298641337,"{""type"":""MultiPoint"",""coordinates"":[]}"
20140606,2014-06-06,9.434297689420871,12.237327322402967,6.472673979108102,"{""type"":""MultiPoint"",""coordinates"":[]}"
20140607,2014-06-07,9.516570198496902,12.49817588054606,6.507115264743931,"{""type"":""MultiPoint"",""coordinates"":[]}"
20140608,2014-06-08,9.575407947849847,12.637839165394096,6.574386421863847,"{""type"":""MultiPoint"",""coordinates"":[]}"
20140609,2014-06-09,9.849275826101204,12.8587837605225,6.881214104896484,"{""type"":""MultiPoint"",""coordinates"":[]}"
20140610,2014-06-10,9.807128069015366,12.738575458777683,6.945911899199111,"{""type"":""MultiPoint"",""coordinates"":[]}"
20140611,2014-06-11,10.014762417780396,12.82260167650476,7.2187837140668485,"{""type"":""MultiPoint"",""coordinates"":[]}"
20140612,2014-06-12,10.508038069873475,12.936241992010363,7.984657541373967,"{""type"":""MultiPoint"",""coordinates"":[]}"
20140613,2014-06-13,10.663957764397713,12.821815203947809,8.438868684168806,"{""type"":""MultiPoint"",""coordinates"":[]}"
20140614,2014-06-14,10.92997449071553,13.267226388793768,8.497265034535664,"{""type"":""MultiPoint"",""coordinates"":[]}"
20140615,2014-06-15,10.650642061231098,13.142446419236272,8.230871066129707,"{""type"":""MultiPoint"",""coordinates"":[]}"
20140616,2014-06-16,10.848829257708278,13.394206627941523,8.217884016413215,"{""type"":""MultiPoint"",""coordinates"":[]}"
20140617,2014-06-17,12.104613458875868,14.497686692265352,9.396716299831416,"{""type"":""MultiPoint"",""coordinates"":[]}"
20140618,2014-06-18,13.157967430913468,14.995025023054485,11.06138176164685,"{""type"":""MultiPoint"",""coordinates"":[]}"
20140619,2014-06-19,13.482348101858447,15.357763406221808,11.53120991011744,"{""type"":""MultiPoint"",""coordinates"":[]}"
20140620,2014-06-20,12.95230907680943,15.043038296870655,10.804717972871801,"{""type"":""MultiPoint"",""coordinates"":[]}"
20140621,2014-06-21,12.973647976534034,15.019217790722406,10.701504517118085,"{""type"":""MultiPoint"",""coordinates"":[]}"
20140622,2014-06-22,12.999514564973417,14.998833373342647,10.830046505104535,"{""type"":""MultiPoint"",""coordinates"":[]}"
20140623,2014-06-23,12.623306268890365,14.791861568416028,10.322996759019162,"{""type"":""MultiPoint"",""coordinates"":[]}"
20140624,2014-06-24,12.428965158527172,14.569350815679105,10.109786130938362,"{""type"":""MultiPoint"",""coordinates"":[]}"
20140625,2014-06-25,12.454354998123659,14.671089044985273,10.079098929475002,"{""type"":""MultiPoint"",""coordinates"":[]}"
20140626,2014-06-26,12.877400533168165,15.021466423341272,10.618698492683151,"{""type"":""MultiPoint"",""coordinates"":[]}"
20140627,2014-06-27,12.988300298741052,15.087031043280604,10.821189902591758,"{""type"":""MultiPoint"",""coordinates"":[]}"
20140628,2014-06-28,12.853645645365779,14.890210745101163,10.653584786690521,"{""type"":""MultiPoint"",""coordinates"":[]}"
20140629,2014-06-29,12.642730719556363,14.580848844857137,10.583615575972798,"{""type"":""MultiPoint"",""coordinates"":[]}"
20140630,2014-06-30,12.50271906776346,14.500963797331258,10.486370941868204,"{""type"":""MultiPoint"",""coordinates"":[]}"
20140701,2014-07-01,12.973668060625375,14.858920201106693,10.985907789771497,"{""type"":""MultiPoint"",""coordinates"":[]}"
20140702,2014-07-02,13.24924365420523,15.201687018196866,11.313858358512887,"{""type"":""MultiPoint"",""coordinates"":[]}"
20140703,2014-07-03,13.54774511629739,15.376517043585723,11.63846125603791,"{""type"":""MultiPoint"",""coordinates"":[]}"
20140704,2014-07-04,14.157312081282669,16.04950950953004,12.21668609656735,"{""type"":""MultiPoint"",""coordinates"":[]}"
20140705,2014-07-05,14.36380744851936,16.217312631061542,12.537195030468204,"{""type"":""MultiPoint"",""coordinates"":[]}"
20140706,2014-07-06,14.629646016359244,16.46431545307642,12.843526490203578,"{""type"":""MultiPoint"",""coordinates"":[]}"
20140707,2014-07-07,14.579128177332638,16.459484845666275,12.77307834733056,"{""type"":""MultiPoint"",""coordinates"":[]}"
20140708,2014-07-08,14.01812637945298,16.03063923449508,12.096536138071666,"{""type"":""MultiPoint"",""coordinates"":[]}"
20140709,2014-07-09,13.694010088015615,15.62421864667175,11.75159406896055,"{""type"":""MultiPoint"",""coordinates"":[]}"
20140710,2014-07-10,13.95216587089025,15.871287536619324,12.062021429263654,"{""type"":""MultiPoint"",""coordinates"":[]}"
20140711,2014-07-11,13.898134099513673,15.923190834543353,11.980266638125535,"{""type"":""MultiPoint"",""coordinates"":[]}"
20140712,2014-07-12,14.10466813045044,15.93220407719082,12.411040651772439,"{""type"":""MultiPoint"",""coordinates"":[]}"
20140713,2014-07-13,14.749724896465299,16.42894167933957,13.179205215414981,"{""type"":""MultiPoint"",""coordinates"":[]}"
20140714,2014-07-14,14.868203664556956,16.48659955343721,13.385066593903066,"{""type"":""MultiPoint"",""coordinates"":[]}"
20140715,2014-07-15,14.852051258389945,16.45594710877666,13.34024587014281,"{""type"":""MultiPoint"",""coordinates"":[]}"
20140716,2014-07-16,15.060082439491984,16.707098077493697,13.559020235958645,"{""type"":""MultiPoint"",""coordinates"":[]}"
20140717,2014-07-17,15.47752585565854,16.96907296291264,14.084148948839287,"{""type"":""MultiPoint"",""coordinates"":[]}"
20140718,2014-07-18,15.519873656332992,16.928125133981606,14.18391811760171,"{""type"":""MultiPoint"",""coordinates"":[]}"
20140719,2014-07-19,15.415943881973961,16.914378258926767,14.02906811639752,"{""type"":""MultiPoint"",""coordinates"":[]}"
20140720,2014-07-20,15.210414310610204,16.865954779892462,13.725905586190192,"{""type"":""MultiPoint"",""coordinates"":[]}"
20140721,2014-07-21,14.845927562196497,16.53680613231114,13.236489283431517,"{""type"":""MultiPoint"",""coordinates"":[]}"
20140722,2014-07-22,14.424123460537903,16.177105845267025,12.612148452088496,"{""type"":""MultiPoint"",""coordinates"":[]}"
20140723,2014-07-23,14.09870817210232,15.84400087900542,12.396929935695082,"{""type"":""MultiPoint"",""coordinates"":[]}"
20140724,2014-07-24,14.087714500211865,15.811214051790564,12.481103828542011,"{""type"":""MultiPoint"",""coordinates"":[]}"
20140725,2014-07-25,14.530142988545107,16.16073421675786,12.916626731337379,"{""type"":""MultiPoint"",""coordinates"":[]}"
20140726,2014-07-26,15.113720965587639,16.742519568503177,13.521946749175026,"{""type"":""MultiPoint"",""coordinates"":[]}"
20140727,2014-07-27,15.282151183277128,17.020074187160088,13.710318265625228,"{""type"":""MultiPoint"",""coordinates"":[]}"
20140728,2014-07-28,15.151619970400276,16.78558255383715,13.747169875753213,"{""type"":""MultiPoint"",""coordinates"":[]}"
20140729,2014-07-29,15.365573070629617,16.993636319062748,13.946976941533281,"{""type"":""MultiPoint"",""coordinates"":[]}"
20140730,2014-07-30,15.473406770033042,17.048515889393485,14.061053424929863,"{""type"":""MultiPoint"",""coordinates"":[]}"
20140731,2014-07-31,15.796468673350981,17.385909725335356,14.416707064397903,"{""type"":""MultiPoint"",""coordinates"":[]}"
20140801,2014-08-01,15.905450313888865,17.472364494676142,14.494669592074336,"{""type"":""MultiPoint"",""coordinates"":[]}"
20140802,2014-08-02,15.737434485818566,17.285964235910612,14.423419806416257,"{""type"":""MultiPoint"",""coordinates"":[]}"
20140803,2014-08-03,15.436988724699148,16.998413581844417,14.0932402986165,"{""type"":""MultiPoint"",""coordinates"":[]}"
20140804,2014-08-04,15.172760399151048,16.782721095591704,13.752401221789441,"{""type"":""MultiPoint"",""coordinates"":[]}"
20140805,2014-08-05,15.05270586374696,16.61483199604772,13.585449466826782,"{""type"":""MultiPoint"",""coordinates"":[]}"
20140806,2014-08-06,15.090535946074798,16.61849216285565,13.644273903514007,"{""type"":""MultiPoint"",""coordinates"":[]}"
20140807,2014-08-07,15.213940751044184,16.8052144922907,13.84017879879477,"{""type"":""MultiPoint"",""coordinates"":[]}"
20140808,2014-08-08,15.082054762896792,16.62303371382343,13.744470632609097,"{""type"":""MultiPoint"",""coordinates"":[]}"
20140809,2014-08-09,15.196375324064496,16.81698302104733,13.688489488064937,"{""type"":""MultiPoint"",""coordinates"":[]}"
20140810,2014-08-10,15.099936019597155,16.67247711573913,13.682434970501358,"{""type"":""MultiPoint"",""coordinates"":[]}"
20140811,2014-08-11,14.736742036006953,16.261094251270265,13.304109287291546,"{""type"":""MultiPoint"",""coordinates"":[]}"
20140812,2014-08-12,14.266310346345524,15.87334214001878,12.792258875193678,"{""type"":""MultiPoint"",""coordinates"":[]}"
20140813,2014-08-13,13.842181124598742,15.520401556619953,12.317902648057634,"{""type"":""MultiPoint"",""coordinates"":[]}"
20140814,2014-08-14,13.826203950471898,15.435376552510867,12.241430806124201,"{""type"":""MultiPoint"",""coordinates"":[]}"
20140815,2014-08-15,13.952208560447145,15.522151982021537,12.41705468823768,"{""type"":""MultiPoint"",""coordinates"":[]}"
20140816,2014-08-16,14.085274816724914,15.637237087083115,12.526540870575033,"{""type"":""MultiPoint"",""coordinates"":[]}"
20140817,2014-08-17,14.134826722114868,15.738182573735683,12.527710283408808,"{""type"":""MultiPoint"",""coordinates"":[]}"
20140818,2014-08-18,14.17853354478046,16.070590776950006,12.300338047312088,"{""type"":""MultiPoint"",""coordinates"":[]}"
20140819,2014-08-19,14.011087171377927,16.086022695752384,12.072732374818289,"{""type"":""MultiPoint"",""coordinates"":[]}"
20140820,2014-08-20,13.589467414124751,15.613382632254382,11.62183725017948,"{""type"":""MultiPoint"",""coordinates"":[]}"
20140821,2014-08-21,13.23722826073842,15.082340843072663,11.483628874460498,"{""type"":""MultiPoint"",""coordinates"":[]}"
20140822,2014-08-22,13.152226753287497,14.999764046383643,11.2346454034705,"{""type"":""MultiPoint"",""coordinates"":[]}"
20140823,2014-08-23,12.936581533013225,14.849168378197863,11.136885405631494,"{""type"":""MultiPoint"",""coordinates"":[]}"
20140824,2014-08-24,12.980981124523861,14.799284840320936,11.152727410204072,"{""type"":""MultiPoint"",""coordinates"":[]}"
20140825,2014-08-25,13.017303029500347,14.8835464034177,11.226622225728802,"{""type"":""MultiPoint"",""coordinates"":[]}"
20140826,2014-08-26,13.03912881371747,14.96944746266552,11.176274190083658,"{""type"":""MultiPoint"",""coordinates"":[]}"
20140827,2014-08-27,13.343952421357907,15.175666528594888,11.477525539440048,"{""type"":""MultiPoint"",""coordinates"":[]}"
20140828,2014-08-28,13.931429617159532,15.56724529338669,12.293175096273892,"{""type"":""MultiPoint"",""coordinates"":[]}"
20140829,2014-08-29,14.176363397575145,15.850068438743191,12.610047750164776,"{""type"":""MultiPoint"",""coordinates"":[]}"
20140830,2014-08-30,14.16726490508873,15.854702974002006,12.632975814857199,"{""type"":""MultiPoint"",""coordinates"":[]}"
20140831,2014-08-31,14.047322120013451,15.711962701901998,12.521632284850671,"{""type"":""MultiPoint"",""coordinates"":[]}"
20140901,2014-09-01,14.069519952928909,15.598368892175065,12.570387532786818,"{""type"":""MultiPoint"",""coordinates"":[]}"
20140902,2014-09-02,14.427021675651671,15.889492011675904,12.927784901127811,"{""type"":""MultiPoint"",""coordinates"":[]}"
20140903,2014-09-03,14.54340421755555,15.988253587723626,13.067861617757002,"{""type"":""MultiPoint"",""coordinates"":[]}"
20140904,2014-09-04,14.45739698340771,15.930139343011925,13.013655038331917,"{""type"":""MultiPoint"",""coordinates"":[]}"
20140905,2014-09-05,14.366932713533398,15.83751984729894,12.993374590191538,"{""type"":""MultiPoint"",""coordinates"":[]}"
20140906,2014-09-06,14.56341734870643,16.07520041562953,13.077123892159312,"{""type"":""MultiPoint"",""coordinates"":[]}"
20140907,2014-09-07,14.526755606327338,16.176106881863458,12.88460262951626,"{""type"":""MultiPoint"",""coordinates"":[]}"
20140908,2014-09-08,14.065382559139485,15.814600853452005,12.35872875507321,"{""type"":""MultiPoint"",""coordinates"":[]}"
20140909,2014-09-09,13.848213789209016,15.59267475297267,12.189419345828465,"{""type"":""MultiPoint"",""coordinates"":[]}"
20140910,2014-09-10,13.501263463059676,15.298210541504979,11.790428716065751,"{""type"":""MultiPoint"",""coordinates"":[]}"
20140911,2014-09-11,13.460488942510326,15.186330554298255,11.787888425083837,"{""type"":""MultiPoint"",""coordinates"":[]}"
20140912,2014-09-12,13.549292491947957,15.245021231853912,11.910811726759308,"{""type"":""MultiPoint"",""coordinates"":[]}"
20140913,2014-09-13,13.255302629225676,14.961769091821415,11.633451181213658,"{""type"":""MultiPoint"",""coordinates"":[]}"
20140914,2014-09-14,12.812357814144375,14.505026125413266,11.12261135704524,"{""type"":""MultiPoint"",""coordinates"":[]}"
20140915,2014-09-15,12.450536315781513,14.330960942417986,10.551415876154401,"{""type"":""MultiPoint"",""coordinates"":[]}"
20140916,2014-09-16,11.694338037289311,13.653659817887489,9.622100133414897,"{""type"":""MultiPoint"",""coordinates"":[]}"
20140917,2014-09-17,11.45121440491751,13.526445877096918,9.288868085845733,"{""type"":""MultiPoint"",""coordinates"":[]}"
20140918,2014-09-18,11.80620849859546,13.875076652828506,9.558397886798854,"{""type"":""MultiPoint"",""coordinates"":[]}"
20140919,2014-09-19,12.179553749676634,14.176342779770232,10.005265429742515,"{""type"":""MultiPoint"",""coordinates"":[]}"
20140920,2014-09-20,12.242768092364697,14.246433686527162,10.052694837457395,"{""type"":""MultiPoint"",""coordinates"":[]}"
20140921,2014-09-21,11.910484838638448,13.759666973269407,9.906282823480074,"{""type"":""MultiPoint"",""coordinates"":[]}"
20140922,2014-09-22,10.925009883692013,13.114820628200476,8.454704334607605,"{""type"":""MultiPoint"",""coordinates"":[]}"
20140923,2014-09-23,10.222233712907965,12.293091081384418,7.931734818741355,"{""type"":""MultiPoint"",""coordinates"":[]}"
20140924,2014-09-24,10.764138078304201,12.896730812498973,8.403035148034729,"{""type"":""MultiPoint"",""coordinates"":[]}"
20140925,2014-09-25,10.862943361471247,13.045384768051147,8.555625369413896,"{""type"":""MultiPoint"",""coordinates"":[]}"
20140926,2014-09-26,9.933224025838,12.343939059909037,7.526189613699151,"{""type"":""MultiPoint"",""coordinates"":[]}"
20140927,2014-09-27,9.021155244856278,11.542251530375738,6.072033621752365,"{""type"":""MultiPoint"",""coordinates"":[]}"
20140928,2014-09-28,9.167488517468483,11.686249796864765,6.359863974174266,"{""type"":""MultiPoint"",""coordinates"":[]}"
20140929,2014-09-29,9.607824305088112,12.031332536004069,6.743855216753966,"{""type"":""MultiPoint"",""coordinates"":[]}"
20140930,2014-09-30,9.531046255519902,11.949759166135491,6.910409172293418,"{""type"":""MultiPoint"",""coordinates"":[]}"
20141001,2014-10-01,9.251262225405874,11.782467118526954,6.555031832681525,"{""type"":""MultiPoint"",""coordinates"":[]}"
20141002,2014-10-02,9.044357384950429,11.582549598250148,6.210503977093717,"{""type"":""MultiPoint"",""coordinates"":[]}"
20141003,2014-10-03,8.868844238906838,11.405209498542398,6.178275551931775,"{""type"":""MultiPoint"",""coordinates"":[]}"
20141004,2014-10-04,8.920370684929377,11.508747533514022,6.191643837450471,"{""type"":""MultiPoint"",""coordinates"":[]}"
20141005,2014-10-05,9.54272241151532,11.884660691554659,6.6806073970462325,"{""type"":""MultiPoint"",""coordinates"":[]}"
20141006,2014-10-06,9.864307884704829,12.101257707981146,7.203241229321034,"{""type"":""MultiPoint"",""coordinates"":[]}"
20141007,2014-10-07,9.655310826799033,11.910266436819072,7.185578761067734,"{""type"":""MultiPoint"",""coordinates"":[]}"
20141008,2014-10-08,9.435426981218074,11.614067711746193,7.038483017332472,"{""type"":""MultiPoint"",""coordinates"":[]}"
20141009,2014-10-09,8.905609962775149,11.209535874798611,6.54574064115637,"{""type"":""MultiPoint"",""coordinates"":[]}"
20141010,2014-10-10,8.029451989065917,10.457249281373617,5.541249438858566,"{""type"":""MultiPoint"",""coordinates"":[]}"
20141011,2014-10-11,6.9346631164108015,9.499347732872193,4.24853314733891,"{""type"":""MultiPoint"",""coordinates"":[]}"
20141012,2014-10-12,6.40684594844292,9.237881730592262,3.3452965734710745,"{""type"":""MultiPoint"",""coordinates"":[]}"
20141013,2014-10-13,7.293241855962039,9.951224499091026,4.221150004077558,"{""type"":""MultiPoint"",""coordinates"":[]}"
20141014,2014-10-14,9.08367590683286,11.250427844405296,6.107287419911685,"{""type"":""MultiPoint"",""coordinates"":[]}"
20141015,2014-10-15,8.773615662835386,11.256277747254815,6.03502275755259,"{""type"":""MultiPoint"",""coordinates"":[]}"
20141016,2014-10-16,7.277066333058984,9.80259044514954,4.60729184648874,"{""type"":""MultiPoint"",""coordinates"":[]}"
20141017,2014-10-17,6.287135857900346,8.847946265071,3.546558629827184,"{""type"":""MultiPoint"",""coordinates"":[]}"
20141018,2014-10-18,5.672597004050221,8.199843259670093,2.8056904810285066,"{""type"":""MultiPoint"",""coordinates"":[]}"
20141019,2014-10-19,5.34134034838887,8.033121545938664,2.345066050510457,"{""type"":""MultiPoint"",""coordinates"":[]}"
20141020,2014-10-20,5.382399219449762,8.104169715930874,2.3137848274058026,"{""type"":""MultiPoint"",""coordinates"":[]}"
20141021,2014-10-21,5.644912461022084,8.359434958342115,2.579794613798779,"{""type"":""MultiPoint"",""coordinates"":[]}"
20141022,2014-10-22,5.322469206150626,8.113407956612356,2.3709224034457113,"{""type"":""MultiPoint"",""coordinates"":[]}"
20141023,2014-10-23,4.987414769181973,7.933167809818938,1.8232195412258105,"{""type"":""MultiPoint"",""coordinates"":[]}"
20141024,2014-10-24,5.07716299408597,7.910313775337879,1.9220480692800035,"{""type"":""MultiPoint"",""coordinates"":[]}"
20141025,2014-10-25,5.6783334523322235,8.224574270358463,2.590914411603881,"{""type"":""MultiPoint"",""coordinates"":[]}"
20141026,2014-10-26,5.938038466087322,8.406800905841381,3.0353536142612274,"{""type"":""MultiPoint"",""coordinates"":[]}"
20141027,2014-10-27,5.469529653036281,7.92982474773994,2.6779241929839257,"{""type"":""MultiPoint"",""coordinates"":[]}"
20141028,2014-10-28,5.030385264249244,7.590061179186526,2.1417656472698545,"{""type"":""MultiPoint"",""coordinates"":[]}"
20141029,2014-10-29,4.615957997258845,7.152330851567045,1.7416289611237026,"{""type"":""MultiPoint"",""coordinates"":[]}"
20141030,2014-10-30,4.143221162934144,6.628068094519279,1.4200880308013661,"{""type"":""MultiPoint"",""coordinates"":[]}"
20141031,2014-10-31,4.051761692513588,6.625735819585512,1.2459002282329044,"{""type"":""MultiPoint"",""coordinates"":[]}"
20141101,2014-11-01,3.911329927583001,6.478894028421141,1.0374537948711535,"{""type"":""MultiPoint"",""coordinates"":[]}"
20141102,2014-11-02,4.086480350746188,6.841332981587557,1.1369906328468686,"{""type"":""MultiPoint"",""coordinates"":[]}"
20141103,2014-11-03,3.8940153969698086,6.56127139388085,1.0513373985676107,"{""type"":""MultiPoint"",""coordinates"":[]}"
20141104,2014-11-04,3.9817040244508046,6.639896969790514,0.9392289876356303,"{""type"":""MultiPoint"",""coordinates"":[]}"
20141105,2014-11-05,4.12346606039224,6.755835857545661,0.8981148497432603,"{""type"":""MultiPoint"",""coordinates"":[]}"
20141106,2014-11-06,3.5298188259858816,6.3449942576591765,0.22427402305419586,"{""type"":""MultiPoint"",""coordinates"":[]}"
20141107,2014-11-07,3.6267004628852533,6.4908424641345,0.31676403017419574,"{""type"":""MultiPoint"",""coordinates"":[]}"
20141108,2014-11-08,3.346110509655313,6.396454123761006,0.07165227389426343,"{""type"":""MultiPoint"",""coordinates"":[]}"
20141109,2014-11-09,2.8250707284155543,5.842897529031019,-0.4910059978529822,"{""type"":""MultiPoint"",""coordinates"":[]}"
20141110,2014-11-10,2.24616745163146,5.141110111068535,-0.8320386019703064,"{""type"":""MultiPoint"",""coordinates"":[]}"
20141111,2014-11-11,2.242546667495782,5.005334978544637,-0.6748012294666299,"{""type"":""MultiPoint"",""coordinates"":[]}"
20141112,2014-11-12,1.5871101434509671,4.496983672789642,-1.362949882170364,"{""type"":""MultiPoint"",""coordinates"":[]}"
20141113,2014-11-13,1.2764746628328056,4.313040566944891,-1.7580145221507395,"{""type"":""MultiPoint"",""coordinates"":[]}"
20141114,2014-11-14,0.9935667282982407,3.8905843690069637,-2.0065334439101425,"{""type"":""MultiPoint"",""coordinates"":[]}"
20141115,2014-11-15,0.7563969572174507,3.540579662098862,-2.23429648496766,"{""type"":""MultiPoint"",""coordinates"":[]}"
20141116,2014-11-16,0.8302502590766904,3.6595774476697636,-2.158566344380848,"{""type"":""MultiPoint"",""coordinates"":[]}"
20141117,2014-11-17,0.4525936406696724,3.2881799661594293,-2.4725730527781735,"{""type"":""MultiPoint"",""coordinates"":[]}"
20141118,2014-11-18,-0.09644343021992137,2.84952786158205,-3.102286268945865,"{""type"":""MultiPoint"",""coordinates"":[]}"
20141119,2014-11-19,0.1111152335192877,2.9698467745003105,-2.9078207298984378,"{""type"":""MultiPoint"",""coordinates"":[]}"
20141120,2014-11-20,0.1506848580843367,2.939122126525241,-2.711288510054281,"{""type"":""MultiPoint"",""coordinates"":[]}"
20141121,2014-11-21,0.223753439562574,3.008504554313217,-2.691763619375548,"{""type"":""MultiPoint"",""coordinates"":[]}"
20141122,2014-11-22,0.3599780584248698,3.026529954705845,-2.5996429587750733,"{""type"":""MultiPoint"",""coordinates"":[]}"
20141123,2014-11-23,-0.4078484403359322,2.747931810205517,-3.566052073134387,"{""type"":""MultiPoint"",""coordinates"":[]}"
20141124,2014-11-24,-1.682245893730787,1.5135110287588995,-5.005369705073315,"{""type"":""MultiPoint"",""coordinates"":[]}"
20141125,2014-11-25,-0.957197210698673,2.0433815796341297,-4.283071734589708,"{""type"":""MultiPoint"",""coordinates"":[]}"
20141126,2014-11-26,-0.8895125362464983,2.3091311154308922,-4.06245826961513,"{""type"":""MultiPoint"",""coordinates"":[]}"
20141127,2014-11-27,0.24691652239901196,3.0598332487857705,-2.9277387951609315,"{""type"":""MultiPoint"",""coordinates"":[]}"
20141128,2014-11-28,0.5187070291218415,3.476298172134488,-2.4846896226123016,"{""type"":""MultiPoint"",""coordinates"":[]}"
20141129,2014-11-29,0.11746241912634336,2.843866861597533,-2.7570402109482304,"{""type"":""MultiPoint"",""coordinates"":[]}"
20141130,2014-11-30,0.09949878021139526,2.7643420509004346,-2.872201126452402,"{""type"":""MultiPoint"",""coordinates"":[]}"
20141201,2014-12-01,-0.5995625123561495,2.460594817771957,-3.5687836204107426,"{""type"":""MultiPoint"",""coordinates"":[]}"
20141202,2014-12-02,-0.7081536373445929,2.0672419833853573,-3.6599947491848615,"{""type"":""MultiPoint"",""coordinates"":[]}"
20141203,2014-12-03,-0.5809320967099888,2.0598516687282857,-3.21842252020782,"{""type"":""MultiPoint"",""coordinates"":[]}"
20141204,2014-12-04,-0.7187652303039033,2.103288848352845,-3.6169144350585265,"{""type"":""MultiPoint"",""coordinates"":[]}"
20141205,2014-12-05,-0.5802257475248633,2.2127366697813255,-3.6854160739624042,"{""type"":""MultiPoint"",""coordinates"":[]}"
20141206,2014-12-06,-1.0125843737310758,1.6806994794506114,-3.7113943445141175,"{""type"":""MultiPoint"",""coordinates"":[]}"
20141207,2014-12-07,-1.3506658995480636,1.3568732802154475,-4.151176666897292,"{""type"":""MultiPoint"",""coordinates"":[]}"
20141208,2014-12-08,-1.2208623642731706,1.4293937155373047,-4.138341582966806,"{""type"":""MultiPoint"",""coordinates"":[]}"
20141209,2014-12-09,-1.577195118130887,1.081588037156206,-4.387671471880839,"{""type"":""MultiPoint"",""coordinates"":[]}"
20141210,2014-12-10,-2.077491265387388,0.5318836655622987,-4.918170700170099,"{""type"":""MultiPoint"",""coordinates"":[]}"
20141211,2014-12-11,-2.7191000429138854,0.06251761010069047,-5.701820695819292,"{""type"":""MultiPoint"",""coordinates"":[]}"
20141212,2014-12-12,-1.8595473948909145,0.6899740630740565,-4.909414748157501,"{""type"":""MultiPoint"",""coordinates"":[]}"
20141213,2014-12-13,0.1255464906756111,2.8284686952123232,-3.263183305351897,"{""type"":""MultiPoint"",""coordinates"":[]}"
20141214,2014-12-14,0.7340708931283608,3.2877392130364047,-2.1888567879900327,"{""type"":""MultiPoint"",""coordinates"":[]}"
20141215,2014-12-15,-0.9640246065135704,1.7841048161160569,-3.8788854292166803,"{""type"":""MultiPoint"",""coordinates"":[]}"
20141216,2014-12-16,-2.0074158843238865,0.8900479598164267,-5.300638994410898,"{""type"":""MultiPoint"",""coordinates"":[]}"
20141217,2014-12-17,-3.997945683751536,-0.9012603966798,-7.349519731661324,"{""type"":""MultiPoint"",""coordinates"":[]}"
20141218,2014-12-18,-4.32829309493449,-1.634278665961474,-7.312992518003064,"{""type"":""MultiPoint"",""coordinates"":[]}"
20141219,2014-12-19,-3.7317781701342754,-0.9856516446039466,-6.654586793594583,"{""type"":""MultiPoint"",""coordinates"":[]}"
20141220,2014-12-20,-3.684493767715061,-0.9383636408171391,-6.5264335461254985,"{""type"":""MultiPoint"",""coordinates"":[]}"
20141221,2014-12-21,-2.5218344141936044,0.1442232813995585,-5.8622065039082765,"{""type"":""MultiPoint"",""coordinates"":[]}"
20141222,2014-12-22,-1.8905265704895733,0.8043894897935425,-4.866216844269726,"{""type"":""MultiPoint"",""coordinates"":[]}"
20141223,2014-12-23,-1.4817677306539625,1.0788400819443036,-4.678113906953977,"{""type"":""MultiPoint"",""coordinates"":[]}"
20141224,2014-12-24,-2.0087708534618174,0.7561733169496865,-4.883482556212707,"{""type"":""MultiPoint"",""coordinates"":[]}"
20141225,2014-12-25,-2.7122656900211655,0.1366976605740831,-5.6837867954703105,"{""type"":""MultiPoint"",""coordinates"":[]}"
20141226,2014-12-26,-3.543195315769093,-0.4651725951109809,-6.780841269980166,"{""type"":""MultiPoint"",""coordinates"":[]}"
20141227,2014-12-27,-5.029607536413286,-1.7815406672665508,-8.409709713888667,"{""type"":""MultiPoint"",""coordinates"":[]}"
20141228,2014-12-28,-5.445523275079224,-2.5565812200127334,-8.491685616068589,"{""type"":""MultiPoint"",""coordinates"":[]}"
20141229,2014-12-29,-4.424002269933323,-1.5792521698155735,-7.692016734102245,"{""type"":""MultiPoint"",""coordinates"":[]}"
20141230,2014-12-30,-3.0551429757600954,-0.20376740082360031,-6.344161644540312,"{""type"":""MultiPoint"",""coordinates"":[]}"
20141231,2014-12-31,-1.6244263881262722,1.030318746716065,-4.781701431747301,"{""type"":""MultiPoint"",""coordinates"":[]}"
20150101,2015-01-01,-0.042091691883264094,2.493412735547412,-3.168209213940105,"{""type"":""MultiPoint"",""coordinates"":[]}"
20150102,2015-01-02,1.4311754251883104,3.831085945589737,-1.6399893909384204,"{""type"":""MultiPoint"",""coordinates"":[]}"
20150103,2015-01-03,2.633165093281054,4.900862052758905,-0.2293343327968222,"{""type"":""MultiPoint"",""coordinates"":[]}"
20150104,2015-01-04,0.9248225364585926,3.856990740402221,-2.5523843785183207,"{""type"":""MultiPoint"",""coordinates"":[]}"
20150105,2015-01-05,-1.8731205257956867,0.9928654998040654,-4.8870515176666185,"{""type"":""MultiPoint"",""coordinates"":[]}"
20150106,2015-01-06,-2.207970029913081,0.5522176629974652,-5.650184941386919,"{""type"":""MultiPoint"",""coordinates"":[]}"
20150107,2015-01-07,-2.5554124922046215,0.29478899404513376,-6.0835738203139575,"{""type"":""MultiPoint"",""coordinates"":[]}"
20150108,2015-01-08,-4.208307037979093,-0.8517624796480903,-7.7976702379672655,"{""type"":""MultiPoint"",""coordinates"":[]}"
20150109,2015-01-09,-5.268154413188455,-2.002411881014971,-8.833251089236274,"{""type"":""MultiPoint"",""coordinates"":[]}"
20150110,2015-01-10,-5.281990561604819,-2.0647148199051304,-8.664224849143663,"{""type"":""MultiPoint"",""coordinates"":[]}"
20150111,2015-01-11,-4.413907246529881,-1.2533866118495536,-8.046751175777876,"{""type"":""MultiPoint"",""coordinates"":[]}"
20150112,2015-01-12,-3.3585606609482683,-0.27188764136338117,-6.841725095791764,"{""type"":""MultiPoint"",""coordinates"":[]}"
20150113,2015-01-13,-2.4498029564554504,0.43225452444593643,-5.916552617032758,"{""type"":""MultiPoint"",""coordinates"":[]}"
20150114,2015-01-14,-2.1280065497359573,0.8061634108975055,-5.620405338495413,"{""type"":""MultiPoint"",""coordinates"":[]}"
20150115,2015-01-15,-2.5509974475463966,0.38554619709889065,-5.898382152269492,"{""type"":""MultiPoint"",""coordinates"":[]}"
20150116,2015-01-16,-3.383216293904543,-0.2700782610031469,-6.7506878208152035,"{""type"":""MultiPoint"",""coordinates"":[]}"
20150117,2015-01-17,-4.944565269229054,-1.8543038505673588,-8.125172120124187,"{""type"":""MultiPoint"",""coordinates"":[]}"
20150118,2015-01-18,-4.88824992847457,-2.0352742041234935,-8.227738253994232,"{""type"":""MultiPoint"",""coordinates"":[]}"
20150119,2015-01-19,-4.250419543572928,-1.4284368363174857,-7.372633042182487,"{""type"":""MultiPoint"",""coordinates"":[]}"
20150120,2015-01-20,-3.6417199106450595,-0.6410813310062277,-6.9036868159276565,"{""type"":""MultiPoint"",""coordinates"":[]}"
20150121,2015-01-21,-1.764512239931027,1.0152997438340383,-5.491769729026647,"{""type"":""MultiPoint"",""coordinates"":[]}"
20150122,2015-01-22,-0.4991671833435066,2.141200587891583,-3.8042932262031597,"{""type"":""MultiPoint"",""coordinates"":[]}"
20150123,2015-01-23,-0.9324673730194448,1.8921785538423928,-4.218972294792832,"{""type"":""MultiPoint"",""coordinates"":[]}"
20150124,2015-01-24,-1.849762889721189,0.9004177185139562,-4.916654736078528,"{""type"":""MultiPoint"",""coordinates"":[]}"
20150125,2015-01-25,-2.208097960863674,0.6701401440020943,-5.4075136282704275,"{""type"":""MultiPoint"",""coordinates"":[]}"
20150126,2015-01-26,-1.460412475806973,1.2933340338050212,-4.901634972936429,"{""type"":""MultiPoint"",""coordinates"":[]}"
20150127,2015-01-27,-2.0488732967456476,0.8505268659773094,-5.285901264722553,"{""type"":""MultiPoint"",""coordinates"":[]}"
20150128,2015-01-28,-2.8784550611197313,-0.4368643562251072,-5.71540135917835,"{""type"":""MultiPoint"",""coordinates"":[]}"
20150129,2015-01-29,-2.6636597640353776,-0.19008593052378872,-5.585253289050954,"{""type"":""MultiPoint"",""coordinates"":[]}"
20150130,2015-01-30,-4.0518968562857,-1.0691702090771764,-7.249532252998603,"{""type"":""MultiPoint"",""coordinates"":[]}"
20150131,2015-01-31,-4.77169429244939,-1.8639956836405913,-7.912572197280151,"{""type"":""MultiPoint"",""coordinates"":[]}"
20150201,2015-02-01,-3.357962906522984,-0.5368844166415824,-6.687588773160271,"{""type"":""MultiPoint"",""coordinates"":[]}"
20150202,2015-02-02,-1.7826992135209008,0.8970556158865716,-5.0241362119305855,"{""type"":""MultiPoint"",""coordinates"":[]}"
20150203,2015-02-03,-1.312636553537368,1.6870898486085864,-4.6751428864679045,"{""type"":""MultiPoint"",""coordinates"":[]}"
20150204,2015-02-04,-2.714246654559636,0.6837371544502685,-6.462246621511524,"{""type"":""MultiPoint"",""coordinates"":[]}"
20150205,2015-02-05,-3.816173243505451,-0.48386606802508086,-7.2262335395342205,"{""type"":""MultiPoint"",""coordinates"":[]}"
20150206,2015-02-06,-3.9915812430999087,-0.8223845219774253,-7.453751808615097,"{""type"":""MultiPoint"",""coordinates"":[]}"
20150207,2015-02-07,-2.7506826763432315,0.21432168795412834,-6.45304110435715,"{""type"":""MultiPoint"",""coordinates"":[]}"
20150208,2015-02-08,-1.9536148779543914,0.8868393860055408,-5.234929509800963,"{""type"":""MultiPoint"",""coordinates"":[]}"
20150209,2015-02-09,-2.142993361595165,0.8797487894444026,-5.3966841342104885,"{""type"":""MultiPoint"",""coordinates"":[]}"
20150210,2015-02-10,-3.2314842494174796,0.08718498074609271,-6.620495911389428,"{""type"":""MultiPoint"",""coordinates"":[]}"
20150211,2015-02-11,-3.769298684104341,-0.47144987968053065,-7.292588564690573,"{""type"":""MultiPoint"",""coordinates"":[]}"
20150212,2015-02-12,-3.005281263784315,0.19757246610903928,-6.689173544099901,"{""type"":""MultiPoint"",""coordinates"":[]}"
20150213,2015-02-13,-2.4269074792177294,0.9141015645045598,-6.09418274985647,"{""type"":""MultiPoint"",""coordinates"":[]}"
20150214,2015-02-14,-1.8337635448783087,1.5666728403635026,-5.74832337142817,"{""type"":""MultiPoint"",""coordinates"":[]}"
20150215,2015-02-15,-1.8431356402333579,1.5542420847104965,-5.678831321260956,"{""type"":""MultiPoint"",""coordinates"":[]}"
20150216,2015-02-16,-1.0486403306746737,2.0961108967247766,-4.736970491530366,"{""type"":""MultiPoint"",""coordinates"":[]}"
20150217,2015-02-17,-0.11291125288897429,2.8711305752003327,-3.662394927765392,"{""type"":""MultiPoint"",""coordinates"":[]}"
20150218,2015-02-18,0.16159926455871737,3.1010634925101286,-3.28712491504531,"{""type"":""MultiPoint"",""coordinates"":[]}"
20150219,2015-02-19,0.054591384378033105,3.295629980029946,-3.8168544092583434,"{""type"":""MultiPoint"",""coordinates"":[]}"
20150220,2015-02-20,0.2487896634835967,3.234598317923453,-3.317481955026825,"{""type"":""MultiPoint"",""coordinates"":[]}"
20150221,2015-02-21,-0.0320918840969406,3.150033765134366,-3.3872481075815744,"{""type"":""MultiPoint"",""coordinates"":[]}"
20150222,2015-02-22,0.02818390888830845,3.1501353533877476,-3.4701190227735212,"{""type"":""MultiPoint"",""coordinates"":[]}"
20150223,2015-02-23,0.9168990444904109,3.851973657286661,-2.421073263283011,"{""type"":""MultiPoint"",""coordinates"":[]}"
20150224,2015-02-24,1.1461652139725118,4.201492139464938,-2.317936331148498,"{""type"":""MultiPoint"",""coordinates"":[]}"
20150225,2015-02-25,0.2626151883637347,3.55666348890566,-3.2462128609791905,"{""type"":""MultiPoint"",""coordinates"":[]}"
20150226,2015-02-26,-0.2543179517069972,2.9677815306439803,-3.570205532462498,"{""type"":""MultiPoint"",""coordinates"":[]}"
20150227,2015-02-27,-0.738380319617055,2.4793987994822815,-3.949655020402911,"{""type"":""MultiPoint"",""coordinates"":[]}"
20150228,2015-02-28,0.36228086985073904,3.4186444854339273,-3.2530138586766095,"{""type"":""MultiPoint"",""coordinates"":[]}"
20150301,2015-03-01,2.947539081611354,5.495877777171542,-0.5723626948279583,"{""type"":""MultiPoint"",""coordinates"":[]}"
20150302,2015-03-02,3.4916791402769185,5.911108629353925,0.6952400444247078,"{""type"":""MultiPoint"",""coordinates"":[]}"
20150303,2015-03-03,1.6940207572839652,4.552839855485163,-1.4259746256951826,"{""type"":""MultiPoint"",""coordinates"":[]}"
20150304,2015-03-04,-0.2711649222962764,2.658878424029664,-3.218097620395428,"{""type"":""MultiPoint"",""coordinates"":[]}"
20150305,2015-03-05,-0.791149680087381,1.9273595590880828,-3.810248671369496,"{""type"":""MultiPoint"",""coordinates"":[]}"
20150306,2015-03-06,-0.5193084098920071,2.1286149294185557,-3.6240829581851823,"{""type"":""MultiPoint"",""coordinates"":[]}"
20150307,2015-03-07,-1.0712250308045859,1.9759923248174687,-4.5364125658794645,"{""type"":""MultiPoint"",""coordinates"":[]}"
20150308,2015-03-08,-0.7698983866215506,2.497414584589121,-4.6240875864081925,"{""type"":""MultiPoint"",""coordinates"":[]}"
20150309,2015-03-09,-1.089882309460027,2.2804435091886,-4.706120250866114,"{""type"":""MultiPoint"",""coordinates"":[]}"
20150310,2015-03-10,-1.8614933949541104,1.7083310137831076,-5.5930911150517115,"{""type"":""MultiPoint"",""coordinates"":[]}"
20150311,2015-03-11,-2.583013054102708,1.0612365054822865,-6.255654403514862,"{""type"":""MultiPoint"",""coordinates"":[]}"
20150312,2015-03-12,-1.4620796757282786,1.997158812308356,-5.4340889262763525,"{""type"":""MultiPoint"",""coordinates"":[]}"
20150313,2015-03-13,0.21780681328588058,3.5684262081269544,-3.755237680734402,"{""type"":""MultiPoint"",""coordinates"":[]}"
20150314,2015-03-14,1.9532346014965531,4.929258538274378,-1.5257199076784578,"{""type"":""MultiPoint"",""coordinates"":[]}"
20150315,2015-03-15,3.0335778814401437,5.721799689976787,-0.22442086042528647,"{""type"":""MultiPoint"",""coordinates"":[]}"
20150316,2015-03-16,3.033306316030019,5.863373714420088,-0.1599595852582714,"{""type"":""MultiPoint"",""coordinates"":[]}"
20150317,2015-03-17,1.6247202592868708,4.670734606250272,-1.581812531868568,"{""type"":""MultiPoint"",""coordinates"":[]}"
20150318,2015-03-18,0.8716954441407554,4.081236718571427,-2.6975041604132746,"{""type"":""MultiPoint"",""coordinates"":[]}"
20150319,2015-03-19,-0.24501615743143346,3.120519498181307,-3.808566213617384,"{""type"":""MultiPoint"",""coordinates"":[]}"
20150320,2015-03-20,-0.7279115272202993,2.770524324616049,-4.528529887071515,"{""type"":""MultiPoint"",""coordinates"":[]}"
20150321,2015-03-21,0.2739240003111219,3.8404921601103874,-3.775588665218016,"{""type"":""MultiPoint"",""coordinates"":[]}"
20150322,2015-03-22,0.7532603639812393,4.184450020067108,-3.008296534249986,"{""type"":""MultiPoint"",""coordinates"":[]}"
20150323,2015-03-23,1.3090700480889446,4.831985716113481,-2.3094959317045274,"{""type"":""MultiPoint"",""coordinates"":[]}"
20150324,2015-03-24,1.1834353175839674,5.2342716184285365,-3.0750832014924954,"{""type"":""MultiPoint"",""coordinates"":[]}"
20150325,2015-03-25,2.1213241534240783,6.058196476568125,-2.368588808551163,"{""type"":""MultiPoint"",""coordinates"":[]}"
20150326,2015-03-26,2.9715393882646826,6.4394161547947135,-0.901795838503711,"{""type"":""MultiPoint"",""coordinates"":[]}"
20150327,2015-03-27,3.5371686547833896,6.924871984101985,-0.33580545362800307,"{""type"":""MultiPoint"",""coordinates"":[]}"
20150328,2015-03-28,3.295959147798616,6.7922366077035115,-0.3544241956667014,"{""type"":""MultiPoint"",""coordinates"":[]}"
20150329,2015-03-29,4.168844029372222,7.431357915711714,0.024471052587945116,"{""type"":""MultiPoint"",""coordinates"":[]}"
20150330,2015-03-30,5.611316030069555,8.642703474373324,2.111804427890501,"{""type"":""MultiPoint"",""coordinates"":[]}"
20150331,2015-03-31,4.828049443075069,8.058040361421073,1.5243065515087102,"{""type"":""MultiPoint"",""coordinates"":[]}"
20150401,2015-04-01,4.184764662492579,7.38736346709326,0.6183705524083924,"{""type"":""MultiPoint"",""coordinates"":[]}"
20150402,2015-04-02,4.715369280815992,7.564969608504562,1.3140980671509637,"{""type"":""MultiPoint"",""coordinates"":[]}"
20150403,2015-04-03,5.063318391797336,7.995287787049732,1.5133106619710925,"{""type"":""MultiPoint"",""coordinates"":[]}"
20150404,2015-04-04,4.488171989651676,7.528475921289619,1.070465723866902,"{""type"":""MultiPoint"",""coordinates"":[]}"
20150405,2015-04-05,4.215770222128828,7.412404825156273,0.5243294315817703,"{""type"":""MultiPoint"",""coordinates"":[]}"
20150406,2015-04-06,3.373798160684236,6.401041910172346,-0.056479163672178354,"{""type"":""MultiPoint"",""coordinates"":[]}"
20150407,2015-04-07,4.1136036196678205,6.784281194369376,0.759552185025393,"{""type"":""MultiPoint"",""coordinates"":[]}"
20150408,2015-04-08,4.164964543717897,7.14939996151643,0.8191866868501224,"{""type"":""MultiPoint"",""coordinates"":[]}"
20150409,2015-04-09,3.3147034716703074,6.548981544266843,-0.22726858154677895,"{""type"":""MultiPoint"",""coordinates"":[]}"
20150410,2015-04-10,2.9490318105634943,6.223937793437843,-0.7939510477842622,"{""type"":""MultiPoint"",""coordinates"":[]}"
20150411,2015-04-11,3.574286881467009,6.990055202552199,-0.39946888904129013,"{""type"":""MultiPoint"",""coordinates"":[]}"
20150412,2015-04-12,4.931401498252701,7.9246736476646955,1.2586477754247156,"{""type"":""MultiPoint"",""coordinates"":[]}"
20150413,2015-04-13,5.726105982400992,8.51077354148246,2.2552539818423556,"{""type"":""MultiPoint"",""coordinates"":[]}"
20150414,2015-04-14,5.235940996901683,8.221800498690396,1.686029640596123,"{""type"":""MultiPoint"",""coordinates"":[]}"
20150415,2015-04-15,5.990104280118696,8.687125222593927,2.515798278993888,"{""type"":""MultiPoint"",""coordinates"":[]}"
20150416,2015-04-16,6.977803609612966,9.733391585905869,3.4873040076771167,"{""type"":""MultiPoint"",""coordinates"":[]}"
20150417,2015-04-17,6.063935139954355,9.050044630944218,2.780692620870948,"{""type"":""MultiPoint"",""coordinates"":[]}"
20150418,2015-04-18,4.691536940615178,7.79595832357595,1.1823300096296814,"{""type"":""MultiPoint"",""coordinates"":[]}"
20150419,2015-04-19,4.879008910692178,8.161709604837256,1.0098009406741049,"{""type"":""MultiPoint"",""coordinates"":[]}"
20150420,2015-04-20,5.567463427183948,8.82984844512828,1.820835554325145,"{""type"":""MultiPoint"",""coordinates"":[]}"
20150421,2015-04-21,4.89441771525783,8.48354106383333,1.122027236327207,"{""type"":""MultiPoint"",""coordinates"":[]}"
20150422,2015-04-22,3.877288126973563,7.735076982005795,-0.29203170894330793,"{""type"":""MultiPoint"",""coordinates"":[]}"
20150423,2015-04-23,3.5033820106384703,7.108133240729642,-0.43554849512876986,"{""type"":""MultiPoint"",""coordinates"":[]}"
20150424,2015-04-24,3.597145154843834,7.239491896816534,-0.41973462328163386,"{""type"":""MultiPoint"",""coordinates"":[]}"
20150425,2015-04-25,4.398330308253572,7.99188159534103,0.37673930695705615,"{""type"":""MultiPoint"",""coordinates"":[]}"
20150426,2015-04-26,5.387739283727917,8.579711970615927,1.4848749445543816,"{""type"":""MultiPoint"",""coordinates"":[]}"
20150427,2015-04-27,5.7989700973256335,9.169765903085214,1.520629142013207,"{""type"":""MultiPoint"",""coordinates"":[]}"
20150428,2015-04-28,5.558243350459026,9.070427007439637,1.3388788286701023,"{""type"":""MultiPoint"",""coordinates"":[]}"
20150429,2015-04-29,5.158893345241009,8.605657645708174,0.9915089306386924,"{""type"":""MultiPoint"",""coordinates"":[]}"
20150430,2015-04-30,4.8242411913267516,8.386295694855216,0.49397510182337095,"{""type"":""MultiPoint"",""coordinates"":[]}"
20150501,2015-05-01,4.753542979281632,8.366272460071096,0.5967617806869527,"{""type"":""MultiPoint"",""coordinates"":[]}"
20150502,2015-05-02,4.5398438007922275,8.124434628466664,0.6147630133068878,"{""type"":""MultiPoint"",""coordinates"":[]}"
20150503,2015-05-03,3.957577978874814,7.661463625028769,0.10654581940573431,"{""type"":""MultiPoint"",""coordinates"":[]}"
20150504,2015-05-04,3.5369309234535082,7.55081925167495,-0.7480306517750429,"{""type"":""MultiPoint"",""coordinates"":[]}"
20150505,2015-05-05,3.300206827115367,7.289739700558519,-0.7971393899368295,"{""type"":""MultiPoint"",""coordinates"":[]}"
20150506,2015-05-06,4.086126433318892,7.814665163555759,0.16550238647790522,"{""type"":""MultiPoint"",""coordinates"":[]}"
20150507,2015-05-07,4.467970203180355,8.134262771513422,0.614636323717711,"{""type"":""MultiPoint"",""coordinates"":[]}"
20150508,2015-05-08,5.350569651045113,8.906245512140933,1.2461855462679046,"{""type"":""MultiPoint"",""coordinates"":[]}"
20150509,2015-05-09,6.24423629007232,9.59669329255178,2.354634969495996,"{""type"":""MultiPoint"",""coordinates"":[]}"
20150510,2015-05-10,7.006868125397324,10.291473841198174,3.35948430244112,"{""type"":""MultiPoint"",""coordinates"":[]}"
20150511,2015-05-11,8.122405169772568,11.11210947366613,4.480391789490165,"{""type"":""MultiPoint"",""coordinates"":[]}"
20150512,2015-05-12,9.362342190385618,11.995869611944519,6.022539680305516,"{""type"":""MultiPoint"",""coordinates"":[]}"
20150513,2015-05-13,9.833905824827802,12.353521843229307,6.925583205411804,"{""type"":""MultiPoint"",""coordinates"":[]}"
20150514,2015-05-14,10.214860836347293,12.551737909462467,7.581304851334862,"{""type"":""MultiPoint"",""coordinates"":[]}"
20150515,2015-05-15,9.996294032567578,12.476375326700978,7.256540111053849,"{""type"":""MultiPoint"",""coordinates"":[]}"
20150516,2015-05-16,9.36446096847987,12.097197708979285,6.284538800967495,"{""type"":""MultiPoint"",""coordinates"":[]}"
20150517,2015-05-17,8.810633525804969,11.753691257995104,5.6561119863605755,"{""type"":""MultiPoint"",""coordinates"":[]}"
20150518,2015-05-18,9.010044435806421,11.88721000973862,5.722614899009374,"{""type"":""MultiPoint"",""coordinates"":[]}"
20150519,2015-05-19,8.816258720497299,11.81978254923396,5.514105508767941,"{""type"":""MultiPoint"",""coordinates"":[]}"
20150520,2015-05-20,8.523932786372459,11.566057469142887,5.382303161142421,"{""type"":""MultiPoint"",""coordinates"":[]}"
20150521,2015-05-21,7.793900019095185,11.058446706717165,4.422503138486185,"{""type"":""MultiPoint"",""coordinates"":[]}"
20150522,2015-05-22,7.132399473402089,10.531762814858938,3.436026268897015,"{""type"":""MultiPoint"",""coordinates"":[]}"
20150523,2015-05-23,7.246442533011718,10.564964453310148,3.7108709686727663,"{""type"":""MultiPoint"",""coordinates"":[]}"
20150524,2015-05-24,7.473905146079367,10.742529995114772,3.882333001042886,"{""type"":""MultiPoint"",""coordinates"":[]}"
20150525,2015-05-25,7.412904433815779,10.801975112397448,3.7470611612227374,"{""type"":""MultiPoint"",""coordinates"":[]}"
20150526,2015-05-26,7.603872444396116,10.931466085962397,4.020026388844878,"{""type"":""MultiPoint"",""coordinates"":[]}"
20150527,2015-05-27,7.229986425998025,10.77593583852753,3.439744012203978,"{""type"":""MultiPoint"",""coordinates"":[]}"
20150528,2015-05-28,7.568680448763527,10.949777858903971,3.625781427215723,"{""type"":""MultiPoint"",""coordinates"":[]}"
20150529,2015-05-29,8.460703684644754,11.603292229332837,4.901275797349134,"{""type"":""MultiPoint"",""coordinates"":[]}"
20150530,2015-05-30,8.972764331199519,11.945679832297827,5.651958004922441,"{""type"":""MultiPoint"",""coordinates"":[]}"
20150531,2015-05-31,9.013319501891653,11.979307431199919,6.028366493863359,"{""type"":""MultiPoint"",""coordinates"":[]}"
20150601,2015-06-01,9.147850368522604,11.896774285043369,6.2168304706645845,"{""type"":""MultiPoint"",""coordinates"":[]}"
20150602,2015-06-02,9.576086274686716,12.103210885242335,6.786953920360955,"{""type"":""MultiPoint"",""coordinates"":[]}"
20150603,2015-06-03,10.008092493025694,12.47715593087538,7.228747004144868,"{""type"":""MultiPoint"",""coordinates"":[]}"
20150604,2015-06-04,10.685436747708676,13.046772614072761,8.107142076013535,"{""type"":""MultiPoint"",""coordinates"":[]}"
20150605,2015-06-05,10.75430112122864,13.149970063900472,8.289590198433837,"{""type"":""MultiPoint"",""coordinates"":[]}"
20150606,2015-06-06,10.05127228103764,12.816739659322897,7.3416534492671754,"{""type"":""MultiPoint"",""coordinates"":[]}"
20150607,2015-06-07,9.831796219213667,12.399707551076123,7.189938811118713,"{""type"":""MultiPoint"",""coordinates"":[]}"
20150608,2015-06-08,10.082711547748296,12.698083122584748,7.349993264567873,"{""type"":""MultiPoint"",""coordinates"":[]}"
20150609,2015-06-09,10.548116195535357,12.974815734206599,7.896238235465514,"{""type"":""MultiPoint"",""coordinates"":[]}"
20150610,2015-06-10,10.98677903771013,13.41772485582114,8.290504669881916,"{""type"":""MultiPoint"",""coordinates"":[]}"
20150611,2015-06-11,11.983704875844055,14.156782875112164,9.548323195596577,"{""type"":""MultiPoint"",""coordinates"":[]}"
20150612,2015-06-12,11.945944372089883,14.092313074290779,9.709781142094148,"{""type"":""MultiPoint"",""coordinates"":[]}"
20150613,2015-06-13,11.911656978439819,13.932670729667413,9.767256311701999,"{""type"":""MultiPoint"",""coordinates"":[]}"
20150614,2015-06-14,12.447381526483502,14.298725753672494,10.362725110956502,"{""type"":""MultiPoint"",""coordinates"":[]}"
20150615,2015-06-15,12.637935936759327,14.384208077351325,10.619802851435143,"{""type"":""MultiPoint"",""coordinates"":[]}"
20150616,2015-06-16,12.674371186447786,14.484593210484126,10.650527977962147,"{""type"":""MultiPoint"",""coordinates"":[]}"
20150617,2015-06-17,12.609287709806578,14.532978545226634,10.471093285351545,"{""type"":""MultiPoint"",""coordinates"":[]}"
20150618,2015-06-18,12.468747135456718,14.59772572151836,10.126396717765202,"{""type"":""MultiPoint"",""coordinates"":[]}"
20150619,2015-06-19,11.792892999253164,13.995682673240307,9.498172822316539,"{""type"":""MultiPoint"",""coordinates"":[]}"
20150620,2015-06-20,12.181403530905023,14.30565002471574,9.863227914247128,"{""type"":""MultiPoint"",""coordinates"":[]}"
20150621,2015-06-21,13.482211306708749,15.419626415497481,11.185796326890346,"{""type"":""MultiPoint"",""coordinates"":[]}"
20150622,2015-06-22,13.602712185311006,15.319266584764403,11.868684157543765,"{""type"":""MultiPoint"",""coordinates"":[]}"
20150623,2015-06-23,13.720544808710265,15.433266210999593,11.853163745678689,"{""type"":""MultiPoint"",""coordinates"":[]}"
20150624,2015-06-24,14.243498022813707,15.874979382334272,12.444696540940202,"{""type"":""MultiPoint"",""coordinates"":[]}"
20150625,2015-06-25,14.626943011308194,16.27145252219221,12.760581841790255,"{""type"":""MultiPoint"",""coordinates"":[]}"
20150626,2015-06-26,14.004438486489333,15.736460341468591,12.128027289208577,"{""type"":""MultiPoint"",""coordinates"":[]}"
20150627,2015-06-27,13.754630686304496,15.54472971997235,11.853138243655767,"{""type"":""MultiPoint"",""coordinates"":[]}"
20150628,2015-06-28,13.84886565203567,15.769410159132738,11.833947455783544,"{""type"":""MultiPoint"",""coordinates"":[]}"
20150629,2015-06-29,14.044503927864001,15.945936444084364,12.002941762315945,"{""type"":""MultiPoint"",""coordinates"":[]}"
20150630,2015-06-30,14.50350621178166,16.122311343632113,12.815579458891836,"{""type"":""MultiPoint"",""coordinates"":[]}"
20150701,2015-07-01,14.684845062686671,16.30059271765488,13.06647262075144,"{""type"":""MultiPoint"",""coordinates"":[]}"
20150702,2015-07-02,14.612323059273425,16.28997430433875,12.843668223608534,"{""type"":""MultiPoint"",""coordinates"":[]}"
20150703,2015-07-03,13.85918156192391,15.740174051050657,11.858055883853758,"{""type"":""MultiPoint"",""coordinates"":[]}"
20150704,2015-07-04,12.58005907920459,14.70269924646189,10.496325021507928,"{""type"":""MultiPoint"",""coordinates"":[]}"
20150705,2015-07-05,12.465270702897966,14.669125587411381,10.268841623208157,"{""type"":""MultiPoint"",""coordinates"":[]}"
20150706,2015-07-06,13.313093979227625,15.310101666773239,11.20998615067198,"{""type"":""MultiPoint"",""coordinates"":[]}"
20150707,2015-07-07,14.369282098293075,16.02243122822802,12.629602661501016,"{""type"":""MultiPoint"",""coordinates"":[]}"
20150708,2015-07-08,13.9604379650353,15.63362767650808,12.201532569234748,"{""type"":""MultiPoint"",""coordinates"":[]}"
20150709,2015-07-09,13.841874231724525,15.655192078026412,12.09036287539557,"{""type"":""MultiPoint"",""coordinates"":[]}"
20150710,2015-07-10,14.537569884667949,16.17838996186483,12.706842743844385,"{""type"":""MultiPoint"",""coordinates"":[]}"
20150711,2015-07-11,14.711665178940153,16.246633733770036,13.15601952327764,"{""type"":""MultiPoint"",""coordinates"":[]}"
20150712,2015-07-12,14.793250707106315,16.34932497291697,13.164346189186402,"{""type"":""MultiPoint"",""coordinates"":[]}"
20150713,2015-07-13,15.016287717795043,16.815592209894742,13.199903016189534,"{""type"":""MultiPoint"",""coordinates"":[]}"
20150714,2015-07-14,14.393256990389036,16.19235092841856,12.582826030523663,"{""type"":""MultiPoint"",""coordinates"":[]}"
20150715,2015-07-15,13.570230716058381,15.389233474423452,11.716189029128188,"{""type"":""MultiPoint"",""coordinates"":[]}"
20150716,2015-07-16,13.148192702523993,14.928358773535036,11.37485822072641,"{""type"":""MultiPoint"",""coordinates"":[]}"
20150717,2015-07-17,13.34040730629961,14.993626606479404,11.738394336795942,"{""type"":""MultiPoint"",""coordinates"":[]}"
20150718,2015-07-18,13.649895622517588,15.262465313972776,12.075064284917286,"{""type"":""MultiPoint"",""coordinates"":[]}"
20150719,2015-07-19,14.012246865022895,15.630638105217084,12.461129586618727,"{""type"":""MultiPoint"",""coordinates"":[]}"
20150720,2015-07-20,14.166312599523451,15.872288450415745,12.532595473865584,"{""type"":""MultiPoint"",""coordinates"":[]}"
20150721,2015-07-21,14.10210854370093,15.84981693467699,12.57240464520892,"{""type"":""MultiPoint"",""coordinates"":[]}"
20150722,2015-07-22,14.07424383762865,15.786809988838684,12.464548347090876,"{""type"":""MultiPoint"",""coordinates"":[]}"
20150723,2015-07-23,13.633866580781591,15.475769917846858,11.955647767748367,"{""type"":""MultiPoint"",""coordinates"":[]}"
20150724,2015-07-24,13.128156711171362,15.144546859214898,11.368468826583733,"{""type"":""MultiPoint"",""coordinates"":[]}"
20150725,2015-07-25,12.984330775683222,14.954657935987997,11.235763453232606,"{""type"":""MultiPoint"",""coordinates"":[]}"
20150726,2015-07-26,13.259809702660851,15.083160428718262,11.500802776613531,"{""type"":""MultiPoint"",""coordinates"":[]}"
20150727,2015-07-27,13.652528922230276,15.418805390966561,11.976797697609788,"{""type"":""MultiPoint"",""coordinates"":[]}"
20150728,2015-07-28,14.140534489002624,15.774391751450665,12.423119184926398,"{""type"":""MultiPoint"",""coordinates"":[]}"
20150729,2015-07-29,14.502867647821509,16.09071829273758,12.78262601504863,"{""type"":""MultiPoint"",""coordinates"":[]}"
20150730,2015-07-30,14.787569270954728,16.372397281932887,13.164098593130536,"{""type"":""MultiPoint"",""coordinates"":[]}"
20150731,2015-07-31,14.727146932486626,16.260391346129776,13.269216440533677,"{""type"":""MultiPoint"",""coordinates"":[]}"
20150801,2015-08-01,14.952015386558513,16.336899059323112,13.540358857940822,"{""type"":""MultiPoint"",""coordinates"":[]}"
20150802,2015-08-02,15.297251430315198,16.690685778068207,13.905846055191693,"{""type"":""MultiPoint"",""coordinates"":[]}"
20150803,2015-08-03,15.446575327459003,16.936746772214413,14.014045786645017,"{""type"":""MultiPoint"",""coordinates"":[]}"
20150804,2015-08-04,15.254285995511776,16.89131443945472,13.745410861055392,"{""type"":""MultiPoint"",""coordinates"":[]}"
20150805,2015-08-05,15.134038062313085,16.725173285789516,13.691936173143716,"{""type"":""MultiPoint"",""coordinates"":[]}"
20150806,2015-08-06,15.13920097094807,16.62376751623113,13.65812982428226,"{""type"":""MultiPoint"",""coordinates"":[]}"
20150807,2015-08-07,15.004857773121293,16.536945461360077,13.486018840730633,"{""type"":""MultiPoint"",""coordinates"":[]}"
20150808,2015-08-08,14.674137309924257,16.439747844552898,13.043202471524085,"{""type"":""MultiPoint"",""coordinates"":[]}"
20150809,2015-08-09,14.763603389521952,16.385701867596644,13.268487740775017,"{""type"":""MultiPoint"",""coordinates"":[]}"
20150810,2015-08-10,15.192963561460337,16.7443565844935,13.67332582470297,"{""type"":""MultiPoint"",""coordinates"":[]}"
20150811,2015-08-11,15.501892755663052,17.08225699076357,14.030968178827179,"{""type"":""MultiPoint"",""coordinates"":[]}"
20150812,2015-08-12,15.637380648315181,17.055020663743175,14.280075316496925,"{""type"":""MultiPoint"",""coordinates"":[]}"
20150813,2015-08-13,15.611040633851959,17.18835397633659,14.184543775707658,"{""type"":""MultiPoint"",""coordinates"":[]}"
20150814,2015-08-14,15.59405654394363,17.157913988065946,14.208856408453057,"{""type"":""MultiPoint"",""coordinates"":[]}"
20150815,2015-08-15,15.402441754461385,17.066410237525293,13.898710234580392,"{""type"":""MultiPoint"",""coordinates"":[]}"
20150816,2015-08-16,14.938682776468154,16.506269523119904,13.507884962225898,"{""type"":""MultiPoint"",""coordinates"":[]}"
20150817,2015-08-17,14.597761995376882,16.39649800698437,12.941192090490404,"{""type"":""MultiPoint"",""coordinates"":[]}"
20150818,2015-08-18,13.800865142287407,15.604737908809469,11.999353432980397,"{""type"":""MultiPoint"",""coordinates"":[]}"
20150819,2015-08-19,12.867441694042016,14.625787005598943,11.120262536762388,"{""type"":""MultiPoint"",""coordinates"":[]}"
20150820,2015-08-20,12.516566605091297,14.273754424210448,10.836147184410452,"{""type"":""MultiPoint"",""coordinates"":[]}"
20150821,2015-08-21,12.962810841727523,14.664823512778142,11.185520778899258,"{""type"":""MultiPoint"",""coordinates"":[]}"
20150822,2015-08-22,13.463785730106586,15.250701865601982,11.62652738685653,"{""type"":""MultiPoint"",""coordinates"":[]}"
20150823,2015-08-23,13.733066360569882,15.480717656686114,11.897490825885566,"{""type"":""MultiPoint"",""coordinates"":[]}"
20150824,2015-08-24,13.72096700126248,15.327419111015258,12.04685570129744,"{""type"":""MultiPoint"",""coordinates"":[]}"
20150825,2015-08-25,13.845677263986154,15.557897256107504,12.114588685065,"{""type"":""MultiPoint"",""coordinates"":[]}"
20150826,2015-08-26,13.91597488202072,15.789611897970145,12.089371563006578,"{""type"":""MultiPoint"",""coordinates"":[]}"
20150827,2015-08-27,13.900533986323536,15.67886063282341,12.17292515235482,"{""type"":""MultiPoint"",""coordinates"":[]}"
20150828,2015-08-28,13.929490486488875,15.65607319774749,12.21577980481746,"{""type"":""MultiPoint"",""coordinates"":[]}"
20150829,2015-08-29,14.00610087879547,15.703085378157098,12.384617263186078,"{""type"":""MultiPoint"",""coordinates"":[]}"
20150830,2015-08-30,13.957348873687629,15.62618391485893,12.27422064359842,"{""type"":""MultiPoint"",""coordinates"":[]}"
20150831,2015-08-31,13.772864837202492,15.58149674989134,11.94803999018607,"{""type"":""MultiPoint"",""coordinates"":[]}"
20150901,2015-09-01,13.154998373177252,15.046192315264939,11.201513613921586,"{""type"":""MultiPoint"",""coordinates"":[]}"
20150902,2015-09-02,12.670571526341718,14.61352347971481,10.623649287472137,"{""type"":""MultiPoint"",""coordinates"":[]}"
20150903,2015-09-03,12.892097112315513,14.860437237598667,10.689640672457623,"{""type"":""MultiPoint"",""coordinates"":[]}"
20150904,2015-09-04,13.099116285616399,15.067258908059733,11.072516482378797,"{""type"":""MultiPoint"",""coordinates"":[]}"
20150905,2015-09-05,13.048552823669164,15.038093263463049,10.97732860022963,"{""type"":""MultiPoint"",""coordinates"":[]}"
20150906,2015-09-06,13.001540652641424,14.931167862722589,11.072588561849162,"{""type"":""MultiPoint"",""coordinates"":[]}"
20150907,2015-09-07,12.456314504672726,14.414793572766081,10.502187477855738,"{""type"":""MultiPoint"",""coordinates"":[]}"
20150908,2015-09-08,11.872714435616906,13.87722097079042,9.849801067448746,"{""type"":""MultiPoint"",""coordinates"":[]}"
20150909,2015-09-09,11.811229826453435,13.870295871392445,9.647390431987542,"{""type"":""MultiPoint"",""coordinates"":[]}"
20150910,2015-09-10,11.997965255702226,14.122232215556974,9.815253821150689,"{""type"":""MultiPoint"",""coordinates"":[]}"
20150911,2015-09-11,11.895368431649654,13.990874380335628,9.805392728819571,"{""type"":""MultiPoint"",""coordinates"":[]}"
20150912,2015-09-12,11.88451668750192,14.14675184166247,9.639765514194867,"{""type"":""MultiPoint"",""coordinates"":[]}"
20150913,2015-09-13,11.741115151166765,13.950416392729522,9.540318875270007,"{""type"":""MultiPoint"",""coordinates"":[]}"
20150914,2015-09-14,11.7964517663114,13.992336149017735,9.491654259764598,"{""type"":""MultiPoint"",""coordinates"":[]}"
20150915,2015-09-15,11.968683924626829,14.127973197229645,9.743082980758142,"{""type"":""MultiPoint"",""coordinates"":[]}"
20150916,2015-09-16,11.986596398269366,14.029003426942264,9.835237905420806,"{""type"":""MultiPoint"",""coordinates"":[]}"
20150917,2015-09-17,12.035615218716572,14.154692654164643,9.873553376381642,"{""type"":""MultiPoint"",""coordinates"":[]}"
20150918,2015-09-18,12.124699729463401,14.325436974021311,9.81990806770391,"{""type"":""MultiPoint"",""coordinates"":[]}"
20150919,2015-09-19,12.490869872291697,14.44719625354267,10.313625883330118,"{""type"":""MultiPoint"",""coordinates"":[]}"
20150920,2015-09-20,12.903095551109907,14.628246614339853,10.97969663091235,"{""type"":""MultiPoint"",""coordinates"":[]}"
20150921,2015-09-21,12.767357880806399,14.524436092641027,10.895369294702514,"{""type"":""MultiPoint"",""coordinates"":[]}"
20150922,2015-09-22,13.048314558954853,14.706490177672336,11.173381621022175,"{""type"":""MultiPoint"",""coordinates"":[]}"
20150923,2015-09-23,12.762373401822822,14.605738825429881,10.635097519599322,"{""type"":""MultiPoint"",""coordinates"":[]}"
20150924,2015-09-24,11.4034868399902,13.44428084698179,9.209000195955227,"{""type"":""MultiPoint"",""coordinates"":[]}"
20150925,2015-09-25,10.761317563064411,12.8193264983889,8.50589513177314,"{""type"":""MultiPoint"",""coordinates"":[]}"
20150926,2015-09-26,10.481327732671941,12.596700119804877,8.023031800969626,"{""type"":""MultiPoint"",""coordinates"":[]}"
20150927,2015-09-27,10.206724093123977,12.324592274240027,7.873948280147068,"{""type"":""MultiPoint"",""coordinates"":[]}"
20150928,2015-09-28,9.715467660359007,12.102283208628648,7.237126474410815,"{""type"":""MultiPoint"",""coordinates"":[]}"
20150929,2015-09-29,9.36214644000486,11.872912994477375,6.703541331956396,"{""type"":""MultiPoint"",""coordinates"":[]}"
20150930,2015-09-30,8.894040313315582,11.605520515225429,6.102097201071301,"{""type"":""MultiPoint"",""coordinates"":[]}"
20151001,2015-10-01,8.875660806439967,11.70866008052291,5.993254828061317,"{""type"":""MultiPoint"",""coordinates"":[]}"
20151002,2015-10-02,8.582490909521528,11.352759244766279,5.841641473348643,"{""type"":""MultiPoint"",""coordinates"":[]}"
20151003,2015-10-03,8.293702963683993,11.077996023946762,5.471284061861315,"{""type"":""MultiPoint"",""coordinates"":[]}"
20151004,2015-10-04,8.567678795006733,11.30045360218672,5.663919133413665,"{""type"":""MultiPoint"",""coordinates"":[]}"
20151005,2015-10-05,8.284482917639806,11.109557333188027,5.4899443261393595,"{""type"":""MultiPoint"",""coordinates"":[]}"
20151006,2015-10-06,7.833918022921831,10.56664884123333,5.011148746668887,"{""type"":""MultiPoint"",""coordinates"":[]}"
20151007,2015-10-07,7.916224819766363,10.56915334334654,5.0670567123146535,"{""type"":""MultiPoint"",""coordinates"":[]}"
20151008,2015-10-08,7.785890423095428,10.43161267166754,5.0968539092625775,"{""type"":""MultiPoint"",""coordinates"":[]}"
20151009,2015-10-09,7.192795444627014,9.995002628907136,4.400451266117109,"{""type"":""MultiPoint"",""coordinates"":[]}"
20151010,2015-10-10,6.882079293849243,9.582063305006745,4.106504911260195,"{""type"":""MultiPoint"",""coordinates"":[]}"
20151011,2015-10-11,6.937738323694127,9.734285798188596,4.107505854415302,"{""type"":""MultiPoint"",""coordinates"":[]}"
20151012,2015-10-12,7.0466302447925795,9.690273248285497,4.285991846195012,"{""type"":""MultiPoint"",""coordinates"":[]}"
20151013,2015-10-13,6.704750043416259,9.422475597585171,3.9923788860508997,"{""type"":""MultiPoint"",""coordinates"":[]}"
20151014,2015-10-14,6.824899587494465,9.620444992240364,3.942615428548736,"{""type"":""MultiPoint"",""coordinates"":[]}"
20151015,2015-10-15,7.651906691080505,10.131523971524576,4.813523227821265,"{""type"":""MultiPoint"",""coordinates"":[]}"
20151016,2015-10-16,7.685247982034403,10.225759242663507,4.972456828906971,"{""type"":""MultiPoint"",""coordinates"":[]}"
20151017,2015-10-17,6.811504744491623,9.608537015065934,3.922810446459201,"{""type"":""MultiPoint"",""coordinates"":[]}"
20151018,2015-10-18,6.775763811322974,9.537879960375385,3.8931823922900466,"{""type"":""MultiPoint"",""coordinates"":[]}"
20151019,2015-10-19,7.026878755975186,9.61902814811376,4.170223235686496,"{""type"":""MultiPoint"",""coordinates"":[]}"
20151020,2015-10-20,6.589002676956165,9.379830932425888,3.5628386086456674,"{""type"":""MultiPoint"",""coordinates"":[]}"
20151021,2015-10-21,5.773008261073459,8.72566788333442,2.7726788558117477,"{""type"":""MultiPoint"",""coordinates"":[]}"
20151022,2015-10-22,5.161729707873223,8.078117895333014,2.2187368158708938,"{""type"":""MultiPoint"",""coordinates"":[]}"
20151023,2015-10-23,4.61397267295099,7.591168948771198,1.588603831438776,"{""type"":""MultiPoint"",""coordinates"":[]}"
20151024,2015-10-24,4.988170255713702,7.988680891036044,1.7934461419337362,"{""type"":""MultiPoint"",""coordinates"":[]}"
20151025,2015-10-25,5.876351758718514,8.367556972886277,3.174449187225811,"{""type"":""MultiPoint"",""coordinates"":[]}"
20151026,2015-10-26,5.484939986786607,8.02317199937318,2.6563932755311703,"{""type"":""MultiPoint"",""coordinates"":[]}"
20151027,2015-10-27,4.047870920594681,7.068452010432931,1.0047945297197427,"{""type"":""MultiPoint"",""coordinates"":[]}"
20151028,2015-10-28,3.131477367161561,6.141012051844828,0.13795503377339294,"{""type"":""MultiPoint"",""coordinates"":[]}"
20151029,2015-10-29,3.8387580488241717,6.570358825877162,0.7471291422572558,"{""type"":""MultiPoint"",""coordinates"":[]}"
20151030,2015-10-30,4.585376134787832,6.9622065664886685,2.1006204184163804,"{""type"":""MultiPoint"",""coordinates"":[]}"
20151031,2015-10-31,4.515358620857304,6.777668762440341,2.160085451105211,"{""type"":""MultiPoint"",""coordinates"":[]}"
20151101,2015-11-01,4.6703316771764145,6.89624569742961,2.2213128890001492,"{""type"":""MultiPoint"",""coordinates"":[]}"
20151102,2015-11-02,5.279630788599557,7.382158598870999,2.9014755530389285,"{""type"":""MultiPoint"",""coordinates"":[]}"
20151103,2015-11-03,5.444827859015051,7.561074299196329,3.0959929057614444,"{""type"":""MultiPoint"",""coordinates"":[]}"
20151104,2015-11-04,4.9811221595373,7.373513803411357,2.363373216626915,"{""type"":""MultiPoint"",""coordinates"":[]}"
20151105,2015-11-05,4.071340750714804,6.675909579289284,1.2582371223580413,"{""type"":""MultiPoint"",""coordinates"":[]}"
20151106,2015-11-06,2.88565942504114,5.733388032883386,-0.08792072977106616,"{""type"":""MultiPoint"",""coordinates"":[]}"
20151107,2015-11-07,2.0695261369541598,5.0058644304555955,-1.0918845248179119,"{""type"":""MultiPoint"",""coordinates"":[]}"
20151108,2015-11-08,2.6876033168650264,5.245126251115592,-0.21068790859489117,"{""type"":""MultiPoint"",""coordinates"":[]}"
20151109,2015-11-09,3.388218596422092,5.789803518973797,0.6830187495631449,"{""type"":""MultiPoint"",""coordinates"":[]}"
20151110,2015-11-10,3.6551761427121585,6.105013248631549,0.8646195038851928,"{""type"":""MultiPoint"",""coordinates"":[]}"
20151111,2015-11-11,2.9710095086001056,5.549673500696997,0.3369943831977509,"{""type"":""MultiPoint"",""coordinates"":[]}"
20151112,2015-11-12,2.963162050898467,5.578007178404743,0.11263093184646843,"{""type"":""MultiPoint"",""coordinates"":[]}"
20151113,2015-11-13,3.8420721972444714,6.320857282654143,0.7687572047146228,"{""type"":""MultiPoint"",""coordinates"":[]}"
20151114,2015-11-14,3.235350554877748,5.943869001086357,0.34411853478832427,"{""type"":""MultiPoint"",""coordinates"":[]}"
20151115,2015-11-15,2.733954149870219,5.371018471107976,0.016828739903954754,"{""type"":""MultiPoint"",""coordinates"":[]}"
20151116,2015-11-16,1.6761455442574937,4.6696575369993765,-1.3912337542299913,"{""type"":""MultiPoint"",""coordinates"":[]}"
20151117,2015-11-17,0.04696087009377762,3.0823995652769565,-2.873845544743486,"{""type"":""MultiPoint"",""coordinates"":[]}"
20151118,2015-11-18,-0.3341393772861087,2.672272175302264,-3.605566382400976,"{""type"":""MultiPoint"",""coordinates"":[]}"
20151119,2015-11-19,0.6286964136680959,3.255707117767752,-2.462433033496997,"{""type"":""MultiPoint"",""coordinates"":[]}"
20151120,2015-11-20,1.2358468620272842,3.8450296678946256,-1.4340867763608227,"{""type"":""MultiPoint"",""coordinates"":[]}"
20151121,2015-11-21,1.3168779217041813,3.858298956210368,-1.3102506438746364,"{""type"":""MultiPoint"",""coordinates"":[]}"
20151122,2015-11-22,1.6969240828057546,4.173933123061541,-1.0237356808109328,"{""type"":""MultiPoint"",""coordinates"":[]}"
20151123,2015-11-23,2.9314125784213005,5.22982760738119,0.3214315974131127,"{""type"":""MultiPoint"",""coordinates"":[]}"
20151124,2015-11-24,2.5722932006780006,4.97459408653193,0.15148973156747256,"{""type"":""MultiPoint"",""coordinates"":[]}"
20151125,2015-11-25,1.7405127965237002,4.151380985407797,-0.8416579824373039,"{""type"":""MultiPoint"",""coordinates"":[]}"
20151126,2015-11-26,1.2594513362216575,4.063136247732624,-2.1737754053970955,"{""type"":""MultiPoint"",""coordinates"":[]}"
20151127,2015-11-27,1.0185305441464578,3.7408046081941353,-2.161335648215519,"{""type"":""MultiPoint"",""coordinates"":[]}"
20151128,2015-11-28,0.7679491797061457,3.5270768134930623,-2.1764005022091015,"{""type"":""MultiPoint"",""coordinates"":[]}"
20151129,2015-11-29,1.5082070099551224,4.07090685472697,-1.2093730970147478,"{""type"":""MultiPoint"",""coordinates"":[]}"
20151130,2015-11-30,1.7387976889020065,4.1972769782886585,-0.6960345952878274,"{""type"":""MultiPoint"",""coordinates"":[]}"
20151201,2015-12-01,1.1102303003732568,3.553523024161856,-1.3771483174843848,"{""type"":""MultiPoint"",""coordinates"":[]}"
20151202,2015-12-02,0.9288741783830711,3.3585015936399523,-1.6199482246768295,"{""type"":""MultiPoint"",""coordinates"":[]}"
20151203,2015-12-03,0.4670467301544233,3.2004343505533916,-2.3484038015100173,"{""type"":""MultiPoint"",""coordinates"":[]}"
20151204,2015-12-04,0.4524293503010713,3.224517150203685,-2.5566762940839736,"{""type"":""MultiPoint"",""coordinates"":[]}"
20151205,2015-12-05,0.7176107842568258,3.396599697066185,-2.0782024021414465,"{""type"":""MultiPoint"",""coordinates"":[]}"
20151206,2015-12-06,0.5632305819047939,3.148903972313506,-2.2305239157641816,"{""type"":""MultiPoint"",""coordinates"":[]}"
20151207,2015-12-07,0.4996006060437071,3.1012572315381597,-2.2049385087047715,"{""type"":""MultiPoint"",""coordinates"":[]}"
20151208,2015-12-08,0.2047761996945278,2.6837264567705246,-2.3905803884503682,"{""type"":""MultiPoint"",""coordinates"":[]}"
20151209,2015-12-09,0.7564661281456493,3.3431165797082594,-2.0515187211280446,"{""type"":""MultiPoint"",""coordinates"":[]}"
20151210,2015-12-10,1.078270406844492,3.792847503378693,-2.0562685184650698,"{""type"":""MultiPoint"",""coordinates"":[]}"
20151211,2015-12-11,-0.3373714518802822,2.6647732954891477,-3.6311084373629128,"{""type"":""MultiPoint"",""coordinates"":[]}"
20151212,2015-12-12,-1.9680246793389244,1.0926565144917737,-5.176790800078164,"{""type"":""MultiPoint"",""coordinates"":[]}"
20151213,2015-12-13,-2.6672812799989662,-0.007240472245631543,-5.542303392131247,"{""type"":""MultiPoint"",""coordinates"":[]}"
20151214,2015-12-14,-3.213158973258258,-0.7300018205377512,-5.865948820033861,"{""type"":""MultiPoint"",""coordinates"":[]}"
20151215,2015-12-15,-4.127002800656373,-1.4484673804215489,-7.044884884444879,"{""type"":""MultiPoint"",""coordinates"":[]}"
20151216,2015-12-16,-4.024666308015904,-1.1938170368925973,-7.243625463354328,"{""type"":""MultiPoint"",""coordinates"":[]}"
20151217,2015-12-17,-3.1485316025527053,-0.3608873596919189,-6.378353471496951,"{""type"":""MultiPoint"",""coordinates"":[]}"
20151218,2015-12-18,-4.130213793409697,-1.2478580232355605,-7.1200978644913455,"{""type"":""MultiPoint"",""coordinates"":[]}"
20151219,2015-12-19,-4.482238952806086,-1.7924837080529303,-7.558227161964252,"{""type"":""MultiPoint"",""coordinates"":[]}"
20151220,2015-12-20,-3.631623187631835,-1.0795134614431907,-6.661208230419316,"{""type"":""MultiPoint"",""coordinates"":[]}"
20151221,2015-12-21,-4.0519718724825795,-1.5443783322779083,-6.938535582248901,"{""type"":""MultiPoint"",""coordinates"":[]}"
20151222,2015-12-22,-3.3314175572963887,-0.927323849022176,-6.160854581221662,"{""type"":""MultiPoint"",""coordinates"":[]}"
20151223,2015-12-23,-3.5575737675198833,-1.0385520529644925,-6.440808028206278,"{""type"":""MultiPoint"",""coordinates"":[]}"
20151224,2015-12-24,-4.946859327157005,-2.0688355133547534,-8.059385613691212,"{""type"":""MultiPoint"",""coordinates"":[]}"
20151225,2015-12-25,-6.192583493459908,-2.9628889529404496,-9.87723947707475,"{""type"":""MultiPoint"",""coordinates"":[]}"
20151226,2015-12-26,-4.445646632815182,-1.7750588501070304,-8.069014161428633,"{""type"":""MultiPoint"",""coordinates"":[]}"
20151227,2015-12-27,-2.3314722926729163,0.20761647012046636,-5.201141892287669,"{""type"":""MultiPoint"",""coordinates"":[]}"
20151228,2015-12-28,-2.1924651825160884,0.9068341527235151,-5.458758843250288,"{""type"":""MultiPoint"",""coordinates"":[]}"
20151229,2015-12-29,-2.9558337700254214,-0.12106713224657072,-5.9484892850316635,"{""type"":""MultiPoint"",""coordinates"":[]}"
20151230,2015-12-30,-2.8287922652490187,0.2217911783081076,-6.053211871637755,"{""type"":""MultiPoint"",""coordinates"":[]}"
20151231,2015-12-31,-2.9491531873653365,0.1715893069850829,-6.17628853854192,"{""type"":""MultiPoint"",""coordinates"":[]}"
20160101,2016-01-01,-3.473735434064221,-0.425918166582689,-6.881001268392672,"{""type"":""MultiPoint"",""coordinates"":[]}"
20160102,2016-01-02,-2.6797916437135414,0.2811673871400184,-6.105188315714891,"{""type"":""MultiPoint"",""coordinates"":[]}"
20160103,2016-01-03,-2.832914168501382,0.21499856924847352,-5.93018774079058,"{""type"":""MultiPoint"",""coordinates"":[]}"
20160104,2016-01-04,-2.182332892972667,0.5876076202905937,-5.449703019116587,"{""type"":""MultiPoint"",""coordinates"":[]}"
20160105,2016-01-05,-1.2823490739389038,1.550049211691816,-4.602984748162051,"{""type"":""MultiPoint"",""coordinates"":[]}"
20160106,2016-01-06,-1.8350217442353813,1.178715812187222,-5.038894165574298,"{""type"":""MultiPoint"",""coordinates"":[]}"
20160107,2016-01-07,-1.7491907691557242,0.9390652994360577,-4.823199566518969,"{""type"":""MultiPoint"",""coordinates"":[]}"
20160108,2016-01-08,-2.015528129503283,0.7581773113612987,-5.0791157879807995,"{""type"":""MultiPoint"",""coordinates"":[]}"
20160109,2016-01-09,-3.7417797836469093,-0.2572482484818181,-7.258141207492653,"{""type"":""MultiPoint"",""coordinates"":[]}"
20160110,2016-01-10,-4.462526969643189,-1.470652646347123,-7.906988384997652,"{""type"":""MultiPoint"",""coordinates"":[]}"
20160111,2016-01-11,-3.592515264437998,-0.803264626750207,-6.623814483738865,"{""type"":""MultiPoint"",""coordinates"":[]}"
20160112,2016-01-12,-2.858181220763536,-0.09453445672119382,-6.076372026688068,"{""type"":""MultiPoint"",""coordinates"":[]}"
20160113,2016-01-13,-2.6436554752889747,0.09867764786009911,-5.782218209098632,"{""type"":""MultiPoint"",""coordinates"":[]}"
20160114,2016-01-14,-2.6426818349380734,0.2602410921211926,-5.940096805917947,"{""type"":""MultiPoint"",""coordinates"":[]}"
20160115,2016-01-15,-2.1945519622128993,0.47221731151501123,-5.612222024492888,"{""type"":""MultiPoint"",""coordinates"":[]}"
20160116,2016-01-16,-3.5052182231920934,-0.4718736938679168,-6.643131921502076,"{""type"":""MultiPoint"",""coordinates"":[]}"
20160117,2016-01-17,-3.7237071201998244,-0.9086851032020562,-6.885432984862301,"{""type"":""MultiPoint"",""coordinates"":[]}"
20160118,2016-01-18,-3.0519900389791537,-0.2525801681208102,-6.433246171919961,"{""type"":""MultiPoint"",""coordinates"":[]}"
20160119,2016-01-19,-2.563305072435874,0.5310140027142155,-6.338814601359471,"{""type"":""MultiPoint"",""coordinates"":[]}"
20160120,2016-01-20,-4.0676756491605595,-0.7356516073688574,-7.4401663190932315,"{""type"":""MultiPoint"",""coordinates"":[]}"
20160121,2016-01-21,-4.98554224090701,-1.9030831601416753,-8.392437578642426,"{""type"":""MultiPoint"",""coordinates"":[]}"
20160122,2016-01-22,-5.936893280739021,-3.1847832084505523,-8.776045884615927,"{""type"":""MultiPoint"",""coordinates"":[]}"
20160123,2016-01-23,-6.14421452752499,-3.4161826619871904,-8.94113935904268,"{""type"":""MultiPoint"",""coordinates"":[]}"
20160124,2016-01-24,-5.600681890384099,-2.805020725943344,-8.86228123054159,"{""type"":""MultiPoint"",""coordinates"":[]}"
20160125,2016-01-25,-4.345355366459687,-1.6974826768447495,-7.571974759977689,"{""type"":""MultiPoint"",""coordinates"":[]}"
20160126,2016-01-26,-2.6790432196114606,-0.08344930765635483,-5.963009989799623,"{""type"":""MultiPoint"",""coordinates"":[]}"
20160127,2016-01-27,-1.981608264577929,0.5245618839021238,-4.81026825877042,"{""type"":""MultiPoint"",""coordinates"":[]}"
20160128,2016-01-28,-2.25152191751321,0.39544902269784526,-5.307923286439253,"{""type"":""MultiPoint"",""coordinates"":[]}"
20160129,2016-01-29,-1.176473362012805,1.586651613634317,-4.478396290136331,"{""type"":""MultiPoint"",""coordinates"":[]}"
20160130,2016-01-30,-0.988745001427095,1.8235925595555464,-4.1986057693470595,"{""type"":""MultiPoint"",""coordinates"":[]}"
20160131,2016-01-31,-1.7746851771734713,1.3849754692355343,-5.316992595496985,"{""type"":""MultiPoint"",""coordinates"":[]}"
20160201,2016-02-01,-3.1305244849801253,0.2694287140457787,-6.644481028202747,"{""type"":""MultiPoint"",""coordinates"":[]}"
20160202,2016-02-02,-4.052064124124692,-0.9727230093897005,-7.387365426466424,"{""type"":""MultiPoint"",""coordinates"":[]}"
20160203,2016-02-03,-4.8886637178922605,-1.667555969900607,-8.264506623063578,"{""type"":""MultiPoint"",""coordinates"":[]}"
20160204,2016-02-04,-4.677493826986516,-1.6050979258373275,-8.263849888992153,"{""type"":""MultiPoint"",""coordinates"":[]}"
20160205,2016-02-05,-3.057640519218344,-0.15089731466138315,-6.346662120516479,"{""type"":""MultiPoint"",""coordinates"":[]}"
20160206,2016-02-06,-2.0113986203071392,0.9277530941021956,-5.482472275885471,"{""type"":""MultiPoint"",""coordinates"":[]}"
20160207,2016-02-07,-1.2157845366770847,1.9086009057897702,-4.811730435355646,"{""type"":""MultiPoint"",""coordinates"":[]}"
20160208,2016-02-08,-1.069381550765615,2.0237458831978095,-4.498411273797288,"{""type"":""MultiPoint"",""coordinates"":[]}"
20160209,2016-02-09,-1.410632683127233,1.5498055258119126,-4.714839378368106,"{""type"":""MultiPoint"",""coordinates"":[]}"
20160210,2016-02-10,-1.277916903567255,1.745724990777858,-4.753616978304376,"{""type"":""MultiPoint"",""coordinates"":[]}"
20160211,2016-02-11,-1.9439791756257894,1.0332315336991609,-5.232181081595799,"{""type"":""MultiPoint"",""coordinates"":[]}"
20160212,2016-02-12,-2.3087885792359506,0.5914485430787677,-5.518203014329949,"{""type"":""MultiPoint"",""coordinates"":[]}"
20160213,2016-02-13,-2.071157236812266,0.7110002523417313,-5.1451871711483435,"{""type"":""MultiPoint"",""coordinates"":[]}"
20160214,2016-02-14,-2.4709478175682285,0.5002799321303155,-5.686859223669097,"{""type"":""MultiPoint"",""coordinates"":[]}"
20160215,2016-02-15,-2.4613253017141608,0.3840399872460009,-5.7586094828181755,"{""type"":""MultiPoint"",""coordinates"":[]}"
20160216,2016-02-16,-2.1820476932793738,0.875124086360868,-5.521505235176055,"{""type"":""MultiPoint"",""coordinates"":[]}"
20160217,2016-02-17,-2.4155244205647453,0.7623716626230731,-5.78396623351057,"{""type"":""MultiPoint"",""coordinates"":[]}"
20160218,2016-02-18,-0.9881063116527712,2.1812959456818115,-4.582940085800886,"{""type"":""MultiPoint"",""coordinates"":[]}"
20160219,2016-02-19,1.472149535837581,4.4462429515740505,-2.251178308215311,"{""type"":""MultiPoint"",""coordinates"":[]}"
20160220,2016-02-20,2.7222604192442854,6.097302900902206,-1.4180284528161073,"{""type"":""MultiPoint"",""coordinates"":[]}"
20160221,2016-02-21,-0.20140800985653695,3.827032969809715,-4.193228577801553,"{""type"":""MultiPoint"",""coordinates"":[]}"
20160222,2016-02-22,-1.4735893999982728,1.9055488105865843,-5.195522663280762,"{""type"":""MultiPoint"",""coordinates"":[]}"
20160223,2016-02-23,-2.2341128800686074,1.1104453947627484,-5.939334947952089,"{""type"":""MultiPoint"",""coordinates"":[]}"
20160224,2016-02-24,-2.9428832504039595,0.5991059274425066,-6.763779024587894,"{""type"":""MultiPoint"",""coordinates"":[]}"
20160225,2016-02-25,-3.3401274192773722,0.2605991920883857,-6.993389586822523,"{""type"":""MultiPoint"",""coordinates"":[]}"
20160226,2016-02-26,-2.370807294696542,0.8334144358481436,-5.948421637392854,"{""type"":""MultiPoint"",""coordinates"":[]}"
20160227,2016-02-27,-2.130304634644149,1.1310826497128144,-5.520449560963468,"{""type"":""MultiPoint"",""coordinates"":[]}"
20160228,2016-02-28,-1.774902892427116,1.4103024789273626,-5.153266080966041,"{""type"":""MultiPoint"",""coordinates"":[]}"
20160229,2016-02-29,-0.9503158294943626,2.4663955399739215,-4.677930831316106,"{""type"":""MultiPoint"",""coordinates"":[]}"
20160301,2016-03-01,-0.17406121445474076,2.9130547941284446,-3.5648987783299226,"{""type"":""MultiPoint"",""coordinates"":[]}"
20160302,2016-03-02,-0.1300965281268772,3.053623749326908,-3.8114730001500923,"{""type"":""MultiPoint"",""coordinates"":[]}"
20160303,2016-03-03,1.0751979630842026,4.192253171187432,-2.7938102840960757,"{""type"":""MultiPoint"",""coordinates"":[]}"
20160304,2016-03-04,0.13853508296774417,3.9435982376695367,-3.571608345173561,"{""type"":""MultiPoint"",""coordinates"":[]}"
20160305,2016-03-05,0.7389717615727102,4.124014361554859,-3.241452816080705,"{""type"":""MultiPoint"",""coordinates"":[]}"
20160306,2016-03-06,1.9427458593860059,5.057988700234303,-1.851454927636225,"{""type"":""MultiPoint"",""coordinates"":[]}"
20160307,2016-03-07,1.5119680456228124,4.568046847229073,-1.8398426581173153,"{""type"":""MultiPoint"",""coordinates"":[]}"
20160308,2016-03-08,1.3023441852777082,4.345112631901541,-2.0818440806539913,"{""type"":""MultiPoint"",""coordinates"":[]}"
20160309,2016-03-09,1.1902932828789972,4.170157531688387,-2.0546083696372266,"{""type"":""MultiPoint"",""coordinates"":[]}"
20160310,2016-03-10,1.6050901097856132,4.49073596220948,-1.714013305687554,"{""type"":""MultiPoint"",""coordinates"":[]}"
20160311,2016-03-11,2.677113375585054,5.650616472615187,-0.9148456148509319,"{""type"":""MultiPoint"",""coordinates"":[]}"
20160312,2016-03-12,3.3907259984677403,6.371026291584645,0.02606710455388229,"{""type"":""MultiPoint"",""coordinates"":[]}"
20160313,2016-03-13,3.359623034067198,6.284472219227163,0.13484944163747498,"{""type"":""MultiPoint"",""coordinates"":[]}"
20160314,2016-03-14,2.664593371923322,5.551372462776344,-0.411035003051433,"{""type"":""MultiPoint"",""coordinates"":[]}"
20160315,2016-03-15,1.3539446912713209,4.777462413645424,-2.1349378915202504,"{""type"":""MultiPoint"",""coordinates"":[]}"
20160316,2016-03-16,-0.5736494188935741,3.465655121941821,-4.494797727745538,"{""type"":""MultiPoint"",""coordinates"":[]}"
20160317,2016-03-17,0.8362339194835857,4.677054709075745,-3.8764324337751166,"{""type"":""MultiPoint"",""coordinates"":[]}"
20160318,2016-03-18,2.5498446184619232,5.705045466011864,-1.0591960052577878,"{""type"":""MultiPoint"",""coordinates"":[]}"
20160319,2016-03-19,1.9739808150252087,5.388594360989518,-1.5462265988148023,"{""type"":""MultiPoint"",""coordinates"":[]}"
20160320,2016-03-20,1.5047755532683975,4.847730205162847,-2.0857276240979945,"{""type"":""MultiPoint"",""coordinates"":[]}"
20160321,2016-03-21,0.10478797709889631,4.444349781166063,-4.027348151586331,"{""type"":""MultiPoint"",""coordinates"":[]}"
20160322,2016-03-22,-1.4508036822335055,2.7108466877946538,-5.5949883082706195,"{""type"":""MultiPoint"",""coordinates"":[]}"
20160323,2016-03-23,-2.707164984105382,2.053045054303917,-7.290930090824817,"{""type"":""MultiPoint"",""coordinates"":[]}"
20160324,2016-03-24,-1.107135438553735,3.115589141682814,-6.0698421008693,"{""type"":""MultiPoint"",""coordinates"":[]}"
20160325,2016-03-25,1.2056131593007,4.902960605981336,-2.919544908441059,"{""type"":""MultiPoint"",""coordinates"":[]}"
20160326,2016-03-26,2.348670907929895,6.023113753509939,-1.836331594699949,"{""type"":""MultiPoint"",""coordinates"":[]}"
20160327,2016-03-27,2.8957639086303417,6.3876282023985045,-0.9773596633890747,"{""type"":""MultiPoint"",""coordinates"":[]}"
20160328,2016-03-28,2.561307728037717,6.154912571135203,-1.2477776188261325,"{""type"":""MultiPoint"",""coordinates"":[]}"
20160329,2016-03-29,1.940059284453982,5.667633830142094,-2.025087326183041,"{""type"":""MultiPoint"",""coordinates"":[]}"
20160330,2016-03-30,2.8579515295007365,6.46995972955704,-1.061380316823424,"{""type"":""MultiPoint"",""coordinates"":[]}"
20160331,2016-03-31,3.288841041648618,6.7705776321449855,-0.5773867648848188,"{""type"":""MultiPoint"",""coordinates"":[]}"
20160401,2016-04-01,3.927068674311122,7.348903780410214,0.10793797414762475,"{""type"":""MultiPoint"",""coordinates"":[]}"
20160402,2016-04-02,5.174391547879516,8.219835104272487,1.6712004915872987,"{""type"":""MultiPoint"",""coordinates"":[]}"
20160403,2016-04-03,5.668741040288074,8.68338562048531,2.167960612308052,"{""type"":""MultiPoint"",""coordinates"":[]}"
20160404,2016-04-04,5.544575498443305,8.531676086025264,2.3180062071605683,"{""type"":""MultiPoint"",""coordinates"":[]}"
20160405,2016-04-05,4.642267809421063,8.054663670408088,0.8996246470363463,"{""type"":""MultiPoint"",""coordinates"":[]}"
20160406,2016-04-06,4.809410600133182,7.706215198520381,1.3478492159126523,"{""type"":""MultiPoint"",""coordinates"":[]}"
20160407,2016-04-07,4.364489620390134,7.635259849174029,0.7374952391568784,"{""type"":""MultiPoint"",""coordinates"":[]}"
20160408,2016-04-08,3.6447566625580636,7.0954490876351715,0.13285840188982226,"{""type"":""MultiPoint"",""coordinates"":[]}"
20160409,2016-04-09,3.1384171770196296,6.490741154870512,-0.36383062950708156,"{""type"":""MultiPoint"",""coordinates"":[]}"
20160410,2016-04-10,3.667757864466477,6.741361003834347,0.30626029281974826,"{""type"":""MultiPoint"",""coordinates"":[]}"
20160411,2016-04-11,3.7515555707358477,6.887675098600769,0.38340879562202984,"{""type"":""MultiPoint"",""coordinates"":[]}"
20160412,2016-04-12,2.9063171960918655,6.272221464222811,-0.6284324464543781,"{""type"":""MultiPoint"",""coordinates"":[]}"
20160413,2016-04-13,2.4123863194585544,6.20948094824302,-1.4780076146562482,"{""type"":""MultiPoint"",""coordinates"":[]}"
20160414,2016-04-14,2.2397835401000545,6.382458799907941,-1.823094048747392,"{""type"":""MultiPoint"",""coordinates"":[]}"
20160415,2016-04-15,2.5387608949016824,6.544795264705509,-1.831647943695467,"{""type"":""MultiPoint"",""coordinates"":[]}"
20160416,2016-04-16,3.5788281710156165,7.278852699212865,-0.2954364302789894,"{""type"":""MultiPoint"",""coordinates"":[]}"
20160417,2016-04-17,4.464847210307066,8.161324779104852,0.16842013634546713,"{""type"":""MultiPoint"",""coordinates"":[]}"
20160418,2016-04-18,5.695929159539754,9.090201428318016,1.5951477580127615,"{""type"":""MultiPoint"",""coordinates"":[]}"
20160419,2016-04-19,5.294087282295825,8.744342923697522,1.5007723715594368,"{""type"":""MultiPoint"",""coordinates"":[]}"
20160420,2016-04-20,4.893808577437596,8.12644381052339,1.1634422960018203,"{""type"":""MultiPoint"",""coordinates"":[]}"
20160421,2016-04-21,3.626252203209193,7.292262420567836,-0.4441598105511079,"{""type"":""MultiPoint"",""coordinates"":[]}"
20160422,2016-04-22,3.029298469029958,6.7848073246004885,-0.9223052122575326,"{""type"":""MultiPoint"",""coordinates"":[]}"
20160423,2016-04-23,2.3326281586936104,6.431186523649383,-1.664194301859465,"{""type"":""MultiPoint"",""coordinates"":[]}"
20160424,2016-04-24,1.8380755482815485,5.9511737228575905,-2.2964010142734743,"{""type"":""MultiPoint"",""coordinates"":[]}"
20160425,2016-04-25,2.059989545322051,5.974255058749993,-2.2167532008478443,"{""type"":""MultiPoint"",""coordinates"":[]}"
20160426,2016-04-26,2.8433590591342264,6.616902912017656,-1.1708149891685788,"{""type"":""MultiPoint"",""coordinates"":[]}"
20160427,2016-04-27,2.909137709253848,6.694879554289665,-0.9525232388303434,"{""type"":""MultiPoint"",""coordinates"":[]}"
20160428,2016-04-28,2.9820524000505033,6.780748040058994,-0.9553403915082975,"{""type"":""MultiPoint"",""coordinates"":[]}"
20160429,2016-04-29,3.037115339763204,7.0388665767104746,-1.166078153618992,"{""type"":""MultiPoint"",""coordinates"":[]}"
20160430,2016-04-30,2.7167999387553468,6.997345246230947,-1.6096862894533592,"{""type"":""MultiPoint"",""coordinates"":[]}"
20160501,2016-05-01,3.0737244899230447,7.358025209373923,-1.5203981360139174,"{""type"":""MultiPoint"",""coordinates"":[]}"
20160502,2016-05-02,4.0096670881566805,7.89458815431031,-0.24525584483587015,"{""type"":""MultiPoint"",""coordinates"":[]}"
20160503,2016-05-03,5.597049290046162,9.055316942351153,1.2950203975412578,"{""type"":""MultiPoint"",""coordinates"":[]}"
20160504,2016-05-04,7.037447727527568,10.105991995357616,3.21161418685034,"{""type"":""MultiPoint"",""coordinates"":[]}"
20160505,2016-05-05,8.20082045415988,11.10720354719994,4.680988483507289,"{""type"":""MultiPoint"",""coordinates"":[]}"
20160506,2016-05-06,8.093721364806534,10.975782118223554,4.812932930203656,"{""type"":""MultiPoint"",""coordinates"":[]}"
20160507,2016-05-07,7.42341336026157,10.485974200124193,4.126229949494379,"{""type"":""MultiPoint"",""coordinates"":[]}"
20160508,2016-05-08,6.867791634541881,10.093059176572009,3.3193715394641328,"{""type"":""MultiPoint"",""coordinates"":[]}"
20160509,2016-05-09,6.870250704197114,10.214098581903103,3.3037337923486527,"{""type"":""MultiPoint"",""coordinates"":[]}"
20160510,2016-05-10,8.100078946498654,11.246277930935504,4.453547358602161,"{""type"":""MultiPoint"",""coordinates"":[]}"
20160511,2016-05-11,9.202147141778756,11.952882923910261,5.954913141332149,"{""type"":""MultiPoint"",""coordinates"":[]}"
20160512,2016-05-12,9.61658742047298,12.367414089645225,6.471172615533871,"{""type"":""MultiPoint"",""coordinates"":[]}"
20160513,2016-05-13,8.814923007361937,11.689837293003231,5.641744250520167,"{""type"":""MultiPoint"",""coordinates"":[]}"
20160514,2016-05-14,8.152943536071033,11.08665306951797,4.963728665297013,"{""type"":""MultiPoint"",""coordinates"":[]}"
20160515,2016-05-15,8.193669422766234,11.088399194314519,4.875994469711797,"{""type"":""MultiPoint"",""coordinates"":[]}"
20160516,2016-05-16,7.697771744284479,10.890936106342092,4.209687371634648,"{""type"":""MultiPoint"",""coordinates"":[]}"
20160517,2016-05-17,7.462568295384869,10.665470087475445,4.010910689016442,"{""type"":""MultiPoint"",""coordinates"":[]}"
20160518,2016-05-18,7.311750539883069,10.653639875409889,3.648184055190556,"{""type"":""MultiPoint"",""coordinates"":[]}"
20160519,2016-05-19,8.281726102745973,11.349031343274609,4.809422032394046,"{""type"":""MultiPoint"",""coordinates"":[]}"
20160520,2016-05-20,8.85542578502227,11.837886721167614,5.438788573368594,"{""type"":""MultiPoint"",""coordinates"":[]}"
20160521,2016-05-21,8.64747736219609,11.635656832671145,5.342832494793927,"{""type"":""MultiPoint"",""coordinates"":[]}"
20160522,2016-05-22,7.502717406347756,11.150557768953123,3.8985645168287304,"{""type"":""MultiPoint"",""coordinates"":[]}"
20160523,2016-05-23,8.780074377386324,11.891771261322203,5.188050086341718,"{""type"":""MultiPoint"",""coordinates"":[]}"
20160524,2016-05-24,10.164071723953791,12.900298372205409,6.763637147897585,"{""type"":""MultiPoint"",""coordinates"":[]}"
20160525,2016-05-25,9.874343562487859,12.53288224083755,6.954555802155603,"{""type"":""MultiPoint"",""coordinates"":[]}"
20160526,2016-05-26,9.689790485128212,12.27067219247652,6.82410176724481,"{""type"":""MultiPoint"",""coordinates"":[]}"
20160527,2016-05-27,9.28311617485427,12.139906764080727,6.116153476923102,"{""type"":""MultiPoint"",""coordinates"":[]}"
20160528,2016-05-28,9.471530814317475,12.20234961947161,6.424294880038902,"{""type"":""MultiPoint"",""coordinates"":[]}"
20160529,2016-05-29,10.192850670794794,12.765831440414914,7.211331714305936,"{""type"":""MultiPoint"",""coordinates"":[]}"
20160530,2016-05-30,10.311975806101437,12.785059141578193,7.495680951876433,"{""type"":""MultiPoint"",""coordinates"":[]}"
20160531,2016-05-31,9.858024598928605,12.609930273589477,6.793596582154239,"{""type"":""MultiPoint"",""coordinates"":[]}"
20160601,2016-06-01,8.817539018899136,11.926021864442763,5.579459060992289,"{""type"":""MultiPoint"",""coordinates"":[]}"
20160602,2016-06-02,8.966782763952448,11.836966716156219,5.892115601037696,"{""type"":""MultiPoint"",""coordinates"":[]}"
20160603,2016-06-03,9.948590180639112,12.600250954770257,6.928206848367628,"{""type"":""MultiPoint"",""coordinates"":[]}"
20160604,2016-06-04,10.190747672943207,12.946114700345042,7.223750333693354,"{""type"":""MultiPoint"",""coordinates"":[]}"
20160605,2016-06-05,10.477237063662407,13.154500095595045,7.557832598488198,"{""type"":""MultiPoint"",""coordinates"":[]}"
20160606,2016-06-06,10.947110859266513,13.57864885852452,8.312518768043109,"{""type"":""MultiPoint"",""coordinates"":[]}"
20160607,2016-06-07,11.271482879691947,13.728823959355068,8.635195311727813,"{""type"":""MultiPoint"",""coordinates"":[]}"
20160608,2016-06-08,11.966362573230807,14.25637823723104,9.515568086993346,"{""type"":""MultiPoint"",""coordinates"":[]}"
20160609,2016-06-09,12.193267691385746,14.29671166499021,9.972094540235744,"{""type"":""MultiPoint"",""coordinates"":[]}"
20160610,2016-06-10,12.47247655269192,14.49007698625762,10.184721042905357,"{""type"":""MultiPoint"",""coordinates"":[]}"
20160611,2016-06-11,12.768006200519391,14.819314649872068,10.612159161466332,"{""type"":""MultiPoint"",""coordinates"":[]}"
20160612,2016-06-12,13.20944838678579,15.27483841079252,10.966965270429665,"{""type"":""MultiPoint"",""coordinates"":[]}"
20160613,2016-06-13,13.233573424689917,15.293990504409573,11.177502639442098,"{""type"":""MultiPoint"",""coordinates"":[]}"
20160614,2016-06-14,12.801454623998138,14.815461506827594,10.703832847500564,"{""type"":""MultiPoint"",""coordinates"":[]}"
20160615,2016-06-15,12.484647220339816,14.634610222648512,10.305687577213709,"{""type"":""MultiPoint"",""coordinates"":[]}"
20160616,2016-06-16,13.12385473480097,15.233080026913832,10.804674730491525,"{""type"":""MultiPoint"",""coordinates"":[]}"
20160617,2016-06-17,13.597264348094997,15.637727102022932,11.443510908052657,"{""type"":""MultiPoint"",""coordinates"":[]}"
20160618,2016-06-18,13.756467658230656,15.70368491577704,11.810629788474495,"{""type"":""MultiPoint"",""coordinates"":[]}"
20160619,2016-06-19,14.05483950177901,15.890927129894791,12.172565477115995,"{""type"":""MultiPoint"",""coordinates"":[]}"
20160620,2016-06-20,13.991459759798976,15.751172578998588,12.263894446484647,"{""type"":""MultiPoint"",""coordinates"":[]}"
20160621,2016-06-21,14.40577280142402,16.145311485272142,12.641484605166982,"{""type"":""MultiPoint"",""coordinates"":[]}"
20160622,2016-06-22,14.748945430808062,16.427556294920414,13.176456775672877,"{""type"":""MultiPoint"",""coordinates"":[]}"
20160623,2016-06-23,14.57370923302083,16.418297482684228,12.808016226016667,"{""type"":""MultiPoint"",""coordinates"":[]}"
20160624,2016-06-24,14.202179512889659,16.07677940497351,12.396203444705536,"{""type"":""MultiPoint"",""coordinates"":[]}"
20160625,2016-06-25,14.137496392588321,15.984037045852373,12.263504694508319,"{""type"":""MultiPoint"",""coordinates"":[]}"
20160626,2016-06-26,14.269690951236832,16.042635497636653,12.509076594390978,"{""type"":""MultiPoint"",""coordinates"":[]}"
20160627,2016-06-27,14.594856914591368,16.380236005346756,12.916323834474396,"{""type"":""MultiPoint"",""coordinates"":[]}"
20160628,2016-06-28,15.142304138695623,16.898578939785548,13.463861116449811,"{""type"":""MultiPoint"",""coordinates"":[]}"
20160629,2016-06-29,15.294667352721875,16.98213532669788,13.648456666194265,"{""type"":""MultiPoint"",""coordinates"":[]}"
20160630,2016-06-30,14.910759561823724,16.50150574040287,13.422769941609571,"{""type"":""MultiPoint"",""coordinates"":[]}"
20160701,2016-07-01,14.52733340344137,16.277262154983486,12.917815267732035,"{""type"":""MultiPoint"",""coordinates"":[]}"
20160702,2016-07-02,14.571442419061965,16.163716362215766,12.995123224293284,"{""type"":""MultiPoint"",""coordinates"":[]}"
20160703,2016-07-03,15.316224226510169,16.817205821298185,13.792202554141841,"{""type"":""MultiPoint"",""coordinates"":[]}"
20160704,2016-07-04,15.48580984825253,17.01385545653504,14.019082501577122,"{""type"":""MultiPoint"",""coordinates"":[]}"
20160705,2016-07-05,15.455774018697895,17.026808761067027,13.98038898255164,"{""type"":""MultiPoint"",""coordinates"":[]}"
20160706,2016-07-06,15.48521017184911,17.077254765051617,13.937368325586451,"{""type"":""MultiPoint"",""coordinates"":[]}"
20160707,2016-07-07,15.431350592000614,17.05124435393209,13.91002810695553,"{""type"":""MultiPoint"",""coordinates"":[]}"
20160708,2016-07-08,15.394976969406782,17.10457269973083,13.772559437520554,"{""type"":""MultiPoint"",""coordinates"":[]}"
20160709,2016-07-09,15.505699818758897,17.06577504140438,13.993872991956586,"{""type"":""MultiPoint"",""coordinates"":[]}"
20160710,2016-07-10,15.593879950982142,17.13247926781903,14.191171430360775,"{""type"":""MultiPoint"",""coordinates"":[]}"
20160711,2016-07-11,15.66288377153021,17.145842330827502,14.351850445432396,"{""type"":""MultiPoint"",""coordinates"":[]}"
20160712,2016-07-12,15.628757917532068,17.08339720931506,14.24787407222555,"{""type"":""MultiPoint"",""coordinates"":[]}"
20160713,2016-07-13,15.011101441766854,16.623510538779225,13.485176190228232,"{""type"":""MultiPoint"",""coordinates"":[]}"
20160714,2016-07-14,14.660316464987572,16.430406591640505,13.121702260778877,"{""type"":""MultiPoint"",""coordinates"":[]}"
20160715,2016-07-15,15.039785300993445,16.728460318251567,13.45662813755498,"{""type"":""MultiPoint"",""coordinates"":[]}"
20160716,2016-07-16,15.31617865769106,16.78796247255982,13.75543842601916,"{""type"":""MultiPoint"",""coordinates"":[]}"
20160717,2016-07-17,15.513514831998906,16.914003031313577,14.183819033961672,"{""type"":""MultiPoint"",""coordinates"":[]}"
20160718,2016-07-18,15.450738811993816,16.920260366976137,14.085832943004426,"{""type"":""MultiPoint"",""coordinates"":[]}"
20160719,2016-07-19,15.351532606976653,16.838311422813494,13.869864081794884,"{""type"":""MultiPoint"",""coordinates"":[]}"
20160720,2016-07-20,15.108190852067574,16.875241260526273,13.380065242597885,"{""type"":""MultiPoint"",""coordinates"":[]}"
20160721,2016-07-21,14.377599224495464,16.191172350895357,12.635804206386945,"{""type"":""MultiPoint"",""coordinates"":[]}"
20160722,2016-07-22,14.723427616830408,16.457828535046314,13.066465976345702,"{""type"":""MultiPoint"",""coordinates"":[]}"
20160723,2016-07-23,14.683278660600008,16.342430162580005,13.124776848406626,"{""type"":""MultiPoint"",""coordinates"":[]}"
20160724,2016-07-24,14.400743465550793,16.117483160884696,12.840466458583835,"{""type"":""MultiPoint"",""coordinates"":[]}"
20160725,2016-07-25,14.232365353399034,15.994624507764632,12.602173324313663,"{""type"":""MultiPoint"",""coordinates"":[]}"
20160726,2016-07-26,14.349766796632306,15.993094228119563,12.771130589391126,"{""type"":""MultiPoint"",""coordinates"":[]}"
20160727,2016-07-27,14.676835732196208,16.20280183546551,13.205569149052423,"{""type"":""MultiPoint"",""coordinates"":[]}"
20160728,2016-07-28,15.144761748216597,16.759583838619115,13.676896048279529,"{""type"":""MultiPoint"",""coordinates"":[]}"
20160729,2016-07-29,15.279426333641874,16.739182179013685,13.918638777387656,"{""type"":""MultiPoint"",""coordinates"":[]}"
20160730,2016-07-30,15.495036558892544,16.988547847530487,14.175874553101096,"{""type"":""MultiPoint"",""coordinates"":[]}"
20160731,2016-07-31,15.394221878937891,17.043914704187426,13.926739881328624,"{""type"":""MultiPoint"",""coordinates"":[]}"
20160801,2016-08-01,14.89561044249355,16.765507656369678,13.252528556913923,"{""type"":""MultiPoint"",""coordinates"":[]}"
20160802,2016-08-02,14.914165610636616,16.55969077552347,13.361798424032258,"{""type"":""MultiPoint"",""coordinates"":[]}"
20160803,2016-08-03,15.394304157116895,16.91657326546096,13.868082455601714,"{""type"":""MultiPoint"",""coordinates"":[]}"
20160804,2016-08-04,15.791942990448272,17.315678531359566,14.36942636478851,"{""type"":""MultiPoint"",""coordinates"":[]}"
20160805,2016-08-05,16.005496326302524,17.559781612145674,14.64542131952403,"{""type"":""MultiPoint"",""coordinates"":[]}"
20160806,2016-08-06,15.882472765973915,17.39983370843973,14.53443889263092,"{""type"":""MultiPoint"",""coordinates"":[]}"
20160807,2016-08-07,15.7524698040241,17.233664395704047,14.44123657741006,"{""type"":""MultiPoint"",""coordinates"":[]}"
20160808,2016-08-08,15.809851168401735,17.292015127928412,14.436644592296743,"{""type"":""MultiPoint"",""coordinates"":[]}"
20160809,2016-08-09,15.651955090117934,17.098127363108723,14.332086936922076,"{""type"":""MultiPoint"",""coordinates"":[]}"
20160810,2016-08-10,15.5319882133997,16.900926842897295,14.264211474476227,"{""type"":""MultiPoint"",""coordinates"":[]}"
20160811,2016-08-11,15.685872198286223,17.080063467529676,14.38210651897197,"{""type"":""MultiPoint"",""coordinates"":[]}"
20160812,2016-08-12,15.81318899742626,17.30587325836454,14.457910702837658,"{""type"":""MultiPoint"",""coordinates"":[]}"
20160813,2016-08-13,15.718961754139405,17.273682188677334,14.339221172878677,"{""type"":""MultiPoint"",""coordinates"":[]}"
20160814,2016-08-14,15.576745051841778,17.119780584976173,14.164215101879886,"{""type"":""MultiPoint"",""coordinates"":[]}"
20160815,2016-08-15,15.402113816078847,16.986484532198613,13.960453239230622,"{""type"":""MultiPoint"",""coordinates"":[]}"
20160816,2016-08-16,14.980242332001989,16.592626823240547,13.482042083215507,"{""type"":""MultiPoint"",""coordinates"":[]}"
20160817,2016-08-17,14.80085159956765,16.317363196771996,13.30785976830906,"{""type"":""MultiPoint"",""coordinates"":[]}"
20160818,2016-08-18,15.072302478415835,16.59419125147894,13.567482346525695,"{""type"":""MultiPoint"",""coordinates"":[]}"
20160819,2016-08-19,14.893745960435938,16.44529634470904,13.329815828265161,"{""type"":""MultiPoint"",""coordinates"":[]}"
20160820,2016-08-20,15.113330665031889,16.782955357526767,13.407039935227651,"{""type"":""MultiPoint"",""coordinates"":[]}"
20160821,2016-08-21,15.116024969914958,16.757239452133042,13.324615195417344,"{""type"":""MultiPoint"",""coordinates"":[]}"
20160822,2016-08-22,15.06105553894795,16.654136999596847,13.35835073719953,"{""type"":""MultiPoint"",""coordinates"":[]}"
20160823,2016-08-23,15.423934354913772,17.00926496370286,13.82841900715465,"{""type"":""MultiPoint"",""coordinates"":[]}"
20160824,2016-08-24,15.672930040223239,17.360432411064373,14.062049253816266,"{""type"":""MultiPoint"",""coordinates"":[]}"
20160825,2016-08-25,15.83374191606262,17.3616784139568,14.39927999419182,"{""type"":""MultiPoint"",""coordinates"":[]}"
20160826,2016-08-26,15.810876164990418,17.37364427360597,14.347424648509948,"{""type"":""MultiPoint"",""coordinates"":[]}"
20160827,2016-08-27,15.78338812243134,17.231382741974162,14.331026414708429,"{""type"":""MultiPoint"",""coordinates"":[]}"
20160828,2016-08-28,15.770581483121804,17.24106151153015,14.292393745879984,"{""type"":""MultiPoint"",""coordinates"":[]}"
20160829,2016-08-29,15.646810610643142,17.198284413042465,14.20419678728047,"{""type"":""MultiPoint"",""coordinates"":[]}"
20160830,2016-08-30,15.57516921286471,17.106976752794427,14.207379193094036,"{""type"":""MultiPoint"",""coordinates"":[]}"
20160831,2016-08-31,15.303405598320888,16.80662418204073,14.043642144452024,"{""type"":""MultiPoint"",""coordinates"":[]}"
20160901,2016-09-01,15.08188802439873,16.548524127447184,13.812921165960981,"{""type"":""MultiPoint"",""coordinates"":[]}"
20160902,2016-09-02,14.74327491617837,16.41697906640852,13.284584854612856,"{""type"":""MultiPoint"",""coordinates"":[]}"
20160903,2016-09-03,13.918947024789246,15.63152608497635,12.292518070479359,"{""type"":""MultiPoint"",""coordinates"":[]}"
20160904,2016-09-04,13.633566988335016,15.35862396122511,11.900579286561369,"{""type"":""MultiPoint"",""coordinates"":[]}"
20160905,2016-09-05,13.158691519848976,14.734798526038308,11.517849086021855,"{""type"":""MultiPoint"",""coordinates"":[]}"
20160906,2016-09-06,13.293832363302698,15.024777660923775,11.449354076948987,"{""type"":""MultiPoint"",""coordinates"":[]}"
20160907,2016-09-07,13.0873650039726,14.847929493892792,11.303339042599099,"{""type"":""MultiPoint"",""coordinates"":[]}"
20160908,2016-09-08,12.887625087235664,14.757872623390847,10.925013086737113,"{""type"":""MultiPoint"",""coordinates"":[]}"
20160909,2016-09-09,12.680800570356668,14.638759907218239,10.67880799772724,"{""type"":""MultiPoint"",""coordinates"":[]}"
20160910,2016-09-10,12.749131480831958,14.58824078760557,10.807188143650402,"{""type"":""MultiPoint"",""coordinates"":[]}"
20160911,2016-09-11,13.229166581422751,15.022978105593321,11.289567120124664,"{""type"":""MultiPoint"",""coordinates"":[]}"
20160912,2016-09-12,13.23023765112425,15.017063181225636,11.34749776061666,"{""type"":""MultiPoint"",""coordinates"":[]}"
20160913,2016-09-13,13.353126139520374,15.147142570726425,11.474891372012966,"{""type"":""MultiPoint"",""coordinates"":[]}"
20160914,2016-09-14,13.360482047336376,15.050353386774043,11.598820289748259,"{""type"":""MultiPoint"",""coordinates"":[]}"
20160915,2016-09-15,13.402893746143434,15.288004418979387,11.497093946638076,"{""type"":""MultiPoint"",""coordinates"":[]}"
20160916,2016-09-16,13.12189700714234,15.12831391743028,11.189311293582307,"{""type"":""MultiPoint"",""coordinates"":[]}"
20160917,2016-09-17,12.627861725796757,14.646910557956826,10.669248060418868,"{""type"":""MultiPoint"",""coordinates"":[]}"
20160918,2016-09-18,12.518421670845271,14.379495616326464,10.590521914459195,"{""type"":""MultiPoint"",""coordinates"":[]}"
20160919,2016-09-19,12.153800966028754,14.269800253608272,9.969047626955062,"{""type"":""MultiPoint"",""coordinates"":[]}"
20160920,2016-09-20,11.81884379791345,13.946377823163779,9.736844098441567,"{""type"":""MultiPoint"",""coordinates"":[]}"
20160921,2016-09-21,12.590356295583216,14.442821816214328,10.345556292706442,"{""type"":""MultiPoint"",""coordinates"":[]}"
20160922,2016-09-22,12.675195581922848,14.556514390017913,10.765983752983322,"{""type"":""MultiPoint"",""coordinates"":[]}"
20160923,2016-09-23,11.987410675165167,13.828530835730705,10.022774476706507,"{""type"":""MultiPoint"",""coordinates"":[]}"
20160924,2016-09-24,11.684237130989333,13.578895853000459,9.607838629388068,"{""type"":""MultiPoint"",""coordinates"":[]}"
20160925,2016-09-25,11.664322290673004,13.542716448110893,9.638490740014204,"{""type"":""MultiPoint"",""coordinates"":[]}"
20160926,2016-09-26,11.363107926679447,13.306209250089854,9.184274732888007,"{""type"":""MultiPoint"",""coordinates"":[]}"
20160927,2016-09-27,11.38140014558598,13.343358931752165,9.09776521668215,"{""type"":""MultiPoint"",""coordinates"":[]}"
20160928,2016-09-28,11.499773022998408,13.435191202265782,9.248443947722116,"{""type"":""MultiPoint"",""coordinates"":[]}"
20160929,2016-09-29,11.742327366693653,13.754989180826232,9.506999716759275,"{""type"":""MultiPoint"",""coordinates"":[]}"
20160930,2016-09-30,11.564519404386182,13.811602250165334,9.230673364947148,"{""type"":""MultiPoint"",""coordinates"":[]}"
20161001,2016-10-01,11.405648721338336,13.672832442683266,9.086713342312633,"{""type"":""MultiPoint"",""coordinates"":[]}"
20161002,2016-10-02,11.833491646348962,13.914622812969276,9.537504118064895,"{""type"":""MultiPoint"",""coordinates"":[]}"
20161003,2016-10-03,11.768138019913781,13.918483281813819,9.369925480320692,"{""type"":""MultiPoint"",""coordinates"":[]}"
20161004,2016-10-04,11.486414978617871,13.387041735439066,9.384674033673727,"{""type"":""MultiPoint"",""coordinates"":[]}"
20161005,2016-10-05,11.714674890899916,13.560563555212958,9.698782582191381,"{""type"":""MultiPoint"",""coordinates"":[]}"
20161006,2016-10-06,11.484790340051598,13.234650197264594,9.627947394096763,"{""type"":""MultiPoint"",""coordinates"":[]}"
20161007,2016-10-07,10.98181286478696,13.02244112365636,8.843792385103528,"{""type"":""MultiPoint"",""coordinates"":[]}"
20161008,2016-10-08,10.58188995185503,12.672174096055166,8.517109566109538,"{""type"":""MultiPoint"",""coordinates"":[]}"
20161009,2016-10-09,10.071014163728254,12.138395458227325,7.938144808049174,"{""type"":""MultiPoint"",""coordinates"":[]}"
20161010,2016-10-10,9.406608997517074,11.64884989985717,7.108519838980163,"{""type"":""MultiPoint"",""coordinates"":[]}"
20161011,2016-10-11,8.454089653156506,10.800432396589871,5.994435000256717,"{""type"":""MultiPoint"",""coordinates"":[]}"
20161012,2016-10-12,7.940897235630812,10.286992524525488,5.248188564296575,"{""type"":""MultiPoint"",""coordinates"":[]}"
20161013,2016-10-13,7.815497766276011,10.5043976138976,4.922772992337324,"{""type"":""MultiPoint"",""coordinates"":[]}"
20161014,2016-10-14,6.668770483015091,9.64895151445424,3.3901393693403725,"{""type"":""MultiPoint"",""coordinates"":[]}"
20161015,2016-10-15,6.080532881534825,9.058135749458337,2.7781890978333332,"{""type"":""MultiPoint"",""coordinates"":[]}"
20161016,2016-10-16,5.693657213788683,8.747313193991294,2.3959712686787724,"{""type"":""MultiPoint"",""coordinates"":[]}"
20161017,2016-10-17,5.819181387827668,8.67681585614635,2.6231881697263684,"{""type"":""MultiPoint"",""coordinates"":[]}"
20161018,2016-10-18,5.6855913196565995,8.613898470711618,2.6072754742418365,"{""type"":""MultiPoint"",""coordinates"":[]}"
20161019,2016-10-19,5.878946002001031,8.639190386791928,2.8638307601962896,"{""type"":""MultiPoint"",""coordinates"":[]}"
20161020,2016-10-20,5.8447934716731,8.509044613604875,3.025750414945207,"{""type"":""MultiPoint"",""coordinates"":[]}"
20161021,2016-10-21,5.6896220660452235,8.372836793806773,2.8167297726178533,"{""type"":""MultiPoint"",""coordinates"":[]}"
20161022,2016-10-22,5.024776684823031,7.826160085186317,2.1690530533708934,"{""type"":""MultiPoint"",""coordinates"":[]}"
20161023,2016-10-23,4.493928620360535,7.365633535965513,1.5191538111927083,"{""type"":""MultiPoint"",""coordinates"":[]}"
20161024,2016-10-24,4.6415804708698225,7.356721448726862,1.6268748220668139,"{""type"":""MultiPoint"",""coordinates"":[]}"
20161025,2016-10-25,4.741610498017703,7.330230779761491,1.9940414851125214,"{""type"":""MultiPoint"",""coordinates"":[]}"
20161026,2016-10-26,4.409736062841943,7.245364891187897,1.354739835004129,"{""type"":""MultiPoint"",""coordinates"":[]}"
20161027,2016-10-27,3.33245415948243,6.346061841182313,0.34116325327355757,"{""type"":""MultiPoint"",""coordinates"":[]}"
20161028,2016-10-28,2.2407846054525966,5.470583714914142,-1.0439709563194088,"{""type"":""MultiPoint"",""coordinates"":[]}"
20161029,2016-10-29,2.799296073838893,5.608844989877433,-0.39374872781426923,"{""type"":""MultiPoint"",""coordinates"":[]}"
20161030,2016-10-30,3.3135167818121585,6.1816994130257825,0.26401588807085513,"{""type"":""MultiPoint"",""coordinates"":[]}"
20161031,2016-10-31,3.7770983125466686,6.511287430931482,0.8410322541580482,"{""type"":""MultiPoint"",""coordinates"":[]}"
20161101,2016-11-01,3.7631846098530723,6.377812066837963,0.9380040625456488,"{""type"":""MultiPoint"",""coordinates"":[]}"
20161102,2016-11-02,3.748364893167747,6.309432717433284,1.0541797778027242,"{""type"":""MultiPoint"",""coordinates"":[]}"
20161103,2016-11-03,3.771170745929012,6.566335479952747,0.892766677799236,"{""type"":""MultiPoint"",""coordinates"":[]}"
20161104,2016-11-04,3.3887649794351717,6.253396872320305,0.34852647124779107,"{""type"":""MultiPoint"",""coordinates"":[]}"
20161105,2016-11-05,2.726004916998743,5.614357745114848,-0.36996116512982075,"{""type"":""MultiPoint"",""coordinates"":[]}"
20161106,2016-11-06,1.9779821218952975,5.022786566594973,-1.2554516099145634,"{""type"":""MultiPoint"",""coordinates"":[]}"
20161107,2016-11-07,1.4176005079126468,4.522118354430298,-1.7413100779159054,"{""type"":""MultiPoint"",""coordinates"":[]}"
20161108,2016-11-08,0.39842827972820327,3.8211512053835546,-3.1250660256355416,"{""type"":""MultiPoint"",""coordinates"":[]}"
20161109,2016-11-09,-0.027768160674046347,3.2791013884514686,-3.3451489302000654,"{""type"":""MultiPoint"",""coordinates"":[]}"
20161110,2016-11-10,0.7271487106307662,3.7211490417966018,-2.63227159320974,"{""type"":""MultiPoint"",""coordinates"":[]}"
20161111,2016-11-11,1.4977345669932036,4.272251220591162,-1.4976280214345485,"{""type"":""MultiPoint"",""coordinates"":[]}"
20161112,2016-11-12,1.6288422716086268,4.471331189267255,-1.2529802276683817,"{""type"":""MultiPoint"",""coordinates"":[]}"
20161113,2016-11-13,1.6083425159104672,4.240239225387225,-1.047768303450337,"{""type"":""MultiPoint"",""coordinates"":[]}"
20161114,2016-11-14,1.2096221988856508,3.9939247194997307,-1.6228657554455446,"{""type"":""MultiPoint"",""coordinates"":[]}"
20161115,2016-11-15,0.8506652771510835,3.488539037669098,-1.9809446346882602,"{""type"":""MultiPoint"",""coordinates"":[]}"
20161116,2016-11-16,0.7777132093264254,3.304954374421918,-1.9149693844369489,"{""type"":""MultiPoint"",""coordinates"":[]}"
20161117,2016-11-17,0.23677186117484683,3.0546606031834225,-2.5629340005633465,"{""type"":""MultiPoint"",""coordinates"":[]}"
20161118,2016-11-18,0.4299002820007773,3.23029698468097,-2.5536651732759688,"{""type"":""MultiPoint"",""coordinates"":[]}"
20161119,2016-11-19,0.6932730891841682,3.495863963232414,-2.262418346263701,"{""type"":""MultiPoint"",""coordinates"":[]}"
20161120,2016-11-20,0.9617109407842629,3.7176570301746157,-1.8395649979874913,"{""type"":""MultiPoint"",""coordinates"":[]}"
20161121,2016-11-21,0.9481948237722919,3.621688902484174,-1.6303221439471236,"{""type"":""MultiPoint"",""coordinates"":[]}"
20161122,2016-11-22,0.6756569347066338,3.294952004792166,-1.8367711605948065,"{""type"":""MultiPoint"",""coordinates"":[]}"
20161123,2016-11-23,0.5113067870800012,3.3059106384352797,-2.322492715667621,"{""type"":""MultiPoint"",""coordinates"":[]}"
20161124,2016-11-24,0.755802219714917,3.319589638853826,-1.8298808951357464,"{""type"":""MultiPoint"",""coordinates"":[]}"
20161125,2016-11-25,-0.08475930179277712,2.7643278489441383,-3.0161247700266975,"{""type"":""MultiPoint"",""coordinates"":[]}"
20161126,2016-11-26,0.13837956366894272,2.87837257750391,-2.9634276646556557,"{""type"":""MultiPoint"",""coordinates"":[]}"
20161127,2016-11-27,0.2251603231012989,2.9783185329806288,-2.7283363962318132,"{""type"":""MultiPoint"",""coordinates"":[]}"
20161128,2016-11-28,-0.41638772031167826,2.536496033492133,-3.457215136267521,"{""type"":""MultiPoint"",""coordinates"":[]}"
20161129,2016-11-29,0.3831072208328677,3.0068472121685192,-2.623747132633522,"{""type"":""MultiPoint"",""coordinates"":[]}"
20161130,2016-11-30,1.8458904360877515,4.224243779698352,-0.9943670147593345,"{""type"":""MultiPoint"",""coordinates"":[]}"
20161201,2016-12-01,1.759033591429046,4.377511009797351,-1.1995250915715294,"{""type"":""MultiPoint"",""coordinates"":[]}"
20161202,2016-12-02,0.18253620762286668,3.5402373264275653,-3.109995562324715,"{""type"":""MultiPoint"",""coordinates"":[]}"
20161203,2016-12-03,-0.767960317898534,2.159760602752088,-3.949632132973744,"{""type"":""MultiPoint"",""coordinates"":[]}"
20161204,2016-12-04,0.5768817507932182,3.3372027392860777,-2.7390655092232263,"{""type"":""MultiPoint"",""coordinates"":[]}"
20161205,2016-12-05,0.9093902983938954,3.633119538298854,-2.0669078271634382,"{""type"":""MultiPoint"",""coordinates"":[]}"
20161206,2016-12-06,0.20967647600891728,3.0565328949566863,-2.6754669336303616,"{""type"":""MultiPoint"",""coordinates"":[]}"
20161207,2016-12-07,0.055836402940998675,2.760672685767884,-2.6344633581876162,"{""type"":""MultiPoint"",""coordinates"":[]}"
20161208,2016-12-08,-0.21072497061282291,2.768539523757446,-3.226631546913277,"{""type"":""MultiPoint"",""coordinates"":[]}"
20161209,2016-12-09,-0.5082825696884989,2.43544194813857,-3.4538189747396197,"{""type"":""MultiPoint"",""coordinates"":[]}"
20161210,2016-12-10,-0.1427998281970885,2.6507658132273804,-3.24331772085878,"{""type"":""MultiPoint"",""coordinates"":[]}"
20161211,2016-12-11,-0.006400387557705537,2.745680814134611,-3.154256806850673,"{""type"":""MultiPoint"",""coordinates"":[]}"
20161212,2016-12-12,-0.2873593531520595,2.5526549713485447,-3.4500485817103055,"{""type"":""MultiPoint"",""coordinates"":[]}"
20161213,2016-12-13,-0.22311957453046075,2.529593585239982,-3.2215274386362878,"{""type"":""MultiPoint"",""coordinates"":[]}"
20161214,2016-12-14,-0.6486849232164144,2.010107023347252,-3.5565128297199693,"{""type"":""MultiPoint"",""coordinates"":[]}"
20161215,2016-12-15,-1.8061568809172326,1.2619982925380988,-4.998929741792425,"{""type"":""MultiPoint"",""coordinates"":[]}"
20161216,2016-12-16,-0.9544982841079548,1.7153586062088417,-4.048603454096421,"{""type"":""MultiPoint"",""coordinates"":[]}"
20161217,2016-12-17,-0.8369822167753875,1.9272827063225537,-3.5017890831821887,"{""type"":""MultiPoint"",""coordinates"":[]}"
20161218,2016-12-18,-1.330823812937386,1.1604252686134566,-3.822021479323976,"{""type"":""MultiPoint"",""coordinates"":[]}"
20161219,2016-12-19,-1.4532911805265882,1.0030347848676735,-3.9650230882784934,"{""type"":""MultiPoint"",""coordinates"":[]}"
20161220,2016-12-20,-2.4319279767202735,0.4858256316163986,-5.264195537027636,"{""type"":""MultiPoint"",""coordinates"":[]}"
20161221,2016-12-21,-2.9431331757763743,0.1170600658206372,-6.039737963530513,"{""type"":""MultiPoint"",""coordinates"":[]}"
20161222,2016-12-22,-2.00453422818119,0.9683906122085063,-5.404494170526342,"{""type"":""MultiPoint"",""coordinates"":[]}"
20161223,2016-12-23,-0.988007795753002,1.5901384558773635,-3.8211881628858273,"{""type"":""MultiPoint"",""coordinates"":[]}"
20161224,2016-12-24,-0.568331665733834,2.118853859731365,-3.6675787883249074,"{""type"":""MultiPoint"",""coordinates"":[]}"
20161225,2016-12-25,-1.6368022807335305,1.5808899152978766,-5.123272474460648,"{""type"":""MultiPoint"",""coordinates"":[]}"
20161226,2016-12-26,-3.3683789308753957,0.031258762195215034,-6.855069579372817,"{""type"":""MultiPoint"",""coordinates"":[]}"
20161227,2016-12-27,-2.724843747260164,0.2523712573311301,-6.36563782595268,"{""type"":""MultiPoint"",""coordinates"":[]}"
20161228,2016-12-28,-1.4623507846320103,1.2347424729061671,-4.51366674013526,"{""type"":""MultiPoint"",""coordinates"":[]}"
20161229,2016-12-29,-0.9243893623246856,1.865853701934956,-3.9433508186553876,"{""type"":""MultiPoint"",""coordinates"":[]}"
20161230,2016-12-30,-0.3491893461544169,2.324519010573728,-3.454250133070017,"{""type"":""MultiPoint"",""coordinates"":[]}"
20161231,2016-12-31,-0.48544641667701455,2.132299075601093,-3.4419990976670176,"{""type"":""MultiPoint"",""coordinates"":[]}"
20170101,2017-01-01,-0.6107191905507672,1.9240399928500087,-3.4785454877100848,"{""type"":""MultiPoint"",""coordinates"":[]}"
20170102,2017-01-02,-0.7556760242684073,1.8504400946418413,-3.640019923695814,"{""type"":""MultiPoint"",""coordinates"":[]}"
20170103,2017-01-03,-1.22829479313221,1.486876205342699,-4.162154791042024,"{""type"":""MultiPoint"",""coordinates"":[]}"
20170104,2017-01-04,-1.597092340571285,1.1208051021256806,-4.804108535302923,"{""type"":""MultiPoint"",""coordinates"":[]}"
20170105,2017-01-05,-1.8757500007689454,0.7854842072573385,-4.806809650028672,"{""type"":""MultiPoint"",""coordinates"":[]}"
20170106,2017-01-06,-2.1664838058155267,0.6163305347227781,-5.372692108778442,"{""type"":""MultiPoint"",""coordinates"":[]}"
20170107,2017-01-07,-2.238234340259454,0.46877105187986273,-5.409321352647875,"{""type"":""MultiPoint"",""coordinates"":[]}"
20170108,2017-01-08,-2.7626788513898797,0.11625131123059161,-5.844905148553455,"{""type"":""MultiPoint"",""coordinates"":[]}"
20170109,2017-01-09,-3.88693522840304,-1.2029741522559985,-6.7422425661930525,"{""type"":""MultiPoint"",""coordinates"":[]}"
20170110,2017-01-10,-4.748155372533541,-1.9126033912643157,-7.806181108317399,"{""type"":""MultiPoint"",""coordinates"":[]}"
20170111,2017-01-11,-6.132491111222389,-3.255665631881877,-9.19927636005277,"{""type"":""MultiPoint"",""coordinates"":[]}"
20170112,2017-01-12,-7.065100665463412,-4.164908785749096,-10.141201949554297,"{""type"":""MultiPoint"",""coordinates"":[]}"
20170113,2017-01-13,-6.749083797768877,-4.158428216837578,-9.684122703020552,"{""type"":""MultiPoint"",""coordinates"":[]}"
20170114,2017-01-14,-6.011576945403976,-3.170450956717492,-9.281393566948344,"{""type"":""MultiPoint"",""coordinates"":[]}"
20170115,2017-01-15,-3.6597827089972292,-0.9631531053423188,-7.374937515538574,"{""type"":""MultiPoint"",""coordinates"":[]}"
20170116,2017-01-16,-3.2652163918949673,-0.6471610397141175,-6.279789320069387,"{""type"":""MultiPoint"",""coordinates"":[]}"
20170117,2017-01-17,-3.0536869824423576,-0.6113188560242012,-5.95177840369138,"{""type"":""MultiPoint"",""coordinates"":[]}"
20170118,2017-01-18,-2.9303706031341386,-0.3642586609299573,-5.852673575976557,"{""type"":""MultiPoint"",""coordinates"":[]}"
20170119,2017-01-19,-3.2448268160807605,-0.5387544826969858,-6.288541156113797,"{""type"":""MultiPoint"",""coordinates"":[]}"
20170120,2017-01-20,-4.377607495597747,-1.3542429611050744,-7.532578897297794,"{""type"":""MultiPoint"",""coordinates"":[]}"
20170121,2017-01-21,-2.627416715072791,0.2836027566798964,-6.468059387735249,"{""type"":""MultiPoint"",""coordinates"":[]}"
20170122,2017-01-22,-1.116720655185933,1.5868706041529832,-4.391116266140616,"{""type"":""MultiPoint"",""coordinates"":[]}"
20170123,2017-01-23,-1.5209038816661056,1.38447998697127,-4.804095251280575,"{""type"":""MultiPoint"",""coordinates"":[]}"
20170124,2017-01-24,-1.1853122496574784,1.395980847278212,-4.329812956484693,"{""type"":""MultiPoint"",""coordinates"":[]}"
20170125,2017-01-25,-0.023390555939575546,2.460305514451999,-2.86534792226002,"{""type"":""MultiPoint"",""coordinates"":[]}"
20170126,2017-01-26,0.40323478154393577,3.022226375072808,-2.5017186554323927,"{""type"":""MultiPoint"",""coordinates"":[]}"
20170127,2017-01-27,0.3348025154234106,3.1240117031796095,-3.0582880421126917,"{""type"":""MultiPoint"",""coordinates"":[]}"
20170128,2017-01-28,-1.1335045053901895,2.116112833607758,-4.625787377706167,"{""type"":""MultiPoint"",""coordinates"":[]}"
20170129,2017-01-29,-0.9098674434916515,1.7575356844336805,-4.1273704230830806,"{""type"":""MultiPoint"",""coordinates"":[]}"
20170130,2017-01-30,-0.5893766771385797,2.235382982515998,-3.7629623319326537,"{""type"":""MultiPoint"",""coordinates"":[]}"
20170131,2017-01-31,-0.9162437013761398,1.9829505610965403,-4.398813280149467,"{""type"":""MultiPoint"",""coordinates"":[]}"
20170201,2017-02-01,-1.9339173805311085,1.2174442123909768,-5.194867819544986,"{""type"":""MultiPoint"",""coordinates"":[]}"
20170202,2017-02-02,-2.0708794022470465,0.7191890705299446,-5.323292406226948,"{""type"":""MultiPoint"",""coordinates"":[]}"
20170203,2017-02-03,-1.2038867877833916,1.6819876445287234,-4.452243176807732,"{""type"":""MultiPoint"",""coordinates"":[]}"
20170204,2017-02-04,-1.0057049970773506,2.1408107875392743,-4.430295596658005,"{""type"":""MultiPoint"",""coordinates"":[]}"
20170205,2017-02-05,-1.112099735974509,2.3030414185559094,-4.780861896776075,"{""type"":""MultiPoint"",""coordinates"":[]}"
20170206,2017-02-06,-1.711866925946577,1.5066303901349105,-5.476118806505393,"{""type"":""MultiPoint"",""coordinates"":[]}"
20170207,2017-02-07,-2.8086612477078723,0.3617911570895468,-6.1635397288649525,"{""type"":""MultiPoint"",""coordinates"":[]}"
20170208,2017-02-08,-1.8789456199765386,0.8581491830669646,-5.157811669471526,"{""type"":""MultiPoint"",""coordinates"":[]}"
20170209,2017-02-09,-2.5526012024718625,0.5557681390414031,-6.188264926458155,"{""type"":""MultiPoint"",""coordinates"":[]}"
20170210,2017-02-10,-3.835194555069252,-0.47016782875089685,-7.389020583555753,"{""type"":""MultiPoint"",""coordinates"":[]}"
20170211,2017-02-11,-4.140251354580098,-0.8522100672432622,-7.6370188142513165,"{""type"":""MultiPoint"",""coordinates"":[]}"
20170212,2017-02-12,-3.314367908568721,-0.3946966372934764,-6.601702582959067,"{""type"":""MultiPoint"",""coordinates"":[]}"
20170213,2017-02-13,-3.071230206671491,0.001646118142695999,-6.258309948017914,"{""type"":""MultiPoint"",""coordinates"":[]}"
20170214,2017-02-14,-3.4115270392627934,0.04220329868260419,-7.034545887648582,"{""type"":""MultiPoint"",""coordinates"":[]}"
20170215,2017-02-15,-1.9194041094743086,1.4863179824556108,-6.466007335341691,"{""type"":""MultiPoint"",""coordinates"":[]}"
20170216,2017-02-16,-0.5783835806913044,2.373489422035023,-3.987814191293109,"{""type"":""MultiPoint"",""coordinates"":[]}"
20170217,2017-02-17,0.902347933430181,3.6580395999861044,-2.336896542291465,"{""type"":""MultiPoint"",""coordinates"":[]}"
20170218,2017-02-18,1.7545855075073629,4.300420466381292,-1.2164072287586167,"{""type"":""MultiPoint"",""coordinates"":[]}"
20170219,2017-02-19,1.973809690152947,5.117083403499603,-1.7296962498839827,"{""type"":""MultiPoint"",""coordinates"":[]}"
20170220,2017-02-20,-0.04833766080814394,3.5926313985205316,-3.7240284108007793,"{""type"":""MultiPoint"",""coordinates"":[]}"
20170221,2017-02-21,-0.8478522225967635,2.44012252671846,-4.320179484720351,"{""type"":""MultiPoint"",""coordinates"":[]}"
20170222,2017-02-22,-2.160188014008456,1.6971637189943103,-6.010039894912613,"{""type"":""MultiPoint"",""coordinates"":[]}"
20170223,2017-02-23,-4.047655434081107,-0.12196210392123663,-7.787860882620198,"{""type"":""MultiPoint"",""coordinates"":[]}"
20170224,2017-02-24,-5.005058065121194,-1.3811097662410392,-8.847736424765243,"{""type"":""MultiPoint"",""coordinates"":[]}"
20170225,2017-02-25,-4.466542572193311,-0.7241838197014919,-8.553774354351521,"{""type"":""MultiPoint"",""coordinates"":[]}"
20170226,2017-02-26,-4.097686366369591,-0.3979927063493447,-7.906297837222428,"{""type"":""MultiPoint"",""coordinates"":[]}"
20170227,2017-02-27,-4.27674471479687,-0.27823171129954105,-8.303176197668828,"{""type"":""MultiPoint"",""coordinates"":[]}"
20170228,2017-02-28,-2.7758164656148483,0.6454713836671411,-6.960318993186305,"{""type"":""MultiPoint"",""coordinates"":[]}"
20170301,2017-03-01,-1.2218253489825173,2.0115536307196598,-5.02929302345546,"{""type"":""MultiPoint"",""coordinates"":[]}"
20170302,2017-03-02,-1.7811497902224387,1.8767753905360471,-5.422407122040593,"{""type"":""MultiPoint"",""coordinates"":[]}"
20170303,2017-03-03,-2.512243205306026,1.1302895645989346,-6.142812673310554,"{""type"":""MultiPoint"",""coordinates"":[]}"
20170304,2017-03-04,-2.1443017703929437,1.2660396208302502,-5.8977451603393805,"{""type"":""MultiPoint"",""coordinates"":[]}"
20170305,2017-03-05,-2.6244256508439263,0.903240713493968,-6.542514025380393,"{""type"":""MultiPoint"",""coordinates"":[]}"
20170306,2017-03-06,-2.7878148192238568,0.6565332441106924,-6.496332410711612,"{""type"":""MultiPoint"",""coordinates"":[]}"
20170307,2017-03-07,-1.4758639022517874,1.982037044692995,-5.498488157884384,"{""type"":""MultiPoint"",""coordinates"":[]}"
20170308,2017-03-08,0.36984802826815044,3.2563702079866146,-3.111475667390515,"{""type"":""MultiPoint"",""coordinates"":[]}"
20170309,2017-03-09,0.7596872046468776,3.498245797213965,-2.271183490623903,"{""type"":""MultiPoint"",""coordinates"":[]}"
20170310,2017-03-10,0.6737916179254684,3.8533186525360046,-2.6632768682212755,"{""type"":""MultiPoint"",""coordinates"":[]}"
20170311,2017-03-11,-0.8565663050681875,3.086320868881902,-4.708305229910189,"{""type"":""MultiPoint"",""coordinates"":[]}"
20170312,2017-03-12,-3.544367981508763,0.6236626512753096,-7.716172375170103,"{""type"":""MultiPoint"",""coordinates"":[]}"
20170313,2017-03-13,-3.328762953475175,0.2272724952991902,-7.510512899484696,"{""type"":""MultiPoint"",""coordinates"":[]}"
20170314,2017-03-14,-2.5641630135376854,0.7754556070705765,-6.252134565113633,"{""type"":""MultiPoint"",""coordinates"":[]}"
20170315,2017-03-15,-2.1125297939762935,1.1981924457114261,-5.861384500568197,"{""type"":""MultiPoint"",""coordinates"":[]}"
20170316,2017-03-16,-0.7064451776127986,2.6091961359144613,-4.693479524289918,"{""type"":""MultiPoint"",""coordinates"":[]}"
20170317,2017-03-17,-0.1253693901718516,3.31919692262066,-3.7997279830290687,"{""type"":""MultiPoint"",""coordinates"":[]}"
20170318,2017-03-18,-0.7316171955146906,3.069407346268887,-4.737148082012717,"{""type"":""MultiPoint"",""coordinates"":[]}"
20170319,2017-03-19,-0.3267823836222644,3.130548568195959,-4.3648323424199305,"{""type"":""MultiPoint"",""coordinates"":[]}"
20170320,2017-03-20,-0.7472889801141331,3.0230875051327013,-4.7855732526126324,"{""type"":""MultiPoint"",""coordinates"":[]}"
20170321,2017-03-21,-0.18087971510861256,3.4249380395869173,-4.494155820019144,"{""type"":""MultiPoint"",""coordinates"":[]}"
20170322,2017-03-22,1.8641231980373345,5.156100333307249,-1.9618492737750486,"{""type"":""MultiPoint"",""coordinates"":[]}"
20170323,2017-03-23,2.5413674354146,5.8815552572570144,-1.28994277914043,"{""type"":""MultiPoint"",""coordinates"":[]}"
20170324,2017-03-24,2.1664502871365565,5.707202751878246,-1.9859583090155928,"{""type"":""MultiPoint"",""coordinates"":[]}"
20170325,2017-03-25,1.7332009658506906,5.472578675121378,-2.362382062222893,"{""type"":""MultiPoint"",""coordinates"":[]}"
20170326,2017-03-26,2.3671383235235397,5.843844778271112,-1.4347390504155078,"{""type"":""MultiPoint"",""coordinates"":[]}"
20170327,2017-03-27,2.9853638277226113,6.540217808996532,-1.192942442982799,"{""type"":""MultiPoint"",""coordinates"":[]}"
20170328,2017-03-28,3.951130331808059,7.4355180670963215,0.13709381854824348,"{""type"":""MultiPoint"",""coordinates"":[]}"
20170329,2017-03-29,4.298489222737433,7.992890654815453,0.113021377558465,"{""type"":""MultiPoint"",""coordinates"":[]}"
20170330,2017-03-30,3.350376031346891,7.2415379848907016,-0.768128640822182,"{""type"":""MultiPoint"",""coordinates"":[]}"
20170331,2017-03-31,3.370758574879347,7.066550660492619,-0.66681902373132,"{""type"":""MultiPoint"",""coordinates"":[]}"
20170401,2017-04-01,3.502303869587858,7.24132232063784,-0.7153307979338042,"{""type"":""MultiPoint"",""coordinates"":[]}"
20170402,2017-04-02,3.109427686018774,6.611516751672816,-0.7314598990328408,"{""type"":""MultiPoint"",""coordinates"":[]}"
20170403,2017-04-03,2.9775660129465513,6.596491067813412,-1.026631422386477,"{""type"":""MultiPoint"",""coordinates"":[]}"
20170404,2017-04-04,3.634172848262642,7.229686561239302,-0.6590126307937828,"{""type"":""MultiPoint"",""coordinates"":[]}"
20170405,2017-04-05,4.794542692010149,8.050875113641364,0.6275886071533586,"{""type"":""MultiPoint"",""coordinates"":[]}"
20170406,2017-04-06,3.9454238909572332,7.843510523470829,-0.07134010865656236,"{""type"":""MultiPoint"",""coordinates"":[]}"
20170407,2017-04-07,2.33657462723705,6.368801355847762,-1.7074582874486346,"{""type"":""MultiPoint"",""coordinates"":[]}"
20170408,2017-04-08,0.7190940826266154,4.863522384028145,-3.2901172348454795,"{""type"":""MultiPoint"",""coordinates"":[]}"
20170409,2017-04-09,-0.7746737247824935,3.6008502798879762,-4.931905389170672,"{""type"":""MultiPoint"",""coordinates"":[]}"
20170410,2017-04-10,-1.844404090531046,2.3040283785397606,-5.958397434654672,"{""type"":""MultiPoint"",""coordinates"":[]}"
20170411,2017-04-11,-2.685900622967162,1.9266804017831733,-7.08370067185056,"{""type"":""MultiPoint"",""coordinates"":[]}"
20170412,2017-04-12,-2.1629366215081345,2.3686082548555536,-6.465457660822292,"{""type"":""MultiPoint"",""coordinates"":[]}"
20170413,2017-04-13,-1.156684377032051,3.5989840172492085,-6.087837608923877,"{""type"":""MultiPoint"",""coordinates"":[]}"
20170414,2017-04-14,0.6467222785558192,5.282826553910244,-4.390195688080461,"{""type"":""MultiPoint"",""coordinates"":[]}"
20170415,2017-04-15,1.2578317977177635,5.450949152008328,-3.0635873196049235,"{""type"":""MultiPoint"",""coordinates"":[]}"
20170416,2017-04-16,1.2927416170475206,5.39033503912257,-3.027778489484676,"{""type"":""MultiPoint"",""coordinates"":[]}"
20170417,2017-04-17,2.7233297332254347,6.815822947774563,-1.703642917363944,"{""type"":""MultiPoint"",""coordinates"":[]}"
20170418,2017-04-18,3.504348073358835,7.684744351989829,-1.124335097496689,"{""type"":""MultiPoint"",""coordinates"":[]}"
20170419,2017-04-19,5.004730091994363,8.688863002479748,0.7135385340598113,"{""type"":""MultiPoint"",""coordinates"":[]}"
20170420,2017-04-20,5.954318604997823,9.343136325875838,1.8816599148967799,"{""type"":""MultiPoint"",""coordinates"":[]}"
20170421,2017-04-21,6.024116551193893,9.405528681114243,2.302533412640022,"{""type"":""MultiPoint"",""coordinates"":[]}"
20170422,2017-04-22,6.489860761044688,9.706525798248734,2.918057297499761,"{""type"":""MultiPoint"",""coordinates"":[]}"
20170423,2017-04-23,6.647291043477376,9.92876454981558,3.0545964109335975,"{""type"":""MultiPoint"",""coordinates"":[]}"
20170424,2017-04-24,6.206111853533336,9.510100610561382,2.713906384735383,"{""type"":""MultiPoint"",""coordinates"":[]}"
20170425,2017-04-25,4.901153879721584,8.470248278843702,1.2017023895863894,"{""type"":""MultiPoint"",""coordinates"":[]}"
20170426,2017-04-26,4.0754464226395575,7.709624882438978,0.2265009643219888,"{""type"":""MultiPoint"",""coordinates"":[]}"
20170427,2017-04-27,4.100248375668242,7.789974030177424,0.32112499797998617,"{""type"":""MultiPoint"",""coordinates"":[]}"
20170428,2017-04-28,4.067411293832777,7.7145477788888694,0.17920970429711544,"{""type"":""MultiPoint"",""coordinates"":[]}"
20170429,2017-04-29,4.248476054143109,7.883663712629568,0.014768576507219173,"{""type"":""MultiPoint"",""coordinates"":[]}"
20170430,2017-04-30,4.234678921070419,7.895180593710413,0.07372381026338583,"{""type"":""MultiPoint"",""coordinates"":[]}"
20170501,2017-05-01,3.603019316647398,7.545421917486505,-0.5173243887092537,"{""type"":""MultiPoint"",""coordinates"":[]}"
20170502,2017-05-02,2.94510490180274,6.792098363982374,-1.2428517243415906,"{""type"":""MultiPoint"",""coordinates"":[]}"
20170503,2017-05-03,4.202662105549657,7.67406303238767,0.09773388838891549,"{""type"":""MultiPoint"",""coordinates"":[]}"
20170504,2017-05-04,5.400998677274488,8.637408243590075,1.6384653374556144,"{""type"":""MultiPoint"",""coordinates"":[]}"
20170505,2017-05-05,5.1827308495555435,8.560687993528065,1.5025968514723598,"{""type"":""MultiPoint"",""coordinates"":[]}"
20170506,2017-05-06,5.053329435457583,8.676608310960303,1.1911080937715044,"{""type"":""MultiPoint"",""coordinates"":[]}"
20170507,2017-05-07,5.239497584425477,8.755095479036452,1.3951906708928983,"{""type"":""MultiPoint"",""coordinates"":[]}"
20170508,2017-05-08,6.434050431506989,9.903900092488644,2.461031260077306,"{""type"":""MultiPoint"",""coordinates"":[]}"
20170509,2017-05-09,7.655089155053391,10.685987632580987,3.926748895587373,"{""type"":""MultiPoint"",""coordinates"":[]}"
20170510,2017-05-10,8.400312302379739,11.101824874365185,5.19856293947445,"{""type"":""MultiPoint"",""coordinates"":[]}"
20170511,2017-05-11,8.234838613049812,11.10482868080143,5.018035427534772,"{""type"":""MultiPoint"",""coordinates"":[]}"
20170512,2017-05-12,8.676887258534554,11.691962101756266,5.237518457673074,"{""type"":""MultiPoint"",""coordinates"":[]}"
20170513,2017-05-13,7.966998698646815,11.082528931601034,4.759170798821848,"{""type"":""MultiPoint"",""coordinates"":[]}"
20170514,2017-05-14,7.174894593499216,10.206096879694115,4.064190608566742,"{""type"":""MultiPoint"",""coordinates"":[]}"
20170515,2017-05-15,7.262871461334991,10.186923940223922,4.0914243947665705,"{""type"":""MultiPoint"",""coordinates"":[]}"
20170516,2017-05-16,8.0780981798402,11.08465659284358,4.625878381867584,"{""type"":""MultiPoint"",""coordinates"":[]}"
20170517,2017-05-17,8.755002149596736,11.626685488263176,5.652481997438871,"{""type"":""MultiPoint"",""coordinates"":[]}"
20170518,2017-05-18,8.894133551618799,11.970975583686911,5.5403709854103615,"{""type"":""MultiPoint"",""coordinates"":[]}"
20170519,2017-05-19,8.895273881692288,11.929612641393035,5.574556969460866,"{""type"":""MultiPoint"",""coordinates"":[]}"
20170520,2017-05-20,8.857399959341729,11.805841440662968,5.774236329207268,"{""type"":""MultiPoint"",""coordinates"":[]}"
20170521,2017-05-21,9.031229728365807,11.911913385005343,5.680040473035955,"{""type"":""MultiPoint"",""coordinates"":[]}"
20170522,2017-05-22,9.429297845776915,12.279203343350584,6.331079891495444,"{""type"":""MultiPoint"",""coordinates"":[]}"
20170523,2017-05-23,9.23929514316566,12.311934607587675,6.037316315954076,"{""type"":""MultiPoint"",""coordinates"":[]}"
20170524,2017-05-24,8.853934239124147,11.802827409848964,5.7309963513876925,"{""type"":""MultiPoint"",""coordinates"":[]}"
20170525,2017-05-25,8.9169852606753,11.923147550819863,5.782842386595147,"{""type"":""MultiPoint"",""coordinates"":[]}"
20170526,2017-05-26,9.274196649417771,12.165668163965707,6.065029057580458,"{""type"":""MultiPoint"",""coordinates"":[]}"
20170527,2017-05-27,9.924197845802988,12.656712827314527,6.7135009589406165,"{""type"":""MultiPoint"",""coordinates"":[]}"
20170528,2017-05-28,10.385459980554185,12.791811026334347,7.6818861463827455,"{""type"":""MultiPoint"",""coordinates"":[]}"
20170529,2017-05-29,10.73214877507778,12.965958901314348,8.223923000268833,"{""type"":""MultiPoint"",""coordinates"":[]}"
20170530,2017-05-30,11.348800543886778,13.453498657671203,8.852171871782105,"{""type"":""MultiPoint"",""coordinates"":[]}"
20170531,2017-05-31,11.886050782404734,14.133880656670426,9.45410513459637,"{""type"":""MultiPoint"",""coordinates"":[]}"
20170601,2017-06-01,11.749716378472339,14.003713726885907,9.27961417034481,"{""type"":""MultiPoint"",""coordinates"":[]}"
20170602,2017-06-02,10.455731441888823,13.213354596216346,7.503983889224267,"{""type"":""MultiPoint"",""coordinates"":[]}"
20170603,2017-06-03,8.897362890008798,12.149922832600218,5.546866245702065,"{""type"":""MultiPoint"",""coordinates"":[]}"
20170604,2017-06-04,9.122247503394808,11.910653800832845,6.146519903355254,"{""type"":""MultiPoint"",""coordinates"":[]}"
20170605,2017-06-05,10.306472837032398,12.884522709197388,7.3815651071677255,"{""type"":""MultiPoint"",""coordinates"":[]}"
20170606,2017-06-06,11.974090722766869,14.254903778048902,9.032272000977708,"{""type"":""MultiPoint"",""coordinates"":[]}"
20170607,2017-06-07,12.547891623195921,14.693403506203246,9.856831028103736,"{""type"":""MultiPoint"",""coordinates"":[]}"
20170608,2017-06-08,11.889522409501454,13.99107695788852,9.411142926269319,"{""type"":""MultiPoint"",""coordinates"":[]}"
20170609,2017-06-09,11.928797248494636,13.95876840009907,9.494784446162425,"{""type"":""MultiPoint"",""coordinates"":[]}"
20170610,2017-06-10,12.018101357837814,14.148239310139115,9.688584133363321,"{""type"":""MultiPoint"",""coordinates"":[]}"
20170611,2017-06-11,12.102069985569004,14.180509762963405,9.912402217320315,"{""type"":""MultiPoint"",""coordinates"":[]}"
20170612,2017-06-12,12.026630776067686,14.21253064746006,9.732445190456659,"{""type"":""MultiPoint"",""coordinates"":[]}"
20170613,2017-06-13,12.149906301471765,14.222877652204344,9.953612249786298,"{""type"":""MultiPoint"",""coordinates"":[]}"
20170614,2017-06-14,12.367833022488323,14.54479192111126,10.039221894777778,"{""type"":""MultiPoint"",""coordinates"":[]}"
20170615,2017-06-15,12.565546725031837,14.617744766184847,10.482215159244843,"{""type"":""MultiPoint"",""coordinates"":[]}"
20170616,2017-06-16,12.784693810056762,14.62506913506458,10.768553463984613,"{""type"":""MultiPoint"",""coordinates"":[]}"
20170617,2017-06-17,12.847986982087603,14.784337270480886,10.862232401952898,"{""type"":""MultiPoint"",""coordinates"":[]}"
20170618,2017-06-18,12.874446873900112,14.809009810211137,10.849100988746542,"{""type"":""MultiPoint"",""coordinates"":[]}"
20170619,2017-06-19,12.967029586935425,14.870659690810468,10.835067211874435,"{""type"":""MultiPoint"",""coordinates"":[]}"
20170620,2017-06-20,13.507948379146491,15.329199789988985,11.59611991152978,"{""type"":""MultiPoint"",""coordinates"":[]}"
20170621,2017-06-21,13.797188541198185,15.460554457278905,12.068282891342928,"{""type"":""MultiPoint"",""coordinates"":[]}"
20170622,2017-06-22,13.950821353062823,15.71605147476305,12.099229075298897,"{""type"":""MultiPoint"",""coordinates"":[]}"
20170623,2017-06-23,13.813804034822901,15.736003147623949,11.816626846839544,"{""type"":""MultiPoint"",""coordinates"":[]}"
20170624,2017-06-24,13.630849667829196,15.46396227829688,11.699425937387728,"{""type"":""MultiPoint"",""coordinates"":[]}"
20170625,2017-06-25,13.886277430208237,15.841770802467954,11.817475771801416,"{""type"":""MultiPoint"",""coordinates"":[]}"
20170626,2017-06-26,14.42823335246473,16.226213910297325,12.532773688168072,"{""type"":""MultiPoint"",""coordinates"":[]}"
20170627,2017-06-27,14.923275744475546,16.55184469987376,13.249148056095155,"{""type"":""MultiPoint"",""coordinates"":[]}"
20170628,2017-06-28,15.34588466385809,16.905800249552662,13.738911676781758,"{""type"":""MultiPoint"",""coordinates"":[]}"
20170629,2017-06-29,15.413015371820935,16.93346997313842,14.028667296536728,"{""type"":""MultiPoint"",""coordinates"":[]}"
20170630,2017-06-30,15.36024024690144,16.885752975773936,13.881990336243092,"{""type"":""MultiPoint"",""coordinates"":[]}"
20170701,2017-07-01,15.284008725951093,16.867896500668007,13.821432876097806,"{""type"":""MultiPoint"",""coordinates"":[]}"
20170702,2017-07-02,14.884906623412672,16.424289598313834,13.38524232698424,"{""type"":""MultiPoint"",""coordinates"":[]}"
20170703,2017-07-03,15.028780541187388,16.568058899998213,13.52677881949969,"{""type"":""MultiPoint"",""coordinates"":[]}"
20170704,2017-07-04,14.880545069911172,16.39720505994821,13.28876452382873,"{""type"":""MultiPoint"",""coordinates"":[]}"
20170705,2017-07-05,14.910839939764017,16.44577821978705,13.299393018083403,"{""type"":""MultiPoint"",""coordinates"":[]}"
20170706,2017-07-06,15.15162773343664,16.74331434347134,13.622025704096442,"{""type"":""MultiPoint"",""coordinates"":[]}"
20170707,2017-07-07,15.259264602315847,16.902929580148975,13.71083083356164,"{""type"":""MultiPoint"",""coordinates"":[]}"
20170708,2017-07-08,15.005038121868328,16.608002443880565,13.4149952148611,"{""type"":""MultiPoint"",""coordinates"":[]}"
20170709,2017-07-09,14.574483156027844,16.23046559099705,13.071873782315382,"{""type"":""MultiPoint"",""coordinates"":[]}"
20170710,2017-07-10,14.295990600869583,15.889083849486603,12.822111851498063,"{""type"":""MultiPoint"",""coordinates"":[]}"
20170711,2017-07-11,14.392731979836705,15.933965188679103,12.840792105701968,"{""type"":""MultiPoint"",""coordinates"":[]}"
20170712,2017-07-12,14.701251772499688,16.25331328877133,13.07476075465225,"{""type"":""MultiPoint"",""coordinates"":[]}"
20170713,2017-07-13,15.219949406316793,16.760775624669233,13.706613036058691,"{""type"":""MultiPoint"",""coordinates"":[]}"
20170714,2017-07-14,15.573311775354618,17.07457203094567,14.158859208402344,"{""type"":""MultiPoint"",""coordinates"":[]}"
20170715,2017-07-15,15.913930137561485,17.451468123654166,14.469471420525991,"{""type"":""MultiPoint"",""coordinates"":[]}"
20170716,2017-07-16,16.12478036367137,17.680429179102966,14.696130644686276,"{""type"":""MultiPoint"",""coordinates"":[]}"
20170717,2017-07-17,16.245778089890372,17.754700772907253,14.864781008679506,"{""type"":""MultiPoint"",""coordinates"":[]}"
20170718,2017-07-18,16.280267458474196,17.776536747814937,14.911488256747088,"{""type"":""MultiPoint"",""coordinates"":[]}"
20170719,2017-07-19,16.203040701018605,17.672494975506044,14.831228825188326,"{""type"":""MultiPoint"",""coordinates"":[]}"
20170720,2017-07-20,16.06654397784147,17.583910515199616,14.732525410993771,"{""type"":""MultiPoint"",""coordinates"":[]}"
20170721,2017-07-21,16.040240073622847,17.608934475830445,14.694353609360492,"{""type"":""MultiPoint"",""coordinates"":[]}"
20170722,2017-07-22,15.915675111979706,17.478697160718873,14.611272846738887,"{""type"":""MultiPoint"",""coordinates"":[]}"
20170723,2017-07-23,15.644955902109878,17.1203402738218,14.364930219532619,"{""type"":""MultiPoint"",""coordinates"":[]}"
20170724,2017-07-24,15.50770127687563,16.996082080447565,14.196854566961862,"{""type"":""MultiPoint"",""coordinates"":[]}"
20170725,2017-07-25,15.431102640299605,16.9921770598543,14.056242424394446,"{""type"":""MultiPoint"",""coordinates"":[]}"
20170726,2017-07-26,15.489077263555194,17.061786691349624,14.057304686340993,"{""type"":""MultiPoint"",""coordinates"":[]}"
20170727,2017-07-27,15.469608995018733,17.007416408006836,14.026542310793852,"{""type"":""MultiPoint"",""coordinates"":[]}"
20170728,2017-07-28,15.721975727763157,17.240641993289554,14.257412284575326,"{""type"":""MultiPoint"",""coordinates"":[]}"
20170729,2017-07-29,15.904197501432064,17.325322925635184,14.575630546585407,"{""type"":""MultiPoint"",""coordinates"":[]}"
20170730,2017-07-30,16.064887055823835,17.638775069292095,14.586738607843387,"{""type"":""MultiPoint"",""coordinates"":[]}"
20170731,2017-07-31,15.709171756823057,17.22973137173382,14.206631080291626,"{""type"":""MultiPoint"",""coordinates"":[]}"
20170801,2017-08-01,15.196704303589296,16.799588208789178,13.716984524278185,"{""type"":""MultiPoint"",""coordinates"":[]}"
20170802,2017-08-02,15.115648510351386,16.68143406112102,13.626014041201595,"{""type"":""MultiPoint"",""coordinates"":[]}"
20170803,2017-08-03,15.343138536223389,16.860972981324956,13.91956896002205,"{""type"":""MultiPoint"",""coordinates"":[]}"
20170804,2017-08-04,15.726256914096737,17.363442859338406,14.13819993979175,"{""type"":""MultiPoint"",""coordinates"":[]}"
20170805,2017-08-05,15.90374105355501,17.445393320440633,14.454134107533452,"{""type"":""MultiPoint"",""coordinates"":[]}"
20170806,2017-08-06,15.754549079085152,17.316784739880642,14.290916741906154,"{""type"":""MultiPoint"",""coordinates"":[]}"
20170807,2017-08-07,15.5135582385893,17.070994336465997,14.112488272704189,"{""type"":""MultiPoint"",""coordinates"":[]}"
20170808,2017-08-08,15.268015626303113,16.91346835069015,13.878760010799702,"{""type"":""MultiPoint"",""coordinates"":[]}"
20170809,2017-08-09,15.084938995530187,16.65697573334335,13.639024639425742,"{""type"":""MultiPoint"",""coordinates"":[]}"
20170810,2017-08-10,14.884217909678405,16.352319546897817,13.417690245634182,"{""type"":""MultiPoint"",""coordinates"":[]}"
20170811,2017-08-11,14.602813596314975,16.266508513336802,12.968673343485355,"{""type"":""MultiPoint"",""coordinates"":[]}"
20170812,2017-08-12,14.54670897223209,16.182034724707258,12.869670307895554,"{""type"":""MultiPoint"",""coordinates"":[]}"
20170813,2017-08-13,14.845006856227771,16.448624728902526,13.214174695855142,"{""type"":""MultiPoint"",""coordinates"":[]}"
20170814,2017-08-14,15.09721538269,16.665895065337676,13.593901876591215,"{""type"":""MultiPoint"",""coordinates"":[]}"
20170815,2017-08-15,15.05844507750676,16.725373348017055,13.50954465878392,"{""type"":""MultiPoint"",""coordinates"":[]}"
20170816,2017-08-16,14.906986506992832,16.69913517895293,13.25474543393941,"{""type"":""MultiPoint"",""coordinates"":[]}"
20170817,2017-08-17,14.870546535321779,16.605150945473437,13.240041093994117,"{""type"":""MultiPoint"",""coordinates"":[]}"
20170818,2017-08-18,14.974939557248755,16.68395309314605,13.359281309816998,"{""type"":""MultiPoint"",""coordinates"":[]}"
20170819,2017-08-19,15.076637846312027,16.678263663483705,13.511181922068916,"{""type"":""MultiPoint"",""coordinates"":[]}"
20170820,2017-08-20,15.138456067784107,16.709649511792957,13.630374577577484,"{""type"":""MultiPoint"",""coordinates"":[]}"
20170821,2017-08-21,15.057390865494,16.73223494412979,13.522742011182467,"{""type"":""MultiPoint"",""coordinates"":[]}"
20170822,2017-08-22,14.9808697365573,16.514544759280255,13.469680838519713,"{""type"":""MultiPoint"",""coordinates"":[]}"
20170823,2017-08-23,15.221090009727865,16.816237066108467,13.630672036557707,"{""type"":""MultiPoint"",""coordinates"":[]}"
20170824,2017-08-24,15.20467553452379,16.824558701307662,13.67818587607236,"{""type"":""MultiPoint"",""coordinates"":[]}"
20170825,2017-08-25,15.109486801677496,16.713788351847672,13.582668868109769,"{""type"":""MultiPoint"",""coordinates"":[]}"
20170826,2017-08-26,14.829806591069737,16.443956872163277,13.309968209166275,"{""type"":""MultiPoint"",""coordinates"":[]}"
20170827,2017-08-27,14.798561093370553,16.476307664151033,13.248673574245135,"{""type"":""MultiPoint"",""coordinates"":[]}"
20170828,2017-08-28,14.713806013831007,16.412878984833615,13.154193495455093,"{""type"":""MultiPoint"",""coordinates"":[]}"
20170829,2017-08-29,14.956620042177386,16.511237525932472,13.505457295339848,"{""type"":""MultiPoint"",""coordinates"":[]}"
20170830,2017-08-30,15.249061326347997,16.786122420261467,13.788501585467545,"{""type"":""MultiPoint"",""coordinates"":[]}"
20170831,2017-08-31,15.169243201193021,16.74820098318347,13.802412063561325,"{""type"":""MultiPoint"",""coordinates"":[]}"
20170901,2017-09-01,14.815961127022831,16.34818576597307,13.46485937766226,"{""type"":""MultiPoint"",""coordinates"":[]}"
20170902,2017-09-02,14.497182511428477,16.026755909573986,13.052337942457907,"{""type"":""MultiPoint"",""coordinates"":[]}"
20170903,2017-09-03,14.206233001394637,15.773627885559053,12.505971378266482,"{""type"":""MultiPoint"",""coordinates"":[]}"
20170904,2017-09-04,13.703744654430066,15.33936086844295,11.852733155608016,"{""type"":""MultiPoint"",""coordinates"":[]}"
20170905,2017-09-05,13.50778764184291,15.218637634374645,11.493192000324804,"{""type"":""MultiPoint"",""coordinates"":[]}"
20170906,2017-09-06,13.94564384982796,15.658546089659556,11.893156849996368,"{""type"":""MultiPoint"",""coordinates"":[]}"
20170907,2017-09-07,13.907409169131462,15.691324066738108,12.137539416163722,"{""type"":""MultiPoint"",""coordinates"":[]}"
20170908,2017-09-08,13.313716633194925,15.262066540647416,11.347344387597582,"{""type"":""MultiPoint"",""coordinates"":[]}"
20170909,2017-09-09,12.320447836693305,14.364940098796628,10.24311344190018,"{""type"":""MultiPoint"",""coordinates"":[]}"
20170910,2017-09-10,12.722197254426987,14.561313333508997,10.523170373084309,"{""type"":""MultiPoint"",""coordinates"":[]}"
20170911,2017-09-11,13.295338419402638,15.084032050803039,11.235664744556082,"{""type"":""MultiPoint"",""coordinates"":[]}"
20170912,2017-09-12,13.419042046055402,15.21319316496306,11.541437756881255,"{""type"":""MultiPoint"",""coordinates"":[]}"
20170913,2017-09-13,13.179824716527726,15.01135901838236,11.314558511075974,"{""type"":""MultiPoint"",""coordinates"":[]}"
20170914,2017-09-14,13.182907111644543,15.033100785529326,11.29459670204787,"{""type"":""MultiPoint"",""coordinates"":[]}"
20170915,2017-09-15,13.293091149986681,15.110233702776844,11.461936354974203,"{""type"":""MultiPoint"",""coordinates"":[]}"
20170916,2017-09-16,13.682230040212376,15.487565196789172,11.785920813693867,"{""type"":""MultiPoint"",""coordinates"":[]}"
20170917,2017-09-17,13.519613509701836,15.476331396200289,11.673608719893283,"{""type"":""MultiPoint"",""coordinates"":[]}"
20170918,2017-09-18,12.74160616183818,14.713568390389336,10.827815813767677,"{""type"":""MultiPoint"",""coordinates"":[]}"
20170919,2017-09-19,12.283613590258355,14.297572104530605,10.317290527950561,"{""type"":""MultiPoint"",""coordinates"":[]}"
20170920,2017-09-20,12.375817804154304,14.373176521833043,10.436446267045449,"{""type"":""MultiPoint"",""coordinates"":[]}"
20170921,2017-09-21,12.655706734692364,14.462393029600525,10.760008437565254,"{""type"":""MultiPoint"",""coordinates"":[]}"
20170922,2017-09-22,13.07560122879383,14.83162837659785,11.191334707747089,"{""type"":""MultiPoint"",""coordinates"":[]}"
20170923,2017-09-23,13.235255034480153,14.933003757564688,11.431543271349318,"{""type"":""MultiPoint"",""coordinates"":[]}"
20170924,2017-09-24,13.149679804397246,14.859320449289505,11.361121099615644,"{""type"":""MultiPoint"",""coordinates"":[]}"
20170925,2017-09-25,12.537743534042914,14.385556090716713,10.725766508902375,"{""type"":""MultiPoint"",""coordinates"":[]}"
20170926,2017-09-26,12.187346225457167,14.092322193240067,10.130603380814087,"{""type"":""MultiPoint"",""coordinates"":[]}"
20170927,2017-09-27,12.044205519646871,14.02654554019857,9.947395859765708,"{""type"":""MultiPoint"",""coordinates"":[]}"
20170928,2017-09-28,11.665835909370635,13.762274091239448,9.63919375437176,"{""type"":""MultiPoint"",""coordinates"":[]}"
20170929,2017-09-29,11.173770605666547,13.34848570706914,9.047566932100082,"{""type"":""MultiPoint"",""coordinates"":[]}"
20170930,2017-09-30,10.480973159248109,12.916763874153329,8.107043167562457,"{""type"":""MultiPoint"",""coordinates"":[]}"
20171001,2017-10-01,10.19834900501707,12.558279371328105,7.801515625953799,"{""type"":""MultiPoint"",""coordinates"":[]}"
20171002,2017-10-02,10.15697792856945,12.464384787257414,7.836973799795101,"{""type"":""MultiPoint"",""coordinates"":[]}"
20171003,2017-10-03,9.428479237977673,11.960705306587007,6.918322989865267,"{""type"":""MultiPoint"",""coordinates"":[]}"
20171004,2017-10-04,9.315898380909317,11.881235604645633,6.698762800373464,"{""type"":""MultiPoint"",""coordinates"":[]}"
20171005,2017-10-05,9.740340037958951,12.09480044678014,7.308420185328373,"{""type"":""MultiPoint"",""coordinates"":[]}"
20171006,2017-10-06,9.855535817029649,12.080691774764981,7.661642463624242,"{""type"":""MultiPoint"",""coordinates"":[]}"
20171007,2017-10-07,9.714482705973879,11.832884567234588,7.563265994181844,"{""type"":""MultiPoint"",""coordinates"":[]}"
20171008,2017-10-08,9.52021449382473,11.762129235917074,7.189596972089225,"{""type"":""MultiPoint"",""coordinates"":[]}"
20171009,2017-10-09,8.887040628099257,11.144553180706277,6.494279944136566,"{""type"":""MultiPoint"",""coordinates"":[]}"
20171010,2017-10-10,9.191293042003718,11.484953647995123,6.509601573461537,"{""type"":""MultiPoint"",""coordinates"":[]}"
20171011,2017-10-11,9.272396416194802,11.539986944323317,6.848101507027618,"{""type"":""MultiPoint"",""coordinates"":[]}"
20171012,2017-10-12,9.441391758656923,11.776237453003485,7.055326556691956,"{""type"":""MultiPoint"",""coordinates"":[]}"
20171013,2017-10-13,8.964298300715345,11.237448825907201,6.6402671117039604,"{""type"":""MultiPoint"",""coordinates"":[]}"
20171014,2017-10-14,8.401362463634086,10.829310201910463,5.933976821749477,"{""type"":""MultiPoint"",""coordinates"":[]}"
20171015,2017-10-15,7.706013238007164,10.394526701307628,4.875201965537492,"{""type"":""MultiPoint"",""coordinates"":[]}"
20171016,2017-10-16,6.962196889657397,9.764465660372796,4.014329688898903,"{""type"":""MultiPoint"",""coordinates"":[]}"
20171017,2017-10-17,6.428595506454681,9.29447698285973,3.409803742703768,"{""type"":""MultiPoint"",""coordinates"":[]}"
20171018,2017-10-18,6.148026699013862,9.222703001556663,2.9144479273814197,"{""type"":""MultiPoint"",""coordinates"":[]}"
20171019,2017-10-19,6.810665497038689,9.576328414622129,3.6923694434487535,"{""type"":""MultiPoint"",""coordinates"":[]}"
20171020,2017-10-20,7.430154383494672,9.920510427725379,4.682020808090036,"{""type"":""MultiPoint"",""coordinates"":[]}"
20171021,2017-10-21,6.964838391729017,9.56699672065003,4.2728206272780405,"{""type"":""MultiPoint"",""coordinates"":[]}"
20171022,2017-10-22,6.103939817980848,9.105978828102211,2.8479250698410654,"{""type"":""MultiPoint"",""coordinates"":[]}"
20171023,2017-10-23,5.866799117213567,8.712739655087773,2.670930783031052,"{""type"":""MultiPoint"",""coordinates"":[]}"
20171024,2017-10-24,4.9992159661099205,7.849731302704316,1.9303651214752493,"{""type"":""MultiPoint"",""coordinates"":[]}"
20171025,2017-10-25,4.079211566217827,7.034753010809212,0.9734906630056734,"{""type"":""MultiPoint"",""coordinates"":[]}"
20171026,2017-10-26,3.7526576156531286,6.964295698748924,0.33558966910941246,"{""type"":""MultiPoint"",""coordinates"":[]}"
20171027,2017-10-27,4.197898525801778,7.008071213998762,1.0544474007230675,"{""type"":""MultiPoint"",""coordinates"":[]}"
20171028,2017-10-28,4.324961838741335,7.10029161026283,1.195497679160765,"{""type"":""MultiPoint"",""coordinates"":[]}"
20171029,2017-10-29,3.9628358888888675,6.6286972763259575,1.1107822671542587,"{""type"":""MultiPoint"",""coordinates"":[]}"
20171030,2017-10-30,3.509046785350125,6.224598948580457,0.5595746872157024,"{""type"":""MultiPoint"",""coordinates"":[]}"
20171031,2017-10-31,2.9390148245311285,5.718862142156848,-0.057181717622908336,"{""type"":""MultiPoint"",""coordinates"":[]}"
20171101,2017-11-01,2.712389125046885,5.473311730638001,-0.262239078252278,"{""type"":""MultiPoint"",""coordinates"":[]}"
20171102,2017-11-02,2.6709365286290776,5.532445447399368,-0.317767948726764,"{""type"":""MultiPoint"",""coordinates"":[]}"
20171103,2017-11-03,2.8130406775833112,5.707935816494215,-0.21943645592087335,"{""type"":""MultiPoint"",""coordinates"":[]}"
20171104,2017-11-04,3.137717267008076,6.0217455479399105,0.05370095719588125,"{""type"":""MultiPoint"",""coordinates"":[]}"
20171105,2017-11-05,3.514553241841513,6.2853680801950285,0.5654669095690251,"{""type"":""MultiPoint"",""coordinates"":[]}"
20171106,2017-11-06,3.7379232245378575,6.456856314382768,0.8725979432746889,"{""type"":""MultiPoint"",""coordinates"":[]}"
20171107,2017-11-07,3.9265295476484816,6.624091911281863,0.9130318050817715,"{""type"":""MultiPoint"",""coordinates"":[]}"
20171108,2017-11-08,4.128232360304507,6.837883231853412,1.1010966702926541,"{""type"":""MultiPoint"",""coordinates"":[]}"
20171109,2017-11-09,3.7072355910801322,6.382772037461647,0.8833435401389501,"{""type"":""MultiPoint"",""coordinates"":[]}"
20171110,2017-11-10,2.8076389860775772,5.705986072710793,-0.2398434390874003,"{""type"":""MultiPoint"",""coordinates"":[]}"
20171111,2017-11-11,2.7123089121336132,5.407693286680343,-0.18579653594151044,"{""type"":""MultiPoint"",""coordinates"":[]}"
20171112,2017-11-12,2.310080065628762,5.147450158987921,-0.5468677295383242,"{""type"":""MultiPoint"",""coordinates"":[]}"
20171113,2017-11-13,2.467705691370879,5.0991919104203784,-0.3010413419160442,"{""type"":""MultiPoint"",""coordinates"":[]}"
20171114,2017-11-14,2.723051798474199,5.362414548749631,-0.14699185041058516,"{""type"":""MultiPoint"",""coordinates"":[]}"
20171115,2017-11-15,2.9410692516835266,5.238939872868038,0.31183445855868047,"{""type"":""MultiPoint"",""coordinates"":[]}"
20171116,2017-11-16,3.3824841929081786,5.578634667064542,0.8962905089175202,"{""type"":""MultiPoint"",""coordinates"":[]}"
20171117,2017-11-17,3.481870976958223,5.831230741933674,0.9527360423367839,"{""type"":""MultiPoint"",""coordinates"":[]}"
20171118,2017-11-18,3.161312675085382,5.468495319416939,0.6010389291497612,"{""type"":""MultiPoint"",""coordinates"":[]}"
20171119,2017-11-19,2.426808117077337,4.888961406454562,-0.2694553727382519,"{""type"":""MultiPoint"",""coordinates"":[]}"
20171120,2017-11-20,1.1134534121476616,3.9477337157847847,-1.7975342062756239,"{""type"":""MultiPoint"",""coordinates"":[]}"
20171121,2017-11-21,0.09373511636670528,2.7272946108833716,-2.699018243878364,"{""type"":""MultiPoint"",""coordinates"":[]}"
20171122,2017-11-22,-0.7260305690217428,1.9982051444033866,-3.5014256490789024,"{""type"":""MultiPoint"",""coordinates"":[]}"
20171123,2017-11-23,-2.0041913019758346,1.2016154726959278,-5.322824861161782,"{""type"":""MultiPoint"",""coordinates"":[]}"
20171124,2017-11-24,-1.7313095432018881,1.110477971454519,-4.9544492338266615,"{""type"":""MultiPoint"",""coordinates"":[]}"
20171125,2017-11-25,-0.891936045316635,1.9143483119537192,-4.0565762853397525,"{""type"":""MultiPoint"",""coordinates"":[]}"
20171126,2017-11-26,-0.27202693538158457,2.591882581823394,-3.2499178835737514,"{""type"":""MultiPoint"",""coordinates"":[]}"
20171127,2017-11-27,-0.6548513928271555,2.088174674131067,-3.567631706697395,"{""type"":""MultiPoint"",""coordinates"":[]}"
20171128,2017-11-28,-0.5255752220995027,2.216580774230261,-3.465664420301434,"{""type"":""MultiPoint"",""coordinates"":[]}"
20171129,2017-11-29,-0.35162632067779953,2.289457683348868,-3.111593740106012,"{""type"":""MultiPoint"",""coordinates"":[]}"
20171130,2017-11-30,-1.2523187961135254,1.6903322574495483,-4.162149175563062,"{""type"":""MultiPoint"",""coordinates"":[]}"
20171201,2017-12-01,-1.861034823779052,0.8676379694839351,-4.71456781387109,"{""type"":""MultiPoint"",""coordinates"":[]}"
20171202,2017-12-02,-1.251351053562117,1.3059409975866525,-3.997334453746462,"{""type"":""MultiPoint"",""coordinates"":[]}"
20171203,2017-12-03,-1.064793730663328,1.4484956724684506,-3.5378545215024926,"{""type"":""MultiPoint"",""coordinates"":[]}"
20171204,2017-12-04,-1.111206588570878,1.7376970730335943,-3.97616878131483,"{""type"":""MultiPoint"",""coordinates"":[]}"
20171205,2017-12-05,0.7205030331556563,3.2853571145543503,-2.7250474050303377,"{""type"":""MultiPoint"",""coordinates"":[]}"
20171206,2017-12-06,1.2154919260776786,3.796361443127944,-1.5475222997119233,"{""type"":""MultiPoint"",""coordinates"":[]}"
20171207,2017-12-07,0.6045146419511523,3.4036059168482584,-2.594198192879175,"{""type"":""MultiPoint"",""coordinates"":[]}"
20171208,2017-12-08,-1.0450680961086616,2.323653652410916,-4.478459094831277,"{""type"":""MultiPoint"",""coordinates"":[]}"
20171209,2017-12-09,-1.059125590220934,1.8864963997408881,-4.369672885641459,"{""type"":""MultiPoint"",""coordinates"":[]}"
20171210,2017-12-10,-0.2678436773819019,2.5487222645589216,-3.459027903192677,"{""type"":""MultiPoint"",""coordinates"":[]}"
20171211,2017-12-11,1.1878032810846313,3.8573894856756166,-1.904630382403561,"{""type"":""MultiPoint"",""coordinates"":[]}"
20171212,2017-12-12,1.4980777669300873,4.250506270761848,-1.6172242477165346,"{""type"":""MultiPoint"",""coordinates"":[]}"
20171213,2017-12-13,0.42484857874610643,2.8184443339100715,-2.102650955846306,"{""type"":""MultiPoint"",""coordinates"":[]}"
20171214,2017-12-14,-0.3416563728580175,2.2163979836778602,-3.0303626510907025,"{""type"":""MultiPoint"",""coordinates"":[]}"
20171215,2017-12-15,-1.2440912846714476,1.310016381280435,-4.0056836935459215,"{""type"":""MultiPoint"",""coordinates"":[]}"
20171216,2017-12-16,-2.069228029042417,0.6391626209940116,-4.989108915236048,"{""type"":""MultiPoint"",""coordinates"":[]}"
20171217,2017-12-17,-2.8170115014604273,-0.0530841181524679,-5.813339158251872,"{""type"":""MultiPoint"",""coordinates"":[]}"
20171218,2017-12-18,-3.262612210985733,-0.29408702841212797,-6.397831631731112,"{""type"":""MultiPoint"",""coordinates"":[]}"
20171219,2017-12-19,-2.8553458942410512,-0.05223126811046458,-6.018802967071948,"{""type"":""MultiPoint"",""coordinates"":[]}"
20171220,2017-12-20,-1.3242532146098718,1.2533448829813534,-4.390864942681099,"{""type"":""MultiPoint"",""coordinates"":[]}"
20171221,2017-12-21,-0.4384604320343057,2.1092804070301807,-3.535737739345548,"{""type"":""MultiPoint"",""coordinates"":[]}"
20171222,2017-12-22,-1.555511186637623,1.5480700001476801,-4.715169605612072,"{""type"":""MultiPoint"",""coordinates"":[]}"
20171223,2017-12-23,-2.8905249469450163,0.14404815161095572,-6.01250944381171,"{""type"":""MultiPoint"",""coordinates"":[]}"
20171224,2017-12-24,-2.309525467236094,0.5186149594931347,-5.599565817501673,"{""type"":""MultiPoint"",""coordinates"":[]}"
20171225,2017-12-25,-2.0314766264231277,0.9283933719087052,-5.272977307435178,"{""type"":""MultiPoint"",""coordinates"":[]}"
20171226,2017-12-26,-2.7601866023468578,0.443643847947692,-6.179503967083085,"{""type"":""MultiPoint"",""coordinates"":[]}"
20171227,2017-12-27,-2.160237199551837,0.8497496122386187,-5.633857792623149,"{""type"":""MultiPoint"",""coordinates"":[]}"
20171228,2017-12-28,-2.40721454693405,0.6236194322208602,-5.84870133811268,"{""type"":""MultiPoint"",""coordinates"":[]}"
20171229,2017-12-29,-3.2363128782655064,-0.2593225287773612,-6.311281827768505,"{""type"":""MultiPoint"",""coordinates"":[]}"
20171230,2017-12-30,-3.6558451978826736,-0.646199221094739,-6.75639276591838,"{""type"":""MultiPoint"",""coordinates"":[]}"
20171231,2017-12-31,-3.8168367018524334,-0.9089179677640303,-6.814702094187357,"{""type"":""MultiPoint"",""coordinates"":[]}"
20180101,2018-01-01,-3.378115832164859,-0.7127761781370072,-6.345236324534283,"{""type"":""MultiPoint"",""coordinates"":[]}"
20180102,2018-01-02,-3.816211368632492,-0.9704158397830447,-6.847456515326979,"{""type"":""MultiPoint"",""coordinates"":[]}"
20180103,2018-01-03,-4.783345498973142,-1.6145279138156108,-8.103971911809115,"{""type"":""MultiPoint"",""coordinates"":[]}"
20180104,2018-01-04,-3.791496080421925,-1.021249278821069,-7.299438651731184,"{""type"":""MultiPoint"",""coordinates"":[]}"
20180105,2018-01-05,-3.4582870248421798,-0.7926112389586011,-6.4670410934747995,"{""type"":""MultiPoint"",""coordinates"":[]}"
20180106,2018-01-06,-4.221122517911294,-1.6090199112091788,-6.991404914781267,"{""type"":""MultiPoint"",""coordinates"":[]}"
20180107,2018-01-07,-5.088011078263171,-2.4642616613907173,-7.7397504389358245,"{""type"":""MultiPoint"",""coordinates"":[]}"
20180108,2018-01-08,-5.166562721692654,-2.5372582007896205,-7.999037634936544,"{""type"":""MultiPoint"",""coordinates"":[]}"
20180109,2018-01-09,-4.662978795215821,-1.9914140226216774,-7.54760980340453,"{""type"":""MultiPoint"",""coordinates"":[]}"
20180110,2018-01-10,-4.327172267133454,-1.535571627657353,-7.210424564011457,"{""type"":""MultiPoint"",""coordinates"":[]}"
20180111,2018-01-11,-3.2128357503256324,0.07412699130945298,-6.768851978430071,"{""type"":""MultiPoint"",""coordinates"":[]}"
20180112,2018-01-12,-1.5181514282228346,1.2632725222014058,-4.894055875476004,"{""type"":""MultiPoint"",""coordinates"":[]}"
20180113,2018-01-13,-2.4313304516924514,0.7358966583831466,-5.689947496930123,"{""type"":""MultiPoint"",""coordinates"":[]}"
20180114,2018-01-14,-2.844168081690369,0.3139442576909904,-6.219745514580154,"{""type"":""MultiPoint"",""coordinates"":[]}"
20180115,2018-01-15,-3.9561385289590714,-0.2738583641675758,-7.527954487235197,"{""type"":""MultiPoint"",""coordinates"":[]}"
20180116,2018-01-16,-4.606005504089992,-1.3760969590057286,-8.077937415977143,"{""type"":""MultiPoint"",""coordinates"":[]}"
20180117,2018-01-17,-3.375417525980345,-0.40244896496745863,-6.882381841317871,"{""type"":""MultiPoint"",""coordinates"":[]}"
20180118,2018-01-18,-3.0766910313108258,-0.2522439927119777,-6.098569844055504,"{""type"":""MultiPoint"",""coordinates"":[]}"
20180119,2018-01-19,-3.5486157570889896,-0.516531810126649,-6.679904987993068,"{""type"":""MultiPoint"",""coordinates"":[]}"
20180120,2018-01-20,-4.765886004723139,-1.1135525314542436,-8.48473894001822,"{""type"":""MultiPoint"",""coordinates"":[]}"
20180121,2018-01-21,-5.626379171286937,-2.2475332555519745,-9.008324671133682,"{""type"":""MultiPoint"",""coordinates"":[]}"
20180122,2018-01-22,-4.597057630123407,-1.2283588617334333,-8.033837117115485,"{""type"":""MultiPoint"",""coordinates"":[]}"
20180123,2018-01-23,-2.7811660666105245,0.48422824590691804,-6.679328067420621,"{""type"":""MultiPoint"",""coordinates"":[]}"
20180124,2018-01-24,-2.7962037836887825,0.48596994109088815,-6.2037850008992175,"{""type"":""MultiPoint"",""coordinates"":[]}"
20180125,2018-01-25,-3.681019760833526,-0.6679905002659663,-6.994818316507882,"{""type"":""MultiPoint"",""coordinates"":[]}"
20180126,2018-01-26,-3.9936634762451275,-1.1351365910528237,-6.947149714666112,"{""type"":""MultiPoint"",""coordinates"":[]}"
20180127,2018-01-27,-4.480057195647252,-1.6944171411972693,-7.537555211797763,"{""type"":""MultiPoint"",""coordinates"":[]}"
20180128,2018-01-28,-4.330106379035664,-1.5745005483065844,-7.247862291895635,"{""type"":""MultiPoint"",""coordinates"":[]}"
20180129,2018-01-29,-4.030468119332159,-1.2717108380556383,-6.921556437555074,"{""type"":""MultiPoint"",""coordinates"":[]}"
20180130,2018-01-30,-3.9512415773060408,-0.9554520037729508,-7.011213037962136,"{""type"":""MultiPoint"",""coordinates"":[]}"
20180131,2018-01-31,-3.182889029997384,-0.1392541631338279,-6.6390711443615436,"{""type"":""MultiPoint"",""coordinates"":[]}"
20180201,2018-02-01,-3.0752460317560053,0.2773232535143376,-6.721727815082257,"{""type"":""MultiPoint"",""coordinates"":[]}"
20180202,2018-02-02,-3.54313549643393,-0.2566479461643353,-6.862261977144627,"{""type"":""MultiPoint"",""coordinates"":[]}"
20180203,2018-02-03,-3.725017316468413,-0.5396861310690808,-7.077918109124732,"{""type"":""MultiPoint"",""coordinates"":[]}"
20180204,2018-02-04,-5.013491952299774,-1.5739137463322346,-8.570810794347699,"{""type"":""MultiPoint"",""coordinates"":[]}"
20180205,2018-02-05,-3.1834699185488664,-0.30078469948478437,-6.923841779411092,"{""type"":""MultiPoint"",""coordinates"":[]}"
20180206,2018-02-06,-2.1061794556976583,1.0311225102494583,-5.665548416793714,"{""type"":""MultiPoint"",""coordinates"":[]}"
20180207,2018-02-07,-2.952314367444383,0.07389005267825029,-6.205510775072641,"{""type"":""MultiPoint"",""coordinates"":[]}"
20180208,2018-02-08,-3.4520262997618825,-0.2340108948474396,-6.541221648695668,"{""type"":""MultiPoint"",""coordinates"":[]}"
20180209,2018-02-09,-3.8961373147068934,-0.8376215541792206,-7.102204229537476,"{""type"":""MultiPoint"",""coordinates"":[]}"
20180210,2018-02-10,-3.874682068455003,-0.745128729131987,-7.224725324002689,"{""type"":""MultiPoint"",""coordinates"":[]}"
20180211,2018-02-11,-2.3067329364402895,0.5350100531182836,-5.80315739846813,"{""type"":""MultiPoint"",""coordinates"":[]}"
20180212,2018-02-12,-0.5266953371781208,2.3586907831251978,-3.8287050958603124,"{""type"":""MultiPoint"",""coordinates"":[]}"
20180213,2018-02-13,-0.555664184336389,2.537726243362009,-3.746074861314827,"{""type"":""MultiPoint"",""coordinates"":[]}"
20180214,2018-02-14,-2.0650871896421843,1.1051341378463202,-5.288447023990175,"{""type"":""MultiPoint"",""coordinates"":[]}"
20180215,2018-02-15,-2.172281145773054,0.8169843586952804,-5.528323344901162,"{""type"":""MultiPoint"",""coordinates"":[]}"
20180216,2018-02-16,-1.1800213113780502,1.8282182718301374,-4.776879472196562,"{""type"":""MultiPoint"",""coordinates"":[]}"
20180217,2018-02-17,-1.5980150824337054,1.517994242582652,-4.891142335851045,"{""type"":""MultiPoint"",""coordinates"":[]}"
20180218,2018-02-18,-2.6106622819068552,0.9100580235304847,-6.218432926007587,"{""type"":""MultiPoint"",""coordinates"":[]}"
20180219,2018-02-19,-2.462507802125503,0.8977935888847286,-6.130201646467899,"{""type"":""MultiPoint"",""coordinates"":[]}"
20180220,2018-02-20,-1.6583625070072212,1.4295488302516628,-5.396594294544005,"{""type"":""MultiPoint"",""coordinates"":[]}"
20180221,2018-02-21,-1.0823362097643987,1.9445533572128628,-4.440053419127473,"{""type"":""MultiPoint"",""coordinates"":[]}"
20180222,2018-02-22,-0.9782717487217334,2.1562594124907006,-4.442547058576417,"{""type"":""MultiPoint"",""coordinates"":[]}"
20180223,2018-02-23,-0.807670895684416,2.2676489524485532,-4.192369236147604,"{""type"":""MultiPoint"",""coordinates"":[]}"
20180224,2018-02-24,-0.11658942299554359,3.0706179337668034,-3.6281702146241517,"{""type"":""MultiPoint"",""coordinates"":[]}"
20180225,2018-02-25,0.02557596102627813,3.288528770923632,-3.673056582042474,"{""type"":""MultiPoint"",""coordinates"":[]}"
20180226,2018-02-26,-0.523105703652569,3.018082674319181,-4.201730496152861,"{""type"":""MultiPoint"",""coordinates"":[]}"
20180227,2018-02-27,0.010591075519964702,3.1342007873928464,-3.409938431423139,"{""type"":""MultiPoint"",""coordinates"":[]}"
20180228,2018-02-28,0.45383499402115973,3.4650520338703186,-2.9616639342003985,"{""type"":""MultiPoint"",""coordinates"":[]}"
20180301,2018-03-01,0.7888367080278886,3.7689802570666555,-2.5921223040383103,"{""type"":""MultiPoint"",""coordinates"":[]}"
20180302,2018-03-02,0.5315935373149999,3.7872793559360582,-2.7733486887947496,"{""type"":""MultiPoint"",""coordinates"":[]}"
20180303,2018-03-03,0.3091156237684687,3.811167134658341,-3.422352134450602,"{""type"":""MultiPoint"",""coordinates"":[]}"
20180304,2018-03-04,0.8706628750873128,3.9833786102938618,-2.7048148351774284,"{""type"":""MultiPoint"",""coordinates"":[]}"
20180305,2018-03-05,0.10263189836563912,3.514327067412983,-3.577889561474081,"{""type"":""MultiPoint"",""coordinates"":[]}"
20180306,2018-03-06,-1.8592797591161982,1.8535461153123642,-5.597767253915549,"{""type"":""MultiPoint"",""coordinates"":[]}"
20180307,2018-03-07,-3.189007834029694,0.516809915639263,-6.979400142212734,"{""type"":""MultiPoint"",""coordinates"":[]}"
20180308,2018-03-08,-2.471640308318964,1.0806576454895753,-6.484679628568666,"{""type"":""MultiPoint"",""coordinates"":[]}"
20180309,2018-03-09,-1.410627418603781,2.150550556820662,-5.275869467455154,"{""type"":""MultiPoint"",""coordinates"":[]}"
20180310,2018-03-10,-1.1483850728614764,2.3767935053413436,-4.8668700444006125,"{""type"":""MultiPoint"",""coordinates"":[]}"
20180311,2018-03-11,-1.1608379035401502,2.4262978229614256,-5.05765826004691,"{""type"":""MultiPoint"",""coordinates"":[]}"
20180312,2018-03-12,-0.8046172351878013,2.8605592033905496,-4.69975405108238,"{""type"":""MultiPoint"",""coordinates"":[]}"
20180313,2018-03-13,-0.7420788428686216,3.0972870149202105,-4.727265002125853,"{""type"":""MultiPoint"",""coordinates"":[]}"
20180314,2018-03-14,-0.005414223573066954,3.6246307286158834,-4.101231645020966,"{""type"":""MultiPoint"",""coordinates"":[]}"
20180315,2018-03-15,1.436499322483508,4.640564158752652,-2.4821719924744916,"{""type"":""MultiPoint"",""coordinates"":[]}"
20180316,2018-03-16,1.0167366105672098,4.580717939604682,-2.7510849396443304,"{""type"":""MultiPoint"",""coordinates"":[]}"
20180317,2018-03-17,-0.031159035806192222,3.4515505402567563,-3.585873098105304,"{""type"":""MultiPoint"",""coordinates"":[]}"
20180318,2018-03-18,-1.8712144970075946,2.401795164178745,-5.934313668117553,"{""type"":""MultiPoint"",""coordinates"":[]}"
20180319,2018-03-19,-1.6075314696497383,2.2447676313615466,-5.832458224151352,"{""type"":""MultiPoint"",""coordinates"":[]}"
20180320,2018-03-20,-0.4143951475161206,3.217146951519253,-4.460897778980898,"{""type"":""MultiPoint"",""coordinates"":[]}"
20180321,2018-03-21,0.8102681092560367,4.400360469588632,-3.088298680669553,"{""type"":""MultiPoint"",""coordinates"":[]}"
20180322,2018-03-22,1.3915561515096901,4.855835028242466,-2.3928233313371243,"{""type"":""MultiPoint"",""coordinates"":[]}"
20180323,2018-03-23,1.0269005591220355,4.535993854777518,-2.7086580224137218,"{""type"":""MultiPoint"",""coordinates"":[]}"
20180324,2018-03-24,0.5328978322251902,4.286215948423588,-3.400773584944631,"{""type"":""MultiPoint"",""coordinates"":[]}"
20180325,2018-03-25,0.4626364813731009,4.389811208012897,-3.722675995528077,"{""type"":""MultiPoint"",""coordinates"":[]}"
20180326,2018-03-26,-0.6092055307302512,3.514030262022543,-4.539380358279456,"{""type"":""MultiPoint"",""coordinates"":[]}"
20180327,2018-03-27,-1.0548909988564157,3.299035493068288,-5.607601351829633,"{""type"":""MultiPoint"",""coordinates"":[]}"
20180328,2018-03-28,0.24224733518004055,4.719634439903093,-4.650174101921219,"{""type"":""MultiPoint"",""coordinates"":[]}"
20180329,2018-03-29,0.4786415165929539,4.8125360897166205,-4.312858795947519,"{""type"":""MultiPoint"",""coordinates"":[]}"
20180330,2018-03-30,0.7361440924930845,4.955570881123759,-3.925657908945492,"{""type"":""MultiPoint"",""coordinates"":[]}"
20180331,2018-03-31,0.7678748402293043,4.950422264632456,-3.7782564250619535,"{""type"":""MultiPoint"",""coordinates"":[]}"
20180401,2018-04-01,1.2650646311833762,5.277037820862715,-3.346008884555421,"{""type"":""MultiPoint"",""coordinates"":[]}"
20180402,2018-04-02,2.060962343325698,6.022474589460207,-2.589430218927117,"{""type"":""MultiPoint"",""coordinates"":[]}"
20180403,2018-04-03,3.00525832386548,6.7432571117885205,-1.1398206387595227,"{""type"":""MultiPoint"",""coordinates"":[]}"
20180404,2018-04-04,3.7402164648712306,7.35647655146099,-0.5576331589613633,"{""type"":""MultiPoint"",""coordinates"":[]}"
20180405,2018-04-05,3.1667829811404524,6.762971478769314,-0.6821156728959569,"{""type"":""MultiPoint"",""coordinates"":[]}"
20180406,2018-04-06,3.2701460970052887,6.587370010622101,-0.5197802937045519,"{""type"":""MultiPoint"",""coordinates"":[]}"
20180407,2018-04-07,4.093808805043561,7.323525637127132,0.21477412302615725,"{""type"":""MultiPoint"",""coordinates"":[]}"
20180408,2018-04-08,4.903752521227916,8.056490395528632,0.9603287104195654,"{""type"":""MultiPoint"",""coordinates"":[]}"
20180409,2018-04-09,6.035215895425907,8.853088563833662,2.6647596422180917,"{""type"":""MultiPoint"",""coordinates"":[]}"
20180410,2018-04-10,6.36166213973213,9.02498422409906,3.2191652539602478,"{""type"":""MultiPoint"",""coordinates"":[]}"
20180411,2018-04-11,6.066293100282444,8.949846417368281,2.8515012661357044,"{""type"":""MultiPoint"",""coordinates"":[]}"
20180412,2018-04-12,5.091406181542633,8.223175678862438,1.7838242505981246,"{""type"":""MultiPoint"",""coordinates"":[]}"
20180413,2018-04-13,3.656872073811174,7.199289275928083,-0.021132733004532472,"{""type"":""MultiPoint"",""coordinates"":[]}"
20180414,2018-04-14,2.5082158922881965,6.1411115427688925,-1.2250429392761133,"{""type"":""MultiPoint"",""coordinates"":[]}"
20180415,2018-04-15,3.1383644562871593,6.780266295263324,-0.9345223427273852,"{""type"":""MultiPoint"",""coordinates"":[]}"
20180416,2018-04-16,4.128355467247102,7.5898282909691615,0.36021587458035714,"{""type"":""MultiPoint"",""coordinates"":[]}"
20180417,2018-04-17,4.251038198168187,7.857460699991867,0.43297334784819,"{""type"":""MultiPoint"",""coordinates"":[]}"
20180418,2018-04-18,3.905373172817838,7.362667784167775,0.19027424685453606,"{""type"":""MultiPoint"",""coordinates"":[]}"
20180419,2018-04-19,3.8104250468943524,7.11710263544686,0.34319042273725,"{""type"":""MultiPoint"",""coordinates"":[]}"
20180420,2018-04-20,4.173505168283106,7.707379091828123,0.473720923422962,"{""type"":""MultiPoint"",""coordinates"":[]}"
20180421,2018-04-21,3.335887058973291,7.282886277849982,-0.38358625318920664,"{""type"":""MultiPoint"",""coordinates"":[]}"
20180422,2018-04-22,2.3755320376374214,6.251744836767287,-1.3226931025002655,"{""type"":""MultiPoint"",""coordinates"":[]}"
20180423,2018-04-23,1.7813930050053897,5.70986839548087,-2.04210349263464,"{""type"":""MultiPoint"",""coordinates"":[]}"
20180424,2018-04-24,1.1967193724837433,5.549133135201711,-2.9627405155816158,"{""type"":""MultiPoint"",""coordinates"":[]}"
20180425,2018-04-25,1.0685597724324283,5.469689699478423,-3.2521753052391347,"{""type"":""MultiPoint"",""coordinates"":[]}"
20180426,2018-04-26,2.2830269636753755,6.405001940915092,-2.0762651024734025,"{""type"":""MultiPoint"",""coordinates"":[]}"
20180427,2018-04-27,4.113128341877652,7.967423030772184,-0.12122423910345496,"{""type"":""MultiPoint"",""coordinates"":[]}"
20180428,2018-04-28,5.195033159988688,8.650851079758231,1.1660606960263715,"{""type"":""MultiPoint"",""coordinates"":[]}"
20180429,2018-04-29,4.987652167929236,8.320430972910463,1.2752423341333128,"{""type"":""MultiPoint"",""coordinates"":[]}"
20180430,2018-04-30,4.341747000970189,7.946171882073165,0.3620458762025343,"{""type"":""MultiPoint"",""coordinates"":[]}"
20180501,2018-05-01,4.891493813240373,8.345887210892132,1.0649808742237985,"{""type"":""MultiPoint"",""coordinates"":[]}"
20180502,2018-05-02,6.10919610614689,9.269993149187078,2.3417055549610875,"{""type"":""MultiPoint"",""coordinates"":[]}"
20180503,2018-05-03,7.320506119353,10.288964585108575,3.9386986879312653,"{""type"":""MultiPoint"",""coordinates"":[]}"
20180504,2018-05-04,7.233046191621748,10.166433829050556,4.006958660686236,"{""type"":""MultiPoint"",""coordinates"":[]}"
20180505,2018-05-05,6.464396196509395,9.675505776039268,2.925896400845529,"{""type"":""MultiPoint"",""coordinates"":[]}"
20180506,2018-05-06,6.731172156630377,9.883601394099397,3.212379559963001,"{""type"":""MultiPoint"",""coordinates"":[]}"
20180507,2018-05-07,6.853290710036234,10.04634056750733,3.4050949036102365,"{""type"":""MultiPoint"",""coordinates"":[]}"
20180508,2018-05-08,6.8738651656097725,9.907049948293443,3.545806672791097,"{""type"":""MultiPoint"",""coordinates"":[]}"
20180509,2018-05-09,6.378633235326668,9.702863848526027,2.9166085932029464,"{""type"":""MultiPoint"",""coordinates"":[]}"
20180510,2018-05-10,5.34225979253352,8.891840551752857,1.760121794614866,"{""type"":""MultiPoint"",""coordinates"":[]}"
20180511,2018-05-11,4.996008730384997,8.599936516048315,1.1822204810537948,"{""type"":""MultiPoint"",""coordinates"":[]}"
20180512,2018-05-12,5.775495937567441,9.176254577895302,1.897716730828781,"{""type"":""MultiPoint"",""coordinates"":[]}"
20180513,2018-05-13,6.975207360170274,10.172010712510755,3.160051012370992,"{""type"":""MultiPoint"",""coordinates"":[]}"
20180514,2018-05-14,7.957810545493722,10.899770878179844,4.545359624546876,"{""type"":""MultiPoint"",""coordinates"":[]}"
20180515,2018-05-15,8.32574464561021,11.126894435290072,5.009727667237116,"{""type"":""MultiPoint"",""coordinates"":[]}"
20180516,2018-05-16,8.195486228836884,10.990978322523672,5.025616696006672,"{""type"":""MultiPoint"",""coordinates"":[]}"
20180517,2018-05-17,7.993861601828991,11.056783513604167,4.642569271932664,"{""type"":""MultiPoint"",""coordinates"":[]}"
20180518,2018-05-18,8.21883685126422,11.017783418690154,5.1490457226321205,"{""type"":""MultiPoint"",""coordinates"":[]}"
20180519,2018-05-19,7.898666410321352,10.85161932075307,4.820611216963487,"{""type"":""MultiPoint"",""coordinates"":[]}"
20180520,2018-05-20,7.135948793784255,10.470085900204984,3.926385772770802,"{""type"":""MultiPoint"",""coordinates"":[]}"
20180521,2018-05-21,6.628327514017096,9.702408428599838,3.3674097133793275,"{""type"":""MultiPoint"",""coordinates"":[]}"
20180522,2018-05-22,6.5640046910551755,9.658790620782923,3.218379476581964,"{""type"":""MultiPoint"",""coordinates"":[]}"
20180523,2018-05-23,6.289377952236054,9.60488116734045,2.924549838449141,"{""type"":""MultiPoint"",""coordinates"":[]}"
20180524,2018-05-24,6.104770408265975,9.746787582517184,2.65915571018179,"{""type"":""MultiPoint"",""coordinates"":[]}"
20180525,2018-05-25,6.177451384345535,9.665152292508488,2.714761860519861,"{""type"":""MultiPoint"",""coordinates"":[]}"
20180526,2018-05-26,6.136766902697276,9.498176458334164,2.613028441310626,"{""type"":""MultiPoint"",""coordinates"":[]}"
20180527,2018-05-27,6.820407524076362,10.058468543849207,3.4497239237509407,"{""type"":""MultiPoint"",""coordinates"":[]}"
20180528,2018-05-28,7.041783997198944,10.41232046725236,3.581816208170577,"{""type"":""MultiPoint"",""coordinates"":[]}"
20180529,2018-05-29,8.004483302793824,11.067996305851203,4.582010018533193,"{""type"":""MultiPoint"",""coordinates"":[]}"
20180530,2018-05-30,8.967660910496686,11.837653460544932,5.813014263429706,"{""type"":""MultiPoint"",""coordinates"":[]}"
20180531,2018-05-31,9.126578735552528,12.13434921989216,5.936201079043947,"{""type"":""MultiPoint"",""coordinates"":[]}"
20180601,2018-06-01,9.982413982916011,12.75005030888333,7.024036554023454,"{""type"":""MultiPoint"",""coordinates"":[]}"
20180602,2018-06-02,10.654219849398949,12.980770797719819,8.087194501503468,"{""type"":""MultiPoint"",""coordinates"":[]}"
20180603,2018-06-03,9.423889450965238,12.191722176846879,6.666104589001815,"{""type"":""MultiPoint"",""coordinates"":[]}"
20180604,2018-06-04,9.36323006349673,12.157796615178071,6.583903741514165,"{""type"":""MultiPoint"",""coordinates"":[]}"
20180605,2018-06-05,10.552916528173,13.354166190938315,7.720646957733959,"{""type"":""MultiPoint"",""coordinates"":[]}"
20180606,2018-06-06,11.827219733242597,14.11959387405238,9.133350234202613,"{""type"":""MultiPoint"",""coordinates"":[]}"
20180607,2018-06-07,11.220204197802644,13.820711339521335,8.595189312396826,"{""type"":""MultiPoint"",""coordinates"":[]}"
20180608,2018-06-08,11.604092926275653,13.918059664166133,9.083758304330832,"{""type"":""MultiPoint"",""coordinates"":[]}"
20180609,2018-06-09,12.721858866403883,14.787246955385447,10.365188798107056,"{""type"":""MultiPoint"",""coordinates"":[]}"
20180610,2018-06-10,13.691352919211662,15.564111945305646,11.59355330758475,"{""type"":""MultiPoint"",""coordinates"":[]}"
20180611,2018-06-11,13.311207313795226,15.496684509872416,11.099605758506677,"{""type"":""MultiPoint"",""coordinates"":[]}"
20180612,2018-06-12,12.679443260944273,14.87995370574185,10.283129376392841,"{""type"":""MultiPoint"",""coordinates"":[]}"
20180613,2018-06-13,12.248452593223451,14.426596073396912,9.910231101238397,"{""type"":""MultiPoint"",""coordinates"":[]}"
20180614,2018-06-14,11.89323197280408,14.104033696910072,9.552014916882412,"{""type"":""MultiPoint"",""coordinates"":[]}"
20180615,2018-06-15,12.079531714276984,14.241364076094692,9.598997535370135,"{""type"":""MultiPoint"",""coordinates"":[]}"
20180616,2018-06-16,12.758887540546194,14.753181845305814,10.511581806409499,"{""type"":""MultiPoint"",""coordinates"":[]}"
20180617,2018-06-17,12.828248500855615,14.79509945890538,10.656559208157093,"{""type"":""MultiPoint"",""coordinates"":[]}"
20180618,2018-06-18,12.924101719648842,14.95400456211932,10.838943073087353,"{""type"":""MultiPoint"",""coordinates"":[]}"
20180619,2018-06-19,13.132783376988366,15.169513846953329,10.990600753650199,"{""type"":""MultiPoint"",""coordinates"":[]}"
20180620,2018-06-20,13.121364195232466,15.367009682233862,10.81785749185464,"{""type"":""MultiPoint"",""coordinates"":[]}"
20180621,2018-06-21,13.253744599203182,15.432655489210426,11.086854616278615,"{""type"":""MultiPoint"",""coordinates"":[]}"
20180622,2018-06-22,13.21876507583534,15.355189844742242,11.070895811619563,"{""type"":""MultiPoint"",""coordinates"":[]}"
20180623,2018-06-23,13.642671057927364,15.625732754624268,11.650838300895217,"{""type"":""MultiPoint"",""coordinates"":[]}"
20180624,2018-06-24,13.495740033530131,15.554981354101226,11.50280826430764,"{""type"":""MultiPoint"",""coordinates"":[]}"
20180625,2018-06-25,13.417708867079831,15.582266421040291,11.31083503972184,"{""type"":""MultiPoint"",""coordinates"":[]}"
20180626,2018-06-26,13.812472860479236,15.796184738732203,11.817751578997667,"{""type"":""MultiPoint"",""coordinates"":[]}"
20180627,2018-06-27,14.820031341023116,16.53063603393898,13.1032288025381,"{""type"":""MultiPoint"",""coordinates"":[]}"
20180628,2018-06-28,15.174558495412999,16.709955239671487,13.736322937910051,"{""type"":""MultiPoint"",""coordinates"":[]}"
20180629,2018-06-29,15.408296368674323,16.92757040238393,13.94795376352863,"{""type"":""MultiPoint"",""coordinates"":[]}"
20180630,2018-06-30,15.649222878592413,17.228210785311823,14.123064762594947,"{""type"":""MultiPoint"",""coordinates"":[]}"
20180701,2018-07-01,15.440355156463617,17.091042433345173,13.80761249416141,"{""type"":""MultiPoint"",""coordinates"":[]}"
20180702,2018-07-02,14.926510299039043,16.598977629467033,13.350041131574992,"{""type"":""MultiPoint"",""coordinates"":[]}"
20180703,2018-07-03,14.698034302770056,16.24512307823973,13.24989504191136,"{""type"":""MultiPoint"",""coordinates"":[]}"
20180704,2018-07-04,14.651417487607457,16.200739264709785,13.086552086176473,"{""type"":""MultiPoint"",""coordinates"":[]}"
20180705,2018-07-05,14.716135793633356,16.326711158096316,13.061982648638299,"{""type"":""MultiPoint"",""coordinates"":[]}"
20180706,2018-07-06,15.023852458484791,16.73609936166201,13.240686984487366,"{""type"":""MultiPoint"",""coordinates"":[]}"
20180707,2018-07-07,15.243760605605994,16.9342095133256,13.520264767552232,"{""type"":""MultiPoint"",""coordinates"":[]}"
20180708,2018-07-08,15.262184618767387,17.01931580811524,13.585234340366183,"{""type"":""MultiPoint"",""coordinates"":[]}"
20180709,2018-07-09,15.21076228315075,16.936291480626842,13.565222331292858,"{""type"":""MultiPoint"",""coordinates"":[]}"
20180710,2018-07-10,14.715793921188524,16.414216370274115,13.213303781890039,"{""type"":""MultiPoint"",""coordinates"":[]}"
20180711,2018-07-11,14.657860642813514,16.243476191348552,13.21894035642538,"{""type"":""MultiPoint"",""coordinates"":[]}"
20180712,2018-07-12,15.022252289010897,16.559930165450748,13.47641339396781,"{""type"":""MultiPoint"",""coordinates"":[]}"
20180713,2018-07-13,15.539909650327388,17.126032073223605,14.059876661317366,"{""type"":""MultiPoint"",""coordinates"":[]}"
20180714,2018-07-14,15.24853868938827,16.89541116635255,13.697432220522332,"{""type"":""MultiPoint"",""coordinates"":[]}"
20180715,2018-07-15,15.094921270251502,16.76426066945747,13.57389515757868,"{""type"":""MultiPoint"",""coordinates"":[]}"
20180716,2018-07-16,15.515508200427746,17.063416575341225,13.99309523391896,"{""type"":""MultiPoint"",""coordinates"":[]}"
20180717,2018-07-17,16.032097585224037,17.55632135027005,14.637068068546094,"{""type"":""MultiPoint"",""coordinates"":[]}"
20180718,2018-07-18,15.949017066648638,17.404931548265026,14.671076916486404,"{""type"":""MultiPoint"",""coordinates"":[]}"
20180719,2018-07-19,15.873717383146767,17.418683068745256,14.392670910366151,"{""type"":""MultiPoint"",""coordinates"":[]}"
20180720,2018-07-20,15.664263419020957,17.36608080414509,14.145077399405126,"{""type"":""MultiPoint"",""coordinates"":[]}"
20180721,2018-07-21,15.660344060160687,17.20737174459891,14.203543378586868,"{""type"":""MultiPoint"",""coordinates"":[]}"
20180722,2018-07-22,15.343364881963197,16.71637682959805,14.006953492939704,"{""type"":""MultiPoint"",""coordinates"":[]}"
20180723,2018-07-23,15.110048660651971,16.604741813177082,13.758807488201326,"{""type"":""MultiPoint"",""coordinates"":[]}"
20180724,2018-07-24,15.321221992777222,16.876019530236558,13.903572605877038,"{""type"":""MultiPoint"",""coordinates"":[]}"
20180725,2018-07-25,15.238798131453162,16.73981315814795,13.876973321863714,"{""type"":""MultiPoint"",""coordinates"":[]}"
20180726,2018-07-26,15.393136615385462,16.844831778970537,13.998542690553561,"{""type"":""MultiPoint"",""coordinates"":[]}"
20180727,2018-07-27,15.56329835135771,16.948733339189157,14.270879447163212,"{""type"":""MultiPoint"",""coordinates"":[]}"
20180728,2018-07-28,15.629721634539703,17.09973286850011,14.35798201294609,"{""type"":""MultiPoint"",""coordinates"":[]}"
20180729,2018-07-29,15.540460764482216,17.0245991820804,14.18745623601276,"{""type"":""MultiPoint"",""coordinates"":[]}"
20180730,2018-07-30,15.312987899923872,16.880797074293785,13.932353886383519,"{""type"":""MultiPoint"",""coordinates"":[]}"
20180731,2018-07-31,14.935576953400984,16.477692954123278,13.57054181782945,"{""type"":""MultiPoint"",""coordinates"":[]}"
20180801,2018-08-01,14.863167039066559,16.31653015674211,13.472859579638849,"{""type"":""MultiPoint"",""coordinates"":[]}"
20180802,2018-08-02,14.976507694162796,16.42398465045471,13.563077153623505,"{""type"":""MultiPoint"",""coordinates"":[]}"
20180803,2018-08-03,15.038796083818003,16.603469564932745,13.553079218493998,"{""type"":""MultiPoint"",""coordinates"":[]}"
20180804,2018-08-04,15.162353411049377,16.68528723993343,13.690701608487384,"{""type"":""MultiPoint"",""coordinates"":[]}"
20180805,2018-08-05,15.18966788890389,16.76156130115376,13.732726743545461,"{""type"":""MultiPoint"",""coordinates"":[]}"
20180806,2018-08-06,15.042399894219256,16.632535424121468,13.61946711890084,"{""type"":""MultiPoint"",""coordinates"":[]}"
20180807,2018-08-07,14.980934944718937,16.488726608377693,13.567287185355463,"{""type"":""MultiPoint"",""coordinates"":[]}"
20180808,2018-08-08,15.461497721910336,16.893971057838275,14.130613839439977,"{""type"":""MultiPoint"",""coordinates"":[]}"
20180809,2018-08-09,15.896214777444511,17.471821475979652,14.497235483944102,"{""type"":""MultiPoint"",""coordinates"":[]}"
20180810,2018-08-10,15.742964322092192,17.433688767066155,14.298830821623383,"{""type"":""MultiPoint"",""coordinates"":[]}"
20180811,2018-08-11,15.397314473650612,16.911213915199586,14.040809556987325,"{""type"":""MultiPoint"",""coordinates"":[]}"
20180812,2018-08-12,14.98573048674272,16.435825245079453,13.648287522232149,"{""type"":""MultiPoint"",""coordinates"":[]}"
20180813,2018-08-13,15.187541184924802,16.74255623643523,13.684703441454772,"{""type"":""MultiPoint"",""coordinates"":[]}"
20180814,2018-08-14,15.32247087037978,16.861139883743487,13.868176400248695,"{""type"":""MultiPoint"",""coordinates"":[]}"
20180815,2018-08-15,15.334878411316176,16.96655617198428,13.879998774737535,"{""type"":""MultiPoint"",""coordinates"":[]}"
20180816,2018-08-16,15.618250823667458,17.225280635230312,14.14984353495547,"{""type"":""MultiPoint"",""coordinates"":[]}"
20180817,2018-08-17,15.922186089422274,17.495261259210164,14.541200537862656,"{""type"":""MultiPoint"",""coordinates"":[]}"
20180818,2018-08-18,15.958460955954013,17.55873041509279,14.501306201930193,"{""type"":""MultiPoint"",""coordinates"":[]}"
20180819,2018-08-19,15.691354964707791,17.1696857494182,14.303925897728472,"{""type"":""MultiPoint"",""coordinates"":[]}"
20180820,2018-08-20,15.389613516004744,16.93060078583152,13.960249209266795,"{""type"":""MultiPoint"",""coordinates"":[]}"
20180821,2018-08-21,14.94155288970113,16.494156892755687,13.46743183325654,"{""type"":""MultiPoint"",""coordinates"":[]}"
20180822,2018-08-22,15.064907829944957,16.59157157615854,13.61067405863461,"{""type"":""MultiPoint"",""coordinates"":[]}"
20180823,2018-08-23,15.224550561032908,16.816668369521285,13.73033782697686,"{""type"":""MultiPoint"",""coordinates"":[]}"
20180824,2018-08-24,14.946797506986393,16.58582006088868,13.480650152630641,"{""type"":""MultiPoint"",""coordinates"":[]}"
20180825,2018-08-25,14.805632472802603,16.333917780579025,13.405587206078321,"{""type"":""MultiPoint"",""coordinates"":[]}"
20180826,2018-08-26,14.906609107159952,16.476723380413045,13.5201314248213,"{""type"":""MultiPoint"",""coordinates"":[]}"
20180827,2018-08-27,14.962731534429516,16.52813515962826,13.54655194795689,"{""type"":""MultiPoint"",""coordinates"":[]}"
20180828,2018-08-28,14.909502015148,16.642354939812897,13.384531704889893,"{""type"":""MultiPoint"",""coordinates"":[]}"
20180829,2018-08-29,14.986957302595217,16.630741361516325,13.55366805130195,"{""type"":""MultiPoint"",""coordinates"":[]}"
20180830,2018-08-30,14.799626944063052,16.37115682042692,13.37716842959428,"{""type"":""MultiPoint"",""coordinates"":[]}"
20180831,2018-08-31,14.770919817937607,16.363341274077268,13.288227881511132,"{""type"":""MultiPoint"",""coordinates"":[]}"
20180901,2018-09-01,14.586204533633095,16.15203797902457,13.12815708180484,"{""type"":""MultiPoint"",""coordinates"":[]}"
20180902,2018-09-02,14.591330174823176,16.149519247984827,13.11137284601484,"{""type"":""MultiPoint"",""coordinates"":[]}"
20180903,2018-09-03,14.685148737302153,16.30756647897139,13.251314558044237,"{""type"":""MultiPoint"",""coordinates"":[]}"
20180904,2018-09-04,14.44772993237066,16.13516142025908,12.901773403036884,"{""type"":""MultiPoint"",""coordinates"":[]}"
20180905,2018-09-05,14.031377524750479,15.673235063491667,12.400799398814312,"{""type"":""MultiPoint"",""coordinates"":[]}"
20180906,2018-09-06,13.843369430147664,15.531062234061976,12.111296349364103,"{""type"":""MultiPoint"",""coordinates"":[]}"
20180907,2018-09-07,13.80076082251628,15.621073945638837,12.042564426889726,"{""type"":""MultiPoint"",""coordinates"":[]}"
20180908,2018-09-08,13.77065662100292,15.56088375154639,11.986156762678306,"{""type"":""MultiPoint"",""coordinates"":[]}"
20180909,2018-09-09,13.764541186635803,15.435146938118969,12.108336747002872,"{""type"":""MultiPoint"",""coordinates"":[]}"
20180910,2018-09-10,13.52955503684266,15.40884347279686,11.815488275876804,"{""type"":""MultiPoint"",""coordinates"":[]}"
20180911,2018-09-11,12.950631186704616,14.691947954433116,11.19731284143687,"{""type"":""MultiPoint"",""coordinates"":[]}"
20180912,2018-09-12,12.232294067863215,14.19311842534941,10.276828634620852,"{""type"":""MultiPoint"",""coordinates"":[]}"
20180913,2018-09-13,11.882730524097209,13.632212656802459,9.918970961334033,"{""type"":""MultiPoint"",""coordinates"":[]}"
20180914,2018-09-14,12.018625438855914,13.799779928820206,10.104114892959496,"{""type"":""MultiPoint"",""coordinates"":[]}"
20180915,2018-09-15,11.81606102526738,13.735835718655926,9.724684430646029,"{""type"":""MultiPoint"",""coordinates"":[]}"
20180916,2018-09-16,11.478774579666744,13.466478177977882,9.29728212373426,"{""type"":""MultiPoint"",""coordinates"":[]}"
20180917,2018-09-17,11.030947420760892,13.06770622807707,8.844623246603225,"{""type"":""MultiPoint"",""coordinates"":[]}"
20180918,2018-09-18,10.588344458128741,12.767266029279542,8.165823563779915,"{""type"":""MultiPoint"",""coordinates"":[]}"
20180919,2018-09-19,10.451152915330049,12.652601132945058,7.96635371091722,"{""type"":""MultiPoint"",""coordinates"":[]}"
20180920,2018-09-20,10.693011960065649,13.008144697733973,8.075577974152992,"{""type"":""MultiPoint"",""coordinates"":[]}"
20180921,2018-09-21,11.598296337997796,13.792573675010544,9.010782648965595,"{""type"":""MultiPoint"",""coordinates"":[]}"
20180922,2018-09-22,12.522890401047146,14.343268988566743,10.191320762538354,"{""type"":""MultiPoint"",""coordinates"":[]}"
20180923,2018-09-23,12.979649806546398,14.67211768524483,11.170230736627806,"{""type"":""MultiPoint"",""coordinates"":[]}"
20180924,2018-09-24,12.70166289793188,14.488588943875932,10.754443921598616,"{""type"":""MultiPoint"",""coordinates"":[]}"
20180925,2018-09-25,12.161117172986918,14.103732745129879,9.937317334606265,"{""type"":""MultiPoint"",""coordinates"":[]}"
20180926,2018-09-26,11.543390881340722,13.767086264265615,9.029217973943306,"{""type"":""MultiPoint"",""coordinates"":[]}"
20180927,2018-09-27,10.88399607226392,13.279444537797888,8.421613906420543,"{""type"":""MultiPoint"",""coordinates"":[]}"
20180928,2018-09-28,10.837853765172335,13.226782496432316,8.268761621377328,"{""type"":""MultiPoint"",""coordinates"":[]}"
20180929,2018-09-29,10.398348203568014,12.925991573728878,7.8492278475310275,"{""type"":""MultiPoint"",""coordinates"":[]}"
20180930,2018-09-30,9.760062906690132,12.21991916351166,7.241563034376816,"{""type"":""MultiPoint"",""coordinates"":[]}"
20181001,2018-10-01,9.394493066197837,11.92894022672932,6.779240813151148,"{""type"":""MultiPoint"",""coordinates"":[]}"
20181002,2018-10-02,8.751413312614773,11.257169453496491,5.998626636094826,"{""type"":""MultiPoint"",""coordinates"":[]}"
20181003,2018-10-03,8.4755626062943,10.87094777463208,5.809855069647632,"{""type"":""MultiPoint"",""coordinates"":[]}"
20181004,2018-10-04,8.51433987583578,10.828135821899467,5.981896208629434,"{""type"":""MultiPoint"",""coordinates"":[]}"
20181005,2018-10-05,8.273453876792525,10.648479335174564,5.7461358241760845,"{""type"":""MultiPoint"",""coordinates"":[]}"
20181006,2018-10-06,7.5549366160336175,10.06547237661317,4.870046535542695,"{""type"":""MultiPoint"",""coordinates"":[]}"
20181007,2018-10-07,6.883214679273921,9.489176504595926,4.018676942560299,"{""type"":""MultiPoint"",""coordinates"":[]}"
20181008,2018-10-08,6.35418693167789,9.066868951622464,3.075103933147529,"{""type"":""MultiPoint"",""coordinates"":[]}"
20181009,2018-10-09,5.833542315738075,8.821821446133757,2.3179107273177557,"{""type"":""MultiPoint"",""coordinates"":[]}"
20181010,2018-10-10,5.701628578376298,8.636767461152887,2.3994175176591876,"{""type"":""MultiPoint"",""coordinates"":[]}"
20181011,2018-10-11,6.077748829690751,8.701694193896422,2.9163597647824084,"{""type"":""MultiPoint"",""coordinates"":[]}"
20181012,2018-10-12,6.0874361476998295,8.913721883040601,3.0316400731240045,"{""type"":""MultiPoint"",""coordinates"":[]}"
20181013,2018-10-13,5.460354803545448,8.208331783784057,2.4484246489503505,"{""type"":""MultiPoint"",""coordinates"":[]}"
20181014,2018-10-14,5.010876132211332,7.911001925945479,1.8651512181340781,"{""type"":""MultiPoint"",""coordinates"":[]}"
20181015,2018-10-15,4.992036968927868,7.900460574033965,1.7606758475708792,"{""type"":""MultiPoint"",""coordinates"":[]}"
20181016,2018-10-16,4.994270777628227,7.834563708469,1.9646636239532365,"{""type"":""MultiPoint"",""coordinates"":[]}"
20181017,2018-10-17,5.056306978038866,7.799525509862176,1.9399092008024446,"{""type"":""MultiPoint"",""coordinates"":[]}"
20181018,2018-10-18,4.422275745991251,7.311263291878592,1.5064666122933499,"{""type"":""MultiPoint"",""coordinates"":[]}"
20181019,2018-10-19,4.2620607827971595,7.182028639363829,1.2205731187563822,"{""type"":""MultiPoint"",""coordinates"":[]}"
20181020,2018-10-20,3.613978763726897,6.645788212767743,0.4815484617117043,"{""type"":""MultiPoint"",""coordinates"":[]}"
20181021,2018-10-21,3.379864461369636,6.309978476751279,0.31297715146342936,"{""type"":""MultiPoint"",""coordinates"":[]}"
20181022,2018-10-22,3.0284792628951216,6.018986266908678,-0.056651970467797214,"{""type"":""MultiPoint"",""coordinates"":[]}"
20181023,2018-10-23,2.8710130682563384,5.931230102361131,-0.24872283191450043,"{""type"":""MultiPoint"",""coordinates"":[]}"
20181024,2018-10-24,2.4497087855830384,5.640910571838299,-0.9259488200074893,"{""type"":""MultiPoint"",""coordinates"":[]}"
20181025,2018-10-25,2.570700034067774,5.611432611035106,-0.6992585120729451,"{""type"":""MultiPoint"",""coordinates"":[]}"
20181026,2018-10-26,2.6448964903266554,5.665275252663213,-0.5410922242411693,"{""type"":""MultiPoint"",""coordinates"":[]}"
20181027,2018-10-27,2.48055206198346,5.5696916580446025,-0.7322644055785081,"{""type"":""MultiPoint"",""coordinates"":[]}"
20181028,2018-10-28,2.550437717263083,5.562867817541292,-0.7537432346635349,"{""type"":""MultiPoint"",""coordinates"":[]}"
20181029,2018-10-29,2.6281298520774157,5.648327340960412,-0.7524013050151792,"{""type"":""MultiPoint"",""coordinates"":[]}"
20181030,2018-10-30,2.842564030487228,5.691372409229766,-0.29856837754614224,"{""type"":""MultiPoint"",""coordinates"":[]}"
20181031,2018-10-31,3.733608943802834,6.40365930320025,0.710237385063692,"{""type"":""MultiPoint"",""coordinates"":[]}"
20181101,2018-11-01,4.359640669005145,6.932831778099304,1.315807390657482,"{""type"":""MultiPoint"",""coordinates"":[]}"
20181102,2018-11-02,4.59406694229603,7.071297485018828,1.794864434904448,"{""type"":""MultiPoint"",""coordinates"":[]}"
20181103,2018-11-03,4.453120493883346,6.919657205692043,1.8099776983902918,"{""type"":""MultiPoint"",""coordinates"":[]}"
20181104,2018-11-04,3.3120888482726873,6.1464169852004416,0.23375920069007716,"{""type"":""MultiPoint"",""coordinates"":[]}"
20181105,2018-11-05,1.681560707747749,4.638925055231654,-1.5159990753987682,"{""type"":""MultiPoint"",""coordinates"":[]}"
20181106,2018-11-06,-0.5000835225581726,3.249884821855257,-4.455920785654478,"{""type"":""MultiPoint"",""coordinates"":[]}"
20181107,2018-11-07,-1.5852394412087716,2.1405760602521444,-5.731009035656604,"{""type"":""MultiPoint"",""coordinates"":[]}"
20181108,2018-11-08,0.2285657368461872,3.4122186977764892,-3.5519282916196655,"{""type"":""MultiPoint"",""coordinates"":[]}"
20181109,2018-11-09,1.3223474831641138,4.221442073228209,-1.8939262692290333,"{""type"":""MultiPoint"",""coordinates"":[]}"
20181110,2018-11-10,1.6796064540760265,4.5126994419210265,-1.4234885261734032,"{""type"":""MultiPoint"",""coordinates"":[]}"
20181111,2018-11-11,1.8605938475246457,4.835584627195251,-1.303334273260681,"{""type"":""MultiPoint"",""coordinates"":[]}"
20181112,2018-11-12,2.159516451725544,5.065384140563847,-0.887518820015937,"{""type"":""MultiPoint"",""coordinates"":[]}"
20181113,2018-11-13,2.2305368234109806,4.960601204480242,-0.7337938784110462,"{""type"":""MultiPoint"",""coordinates"":[]}"
20181114,2018-11-14,2.1389337610020513,4.811588096219317,-0.8015162777856065,"{""type"":""MultiPoint"",""coordinates"":[]}"
20181115,2018-11-15,1.408894445078517,4.400322440470406,-1.9102668058303487,"{""type"":""MultiPoint"",""coordinates"":[]}"
20181116,2018-11-16,0.9614957252840787,3.7956938061513257,-2.2189752765925532,"{""type"":""MultiPoint"",""coordinates"":[]}"
20181117,2018-11-17,0.25263255812783975,3.1799421918912665,-2.998890396423356,"{""type"":""MultiPoint"",""coordinates"":[]}"
20181118,2018-11-18,1.3601839381277094,4.088179430899147,-2.0261682623562014,"{""type"":""MultiPoint"",""coordinates"":[]}"
20181119,2018-11-19,2.1125698165525257,4.780859317795635,-0.7705286136840729,"{""type"":""MultiPoint"",""coordinates"":[]}"
20181120,2018-11-20,1.0632604121277207,4.14143718334854,-2.10195758407915,"{""type"":""MultiPoint"",""coordinates"":[]}"
20181121,2018-11-21,-0.08315004895320119,3.0627276902029137,-3.2855098603727466,"{""type"":""MultiPoint"",""coordinates"":[]}"
20181122,2018-11-22,0.2404541948657452,3.325969580498001,-2.959018866071874,"{""type"":""MultiPoint"",""coordinates"":[]}"
20181123,2018-11-23,0.03806716814236348,3.1265013752971593,-3.1156151953921287,"{""type"":""MultiPoint"",""coordinates"":[]}"
20181124,2018-11-24,-0.8426593047850482,2.4498616737735524,-4.059720060659103,"{""type"":""MultiPoint"",""coordinates"":[]}"
20181125,2018-11-25,0.1730263679099748,3.351125444771049,-3.5057368153448545,"{""type"":""MultiPoint"",""coordinates"":[]}"
20181126,2018-11-26,-0.13065768623016907,3.3964656173720074,-3.656823423209811,"{""type"":""MultiPoint"",""coordinates"":[]}"
20181127,2018-11-27,-0.18031944601627442,2.979182765420765,-3.5478446180200236,"{""type"":""MultiPoint"",""coordinates"":[]}"
20181128,2018-11-28,1.2902283211601338,4.211777003830495,-2.2275784073458236,"{""type"":""MultiPoint"",""coordinates"":[]}"
20181129,2018-11-29,0.8030009694768547,4.131758270047117,-2.5668609694369993,"{""type"":""MultiPoint"",""coordinates"":[]}"
20181130,2018-11-30,-0.11562393317447857,3.0504311239665403,-3.3009932737570433,"{""type"":""MultiPoint"",""coordinates"":[]}"
20181201,2018-12-01,-0.9968870847704291,2.2559947007574976,-4.368737591863931,"{""type"":""MultiPoint"",""coordinates"":[]}"
20181202,2018-12-02,-0.8384490658424208,2.0082429266770188,-4.0649097073656915,"{""type"":""MultiPoint"",""coordinates"":[]}"
20181203,2018-12-03,-1.2334620776040899,1.5678514235176846,-4.195904453789656,"{""type"":""MultiPoint"",""coordinates"":[]}"
20181204,2018-12-04,-0.5937464107344999,2.085543443301267,-3.527425954422707,"{""type"":""MultiPoint"",""coordinates"":[]}"
20181205,2018-12-05,-0.022224854306514514,2.486353076339617,-2.872496773563451,"{""type"":""MultiPoint"",""coordinates"":[]}"
20181206,2018-12-06,-0.1452270066905608,2.571346217411111,-3.2680710205214716,"{""type"":""MultiPoint"",""coordinates"":[]}"
20181207,2018-12-07,-1.1202260048895558,1.7785817383018603,-4.264242976720312,"{""type"":""MultiPoint"",""coordinates"":[]}"
20181208,2018-12-08,-0.7833714353210891,1.866688330683521,-3.9262962930230754,"{""type"":""MultiPoint"",""coordinates"":[]}"
20181209,2018-12-09,-0.46811541929625367,2.206500708280455,-3.3769893339949038,"{""type"":""MultiPoint"",""coordinates"":[]}"
20181210,2018-12-10,-0.5658698313474371,2.1505565833317606,-3.6920796412459658,"{""type"":""MultiPoint"",""coordinates"":[]}"
20181211,2018-12-11,-0.8394696189622814,1.8225688537726819,-3.7687178349812838,"{""type"":""MultiPoint"",""coordinates"":[]}"
20181212,2018-12-12,-1.1154596037718596,1.4988666303589187,-3.983721415331481,"{""type"":""MultiPoint"",""coordinates"":[]}"
20181213,2018-12-13,-1.4650991210016773,1.3270120485536068,-4.426681624832598,"{""type"":""MultiPoint"",""coordinates"":[]}"
20181214,2018-12-14,-2.4115905683068912,0.477082291090322,-5.494256145393724,"{""type"":""MultiPoint"",""coordinates"":[]}"
20181215,2018-12-15,-4.068344886901572,-1.0095281674742707,-7.09842264762561,"{""type"":""MultiPoint"",""coordinates"":[]}"
20181216,2018-12-16,-4.495996810962967,-1.3310002364556404,-7.656912871548427,"{""type"":""MultiPoint"",""coordinates"":[]}"
20181217,2018-12-17,-3.239083616817957,-0.12831432238412813,-6.744665683802845,"{""type"":""MultiPoint"",""coordinates"":[]}"
20181218,2018-12-18,-2.250194261408139,0.5822104446407457,-5.675604895114224,"{""type"":""MultiPoint"",""coordinates"":[]}"
20181219,2018-12-19,-2.5010136551336863,0.6159338546699409,-6.126048378759835,"{""type"":""MultiPoint"",""coordinates"":[]}"
20181220,2018-12-20,-2.738670777851701,0.07528700247982928,-5.796607244650835,"{""type"":""MultiPoint"",""coordinates"":[]}"
20181221,2018-12-21,-3.451218341884238,-0.4375297908292,-6.593179121465301,"{""type"":""MultiPoint"",""coordinates"":[]}"
20181222,2018-12-22,-4.078312400353315,-0.9538073905933396,-7.2977719331957385,"{""type"":""MultiPoint"",""coordinates"":[]}"
20181223,2018-12-23,-3.437703086282738,-0.4671348411774514,-6.622730140252929,"{""type"":""MultiPoint"",""coordinates"":[]}"
20181224,2018-12-24,-3.155803726802246,-0.3114490619589492,-6.048595963179364,"{""type"":""MultiPoint"",""coordinates"":[]}"
20181225,2018-12-25,-3.861088405818026,-0.9164254884860757,-6.840710958210524,"{""type"":""MultiPoint"",""coordinates"":[]}"
20181226,2018-12-26,-3.963969215808326,-0.8039074621060868,-7.61488791139803,"{""type"":""MultiPoint"",""coordinates"":[]}"
20181227,2018-12-27,-4.561315720194509,-1.3799976813628612,-7.936850906709614,"{""type"":""MultiPoint"",""coordinates"":[]}"
20181228,2018-12-28,-6.833838938906901,-3.471487243087367,-10.306871246360798,"{""type"":""MultiPoint"",""coordinates"":[]}"
20181229,2018-12-29,-7.201362681979246,-4.000113168595647,-10.729824750398656,"{""type"":""MultiPoint"",""coordinates"":[]}"
20181230,2018-12-30,-5.701393058549815,-2.536910255418282,-9.450875351826612,"{""type"":""MultiPoint"",""coordinates"":[]}"
20181231,2018-12-31,-4.910050940046314,-1.7515151912492473,-8.226962405309049,"{""type"":""MultiPoint"",""coordinates"":[]}"
