system:index,date,total_evaporation_m,.geo
20000101,2000-01-01,-7.355375277332416E-4,"{""type"":""MultiPoint"",""coordinates"":[]}"
20000102,2000-01-02,-7.314048174679038E-4,"{""type"":""MultiPoint"",""coordinates"":[]}"
20000103,2000-01-03,-7.106776790537431E-4,"{""type"":""MultiPoint"",""coordinates"":[]}"
20000104,2000-01-04,-7.282475986579589E-4,"{""type"":""MultiPoint"",""coordinates"":[]}"
20000105,2000-01-05,-7.087498199677587E-4,"{""type"":""MultiPoint"",""coordinates"":[]}"
20000106,2000-01-06,-6.83118201686826E-4,"{""type"":""MultiPoint"",""coordinates"":[]}"
20000107,2000-01-07,-6.762863292582348E-4,"{""type"":""MultiPoint"",""coordinates"":[]}"
20000108,2000-01-08,-6.781561480020218E-4,"{""type"":""MultiPoint"",""coordinates"":[]}"
20000109,2000-01-09,-6.921715235876478E-4,"{""type"":""MultiPoint"",""coordinates"":[]}"
20000110,2000-01-10,-6.935679917341626E-4,"{""type"":""MultiPoint"",""coordinates"":[]}"
20000111,2000-01-11,-7.259140293188136E-4,"{""type"":""MultiPoint"",""coordinates"":[]}"
20000112,2000-01-12,-7.833074473721375E-4,"{""type"":""MultiPoint"",""coordinates"":[]}"
20000113,2000-01-13,-7.909865584882841E-4,"{""type"":""MultiPoint"",""coordinates"":[]}"
20000114,2000-01-14,-7.830910712825152E-4,"{""type"":""MultiPoint"",""coordinates"":[]}"
20000115,2000-01-15,-7.738309856277324E-4,"{""type"":""MultiPoint"",""coordinates"":[]}"
20000116,2000-01-16,-7.719401036196649E-4,"{""type"":""MultiPoint"",""coordinates"":[]}"
20000117,2000-01-17,-7.8618710402833E-4,"{""type"":""MultiPoint"",""coordinates"":[]}"
20000118,2000-01-18,-8.138545105320345E-4,"{""type"":""MultiPoint"",""coordinates"":[]}"
20000119,2000-01-19,-8.06310018451009E-4,"{""type"":""MultiPoint"",""coordinates"":[]}"
20000120,2000-01-20,-7.849870899281804E-4,"{""type"":""MultiPoint"",""coordinates"":[]}"
20000121,2000-01-21,-7.751859518276116E-4,"{""type"":""MultiPoint"",""coordinates"":[]}"
20000122,2000-01-22,-7.579601578337242E-4,"{""type"":""MultiPoint"",""coordinates"":[]}"
20000123,2000-01-23,-7.729262840842028E-4,"{""type"":""MultiPoint"",""coordinates"":[]}"
20000124,2000-01-24,-7.72559723998798E-4,"{""type"":""MultiPoint"",""coordinates"":[]}"
20000125,2000-01-25,-8.072789414996646E-4,"{""type"":""MultiPoint"",""coordinates"":[]}"
20000126,2000-01-26,-8.125629265140223E-4,"{""type"":""MultiPoint"",""coordinates"":[]}"
20000127,2000-01-27,-7.977168868250064E-4,"{""type"":""MultiPoint"",""coordinates"":[]}"
20000128,2000-01-28,-7.720317446052826E-4,"{""type"":""MultiPoint"",""coordinates"":[]}"
20000129,2000-01-29,-7.798784052773125E-4,"{""type"":""MultiPoint"",""coordinates"":[]}"
20000130,2000-01-30,-8.074566508543828E-4,"{""type"":""MultiPoint"",""coordinates"":[]}"
20000131,2000-01-31,-7.892525570652452E-4,"{""type"":""MultiPoint"",""coordinates"":[]}"
20000201,2000-02-01,-7.570554012409898E-4,"{""type"":""MultiPoint"",""coordinates"":[]}"
20000202,2000-02-02,-7.086857257459735E-4,"{""type"":""MultiPoint"",""coordinates"":[]}"
20000203,2000-02-03,-7.45074038479939E-4,"{""type"":""MultiPoint"",""coordinates"":[]}"
20000204,2000-02-04,-7.684121102090227E-4,"{""type"":""MultiPoint"",""coordinates"":[]}"
20000205,2000-02-05,-8.002009261318226E-4,"{""type"":""MultiPoint"",""coordinates"":[]}"
20000206,2000-02-06,-7.900347338616477E-4,"{""type"":""MultiPoint"",""coordinates"":[]}"
20000207,2000-02-07,-8.427789638947517E-4,"{""type"":""MultiPoint"",""coordinates"":[]}"
20000208,2000-02-08,-8.726031011863861E-4,"{""type"":""MultiPoint"",""coordinates"":[]}"
20000209,2000-02-09,-8.742680141814653E-4,"{""type"":""MultiPoint"",""coordinates"":[]}"
20000210,2000-02-10,-9.211857889749148E-4,"{""type"":""MultiPoint"",""coordinates"":[]}"
20000211,2000-02-11,-8.955878340045589E-4,"{""type"":""MultiPoint"",""coordinates"":[]}"
20000212,2000-02-12,-8.805771696495585E-4,"{""type"":""MultiPoint"",""coordinates"":[]}"
20000213,2000-02-13,-9.556764984240373E-4,"{""type"":""MultiPoint"",""coordinates"":[]}"
20000214,2000-02-14,-9.205416152140276E-4,"{""type"":""MultiPoint"",""coordinates"":[]}"
20000215,2000-02-15,-9.761998908350083E-4,"{""type"":""MultiPoint"",""coordinates"":[]}"
20000216,2000-02-16,-9.862830819596885E-4,"{""type"":""MultiPoint"",""coordinates"":[]}"
20000217,2000-02-17,-9.690070824945971E-4,"{""type"":""MultiPoint"",""coordinates"":[]}"
20000218,2000-02-18,-9.55137824471371E-4,"{""type"":""MultiPoint"",""coordinates"":[]}"
20000219,2000-02-19,-9.513268027491748E-4,"{""type"":""MultiPoint"",""coordinates"":[]}"
20000220,2000-02-20,-9.163196855276051E-4,"{""type"":""MultiPoint"",""coordinates"":[]}"
20000221,2000-02-21,-8.960196944882581E-4,"{""type"":""MultiPoint"",""coordinates"":[]}"
20000222,2000-02-22,-9.415310348712409E-4,"{""type"":""MultiPoint"",""coordinates"":[]}"
20000223,2000-02-23,-9.486721665067102E-4,"{""type"":""MultiPoint"",""coordinates"":[]}"
20000224,2000-02-24,-9.324398009691961E-4,"{""type"":""MultiPoint"",""coordinates"":[]}"
20000225,2000-02-25,-9.186627053736265E-4,"{""type"":""MultiPoint"",""coordinates"":[]}"
20000226,2000-02-26,-9.759838186612533E-4,"{""type"":""MultiPoint"",""coordinates"":[]}"
20000227,2000-02-27,-0.0010724511176108604,"{""type"":""MultiPoint"",""coordinates"":[]}"
20000228,2000-02-28,-0.0010952272193802545,"{""type"":""MultiPoint"",""coordinates"":[]}"
20000229,2000-02-29,-0.00112440471635184,"{""type"":""MultiPoint"",""coordinates"":[]}"
20000301,2000-03-01,-0.0011153068786056372,"{""type"":""MultiPoint"",""coordinates"":[]}"
20000302,2000-03-02,-0.0011138244240156466,"{""type"":""MultiPoint"",""coordinates"":[]}"
20000303,2000-03-03,-0.0011258155617935462,"{""type"":""MultiPoint"",""coordinates"":[]}"
20000304,2000-03-04,-0.0010911882755001421,"{""type"":""MultiPoint"",""coordinates"":[]}"
20000305,2000-03-05,-0.0010765224292698882,"{""type"":""MultiPoint"",""coordinates"":[]}"
20000306,2000-03-06,-0.001061242899930988,"{""type"":""MultiPoint"",""coordinates"":[]}"
20000307,2000-03-07,-0.0010462891313182893,"{""type"":""MultiPoint"",""coordinates"":[]}"
20000308,2000-03-08,-0.001000805720853637,"{""type"":""MultiPoint"",""coordinates"":[]}"
20000309,2000-03-09,-0.00101141541948764,"{""type"":""MultiPoint"",""coordinates"":[]}"
20000310,2000-03-10,-0.0010305905896189965,"{""type"":""MultiPoint"",""coordinates"":[]}"
20000311,2000-03-11,-0.0010211390910350488,"{""type"":""MultiPoint"",""coordinates"":[]}"
20000312,2000-03-12,-9.844405545634154E-4,"{""type"":""MultiPoint"",""coordinates"":[]}"
20000313,2000-03-13,-9.411572471521096E-4,"{""type"":""MultiPoint"",""coordinates"":[]}"
20000314,2000-03-14,-9.526736629872249E-4,"{""type"":""MultiPoint"",""coordinates"":[]}"
20000315,2000-03-15,-9.89578418538785E-4,"{""type"":""MultiPoint"",""coordinates"":[]}"
20000316,2000-03-16,-0.0010238188454573854,"{""type"":""MultiPoint"",""coordinates"":[]}"
20000317,2000-03-17,-0.0010335235503371016,"{""type"":""MultiPoint"",""coordinates"":[]}"
20000318,2000-03-18,-0.001016511940141498,"{""type"":""MultiPoint"",""coordinates"":[]}"
20000319,2000-03-19,-0.001013945741755247,"{""type"":""MultiPoint"",""coordinates"":[]}"
20000320,2000-03-20,-0.001007320699227435,"{""type"":""MultiPoint"",""coordinates"":[]}"
20000321,2000-03-21,-0.0010081628905900175,"{""type"":""MultiPoint"",""coordinates"":[]}"
20000322,2000-03-22,-0.001046814481238476,"{""type"":""MultiPoint"",""coordinates"":[]}"
20000323,2000-03-23,-0.0010474650217714484,"{""type"":""MultiPoint"",""coordinates"":[]}"
20000324,2000-03-24,-0.001074452578619725,"{""type"":""MultiPoint"",""coordinates"":[]}"
20000325,2000-03-25,-0.0010883245988392498,"{""type"":""MultiPoint"",""coordinates"":[]}"
20000326,2000-03-26,-0.001068580278212517,"{""type"":""MultiPoint"",""coordinates"":[]}"
20000327,2000-03-27,-0.0010406778060724356,"{""type"":""MultiPoint"",""coordinates"":[]}"
20000328,2000-03-28,-0.0010707424030432758,"{""type"":""MultiPoint"",""coordinates"":[]}"
20000329,2000-03-29,-0.0010473089552885866,"{""type"":""MultiPoint"",""coordinates"":[]}"
20000330,2000-03-30,-0.001117187771007994,"{""type"":""MultiPoint"",""coordinates"":[]}"
20000331,2000-03-31,-0.0011452347462380225,"{""type"":""MultiPoint"",""coordinates"":[]}"
20000401,2000-04-01,-0.0011202146748059841,"{""type"":""MultiPoint"",""coordinates"":[]}"
20000402,2000-04-02,-0.0011167719390952923,"{""type"":""MultiPoint"",""coordinates"":[]}"
20000403,2000-04-03,-0.0011043958475086461,"{""type"":""MultiPoint"",""coordinates"":[]}"
20000404,2000-04-04,-0.0011091618117957077,"{""type"":""MultiPoint"",""coordinates"":[]}"
20000405,2000-04-05,-0.0010919018630015196,"{""type"":""MultiPoint"",""coordinates"":[]}"
20000406,2000-04-06,-0.0010736291046685984,"{""type"":""MultiPoint"",""coordinates"":[]}"
20000407,2000-04-07,-0.001042041277485549,"{""type"":""MultiPoint"",""coordinates"":[]}"
20000408,2000-04-08,-0.0010803462377575632,"{""type"":""MultiPoint"",""coordinates"":[]}"
20000409,2000-04-09,-0.0010687296004948115,"{""type"":""MultiPoint"",""coordinates"":[]}"
20000410,2000-04-10,-0.0010939004901854156,"{""type"":""MultiPoint"",""coordinates"":[]}"
20000411,2000-04-11,-0.0011088708568108136,"{""type"":""MultiPoint"",""coordinates"":[]}"
20000412,2000-04-12,-0.0011437574407489298,"{""type"":""MultiPoint"",""coordinates"":[]}"
20000413,2000-04-13,-0.0011361100550249937,"{""type"":""MultiPoint"",""coordinates"":[]}"
20000414,2000-04-14,-0.0011535035904022657,"{""type"":""MultiPoint"",""coordinates"":[]}"
20000415,2000-04-15,-0.001198924389252668,"{""type"":""MultiPoint"",""coordinates"":[]}"
20000416,2000-04-16,-0.0012382339648725595,"{""type"":""MultiPoint"",""coordinates"":[]}"
20000417,2000-04-17,-0.001228397529626324,"{""type"":""MultiPoint"",""coordinates"":[]}"
20000418,2000-04-18,-0.0012439027920319596,"{""type"":""MultiPoint"",""coordinates"":[]}"
20000419,2000-04-19,-0.0012677338349983522,"{""type"":""MultiPoint"",""coordinates"":[]}"
20000420,2000-04-20,-0.0012440228291637325,"{""type"":""MultiPoint"",""coordinates"":[]}"
20000421,2000-04-21,-0.0012352084998750606,"{""type"":""MultiPoint"",""coordinates"":[]}"
20000422,2000-04-22,-0.0012237581978519077,"{""type"":""MultiPoint"",""coordinates"":[]}"
20000423,2000-04-23,-0.0013187030448104566,"{""type"":""MultiPoint"",""coordinates"":[]}"
20000424,2000-04-24,-0.0012885278740165217,"{""type"":""MultiPoint"",""coordinates"":[]}"
20000425,2000-04-25,-0.0013324475448309597,"{""type"":""MultiPoint"",""coordinates"":[]}"
20000426,2000-04-26,-0.001247241859484177,"{""type"":""MultiPoint"",""coordinates"":[]}"
20000427,2000-04-27,-0.0012672631160802008,"{""type"":""MultiPoint"",""coordinates"":[]}"
20000428,2000-04-28,-0.0012548934506272408,"{""type"":""MultiPoint"",""coordinates"":[]}"
20000429,2000-04-29,-0.0012796844997007095,"{""type"":""MultiPoint"",""coordinates"":[]}"
20000430,2000-04-30,-0.0013014694962402722,"{""type"":""MultiPoint"",""coordinates"":[]}"
20000501,2000-05-01,-0.0012949058114745356,"{""type"":""MultiPoint"",""coordinates"":[]}"
20000502,2000-05-02,-0.0012703305388038339,"{""type"":""MultiPoint"",""coordinates"":[]}"
20000503,2000-05-03,-0.0012866749246321103,"{""type"":""MultiPoint"",""coordinates"":[]}"
20000504,2000-05-04,-0.0013966543298457516,"{""type"":""MultiPoint"",""coordinates"":[]}"
20000505,2000-05-05,-0.001494221318795302,"{""type"":""MultiPoint"",""coordinates"":[]}"
20000506,2000-05-06,-0.0015934843637112762,"{""type"":""MultiPoint"",""coordinates"":[]}"
20000507,2000-05-07,-0.001707046323718859,"{""type"":""MultiPoint"",""coordinates"":[]}"
20000508,2000-05-08,-0.0017882435751748456,"{""type"":""MultiPoint"",""coordinates"":[]}"
20000509,2000-05-09,-0.0018405634216130443,"{""type"":""MultiPoint"",""coordinates"":[]}"
20000510,2000-05-10,-0.001821587635065839,"{""type"":""MultiPoint"",""coordinates"":[]}"
20000511,2000-05-11,-0.0018224860944512646,"{""type"":""MultiPoint"",""coordinates"":[]}"
20000512,2000-05-12,-0.0018733487221532417,"{""type"":""MultiPoint"",""coordinates"":[]}"
20000513,2000-05-13,-0.0019055074757959405,"{""type"":""MultiPoint"",""coordinates"":[]}"
20000514,2000-05-14,-0.001834294404459531,"{""type"":""MultiPoint"",""coordinates"":[]}"
20000515,2000-05-15,-0.001780426469988507,"{""type"":""MultiPoint"",""coordinates"":[]}"
20000516,2000-05-16,-0.001778510029670575,"{""type"":""MultiPoint"",""coordinates"":[]}"
20000517,2000-05-17,-0.0018157445761247133,"{""type"":""MultiPoint"",""coordinates"":[]}"
20000518,2000-05-18,-0.001813559685870854,"{""type"":""MultiPoint"",""coordinates"":[]}"
20000519,2000-05-19,-0.0017762501713039051,"{""type"":""MultiPoint"",""coordinates"":[]}"
20000520,2000-05-20,-0.0017522908011744249,"{""type"":""MultiPoint"",""coordinates"":[]}"
20000521,2000-05-21,-0.0018184627073203783,"{""type"":""MultiPoint"",""coordinates"":[]}"
20000522,2000-05-22,-0.0017135682949669156,"{""type"":""MultiPoint"",""coordinates"":[]}"
20000523,2000-05-23,-0.0017215279039842172,"{""type"":""MultiPoint"",""coordinates"":[]}"
20000524,2000-05-24,-0.001847199609581551,"{""type"":""MultiPoint"",""coordinates"":[]}"
20000525,2000-05-25,-0.0018765057225929725,"{""type"":""MultiPoint"",""coordinates"":[]}"
20000526,2000-05-26,-0.001814389424616629,"{""type"":""MultiPoint"",""coordinates"":[]}"
20000527,2000-05-27,-0.0019275749339335273,"{""type"":""MultiPoint"",""coordinates"":[]}"
20000528,2000-05-28,-0.001943424585570853,"{""type"":""MultiPoint"",""coordinates"":[]}"
20000529,2000-05-29,-0.001946043800107502,"{""type"":""MultiPoint"",""coordinates"":[]}"
20000530,2000-05-30,-0.001976976635510437,"{""type"":""MultiPoint"",""coordinates"":[]}"
20000531,2000-05-31,-0.0019809913231648266,"{""type"":""MultiPoint"",""coordinates"":[]}"
20000601,2000-06-01,-0.002054011749728048,"{""type"":""MultiPoint"",""coordinates"":[]}"
20000602,2000-06-02,-0.0020944651999305866,"{""type"":""MultiPoint"",""coordinates"":[]}"
20000603,2000-06-03,-0.002228253894446387,"{""type"":""MultiPoint"",""coordinates"":[]}"
20000604,2000-06-04,-0.0022366505390384386,"{""type"":""MultiPoint"",""coordinates"":[]}"
20000605,2000-06-05,-0.00222363893202615,"{""type"":""MultiPoint"",""coordinates"":[]}"
20000606,2000-06-06,-0.002114684353186406,"{""type"":""MultiPoint"",""coordinates"":[]}"
20000607,2000-06-07,-0.002068517335872777,"{""type"":""MultiPoint"",""coordinates"":[]}"
20000608,2000-06-08,-0.002018172480310505,"{""type"":""MultiPoint"",""coordinates"":[]}"
20000609,2000-06-09,-0.0022197496249882027,"{""type"":""MultiPoint"",""coordinates"":[]}"
20000610,2000-06-10,-0.0023468546455819475,"{""type"":""MultiPoint"",""coordinates"":[]}"
20000611,2000-06-11,-0.00245384726978067,"{""type"":""MultiPoint"",""coordinates"":[]}"
20000612,2000-06-12,-0.0023869482328241643,"{""type"":""MultiPoint"",""coordinates"":[]}"
20000613,2000-06-13,-0.0024437917779989876,"{""type"":""MultiPoint"",""coordinates"":[]}"
20000614,2000-06-14,-0.0024253847760417526,"{""type"":""MultiPoint"",""coordinates"":[]}"
20000615,2000-06-15,-0.0024167858302066116,"{""type"":""MultiPoint"",""coordinates"":[]}"
20000616,2000-06-16,-0.0023554581211157263,"{""type"":""MultiPoint"",""coordinates"":[]}"
20000617,2000-06-17,-0.002330388375665523,"{""type"":""MultiPoint"",""coordinates"":[]}"
20000618,2000-06-18,-0.0022036474966400316,"{""type"":""MultiPoint"",""coordinates"":[]}"
20000619,2000-06-19,-0.0020788904267825346,"{""type"":""MultiPoint"",""coordinates"":[]}"
20000620,2000-06-20,-0.0021097716881455396,"{""type"":""MultiPoint"",""coordinates"":[]}"
20000621,2000-06-21,-0.002116786014855557,"{""type"":""MultiPoint"",""coordinates"":[]}"
20000622,2000-06-22,-0.002131227137160636,"{""type"":""MultiPoint"",""coordinates"":[]}"
20000623,2000-06-23,-0.0023875327951752806,"{""type"":""MultiPoint"",""coordinates"":[]}"
20000624,2000-06-24,-0.0025011816459533254,"{""type"":""MultiPoint"",""coordinates"":[]}"
20000625,2000-06-25,-0.0025237209298247,"{""type"":""MultiPoint"",""coordinates"":[]}"
20000626,2000-06-26,-0.002503646802999194,"{""type"":""MultiPoint"",""coordinates"":[]}"
20000627,2000-06-27,-0.002431003519174628,"{""type"":""MultiPoint"",""coordinates"":[]}"
20000628,2000-06-28,-0.0023492991844117615,"{""type"":""MultiPoint"",""coordinates"":[]}"
20000629,2000-06-29,-0.0023246588629457143,"{""type"":""MultiPoint"",""coordinates"":[]}"
20000630,2000-06-30,-0.002382618028582841,"{""type"":""MultiPoint"",""coordinates"":[]}"
20000701,2000-07-01,-0.0025364899087959736,"{""type"":""MultiPoint"",""coordinates"":[]}"
20000702,2000-07-02,-0.002644915022730235,"{""type"":""MultiPoint"",""coordinates"":[]}"
20000703,2000-07-03,-0.0028048231764288447,"{""type"":""MultiPoint"",""coordinates"":[]}"
20000704,2000-07-04,-0.0029510677618441155,"{""type"":""MultiPoint"",""coordinates"":[]}"
20000705,2000-07-05,-0.0029667261597586527,"{""type"":""MultiPoint"",""coordinates"":[]}"
20000706,2000-07-06,-0.0027648129077454766,"{""type"":""MultiPoint"",""coordinates"":[]}"
20000707,2000-07-07,-0.002565513821917287,"{""type"":""MultiPoint"",""coordinates"":[]}"
20000708,2000-07-08,-0.002475749869866416,"{""type"":""MultiPoint"",""coordinates"":[]}"
20000709,2000-07-09,-0.0023696084560923,"{""type"":""MultiPoint"",""coordinates"":[]}"
20000710,2000-07-10,-0.002282750432009443,"{""type"":""MultiPoint"",""coordinates"":[]}"
20000711,2000-07-11,-0.002343116004009287,"{""type"":""MultiPoint"",""coordinates"":[]}"
20000712,2000-07-12,-0.002482344723786569,"{""type"":""MultiPoint"",""coordinates"":[]}"
20000713,2000-07-13,-0.0025582903218828524,"{""type"":""MultiPoint"",""coordinates"":[]}"
20000714,2000-07-14,-0.0026128286743356184,"{""type"":""MultiPoint"",""coordinates"":[]}"
20000715,2000-07-15,-0.002631546590773647,"{""type"":""MultiPoint"",""coordinates"":[]}"
20000716,2000-07-16,-0.0026778325883289283,"{""type"":""MultiPoint"",""coordinates"":[]}"
20000717,2000-07-17,-0.0026876779613207833,"{""type"":""MultiPoint"",""coordinates"":[]}"
20000718,2000-07-18,-0.002756855144484246,"{""type"":""MultiPoint"",""coordinates"":[]}"
20000719,2000-07-19,-0.0026802384540492758,"{""type"":""MultiPoint"",""coordinates"":[]}"
20000720,2000-07-20,-0.0027230346980454487,"{""type"":""MultiPoint"",""coordinates"":[]}"
20000721,2000-07-21,-0.0027373281547638188,"{""type"":""MultiPoint"",""coordinates"":[]}"
20000722,2000-07-22,-0.0027040857088696333,"{""type"":""MultiPoint"",""coordinates"":[]}"
20000723,2000-07-23,-0.0028105623881586844,"{""type"":""MultiPoint"",""coordinates"":[]}"
20000724,2000-07-24,-0.0028778302064898305,"{""type"":""MultiPoint"",""coordinates"":[]}"
20000725,2000-07-25,-0.002851138015533487,"{""type"":""MultiPoint"",""coordinates"":[]}"
20000726,2000-07-26,-0.0027434026263186487,"{""type"":""MultiPoint"",""coordinates"":[]}"
20000727,2000-07-27,-0.0028493292658902446,"{""type"":""MultiPoint"",""coordinates"":[]}"
20000728,2000-07-28,-0.0027994681550856794,"{""type"":""MultiPoint"",""coordinates"":[]}"
20000729,2000-07-29,-0.002837266124021918,"{""type"":""MultiPoint"",""coordinates"":[]}"
20000730,2000-07-30,-0.0027828085960001103,"{""type"":""MultiPoint"",""coordinates"":[]}"
20000731,2000-07-31,-0.0026458275897006983,"{""type"":""MultiPoint"",""coordinates"":[]}"
20000801,2000-08-01,-0.0025481643129124858,"{""type"":""MultiPoint"",""coordinates"":[]}"
20000802,2000-08-02,-0.002722941099374812,"{""type"":""MultiPoint"",""coordinates"":[]}"
20000803,2000-08-03,-0.0028842904215873747,"{""type"":""MultiPoint"",""coordinates"":[]}"
20000804,2000-08-04,-0.003022444257875931,"{""type"":""MultiPoint"",""coordinates"":[]}"
20000805,2000-08-05,-0.0031071292276505444,"{""type"":""MultiPoint"",""coordinates"":[]}"
20000806,2000-08-06,-0.003042910894622858,"{""type"":""MultiPoint"",""coordinates"":[]}"
20000807,2000-08-07,-0.0028907072771573276,"{""type"":""MultiPoint"",""coordinates"":[]}"
20000808,2000-08-08,-0.0027882476475222973,"{""type"":""MultiPoint"",""coordinates"":[]}"
20000809,2000-08-09,-0.0025277732321152043,"{""type"":""MultiPoint"",""coordinates"":[]}"
20000810,2000-08-10,-0.0023944435521588915,"{""type"":""MultiPoint"",""coordinates"":[]}"
20000811,2000-08-11,-0.0025171668081189432,"{""type"":""MultiPoint"",""coordinates"":[]}"
20000812,2000-08-12,-0.002652882806685267,"{""type"":""MultiPoint"",""coordinates"":[]}"
20000813,2000-08-13,-0.002753394181431499,"{""type"":""MultiPoint"",""coordinates"":[]}"
20000814,2000-08-14,-0.002764830621100581,"{""type"":""MultiPoint"",""coordinates"":[]}"
20000815,2000-08-15,-0.002621154102959275,"{""type"":""MultiPoint"",""coordinates"":[]}"
20000816,2000-08-16,-0.002668855280891692,"{""type"":""MultiPoint"",""coordinates"":[]}"
20000817,2000-08-17,-0.002746880953778882,"{""type"":""MultiPoint"",""coordinates"":[]}"
20000818,2000-08-18,-0.002559263989432817,"{""type"":""MultiPoint"",""coordinates"":[]}"
20000819,2000-08-19,-0.0025799091145004634,"{""type"":""MultiPoint"",""coordinates"":[]}"
20000820,2000-08-20,-0.0025665841808497378,"{""type"":""MultiPoint"",""coordinates"":[]}"
20000821,2000-08-21,-0.0025055412829185935,"{""type"":""MultiPoint"",""coordinates"":[]}"
20000822,2000-08-22,-0.0026378928110870207,"{""type"":""MultiPoint"",""coordinates"":[]}"
20000823,2000-08-23,-0.0027523821535064418,"{""type"":""MultiPoint"",""coordinates"":[]}"
20000824,2000-08-24,-0.002857709803059294,"{""type"":""MultiPoint"",""coordinates"":[]}"
20000825,2000-08-25,-0.0028947173534893877,"{""type"":""MultiPoint"",""coordinates"":[]}"
20000826,2000-08-26,-0.002789609065263787,"{""type"":""MultiPoint"",""coordinates"":[]}"
20000827,2000-08-27,-0.0026704348395343944,"{""type"":""MultiPoint"",""coordinates"":[]}"
20000828,2000-08-28,-0.00248328285938272,"{""type"":""MultiPoint"",""coordinates"":[]}"
20000829,2000-08-29,-0.0024008500466991276,"{""type"":""MultiPoint"",""coordinates"":[]}"
20000830,2000-08-30,-0.0024153640934300325,"{""type"":""MultiPoint"",""coordinates"":[]}"
20000831,2000-08-31,-0.0024136619661814683,"{""type"":""MultiPoint"",""coordinates"":[]}"
20000901,2000-09-01,-0.0025107317379262617,"{""type"":""MultiPoint"",""coordinates"":[]}"
20000902,2000-09-02,-0.0025237168481243182,"{""type"":""MultiPoint"",""coordinates"":[]}"
20000903,2000-09-03,-0.0024525080105677554,"{""type"":""MultiPoint"",""coordinates"":[]}"
20000904,2000-09-04,-0.0024454038273555405,"{""type"":""MultiPoint"",""coordinates"":[]}"
20000905,2000-09-05,-0.0024050624966333554,"{""type"":""MultiPoint"",""coordinates"":[]}"
20000906,2000-09-06,-0.002323595914770846,"{""type"":""MultiPoint"",""coordinates"":[]}"
20000907,2000-09-07,-0.002278503653946285,"{""type"":""MultiPoint"",""coordinates"":[]}"
20000908,2000-09-08,-0.0024062541852570814,"{""type"":""MultiPoint"",""coordinates"":[]}"
20000909,2000-09-09,-0.0023806014861231695,"{""type"":""MultiPoint"",""coordinates"":[]}"
20000910,2000-09-10,-0.002519900924180144,"{""type"":""MultiPoint"",""coordinates"":[]}"
20000911,2000-09-11,-0.00262851431162676,"{""type"":""MultiPoint"",""coordinates"":[]}"
20000912,2000-09-12,-0.0026958184718626835,"{""type"":""MultiPoint"",""coordinates"":[]}"
20000913,2000-09-13,-0.0027130865915529867,"{""type"":""MultiPoint"",""coordinates"":[]}"
20000914,2000-09-14,-0.00255624385837919,"{""type"":""MultiPoint"",""coordinates"":[]}"
20000915,2000-09-15,-0.0023947432784813785,"{""type"":""MultiPoint"",""coordinates"":[]}"
20000916,2000-09-16,-0.0023844767104173113,"{""type"":""MultiPoint"",""coordinates"":[]}"
20000917,2000-09-17,-0.002356795243730632,"{""type"":""MultiPoint"",""coordinates"":[]}"
20000918,2000-09-18,-0.0022727766290124964,"{""type"":""MultiPoint"",""coordinates"":[]}"
20000919,2000-09-19,-0.0023684905273895977,"{""type"":""MultiPoint"",""coordinates"":[]}"
20000920,2000-09-20,-0.0023657687613487764,"{""type"":""MultiPoint"",""coordinates"":[]}"
20000921,2000-09-21,-0.0023388949751460375,"{""type"":""MultiPoint"",""coordinates"":[]}"
20000922,2000-09-22,-0.002377305577265482,"{""type"":""MultiPoint"",""coordinates"":[]}"
20000923,2000-09-23,-0.002331897174568201,"{""type"":""MultiPoint"",""coordinates"":[]}"
20000924,2000-09-24,-0.0023602505938159347,"{""type"":""MultiPoint"",""coordinates"":[]}"
20000925,2000-09-25,-0.002418343197400209,"{""type"":""MultiPoint"",""coordinates"":[]}"
20000926,2000-09-26,-0.002482129476567074,"{""type"":""MultiPoint"",""coordinates"":[]}"
20000927,2000-09-27,-0.002495688018669496,"{""type"":""MultiPoint"",""coordinates"":[]}"
20000928,2000-09-28,-0.00248011943356196,"{""type"":""MultiPoint"",""coordinates"":[]}"
20000929,2000-09-29,-0.0024417792491622883,"{""type"":""MultiPoint"",""coordinates"":[]}"
20000930,2000-09-30,-0.0023365891182112824,"{""type"":""MultiPoint"",""coordinates"":[]}"
20001001,2000-10-01,-0.002210179524461241,"{""type"":""MultiPoint"",""coordinates"":[]}"
20001002,2000-10-02,-0.0021956802410085597,"{""type"":""MultiPoint"",""coordinates"":[]}"
20001003,2000-10-03,-0.0022290554003070954,"{""type"":""MultiPoint"",""coordinates"":[]}"
20001004,2000-10-04,-0.0022632268561765165,"{""type"":""MultiPoint"",""coordinates"":[]}"
20001005,2000-10-05,-0.002189673665757185,"{""type"":""MultiPoint"",""coordinates"":[]}"
20001006,2000-10-06,-0.002167060934094114,"{""type"":""MultiPoint"",""coordinates"":[]}"
20001007,2000-10-07,-0.0021428564579137744,"{""type"":""MultiPoint"",""coordinates"":[]}"
20001008,2000-10-08,-0.002155591187754637,"{""type"":""MultiPoint"",""coordinates"":[]}"
20001009,2000-10-09,-0.0021223113210162886,"{""type"":""MultiPoint"",""coordinates"":[]}"
20001010,2000-10-10,-0.0021515202581132847,"{""type"":""MultiPoint"",""coordinates"":[]}"
20001011,2000-10-11,-0.002156240554733513,"{""type"":""MultiPoint"",""coordinates"":[]}"
20001012,2000-10-12,-0.002144513621496246,"{""type"":""MultiPoint"",""coordinates"":[]}"
20001013,2000-10-13,-0.0021343809812852557,"{""type"":""MultiPoint"",""coordinates"":[]}"
20001014,2000-10-14,-0.002098625781184384,"{""type"":""MultiPoint"",""coordinates"":[]}"
20001015,2000-10-15,-0.002124302688128357,"{""type"":""MultiPoint"",""coordinates"":[]}"
20001016,2000-10-16,-0.0020490938716897565,"{""type"":""MultiPoint"",""coordinates"":[]}"
20001017,2000-10-17,-0.0019296409487644785,"{""type"":""MultiPoint"",""coordinates"":[]}"
20001018,2000-10-18,-0.0018380609876449377,"{""type"":""MultiPoint"",""coordinates"":[]}"
20001019,2000-10-19,-0.0017860371890363197,"{""type"":""MultiPoint"",""coordinates"":[]}"
20001020,2000-10-20,-0.001710372239924505,"{""type"":""MultiPoint"",""coordinates"":[]}"
20001021,2000-10-21,-0.0017893813819160555,"{""type"":""MultiPoint"",""coordinates"":[]}"
20001022,2000-10-22,-0.0017534226564007217,"{""type"":""MultiPoint"",""coordinates"":[]}"
20001023,2000-10-23,-0.0017195327402843084,"{""type"":""MultiPoint"",""coordinates"":[]}"
20001024,2000-10-24,-0.001731635282003806,"{""type"":""MultiPoint"",""coordinates"":[]}"
20001025,2000-10-25,-0.0017446315971522666,"{""type"":""MultiPoint"",""coordinates"":[]}"
20001026,2000-10-26,-0.0017308646495465597,"{""type"":""MultiPoint"",""coordinates"":[]}"
20001027,2000-10-27,-0.0015895477724057485,"{""type"":""MultiPoint"",""coordinates"":[]}"
20001028,2000-10-28,-0.0015034673052825467,"{""type"":""MultiPoint"",""coordinates"":[]}"
20001029,2000-10-29,-0.0014927066837824507,"{""type"":""MultiPoint"",""coordinates"":[]}"
20001030,2000-10-30,-0.001510964645004049,"{""type"":""MultiPoint"",""coordinates"":[]}"
20001031,2000-10-31,-0.0014944791068858111,"{""type"":""MultiPoint"",""coordinates"":[]}"
20001101,2000-11-01,-0.0014641855908540428,"{""type"":""MultiPoint"",""coordinates"":[]}"
20001102,2000-11-02,-0.0014357783269165908,"{""type"":""MultiPoint"",""coordinates"":[]}"
20001103,2000-11-03,-0.0014257859533247082,"{""type"":""MultiPoint"",""coordinates"":[]}"
20001104,2000-11-04,-0.0014131663851969301,"{""type"":""MultiPoint"",""coordinates"":[]}"
20001105,2000-11-05,-0.0013840728913504555,"{""type"":""MultiPoint"",""coordinates"":[]}"
20001106,2000-11-06,-0.001355469107583643,"{""type"":""MultiPoint"",""coordinates"":[]}"
20001107,2000-11-07,-0.0013598869191522092,"{""type"":""MultiPoint"",""coordinates"":[]}"
20001108,2000-11-08,-0.0013747107187512765,"{""type"":""MultiPoint"",""coordinates"":[]}"
20001109,2000-11-09,-0.0013194502164519367,"{""type"":""MultiPoint"",""coordinates"":[]}"
20001110,2000-11-10,-0.0012865445123468359,"{""type"":""MultiPoint"",""coordinates"":[]}"
20001111,2000-11-11,-0.0012571702726954439,"{""type"":""MultiPoint"",""coordinates"":[]}"
20001112,2000-11-12,-0.001203286060065017,"{""type"":""MultiPoint"",""coordinates"":[]}"
20001113,2000-11-13,-0.001185880038384408,"{""type"":""MultiPoint"",""coordinates"":[]}"
20001114,2000-11-14,-0.0011829358568999683,"{""type"":""MultiPoint"",""coordinates"":[]}"
20001115,2000-11-15,-0.001162721708568873,"{""type"":""MultiPoint"",""coordinates"":[]}"
20001116,2000-11-16,-0.0011465179653849533,"{""type"":""MultiPoint"",""coordinates"":[]}"
20001117,2000-11-17,-0.0011102642100150992,"{""type"":""MultiPoint"",""coordinates"":[]}"
20001118,2000-11-18,-0.0010459850770390563,"{""type"":""MultiPoint"",""coordinates"":[]}"
20001119,2000-11-19,-9.834076732680957E-4,"{""type"":""MultiPoint"",""coordinates"":[]}"
20001120,2000-11-20,-9.637677903423726E-4,"{""type"":""MultiPoint"",""coordinates"":[]}"
20001121,2000-11-21,-9.616726061692193E-4,"{""type"":""MultiPoint"",""coordinates"":[]}"
20001122,2000-11-22,-9.800853866277002E-4,"{""type"":""MultiPoint"",""coordinates"":[]}"
20001123,2000-11-23,-9.905792296195381E-4,"{""type"":""MultiPoint"",""coordinates"":[]}"
20001124,2000-11-24,-9.935207254463446E-4,"{""type"":""MultiPoint"",""coordinates"":[]}"
20001125,2000-11-25,-0.001016654647825624,"{""type"":""MultiPoint"",""coordinates"":[]}"
20001126,2000-11-26,-0.0010088472873766852,"{""type"":""MultiPoint"",""coordinates"":[]}"
20001127,2000-11-27,-9.814417019213865E-4,"{""type"":""MultiPoint"",""coordinates"":[]}"
20001128,2000-11-28,-9.179652520303242E-4,"{""type"":""MultiPoint"",""coordinates"":[]}"
20001129,2000-11-29,-8.261558849650595E-4,"{""type"":""MultiPoint"",""coordinates"":[]}"
20001130,2000-11-30,-8.193890563033283E-4,"{""type"":""MultiPoint"",""coordinates"":[]}"
20001201,2000-12-01,-8.603421914900045E-4,"{""type"":""MultiPoint"",""coordinates"":[]}"
20001202,2000-12-02,-8.933822213571321E-4,"{""type"":""MultiPoint"",""coordinates"":[]}"
20001203,2000-12-03,-9.096571781791482E-4,"{""type"":""MultiPoint"",""coordinates"":[]}"
20001204,2000-12-04,-8.868363838753681E-4,"{""type"":""MultiPoint"",""coordinates"":[]}"
20001205,2000-12-05,-8.559634190861449E-4,"{""type"":""MultiPoint"",""coordinates"":[]}"
20001206,2000-12-06,-8.631031806665665E-4,"{""type"":""MultiPoint"",""coordinates"":[]}"
20001207,2000-12-07,-8.557724600977621E-4,"{""type"":""MultiPoint"",""coordinates"":[]}"
20001208,2000-12-08,-8.321724132089385E-4,"{""type"":""MultiPoint"",""coordinates"":[]}"
20001209,2000-12-09,-8.167007679906634E-4,"{""type"":""MultiPoint"",""coordinates"":[]}"
20001210,2000-12-10,-7.970472631765637E-4,"{""type"":""MultiPoint"",""coordinates"":[]}"
20001211,2000-12-11,-7.860955306909107E-4,"{""type"":""MultiPoint"",""coordinates"":[]}"
20001212,2000-12-12,-7.812240101931532E-4,"{""type"":""MultiPoint"",""coordinates"":[]}"
20001213,2000-12-13,-7.910894490281978E-4,"{""type"":""MultiPoint"",""coordinates"":[]}"
20001214,2000-12-14,-7.73373799622853E-4,"{""type"":""MultiPoint"",""coordinates"":[]}"
20001215,2000-12-15,-7.562244198021732E-4,"{""type"":""MultiPoint"",""coordinates"":[]}"
20001216,2000-12-16,-7.420544412807006E-4,"{""type"":""MultiPoint"",""coordinates"":[]}"
20001217,2000-12-17,-7.701682062044897E-4,"{""type"":""MultiPoint"",""coordinates"":[]}"
20001218,2000-12-18,-7.482675058732988E-4,"{""type"":""MultiPoint"",""coordinates"":[]}"
20001219,2000-12-19,-7.082069215838088E-4,"{""type"":""MultiPoint"",""coordinates"":[]}"
20001220,2000-12-20,-7.130005077912143E-4,"{""type"":""MultiPoint"",""coordinates"":[]}"
20001221,2000-12-21,-7.008619311185047E-4,"{""type"":""MultiPoint"",""coordinates"":[]}"
20001222,2000-12-22,-6.966401577279468E-4,"{""type"":""MultiPoint"",""coordinates"":[]}"
20001223,2000-12-23,-6.895348179218194E-4,"{""type"":""MultiPoint"",""coordinates"":[]}"
20001224,2000-12-24,-6.72954934010699E-4,"{""type"":""MultiPoint"",""coordinates"":[]}"
20001225,2000-12-25,-6.773776184928074E-4,"{""type"":""MultiPoint"",""coordinates"":[]}"
20001226,2000-12-26,-6.637213388575956E-4,"{""type"":""MultiPoint"",""coordinates"":[]}"
20001227,2000-12-27,-6.463366371564037E-4,"{""type"":""MultiPoint"",""coordinates"":[]}"
20001228,2000-12-28,-6.324816636654582E-4,"{""type"":""MultiPoint"",""coordinates"":[]}"
20001229,2000-12-29,-6.46179615046802E-4,"{""type"":""MultiPoint"",""coordinates"":[]}"
20001230,2000-12-30,-6.749429315795006E-4,"{""type"":""MultiPoint"",""coordinates"":[]}"
20001231,2000-12-31,-7.491754943886843E-4,"{""type"":""MultiPoint"",""coordinates"":[]}"
20010101,2001-01-01,-7.581384950533677E-4,"{""type"":""MultiPoint"",""coordinates"":[]}"
20010102,2001-01-02,-7.58147985128397E-4,"{""type"":""MultiPoint"",""coordinates"":[]}"
20010103,2001-01-03,-7.71248757245312E-4,"{""type"":""MultiPoint"",""coordinates"":[]}"
20010104,2001-01-04,-7.623734241845575E-4,"{""type"":""MultiPoint"",""coordinates"":[]}"
20010105,2001-01-05,-7.647493064056558E-4,"{""type"":""MultiPoint"",""coordinates"":[]}"
20010106,2001-01-06,-7.649339314214815E-4,"{""type"":""MultiPoint"",""coordinates"":[]}"
20010107,2001-01-07,-7.513932962302475E-4,"{""type"":""MultiPoint"",""coordinates"":[]}"
20010108,2001-01-08,-7.197578692774944E-4,"{""type"":""MultiPoint"",""coordinates"":[]}"
20010109,2001-01-09,-6.917675988895221E-4,"{""type"":""MultiPoint"",""coordinates"":[]}"
20010110,2001-01-10,-7.067851346134473E-4,"{""type"":""MultiPoint"",""coordinates"":[]}"
20010111,2001-01-11,-6.894789780292372E-4,"{""type"":""MultiPoint"",""coordinates"":[]}"
20010112,2001-01-12,-6.615202359451853E-4,"{""type"":""MultiPoint"",""coordinates"":[]}"
20010113,2001-01-13,-6.678182664759145E-4,"{""type"":""MultiPoint"",""coordinates"":[]}"
20010114,2001-01-14,-6.844148085862635E-4,"{""type"":""MultiPoint"",""coordinates"":[]}"
20010115,2001-01-15,-6.868837008818102E-4,"{""type"":""MultiPoint"",""coordinates"":[]}"
20010116,2001-01-16,-6.76811129468158E-4,"{""type"":""MultiPoint"",""coordinates"":[]}"
20010117,2001-01-17,-6.669903627422169E-4,"{""type"":""MultiPoint"",""coordinates"":[]}"
20010118,2001-01-18,-6.552053967716104E-4,"{""type"":""MultiPoint"",""coordinates"":[]}"
20010119,2001-01-19,-7.020555825267212E-4,"{""type"":""MultiPoint"",""coordinates"":[]}"
20010120,2001-01-20,-7.042814312952757E-4,"{""type"":""MultiPoint"",""coordinates"":[]}"
20010121,2001-01-21,-6.878278024499433E-4,"{""type"":""MultiPoint"",""coordinates"":[]}"
20010122,2001-01-22,-6.73941690788934E-4,"{""type"":""MultiPoint"",""coordinates"":[]}"
20010123,2001-01-23,-6.715657316848908E-4,"{""type"":""MultiPoint"",""coordinates"":[]}"
20010124,2001-01-24,-6.818513800821728E-4,"{""type"":""MultiPoint"",""coordinates"":[]}"
20010125,2001-01-25,-6.783895301331974E-4,"{""type"":""MultiPoint"",""coordinates"":[]}"
20010126,2001-01-26,-6.793204824365435E-4,"{""type"":""MultiPoint"",""coordinates"":[]}"
20010127,2001-01-27,-6.727578693022239E-4,"{""type"":""MultiPoint"",""coordinates"":[]}"
20010128,2001-01-28,-6.797439538722106E-4,"{""type"":""MultiPoint"",""coordinates"":[]}"
20010129,2001-01-29,-6.631803884196078E-4,"{""type"":""MultiPoint"",""coordinates"":[]}"
20010130,2001-01-30,-6.916334327214803E-4,"{""type"":""MultiPoint"",""coordinates"":[]}"
20010131,2001-01-31,-6.805860055336319E-4,"{""type"":""MultiPoint"",""coordinates"":[]}"
20010201,2001-02-01,-6.589889641928547E-4,"{""type"":""MultiPoint"",""coordinates"":[]}"
20010202,2001-02-02,-6.507059337276321E-4,"{""type"":""MultiPoint"",""coordinates"":[]}"
20010203,2001-02-03,-6.806892991374613E-4,"{""type"":""MultiPoint"",""coordinates"":[]}"
20010204,2001-02-04,-6.819042407982639E-4,"{""type"":""MultiPoint"",""coordinates"":[]}"
20010205,2001-02-05,-6.79784724956122E-4,"{""type"":""MultiPoint"",""coordinates"":[]}"
20010206,2001-02-06,-7.041878548934893E-4,"{""type"":""MultiPoint"",""coordinates"":[]}"
20010207,2001-02-07,-7.182004248680452E-4,"{""type"":""MultiPoint"",""coordinates"":[]}"
20010208,2001-02-08,-7.075087101356344E-4,"{""type"":""MultiPoint"",""coordinates"":[]}"
20010209,2001-02-09,-7.06570402603391E-4,"{""type"":""MultiPoint"",""coordinates"":[]}"
20010210,2001-02-10,-7.04204467152766E-4,"{""type"":""MultiPoint"",""coordinates"":[]}"
20010211,2001-02-11,-6.92283085111087E-4,"{""type"":""MultiPoint"",""coordinates"":[]}"
20010212,2001-02-12,-6.928750133716678E-4,"{""type"":""MultiPoint"",""coordinates"":[]}"
20010213,2001-02-13,-6.910432490714654E-4,"{""type"":""MultiPoint"",""coordinates"":[]}"
20010214,2001-02-14,-7.099770399316551E-4,"{""type"":""MultiPoint"",""coordinates"":[]}"
20010215,2001-02-15,-7.115818116996429E-4,"{""type"":""MultiPoint"",""coordinates"":[]}"
20010216,2001-02-16,-7.115102164602975E-4,"{""type"":""MultiPoint"",""coordinates"":[]}"
20010217,2001-02-17,-7.296896629126393E-4,"{""type"":""MultiPoint"",""coordinates"":[]}"
20010218,2001-02-18,-7.241319734595498E-4,"{""type"":""MultiPoint"",""coordinates"":[]}"
20010219,2001-02-19,-7.331592955336269E-4,"{""type"":""MultiPoint"",""coordinates"":[]}"
20010220,2001-02-20,-7.592460269252349E-4,"{""type"":""MultiPoint"",""coordinates"":[]}"
20010221,2001-02-21,-7.569911833772778E-4,"{""type"":""MultiPoint"",""coordinates"":[]}"
20010222,2001-02-22,-7.694706095980145E-4,"{""type"":""MultiPoint"",""coordinates"":[]}"
20010223,2001-02-23,-8.019233556882756E-4,"{""type"":""MultiPoint"",""coordinates"":[]}"
20010224,2001-02-24,-8.233255277985521E-4,"{""type"":""MultiPoint"",""coordinates"":[]}"
20010225,2001-02-25,-8.326221261368585E-4,"{""type"":""MultiPoint"",""coordinates"":[]}"
20010226,2001-02-26,-8.354558076442805E-4,"{""type"":""MultiPoint"",""coordinates"":[]}"
20010227,2001-02-27,-8.376819131939749E-4,"{""type"":""MultiPoint"",""coordinates"":[]}"
20010228,2001-02-28,-8.44789226645166E-4,"{""type"":""MultiPoint"",""coordinates"":[]}"
20010301,2001-03-01,-8.762339039444913E-4,"{""type"":""MultiPoint"",""coordinates"":[]}"
20010302,2001-03-02,-8.926039731140269E-4,"{""type"":""MultiPoint"",""coordinates"":[]}"
20010303,2001-03-03,-9.039946791650705E-4,"{""type"":""MultiPoint"",""coordinates"":[]}"
20010304,2001-03-04,-8.798367961497314E-4,"{""type"":""MultiPoint"",""coordinates"":[]}"
20010305,2001-03-05,-8.395009035851943E-4,"{""type"":""MultiPoint"",""coordinates"":[]}"
20010306,2001-03-06,-8.589708059466795E-4,"{""type"":""MultiPoint"",""coordinates"":[]}"
20010307,2001-03-07,-8.868128231696526E-4,"{""type"":""MultiPoint"",""coordinates"":[]}"
20010308,2001-03-08,-8.899458391739327E-4,"{""type"":""MultiPoint"",""coordinates"":[]}"
20010309,2001-03-09,-8.886096909124539E-4,"{""type"":""MultiPoint"",""coordinates"":[]}"
20010310,2001-03-10,-9.003500577192658E-4,"{""type"":""MultiPoint"",""coordinates"":[]}"
20010311,2001-03-11,-9.081361648924625E-4,"{""type"":""MultiPoint"",""coordinates"":[]}"
20010312,2001-03-12,-9.164964224084172E-4,"{""type"":""MultiPoint"",""coordinates"":[]}"
20010313,2001-03-13,-9.467948736828726E-4,"{""type"":""MultiPoint"",""coordinates"":[]}"
20010314,2001-03-14,-9.370551668193826E-4,"{""type"":""MultiPoint"",""coordinates"":[]}"
20010315,2001-03-15,-9.192117905873388E-4,"{""type"":""MultiPoint"",""coordinates"":[]}"
20010316,2001-03-16,-9.118317421136825E-4,"{""type"":""MultiPoint"",""coordinates"":[]}"
20010317,2001-03-17,-9.212037143493896E-4,"{""type"":""MultiPoint"",""coordinates"":[]}"
20010318,2001-03-18,-9.153670033545943E-4,"{""type"":""MultiPoint"",""coordinates"":[]}"
20010319,2001-03-19,-9.158987553945008E-4,"{""type"":""MultiPoint"",""coordinates"":[]}"
20010320,2001-03-20,-9.323158720679972E-4,"{""type"":""MultiPoint"",""coordinates"":[]}"
20010321,2001-03-21,-9.438200694350806E-4,"{""type"":""MultiPoint"",""coordinates"":[]}"
20010322,2001-03-22,-9.506005871654584E-4,"{""type"":""MultiPoint"",""coordinates"":[]}"
20010323,2001-03-23,-0.0010043369912147468,"{""type"":""MultiPoint"",""coordinates"":[]}"
20010324,2001-03-24,-0.0010317369118547882,"{""type"":""MultiPoint"",""coordinates"":[]}"
20010325,2001-03-25,-0.0010213226547997512,"{""type"":""MultiPoint"",""coordinates"":[]}"
20010326,2001-03-26,-0.0010331465274457505,"{""type"":""MultiPoint"",""coordinates"":[]}"
20010327,2001-03-27,-9.89669142011819E-4,"{""type"":""MultiPoint"",""coordinates"":[]}"
20010328,2001-03-28,-0.001000820760852344,"{""type"":""MultiPoint"",""coordinates"":[]}"
20010329,2001-03-29,-0.00100029629976697,"{""type"":""MultiPoint"",""coordinates"":[]}"
20010330,2001-03-30,-0.0010741508027001716,"{""type"":""MultiPoint"",""coordinates"":[]}"
20010331,2001-03-31,-0.0011268982206294198,"{""type"":""MultiPoint"",""coordinates"":[]}"
20010401,2001-04-01,-0.0011715474307262075,"{""type"":""MultiPoint"",""coordinates"":[]}"
20010402,2001-04-02,-0.0011641299101645042,"{""type"":""MultiPoint"",""coordinates"":[]}"
20010403,2001-04-03,-0.0011570018887192242,"{""type"":""MultiPoint"",""coordinates"":[]}"
20010404,2001-04-04,-0.0011892980740681645,"{""type"":""MultiPoint"",""coordinates"":[]}"
20010405,2001-04-05,-0.0011989362773567624,"{""type"":""MultiPoint"",""coordinates"":[]}"
20010406,2001-04-06,-0.001177595687536829,"{""type"":""MultiPoint"",""coordinates"":[]}"
20010407,2001-04-07,-0.0011892599437879291,"{""type"":""MultiPoint"",""coordinates"":[]}"
20010408,2001-04-08,-0.001098634477467917,"{""type"":""MultiPoint"",""coordinates"":[]}"
20010409,2001-04-09,-0.0010454528557215527,"{""type"":""MultiPoint"",""coordinates"":[]}"
20010410,2001-04-10,-0.0010499668213928837,"{""type"":""MultiPoint"",""coordinates"":[]}"
20010411,2001-04-11,-0.001108834843662764,"{""type"":""MultiPoint"",""coordinates"":[]}"
20010412,2001-04-12,-0.0011613251833825803,"{""type"":""MultiPoint"",""coordinates"":[]}"
20010413,2001-04-13,-0.0011703854997698448,"{""type"":""MultiPoint"",""coordinates"":[]}"
20010414,2001-04-14,-0.0012746241531678452,"{""type"":""MultiPoint"",""coordinates"":[]}"
20010415,2001-04-15,-0.0014045221183562708,"{""type"":""MultiPoint"",""coordinates"":[]}"
20010416,2001-04-16,-0.0014516709237822585,"{""type"":""MultiPoint"",""coordinates"":[]}"
20010417,2001-04-17,-0.0015360652455936698,"{""type"":""MultiPoint"",""coordinates"":[]}"
20010418,2001-04-18,-0.0015801926927384276,"{""type"":""MultiPoint"",""coordinates"":[]}"
20010419,2001-04-19,-0.00161467172101737,"{""type"":""MultiPoint"",""coordinates"":[]}"
20010420,2001-04-20,-0.001658703836388577,"{""type"":""MultiPoint"",""coordinates"":[]}"
20010421,2001-04-21,-0.001655044424862676,"{""type"":""MultiPoint"",""coordinates"":[]}"
20010422,2001-04-22,-0.001626688892453209,"{""type"":""MultiPoint"",""coordinates"":[]}"
20010423,2001-04-23,-0.0015721420989470187,"{""type"":""MultiPoint"",""coordinates"":[]}"
20010424,2001-04-24,-0.0014850818024599805,"{""type"":""MultiPoint"",""coordinates"":[]}"
20010425,2001-04-25,-0.0014338883101658335,"{""type"":""MultiPoint"",""coordinates"":[]}"
20010426,2001-04-26,-0.0013343486046713212,"{""type"":""MultiPoint"",""coordinates"":[]}"
20010427,2001-04-27,-0.0012946296803883353,"{""type"":""MultiPoint"",""coordinates"":[]}"
20010428,2001-04-28,-0.001262997482097542,"{""type"":""MultiPoint"",""coordinates"":[]}"
20010429,2001-04-29,-0.0012381100231046644,"{""type"":""MultiPoint"",""coordinates"":[]}"
20010430,2001-04-30,-0.0012437877218193511,"{""type"":""MultiPoint"",""coordinates"":[]}"
20010501,2001-05-01,-0.0012795574680512754,"{""type"":""MultiPoint"",""coordinates"":[]}"
20010502,2001-05-02,-0.0013666096281418575,"{""type"":""MultiPoint"",""coordinates"":[]}"
20010503,2001-05-03,-0.0013878020809717695,"{""type"":""MultiPoint"",""coordinates"":[]}"
20010504,2001-05-04,-0.0014560555838558776,"{""type"":""MultiPoint"",""coordinates"":[]}"
20010505,2001-05-05,-0.0014473403495329443,"{""type"":""MultiPoint"",""coordinates"":[]}"
20010506,2001-05-06,-0.0014014043438204016,"{""type"":""MultiPoint"",""coordinates"":[]}"
20010507,2001-05-07,-0.0014141719458192151,"{""type"":""MultiPoint"",""coordinates"":[]}"
20010508,2001-05-08,-0.0014310667714262893,"{""type"":""MultiPoint"",""coordinates"":[]}"
20010509,2001-05-09,-0.001362002741608038,"{""type"":""MultiPoint"",""coordinates"":[]}"
20010510,2001-05-10,-0.0014251385604657065,"{""type"":""MultiPoint"",""coordinates"":[]}"
20010511,2001-05-11,-0.0014384915071941297,"{""type"":""MultiPoint"",""coordinates"":[]}"
20010512,2001-05-12,-0.0014257423337635164,"{""type"":""MultiPoint"",""coordinates"":[]}"
20010513,2001-05-13,-0.0015278771371009876,"{""type"":""MultiPoint"",""coordinates"":[]}"
20010514,2001-05-14,-0.001619919772560184,"{""type"":""MultiPoint"",""coordinates"":[]}"
20010515,2001-05-15,-0.0016250433894224783,"{""type"":""MultiPoint"",""coordinates"":[]}"
20010516,2001-05-16,-0.0016513624467265568,"{""type"":""MultiPoint"",""coordinates"":[]}"
20010517,2001-05-17,-0.0017382854035612424,"{""type"":""MultiPoint"",""coordinates"":[]}"
20010518,2001-05-18,-0.001770660253414586,"{""type"":""MultiPoint"",""coordinates"":[]}"
20010519,2001-05-19,-0.0017526281405616496,"{""type"":""MultiPoint"",""coordinates"":[]}"
20010520,2001-05-20,-0.0017568929886900236,"{""type"":""MultiPoint"",""coordinates"":[]}"
20010521,2001-05-21,-0.0018162292627555826,"{""type"":""MultiPoint"",""coordinates"":[]}"
20010522,2001-05-22,-0.0018156729627964129,"{""type"":""MultiPoint"",""coordinates"":[]}"
20010523,2001-05-23,-0.0018055714082402512,"{""type"":""MultiPoint"",""coordinates"":[]}"
20010524,2001-05-24,-0.0017872253053275488,"{""type"":""MultiPoint"",""coordinates"":[]}"
20010525,2001-05-25,-0.0017124687427615092,"{""type"":""MultiPoint"",""coordinates"":[]}"
20010526,2001-05-26,-0.0017050530738641698,"{""type"":""MultiPoint"",""coordinates"":[]}"
20010527,2001-05-27,-0.0017772175838563537,"{""type"":""MultiPoint"",""coordinates"":[]}"
20010528,2001-05-28,-0.0018014066690527205,"{""type"":""MultiPoint"",""coordinates"":[]}"
20010529,2001-05-29,-0.0018090860432674188,"{""type"":""MultiPoint"",""coordinates"":[]}"
20010530,2001-05-30,-0.0017372340823939207,"{""type"":""MultiPoint"",""coordinates"":[]}"
20010531,2001-05-31,-0.0017449821490421785,"{""type"":""MultiPoint"",""coordinates"":[]}"
20010601,2001-06-01,-0.0016499937325489958,"{""type"":""MultiPoint"",""coordinates"":[]}"
20010602,2001-06-02,-0.0017021176177157897,"{""type"":""MultiPoint"",""coordinates"":[]}"
20010603,2001-06-03,-0.0016961473204215333,"{""type"":""MultiPoint"",""coordinates"":[]}"
20010604,2001-06-04,-0.0016863789721066245,"{""type"":""MultiPoint"",""coordinates"":[]}"
20010605,2001-06-05,-0.0018809028610834147,"{""type"":""MultiPoint"",""coordinates"":[]}"
20010606,2001-06-06,-0.0020475926617311156,"{""type"":""MultiPoint"",""coordinates"":[]}"
20010607,2001-06-07,-0.002141293043675835,"{""type"":""MultiPoint"",""coordinates"":[]}"
20010608,2001-06-08,-0.00219024542166491,"{""type"":""MultiPoint"",""coordinates"":[]}"
20010609,2001-06-09,-0.002227075725460178,"{""type"":""MultiPoint"",""coordinates"":[]}"
20010610,2001-06-10,-0.0022854952659233096,"{""type"":""MultiPoint"",""coordinates"":[]}"
20010611,2001-06-11,-0.002371751582345913,"{""type"":""MultiPoint"",""coordinates"":[]}"
20010612,2001-06-12,-0.0023755402787686113,"{""type"":""MultiPoint"",""coordinates"":[]}"
20010613,2001-06-13,-0.002347992142541397,"{""type"":""MultiPoint"",""coordinates"":[]}"
20010614,2001-06-14,-0.002319448754122922,"{""type"":""MultiPoint"",""coordinates"":[]}"
20010615,2001-06-15,-0.0023308715246591963,"{""type"":""MultiPoint"",""coordinates"":[]}"
20010616,2001-06-16,-0.0023799901615014904,"{""type"":""MultiPoint"",""coordinates"":[]}"
20010617,2001-06-17,-0.0023692728080615187,"{""type"":""MultiPoint"",""coordinates"":[]}"
20010618,2001-06-18,-0.00250840184728277,"{""type"":""MultiPoint"",""coordinates"":[]}"
20010619,2001-06-19,-0.0024979104576523304,"{""type"":""MultiPoint"",""coordinates"":[]}"
20010620,2001-06-20,-0.002550722024936151,"{""type"":""MultiPoint"",""coordinates"":[]}"
20010621,2001-06-21,-0.0026056703536114353,"{""type"":""MultiPoint"",""coordinates"":[]}"
20010622,2001-06-22,-0.0024678184843253273,"{""type"":""MultiPoint"",""coordinates"":[]}"
20010623,2001-06-23,-0.002430950104646055,"{""type"":""MultiPoint"",""coordinates"":[]}"
20010624,2001-06-24,-0.0024917842328800706,"{""type"":""MultiPoint"",""coordinates"":[]}"
20010625,2001-06-25,-0.0025645203200286865,"{""type"":""MultiPoint"",""coordinates"":[]}"
20010626,2001-06-26,-0.002523323850563354,"{""type"":""MultiPoint"",""coordinates"":[]}"
20010627,2001-06-27,-0.0024344121451594183,"{""type"":""MultiPoint"",""coordinates"":[]}"
20010628,2001-06-28,-0.0024926030401076996,"{""type"":""MultiPoint"",""coordinates"":[]}"
20010629,2001-06-29,-0.0024722886733192827,"{""type"":""MultiPoint"",""coordinates"":[]}"
20010630,2001-06-30,-0.002365313465928541,"{""type"":""MultiPoint"",""coordinates"":[]}"
20010701,2001-07-01,-0.0023546296423306483,"{""type"":""MultiPoint"",""coordinates"":[]}"
20010702,2001-07-02,-0.002642474644904209,"{""type"":""MultiPoint"",""coordinates"":[]}"
20010703,2001-07-03,-0.002651176386676841,"{""type"":""MultiPoint"",""coordinates"":[]}"
20010704,2001-07-04,-0.0028006638332368,"{""type"":""MultiPoint"",""coordinates"":[]}"
20010705,2001-07-05,-0.002945411236935647,"{""type"":""MultiPoint"",""coordinates"":[]}"
20010706,2001-07-06,-0.0028616623273129103,"{""type"":""MultiPoint"",""coordinates"":[]}"
20010707,2001-07-07,-0.002768733649870024,"{""type"":""MultiPoint"",""coordinates"":[]}"
20010708,2001-07-08,-0.002713255210104792,"{""type"":""MultiPoint"",""coordinates"":[]}"
20010709,2001-07-09,-0.0026618288482694458,"{""type"":""MultiPoint"",""coordinates"":[]}"
20010710,2001-07-10,-0.0026561623207974356,"{""type"":""MultiPoint"",""coordinates"":[]}"
20010711,2001-07-11,-0.002546458222806154,"{""type"":""MultiPoint"",""coordinates"":[]}"
20010712,2001-07-12,-0.0025987582850001793,"{""type"":""MultiPoint"",""coordinates"":[]}"
20010713,2001-07-13,-0.0026795002939360665,"{""type"":""MultiPoint"",""coordinates"":[]}"
20010714,2001-07-14,-0.002648737847463741,"{""type"":""MultiPoint"",""coordinates"":[]}"
20010715,2001-07-15,-0.0025381568159165836,"{""type"":""MultiPoint"",""coordinates"":[]}"
20010716,2001-07-16,-0.0025039474693725403,"{""type"":""MultiPoint"",""coordinates"":[]}"
20010717,2001-07-17,-0.0025252739434546943,"{""type"":""MultiPoint"",""coordinates"":[]}"
20010718,2001-07-18,-0.002744114677493818,"{""type"":""MultiPoint"",""coordinates"":[]}"
20010719,2001-07-19,-0.002689330379385335,"{""type"":""MultiPoint"",""coordinates"":[]}"
20010720,2001-07-20,-0.002557773289855859,"{""type"":""MultiPoint"",""coordinates"":[]}"
20010721,2001-07-21,-0.002509671400441869,"{""type"":""MultiPoint"",""coordinates"":[]}"
20010722,2001-07-22,-0.002476328238214882,"{""type"":""MultiPoint"",""coordinates"":[]}"
20010723,2001-07-23,-0.002559312613436608,"{""type"":""MultiPoint"",""coordinates"":[]}"
20010724,2001-07-24,-0.0025878236035260034,"{""type"":""MultiPoint"",""coordinates"":[]}"
20010725,2001-07-25,-0.002666087830934476,"{""type"":""MultiPoint"",""coordinates"":[]}"
20010726,2001-07-26,-0.002694681182482624,"{""type"":""MultiPoint"",""coordinates"":[]}"
20010727,2001-07-27,-0.002725259037866871,"{""type"":""MultiPoint"",""coordinates"":[]}"
20010728,2001-07-28,-0.0027587653971415235,"{""type"":""MultiPoint"",""coordinates"":[]}"
20010729,2001-07-29,-0.00265926236069972,"{""type"":""MultiPoint"",""coordinates"":[]}"
20010730,2001-07-30,-0.0027310532625547186,"{""type"":""MultiPoint"",""coordinates"":[]}"
20010731,2001-07-31,-0.002939987921094543,"{""type"":""MultiPoint"",""coordinates"":[]}"
20010801,2001-08-01,-0.0028546861231701632,"{""type"":""MultiPoint"",""coordinates"":[]}"
20010802,2001-08-02,-0.0027945065484418843,"{""type"":""MultiPoint"",""coordinates"":[]}"
20010803,2001-08-03,-0.0027065197066996932,"{""type"":""MultiPoint"",""coordinates"":[]}"
20010804,2001-08-04,-0.0026608429818074934,"{""type"":""MultiPoint"",""coordinates"":[]}"
20010805,2001-08-05,-0.002733332935954725,"{""type"":""MultiPoint"",""coordinates"":[]}"
20010806,2001-08-06,-0.0027805213648972437,"{""type"":""MultiPoint"",""coordinates"":[]}"
20010807,2001-08-07,-0.0028033120698942532,"{""type"":""MultiPoint"",""coordinates"":[]}"
20010808,2001-08-08,-0.0029183645269707827,"{""type"":""MultiPoint"",""coordinates"":[]}"
20010809,2001-08-09,-0.00277766428760851,"{""type"":""MultiPoint"",""coordinates"":[]}"
20010810,2001-08-10,-0.0028390260673524857,"{""type"":""MultiPoint"",""coordinates"":[]}"
20010811,2001-08-11,-0.0028962819740095394,"{""type"":""MultiPoint"",""coordinates"":[]}"
20010812,2001-08-12,-0.002900280245786995,"{""type"":""MultiPoint"",""coordinates"":[]}"
20010813,2001-08-13,-0.002863070757809187,"{""type"":""MultiPoint"",""coordinates"":[]}"
20010814,2001-08-14,-0.002736291193439606,"{""type"":""MultiPoint"",""coordinates"":[]}"
20010815,2001-08-15,-0.0027715573043308977,"{""type"":""MultiPoint"",""coordinates"":[]}"
20010816,2001-08-16,-0.0028292991272969373,"{""type"":""MultiPoint"",""coordinates"":[]}"
20010817,2001-08-17,-0.00278696427488886,"{""type"":""MultiPoint"",""coordinates"":[]}"
20010818,2001-08-18,-0.0027835147692765925,"{""type"":""MultiPoint"",""coordinates"":[]}"
20010819,2001-08-19,-0.0028164311667388197,"{""type"":""MultiPoint"",""coordinates"":[]}"
20010820,2001-08-20,-0.0027333891378113306,"{""type"":""MultiPoint"",""coordinates"":[]}"
20010821,2001-08-21,-0.0025607328505228,"{""type"":""MultiPoint"",""coordinates"":[]}"
20010822,2001-08-22,-0.002545549175471784,"{""type"":""MultiPoint"",""coordinates"":[]}"
20010823,2001-08-23,-0.0024975888727022566,"{""type"":""MultiPoint"",""coordinates"":[]}"
20010824,2001-08-24,-0.002511229377126704,"{""type"":""MultiPoint"",""coordinates"":[]}"
20010825,2001-08-25,-0.0026228855776338532,"{""type"":""MultiPoint"",""coordinates"":[]}"
20010826,2001-08-26,-0.0027827755123929175,"{""type"":""MultiPoint"",""coordinates"":[]}"
20010827,2001-08-27,-0.0027613713372848306,"{""type"":""MultiPoint"",""coordinates"":[]}"
20010828,2001-08-28,-0.002732369369170909,"{""type"":""MultiPoint"",""coordinates"":[]}"
20010829,2001-08-29,-0.002668905351646588,"{""type"":""MultiPoint"",""coordinates"":[]}"
20010830,2001-08-30,-0.0025674329226272035,"{""type"":""MultiPoint"",""coordinates"":[]}"
20010831,2001-08-31,-0.0024791784116635815,"{""type"":""MultiPoint"",""coordinates"":[]}"
20010901,2001-09-01,-0.002445358643074481,"{""type"":""MultiPoint"",""coordinates"":[]}"
20010902,2001-09-02,-0.0024836667221867837,"{""type"":""MultiPoint"",""coordinates"":[]}"
20010903,2001-09-03,-0.0025155937459728998,"{""type"":""MultiPoint"",""coordinates"":[]}"
20010904,2001-09-04,-0.002470124351893884,"{""type"":""MultiPoint"",""coordinates"":[]}"
20010905,2001-09-05,-0.0024597118190153432,"{""type"":""MultiPoint"",""coordinates"":[]}"
20010906,2001-09-06,-0.0024543084685926283,"{""type"":""MultiPoint"",""coordinates"":[]}"
20010907,2001-09-07,-0.002489823505862674,"{""type"":""MultiPoint"",""coordinates"":[]}"
20010908,2001-09-08,-0.0024794297803627874,"{""type"":""MultiPoint"",""coordinates"":[]}"
20010909,2001-09-09,-0.0025356174864139885,"{""type"":""MultiPoint"",""coordinates"":[]}"
20010910,2001-09-10,-0.0024848565280074153,"{""type"":""MultiPoint"",""coordinates"":[]}"
20010911,2001-09-11,-0.002448939150448573,"{""type"":""MultiPoint"",""coordinates"":[]}"
20010912,2001-09-12,-0.0023557443190260706,"{""type"":""MultiPoint"",""coordinates"":[]}"
20010913,2001-09-13,-0.0024548451556211607,"{""type"":""MultiPoint"",""coordinates"":[]}"
20010914,2001-09-14,-0.002532497812071267,"{""type"":""MultiPoint"",""coordinates"":[]}"
20010915,2001-09-15,-0.002604070966537468,"{""type"":""MultiPoint"",""coordinates"":[]}"
20010916,2001-09-16,-0.0025917122620776343,"{""type"":""MultiPoint"",""coordinates"":[]}"
20010917,2001-09-17,-0.0025378992613875736,"{""type"":""MultiPoint"",""coordinates"":[]}"
20010918,2001-09-18,-0.0025352708045517677,"{""type"":""MultiPoint"",""coordinates"":[]}"
20010919,2001-09-19,-0.0025564797075509184,"{""type"":""MultiPoint"",""coordinates"":[]}"
20010920,2001-09-20,-0.0025260290718953833,"{""type"":""MultiPoint"",""coordinates"":[]}"
20010921,2001-09-21,-0.0025877212432220483,"{""type"":""MultiPoint"",""coordinates"":[]}"
20010922,2001-09-22,-0.002584257833564853,"{""type"":""MultiPoint"",""coordinates"":[]}"
20010923,2001-09-23,-0.002541371791998871,"{""type"":""MultiPoint"",""coordinates"":[]}"
20010924,2001-09-24,-0.002439341712666777,"{""type"":""MultiPoint"",""coordinates"":[]}"
20010925,2001-09-25,-0.0024515892221112817,"{""type"":""MultiPoint"",""coordinates"":[]}"
20010926,2001-09-26,-0.002406837583020283,"{""type"":""MultiPoint"",""coordinates"":[]}"
20010927,2001-09-27,-0.0023732640491166065,"{""type"":""MultiPoint"",""coordinates"":[]}"
20010928,2001-09-28,-0.002376108951986675,"{""type"":""MultiPoint"",""coordinates"":[]}"
20010929,2001-09-29,-0.0023308108236047044,"{""type"":""MultiPoint"",""coordinates"":[]}"
20010930,2001-09-30,-0.002137090512303716,"{""type"":""MultiPoint"",""coordinates"":[]}"
20011001,2001-10-01,-0.002001538341989102,"{""type"":""MultiPoint"",""coordinates"":[]}"
20011002,2001-10-02,-0.001956128607716841,"{""type"":""MultiPoint"",""coordinates"":[]}"
20011003,2001-10-03,-0.0018478353806338785,"{""type"":""MultiPoint"",""coordinates"":[]}"
20011004,2001-10-04,-0.001799293896085837,"{""type"":""MultiPoint"",""coordinates"":[]}"
20011005,2001-10-05,-0.0018827903672458005,"{""type"":""MultiPoint"",""coordinates"":[]}"
20011006,2001-10-06,-0.0019739428236146567,"{""type"":""MultiPoint"",""coordinates"":[]}"
20011007,2001-10-07,-0.002008523900303537,"{""type"":""MultiPoint"",""coordinates"":[]}"
20011008,2001-10-08,-0.002083106345935922,"{""type"":""MultiPoint"",""coordinates"":[]}"
20011009,2001-10-09,-0.0020669577097445183,"{""type"":""MultiPoint"",""coordinates"":[]}"
20011010,2001-10-10,-0.001983324150908501,"{""type"":""MultiPoint"",""coordinates"":[]}"
20011011,2001-10-11,-0.0020272113527230527,"{""type"":""MultiPoint"",""coordinates"":[]}"
20011012,2001-10-12,-0.0021401206525350712,"{""type"":""MultiPoint"",""coordinates"":[]}"
20011013,2001-10-13,-0.0021408532950743936,"{""type"":""MultiPoint"",""coordinates"":[]}"
20011014,2001-10-14,-0.0021088518094968304,"{""type"":""MultiPoint"",""coordinates"":[]}"
20011015,2001-10-15,-0.0021029209005046135,"{""type"":""MultiPoint"",""coordinates"":[]}"
20011016,2001-10-16,-0.0021071352182184862,"{""type"":""MultiPoint"",""coordinates"":[]}"
20011017,2001-10-17,-0.0019136493829997646,"{""type"":""MultiPoint"",""coordinates"":[]}"
20011018,2001-10-18,-0.0018735940226499517,"{""type"":""MultiPoint"",""coordinates"":[]}"
20011019,2001-10-19,-0.0019088405040211275,"{""type"":""MultiPoint"",""coordinates"":[]}"
20011020,2001-10-20,-0.0019585958216781895,"{""type"":""MultiPoint"",""coordinates"":[]}"
20011021,2001-10-21,-0.002015088618558573,"{""type"":""MultiPoint"",""coordinates"":[]}"
20011022,2001-10-22,-0.0020372672707393118,"{""type"":""MultiPoint"",""coordinates"":[]}"
20011023,2001-10-23,-0.002039679098180265,"{""type"":""MultiPoint"",""coordinates"":[]}"
20011024,2001-10-24,-0.0018784529396929776,"{""type"":""MultiPoint"",""coordinates"":[]}"
20011025,2001-10-25,-0.0017790377092444763,"{""type"":""MultiPoint"",""coordinates"":[]}"
20011026,2001-10-26,-0.001823269244057001,"{""type"":""MultiPoint"",""coordinates"":[]}"
20011027,2001-10-27,-0.0017460452560385227,"{""type"":""MultiPoint"",""coordinates"":[]}"
20011028,2001-10-28,-0.0017437740120335961,"{""type"":""MultiPoint"",""coordinates"":[]}"
20011029,2001-10-29,-0.0016769545893205269,"{""type"":""MultiPoint"",""coordinates"":[]}"
20011030,2001-10-30,-0.001601818902156325,"{""type"":""MultiPoint"",""coordinates"":[]}"
20011031,2001-10-31,-0.0015259220866319827,"{""type"":""MultiPoint"",""coordinates"":[]}"
20011101,2001-11-01,-0.0015833075060410473,"{""type"":""MultiPoint"",""coordinates"":[]}"
20011102,2001-11-02,-0.0016147497772293004,"{""type"":""MultiPoint"",""coordinates"":[]}"
20011103,2001-11-03,-0.0015825306264016998,"{""type"":""MultiPoint"",""coordinates"":[]}"
20011104,2001-11-04,-0.001576563611863512,"{""type"":""MultiPoint"",""coordinates"":[]}"
20011105,2001-11-05,-0.0015122095138306382,"{""type"":""MultiPoint"",""coordinates"":[]}"
20011106,2001-11-06,-0.0014394043280714164,"{""type"":""MultiPoint"",""coordinates"":[]}"
20011107,2001-11-07,-0.0013132356842215996,"{""type"":""MultiPoint"",""coordinates"":[]}"
20011108,2001-11-08,-0.0013059599153137599,"{""type"":""MultiPoint"",""coordinates"":[]}"
20011109,2001-11-09,-0.0013678065455246138,"{""type"":""MultiPoint"",""coordinates"":[]}"
20011110,2001-11-10,-0.0013132190230079354,"{""type"":""MultiPoint"",""coordinates"":[]}"
20011111,2001-11-11,-0.0012309547104635444,"{""type"":""MultiPoint"",""coordinates"":[]}"
20011112,2001-11-12,-0.0012621555133730744,"{""type"":""MultiPoint"",""coordinates"":[]}"
20011113,2001-11-13,-0.001288477990194063,"{""type"":""MultiPoint"",""coordinates"":[]}"
20011114,2001-11-14,-0.0013105084011835989,"{""type"":""MultiPoint"",""coordinates"":[]}"
20011115,2001-11-15,-0.001241331835259618,"{""type"":""MultiPoint"",""coordinates"":[]}"
20011116,2001-11-16,-0.0011953093055433323,"{""type"":""MultiPoint"",""coordinates"":[]}"
20011117,2001-11-17,-0.0012461051697934325,"{""type"":""MultiPoint"",""coordinates"":[]}"
20011118,2001-11-18,-0.001197110743458668,"{""type"":""MultiPoint"",""coordinates"":[]}"
20011119,2001-11-19,-0.001239564028480771,"{""type"":""MultiPoint"",""coordinates"":[]}"
20011120,2001-11-20,-0.0012703219315895625,"{""type"":""MultiPoint"",""coordinates"":[]}"
20011121,2001-11-21,-0.00119811744404427,"{""type"":""MultiPoint"",""coordinates"":[]}"
20011122,2001-11-22,-0.001103056907046131,"{""type"":""MultiPoint"",""coordinates"":[]}"
20011123,2001-11-23,-0.0011062893969241315,"{""type"":""MultiPoint"",""coordinates"":[]}"
20011124,2001-11-24,-0.0011391456266104066,"{""type"":""MultiPoint"",""coordinates"":[]}"
20011125,2001-11-25,-0.0011406117112951245,"{""type"":""MultiPoint"",""coordinates"":[]}"
20011126,2001-11-26,-0.0011034789616554755,"{""type"":""MultiPoint"",""coordinates"":[]}"
20011127,2001-11-27,-0.0010691949965851385,"{""type"":""MultiPoint"",""coordinates"":[]}"
20011128,2001-11-28,-0.0010453852066769956,"{""type"":""MultiPoint"",""coordinates"":[]}"
20011129,2001-11-29,-0.001070142988018288,"{""type"":""MultiPoint"",""coordinates"":[]}"
20011130,2001-11-30,-0.001039210202785044,"{""type"":""MultiPoint"",""coordinates"":[]}"
20011201,2001-12-01,-9.938914644652588E-4,"{""type"":""MultiPoint"",""coordinates"":[]}"
20011202,2001-12-02,-9.938769087797041E-4,"{""type"":""MultiPoint"",""coordinates"":[]}"
20011203,2001-12-03,-9.810809688801667E-4,"{""type"":""MultiPoint"",""coordinates"":[]}"
20011204,2001-12-04,-9.694116294375827E-4,"{""type"":""MultiPoint"",""coordinates"":[]}"
20011205,2001-12-05,-9.48952678854176E-4,"{""type"":""MultiPoint"",""coordinates"":[]}"
20011206,2001-12-06,-9.539258019629586E-4,"{""type"":""MultiPoint"",""coordinates"":[]}"
20011207,2001-12-07,-9.477140580762851E-4,"{""type"":""MultiPoint"",""coordinates"":[]}"
20011208,2001-12-08,-9.24244222481902E-4,"{""type"":""MultiPoint"",""coordinates"":[]}"
20011209,2001-12-09,-9.25619700652866E-4,"{""type"":""MultiPoint"",""coordinates"":[]}"
20011210,2001-12-10,-9.145587440260621E-4,"{""type"":""MultiPoint"",""coordinates"":[]}"
20011211,2001-12-11,-8.994363435094166E-4,"{""type"":""MultiPoint"",""coordinates"":[]}"
20011212,2001-12-12,-8.982428688653045E-4,"{""type"":""MultiPoint"",""coordinates"":[]}"
20011213,2001-12-13,-8.851545947200859E-4,"{""type"":""MultiPoint"",""coordinates"":[]}"
20011214,2001-12-14,-8.467294240153256E-4,"{""type"":""MultiPoint"",""coordinates"":[]}"
20011215,2001-12-15,-8.337048236100039E-4,"{""type"":""MultiPoint"",""coordinates"":[]}"
20011216,2001-12-16,-8.395153211886582E-4,"{""type"":""MultiPoint"",""coordinates"":[]}"
20011217,2001-12-17,-7.957573793162248E-4,"{""type"":""MultiPoint"",""coordinates"":[]}"
20011218,2001-12-18,-8.082228519439742E-4,"{""type"":""MultiPoint"",""coordinates"":[]}"
20011219,2001-12-19,-8.1334558451333E-4,"{""type"":""MultiPoint"",""coordinates"":[]}"
20011220,2001-12-20,-7.581710048459258E-4,"{""type"":""MultiPoint"",""coordinates"":[]}"
20011221,2001-12-21,-7.044845048553382E-4,"{""type"":""MultiPoint"",""coordinates"":[]}"
20011222,2001-12-22,-7.20224866639068E-4,"{""type"":""MultiPoint"",""coordinates"":[]}"
20011223,2001-12-23,-7.339010518153249E-4,"{""type"":""MultiPoint"",""coordinates"":[]}"
20011224,2001-12-24,-7.430302292457886E-4,"{""type"":""MultiPoint"",""coordinates"":[]}"
20011225,2001-12-25,-7.447015896187424E-4,"{""type"":""MultiPoint"",""coordinates"":[]}"
20011226,2001-12-26,-7.45911712499017E-4,"{""type"":""MultiPoint"",""coordinates"":[]}"
20011227,2001-12-27,-7.642419983214269E-4,"{""type"":""MultiPoint"",""coordinates"":[]}"
20011228,2001-12-28,-7.545402282072849E-4,"{""type"":""MultiPoint"",""coordinates"":[]}"
20011229,2001-12-29,-7.513458874243964E-4,"{""type"":""MultiPoint"",""coordinates"":[]}"
20011230,2001-12-30,-7.324213251035811E-4,"{""type"":""MultiPoint"",""coordinates"":[]}"
20011231,2001-12-31,-7.254765269828581E-4,"{""type"":""MultiPoint"",""coordinates"":[]}"
20020101,2002-01-01,-7.389818984726303E-4,"{""type"":""MultiPoint"",""coordinates"":[]}"
20020102,2002-01-02,-7.31567424370441E-4,"{""type"":""MultiPoint"",""coordinates"":[]}"
20020103,2002-01-03,-7.365370541109513E-4,"{""type"":""MultiPoint"",""coordinates"":[]}"
20020104,2002-01-04,-7.03278945544355E-4,"{""type"":""MultiPoint"",""coordinates"":[]}"
20020105,2002-01-05,-7.021239106002577E-4,"{""type"":""MultiPoint"",""coordinates"":[]}"
20020106,2002-01-06,-7.335517099778549E-4,"{""type"":""MultiPoint"",""coordinates"":[]}"
20020107,2002-01-07,-7.165810256965372E-4,"{""type"":""MultiPoint"",""coordinates"":[]}"
20020108,2002-01-08,-7.477325925457816E-4,"{""type"":""MultiPoint"",""coordinates"":[]}"
20020109,2002-01-09,-7.794285274205016E-4,"{""type"":""MultiPoint"",""coordinates"":[]}"
20020110,2002-01-10,-7.829229826560682E-4,"{""type"":""MultiPoint"",""coordinates"":[]}"
20020111,2002-01-11,-8.050843858399597E-4,"{""type"":""MultiPoint"",""coordinates"":[]}"
20020112,2002-01-12,-8.178603489645787E-4,"{""type"":""MultiPoint"",""coordinates"":[]}"
20020113,2002-01-13,-8.28256838296673E-4,"{""type"":""MultiPoint"",""coordinates"":[]}"
20020114,2002-01-14,-8.188963703365077E-4,"{""type"":""MultiPoint"",""coordinates"":[]}"
20020115,2002-01-15,-8.252822279650989E-4,"{""type"":""MultiPoint"",""coordinates"":[]}"
20020116,2002-01-16,-8.210857042567988E-4,"{""type"":""MultiPoint"",""coordinates"":[]}"
20020117,2002-01-17,-7.898337792392977E-4,"{""type"":""MultiPoint"",""coordinates"":[]}"
20020118,2002-01-18,-7.959059879308676E-4,"{""type"":""MultiPoint"",""coordinates"":[]}"
20020119,2002-01-19,-7.714660009282018E-4,"{""type"":""MultiPoint"",""coordinates"":[]}"
20020120,2002-01-20,-7.565706054157953E-4,"{""type"":""MultiPoint"",""coordinates"":[]}"
20020121,2002-01-21,-7.581911997167158E-4,"{""type"":""MultiPoint"",""coordinates"":[]}"
20020122,2002-01-22,-7.819700905090195E-4,"{""type"":""MultiPoint"",""coordinates"":[]}"
20020123,2002-01-23,-8.070272262817222E-4,"{""type"":""MultiPoint"",""coordinates"":[]}"
20020124,2002-01-24,-8.469528011578239E-4,"{""type"":""MultiPoint"",""coordinates"":[]}"
20020125,2002-01-25,-8.481881579866556E-4,"{""type"":""MultiPoint"",""coordinates"":[]}"
20020126,2002-01-26,-8.218098121589736E-4,"{""type"":""MultiPoint"",""coordinates"":[]}"
20020127,2002-01-27,-7.994520509974911E-4,"{""type"":""MultiPoint"",""coordinates"":[]}"
20020128,2002-01-28,-7.589335840943529E-4,"{""type"":""MultiPoint"",""coordinates"":[]}"
20020129,2002-01-29,-7.860184841556436E-4,"{""type"":""MultiPoint"",""coordinates"":[]}"
20020130,2002-01-30,-7.778504678144126E-4,"{""type"":""MultiPoint"",""coordinates"":[]}"
20020131,2002-01-31,-8.124898346223856E-4,"{""type"":""MultiPoint"",""coordinates"":[]}"
20020201,2002-02-01,-8.188347241005309E-4,"{""type"":""MultiPoint"",""coordinates"":[]}"
20020202,2002-02-02,-8.469869087269733E-4,"{""type"":""MultiPoint"",""coordinates"":[]}"
20020203,2002-02-03,-8.333544112610369E-4,"{""type"":""MultiPoint"",""coordinates"":[]}"
20020204,2002-02-04,-8.340154028560056E-4,"{""type"":""MultiPoint"",""coordinates"":[]}"
20020205,2002-02-05,-8.487310927217614E-4,"{""type"":""MultiPoint"",""coordinates"":[]}"
20020206,2002-02-06,-8.78470792499304E-4,"{""type"":""MultiPoint"",""coordinates"":[]}"
20020207,2002-02-07,-8.894193027391696E-4,"{""type"":""MultiPoint"",""coordinates"":[]}"
20020208,2002-02-08,-8.556565002334621E-4,"{""type"":""MultiPoint"",""coordinates"":[]}"
20020209,2002-02-09,-9.171592689036761E-4,"{""type"":""MultiPoint"",""coordinates"":[]}"
20020210,2002-02-10,-0.0010135609949470934,"{""type"":""MultiPoint"",""coordinates"":[]}"
20020211,2002-02-11,-0.0010005978629814836,"{""type"":""MultiPoint"",""coordinates"":[]}"
20020212,2002-02-12,-0.0010028541473415208,"{""type"":""MultiPoint"",""coordinates"":[]}"
20020213,2002-02-13,-0.0010567001438221827,"{""type"":""MultiPoint"",""coordinates"":[]}"
20020214,2002-02-14,-0.001046819128497561,"{""type"":""MultiPoint"",""coordinates"":[]}"
20020215,2002-02-15,-0.0010581021796105647,"{""type"":""MultiPoint"",""coordinates"":[]}"
20020216,2002-02-16,-0.0010363164104152185,"{""type"":""MultiPoint"",""coordinates"":[]}"
20020217,2002-02-17,-0.0010257856150165238,"{""type"":""MultiPoint"",""coordinates"":[]}"
20020218,2002-02-18,-0.0010312842775713263,"{""type"":""MultiPoint"",""coordinates"":[]}"
20020219,2002-02-19,-0.00102993634878015,"{""type"":""MultiPoint"",""coordinates"":[]}"
20020220,2002-02-20,-0.0010160672686650998,"{""type"":""MultiPoint"",""coordinates"":[]}"
20020221,2002-02-21,-0.0010280124226897168,"{""type"":""MultiPoint"",""coordinates"":[]}"
20020222,2002-02-22,-0.0010453887351817384,"{""type"":""MultiPoint"",""coordinates"":[]}"
20020223,2002-02-23,-0.001061763419712212,"{""type"":""MultiPoint"",""coordinates"":[]}"
20020224,2002-02-24,-0.001043813071966348,"{""type"":""MultiPoint"",""coordinates"":[]}"
20020225,2002-02-25,-0.0010055472658589064,"{""type"":""MultiPoint"",""coordinates"":[]}"
20020226,2002-02-26,-9.915132491054382E-4,"{""type"":""MultiPoint"",""coordinates"":[]}"
20020227,2002-02-27,-0.0010148187353832914,"{""type"":""MultiPoint"",""coordinates"":[]}"
20020228,2002-02-28,-9.673102812716822E-4,"{""type"":""MultiPoint"",""coordinates"":[]}"
20020301,2002-03-01,-9.599847793510969E-4,"{""type"":""MultiPoint"",""coordinates"":[]}"
20020302,2002-03-02,-0.0010189491688041557,"{""type"":""MultiPoint"",""coordinates"":[]}"
20020303,2002-03-03,-0.0010355817728593692,"{""type"":""MultiPoint"",""coordinates"":[]}"
20020304,2002-03-04,-0.0010198962668859397,"{""type"":""MultiPoint"",""coordinates"":[]}"
20020305,2002-03-05,-0.0010066005262942383,"{""type"":""MultiPoint"",""coordinates"":[]}"
20020306,2002-03-06,-9.927179561036125E-4,"{""type"":""MultiPoint"",""coordinates"":[]}"
20020307,2002-03-07,-9.705677291044745E-4,"{""type"":""MultiPoint"",""coordinates"":[]}"
20020308,2002-03-08,-9.404534329162572E-4,"{""type"":""MultiPoint"",""coordinates"":[]}"
20020309,2002-03-09,-9.831617099378268E-4,"{""type"":""MultiPoint"",""coordinates"":[]}"
20020310,2002-03-10,-0.001009063731257393,"{""type"":""MultiPoint"",""coordinates"":[]}"
20020311,2002-03-11,-0.0010024906615929935,"{""type"":""MultiPoint"",""coordinates"":[]}"
20020312,2002-03-12,-0.001023699888038179,"{""type"":""MultiPoint"",""coordinates"":[]}"
20020313,2002-03-13,-9.967413607729263E-4,"{""type"":""MultiPoint"",""coordinates"":[]}"
20020314,2002-03-14,-9.945956114256523E-4,"{""type"":""MultiPoint"",""coordinates"":[]}"
20020315,2002-03-15,-9.936079973916093E-4,"{""type"":""MultiPoint"",""coordinates"":[]}"
20020316,2002-03-16,-0.0010038000211506496,"{""type"":""MultiPoint"",""coordinates"":[]}"
20020317,2002-03-17,-0.0010163977692924126,"{""type"":""MultiPoint"",""coordinates"":[]}"
20020318,2002-03-18,-0.0010279503011951427,"{""type"":""MultiPoint"",""coordinates"":[]}"
20020319,2002-03-19,-0.0010309608417075147,"{""type"":""MultiPoint"",""coordinates"":[]}"
20020320,2002-03-20,-0.001008045020330417,"{""type"":""MultiPoint"",""coordinates"":[]}"
20020321,2002-03-21,-9.920701192346918E-4,"{""type"":""MultiPoint"",""coordinates"":[]}"
20020322,2002-03-22,-9.644752399493849E-4,"{""type"":""MultiPoint"",""coordinates"":[]}"
20020323,2002-03-23,-9.841739197080873E-4,"{""type"":""MultiPoint"",""coordinates"":[]}"
20020324,2002-03-24,-9.975882079292296E-4,"{""type"":""MultiPoint"",""coordinates"":[]}"
20020325,2002-03-25,-0.0010142257835146788,"{""type"":""MultiPoint"",""coordinates"":[]}"
20020326,2002-03-26,-0.0010093587539564204,"{""type"":""MultiPoint"",""coordinates"":[]}"
20020327,2002-03-27,-0.0010093639154213606,"{""type"":""MultiPoint"",""coordinates"":[]}"
20020328,2002-03-28,-0.0010720216891949613,"{""type"":""MultiPoint"",""coordinates"":[]}"
20020329,2002-03-29,-0.0011020699079562347,"{""type"":""MultiPoint"",""coordinates"":[]}"
20020330,2002-03-30,-0.001155863555914639,"{""type"":""MultiPoint"",""coordinates"":[]}"
20020331,2002-03-31,-0.0011450217661641982,"{""type"":""MultiPoint"",""coordinates"":[]}"
20020401,2002-04-01,-0.0011114520730442412,"{""type"":""MultiPoint"",""coordinates"":[]}"
20020402,2002-04-02,-0.0010929264461144973,"{""type"":""MultiPoint"",""coordinates"":[]}"
20020403,2002-04-03,-0.0011057709909306952,"{""type"":""MultiPoint"",""coordinates"":[]}"
20020404,2002-04-04,-0.0011110073911270158,"{""type"":""MultiPoint"",""coordinates"":[]}"
20020405,2002-04-05,-0.0011738667139725729,"{""type"":""MultiPoint"",""coordinates"":[]}"
20020406,2002-04-06,-0.0011930787192109143,"{""type"":""MultiPoint"",""coordinates"":[]}"
20020407,2002-04-07,-0.0012690213097985691,"{""type"":""MultiPoint"",""coordinates"":[]}"
20020408,2002-04-08,-0.0012831600806244075,"{""type"":""MultiPoint"",""coordinates"":[]}"
20020409,2002-04-09,-0.0012730022585975894,"{""type"":""MultiPoint"",""coordinates"":[]}"
20020410,2002-04-10,-0.0012999987775734482,"{""type"":""MultiPoint"",""coordinates"":[]}"
20020411,2002-04-11,-0.0012339329447188547,"{""type"":""MultiPoint"",""coordinates"":[]}"
20020412,2002-04-12,-0.0012675975950124756,"{""type"":""MultiPoint"",""coordinates"":[]}"
20020413,2002-04-13,-0.0012862645234691015,"{""type"":""MultiPoint"",""coordinates"":[]}"
20020414,2002-04-14,-0.0012280030162872236,"{""type"":""MultiPoint"",""coordinates"":[]}"
20020415,2002-04-15,-0.0012102954538315545,"{""type"":""MultiPoint"",""coordinates"":[]}"
20020416,2002-04-16,-0.001166273896928656,"{""type"":""MultiPoint"",""coordinates"":[]}"
20020417,2002-04-17,-0.0011762696791161541,"{""type"":""MultiPoint"",""coordinates"":[]}"
20020418,2002-04-18,-0.001185838015484066,"{""type"":""MultiPoint"",""coordinates"":[]}"
20020419,2002-04-19,-0.0012239080843049126,"{""type"":""MultiPoint"",""coordinates"":[]}"
20020420,2002-04-20,-0.0011980571408957172,"{""type"":""MultiPoint"",""coordinates"":[]}"
20020421,2002-04-21,-0.0012011848238462587,"{""type"":""MultiPoint"",""coordinates"":[]}"
20020422,2002-04-22,-0.0011995347191120463,"{""type"":""MultiPoint"",""coordinates"":[]}"
20020423,2002-04-23,-0.0012532877930198267,"{""type"":""MultiPoint"",""coordinates"":[]}"
20020424,2002-04-24,-0.001260440484790162,"{""type"":""MultiPoint"",""coordinates"":[]}"
20020425,2002-04-25,-0.0012510402290935958,"{""type"":""MultiPoint"",""coordinates"":[]}"
20020426,2002-04-26,-0.001274055810388576,"{""type"":""MultiPoint"",""coordinates"":[]}"
20020427,2002-04-27,-0.0013255223686595404,"{""type"":""MultiPoint"",""coordinates"":[]}"
20020428,2002-04-28,-0.0012963433762066534,"{""type"":""MultiPoint"",""coordinates"":[]}"
20020429,2002-04-29,-0.0012658769506857699,"{""type"":""MultiPoint"",""coordinates"":[]}"
20020430,2002-04-30,-0.0011832696309983326,"{""type"":""MultiPoint"",""coordinates"":[]}"
20020501,2002-05-01,-0.001181855585408287,"{""type"":""MultiPoint"",""coordinates"":[]}"
20020502,2002-05-02,-0.0011771059490333351,"{""type"":""MultiPoint"",""coordinates"":[]}"
20020503,2002-05-03,-0.001191462563071532,"{""type"":""MultiPoint"",""coordinates"":[]}"
20020504,2002-05-04,-0.0011973724248305563,"{""type"":""MultiPoint"",""coordinates"":[]}"
20020505,2002-05-05,-0.0012399868730533139,"{""type"":""MultiPoint"",""coordinates"":[]}"
20020506,2002-05-06,-0.0012818780097115991,"{""type"":""MultiPoint"",""coordinates"":[]}"
20020507,2002-05-07,-0.0013564272740518963,"{""type"":""MultiPoint"",""coordinates"":[]}"
20020508,2002-05-08,-0.001434613140544513,"{""type"":""MultiPoint"",""coordinates"":[]}"
20020509,2002-05-09,-0.0014995646640509194,"{""type"":""MultiPoint"",""coordinates"":[]}"
20020510,2002-05-10,-0.00146963381722717,"{""type"":""MultiPoint"",""coordinates"":[]}"
20020511,2002-05-11,-0.0013749836486681023,"{""type"":""MultiPoint"",""coordinates"":[]}"
20020512,2002-05-12,-0.0013948260325426943,"{""type"":""MultiPoint"",""coordinates"":[]}"
20020513,2002-05-13,-0.0014666501330010588,"{""type"":""MultiPoint"",""coordinates"":[]}"
20020514,2002-05-14,-0.0015067053604317336,"{""type"":""MultiPoint"",""coordinates"":[]}"
20020515,2002-05-15,-0.0015671278081767635,"{""type"":""MultiPoint"",""coordinates"":[]}"
20020516,2002-05-16,-0.0016408012447120903,"{""type"":""MultiPoint"",""coordinates"":[]}"
20020517,2002-05-17,-0.0016217375108232655,"{""type"":""MultiPoint"",""coordinates"":[]}"
20020518,2002-05-18,-0.0015625120690559915,"{""type"":""MultiPoint"",""coordinates"":[]}"
20020519,2002-05-19,-0.0015452608426984097,"{""type"":""MultiPoint"",""coordinates"":[]}"
20020520,2002-05-20,-0.0015626088595122858,"{""type"":""MultiPoint"",""coordinates"":[]}"
20020521,2002-05-21,-0.0015631334031151732,"{""type"":""MultiPoint"",""coordinates"":[]}"
20020522,2002-05-22,-0.001548323932461577,"{""type"":""MultiPoint"",""coordinates"":[]}"
20020523,2002-05-23,-0.0014723580493301535,"{""type"":""MultiPoint"",""coordinates"":[]}"
20020524,2002-05-24,-0.0015293024448996332,"{""type"":""MultiPoint"",""coordinates"":[]}"
20020525,2002-05-25,-0.0015886265440335527,"{""type"":""MultiPoint"",""coordinates"":[]}"
20020526,2002-05-26,-0.0015385768013776167,"{""type"":""MultiPoint"",""coordinates"":[]}"
20020527,2002-05-27,-0.0015667102143591708,"{""type"":""MultiPoint"",""coordinates"":[]}"
20020528,2002-05-28,-0.0016324955478771723,"{""type"":""MultiPoint"",""coordinates"":[]}"
20020529,2002-05-29,-0.0018650498372385009,"{""type"":""MultiPoint"",""coordinates"":[]}"
20020530,2002-05-30,-0.0020125327035008644,"{""type"":""MultiPoint"",""coordinates"":[]}"
20020531,2002-05-31,-0.0019950358295513755,"{""type"":""MultiPoint"",""coordinates"":[]}"
20020601,2002-06-01,-0.0019818172057488263,"{""type"":""MultiPoint"",""coordinates"":[]}"
20020602,2002-06-02,-0.001971284375801589,"{""type"":""MultiPoint"",""coordinates"":[]}"
20020603,2002-06-03,-0.0019351934536141705,"{""type"":""MultiPoint"",""coordinates"":[]}"
20020604,2002-06-04,-0.0019294748145838082,"{""type"":""MultiPoint"",""coordinates"":[]}"
20020605,2002-06-05,-0.0019675522670220477,"{""type"":""MultiPoint"",""coordinates"":[]}"
20020606,2002-06-06,-0.0020205773819798522,"{""type"":""MultiPoint"",""coordinates"":[]}"
20020607,2002-06-07,-0.002010782035358097,"{""type"":""MultiPoint"",""coordinates"":[]}"
20020608,2002-06-08,-0.0020177532709851047,"{""type"":""MultiPoint"",""coordinates"":[]}"
20020609,2002-06-09,-0.001995186530594817,"{""type"":""MultiPoint"",""coordinates"":[]}"
20020610,2002-06-10,-0.001922514336355555,"{""type"":""MultiPoint"",""coordinates"":[]}"
20020611,2002-06-11,-0.001828301731934108,"{""type"":""MultiPoint"",""coordinates"":[]}"
20020612,2002-06-12,-0.0018333047242054482,"{""type"":""MultiPoint"",""coordinates"":[]}"
20020613,2002-06-13,-0.0018438574428483476,"{""type"":""MultiPoint"",""coordinates"":[]}"
20020614,2002-06-14,-0.0019424001043779127,"{""type"":""MultiPoint"",""coordinates"":[]}"
20020615,2002-06-15,-0.0020087871207078063,"{""type"":""MultiPoint"",""coordinates"":[]}"
20020616,2002-06-16,-0.002137790737348224,"{""type"":""MultiPoint"",""coordinates"":[]}"
20020617,2002-06-17,-0.0021975423523026643,"{""type"":""MultiPoint"",""coordinates"":[]}"
20020618,2002-06-18,-0.002386657678594516,"{""type"":""MultiPoint"",""coordinates"":[]}"
20020619,2002-06-19,-0.002349318312385121,"{""type"":""MultiPoint"",""coordinates"":[]}"
20020620,2002-06-20,-0.0022906169566078694,"{""type"":""MultiPoint"",""coordinates"":[]}"
20020621,2002-06-21,-0.0022367071089699213,"{""type"":""MultiPoint"",""coordinates"":[]}"
20020622,2002-06-22,-0.002180857323168212,"{""type"":""MultiPoint"",""coordinates"":[]}"
20020623,2002-06-23,-0.002166619341064369,"{""type"":""MultiPoint"",""coordinates"":[]}"
20020624,2002-06-24,-0.0022472528442842826,"{""type"":""MultiPoint"",""coordinates"":[]}"
20020625,2002-06-25,-0.002286987166724863,"{""type"":""MultiPoint"",""coordinates"":[]}"
20020626,2002-06-26,-0.0022196997769838287,"{""type"":""MultiPoint"",""coordinates"":[]}"
20020627,2002-06-27,-0.0024584247407245328,"{""type"":""MultiPoint"",""coordinates"":[]}"
20020628,2002-06-28,-0.002601543418733965,"{""type"":""MultiPoint"",""coordinates"":[]}"
20020629,2002-06-29,-0.002620377020344111,"{""type"":""MultiPoint"",""coordinates"":[]}"
20020630,2002-06-30,-0.002590248692655422,"{""type"":""MultiPoint"",""coordinates"":[]}"
20020701,2002-07-01,-0.0024512308137676843,"{""type"":""MultiPoint"",""coordinates"":[]}"
20020702,2002-07-02,-0.0024085052888291186,"{""type"":""MultiPoint"",""coordinates"":[]}"
20020703,2002-07-03,-0.0023555231071120918,"{""type"":""MultiPoint"",""coordinates"":[]}"
20020704,2002-07-04,-0.0023571246719170857,"{""type"":""MultiPoint"",""coordinates"":[]}"
20020705,2002-07-05,-0.002439485200890069,"{""type"":""MultiPoint"",""coordinates"":[]}"
20020706,2002-07-06,-0.0025131885286603273,"{""type"":""MultiPoint"",""coordinates"":[]}"
20020707,2002-07-07,-0.0026667996310406872,"{""type"":""MultiPoint"",""coordinates"":[]}"
20020708,2002-07-08,-0.0025869344041897576,"{""type"":""MultiPoint"",""coordinates"":[]}"
20020709,2002-07-09,-0.0024807562391624765,"{""type"":""MultiPoint"",""coordinates"":[]}"
20020710,2002-07-10,-0.0024229283086447022,"{""type"":""MultiPoint"",""coordinates"":[]}"
20020711,2002-07-11,-0.0024188436397428307,"{""type"":""MultiPoint"",""coordinates"":[]}"
20020712,2002-07-12,-0.002436887972851444,"{""type"":""MultiPoint"",""coordinates"":[]}"
20020713,2002-07-13,-0.002425556632426655,"{""type"":""MultiPoint"",""coordinates"":[]}"
20020714,2002-07-14,-0.0023439142751315954,"{""type"":""MultiPoint"",""coordinates"":[]}"
20020715,2002-07-15,-0.0023318340518971243,"{""type"":""MultiPoint"",""coordinates"":[]}"
20020716,2002-07-16,-0.0023500442819205636,"{""type"":""MultiPoint"",""coordinates"":[]}"
20020717,2002-07-17,-0.00238679660351634,"{""type"":""MultiPoint"",""coordinates"":[]}"
20020718,2002-07-18,-0.002362828134306877,"{""type"":""MultiPoint"",""coordinates"":[]}"
20020719,2002-07-19,-0.0023270736165156513,"{""type"":""MultiPoint"",""coordinates"":[]}"
20020720,2002-07-20,-0.002225723316559718,"{""type"":""MultiPoint"",""coordinates"":[]}"
20020721,2002-07-21,-0.002085037858830849,"{""type"":""MultiPoint"",""coordinates"":[]}"
20020722,2002-07-22,-0.0022872384668124186,"{""type"":""MultiPoint"",""coordinates"":[]}"
20020723,2002-07-23,-0.0024990226385433337,"{""type"":""MultiPoint"",""coordinates"":[]}"
20020724,2002-07-24,-0.002749705446797576,"{""type"":""MultiPoint"",""coordinates"":[]}"
20020725,2002-07-25,-0.0026665285934962136,"{""type"":""MultiPoint"",""coordinates"":[]}"
20020726,2002-07-26,-0.0025691492555493405,"{""type"":""MultiPoint"",""coordinates"":[]}"
20020727,2002-07-27,-0.002487901250998883,"{""type"":""MultiPoint"",""coordinates"":[]}"
20020728,2002-07-28,-0.002437513230460698,"{""type"":""MultiPoint"",""coordinates"":[]}"
20020729,2002-07-29,-0.002441478167881583,"{""type"":""MultiPoint"",""coordinates"":[]}"
20020730,2002-07-30,-0.0023493749430134056,"{""type"":""MultiPoint"",""coordinates"":[]}"
20020731,2002-07-31,-0.0024239576318842134,"{""type"":""MultiPoint"",""coordinates"":[]}"
20020801,2002-08-01,-0.0024349675919372164,"{""type"":""MultiPoint"",""coordinates"":[]}"
20020802,2002-08-02,-0.0024149241735529096,"{""type"":""MultiPoint"",""coordinates"":[]}"
20020803,2002-08-03,-0.0023329408471599697,"{""type"":""MultiPoint"",""coordinates"":[]}"
20020804,2002-08-04,-0.0024337912023415973,"{""type"":""MultiPoint"",""coordinates"":[]}"
20020805,2002-08-05,-0.002482392307995142,"{""type"":""MultiPoint"",""coordinates"":[]}"
20020806,2002-08-06,-0.0025615004563818893,"{""type"":""MultiPoint"",""coordinates"":[]}"
20020807,2002-08-07,-0.0025963222449955723,"{""type"":""MultiPoint"",""coordinates"":[]}"
20020808,2002-08-08,-0.0025952037128470925,"{""type"":""MultiPoint"",""coordinates"":[]}"
20020809,2002-08-09,-0.0025105148162513913,"{""type"":""MultiPoint"",""coordinates"":[]}"
20020810,2002-08-10,-0.002400238937999916,"{""type"":""MultiPoint"",""coordinates"":[]}"
20020811,2002-08-11,-0.0024161167465255656,"{""type"":""MultiPoint"",""coordinates"":[]}"
20020812,2002-08-12,-0.0022992816960778024,"{""type"":""MultiPoint"",""coordinates"":[]}"
20020813,2002-08-13,-0.00228670923958245,"{""type"":""MultiPoint"",""coordinates"":[]}"
20020814,2002-08-14,-0.0024209349493124954,"{""type"":""MultiPoint"",""coordinates"":[]}"
20020815,2002-08-15,-0.0025861176313560497,"{""type"":""MultiPoint"",""coordinates"":[]}"
20020816,2002-08-16,-0.0025764382877609604,"{""type"":""MultiPoint"",""coordinates"":[]}"
20020817,2002-08-17,-0.0024954065613817635,"{""type"":""MultiPoint"",""coordinates"":[]}"
20020818,2002-08-18,-0.002431803853809392,"{""type"":""MultiPoint"",""coordinates"":[]}"
20020819,2002-08-19,-0.0023405683531389394,"{""type"":""MultiPoint"",""coordinates"":[]}"
20020820,2002-08-20,-0.0023019708200882278,"{""type"":""MultiPoint"",""coordinates"":[]}"
20020821,2002-08-21,-0.0023244331211402457,"{""type"":""MultiPoint"",""coordinates"":[]}"
20020822,2002-08-22,-0.002383061417205666,"{""type"":""MultiPoint"",""coordinates"":[]}"
20020823,2002-08-23,-0.0024033068383497534,"{""type"":""MultiPoint"",""coordinates"":[]}"
20020824,2002-08-24,-0.002438853677896984,"{""type"":""MultiPoint"",""coordinates"":[]}"
20020825,2002-08-25,-0.0026489803467180106,"{""type"":""MultiPoint"",""coordinates"":[]}"
20020826,2002-08-26,-0.0027581004921179834,"{""type"":""MultiPoint"",""coordinates"":[]}"
20020827,2002-08-27,-0.0028041056998397546,"{""type"":""MultiPoint"",""coordinates"":[]}"
20020828,2002-08-28,-0.0027179663798255634,"{""type"":""MultiPoint"",""coordinates"":[]}"
20020829,2002-08-29,-0.0024936525141921115,"{""type"":""MultiPoint"",""coordinates"":[]}"
20020830,2002-08-30,-0.0024961265241719758,"{""type"":""MultiPoint"",""coordinates"":[]}"
20020831,2002-08-31,-0.0025636469366085417,"{""type"":""MultiPoint"",""coordinates"":[]}"
20020901,2002-09-01,-0.0025501336090895488,"{""type"":""MultiPoint"",""coordinates"":[]}"
20020902,2002-09-02,-0.002549515851407618,"{""type"":""MultiPoint"",""coordinates"":[]}"
20020903,2002-09-03,-0.0025651410444087522,"{""type"":""MultiPoint"",""coordinates"":[]}"
20020904,2002-09-04,-0.00251733352164391,"{""type"":""MultiPoint"",""coordinates"":[]}"
20020905,2002-09-05,-0.002581048868819452,"{""type"":""MultiPoint"",""coordinates"":[]}"
20020906,2002-09-06,-0.002537555393369366,"{""type"":""MultiPoint"",""coordinates"":[]}"
20020907,2002-09-07,-0.002602742107424132,"{""type"":""MultiPoint"",""coordinates"":[]}"
20020908,2002-09-08,-0.0025227946720375893,"{""type"":""MultiPoint"",""coordinates"":[]}"
20020909,2002-09-09,-0.0024063614277058253,"{""type"":""MultiPoint"",""coordinates"":[]}"
20020910,2002-09-10,-0.00236478159269163,"{""type"":""MultiPoint"",""coordinates"":[]}"
20020911,2002-09-11,-0.0022820654649815244,"{""type"":""MultiPoint"",""coordinates"":[]}"
20020912,2002-09-12,-0.002238129628848709,"{""type"":""MultiPoint"",""coordinates"":[]}"
20020913,2002-09-13,-0.0023895152166357975,"{""type"":""MultiPoint"",""coordinates"":[]}"
20020914,2002-09-14,-0.0024580096042771376,"{""type"":""MultiPoint"",""coordinates"":[]}"
20020915,2002-09-15,-0.002501686224934238,"{""type"":""MultiPoint"",""coordinates"":[]}"
20020916,2002-09-16,-0.002535474937378587,"{""type"":""MultiPoint"",""coordinates"":[]}"
20020917,2002-09-17,-0.002496165058917023,"{""type"":""MultiPoint"",""coordinates"":[]}"
20020918,2002-09-18,-0.002519874673784455,"{""type"":""MultiPoint"",""coordinates"":[]}"
20020919,2002-09-19,-0.0026449332087644883,"{""type"":""MultiPoint"",""coordinates"":[]}"
20020920,2002-09-20,-0.002613084656603143,"{""type"":""MultiPoint"",""coordinates"":[]}"
20020921,2002-09-21,-0.0024770792956508134,"{""type"":""MultiPoint"",""coordinates"":[]}"
20020922,2002-09-22,-0.002262978410287158,"{""type"":""MultiPoint"",""coordinates"":[]}"
20020923,2002-09-23,-0.0021596304801937143,"{""type"":""MultiPoint"",""coordinates"":[]}"
20020924,2002-09-24,-0.0020576938694062525,"{""type"":""MultiPoint"",""coordinates"":[]}"
20020925,2002-09-25,-0.0020378240415546483,"{""type"":""MultiPoint"",""coordinates"":[]}"
20020926,2002-09-26,-0.0021477642672774085,"{""type"":""MultiPoint"",""coordinates"":[]}"
20020927,2002-09-27,-0.002079775917319569,"{""type"":""MultiPoint"",""coordinates"":[]}"
20020928,2002-09-28,-0.0020762612905301427,"{""type"":""MultiPoint"",""coordinates"":[]}"
20020929,2002-09-29,-0.002143630187614483,"{""type"":""MultiPoint"",""coordinates"":[]}"
20020930,2002-09-30,-0.0022148055702792325,"{""type"":""MultiPoint"",""coordinates"":[]}"
20021001,2002-10-01,-0.002253667013076128,"{""type"":""MultiPoint"",""coordinates"":[]}"
20021002,2002-10-02,-0.002275235795116463,"{""type"":""MultiPoint"",""coordinates"":[]}"
20021003,2002-10-03,-0.002247324224465853,"{""type"":""MultiPoint"",""coordinates"":[]}"
20021004,2002-10-04,-0.0022159831157222525,"{""type"":""MultiPoint"",""coordinates"":[]}"
20021005,2002-10-05,-0.0021923631146316333,"{""type"":""MultiPoint"",""coordinates"":[]}"
20021006,2002-10-06,-0.0021408661981737725,"{""type"":""MultiPoint"",""coordinates"":[]}"
20021007,2002-10-07,-0.0021078749932413486,"{""type"":""MultiPoint"",""coordinates"":[]}"
20021008,2002-10-08,-0.0020813809833113203,"{""type"":""MultiPoint"",""coordinates"":[]}"
20021009,2002-10-09,-0.001991771970862403,"{""type"":""MultiPoint"",""coordinates"":[]}"
20021010,2002-10-10,-0.001976765010337739,"{""type"":""MultiPoint"",""coordinates"":[]}"
20021011,2002-10-11,-0.0019282766509284828,"{""type"":""MultiPoint"",""coordinates"":[]}"
20021012,2002-10-12,-0.001817124078771175,"{""type"":""MultiPoint"",""coordinates"":[]}"
20021013,2002-10-13,-0.0018050146540862985,"{""type"":""MultiPoint"",""coordinates"":[]}"
20021014,2002-10-14,-0.0017602416351382344,"{""type"":""MultiPoint"",""coordinates"":[]}"
20021015,2002-10-15,-0.0017018124489092475,"{""type"":""MultiPoint"",""coordinates"":[]}"
20021016,2002-10-16,-0.0017584625896735946,"{""type"":""MultiPoint"",""coordinates"":[]}"
20021017,2002-10-17,-0.0017462733455801446,"{""type"":""MultiPoint"",""coordinates"":[]}"
20021018,2002-10-18,-0.0017607923983719797,"{""type"":""MultiPoint"",""coordinates"":[]}"
20021019,2002-10-19,-0.0018043822248654381,"{""type"":""MultiPoint"",""coordinates"":[]}"
20021020,2002-10-20,-0.0018738570737925281,"{""type"":""MultiPoint"",""coordinates"":[]}"
20021021,2002-10-21,-0.0018594615024169223,"{""type"":""MultiPoint"",""coordinates"":[]}"
20021022,2002-10-22,-0.0018668755307434863,"{""type"":""MultiPoint"",""coordinates"":[]}"
20021023,2002-10-23,-0.00185825114304331,"{""type"":""MultiPoint"",""coordinates"":[]}"
20021024,2002-10-24,-0.0017976995648352168,"{""type"":""MultiPoint"",""coordinates"":[]}"
20021025,2002-10-25,-0.0017736637095753342,"{""type"":""MultiPoint"",""coordinates"":[]}"
20021026,2002-10-26,-0.0017497293822868133,"{""type"":""MultiPoint"",""coordinates"":[]}"
20021027,2002-10-27,-0.001707842585411455,"{""type"":""MultiPoint"",""coordinates"":[]}"
20021028,2002-10-28,-0.0016583576657758458,"{""type"":""MultiPoint"",""coordinates"":[]}"
20021029,2002-10-29,-0.0016667824515670783,"{""type"":""MultiPoint"",""coordinates"":[]}"
20021030,2002-10-30,-0.0016276719490592388,"{""type"":""MultiPoint"",""coordinates"":[]}"
20021031,2002-10-31,-0.0015987655150987404,"{""type"":""MultiPoint"",""coordinates"":[]}"
20021101,2002-11-01,-0.0014775711737531733,"{""type"":""MultiPoint"",""coordinates"":[]}"
20021102,2002-11-02,-0.0014241048766277405,"{""type"":""MultiPoint"",""coordinates"":[]}"
20021103,2002-11-03,-0.0014592771765102525,"{""type"":""MultiPoint"",""coordinates"":[]}"
20021104,2002-11-04,-0.0014586555186863795,"{""type"":""MultiPoint"",""coordinates"":[]}"
20021105,2002-11-05,-0.0014191723499935483,"{""type"":""MultiPoint"",""coordinates"":[]}"
20021106,2002-11-06,-0.0014279985089469902,"{""type"":""MultiPoint"",""coordinates"":[]}"
20021107,2002-11-07,-0.0013846036995368886,"{""type"":""MultiPoint"",""coordinates"":[]}"
20021108,2002-11-08,-0.001408342387262363,"{""type"":""MultiPoint"",""coordinates"":[]}"
20021109,2002-11-09,-0.0012996446811650998,"{""type"":""MultiPoint"",""coordinates"":[]}"
20021110,2002-11-10,-0.0013126332266639748,"{""type"":""MultiPoint"",""coordinates"":[]}"
20021111,2002-11-11,-0.0012950761944080472,"{""type"":""MultiPoint"",""coordinates"":[]}"
20021112,2002-11-12,-0.0012239277845807089,"{""type"":""MultiPoint"",""coordinates"":[]}"
20021113,2002-11-13,-0.0012158698757047087,"{""type"":""MultiPoint"",""coordinates"":[]}"
20021114,2002-11-14,-0.0013126711272810753,"{""type"":""MultiPoint"",""coordinates"":[]}"
20021115,2002-11-15,-0.0013225910663350574,"{""type"":""MultiPoint"",""coordinates"":[]}"
20021116,2002-11-16,-0.0013212878876331699,"{""type"":""MultiPoint"",""coordinates"":[]}"
20021117,2002-11-17,-0.0012892882144467492,"{""type"":""MultiPoint"",""coordinates"":[]}"
20021118,2002-11-18,-0.0012137584687055328,"{""type"":""MultiPoint"",""coordinates"":[]}"
20021119,2002-11-19,-0.0011485989610375063,"{""type"":""MultiPoint"",""coordinates"":[]}"
20021120,2002-11-20,-0.001153617477221731,"{""type"":""MultiPoint"",""coordinates"":[]}"
20021121,2002-11-21,-0.0011841582883037839,"{""type"":""MultiPoint"",""coordinates"":[]}"
20021122,2002-11-22,-0.001175207109518573,"{""type"":""MultiPoint"",""coordinates"":[]}"
20021123,2002-11-23,-0.0011117997920529728,"{""type"":""MultiPoint"",""coordinates"":[]}"
20021124,2002-11-24,-0.0010805307299060563,"{""type"":""MultiPoint"",""coordinates"":[]}"
20021125,2002-11-25,-0.0010336346101158939,"{""type"":""MultiPoint"",""coordinates"":[]}"
20021126,2002-11-26,-0.0010358077626812505,"{""type"":""MultiPoint"",""coordinates"":[]}"
20021127,2002-11-27,-0.0010182785526380465,"{""type"":""MultiPoint"",""coordinates"":[]}"
20021128,2002-11-28,-0.0010258656835441598,"{""type"":""MultiPoint"",""coordinates"":[]}"
20021129,2002-11-29,-9.857934968821695E-4,"{""type"":""MultiPoint"",""coordinates"":[]}"
20021130,2002-11-30,-9.956288625756285E-4,"{""type"":""MultiPoint"",""coordinates"":[]}"
20021201,2002-12-01,-9.972447089838308E-4,"{""type"":""MultiPoint"",""coordinates"":[]}"
20021202,2002-12-02,-9.922092435073891E-4,"{""type"":""MultiPoint"",""coordinates"":[]}"
20021203,2002-12-03,-9.728203630838533E-4,"{""type"":""MultiPoint"",""coordinates"":[]}"
20021204,2002-12-04,-9.434391525931517E-4,"{""type"":""MultiPoint"",""coordinates"":[]}"
20021205,2002-12-05,-9.376188182642012E-4,"{""type"":""MultiPoint"",""coordinates"":[]}"
20021206,2002-12-06,-8.91989687058261E-4,"{""type"":""MultiPoint"",""coordinates"":[]}"
20021207,2002-12-07,-8.617061916550264E-4,"{""type"":""MultiPoint"",""coordinates"":[]}"
20021208,2002-12-08,-8.857613852902287E-4,"{""type"":""MultiPoint"",""coordinates"":[]}"
20021209,2002-12-09,-8.98105602186102E-4,"{""type"":""MultiPoint"",""coordinates"":[]}"
20021210,2002-12-10,-8.259341719697331E-4,"{""type"":""MultiPoint"",""coordinates"":[]}"
20021211,2002-12-11,-8.388862288105451E-4,"{""type"":""MultiPoint"",""coordinates"":[]}"
20021212,2002-12-12,-8.457578889124826E-4,"{""type"":""MultiPoint"",""coordinates"":[]}"
20021213,2002-12-13,-8.388020763566974E-4,"{""type"":""MultiPoint"",""coordinates"":[]}"
20021214,2002-12-14,-8.22060412958076E-4,"{""type"":""MultiPoint"",""coordinates"":[]}"
20021215,2002-12-15,-8.141649718428283E-4,"{""type"":""MultiPoint"",""coordinates"":[]}"
20021216,2002-12-16,-7.763567287749352E-4,"{""type"":""MultiPoint"",""coordinates"":[]}"
20021217,2002-12-17,-7.702098205233614E-4,"{""type"":""MultiPoint"",""coordinates"":[]}"
20021218,2002-12-18,-7.669112538456398E-4,"{""type"":""MultiPoint"",""coordinates"":[]}"
20021219,2002-12-19,-7.854060431066701E-4,"{""type"":""MultiPoint"",""coordinates"":[]}"
20021220,2002-12-20,-7.805221477571938E-4,"{""type"":""MultiPoint"",""coordinates"":[]}"
20021221,2002-12-21,-7.637064063730616E-4,"{""type"":""MultiPoint"",""coordinates"":[]}"
20021222,2002-12-22,-7.654090937484398E-4,"{""type"":""MultiPoint"",""coordinates"":[]}"
20021223,2002-12-23,-7.444428623370876E-4,"{""type"":""MultiPoint"",""coordinates"":[]}"
20021224,2002-12-24,-7.449996023079472E-4,"{""type"":""MultiPoint"",""coordinates"":[]}"
20021225,2002-12-25,-7.447182611104379E-4,"{""type"":""MultiPoint"",""coordinates"":[]}"
20021226,2002-12-26,-7.581978686544521E-4,"{""type"":""MultiPoint"",""coordinates"":[]}"
20021227,2002-12-27,-7.400399817875717E-4,"{""type"":""MultiPoint"",""coordinates"":[]}"
20021228,2002-12-28,-7.259017641208678E-4,"{""type"":""MultiPoint"",""coordinates"":[]}"
20021229,2002-12-29,-7.093819714527469E-4,"{""type"":""MultiPoint"",""coordinates"":[]}"
20021230,2002-12-30,-7.160910267330614E-4,"{""type"":""MultiPoint"",""coordinates"":[]}"
20021231,2002-12-31,-7.793115419229361E-4,"{""type"":""MultiPoint"",""coordinates"":[]}"
20030101,2003-01-01,-7.063555813487413E-4,"{""type"":""MultiPoint"",""coordinates"":[]}"
20030102,2003-01-02,-7.469321771679964E-4,"{""type"":""MultiPoint"",""coordinates"":[]}"
20030103,2003-01-03,-7.599958843287617E-4,"{""type"":""MultiPoint"",""coordinates"":[]}"
20030104,2003-01-04,-7.362351047952276E-4,"{""type"":""MultiPoint"",""coordinates"":[]}"
20030105,2003-01-05,-7.371066400454158E-4,"{""type"":""MultiPoint"",""coordinates"":[]}"
20030106,2003-01-06,-7.482871323060305E-4,"{""type"":""MultiPoint"",""coordinates"":[]}"
20030107,2003-01-07,-7.243698852166002E-4,"{""type"":""MultiPoint"",""coordinates"":[]}"
20030108,2003-01-08,-7.033109262145453E-4,"{""type"":""MultiPoint"",""coordinates"":[]}"
20030109,2003-01-09,-6.882690702854626E-4,"{""type"":""MultiPoint"",""coordinates"":[]}"
20030110,2003-01-10,-6.868556492844103E-4,"{""type"":""MultiPoint"",""coordinates"":[]}"
20030111,2003-01-11,-7.088379752985584E-4,"{""type"":""MultiPoint"",""coordinates"":[]}"
20030112,2003-01-12,-7.081719785099319E-4,"{""type"":""MultiPoint"",""coordinates"":[]}"
20030113,2003-01-13,-6.975557205590856E-4,"{""type"":""MultiPoint"",""coordinates"":[]}"
20030114,2003-01-14,-7.077135419931574E-4,"{""type"":""MultiPoint"",""coordinates"":[]}"
20030115,2003-01-15,-7.217322520788712E-4,"{""type"":""MultiPoint"",""coordinates"":[]}"
20030116,2003-01-16,-7.14946549971254E-4,"{""type"":""MultiPoint"",""coordinates"":[]}"
20030117,2003-01-17,-7.120935719110704E-4,"{""type"":""MultiPoint"",""coordinates"":[]}"
20030118,2003-01-18,-7.180484894129332E-4,"{""type"":""MultiPoint"",""coordinates"":[]}"
20030119,2003-01-19,-6.935744475488337E-4,"{""type"":""MultiPoint"",""coordinates"":[]}"
20030120,2003-01-20,-6.913517387465743E-4,"{""type"":""MultiPoint"",""coordinates"":[]}"
20030121,2003-01-21,-6.719895928513821E-4,"{""type"":""MultiPoint"",""coordinates"":[]}"
20030122,2003-01-22,-6.875216501758041E-4,"{""type"":""MultiPoint"",""coordinates"":[]}"
20030123,2003-01-23,-6.858115536928842E-4,"{""type"":""MultiPoint"",""coordinates"":[]}"
20030124,2003-01-24,-6.914924787447585E-4,"{""type"":""MultiPoint"",""coordinates"":[]}"
20030125,2003-01-25,-6.897597441864879E-4,"{""type"":""MultiPoint"",""coordinates"":[]}"
20030126,2003-01-26,-6.956174679939118E-4,"{""type"":""MultiPoint"",""coordinates"":[]}"
20030127,2003-01-27,-7.225989921497553E-4,"{""type"":""MultiPoint"",""coordinates"":[]}"
20030128,2003-01-28,-7.50736447259054E-4,"{""type"":""MultiPoint"",""coordinates"":[]}"
20030129,2003-01-29,-7.286132388361931E-4,"{""type"":""MultiPoint"",""coordinates"":[]}"
20030130,2003-01-30,-7.460507579776586E-4,"{""type"":""MultiPoint"",""coordinates"":[]}"
20030131,2003-01-31,-8.059287528048411E-4,"{""type"":""MultiPoint"",""coordinates"":[]}"
20030201,2003-02-01,-8.424201974458582E-4,"{""type"":""MultiPoint"",""coordinates"":[]}"
20030202,2003-02-02,-8.917910934669293E-4,"{""type"":""MultiPoint"",""coordinates"":[]}"
20030203,2003-02-03,-8.929301847079452E-4,"{""type"":""MultiPoint"",""coordinates"":[]}"
20030204,2003-02-04,-8.748229298304667E-4,"{""type"":""MultiPoint"",""coordinates"":[]}"
20030205,2003-02-05,-8.698917979711784E-4,"{""type"":""MultiPoint"",""coordinates"":[]}"
20030206,2003-02-06,-8.995217385209806E-4,"{""type"":""MultiPoint"",""coordinates"":[]}"
20030207,2003-02-07,-9.160592951825005E-4,"{""type"":""MultiPoint"",""coordinates"":[]}"
20030208,2003-02-08,-9.165497538096416E-4,"{""type"":""MultiPoint"",""coordinates"":[]}"
20030209,2003-02-09,-9.172389596807373E-4,"{""type"":""MultiPoint"",""coordinates"":[]}"
20030210,2003-02-10,-9.253086885866806E-4,"{""type"":""MultiPoint"",""coordinates"":[]}"
20030211,2003-02-11,-8.968287392521874E-4,"{""type"":""MultiPoint"",""coordinates"":[]}"
20030212,2003-02-12,-8.846319318670351E-4,"{""type"":""MultiPoint"",""coordinates"":[]}"
20030213,2003-02-13,-9.233750794744751E-4,"{""type"":""MultiPoint"",""coordinates"":[]}"
20030214,2003-02-14,-9.465967672862605E-4,"{""type"":""MultiPoint"",""coordinates"":[]}"
20030215,2003-02-15,-9.422948587209317E-4,"{""type"":""MultiPoint"",""coordinates"":[]}"
20030216,2003-02-16,-9.55677450738521E-4,"{""type"":""MultiPoint"",""coordinates"":[]}"
20030217,2003-02-17,-9.98134570025972E-4,"{""type"":""MultiPoint"",""coordinates"":[]}"
20030218,2003-02-18,-0.0011940299972862678,"{""type"":""MultiPoint"",""coordinates"":[]}"
20030219,2003-02-19,-0.0012564806945973496,"{""type"":""MultiPoint"",""coordinates"":[]}"
20030220,2003-02-20,-0.0012307086640356148,"{""type"":""MultiPoint"",""coordinates"":[]}"
20030221,2003-02-21,-0.0012390606263498628,"{""type"":""MultiPoint"",""coordinates"":[]}"
20030222,2003-02-22,-0.001217532103357917,"{""type"":""MultiPoint"",""coordinates"":[]}"
20030223,2003-02-23,-0.0011578482628926614,"{""type"":""MultiPoint"",""coordinates"":[]}"
20030224,2003-02-24,-0.001151442993395373,"{""type"":""MultiPoint"",""coordinates"":[]}"
20030225,2003-02-25,-0.0011217810121309385,"{""type"":""MultiPoint"",""coordinates"":[]}"
20030226,2003-02-26,-0.0010972011239045436,"{""type"":""MultiPoint"",""coordinates"":[]}"
20030227,2003-02-27,-0.0010968175668149335,"{""type"":""MultiPoint"",""coordinates"":[]}"
20030228,2003-02-28,-0.0011134216818759043,"{""type"":""MultiPoint"",""coordinates"":[]}"
20030301,2003-03-01,-0.0010808204580409384,"{""type"":""MultiPoint"",""coordinates"":[]}"
20030302,2003-03-02,-0.0011483921113757272,"{""type"":""MultiPoint"",""coordinates"":[]}"
20030303,2003-03-03,-0.0011340437011429334,"{""type"":""MultiPoint"",""coordinates"":[]}"
20030304,2003-03-04,-0.0011227447930232117,"{""type"":""MultiPoint"",""coordinates"":[]}"
20030305,2003-03-05,-0.001067479116290278,"{""type"":""MultiPoint"",""coordinates"":[]}"
20030306,2003-03-06,-0.0010366781284687407,"{""type"":""MultiPoint"",""coordinates"":[]}"
20030307,2003-03-07,-0.0010352922565521748,"{""type"":""MultiPoint"",""coordinates"":[]}"
20030308,2003-03-08,-9.86362548239457E-4,"{""type"":""MultiPoint"",""coordinates"":[]}"
20030309,2003-03-09,-9.875438377872237E-4,"{""type"":""MultiPoint"",""coordinates"":[]}"
20030310,2003-03-10,-9.790595305432764E-4,"{""type"":""MultiPoint"",""coordinates"":[]}"
20030311,2003-03-11,-9.468886463590201E-4,"{""type"":""MultiPoint"",""coordinates"":[]}"
20030312,2003-03-12,-9.325763769312713E-4,"{""type"":""MultiPoint"",""coordinates"":[]}"
20030313,2003-03-13,-9.895698032595288E-4,"{""type"":""MultiPoint"",""coordinates"":[]}"
20030314,2003-03-14,-0.001047255444074282,"{""type"":""MultiPoint"",""coordinates"":[]}"
20030315,2003-03-15,-0.0010518098109860551,"{""type"":""MultiPoint"",""coordinates"":[]}"
20030316,2003-03-16,-0.0011420843700787318,"{""type"":""MultiPoint"",""coordinates"":[]}"
20030317,2003-03-17,-0.001177044442127015,"{""type"":""MultiPoint"",""coordinates"":[]}"
20030318,2003-03-18,-0.0012017087892685888,"{""type"":""MultiPoint"",""coordinates"":[]}"
20030319,2003-03-19,-0.0012769832582380175,"{""type"":""MultiPoint"",""coordinates"":[]}"
20030320,2003-03-20,-0.0012817319537411743,"{""type"":""MultiPoint"",""coordinates"":[]}"
20030321,2003-03-21,-0.001305110107500422,"{""type"":""MultiPoint"",""coordinates"":[]}"
20030322,2003-03-22,-0.0012905926312416051,"{""type"":""MultiPoint"",""coordinates"":[]}"
20030323,2003-03-23,-0.0012977247590354652,"{""type"":""MultiPoint"",""coordinates"":[]}"
20030324,2003-03-24,-0.001290170846778572,"{""type"":""MultiPoint"",""coordinates"":[]}"
20030325,2003-03-25,-0.0012680030916877919,"{""type"":""MultiPoint"",""coordinates"":[]}"
20030326,2003-03-26,-0.0012431693865438337,"{""type"":""MultiPoint"",""coordinates"":[]}"
20030327,2003-03-27,-0.0012375481593561446,"{""type"":""MultiPoint"",""coordinates"":[]}"
20030328,2003-03-28,-0.0011985830318411493,"{""type"":""MultiPoint"",""coordinates"":[]}"
20030329,2003-03-29,-0.0012209915493582846,"{""type"":""MultiPoint"",""coordinates"":[]}"
20030330,2003-03-30,-0.0011952847756183183,"{""type"":""MultiPoint"",""coordinates"":[]}"
20030331,2003-03-31,-0.0011723810761672042,"{""type"":""MultiPoint"",""coordinates"":[]}"
20030401,2003-04-01,-0.0012145255821701354,"{""type"":""MultiPoint"",""coordinates"":[]}"
20030402,2003-04-02,-0.001201799742350616,"{""type"":""MultiPoint"",""coordinates"":[]}"
20030403,2003-04-03,-0.001209247474116823,"{""type"":""MultiPoint"",""coordinates"":[]}"
20030404,2003-04-04,-0.0011688705546117216,"{""type"":""MultiPoint"",""coordinates"":[]}"
20030405,2003-04-05,-0.0012526429472976904,"{""type"":""MultiPoint"",""coordinates"":[]}"
20030406,2003-04-06,-0.0013317591515591132,"{""type"":""MultiPoint"",""coordinates"":[]}"
20030407,2003-04-07,-0.0013766023069371818,"{""type"":""MultiPoint"",""coordinates"":[]}"
20030408,2003-04-08,-0.0013985056066267124,"{""type"":""MultiPoint"",""coordinates"":[]}"
20030409,2003-04-09,-0.001343968920535267,"{""type"":""MultiPoint"",""coordinates"":[]}"
20030410,2003-04-10,-0.001318741533149467,"{""type"":""MultiPoint"",""coordinates"":[]}"
20030411,2003-04-11,-0.001316647425210691,"{""type"":""MultiPoint"",""coordinates"":[]}"
20030412,2003-04-12,-0.001312626819767066,"{""type"":""MultiPoint"",""coordinates"":[]}"
20030413,2003-04-13,-0.0012714563741302177,"{""type"":""MultiPoint"",""coordinates"":[]}"
20030414,2003-04-14,-0.0012595387776357964,"{""type"":""MultiPoint"",""coordinates"":[]}"
20030415,2003-04-15,-0.001237343737845611,"{""type"":""MultiPoint"",""coordinates"":[]}"
20030416,2003-04-16,-0.0012790294758778385,"{""type"":""MultiPoint"",""coordinates"":[]}"
20030417,2003-04-17,-0.0012627431751063333,"{""type"":""MultiPoint"",""coordinates"":[]}"
20030418,2003-04-18,-0.0012339139467029284,"{""type"":""MultiPoint"",""coordinates"":[]}"
20030419,2003-04-19,-0.00126826702731536,"{""type"":""MultiPoint"",""coordinates"":[]}"
20030420,2003-04-20,-0.0012893864177600217,"{""type"":""MultiPoint"",""coordinates"":[]}"
20030421,2003-04-21,-0.0013226902431553772,"{""type"":""MultiPoint"",""coordinates"":[]}"
20030422,2003-04-22,-0.001330753979034204,"{""type"":""MultiPoint"",""coordinates"":[]}"
20030423,2003-04-23,-0.0013296199440252828,"{""type"":""MultiPoint"",""coordinates"":[]}"
20030424,2003-04-24,-0.001326895093074136,"{""type"":""MultiPoint"",""coordinates"":[]}"
20030425,2003-04-25,-0.0013164738471636583,"{""type"":""MultiPoint"",""coordinates"":[]}"
20030426,2003-04-26,-0.0012823337799933595,"{""type"":""MultiPoint"",""coordinates"":[]}"
20030427,2003-04-27,-0.001289914321149725,"{""type"":""MultiPoint"",""coordinates"":[]}"
20030428,2003-04-28,-0.0013565919231978726,"{""type"":""MultiPoint"",""coordinates"":[]}"
20030429,2003-04-29,-0.0014180768829424378,"{""type"":""MultiPoint"",""coordinates"":[]}"
20030430,2003-04-30,-0.0014381838363922309,"{""type"":""MultiPoint"",""coordinates"":[]}"
20030501,2003-05-01,-0.0014559628699009994,"{""type"":""MultiPoint"",""coordinates"":[]}"
20030502,2003-05-02,-0.0014453507956814391,"{""type"":""MultiPoint"",""coordinates"":[]}"
20030503,2003-05-03,-0.0014171456933384605,"{""type"":""MultiPoint"",""coordinates"":[]}"
20030504,2003-05-04,-0.0014213533924789816,"{""type"":""MultiPoint"",""coordinates"":[]}"
20030505,2003-05-05,-0.0015294181239231622,"{""type"":""MultiPoint"",""coordinates"":[]}"
20030506,2003-05-06,-0.001468753132098423,"{""type"":""MultiPoint"",""coordinates"":[]}"
20030507,2003-05-07,-0.0014465227162620113,"{""type"":""MultiPoint"",""coordinates"":[]}"
20030508,2003-05-08,-0.0014179021513022843,"{""type"":""MultiPoint"",""coordinates"":[]}"
20030509,2003-05-09,-0.0014198408997333704,"{""type"":""MultiPoint"",""coordinates"":[]}"
20030510,2003-05-10,-0.0014165888241968105,"{""type"":""MultiPoint"",""coordinates"":[]}"
20030511,2003-05-11,-0.0014203580489456809,"{""type"":""MultiPoint"",""coordinates"":[]}"
20030512,2003-05-12,-0.001373083978697563,"{""type"":""MultiPoint"",""coordinates"":[]}"
20030513,2003-05-13,-0.0013899178841414092,"{""type"":""MultiPoint"",""coordinates"":[]}"
20030514,2003-05-14,-0.0013529369736647674,"{""type"":""MultiPoint"",""coordinates"":[]}"
20030515,2003-05-15,-0.0013631370666200798,"{""type"":""MultiPoint"",""coordinates"":[]}"
20030516,2003-05-16,-0.0013703048314386568,"{""type"":""MultiPoint"",""coordinates"":[]}"
20030517,2003-05-17,-0.0014073160748096277,"{""type"":""MultiPoint"",""coordinates"":[]}"
20030518,2003-05-18,-0.0013798995725829571,"{""type"":""MultiPoint"",""coordinates"":[]}"
20030519,2003-05-19,-0.0013433944444787302,"{""type"":""MultiPoint"",""coordinates"":[]}"
20030520,2003-05-20,-0.0013278412984316515,"{""type"":""MultiPoint"",""coordinates"":[]}"
20030521,2003-05-21,-0.0013342250387178174,"{""type"":""MultiPoint"",""coordinates"":[]}"
20030522,2003-05-22,-0.0013429763050165835,"{""type"":""MultiPoint"",""coordinates"":[]}"
20030523,2003-05-23,-0.001425003993591403,"{""type"":""MultiPoint"",""coordinates"":[]}"
20030524,2003-05-24,-0.0015015274443456986,"{""type"":""MultiPoint"",""coordinates"":[]}"
20030525,2003-05-25,-0.0014992259325977305,"{""type"":""MultiPoint"",""coordinates"":[]}"
20030526,2003-05-26,-0.0015947650379531917,"{""type"":""MultiPoint"",""coordinates"":[]}"
20030527,2003-05-27,-0.0015643329697786579,"{""type"":""MultiPoint"",""coordinates"":[]}"
20030528,2003-05-28,-0.0015553933267652106,"{""type"":""MultiPoint"",""coordinates"":[]}"
20030529,2003-05-29,-0.0015804028042965595,"{""type"":""MultiPoint"",""coordinates"":[]}"
20030530,2003-05-30,-0.0016049507902565088,"{""type"":""MultiPoint"",""coordinates"":[]}"
20030531,2003-05-31,-0.0015588884819009664,"{""type"":""MultiPoint"",""coordinates"":[]}"
20030601,2003-06-01,-0.0015689655008857466,"{""type"":""MultiPoint"",""coordinates"":[]}"
20030602,2003-06-02,-0.0014968176104083802,"{""type"":""MultiPoint"",""coordinates"":[]}"
20030603,2003-06-03,-0.0014324568156361237,"{""type"":""MultiPoint"",""coordinates"":[]}"
20030604,2003-06-04,-0.0014242387680904497,"{""type"":""MultiPoint"",""coordinates"":[]}"
20030605,2003-06-05,-0.001340540225215822,"{""type"":""MultiPoint"",""coordinates"":[]}"
20030606,2003-06-06,-0.0013771179930109174,"{""type"":""MultiPoint"",""coordinates"":[]}"
20030607,2003-06-07,-0.0013904295973494432,"{""type"":""MultiPoint"",""coordinates"":[]}"
20030608,2003-06-08,-0.0014220108499409076,"{""type"":""MultiPoint"",""coordinates"":[]}"
20030609,2003-06-09,-0.0015205319733029982,"{""type"":""MultiPoint"",""coordinates"":[]}"
20030610,2003-06-10,-0.0015619396830850434,"{""type"":""MultiPoint"",""coordinates"":[]}"
20030611,2003-06-11,-0.0014922485983570784,"{""type"":""MultiPoint"",""coordinates"":[]}"
20030612,2003-06-12,-0.0016565566870030861,"{""type"":""MultiPoint"",""coordinates"":[]}"
20030613,2003-06-13,-0.0017660811206142166,"{""type"":""MultiPoint"",""coordinates"":[]}"
20030614,2003-06-14,-0.0018781811202744434,"{""type"":""MultiPoint"",""coordinates"":[]}"
20030615,2003-06-15,-0.001926712474441234,"{""type"":""MultiPoint"",""coordinates"":[]}"
20030616,2003-06-16,-0.0019668776138289535,"{""type"":""MultiPoint"",""coordinates"":[]}"
20030617,2003-06-17,-0.0020895911180630914,"{""type"":""MultiPoint"",""coordinates"":[]}"
20030618,2003-06-18,-0.002112096115636696,"{""type"":""MultiPoint"",""coordinates"":[]}"
20030619,2003-06-19,-0.0021741544177526803,"{""type"":""MultiPoint"",""coordinates"":[]}"
20030620,2003-06-20,-0.002173024487573997,"{""type"":""MultiPoint"",""coordinates"":[]}"
20030621,2003-06-21,-0.002285758615148618,"{""type"":""MultiPoint"",""coordinates"":[]}"
20030622,2003-06-22,-0.002274413696022651,"{""type"":""MultiPoint"",""coordinates"":[]}"
20030623,2003-06-23,-0.0022829721208999084,"{""type"":""MultiPoint"",""coordinates"":[]}"
20030624,2003-06-24,-0.0023145848276030314,"{""type"":""MultiPoint"",""coordinates"":[]}"
20030625,2003-06-25,-0.0023521186926274786,"{""type"":""MultiPoint"",""coordinates"":[]}"
20030626,2003-06-26,-0.002360354119213037,"{""type"":""MultiPoint"",""coordinates"":[]}"
20030627,2003-06-27,-0.002267907994266862,"{""type"":""MultiPoint"",""coordinates"":[]}"
20030628,2003-06-28,-0.002295717309597772,"{""type"":""MultiPoint"",""coordinates"":[]}"
20030629,2003-06-29,-0.002326482463126477,"{""type"":""MultiPoint"",""coordinates"":[]}"
20030630,2003-06-30,-0.002356485183987781,"{""type"":""MultiPoint"",""coordinates"":[]}"
20030701,2003-07-01,-0.0023746205013827877,"{""type"":""MultiPoint"",""coordinates"":[]}"
20030702,2003-07-02,-0.0023754614388555857,"{""type"":""MultiPoint"",""coordinates"":[]}"
20030703,2003-07-03,-0.0024433388545789412,"{""type"":""MultiPoint"",""coordinates"":[]}"
20030704,2003-07-04,-0.002380916817881937,"{""type"":""MultiPoint"",""coordinates"":[]}"
20030705,2003-07-05,-0.0024210501388161644,"{""type"":""MultiPoint"",""coordinates"":[]}"
20030706,2003-07-06,-0.002617563543607119,"{""type"":""MultiPoint"",""coordinates"":[]}"
20030707,2003-07-07,-0.00269490644175146,"{""type"":""MultiPoint"",""coordinates"":[]}"
20030708,2003-07-08,-0.0026742933584712877,"{""type"":""MultiPoint"",""coordinates"":[]}"
20030709,2003-07-09,-0.0025736158747066014,"{""type"":""MultiPoint"",""coordinates"":[]}"
20030710,2003-07-10,-0.002506678340373741,"{""type"":""MultiPoint"",""coordinates"":[]}"
20030711,2003-07-11,-0.0025630646027509515,"{""type"":""MultiPoint"",""coordinates"":[]}"
20030712,2003-07-12,-0.0026381987396087788,"{""type"":""MultiPoint"",""coordinates"":[]}"
20030713,2003-07-13,-0.0027140677676155463,"{""type"":""MultiPoint"",""coordinates"":[]}"
20030714,2003-07-14,-0.002720022988609475,"{""type"":""MultiPoint"",""coordinates"":[]}"
20030715,2003-07-15,-0.0026705577391216437,"{""type"":""MultiPoint"",""coordinates"":[]}"
20030716,2003-07-16,-0.0026939040621720084,"{""type"":""MultiPoint"",""coordinates"":[]}"
20030717,2003-07-17,-0.002874418429961358,"{""type"":""MultiPoint"",""coordinates"":[]}"
20030718,2003-07-18,-0.002878729342450712,"{""type"":""MultiPoint"",""coordinates"":[]}"
20030719,2003-07-19,-0.0029312709169913268,"{""type"":""MultiPoint"",""coordinates"":[]}"
20030720,2003-07-20,-0.002909169196177289,"{""type"":""MultiPoint"",""coordinates"":[]}"
20030721,2003-07-21,-0.002746507200518847,"{""type"":""MultiPoint"",""coordinates"":[]}"
20030722,2003-07-22,-0.002792580513840621,"{""type"":""MultiPoint"",""coordinates"":[]}"
20030723,2003-07-23,-0.0028545099444108445,"{""type"":""MultiPoint"",""coordinates"":[]}"
20030724,2003-07-24,-0.0028414096476395505,"{""type"":""MultiPoint"",""coordinates"":[]}"
20030725,2003-07-25,-0.002881840633897989,"{""type"":""MultiPoint"",""coordinates"":[]}"
20030726,2003-07-26,-0.0028392757712701016,"{""type"":""MultiPoint"",""coordinates"":[]}"
20030727,2003-07-27,-0.0027835326673985956,"{""type"":""MultiPoint"",""coordinates"":[]}"
20030728,2003-07-28,-0.0028726514123988316,"{""type"":""MultiPoint"",""coordinates"":[]}"
20030729,2003-07-29,-0.002810264685324985,"{""type"":""MultiPoint"",""coordinates"":[]}"
20030730,2003-07-30,-0.002772769999193693,"{""type"":""MultiPoint"",""coordinates"":[]}"
20030731,2003-07-31,-0.00270715045319142,"{""type"":""MultiPoint"",""coordinates"":[]}"
20030801,2003-08-01,-0.002681580144018326,"{""type"":""MultiPoint"",""coordinates"":[]}"
20030802,2003-08-02,-0.002650594014718002,"{""type"":""MultiPoint"",""coordinates"":[]}"
20030803,2003-08-03,-0.0027453276450764737,"{""type"":""MultiPoint"",""coordinates"":[]}"
20030804,2003-08-04,-0.0028799034915527057,"{""type"":""MultiPoint"",""coordinates"":[]}"
20030805,2003-08-05,-0.0030569440497898717,"{""type"":""MultiPoint"",""coordinates"":[]}"
20030806,2003-08-06,-0.003086933898393689,"{""type"":""MultiPoint"",""coordinates"":[]}"
20030807,2003-08-07,-0.0030868865342225807,"{""type"":""MultiPoint"",""coordinates"":[]}"
20030808,2003-08-08,-0.0029860256071268447,"{""type"":""MultiPoint"",""coordinates"":[]}"
20030809,2003-08-09,-0.0028019337920922945,"{""type"":""MultiPoint"",""coordinates"":[]}"
20030810,2003-08-10,-0.0026664548100910983,"{""type"":""MultiPoint"",""coordinates"":[]}"
20030811,2003-08-11,-0.0026839151924224736,"{""type"":""MultiPoint"",""coordinates"":[]}"
20030812,2003-08-12,-0.0026835453114835597,"{""type"":""MultiPoint"",""coordinates"":[]}"
20030813,2003-08-13,-0.002721137073016226,"{""type"":""MultiPoint"",""coordinates"":[]}"
20030814,2003-08-14,-0.0026315025684885162,"{""type"":""MultiPoint"",""coordinates"":[]}"
20030815,2003-08-15,-0.002610174325181892,"{""type"":""MultiPoint"",""coordinates"":[]}"
20030816,2003-08-16,-0.002749995918020825,"{""type"":""MultiPoint"",""coordinates"":[]}"
20030817,2003-08-17,-0.0027310926931136273,"{""type"":""MultiPoint"",""coordinates"":[]}"
20030818,2003-08-18,-0.002555426491526007,"{""type"":""MultiPoint"",""coordinates"":[]}"
20030819,2003-08-19,-0.002299820071830785,"{""type"":""MultiPoint"",""coordinates"":[]}"
20030820,2003-08-20,-0.0024534846507526676,"{""type"":""MultiPoint"",""coordinates"":[]}"
20030821,2003-08-21,-0.002776621709924403,"{""type"":""MultiPoint"",""coordinates"":[]}"
20030822,2003-08-22,-0.002827457611461149,"{""type"":""MultiPoint"",""coordinates"":[]}"
20030823,2003-08-23,-0.002658438901720048,"{""type"":""MultiPoint"",""coordinates"":[]}"
20030824,2003-08-24,-0.0026526549965594248,"{""type"":""MultiPoint"",""coordinates"":[]}"
20030825,2003-08-25,-0.002684014704724578,"{""type"":""MultiPoint"",""coordinates"":[]}"
20030826,2003-08-26,-0.0027055640121004918,"{""type"":""MultiPoint"",""coordinates"":[]}"
20030827,2003-08-27,-0.0025612435527552877,"{""type"":""MultiPoint"",""coordinates"":[]}"
20030828,2003-08-28,-0.0025973785900106606,"{""type"":""MultiPoint"",""coordinates"":[]}"
20030829,2003-08-29,-0.00261650390572485,"{""type"":""MultiPoint"",""coordinates"":[]}"
20030830,2003-08-30,-0.0025817502955636164,"{""type"":""MultiPoint"",""coordinates"":[]}"
20030831,2003-08-31,-0.0026047849380863063,"{""type"":""MultiPoint"",""coordinates"":[]}"
20030901,2003-09-01,-0.002568611345722553,"{""type"":""MultiPoint"",""coordinates"":[]}"
20030902,2003-09-02,-0.002465217010584803,"{""type"":""MultiPoint"",""coordinates"":[]}"
20030903,2003-09-03,-0.002523729785946256,"{""type"":""MultiPoint"",""coordinates"":[]}"
20030904,2003-09-04,-0.002516296074721124,"{""type"":""MultiPoint"",""coordinates"":[]}"
20030905,2003-09-05,-0.0024829076364414615,"{""type"":""MultiPoint"",""coordinates"":[]}"
20030906,2003-09-06,-0.0024427580543943633,"{""type"":""MultiPoint"",""coordinates"":[]}"
20030907,2003-09-07,-0.002537498829672695,"{""type"":""MultiPoint"",""coordinates"":[]}"
20030908,2003-09-08,-0.0025927557300584195,"{""type"":""MultiPoint"",""coordinates"":[]}"
20030909,2003-09-09,-0.002607353121859051,"{""type"":""MultiPoint"",""coordinates"":[]}"
20030910,2003-09-10,-0.002483227377315626,"{""type"":""MultiPoint"",""coordinates"":[]}"
20030911,2003-09-11,-0.002490984941250517,"{""type"":""MultiPoint"",""coordinates"":[]}"
20030912,2003-09-12,-0.002439685463038439,"{""type"":""MultiPoint"",""coordinates"":[]}"
20030913,2003-09-13,-0.0024064464154163598,"{""type"":""MultiPoint"",""coordinates"":[]}"
20030914,2003-09-14,-0.0024018888267249468,"{""type"":""MultiPoint"",""coordinates"":[]}"
20030915,2003-09-15,-0.0023877137104454647,"{""type"":""MultiPoint"",""coordinates"":[]}"
20030916,2003-09-16,-0.002355472814027103,"{""type"":""MultiPoint"",""coordinates"":[]}"
20030917,2003-09-17,-0.0023926999350672865,"{""type"":""MultiPoint"",""coordinates"":[]}"
20030918,2003-09-18,-0.002404588219561433,"{""type"":""MultiPoint"",""coordinates"":[]}"
20030919,2003-09-19,-0.0024240057196749194,"{""type"":""MultiPoint"",""coordinates"":[]}"
20030920,2003-09-20,-0.002415878748358046,"{""type"":""MultiPoint"",""coordinates"":[]}"
20030921,2003-09-21,-0.002381792328221503,"{""type"":""MultiPoint"",""coordinates"":[]}"
20030922,2003-09-22,-0.002355405450573527,"{""type"":""MultiPoint"",""coordinates"":[]}"
20030923,2003-09-23,-0.002212169428034531,"{""type"":""MultiPoint"",""coordinates"":[]}"
20030924,2003-09-24,-0.0020890506983537575,"{""type"":""MultiPoint"",""coordinates"":[]}"
20030925,2003-09-25,-0.002203695766218595,"{""type"":""MultiPoint"",""coordinates"":[]}"
20030926,2003-09-26,-0.0022833265258023787,"{""type"":""MultiPoint"",""coordinates"":[]}"
20030927,2003-09-27,-0.0023312088123668083,"{""type"":""MultiPoint"",""coordinates"":[]}"
20030928,2003-09-28,-0.002336455497055223,"{""type"":""MultiPoint"",""coordinates"":[]}"
20030929,2003-09-29,-0.002267246628933439,"{""type"":""MultiPoint"",""coordinates"":[]}"
20030930,2003-09-30,-0.002437493015124989,"{""type"":""MultiPoint"",""coordinates"":[]}"
20031001,2003-10-01,-0.002481943680649364,"{""type"":""MultiPoint"",""coordinates"":[]}"
20031002,2003-10-02,-0.0025002366389136397,"{""type"":""MultiPoint"",""coordinates"":[]}"
20031003,2003-10-03,-0.0025604046584648617,"{""type"":""MultiPoint"",""coordinates"":[]}"
20031004,2003-10-04,-0.0024603169816146894,"{""type"":""MultiPoint"",""coordinates"":[]}"
20031005,2003-10-05,-0.0023428402928095853,"{""type"":""MultiPoint"",""coordinates"":[]}"
20031006,2003-10-06,-0.0022291091387322396,"{""type"":""MultiPoint"",""coordinates"":[]}"
20031007,2003-10-07,-0.0020609996484749777,"{""type"":""MultiPoint"",""coordinates"":[]}"
20031008,2003-10-08,-0.0019468716489217306,"{""type"":""MultiPoint"",""coordinates"":[]}"
20031009,2003-10-09,-0.002043361714749722,"{""type"":""MultiPoint"",""coordinates"":[]}"
20031010,2003-10-10,-0.002176291788520285,"{""type"":""MultiPoint"",""coordinates"":[]}"
20031011,2003-10-11,-0.0022791032692382747,"{""type"":""MultiPoint"",""coordinates"":[]}"
20031012,2003-10-12,-0.0023388544904574507,"{""type"":""MultiPoint"",""coordinates"":[]}"
20031013,2003-10-13,-0.002338612789828104,"{""type"":""MultiPoint"",""coordinates"":[]}"
20031014,2003-10-14,-0.002330588939254851,"{""type"":""MultiPoint"",""coordinates"":[]}"
20031015,2003-10-15,-0.0022175271696887556,"{""type"":""MultiPoint"",""coordinates"":[]}"
20031016,2003-10-16,-0.0022264297204817774,"{""type"":""MultiPoint"",""coordinates"":[]}"
20031017,2003-10-17,-0.0020994569673807597,"{""type"":""MultiPoint"",""coordinates"":[]}"
20031018,2003-10-18,-0.0019625918152003166,"{""type"":""MultiPoint"",""coordinates"":[]}"
20031019,2003-10-19,-0.0019171388585163978,"{""type"":""MultiPoint"",""coordinates"":[]}"
20031020,2003-10-20,-0.001962527326822416,"{""type"":""MultiPoint"",""coordinates"":[]}"
20031021,2003-10-21,-0.0018776530278157718,"{""type"":""MultiPoint"",""coordinates"":[]}"
20031022,2003-10-22,-0.0018217276437693809,"{""type"":""MultiPoint"",""coordinates"":[]}"
20031023,2003-10-23,-0.0017084067021856054,"{""type"":""MultiPoint"",""coordinates"":[]}"
20031024,2003-10-24,-0.0016421570445926713,"{""type"":""MultiPoint"",""coordinates"":[]}"
20031025,2003-10-25,-0.0016666476971213759,"{""type"":""MultiPoint"",""coordinates"":[]}"
20031026,2003-10-26,-0.0016721491407108958,"{""type"":""MultiPoint"",""coordinates"":[]}"
20031027,2003-10-27,-0.0016805372221821095,"{""type"":""MultiPoint"",""coordinates"":[]}"
20031028,2003-10-28,-0.0016852750028963548,"{""type"":""MultiPoint"",""coordinates"":[]}"
20031029,2003-10-29,-0.0016743486094947591,"{""type"":""MultiPoint"",""coordinates"":[]}"
20031030,2003-10-30,-0.0016874154680200162,"{""type"":""MultiPoint"",""coordinates"":[]}"
20031031,2003-10-31,-0.0016508256819702993,"{""type"":""MultiPoint"",""coordinates"":[]}"
20031101,2003-11-01,-0.0016485672411782435,"{""type"":""MultiPoint"",""coordinates"":[]}"
20031102,2003-11-02,-0.001651212622761071,"{""type"":""MultiPoint"",""coordinates"":[]}"
20031103,2003-11-03,-0.0017079897075582405,"{""type"":""MultiPoint"",""coordinates"":[]}"
20031104,2003-11-04,-0.0016994499164875775,"{""type"":""MultiPoint"",""coordinates"":[]}"
20031105,2003-11-05,-0.001625953556829064,"{""type"":""MultiPoint"",""coordinates"":[]}"
20031106,2003-11-06,-0.0015867012276292135,"{""type"":""MultiPoint"",""coordinates"":[]}"
20031107,2003-11-07,-0.0014660949490990958,"{""type"":""MultiPoint"",""coordinates"":[]}"
20031108,2003-11-08,-0.001423728856934748,"{""type"":""MultiPoint"",""coordinates"":[]}"
20031109,2003-11-09,-0.0014932225253396583,"{""type"":""MultiPoint"",""coordinates"":[]}"
20031110,2003-11-10,-0.0015231726328523642,"{""type"":""MultiPoint"",""coordinates"":[]}"
20031111,2003-11-11,-0.0014700565175562465,"{""type"":""MultiPoint"",""coordinates"":[]}"
20031112,2003-11-12,-0.0014239428691398082,"{""type"":""MultiPoint"",""coordinates"":[]}"
20031113,2003-11-13,-0.0013756489319375542,"{""type"":""MultiPoint"",""coordinates"":[]}"
20031114,2003-11-14,-0.0013194066066611453,"{""type"":""MultiPoint"",""coordinates"":[]}"
20031115,2003-11-15,-0.001300645323171604,"{""type"":""MultiPoint"",""coordinates"":[]}"
20031116,2003-11-16,-0.0013299792810654823,"{""type"":""MultiPoint"",""coordinates"":[]}"
20031117,2003-11-17,-0.0013133538135268246,"{""type"":""MultiPoint"",""coordinates"":[]}"
20031118,2003-11-18,-0.0012905964880970974,"{""type"":""MultiPoint"",""coordinates"":[]}"
20031119,2003-11-19,-0.001277265740757276,"{""type"":""MultiPoint"",""coordinates"":[]}"
20031120,2003-11-20,-0.0012252038610703598,"{""type"":""MultiPoint"",""coordinates"":[]}"
20031121,2003-11-21,-0.0011939847457384711,"{""type"":""MultiPoint"",""coordinates"":[]}"
20031122,2003-11-22,-0.0011695006318534747,"{""type"":""MultiPoint"",""coordinates"":[]}"
20031123,2003-11-23,-0.0011552146443988209,"{""type"":""MultiPoint"",""coordinates"":[]}"
20031124,2003-11-24,-0.0011637685134582832,"{""type"":""MultiPoint"",""coordinates"":[]}"
20031125,2003-11-25,-0.0011442237633002591,"{""type"":""MultiPoint"",""coordinates"":[]}"
20031126,2003-11-26,-0.0010764860118827547,"{""type"":""MultiPoint"",""coordinates"":[]}"
20031127,2003-11-27,-0.0010649052068271876,"{""type"":""MultiPoint"",""coordinates"":[]}"
20031128,2003-11-28,-9.754366619188903E-4,"{""type"":""MultiPoint"",""coordinates"":[]}"
20031129,2003-11-29,-9.574686733922798E-4,"{""type"":""MultiPoint"",""coordinates"":[]}"
20031130,2003-11-30,-9.704126714660934E-4,"{""type"":""MultiPoint"",""coordinates"":[]}"
20031201,2003-12-01,-9.881113025494205E-4,"{""type"":""MultiPoint"",""coordinates"":[]}"
20031202,2003-12-02,-9.968684929455565E-4,"{""type"":""MultiPoint"",""coordinates"":[]}"
20031203,2003-12-03,-9.707259290314658E-4,"{""type"":""MultiPoint"",""coordinates"":[]}"
20031204,2003-12-04,-9.566662031684353E-4,"{""type"":""MultiPoint"",""coordinates"":[]}"
20031205,2003-12-05,-9.327578741245885E-4,"{""type"":""MultiPoint"",""coordinates"":[]}"
20031206,2003-12-06,-9.350885649381421E-4,"{""type"":""MultiPoint"",""coordinates"":[]}"
20031207,2003-12-07,-9.372289631147607E-4,"{""type"":""MultiPoint"",""coordinates"":[]}"
20031208,2003-12-08,-9.151719851874498E-4,"{""type"":""MultiPoint"",""coordinates"":[]}"
20031209,2003-12-09,-8.754260153509152E-4,"{""type"":""MultiPoint"",""coordinates"":[]}"
20031210,2003-12-10,-8.803293571721802E-4,"{""type"":""MultiPoint"",""coordinates"":[]}"
20031211,2003-12-11,-8.562394176978417E-4,"{""type"":""MultiPoint"",""coordinates"":[]}"
20031212,2003-12-12,-8.551197749263771E-4,"{""type"":""MultiPoint"",""coordinates"":[]}"
20031213,2003-12-13,-8.7567319586564E-4,"{""type"":""MultiPoint"",""coordinates"":[]}"
20031214,2003-12-14,-8.527476043754244E-4,"{""type"":""MultiPoint"",""coordinates"":[]}"
20031215,2003-12-15,-8.307111236598899E-4,"{""type"":""MultiPoint"",""coordinates"":[]}"
20031216,2003-12-16,-7.68367149854143E-4,"{""type"":""MultiPoint"",""coordinates"":[]}"
20031217,2003-12-17,-7.904047199505642E-4,"{""type"":""MultiPoint"",""coordinates"":[]}"
20031218,2003-12-18,-7.84493636660273E-4,"{""type"":""MultiPoint"",""coordinates"":[]}"
20031219,2003-12-19,-8.170251002699976E-4,"{""type"":""MultiPoint"",""coordinates"":[]}"
20031220,2003-12-20,-8.437226321563351E-4,"{""type"":""MultiPoint"",""coordinates"":[]}"
20031221,2003-12-21,-8.56245155845032E-4,"{""type"":""MultiPoint"",""coordinates"":[]}"
20031222,2003-12-22,-8.400679880983077E-4,"{""type"":""MultiPoint"",""coordinates"":[]}"
20031223,2003-12-23,-8.275784774007507E-4,"{""type"":""MultiPoint"",""coordinates"":[]}"
20031224,2003-12-24,-8.031822252073032E-4,"{""type"":""MultiPoint"",""coordinates"":[]}"
20031225,2003-12-25,-7.780666835102569E-4,"{""type"":""MultiPoint"",""coordinates"":[]}"
20031226,2003-12-26,-7.702279576864981E-4,"{""type"":""MultiPoint"",""coordinates"":[]}"
20031227,2003-12-27,-8.079404321076665E-4,"{""type"":""MultiPoint"",""coordinates"":[]}"
20031228,2003-12-28,-7.697077961751521E-4,"{""type"":""MultiPoint"",""coordinates"":[]}"
20031229,2003-12-29,-8.526243392757835E-4,"{""type"":""MultiPoint"",""coordinates"":[]}"
20031230,2003-12-30,-8.544354702982572E-4,"{""type"":""MultiPoint"",""coordinates"":[]}"
20031231,2003-12-31,-8.338774057363459E-4,"{""type"":""MultiPoint"",""coordinates"":[]}"
20040101,2004-01-01,-8.161814828060923E-4,"{""type"":""MultiPoint"",""coordinates"":[]}"
20040102,2004-01-02,-8.146065577632974E-4,"{""type"":""MultiPoint"",""coordinates"":[]}"
20040103,2004-01-03,-7.90460695389117E-4,"{""type"":""MultiPoint"",""coordinates"":[]}"
20040104,2004-01-04,-7.777158585727384E-4,"{""type"":""MultiPoint"",""coordinates"":[]}"
20040105,2004-01-05,-7.577337237466946E-4,"{""type"":""MultiPoint"",""coordinates"":[]}"
20040106,2004-01-06,-7.816387037059284E-4,"{""type"":""MultiPoint"",""coordinates"":[]}"
20040107,2004-01-07,-7.912852614351061E-4,"{""type"":""MultiPoint"",""coordinates"":[]}"
20040108,2004-01-08,-8.065795124096137E-4,"{""type"":""MultiPoint"",""coordinates"":[]}"
20040109,2004-01-09,-8.277144136303606E-4,"{""type"":""MultiPoint"",""coordinates"":[]}"
20040110,2004-01-10,-8.076618691805632E-4,"{""type"":""MultiPoint"",""coordinates"":[]}"
20040111,2004-01-11,-8.09485843760256E-4,"{""type"":""MultiPoint"",""coordinates"":[]}"
20040112,2004-01-12,-7.871388235434361E-4,"{""type"":""MultiPoint"",""coordinates"":[]}"
20040113,2004-01-13,-7.946681575470449E-4,"{""type"":""MultiPoint"",""coordinates"":[]}"
20040114,2004-01-14,-8.008792886077889E-4,"{""type"":""MultiPoint"",""coordinates"":[]}"
20040115,2004-01-15,-7.908985741923764E-4,"{""type"":""MultiPoint"",""coordinates"":[]}"
20040116,2004-01-16,-7.746228574177994E-4,"{""type"":""MultiPoint"",""coordinates"":[]}"
20040117,2004-01-17,-7.938094256946508E-4,"{""type"":""MultiPoint"",""coordinates"":[]}"
20040118,2004-01-18,-7.93178683532096E-4,"{""type"":""MultiPoint"",""coordinates"":[]}"
20040119,2004-01-19,-7.793616078633362E-4,"{""type"":""MultiPoint"",""coordinates"":[]}"
20040120,2004-01-20,-7.577872302809702E-4,"{""type"":""MultiPoint"",""coordinates"":[]}"
20040121,2004-01-21,-8.09562077887587E-4,"{""type"":""MultiPoint"",""coordinates"":[]}"
20040122,2004-01-22,-7.974605344070394E-4,"{""type"":""MultiPoint"",""coordinates"":[]}"
20040123,2004-01-23,-7.861035652093621E-4,"{""type"":""MultiPoint"",""coordinates"":[]}"
20040124,2004-01-24,-8.298766736733828E-4,"{""type"":""MultiPoint"",""coordinates"":[]}"
20040125,2004-01-25,-8.854658798719197E-4,"{""type"":""MultiPoint"",""coordinates"":[]}"
20040126,2004-01-26,-8.837729718012634E-4,"{""type"":""MultiPoint"",""coordinates"":[]}"
20040127,2004-01-27,-9.31349981613186E-4,"{""type"":""MultiPoint"",""coordinates"":[]}"
20040128,2004-01-28,-9.332398009222183E-4,"{""type"":""MultiPoint"",""coordinates"":[]}"
20040129,2004-01-29,-9.405928067768689E-4,"{""type"":""MultiPoint"",""coordinates"":[]}"
20040130,2004-01-30,-9.108980081861916E-4,"{""type"":""MultiPoint"",""coordinates"":[]}"
20040131,2004-01-31,-8.950963500114279E-4,"{""type"":""MultiPoint"",""coordinates"":[]}"
20040201,2004-02-01,-9.02953919757109E-4,"{""type"":""MultiPoint"",""coordinates"":[]}"
20040202,2004-02-02,-9.420625953090693E-4,"{""type"":""MultiPoint"",""coordinates"":[]}"
20040203,2004-02-03,-9.742526753816042E-4,"{""type"":""MultiPoint"",""coordinates"":[]}"
20040204,2004-02-04,-9.971114471191782E-4,"{""type"":""MultiPoint"",""coordinates"":[]}"
20040205,2004-02-05,-9.467763158521865E-4,"{""type"":""MultiPoint"",""coordinates"":[]}"
20040206,2004-02-06,-9.485606328260333E-4,"{""type"":""MultiPoint"",""coordinates"":[]}"
20040207,2004-02-07,-0.0010036358184970632,"{""type"":""MultiPoint"",""coordinates"":[]}"
20040208,2004-02-08,-0.001002754689435526,"{""type"":""MultiPoint"",""coordinates"":[]}"
20040209,2004-02-09,-0.0010121626832157028,"{""type"":""MultiPoint"",""coordinates"":[]}"
20040210,2004-02-10,-9.977811546783516E-4,"{""type"":""MultiPoint"",""coordinates"":[]}"
20040211,2004-02-11,-0.0010056668225234668,"{""type"":""MultiPoint"",""coordinates"":[]}"
20040212,2004-02-12,-0.0010048334932798483,"{""type"":""MultiPoint"",""coordinates"":[]}"
20040213,2004-02-13,-9.886744456239164E-4,"{""type"":""MultiPoint"",""coordinates"":[]}"
20040214,2004-02-14,-9.893964076393771E-4,"{""type"":""MultiPoint"",""coordinates"":[]}"
20040215,2004-02-15,-9.852395308313409E-4,"{""type"":""MultiPoint"",""coordinates"":[]}"
20040216,2004-02-16,-9.965347338231345E-4,"{""type"":""MultiPoint"",""coordinates"":[]}"
20040217,2004-02-17,-9.594730670453662E-4,"{""type"":""MultiPoint"",""coordinates"":[]}"
20040218,2004-02-18,-9.423682058647357E-4,"{""type"":""MultiPoint"",""coordinates"":[]}"
20040219,2004-02-19,-9.58818825358237E-4,"{""type"":""MultiPoint"",""coordinates"":[]}"
20040220,2004-02-20,-9.519007765337069E-4,"{""type"":""MultiPoint"",""coordinates"":[]}"
20040221,2004-02-21,-9.569743128904345E-4,"{""type"":""MultiPoint"",""coordinates"":[]}"
20040222,2004-02-22,-9.462359416545163E-4,"{""type"":""MultiPoint"",""coordinates"":[]}"
20040223,2004-02-23,-9.61867777767808E-4,"{""type"":""MultiPoint"",""coordinates"":[]}"
20040224,2004-02-24,-9.685886416834319E-4,"{""type"":""MultiPoint"",""coordinates"":[]}"
20040225,2004-02-25,-9.753431816320311E-4,"{""type"":""MultiPoint"",""coordinates"":[]}"
20040226,2004-02-26,-9.583007123517533E-4,"{""type"":""MultiPoint"",""coordinates"":[]}"
20040227,2004-02-27,-9.511112092146709E-4,"{""type"":""MultiPoint"",""coordinates"":[]}"
20040228,2004-02-28,-9.58714534577855E-4,"{""type"":""MultiPoint"",""coordinates"":[]}"
20040229,2004-02-29,-9.741195598961492E-4,"{""type"":""MultiPoint"",""coordinates"":[]}"
20040301,2004-03-01,-9.736037408206786E-4,"{""type"":""MultiPoint"",""coordinates"":[]}"
20040302,2004-03-02,-9.587417740632939E-4,"{""type"":""MultiPoint"",""coordinates"":[]}"
20040303,2004-03-03,-9.419765570718601E-4,"{""type"":""MultiPoint"",""coordinates"":[]}"
20040304,2004-03-04,-9.42550991689818E-4,"{""type"":""MultiPoint"",""coordinates"":[]}"
20040305,2004-03-05,-9.23964192134247E-4,"{""type"":""MultiPoint"",""coordinates"":[]}"
20040306,2004-03-06,-9.26991058680007E-4,"{""type"":""MultiPoint"",""coordinates"":[]}"
20040307,2004-03-07,-9.081261519955751E-4,"{""type"":""MultiPoint"",""coordinates"":[]}"
20040308,2004-03-08,-9.568836577368861E-4,"{""type"":""MultiPoint"",""coordinates"":[]}"
20040309,2004-03-09,-9.871697403651218E-4,"{""type"":""MultiPoint"",""coordinates"":[]}"
20040310,2004-03-10,-9.03620905957947E-4,"{""type"":""MultiPoint"",""coordinates"":[]}"
20040311,2004-03-11,-9.525705842548959E-4,"{""type"":""MultiPoint"",""coordinates"":[]}"
20040312,2004-03-12,-9.588262884727443E-4,"{""type"":""MultiPoint"",""coordinates"":[]}"
20040313,2004-03-13,-9.795743369401238E-4,"{""type"":""MultiPoint"",""coordinates"":[]}"
20040314,2004-03-14,-9.877530419162314E-4,"{""type"":""MultiPoint"",""coordinates"":[]}"
20040315,2004-03-15,-0.0010069810784412666,"{""type"":""MultiPoint"",""coordinates"":[]}"
20040316,2004-03-16,-0.001018659068297303,"{""type"":""MultiPoint"",""coordinates"":[]}"
20040317,2004-03-17,-0.001012966643453746,"{""type"":""MultiPoint"",""coordinates"":[]}"
20040318,2004-03-18,-9.925431423173895E-4,"{""type"":""MultiPoint"",""coordinates"":[]}"
20040319,2004-03-19,-9.847824927388745E-4,"{""type"":""MultiPoint"",""coordinates"":[]}"
20040320,2004-03-20,-9.681745655660539E-4,"{""type"":""MultiPoint"",""coordinates"":[]}"
20040321,2004-03-21,-9.662168315524094E-4,"{""type"":""MultiPoint"",""coordinates"":[]}"
20040322,2004-03-22,-9.644682262533912E-4,"{""type"":""MultiPoint"",""coordinates"":[]}"
20040323,2004-03-23,-9.924575960337158E-4,"{""type"":""MultiPoint"",""coordinates"":[]}"
20040324,2004-03-24,-0.0010122621659427716,"{""type"":""MultiPoint"",""coordinates"":[]}"
20040325,2004-03-25,-0.001042731429220113,"{""type"":""MultiPoint"",""coordinates"":[]}"
20040326,2004-03-26,-0.001036096588196957,"{""type"":""MultiPoint"",""coordinates"":[]}"
20040327,2004-03-27,-0.0010181352953647876,"{""type"":""MultiPoint"",""coordinates"":[]}"
20040328,2004-03-28,-0.0010270994181167177,"{""type"":""MultiPoint"",""coordinates"":[]}"
20040329,2004-03-29,-0.0010265307540607608,"{""type"":""MultiPoint"",""coordinates"":[]}"
20040330,2004-03-30,-0.0010634797238498269,"{""type"":""MultiPoint"",""coordinates"":[]}"
20040331,2004-03-31,-0.0011426694806271752,"{""type"":""MultiPoint"",""coordinates"":[]}"
20040401,2004-04-01,-0.001155619920120728,"{""type"":""MultiPoint"",""coordinates"":[]}"
20040402,2004-04-02,-0.0011945956541994447,"{""type"":""MultiPoint"",""coordinates"":[]}"
20040403,2004-04-03,-0.0012132863564317533,"{""type"":""MultiPoint"",""coordinates"":[]}"
20040404,2004-04-04,-0.0012360604105384825,"{""type"":""MultiPoint"",""coordinates"":[]}"
20040405,2004-04-05,-0.0012288611195716912,"{""type"":""MultiPoint"",""coordinates"":[]}"
20040406,2004-04-06,-0.0011850373780960659,"{""type"":""MultiPoint"",""coordinates"":[]}"
20040407,2004-04-07,-0.0012650092709131598,"{""type"":""MultiPoint"",""coordinates"":[]}"
20040408,2004-04-08,-0.0013008351560412613,"{""type"":""MultiPoint"",""coordinates"":[]}"
20040409,2004-04-09,-0.0012539026540499694,"{""type"":""MultiPoint"",""coordinates"":[]}"
20040410,2004-04-10,-0.00124143992215862,"{""type"":""MultiPoint"",""coordinates"":[]}"
20040411,2004-04-11,-0.0012215086250115818,"{""type"":""MultiPoint"",""coordinates"":[]}"
20040412,2004-04-12,-0.0011926895784311429,"{""type"":""MultiPoint"",""coordinates"":[]}"
20040413,2004-04-13,-0.0011836206291783809,"{""type"":""MultiPoint"",""coordinates"":[]}"
20040414,2004-04-14,-0.0011937546258539516,"{""type"":""MultiPoint"",""coordinates"":[]}"
20040415,2004-04-15,-0.0011863045016960727,"{""type"":""MultiPoint"",""coordinates"":[]}"
20040416,2004-04-16,-0.0011619642825488133,"{""type"":""MultiPoint"",""coordinates"":[]}"
20040417,2004-04-17,-0.001167654298445391,"{""type"":""MultiPoint"",""coordinates"":[]}"
20040418,2004-04-18,-0.0011445881023040296,"{""type"":""MultiPoint"",""coordinates"":[]}"
20040419,2004-04-19,-0.0011828221887831341,"{""type"":""MultiPoint"",""coordinates"":[]}"
20040420,2004-04-20,-0.0012257579586480935,"{""type"":""MultiPoint"",""coordinates"":[]}"
20040421,2004-04-21,-0.0012782059089487669,"{""type"":""MultiPoint"",""coordinates"":[]}"
20040422,2004-04-22,-0.0013233984168229973,"{""type"":""MultiPoint"",""coordinates"":[]}"
20040423,2004-04-23,-0.001393019387328109,"{""type"":""MultiPoint"",""coordinates"":[]}"
20040424,2004-04-24,-0.0014803697967336108,"{""type"":""MultiPoint"",""coordinates"":[]}"
20040425,2004-04-25,-0.0015298392597311841,"{""type"":""MultiPoint"",""coordinates"":[]}"
20040426,2004-04-26,-0.0015367135584209903,"{""type"":""MultiPoint"",""coordinates"":[]}"
20040427,2004-04-27,-0.0015444875270744195,"{""type"":""MultiPoint"",""coordinates"":[]}"
20040428,2004-04-28,-0.0015536053049434323,"{""type"":""MultiPoint"",""coordinates"":[]}"
20040429,2004-04-29,-0.0015875751350097529,"{""type"":""MultiPoint"",""coordinates"":[]}"
20040430,2004-04-30,-0.001633313431939954,"{""type"":""MultiPoint"",""coordinates"":[]}"
20040501,2004-05-01,-0.0016770793041027416,"{""type"":""MultiPoint"",""coordinates"":[]}"
20040502,2004-05-02,-0.0016639107296723818,"{""type"":""MultiPoint"",""coordinates"":[]}"
20040503,2004-05-03,-0.0016544411648214033,"{""type"":""MultiPoint"",""coordinates"":[]}"
20040504,2004-05-04,-0.00169323414654825,"{""type"":""MultiPoint"",""coordinates"":[]}"
20040505,2004-05-05,-0.0016684389345516502,"{""type"":""MultiPoint"",""coordinates"":[]}"
20040506,2004-05-06,-0.0016797502054495493,"{""type"":""MultiPoint"",""coordinates"":[]}"
20040507,2004-05-07,-0.0017319311053786196,"{""type"":""MultiPoint"",""coordinates"":[]}"
20040508,2004-05-08,-0.0017779737852825267,"{""type"":""MultiPoint"",""coordinates"":[]}"
20040509,2004-05-09,-0.001782742476767694,"{""type"":""MultiPoint"",""coordinates"":[]}"
20040510,2004-05-10,-0.0017615090826867475,"{""type"":""MultiPoint"",""coordinates"":[]}"
20040511,2004-05-11,-0.0018166027120271057,"{""type"":""MultiPoint"",""coordinates"":[]}"
20040512,2004-05-12,-0.001808929630553433,"{""type"":""MultiPoint"",""coordinates"":[]}"
20040513,2004-05-13,-0.001793575608047012,"{""type"":""MultiPoint"",""coordinates"":[]}"
20040514,2004-05-14,-0.0017215089268784619,"{""type"":""MultiPoint"",""coordinates"":[]}"
20040515,2004-05-15,-0.0017121788793566575,"{""type"":""MultiPoint"",""coordinates"":[]}"
20040516,2004-05-16,-0.0018040572681691921,"{""type"":""MultiPoint"",""coordinates"":[]}"
20040517,2004-05-17,-0.0018224502117394539,"{""type"":""MultiPoint"",""coordinates"":[]}"
20040518,2004-05-18,-0.0017978606520142994,"{""type"":""MultiPoint"",""coordinates"":[]}"
20040519,2004-05-19,-0.00181791502741366,"{""type"":""MultiPoint"",""coordinates"":[]}"
20040520,2004-05-20,-0.0017871092572307823,"{""type"":""MultiPoint"",""coordinates"":[]}"
20040521,2004-05-21,-0.0017083265617554508,"{""type"":""MultiPoint"",""coordinates"":[]}"
20040522,2004-05-22,-0.0016091474935178672,"{""type"":""MultiPoint"",""coordinates"":[]}"
20040523,2004-05-23,-0.0016086962784981511,"{""type"":""MultiPoint"",""coordinates"":[]}"
20040524,2004-05-24,-0.0016717763686845165,"{""type"":""MultiPoint"",""coordinates"":[]}"
20040525,2004-05-25,-0.0017356454459771225,"{""type"":""MultiPoint"",""coordinates"":[]}"
20040526,2004-05-26,-0.0018118474869824265,"{""type"":""MultiPoint"",""coordinates"":[]}"
20040527,2004-05-27,-0.0017949971276965827,"{""type"":""MultiPoint"",""coordinates"":[]}"
20040528,2004-05-28,-0.0018458818106255523,"{""type"":""MultiPoint"",""coordinates"":[]}"
20040529,2004-05-29,-0.001820516313163468,"{""type"":""MultiPoint"",""coordinates"":[]}"
20040530,2004-05-30,-0.0017672239308884705,"{""type"":""MultiPoint"",""coordinates"":[]}"
20040531,2004-05-31,-0.0017859509890512015,"{""type"":""MultiPoint"",""coordinates"":[]}"
20040601,2004-06-01,-0.0017298945815139065,"{""type"":""MultiPoint"",""coordinates"":[]}"
20040602,2004-06-02,-0.0017957374070573656,"{""type"":""MultiPoint"",""coordinates"":[]}"
20040603,2004-06-03,-0.001794797625899996,"{""type"":""MultiPoint"",""coordinates"":[]}"
20040604,2004-06-04,-0.0017788812918783652,"{""type"":""MultiPoint"",""coordinates"":[]}"
20040605,2004-06-05,-0.0018238274904516579,"{""type"":""MultiPoint"",""coordinates"":[]}"
20040606,2004-06-06,-0.0018763909410986776,"{""type"":""MultiPoint"",""coordinates"":[]}"
20040607,2004-06-07,-0.001964672610028521,"{""type"":""MultiPoint"",""coordinates"":[]}"
20040608,2004-06-08,-0.002037207121102771,"{""type"":""MultiPoint"",""coordinates"":[]}"
20040609,2004-06-09,-0.002124634854659388,"{""type"":""MultiPoint"",""coordinates"":[]}"
20040610,2004-06-10,-0.0021671979739938414,"{""type"":""MultiPoint"",""coordinates"":[]}"
20040611,2004-06-11,-0.002236432218101977,"{""type"":""MultiPoint"",""coordinates"":[]}"
20040612,2004-06-12,-0.0021635123253197328,"{""type"":""MultiPoint"",""coordinates"":[]}"
20040613,2004-06-13,-0.0021313037039765543,"{""type"":""MultiPoint"",""coordinates"":[]}"
20040614,2004-06-14,-0.0021159702987061445,"{""type"":""MultiPoint"",""coordinates"":[]}"
20040615,2004-06-15,-0.0023031248332138453,"{""type"":""MultiPoint"",""coordinates"":[]}"
20040616,2004-06-16,-0.0023405479192878547,"{""type"":""MultiPoint"",""coordinates"":[]}"
20040617,2004-06-17,-0.0023257483607100112,"{""type"":""MultiPoint"",""coordinates"":[]}"
20040618,2004-06-18,-0.00213151077796232,"{""type"":""MultiPoint"",""coordinates"":[]}"
20040619,2004-06-19,-0.0022628998881450376,"{""type"":""MultiPoint"",""coordinates"":[]}"
20040620,2004-06-20,-0.0023681863081933944,"{""type"":""MultiPoint"",""coordinates"":[]}"
20040621,2004-06-21,-0.0023900927519267283,"{""type"":""MultiPoint"",""coordinates"":[]}"
20040622,2004-06-22,-0.002505314550523346,"{""type"":""MultiPoint"",""coordinates"":[]}"
20040623,2004-06-23,-0.002596665578492531,"{""type"":""MultiPoint"",""coordinates"":[]}"
20040624,2004-06-24,-0.002557223546407618,"{""type"":""MultiPoint"",""coordinates"":[]}"
20040625,2004-06-25,-0.0026461886807445214,"{""type"":""MultiPoint"",""coordinates"":[]}"
20040626,2004-06-26,-0.002729120549773959,"{""type"":""MultiPoint"",""coordinates"":[]}"
20040627,2004-06-27,-0.002703465643194052,"{""type"":""MultiPoint"",""coordinates"":[]}"
20040628,2004-06-28,-0.002658400519539662,"{""type"":""MultiPoint"",""coordinates"":[]}"
20040629,2004-06-29,-0.002581979405166253,"{""type"":""MultiPoint"",""coordinates"":[]}"
20040630,2004-06-30,-0.0025247979261077747,"{""type"":""MultiPoint"",""coordinates"":[]}"
20040701,2004-07-01,-0.0026029335516176495,"{""type"":""MultiPoint"",""coordinates"":[]}"
20040702,2004-07-02,-0.002496482187832627,"{""type"":""MultiPoint"",""coordinates"":[]}"
20040703,2004-07-03,-0.002345778548622574,"{""type"":""MultiPoint"",""coordinates"":[]}"
20040704,2004-07-04,-0.0023239572525137657,"{""type"":""MultiPoint"",""coordinates"":[]}"
20040705,2004-07-05,-0.0023796925291925813,"{""type"":""MultiPoint"",""coordinates"":[]}"
20040706,2004-07-06,-0.0023763321956778802,"{""type"":""MultiPoint"",""coordinates"":[]}"
20040707,2004-07-07,-0.0022736399257269136,"{""type"":""MultiPoint"",""coordinates"":[]}"
20040708,2004-07-08,-0.002343517492277928,"{""type"":""MultiPoint"",""coordinates"":[]}"
20040709,2004-07-09,-0.0024541770003012886,"{""type"":""MultiPoint"",""coordinates"":[]}"
20040710,2004-07-10,-0.002476920769641859,"{""type"":""MultiPoint"",""coordinates"":[]}"
20040711,2004-07-11,-0.0024398266725698154,"{""type"":""MultiPoint"",""coordinates"":[]}"
20040712,2004-07-12,-0.002471178001344934,"{""type"":""MultiPoint"",""coordinates"":[]}"
20040713,2004-07-13,-0.002481585610287843,"{""type"":""MultiPoint"",""coordinates"":[]}"
20040714,2004-07-14,-0.0024967341960956597,"{""type"":""MultiPoint"",""coordinates"":[]}"
20040715,2004-07-15,-0.0024404383690475994,"{""type"":""MultiPoint"",""coordinates"":[]}"
20040716,2004-07-16,-0.0024606482110494385,"{""type"":""MultiPoint"",""coordinates"":[]}"
20040717,2004-07-17,-0.0025064982544109548,"{""type"":""MultiPoint"",""coordinates"":[]}"
20040718,2004-07-18,-0.0026141544633298923,"{""type"":""MultiPoint"",""coordinates"":[]}"
20040719,2004-07-19,-0.0026347900640590915,"{""type"":""MultiPoint"",""coordinates"":[]}"
20040720,2004-07-20,-0.0026755213794896057,"{""type"":""MultiPoint"",""coordinates"":[]}"
20040721,2004-07-21,-0.0025974194313091903,"{""type"":""MultiPoint"",""coordinates"":[]}"
20040722,2004-07-22,-0.0025284748746757634,"{""type"":""MultiPoint"",""coordinates"":[]}"
20040723,2004-07-23,-0.002555335776583738,"{""type"":""MultiPoint"",""coordinates"":[]}"
20040724,2004-07-24,-0.002445496963097886,"{""type"":""MultiPoint"",""coordinates"":[]}"
20040725,2004-07-25,-0.0023254566771759803,"{""type"":""MultiPoint"",""coordinates"":[]}"
20040726,2004-07-26,-0.002365184886813249,"{""type"":""MultiPoint"",""coordinates"":[]}"
20040727,2004-07-27,-0.0023352576326544196,"{""type"":""MultiPoint"",""coordinates"":[]}"
20040728,2004-07-28,-0.002282426811959681,"{""type"":""MultiPoint"",""coordinates"":[]}"
20040729,2004-07-29,-0.0022980212815825758,"{""type"":""MultiPoint"",""coordinates"":[]}"
20040730,2004-07-30,-0.0023746409287060326,"{""type"":""MultiPoint"",""coordinates"":[]}"
20040731,2004-07-31,-0.0025264280871553175,"{""type"":""MultiPoint"",""coordinates"":[]}"
20040801,2004-08-01,-0.0026406010480463133,"{""type"":""MultiPoint"",""coordinates"":[]}"
20040802,2004-08-02,-0.0026766291094609054,"{""type"":""MultiPoint"",""coordinates"":[]}"
20040803,2004-08-03,-0.002747025582637512,"{""type"":""MultiPoint"",""coordinates"":[]}"
20040804,2004-08-04,-0.002826614906903544,"{""type"":""MultiPoint"",""coordinates"":[]}"
20040805,2004-08-05,-0.002807320591973763,"{""type"":""MultiPoint"",""coordinates"":[]}"
20040806,2004-08-06,-0.0027980588443881084,"{""type"":""MultiPoint"",""coordinates"":[]}"
20040807,2004-08-07,-0.002660393264958964,"{""type"":""MultiPoint"",""coordinates"":[]}"
20040808,2004-08-08,-0.002624233344117193,"{""type"":""MultiPoint"",""coordinates"":[]}"
20040809,2004-08-09,-0.002559115003897076,"{""type"":""MultiPoint"",""coordinates"":[]}"
20040810,2004-08-10,-0.0025848280514711303,"{""type"":""MultiPoint"",""coordinates"":[]}"
20040811,2004-08-11,-0.0026175998510917058,"{""type"":""MultiPoint"",""coordinates"":[]}"
20040812,2004-08-12,-0.0026671729143649264,"{""type"":""MultiPoint"",""coordinates"":[]}"
20040813,2004-08-13,-0.002650294265173599,"{""type"":""MultiPoint"",""coordinates"":[]}"
20040814,2004-08-14,-0.0025366933539633647,"{""type"":""MultiPoint"",""coordinates"":[]}"
20040815,2004-08-15,-0.0025591953480754294,"{""type"":""MultiPoint"",""coordinates"":[]}"
20040816,2004-08-16,-0.002563891899869382,"{""type"":""MultiPoint"",""coordinates"":[]}"
20040817,2004-08-17,-0.0025258017379574775,"{""type"":""MultiPoint"",""coordinates"":[]}"
20040818,2004-08-18,-0.002516945307711275,"{""type"":""MultiPoint"",""coordinates"":[]}"
20040819,2004-08-19,-0.0024683242784912136,"{""type"":""MultiPoint"",""coordinates"":[]}"
20040820,2004-08-20,-0.0024203364531740104,"{""type"":""MultiPoint"",""coordinates"":[]}"
20040821,2004-08-21,-0.00255776017282207,"{""type"":""MultiPoint"",""coordinates"":[]}"
20040822,2004-08-22,-0.0025736890209583953,"{""type"":""MultiPoint"",""coordinates"":[]}"
20040823,2004-08-23,-0.0025996044245609716,"{""type"":""MultiPoint"",""coordinates"":[]}"
20040824,2004-08-24,-0.0025496133780391773,"{""type"":""MultiPoint"",""coordinates"":[]}"
20040825,2004-08-25,-0.002585914649431233,"{""type"":""MultiPoint"",""coordinates"":[]}"
20040826,2004-08-26,-0.0026408400397166464,"{""type"":""MultiPoint"",""coordinates"":[]}"
20040827,2004-08-27,-0.002711298765904227,"{""type"":""MultiPoint"",""coordinates"":[]}"
20040828,2004-08-28,-0.0027233325850587035,"{""type"":""MultiPoint"",""coordinates"":[]}"
20040829,2004-08-29,-0.002684350749144986,"{""type"":""MultiPoint"",""coordinates"":[]}"
20040830,2004-08-30,-0.0027039870008214906,"{""type"":""MultiPoint"",""coordinates"":[]}"
20040831,2004-08-31,-0.0027239868157911073,"{""type"":""MultiPoint"",""coordinates"":[]}"
20040901,2004-09-01,-0.0026816724060263774,"{""type"":""MultiPoint"",""coordinates"":[]}"
20040902,2004-09-02,-0.0026870856615531687,"{""type"":""MultiPoint"",""coordinates"":[]}"
20040903,2004-09-03,-0.0026979998422825015,"{""type"":""MultiPoint"",""coordinates"":[]}"
20040904,2004-09-04,-0.0026415415274489784,"{""type"":""MultiPoint"",""coordinates"":[]}"
20040905,2004-09-05,-0.002522123977676502,"{""type"":""MultiPoint"",""coordinates"":[]}"
20040906,2004-09-06,-0.00253674166854627,"{""type"":""MultiPoint"",""coordinates"":[]}"
20040907,2004-09-07,-0.0026939115205653116,"{""type"":""MultiPoint"",""coordinates"":[]}"
20040908,2004-09-08,-0.0026813410579336282,"{""type"":""MultiPoint"",""coordinates"":[]}"
20040909,2004-09-09,-0.00248990068630991,"{""type"":""MultiPoint"",""coordinates"":[]}"
20040910,2004-09-10,-0.00229848707755743,"{""type"":""MultiPoint"",""coordinates"":[]}"
20040911,2004-09-11,-0.0022795680126574116,"{""type"":""MultiPoint"",""coordinates"":[]}"
20040912,2004-09-12,-0.0022608575628922213,"{""type"":""MultiPoint"",""coordinates"":[]}"
20040913,2004-09-13,-0.002341409937713006,"{""type"":""MultiPoint"",""coordinates"":[]}"
20040914,2004-09-14,-0.002347022114239509,"{""type"":""MultiPoint"",""coordinates"":[]}"
20040915,2004-09-15,-0.0023398456261577963,"{""type"":""MultiPoint"",""coordinates"":[]}"
20040916,2004-09-16,-0.0023822370142174646,"{""type"":""MultiPoint"",""coordinates"":[]}"
20040917,2004-09-17,-0.002408001019982971,"{""type"":""MultiPoint"",""coordinates"":[]}"
20040918,2004-09-18,-0.0023202819124015215,"{""type"":""MultiPoint"",""coordinates"":[]}"
20040919,2004-09-19,-0.0022875550161288033,"{""type"":""MultiPoint"",""coordinates"":[]}"
20040920,2004-09-20,-0.002293806004997681,"{""type"":""MultiPoint"",""coordinates"":[]}"
20040921,2004-09-21,-0.0022442508449879647,"{""type"":""MultiPoint"",""coordinates"":[]}"
20040922,2004-09-22,-0.002180221012362543,"{""type"":""MultiPoint"",""coordinates"":[]}"
20040923,2004-09-23,-0.002380143373232009,"{""type"":""MultiPoint"",""coordinates"":[]}"
20040924,2004-09-24,-0.0023600081595605412,"{""type"":""MultiPoint"",""coordinates"":[]}"
20040925,2004-09-25,-0.0023542023567197307,"{""type"":""MultiPoint"",""coordinates"":[]}"
20040926,2004-09-26,-0.0024689743445366827,"{""type"":""MultiPoint"",""coordinates"":[]}"
20040927,2004-09-27,-0.0024319429077904638,"{""type"":""MultiPoint"",""coordinates"":[]}"
20040928,2004-09-28,-0.0023462626740902285,"{""type"":""MultiPoint"",""coordinates"":[]}"
20040929,2004-09-29,-0.0023645470496754107,"{""type"":""MultiPoint"",""coordinates"":[]}"
20040930,2004-09-30,-0.0023779004001472067,"{""type"":""MultiPoint"",""coordinates"":[]}"
20041001,2004-10-01,-0.0023401792977968436,"{""type"":""MultiPoint"",""coordinates"":[]}"
20041002,2004-10-02,-0.002317580585892572,"{""type"":""MultiPoint"",""coordinates"":[]}"
20041003,2004-10-03,-0.002291286276887957,"{""type"":""MultiPoint"",""coordinates"":[]}"
20041004,2004-10-04,-0.002278054413859943,"{""type"":""MultiPoint"",""coordinates"":[]}"
20041005,2004-10-05,-0.0021153913980795198,"{""type"":""MultiPoint"",""coordinates"":[]}"
20041006,2004-10-06,-0.002122548043023327,"{""type"":""MultiPoint"",""coordinates"":[]}"
20041007,2004-10-07,-0.0021238950413245443,"{""type"":""MultiPoint"",""coordinates"":[]}"
20041008,2004-10-08,-0.0021500859621543084,"{""type"":""MultiPoint"",""coordinates"":[]}"
20041009,2004-10-09,-0.0021885157190124184,"{""type"":""MultiPoint"",""coordinates"":[]}"
20041010,2004-10-10,-0.002164994297586652,"{""type"":""MultiPoint"",""coordinates"":[]}"
20041011,2004-10-11,-0.002122059963291723,"{""type"":""MultiPoint"",""coordinates"":[]}"
20041012,2004-10-12,-0.002093739078269279,"{""type"":""MultiPoint"",""coordinates"":[]}"
20041013,2004-10-13,-0.002117189766575414,"{""type"":""MultiPoint"",""coordinates"":[]}"
20041014,2004-10-14,-0.002015703019325914,"{""type"":""MultiPoint"",""coordinates"":[]}"
20041015,2004-10-15,-0.0020239248868558777,"{""type"":""MultiPoint"",""coordinates"":[]}"
20041016,2004-10-16,-0.0021083148610985124,"{""type"":""MultiPoint"",""coordinates"":[]}"
20041017,2004-10-17,-0.002129358951161703,"{""type"":""MultiPoint"",""coordinates"":[]}"
20041018,2004-10-18,-0.002102308691792804,"{""type"":""MultiPoint"",""coordinates"":[]}"
20041019,2004-10-19,-0.0020715312967679797,"{""type"":""MultiPoint"",""coordinates"":[]}"
20041020,2004-10-20,-0.0020450255005231765,"{""type"":""MultiPoint"",""coordinates"":[]}"
20041021,2004-10-21,-0.0020290647337620027,"{""type"":""MultiPoint"",""coordinates"":[]}"
20041022,2004-10-22,-0.001965973679926057,"{""type"":""MultiPoint"",""coordinates"":[]}"
20041023,2004-10-23,-0.0018776841037410079,"{""type"":""MultiPoint"",""coordinates"":[]}"
20041024,2004-10-24,-0.0018512018927500057,"{""type"":""MultiPoint"",""coordinates"":[]}"
20041025,2004-10-25,-0.0018333217819077462,"{""type"":""MultiPoint"",""coordinates"":[]}"
20041026,2004-10-26,-0.0017966656189463465,"{""type"":""MultiPoint"",""coordinates"":[]}"
20041027,2004-10-27,-0.0017547978531524248,"{""type"":""MultiPoint"",""coordinates"":[]}"
20041028,2004-10-28,-0.0017049672580200471,"{""type"":""MultiPoint"",""coordinates"":[]}"
20041029,2004-10-29,-0.0016019127557288903,"{""type"":""MultiPoint"",""coordinates"":[]}"
20041030,2004-10-30,-0.0015449315296406348,"{""type"":""MultiPoint"",""coordinates"":[]}"
20041031,2004-10-31,-0.0015397909505874062,"{""type"":""MultiPoint"",""coordinates"":[]}"
20041101,2004-11-01,-0.0015818957211977077,"{""type"":""MultiPoint"",""coordinates"":[]}"
20041102,2004-11-02,-0.0016302575228776056,"{""type"":""MultiPoint"",""coordinates"":[]}"
20041103,2004-11-03,-0.0016166015131528978,"{""type"":""MultiPoint"",""coordinates"":[]}"
20041104,2004-11-04,-0.0015583536965503254,"{""type"":""MultiPoint"",""coordinates"":[]}"
20041105,2004-11-05,-0.0014425972144798407,"{""type"":""MultiPoint"",""coordinates"":[]}"
20041106,2004-11-06,-0.0013683229170849821,"{""type"":""MultiPoint"",""coordinates"":[]}"
20041107,2004-11-07,-0.0013424821021383075,"{""type"":""MultiPoint"",""coordinates"":[]}"
20041108,2004-11-08,-0.0012976584424866304,"{""type"":""MultiPoint"",""coordinates"":[]}"
20041109,2004-11-09,-0.0013556941806865265,"{""type"":""MultiPoint"",""coordinates"":[]}"
20041110,2004-11-10,-0.0013365261014100492,"{""type"":""MultiPoint"",""coordinates"":[]}"
20041111,2004-11-11,-0.0013427290385572917,"{""type"":""MultiPoint"",""coordinates"":[]}"
20041112,2004-11-12,-0.0013083460027496672,"{""type"":""MultiPoint"",""coordinates"":[]}"
20041113,2004-11-13,-0.001338700542996805,"{""type"":""MultiPoint"",""coordinates"":[]}"
20041114,2004-11-14,-0.0013344678412776296,"{""type"":""MultiPoint"",""coordinates"":[]}"
20041115,2004-11-15,-0.0012649995450516628,"{""type"":""MultiPoint"",""coordinates"":[]}"
20041116,2004-11-16,-0.0012946636805688107,"{""type"":""MultiPoint"",""coordinates"":[]}"
20041117,2004-11-17,-0.0012532383725463265,"{""type"":""MultiPoint"",""coordinates"":[]}"
20041118,2004-11-18,-0.0012060767599850139,"{""type"":""MultiPoint"",""coordinates"":[]}"
20041119,2004-11-19,-0.001213567870628916,"{""type"":""MultiPoint"",""coordinates"":[]}"
20041120,2004-11-20,-0.001180401711018638,"{""type"":""MultiPoint"",""coordinates"":[]}"
20041121,2004-11-21,-0.0011528541892376508,"{""type"":""MultiPoint"",""coordinates"":[]}"
20041122,2004-11-22,-0.0010909205007887382,"{""type"":""MultiPoint"",""coordinates"":[]}"
20041123,2004-11-23,-0.0010520960658551768,"{""type"":""MultiPoint"",""coordinates"":[]}"
20041124,2004-11-24,-0.0010572083769598796,"{""type"":""MultiPoint"",""coordinates"":[]}"
20041125,2004-11-25,-0.0010565541390712477,"{""type"":""MultiPoint"",""coordinates"":[]}"
20041126,2004-11-26,-0.0010506120475658048,"{""type"":""MultiPoint"",""coordinates"":[]}"
20041127,2004-11-27,-0.001040344976477569,"{""type"":""MultiPoint"",""coordinates"":[]}"
20041128,2004-11-28,-0.0010464469466409014,"{""type"":""MultiPoint"",""coordinates"":[]}"
20041129,2004-11-29,-0.0010451490002338119,"{""type"":""MultiPoint"",""coordinates"":[]}"
20041130,2004-11-30,-0.0010286136379171356,"{""type"":""MultiPoint"",""coordinates"":[]}"
20041201,2004-12-01,-0.0010029338342919989,"{""type"":""MultiPoint"",""coordinates"":[]}"
20041202,2004-12-02,-9.815839343331506E-4,"{""type"":""MultiPoint"",""coordinates"":[]}"
20041203,2004-12-03,-9.639508299433782E-4,"{""type"":""MultiPoint"",""coordinates"":[]}"
20041204,2004-12-04,-9.72548316782964E-4,"{""type"":""MultiPoint"",""coordinates"":[]}"
20041205,2004-12-05,-9.406815284489574E-4,"{""type"":""MultiPoint"",""coordinates"":[]}"
20041206,2004-12-06,-9.002448502539955E-4,"{""type"":""MultiPoint"",""coordinates"":[]}"
20041207,2004-12-07,-8.713740235278996E-4,"{""type"":""MultiPoint"",""coordinates"":[]}"
20041208,2004-12-08,-8.375094844020376E-4,"{""type"":""MultiPoint"",""coordinates"":[]}"
20041209,2004-12-09,-8.254129332193196E-4,"{""type"":""MultiPoint"",""coordinates"":[]}"
20041210,2004-12-10,-8.257524391877794E-4,"{""type"":""MultiPoint"",""coordinates"":[]}"
20041211,2004-12-11,-8.089399773875228E-4,"{""type"":""MultiPoint"",""coordinates"":[]}"
20041212,2004-12-12,-8.060535708360277E-4,"{""type"":""MultiPoint"",""coordinates"":[]}"
20041213,2004-12-13,-7.62929421612288E-4,"{""type"":""MultiPoint"",""coordinates"":[]}"
20041214,2004-12-14,-7.433828244479271E-4,"{""type"":""MultiPoint"",""coordinates"":[]}"
20041215,2004-12-15,-7.722537495220918E-4,"{""type"":""MultiPoint"",""coordinates"":[]}"
20041216,2004-12-16,-7.735239304943063E-4,"{""type"":""MultiPoint"",""coordinates"":[]}"
20041217,2004-12-17,-7.888749553913717E-4,"{""type"":""MultiPoint"",""coordinates"":[]}"
20041218,2004-12-18,-7.796810638823968E-4,"{""type"":""MultiPoint"",""coordinates"":[]}"
20041219,2004-12-19,-7.497949286248517E-4,"{""type"":""MultiPoint"",""coordinates"":[]}"
20041220,2004-12-20,-7.261503403361519E-4,"{""type"":""MultiPoint"",""coordinates"":[]}"
20041221,2004-12-21,-7.191987405945454E-4,"{""type"":""MultiPoint"",""coordinates"":[]}"
20041222,2004-12-22,-7.123666025512533E-4,"{""type"":""MultiPoint"",""coordinates"":[]}"
20041223,2004-12-23,-7.000075800730292E-4,"{""type"":""MultiPoint"",""coordinates"":[]}"
20041224,2004-12-24,-6.78596186402919E-4,"{""type"":""MultiPoint"",""coordinates"":[]}"
20041225,2004-12-25,-6.766080226960712E-4,"{""type"":""MultiPoint"",""coordinates"":[]}"
20041226,2004-12-26,-6.940523482900615E-4,"{""type"":""MultiPoint"",""coordinates"":[]}"
20041227,2004-12-27,-6.777509285663143E-4,"{""type"":""MultiPoint"",""coordinates"":[]}"
20041228,2004-12-28,-6.914362079679917E-4,"{""type"":""MultiPoint"",""coordinates"":[]}"
20041229,2004-12-29,-7.130700767269449E-4,"{""type"":""MultiPoint"",""coordinates"":[]}"
20041230,2004-12-30,-6.849177837036356E-4,"{""type"":""MultiPoint"",""coordinates"":[]}"
20041231,2004-12-31,-7.613134045326465E-4,"{""type"":""MultiPoint"",""coordinates"":[]}"
20050101,2005-01-01,-7.325993337662891E-4,"{""type"":""MultiPoint"",""coordinates"":[]}"
20050102,2005-01-02,-7.442256128275781E-4,"{""type"":""MultiPoint"",""coordinates"":[]}"
20050103,2005-01-03,-7.63412852917075E-4,"{""type"":""MultiPoint"",""coordinates"":[]}"
20050104,2005-01-04,-7.406976931502396E-4,"{""type"":""MultiPoint"",""coordinates"":[]}"
20050105,2005-01-05,-7.718772705010493E-4,"{""type"":""MultiPoint"",""coordinates"":[]}"
20050106,2005-01-06,-7.623462824101302E-4,"{""type"":""MultiPoint"",""coordinates"":[]}"
20050107,2005-01-07,-7.43976509228281E-4,"{""type"":""MultiPoint"",""coordinates"":[]}"
20050108,2005-01-08,-7.201703619835934E-4,"{""type"":""MultiPoint"",""coordinates"":[]}"
20050109,2005-01-09,-7.161407479593298E-4,"{""type"":""MultiPoint"",""coordinates"":[]}"
20050110,2005-01-10,-7.26942137509787E-4,"{""type"":""MultiPoint"",""coordinates"":[]}"
20050111,2005-01-11,-7.007534127818432E-4,"{""type"":""MultiPoint"",""coordinates"":[]}"
20050112,2005-01-12,-7.219178442910947E-4,"{""type"":""MultiPoint"",""coordinates"":[]}"
20050113,2005-01-13,-7.145260154089928E-4,"{""type"":""MultiPoint"",""coordinates"":[]}"
20050114,2005-01-14,-7.156786697787508E-4,"{""type"":""MultiPoint"",""coordinates"":[]}"
20050115,2005-01-15,-7.021025964617803E-4,"{""type"":""MultiPoint"",""coordinates"":[]}"
20050116,2005-01-16,-7.079509024200141E-4,"{""type"":""MultiPoint"",""coordinates"":[]}"
20050117,2005-01-17,-7.167928212743214E-4,"{""type"":""MultiPoint"",""coordinates"":[]}"
20050118,2005-01-18,-6.935068764898733E-4,"{""type"":""MultiPoint"",""coordinates"":[]}"
20050119,2005-01-19,-7.250206762549099E-4,"{""type"":""MultiPoint"",""coordinates"":[]}"
20050120,2005-01-20,-7.300367012057178E-4,"{""type"":""MultiPoint"",""coordinates"":[]}"
20050121,2005-01-21,-6.954044538690603E-4,"{""type"":""MultiPoint"",""coordinates"":[]}"
20050122,2005-01-22,-7.180196558873919E-4,"{""type"":""MultiPoint"",""coordinates"":[]}"
20050123,2005-01-23,-7.185982002165171E-4,"{""type"":""MultiPoint"",""coordinates"":[]}"
20050124,2005-01-24,-7.068099598408443E-4,"{""type"":""MultiPoint"",""coordinates"":[]}"
20050125,2005-01-25,-7.694546507405205E-4,"{""type"":""MultiPoint"",""coordinates"":[]}"
20050126,2005-01-26,-7.879516762189156E-4,"{""type"":""MultiPoint"",""coordinates"":[]}"
20050127,2005-01-27,-8.022517542997117E-4,"{""type"":""MultiPoint"",""coordinates"":[]}"
20050128,2005-01-28,-7.843262131863184E-4,"{""type"":""MultiPoint"",""coordinates"":[]}"
20050129,2005-01-29,-8.43309949471775E-4,"{""type"":""MultiPoint"",""coordinates"":[]}"
20050130,2005-01-30,-8.44356380932224E-4,"{""type"":""MultiPoint"",""coordinates"":[]}"
20050131,2005-01-31,-8.616548739804865E-4,"{""type"":""MultiPoint"",""coordinates"":[]}"
20050201,2005-02-01,-9.156830809379534E-4,"{""type"":""MultiPoint"",""coordinates"":[]}"
20050202,2005-02-02,-0.0010224964995149996,"{""type"":""MultiPoint"",""coordinates"":[]}"
20050203,2005-02-03,-0.0010019711565279793,"{""type"":""MultiPoint"",""coordinates"":[]}"
20050204,2005-02-04,-9.932659090930293E-4,"{""type"":""MultiPoint"",""coordinates"":[]}"
20050205,2005-02-05,-9.964931101368935E-4,"{""type"":""MultiPoint"",""coordinates"":[]}"
20050206,2005-02-06,-0.0010197819503119827,"{""type"":""MultiPoint"",""coordinates"":[]}"
20050207,2005-02-07,-0.0010165573179012667,"{""type"":""MultiPoint"",""coordinates"":[]}"
20050208,2005-02-08,-0.0010300655628455542,"{""type"":""MultiPoint"",""coordinates"":[]}"
20050209,2005-02-09,-0.001031220353938875,"{""type"":""MultiPoint"",""coordinates"":[]}"
20050210,2005-02-10,-0.0010394397301016333,"{""type"":""MultiPoint"",""coordinates"":[]}"
20050211,2005-02-11,-0.001087286511795595,"{""type"":""MultiPoint"",""coordinates"":[]}"
20050212,2005-02-12,-0.0010943550742534306,"{""type"":""MultiPoint"",""coordinates"":[]}"
20050213,2005-02-13,-0.001137704863271706,"{""type"":""MultiPoint"",""coordinates"":[]}"
20050214,2005-02-14,-0.0010936609981131377,"{""type"":""MultiPoint"",""coordinates"":[]}"
20050215,2005-02-15,-0.0010644313540579616,"{""type"":""MultiPoint"",""coordinates"":[]}"
20050216,2005-02-16,-0.0010579314851909861,"{""type"":""MultiPoint"",""coordinates"":[]}"
20050217,2005-02-17,-0.0010684496929218106,"{""type"":""MultiPoint"",""coordinates"":[]}"
20050218,2005-02-18,-0.001042833411224749,"{""type"":""MultiPoint"",""coordinates"":[]}"
20050219,2005-02-19,-0.0010348602710011305,"{""type"":""MultiPoint"",""coordinates"":[]}"
20050220,2005-02-20,-0.001025736685190856,"{""type"":""MultiPoint"",""coordinates"":[]}"
20050221,2005-02-21,-0.0010178573605591293,"{""type"":""MultiPoint"",""coordinates"":[]}"
20050222,2005-02-22,-0.0010138151219093877,"{""type"":""MultiPoint"",""coordinates"":[]}"
20050223,2005-02-23,-9.864208368302496E-4,"{""type"":""MultiPoint"",""coordinates"":[]}"
20050224,2005-02-24,-0.0010190674390332798,"{""type"":""MultiPoint"",""coordinates"":[]}"
20050225,2005-02-25,-0.0010330936277273366,"{""type"":""MultiPoint"",""coordinates"":[]}"
20050226,2005-02-26,-0.0010290012331983294,"{""type"":""MultiPoint"",""coordinates"":[]}"
20050227,2005-02-27,-9.773779607057424E-4,"{""type"":""MultiPoint"",""coordinates"":[]}"
20050228,2005-02-28,-0.001001581791947339,"{""type"":""MultiPoint"",""coordinates"":[]}"
20050301,2005-03-01,-9.889795864582698E-4,"{""type"":""MultiPoint"",""coordinates"":[]}"
20050302,2005-03-02,-9.960131739538533E-4,"{""type"":""MultiPoint"",""coordinates"":[]}"
20050303,2005-03-03,-0.001025715980621548,"{""type"":""MultiPoint"",""coordinates"":[]}"
20050304,2005-03-04,-0.0010085407613969705,"{""type"":""MultiPoint"",""coordinates"":[]}"
20050305,2005-03-05,-0.0010272333528616982,"{""type"":""MultiPoint"",""coordinates"":[]}"
20050306,2005-03-06,-0.0010634418438571901,"{""type"":""MultiPoint"",""coordinates"":[]}"
20050307,2005-03-07,-0.001070738757491678,"{""type"":""MultiPoint"",""coordinates"":[]}"
20050308,2005-03-08,-0.0010614804570778897,"{""type"":""MultiPoint"",""coordinates"":[]}"
20050309,2005-03-09,-0.0011046102055891798,"{""type"":""MultiPoint"",""coordinates"":[]}"
20050310,2005-03-10,-0.0011720182272702496,"{""type"":""MultiPoint"",""coordinates"":[]}"
20050311,2005-03-11,-0.0012284118109027677,"{""type"":""MultiPoint"",""coordinates"":[]}"
20050312,2005-03-12,-0.0012798959738535736,"{""type"":""MultiPoint"",""coordinates"":[]}"
20050313,2005-03-13,-0.0013224347035018557,"{""type"":""MultiPoint"",""coordinates"":[]}"
20050314,2005-03-14,-0.0013087838729771149,"{""type"":""MultiPoint"",""coordinates"":[]}"
20050315,2005-03-15,-0.0012938825414944557,"{""type"":""MultiPoint"",""coordinates"":[]}"
20050316,2005-03-16,-0.0012477724367031245,"{""type"":""MultiPoint"",""coordinates"":[]}"
20050317,2005-03-17,-0.0011790965996419072,"{""type"":""MultiPoint"",""coordinates"":[]}"
20050318,2005-03-18,-0.0011803570027076563,"{""type"":""MultiPoint"",""coordinates"":[]}"
20050319,2005-03-19,-0.0012175239401796237,"{""type"":""MultiPoint"",""coordinates"":[]}"
20050320,2005-03-20,-0.0012186711161740462,"{""type"":""MultiPoint"",""coordinates"":[]}"
20050321,2005-03-21,-0.0011907319299777816,"{""type"":""MultiPoint"",""coordinates"":[]}"
20050322,2005-03-22,-0.001176352726372141,"{""type"":""MultiPoint"",""coordinates"":[]}"
20050323,2005-03-23,-0.0011975793892287975,"{""type"":""MultiPoint"",""coordinates"":[]}"
20050324,2005-03-24,-0.0011517581532082778,"{""type"":""MultiPoint"",""coordinates"":[]}"
20050325,2005-03-25,-0.001173437098936928,"{""type"":""MultiPoint"",""coordinates"":[]}"
20050326,2005-03-26,-0.0012525946429452507,"{""type"":""MultiPoint"",""coordinates"":[]}"
20050327,2005-03-27,-0.0012320479287871655,"{""type"":""MultiPoint"",""coordinates"":[]}"
20050328,2005-03-28,-0.0012124026674284166,"{""type"":""MultiPoint"",""coordinates"":[]}"
20050329,2005-03-29,-0.001194544533612396,"{""type"":""MultiPoint"",""coordinates"":[]}"
20050330,2005-03-30,-0.0012064117602734725,"{""type"":""MultiPoint"",""coordinates"":[]}"
20050331,2005-03-31,-0.0012083349828886133,"{""type"":""MultiPoint"",""coordinates"":[]}"
20050401,2005-04-01,-0.0012372968726834163,"{""type"":""MultiPoint"",""coordinates"":[]}"
20050402,2005-04-02,-0.0012799986681009963,"{""type"":""MultiPoint"",""coordinates"":[]}"
20050403,2005-04-03,-0.0012885777515200944,"{""type"":""MultiPoint"",""coordinates"":[]}"
20050404,2005-04-04,-0.0013061514390839742,"{""type"":""MultiPoint"",""coordinates"":[]}"
20050405,2005-04-05,-0.0013038863469358158,"{""type"":""MultiPoint"",""coordinates"":[]}"
20050406,2005-04-06,-0.00130364984908812,"{""type"":""MultiPoint"",""coordinates"":[]}"
20050407,2005-04-07,-0.001257817154665516,"{""type"":""MultiPoint"",""coordinates"":[]}"
20050408,2005-04-08,-0.0012326399480517742,"{""type"":""MultiPoint"",""coordinates"":[]}"
20050409,2005-04-09,-0.0011973786102849242,"{""type"":""MultiPoint"",""coordinates"":[]}"
20050410,2005-04-10,-0.0012492255898075377,"{""type"":""MultiPoint"",""coordinates"":[]}"
20050411,2005-04-11,-0.0012560656292263785,"{""type"":""MultiPoint"",""coordinates"":[]}"
20050412,2005-04-12,-0.0013081875403892665,"{""type"":""MultiPoint"",""coordinates"":[]}"
20050413,2005-04-13,-0.001364320837244855,"{""type"":""MultiPoint"",""coordinates"":[]}"
20050414,2005-04-14,-0.0013865533829893791,"{""type"":""MultiPoint"",""coordinates"":[]}"
20050415,2005-04-15,-0.0013907593312584606,"{""type"":""MultiPoint"",""coordinates"":[]}"
20050416,2005-04-16,-0.0013735108731186781,"{""type"":""MultiPoint"",""coordinates"":[]}"
20050417,2005-04-17,-0.0013422314816271253,"{""type"":""MultiPoint"",""coordinates"":[]}"
20050418,2005-04-18,-0.0013534349721888795,"{""type"":""MultiPoint"",""coordinates"":[]}"
20050419,2005-04-19,-0.001287414791075614,"{""type"":""MultiPoint"",""coordinates"":[]}"
20050420,2005-04-20,-0.0013267371174770924,"{""type"":""MultiPoint"",""coordinates"":[]}"
20050421,2005-04-21,-0.0013781781631777338,"{""type"":""MultiPoint"",""coordinates"":[]}"
20050422,2005-04-22,-0.0013501313806003798,"{""type"":""MultiPoint"",""coordinates"":[]}"
20050423,2005-04-23,-0.0013196819235207918,"{""type"":""MultiPoint"",""coordinates"":[]}"
20050424,2005-04-24,-0.0012884788124208268,"{""type"":""MultiPoint"",""coordinates"":[]}"
20050425,2005-04-25,-0.001315938429472346,"{""type"":""MultiPoint"",""coordinates"":[]}"
20050426,2005-04-26,-0.0014357552077806073,"{""type"":""MultiPoint"",""coordinates"":[]}"
20050427,2005-04-27,-0.0014714267265866544,"{""type"":""MultiPoint"",""coordinates"":[]}"
20050428,2005-04-28,-0.001471519143099607,"{""type"":""MultiPoint"",""coordinates"":[]}"
20050429,2005-04-29,-0.001471028211707955,"{""type"":""MultiPoint"",""coordinates"":[]}"
20050430,2005-04-30,-0.0014631305485452828,"{""type"":""MultiPoint"",""coordinates"":[]}"
20050501,2005-05-01,-0.0015118882598330685,"{""type"":""MultiPoint"",""coordinates"":[]}"
20050502,2005-05-02,-0.0015776733205245246,"{""type"":""MultiPoint"",""coordinates"":[]}"
20050503,2005-05-03,-0.001608887212471749,"{""type"":""MultiPoint"",""coordinates"":[]}"
20050504,2005-05-04,-0.0016388878297894304,"{""type"":""MultiPoint"",""coordinates"":[]}"
20050505,2005-05-05,-0.0016410342588876734,"{""type"":""MultiPoint"",""coordinates"":[]}"
20050506,2005-05-06,-0.0016270828040494906,"{""type"":""MultiPoint"",""coordinates"":[]}"
20050507,2005-05-07,-0.0015866305195131804,"{""type"":""MultiPoint"",""coordinates"":[]}"
20050508,2005-05-08,-0.0015910490776625595,"{""type"":""MultiPoint"",""coordinates"":[]}"
20050509,2005-05-09,-0.001626578688003137,"{""type"":""MultiPoint"",""coordinates"":[]}"
20050510,2005-05-10,-0.0016183819134859094,"{""type"":""MultiPoint"",""coordinates"":[]}"
20050511,2005-05-11,-0.001613128266772938,"{""type"":""MultiPoint"",""coordinates"":[]}"
20050512,2005-05-12,-0.0015467692011055518,"{""type"":""MultiPoint"",""coordinates"":[]}"
20050513,2005-05-13,-0.001495854393384699,"{""type"":""MultiPoint"",""coordinates"":[]}"
20050514,2005-05-14,-0.001474606390832243,"{""type"":""MultiPoint"",""coordinates"":[]}"
20050515,2005-05-15,-0.0014180858756019314,"{""type"":""MultiPoint"",""coordinates"":[]}"
20050516,2005-05-16,-0.001394560139919647,"{""type"":""MultiPoint"",""coordinates"":[]}"
20050517,2005-05-17,-0.0013761441023303885,"{""type"":""MultiPoint"",""coordinates"":[]}"
20050518,2005-05-18,-0.0013475078059059808,"{""type"":""MultiPoint"",""coordinates"":[]}"
20050519,2005-05-19,-0.0013426826891129017,"{""type"":""MultiPoint"",""coordinates"":[]}"
20050520,2005-05-20,-0.0013728289919169127,"{""type"":""MultiPoint"",""coordinates"":[]}"
20050521,2005-05-21,-0.0013759378074020133,"{""type"":""MultiPoint"",""coordinates"":[]}"
20050522,2005-05-22,-0.0013738103430715972,"{""type"":""MultiPoint"",""coordinates"":[]}"
20050523,2005-05-23,-0.0013948119364467462,"{""type"":""MultiPoint"",""coordinates"":[]}"
20050524,2005-05-24,-0.001449634468919072,"{""type"":""MultiPoint"",""coordinates"":[]}"
20050525,2005-05-25,-0.0014676864132129816,"{""type"":""MultiPoint"",""coordinates"":[]}"
20050526,2005-05-26,-0.0015065015457881939,"{""type"":""MultiPoint"",""coordinates"":[]}"
20050527,2005-05-27,-0.0015446893587562288,"{""type"":""MultiPoint"",""coordinates"":[]}"
20050528,2005-05-28,-0.001629569511304417,"{""type"":""MultiPoint"",""coordinates"":[]}"
20050529,2005-05-29,-0.0016154447054873991,"{""type"":""MultiPoint"",""coordinates"":[]}"
20050530,2005-05-30,-0.0016108487924285638,"{""type"":""MultiPoint"",""coordinates"":[]}"
20050531,2005-05-31,-0.0016588287533386389,"{""type"":""MultiPoint"",""coordinates"":[]}"
20050601,2005-06-01,-0.0016324811186594946,"{""type"":""MultiPoint"",""coordinates"":[]}"
20050602,2005-06-02,-0.0016281709537837928,"{""type"":""MultiPoint"",""coordinates"":[]}"
20050603,2005-06-03,-0.0015950668013625553,"{""type"":""MultiPoint"",""coordinates"":[]}"
20050604,2005-06-04,-0.0015696382440169418,"{""type"":""MultiPoint"",""coordinates"":[]}"
20050605,2005-06-05,-0.001567580067462467,"{""type"":""MultiPoint"",""coordinates"":[]}"
20050606,2005-06-06,-0.0015920470280886315,"{""type"":""MultiPoint"",""coordinates"":[]}"
20050607,2005-06-07,-0.0016532689716020324,"{""type"":""MultiPoint"",""coordinates"":[]}"
20050608,2005-06-08,-0.0016939548954758167,"{""type"":""MultiPoint"",""coordinates"":[]}"
20050609,2005-06-09,-0.0016525652713989657,"{""type"":""MultiPoint"",""coordinates"":[]}"
20050610,2005-06-10,-0.0016734772869145805,"{""type"":""MultiPoint"",""coordinates"":[]}"
20050611,2005-06-11,-0.001794273634470727,"{""type"":""MultiPoint"",""coordinates"":[]}"
20050612,2005-06-12,-0.0018047969308663413,"{""type"":""MultiPoint"",""coordinates"":[]}"
20050613,2005-06-13,-0.0018506377661983273,"{""type"":""MultiPoint"",""coordinates"":[]}"
20050614,2005-06-14,-0.0018323749608628891,"{""type"":""MultiPoint"",""coordinates"":[]}"
20050615,2005-06-15,-0.0018060425400621008,"{""type"":""MultiPoint"",""coordinates"":[]}"
20050616,2005-06-16,-0.001693588311246587,"{""type"":""MultiPoint"",""coordinates"":[]}"
20050617,2005-06-17,-0.00160171177904664,"{""type"":""MultiPoint"",""coordinates"":[]}"
20050618,2005-06-18,-0.0016119678576604604,"{""type"":""MultiPoint"",""coordinates"":[]}"
20050619,2005-06-19,-0.0017008477888847747,"{""type"":""MultiPoint"",""coordinates"":[]}"
20050620,2005-06-20,-0.0018335112806973787,"{""type"":""MultiPoint"",""coordinates"":[]}"
20050621,2005-06-21,-0.0018456348071061936,"{""type"":""MultiPoint"",""coordinates"":[]}"
20050622,2005-06-22,-0.0019626647466481502,"{""type"":""MultiPoint"",""coordinates"":[]}"
20050623,2005-06-23,-0.001993765301844404,"{""type"":""MultiPoint"",""coordinates"":[]}"
20050624,2005-06-24,-0.002113480131702057,"{""type"":""MultiPoint"",""coordinates"":[]}"
20050625,2005-06-25,-0.0022217493364517353,"{""type"":""MultiPoint"",""coordinates"":[]}"
20050626,2005-06-26,-0.0022899408408585554,"{""type"":""MultiPoint"",""coordinates"":[]}"
20050627,2005-06-27,-0.002287458627518971,"{""type"":""MultiPoint"",""coordinates"":[]}"
20050628,2005-06-28,-0.002276130676582756,"{""type"":""MultiPoint"",""coordinates"":[]}"
20050629,2005-06-29,-0.0022737521511488282,"{""type"":""MultiPoint"",""coordinates"":[]}"
20050630,2005-06-30,-0.002395394234513722,"{""type"":""MultiPoint"",""coordinates"":[]}"
20050701,2005-07-01,-0.002449293491312612,"{""type"":""MultiPoint"",""coordinates"":[]}"
20050702,2005-07-02,-0.002456212904591117,"{""type"":""MultiPoint"",""coordinates"":[]}"
20050703,2005-07-03,-0.0024590412634803395,"{""type"":""MultiPoint"",""coordinates"":[]}"
20050704,2005-07-04,-0.002560150690905668,"{""type"":""MultiPoint"",""coordinates"":[]}"
20050705,2005-07-05,-0.0025240607466869105,"{""type"":""MultiPoint"",""coordinates"":[]}"
20050706,2005-07-06,-0.0027134369782793035,"{""type"":""MultiPoint"",""coordinates"":[]}"
20050707,2005-07-07,-0.002801514503725296,"{""type"":""MultiPoint"",""coordinates"":[]}"
20050708,2005-07-08,-0.0028044340439410203,"{""type"":""MultiPoint"",""coordinates"":[]}"
20050709,2005-07-09,-0.002883969089154352,"{""type"":""MultiPoint"",""coordinates"":[]}"
20050710,2005-07-10,-0.0026928325915244926,"{""type"":""MultiPoint"",""coordinates"":[]}"
20050711,2005-07-11,-0.0024721802509635724,"{""type"":""MultiPoint"",""coordinates"":[]}"
20050712,2005-07-12,-0.0023692370461885475,"{""type"":""MultiPoint"",""coordinates"":[]}"
20050713,2005-07-13,-0.0024532285887425144,"{""type"":""MultiPoint"",""coordinates"":[]}"
20050714,2005-07-14,-0.0024390839790200667,"{""type"":""MultiPoint"",""coordinates"":[]}"
20050715,2005-07-15,-0.0025081095014274184,"{""type"":""MultiPoint"",""coordinates"":[]}"
20050716,2005-07-16,-0.002581501654227897,"{""type"":""MultiPoint"",""coordinates"":[]}"
20050717,2005-07-17,-0.002722568782061173,"{""type"":""MultiPoint"",""coordinates"":[]}"
20050718,2005-07-18,-0.0028683231314338207,"{""type"":""MultiPoint"",""coordinates"":[]}"
20050719,2005-07-19,-0.0029362352178263435,"{""type"":""MultiPoint"",""coordinates"":[]}"
20050720,2005-07-20,-0.0028860907131860293,"{""type"":""MultiPoint"",""coordinates"":[]}"
20050721,2005-07-21,-0.0027777849349859066,"{""type"":""MultiPoint"",""coordinates"":[]}"
20050722,2005-07-22,-0.0027281026323924137,"{""type"":""MultiPoint"",""coordinates"":[]}"
20050723,2005-07-23,-0.0026671877874136275,"{""type"":""MultiPoint"",""coordinates"":[]}"
20050724,2005-07-24,-0.0027169441936450802,"{""type"":""MultiPoint"",""coordinates"":[]}"
20050725,2005-07-25,-0.0028023170886270956,"{""type"":""MultiPoint"",""coordinates"":[]}"
20050726,2005-07-26,-0.0026786717717899276,"{""type"":""MultiPoint"",""coordinates"":[]}"
20050727,2005-07-27,-0.002627136052277457,"{""type"":""MultiPoint"",""coordinates"":[]}"
20050728,2005-07-28,-0.002751161391695137,"{""type"":""MultiPoint"",""coordinates"":[]}"
20050729,2005-07-29,-0.002829574588036903,"{""type"":""MultiPoint"",""coordinates"":[]}"
20050730,2005-07-30,-0.0029063752375611623,"{""type"":""MultiPoint"",""coordinates"":[]}"
20050731,2005-07-31,-0.002918495846307289,"{""type"":""MultiPoint"",""coordinates"":[]}"
20050801,2005-08-01,-0.0029446213867018746,"{""type"":""MultiPoint"",""coordinates"":[]}"
20050802,2005-08-02,-0.0028849436778382175,"{""type"":""MultiPoint"",""coordinates"":[]}"
20050803,2005-08-03,-0.0027939785649541476,"{""type"":""MultiPoint"",""coordinates"":[]}"
20050804,2005-08-04,-0.0026806919959093565,"{""type"":""MultiPoint"",""coordinates"":[]}"
20050805,2005-08-05,-0.0025277850004295837,"{""type"":""MultiPoint"",""coordinates"":[]}"
20050806,2005-08-06,-0.002516302154559957,"{""type"":""MultiPoint"",""coordinates"":[]}"
20050807,2005-08-07,-0.002539665955228002,"{""type"":""MultiPoint"",""coordinates"":[]}"
20050808,2005-08-08,-0.0027850284682379863,"{""type"":""MultiPoint"",""coordinates"":[]}"
20050809,2005-08-09,-0.0030003450059675886,"{""type"":""MultiPoint"",""coordinates"":[]}"
20050810,2005-08-10,-0.0030368053252050626,"{""type"":""MultiPoint"",""coordinates"":[]}"
20050811,2005-08-11,-0.0029281920481200765,"{""type"":""MultiPoint"",""coordinates"":[]}"
20050812,2005-08-12,-0.002894992861710015,"{""type"":""MultiPoint"",""coordinates"":[]}"
20050813,2005-08-13,-0.0029025702476226404,"{""type"":""MultiPoint"",""coordinates"":[]}"
20050814,2005-08-14,-0.002744432583958365,"{""type"":""MultiPoint"",""coordinates"":[]}"
20050815,2005-08-15,-0.002479025501884298,"{""type"":""MultiPoint"",""coordinates"":[]}"
20050816,2005-08-16,-0.0024281628939009764,"{""type"":""MultiPoint"",""coordinates"":[]}"
20050817,2005-08-17,-0.002535174068860933,"{""type"":""MultiPoint"",""coordinates"":[]}"
20050818,2005-08-18,-0.0025899028433362813,"{""type"":""MultiPoint"",""coordinates"":[]}"
20050819,2005-08-19,-0.002480586682692658,"{""type"":""MultiPoint"",""coordinates"":[]}"
20050820,2005-08-20,-0.0023310302045983743,"{""type"":""MultiPoint"",""coordinates"":[]}"
20050821,2005-08-21,-0.002555171448094295,"{""type"":""MultiPoint"",""coordinates"":[]}"
20050822,2005-08-22,-0.002523448728968577,"{""type"":""MultiPoint"",""coordinates"":[]}"
20050823,2005-08-23,-0.0025381222691128013,"{""type"":""MultiPoint"",""coordinates"":[]}"
20050824,2005-08-24,-0.0025114507209287036,"{""type"":""MultiPoint"",""coordinates"":[]}"
20050825,2005-08-25,-0.0026100637732367877,"{""type"":""MultiPoint"",""coordinates"":[]}"
20050826,2005-08-26,-0.0027296976250866974,"{""type"":""MultiPoint"",""coordinates"":[]}"
20050827,2005-08-27,-0.0027260740579726065,"{""type"":""MultiPoint"",""coordinates"":[]}"
20050828,2005-08-28,-0.002838029703241385,"{""type"":""MultiPoint"",""coordinates"":[]}"
20050829,2005-08-29,-0.002919943513731413,"{""type"":""MultiPoint"",""coordinates"":[]}"
20050830,2005-08-30,-0.002956581058227519,"{""type"":""MultiPoint"",""coordinates"":[]}"
20050831,2005-08-31,-0.002859504167468221,"{""type"":""MultiPoint"",""coordinates"":[]}"
20050901,2005-09-01,-0.002896723560091456,"{""type"":""MultiPoint"",""coordinates"":[]}"
20050902,2005-09-02,-0.0028347134920841616,"{""type"":""MultiPoint"",""coordinates"":[]}"
20050903,2005-09-03,-0.0025894278912446723,"{""type"":""MultiPoint"",""coordinates"":[]}"
20050904,2005-09-04,-0.0025013932854034532,"{""type"":""MultiPoint"",""coordinates"":[]}"
20050905,2005-09-05,-0.002542531327407471,"{""type"":""MultiPoint"",""coordinates"":[]}"
20050906,2005-09-06,-0.002562350211108877,"{""type"":""MultiPoint"",""coordinates"":[]}"
20050907,2005-09-07,-0.0025947781908254044,"{""type"":""MultiPoint"",""coordinates"":[]}"
20050908,2005-09-08,-0.002665240620869442,"{""type"":""MultiPoint"",""coordinates"":[]}"
20050909,2005-09-09,-0.002723297101937416,"{""type"":""MultiPoint"",""coordinates"":[]}"
20050910,2005-09-10,-0.002679586871903326,"{""type"":""MultiPoint"",""coordinates"":[]}"
20050911,2005-09-11,-0.0026274052298491525,"{""type"":""MultiPoint"",""coordinates"":[]}"
20050912,2005-09-12,-0.00264797747986284,"{""type"":""MultiPoint"",""coordinates"":[]}"
20050913,2005-09-13,-0.002596441235528721,"{""type"":""MultiPoint"",""coordinates"":[]}"
20050914,2005-09-14,-0.002596859304055857,"{""type"":""MultiPoint"",""coordinates"":[]}"
20050915,2005-09-15,-0.0025246717085271944,"{""type"":""MultiPoint"",""coordinates"":[]}"
20050916,2005-09-16,-0.0025858199723175954,"{""type"":""MultiPoint"",""coordinates"":[]}"
20050917,2005-09-17,-0.0024817077553143476,"{""type"":""MultiPoint"",""coordinates"":[]}"
20050918,2005-09-18,-0.002510524137088698,"{""type"":""MultiPoint"",""coordinates"":[]}"
20050919,2005-09-19,-0.0026524708968259244,"{""type"":""MultiPoint"",""coordinates"":[]}"
20050920,2005-09-20,-0.0024824804244902876,"{""type"":""MultiPoint"",""coordinates"":[]}"
20050921,2005-09-21,-0.0024169872185131613,"{""type"":""MultiPoint"",""coordinates"":[]}"
20050922,2005-09-22,-0.0023835711044583566,"{""type"":""MultiPoint"",""coordinates"":[]}"
20050923,2005-09-23,-0.002345584275351478,"{""type"":""MultiPoint"",""coordinates"":[]}"
20050924,2005-09-24,-0.0023758818710771386,"{""type"":""MultiPoint"",""coordinates"":[]}"
20050925,2005-09-25,-0.002458334447115136,"{""type"":""MultiPoint"",""coordinates"":[]}"
20050926,2005-09-26,-0.0024938045238885862,"{""type"":""MultiPoint"",""coordinates"":[]}"
20050927,2005-09-27,-0.0025626615513391062,"{""type"":""MultiPoint"",""coordinates"":[]}"
20050928,2005-09-28,-0.002587497090786549,"{""type"":""MultiPoint"",""coordinates"":[]}"
20050929,2005-09-29,-0.0024382607883001207,"{""type"":""MultiPoint"",""coordinates"":[]}"
20050930,2005-09-30,-0.002414490612785551,"{""type"":""MultiPoint"",""coordinates"":[]}"
20051001,2005-10-01,-0.0023843657527507305,"{""type"":""MultiPoint"",""coordinates"":[]}"
20051002,2005-10-02,-0.002351294847525337,"{""type"":""MultiPoint"",""coordinates"":[]}"
20051003,2005-10-03,-0.0023513393886383936,"{""type"":""MultiPoint"",""coordinates"":[]}"
20051004,2005-10-04,-0.0023215528347597645,"{""type"":""MultiPoint"",""coordinates"":[]}"
20051005,2005-10-05,-0.0023633679995437524,"{""type"":""MultiPoint"",""coordinates"":[]}"
20051006,2005-10-06,-0.002454077827691654,"{""type"":""MultiPoint"",""coordinates"":[]}"
20051007,2005-10-07,-0.0024253870081450417,"{""type"":""MultiPoint"",""coordinates"":[]}"
20051008,2005-10-08,-0.002396100415815428,"{""type"":""MultiPoint"",""coordinates"":[]}"
20051009,2005-10-09,-0.002370802788825938,"{""type"":""MultiPoint"",""coordinates"":[]}"
20051010,2005-10-10,-0.002287961188206927,"{""type"":""MultiPoint"",""coordinates"":[]}"
20051011,2005-10-11,-0.0022415145230923385,"{""type"":""MultiPoint"",""coordinates"":[]}"
20051012,2005-10-12,-0.0021508977299312844,"{""type"":""MultiPoint"",""coordinates"":[]}"
20051013,2005-10-13,-0.00207727297228972,"{""type"":""MultiPoint"",""coordinates"":[]}"
20051014,2005-10-14,-0.00199791708042872,"{""type"":""MultiPoint"",""coordinates"":[]}"
20051015,2005-10-15,-0.0018883617496123707,"{""type"":""MultiPoint"",""coordinates"":[]}"
20051016,2005-10-16,-0.0018985664034017317,"{""type"":""MultiPoint"",""coordinates"":[]}"
20051017,2005-10-17,-0.0019255354793315214,"{""type"":""MultiPoint"",""coordinates"":[]}"
20051018,2005-10-18,-0.0018534966675994749,"{""type"":""MultiPoint"",""coordinates"":[]}"
20051019,2005-10-19,-0.0017686520428792194,"{""type"":""MultiPoint"",""coordinates"":[]}"
20051020,2005-10-20,-0.001750081338752513,"{""type"":""MultiPoint"",""coordinates"":[]}"
20051021,2005-10-21,-0.0016968231770035332,"{""type"":""MultiPoint"",""coordinates"":[]}"
20051022,2005-10-22,-0.0016301954661374345,"{""type"":""MultiPoint"",""coordinates"":[]}"
20051023,2005-10-23,-0.0016124069505319047,"{""type"":""MultiPoint"",""coordinates"":[]}"
20051024,2005-10-24,-0.0016609429838805112,"{""type"":""MultiPoint"",""coordinates"":[]}"
20051025,2005-10-25,-0.0017005446010157114,"{""type"":""MultiPoint"",""coordinates"":[]}"
20051026,2005-10-26,-0.0017476918611743814,"{""type"":""MultiPoint"",""coordinates"":[]}"
20051027,2005-10-27,-0.0017454998216660232,"{""type"":""MultiPoint"",""coordinates"":[]}"
20051028,2005-10-28,-0.0016062581379180224,"{""type"":""MultiPoint"",""coordinates"":[]}"
20051029,2005-10-29,-0.0016080883668455105,"{""type"":""MultiPoint"",""coordinates"":[]}"
20051030,2005-10-30,-0.0015963537328489545,"{""type"":""MultiPoint"",""coordinates"":[]}"
20051031,2005-10-31,-0.0015819753575790922,"{""type"":""MultiPoint"",""coordinates"":[]}"
20051101,2005-11-01,-0.0015279960053494108,"{""type"":""MultiPoint"",""coordinates"":[]}"
20051102,2005-11-02,-0.0015931272756999522,"{""type"":""MultiPoint"",""coordinates"":[]}"
20051103,2005-11-03,-0.001631845698451945,"{""type"":""MultiPoint"",""coordinates"":[]}"
20051104,2005-11-04,-0.0016403318288848619,"{""type"":""MultiPoint"",""coordinates"":[]}"
20051105,2005-11-05,-0.0015997920932669645,"{""type"":""MultiPoint"",""coordinates"":[]}"
20051106,2005-11-06,-0.0015625020012961107,"{""type"":""MultiPoint"",""coordinates"":[]}"
20051107,2005-11-07,-0.0015378065649880267,"{""type"":""MultiPoint"",""coordinates"":[]}"
20051108,2005-11-08,-0.0014142877273309463,"{""type"":""MultiPoint"",""coordinates"":[]}"
20051109,2005-11-09,-0.001405158729536446,"{""type"":""MultiPoint"",""coordinates"":[]}"
20051110,2005-11-10,-0.0014386039597401052,"{""type"":""MultiPoint"",""coordinates"":[]}"
20051111,2005-11-11,-0.001487575697995086,"{""type"":""MultiPoint"",""coordinates"":[]}"
20051112,2005-11-12,-0.0014994293225684852,"{""type"":""MultiPoint"",""coordinates"":[]}"
20051113,2005-11-13,-0.001470989489313338,"{""type"":""MultiPoint"",""coordinates"":[]}"
20051114,2005-11-14,-0.0014605109128246064,"{""type"":""MultiPoint"",""coordinates"":[]}"
20051115,2005-11-15,-0.0014521374552885573,"{""type"":""MultiPoint"",""coordinates"":[]}"
20051116,2005-11-16,-0.0014335388042173928,"{""type"":""MultiPoint"",""coordinates"":[]}"
20051117,2005-11-17,-0.0013856068453294644,"{""type"":""MultiPoint"",""coordinates"":[]}"
20051118,2005-11-18,-0.0013550503230565201,"{""type"":""MultiPoint"",""coordinates"":[]}"
20051119,2005-11-19,-0.0012968091722682866,"{""type"":""MultiPoint"",""coordinates"":[]}"
20051120,2005-11-20,-0.0012650653199114629,"{""type"":""MultiPoint"",""coordinates"":[]}"
20051121,2005-11-21,-0.0011869119323404402,"{""type"":""MultiPoint"",""coordinates"":[]}"
20051122,2005-11-22,-0.001111266508447146,"{""type"":""MultiPoint"",""coordinates"":[]}"
20051123,2005-11-23,-0.0010861727540041276,"{""type"":""MultiPoint"",""coordinates"":[]}"
20051124,2005-11-24,-0.001075646071828034,"{""type"":""MultiPoint"",""coordinates"":[]}"
20051125,2005-11-25,-0.0011048122492588307,"{""type"":""MultiPoint"",""coordinates"":[]}"
20051126,2005-11-26,-0.0011612032459232975,"{""type"":""MultiPoint"",""coordinates"":[]}"
20051127,2005-11-27,-0.0011485561688617284,"{""type"":""MultiPoint"",""coordinates"":[]}"
20051128,2005-11-28,-0.0011739488785634776,"{""type"":""MultiPoint"",""coordinates"":[]}"
20051129,2005-11-29,-0.0011464920373317911,"{""type"":""MultiPoint"",""coordinates"":[]}"
20051130,2005-11-30,-0.001109177236380479,"{""type"":""MultiPoint"",""coordinates"":[]}"
20051201,2005-12-01,-0.001082538102609772,"{""type"":""MultiPoint"",""coordinates"":[]}"
20051202,2005-12-02,-0.0010266209391540026,"{""type"":""MultiPoint"",""coordinates"":[]}"
20051203,2005-12-03,-9.867987711319312E-4,"{""type"":""MultiPoint"",""coordinates"":[]}"
20051204,2005-12-04,-9.718167578291288E-4,"{""type"":""MultiPoint"",""coordinates"":[]}"
20051205,2005-12-05,-0.0010154451768061748,"{""type"":""MultiPoint"",""coordinates"":[]}"
20051206,2005-12-06,-0.0010284369875169146,"{""type"":""MultiPoint"",""coordinates"":[]}"
20051207,2005-12-07,-0.0010087339793833773,"{""type"":""MultiPoint"",""coordinates"":[]}"
20051208,2005-12-08,-9.970396469135686E-4,"{""type"":""MultiPoint"",""coordinates"":[]}"
20051209,2005-12-09,-9.497970114267623E-4,"{""type"":""MultiPoint"",""coordinates"":[]}"
20051210,2005-12-10,-9.043795763117508E-4,"{""type"":""MultiPoint"",""coordinates"":[]}"
20051211,2005-12-11,-9.013227030404032E-4,"{""type"":""MultiPoint"",""coordinates"":[]}"
20051212,2005-12-12,-8.992276916183747E-4,"{""type"":""MultiPoint"",""coordinates"":[]}"
20051213,2005-12-13,-8.997021929177334E-4,"{""type"":""MultiPoint"",""coordinates"":[]}"
20051214,2005-12-14,-9.11620012823144E-4,"{""type"":""MultiPoint"",""coordinates"":[]}"
20051215,2005-12-15,-9.016114546678729E-4,"{""type"":""MultiPoint"",""coordinates"":[]}"
20051216,2005-12-16,-9.164475168010589E-4,"{""type"":""MultiPoint"",""coordinates"":[]}"
20051217,2005-12-17,-8.753381924021596E-4,"{""type"":""MultiPoint"",""coordinates"":[]}"
20051218,2005-12-18,-8.102848987770037E-4,"{""type"":""MultiPoint"",""coordinates"":[]}"
20051219,2005-12-19,-8.308008533252882E-4,"{""type"":""MultiPoint"",""coordinates"":[]}"
20051220,2005-12-20,-8.151909518396488E-4,"{""type"":""MultiPoint"",""coordinates"":[]}"
20051221,2005-12-21,-8.073818472740067E-4,"{""type"":""MultiPoint"",""coordinates"":[]}"
20051222,2005-12-22,-7.623210005431541E-4,"{""type"":""MultiPoint"",""coordinates"":[]}"
20051223,2005-12-23,-7.834947014348458E-4,"{""type"":""MultiPoint"",""coordinates"":[]}"
20051224,2005-12-24,-8.071899797161768E-4,"{""type"":""MultiPoint"",""coordinates"":[]}"
20051225,2005-12-25,-8.140643857554471E-4,"{""type"":""MultiPoint"",""coordinates"":[]}"
20051226,2005-12-26,-8.780259072257262E-4,"{""type"":""MultiPoint"",""coordinates"":[]}"
20051227,2005-12-27,-9.034444810195167E-4,"{""type"":""MultiPoint"",""coordinates"":[]}"
20051228,2005-12-28,-8.849374634387464E-4,"{""type"":""MultiPoint"",""coordinates"":[]}"
20051229,2005-12-29,-8.813745145712535E-4,"{""type"":""MultiPoint"",""coordinates"":[]}"
20051230,2005-12-30,-8.855087739614659E-4,"{""type"":""MultiPoint"",""coordinates"":[]}"
20051231,2005-12-31,-8.771106913187535E-4,"{""type"":""MultiPoint"",""coordinates"":[]}"
20060101,2006-01-01,-9.055776244282389E-4,"{""type"":""MultiPoint"",""coordinates"":[]}"
20060102,2006-01-02,-9.070639708979083E-4,"{""type"":""MultiPoint"",""coordinates"":[]}"
20060103,2006-01-03,-8.928559249463769E-4,"{""type"":""MultiPoint"",""coordinates"":[]}"
20060104,2006-01-04,-8.707029842300246E-4,"{""type"":""MultiPoint"",""coordinates"":[]}"
20060105,2006-01-05,-8.517982304380639E-4,"{""type"":""MultiPoint"",""coordinates"":[]}"
20060106,2006-01-06,-8.532717700489608E-4,"{""type"":""MultiPoint"",""coordinates"":[]}"
20060107,2006-01-07,-8.184822873618854E-4,"{""type"":""MultiPoint"",""coordinates"":[]}"
20060108,2006-01-08,-8.008787800449234E-4,"{""type"":""MultiPoint"",""coordinates"":[]}"
20060109,2006-01-09,-8.079655767866793E-4,"{""type"":""MultiPoint"",""coordinates"":[]}"
20060110,2006-01-10,-8.34524985730896E-4,"{""type"":""MultiPoint"",""coordinates"":[]}"
20060111,2006-01-11,-8.411018542915603E-4,"{""type"":""MultiPoint"",""coordinates"":[]}"
20060112,2006-01-12,-8.14192318274271E-4,"{""type"":""MultiPoint"",""coordinates"":[]}"
20060113,2006-01-13,-8.077828808766179E-4,"{""type"":""MultiPoint"",""coordinates"":[]}"
20060114,2006-01-14,-7.97871098847484E-4,"{""type"":""MultiPoint"",""coordinates"":[]}"
20060115,2006-01-15,-7.993419012452776E-4,"{""type"":""MultiPoint"",""coordinates"":[]}"
20060116,2006-01-16,-8.453522871019128E-4,"{""type"":""MultiPoint"",""coordinates"":[]}"
20060117,2006-01-17,-8.444652723502483E-4,"{""type"":""MultiPoint"",""coordinates"":[]}"
20060118,2006-01-18,-8.802103260004335E-4,"{""type"":""MultiPoint"",""coordinates"":[]}"
20060119,2006-01-19,-8.852873161090984E-4,"{""type"":""MultiPoint"",""coordinates"":[]}"
20060120,2006-01-20,-8.863271576012E-4,"{""type"":""MultiPoint"",""coordinates"":[]}"
20060121,2006-01-21,-8.846182544792238E-4,"{""type"":""MultiPoint"",""coordinates"":[]}"
20060122,2006-01-22,-8.695813879865613E-4,"{""type"":""MultiPoint"",""coordinates"":[]}"
20060123,2006-01-23,-8.647268320044479E-4,"{""type"":""MultiPoint"",""coordinates"":[]}"
20060124,2006-01-24,-8.378773051852444E-4,"{""type"":""MultiPoint"",""coordinates"":[]}"
20060125,2006-01-25,-8.208158887027939E-4,"{""type"":""MultiPoint"",""coordinates"":[]}"
20060126,2006-01-26,-8.086594509021958E-4,"{""type"":""MultiPoint"",""coordinates"":[]}"
20060127,2006-01-27,-7.962602259999762E-4,"{""type"":""MultiPoint"",""coordinates"":[]}"
20060128,2006-01-28,-8.259984675426091E-4,"{""type"":""MultiPoint"",""coordinates"":[]}"
20060129,2006-01-29,-8.430888365360392E-4,"{""type"":""MultiPoint"",""coordinates"":[]}"
20060130,2006-01-30,-8.484374352608282E-4,"{""type"":""MultiPoint"",""coordinates"":[]}"
20060131,2006-01-31,-8.467792840678006E-4,"{""type"":""MultiPoint"",""coordinates"":[]}"
20060201,2006-02-01,-8.390900532759856E-4,"{""type"":""MultiPoint"",""coordinates"":[]}"
20060202,2006-02-02,-8.308576490675119E-4,"{""type"":""MultiPoint"",""coordinates"":[]}"
20060203,2006-02-03,-8.25478939937415E-4,"{""type"":""MultiPoint"",""coordinates"":[]}"
20060204,2006-02-04,-8.380197108368968E-4,"{""type"":""MultiPoint"",""coordinates"":[]}"
20060205,2006-02-05,-8.567139147380875E-4,"{""type"":""MultiPoint"",""coordinates"":[]}"
20060206,2006-02-06,-8.473424318093568E-4,"{""type"":""MultiPoint"",""coordinates"":[]}"
20060207,2006-02-07,-8.431273813799715E-4,"{""type"":""MultiPoint"",""coordinates"":[]}"
20060208,2006-02-08,-8.317846108232896E-4,"{""type"":""MultiPoint"",""coordinates"":[]}"
20060209,2006-02-09,-8.132565897488325E-4,"{""type"":""MultiPoint"",""coordinates"":[]}"
20060210,2006-02-10,-8.240977646562841E-4,"{""type"":""MultiPoint"",""coordinates"":[]}"
20060211,2006-02-11,-8.478573870196285E-4,"{""type"":""MultiPoint"",""coordinates"":[]}"
20060212,2006-02-12,-8.278157368290466E-4,"{""type"":""MultiPoint"",""coordinates"":[]}"
20060213,2006-02-13,-8.341140810266243E-4,"{""type"":""MultiPoint"",""coordinates"":[]}"
20060214,2006-02-14,-8.276581360678862E-4,"{""type"":""MultiPoint"",""coordinates"":[]}"
20060215,2006-02-15,-8.455507244292137E-4,"{""type"":""MultiPoint"",""coordinates"":[]}"
20060216,2006-02-16,-8.758100044067719E-4,"{""type"":""MultiPoint"",""coordinates"":[]}"
20060217,2006-02-17,-8.887011069546659E-4,"{""type"":""MultiPoint"",""coordinates"":[]}"
20060218,2006-02-18,-8.869028923290142E-4,"{""type"":""MultiPoint"",""coordinates"":[]}"
20060219,2006-02-19,-8.737782509304617E-4,"{""type"":""MultiPoint"",""coordinates"":[]}"
20060220,2006-02-20,-9.03725409237243E-4,"{""type"":""MultiPoint"",""coordinates"":[]}"
20060221,2006-02-21,-8.806307055556322E-4,"{""type"":""MultiPoint"",""coordinates"":[]}"
20060222,2006-02-22,-9.060038992046537E-4,"{""type"":""MultiPoint"",""coordinates"":[]}"
20060223,2006-02-23,-9.402907544374736E-4,"{""type"":""MultiPoint"",""coordinates"":[]}"
20060224,2006-02-24,-9.398921472607198E-4,"{""type"":""MultiPoint"",""coordinates"":[]}"
20060225,2006-02-25,-9.368428894305818E-4,"{""type"":""MultiPoint"",""coordinates"":[]}"
20060226,2006-02-26,-9.623698164013735E-4,"{""type"":""MultiPoint"",""coordinates"":[]}"
20060227,2006-02-27,-9.601920434027741E-4,"{""type"":""MultiPoint"",""coordinates"":[]}"
20060228,2006-02-28,-9.625224753875834E-4,"{""type"":""MultiPoint"",""coordinates"":[]}"
20060301,2006-03-01,-9.292874962652379E-4,"{""type"":""MultiPoint"",""coordinates"":[]}"
20060302,2006-03-02,-9.443739609009418E-4,"{""type"":""MultiPoint"",""coordinates"":[]}"
20060303,2006-03-03,-9.678198933958257E-4,"{""type"":""MultiPoint"",""coordinates"":[]}"
20060304,2006-03-04,-0.0010245837082654412,"{""type"":""MultiPoint"",""coordinates"":[]}"
20060305,2006-03-05,-0.0010708915283725465,"{""type"":""MultiPoint"",""coordinates"":[]}"
20060306,2006-03-06,-0.0011039419948312057,"{""type"":""MultiPoint"",""coordinates"":[]}"
20060307,2006-03-07,-0.0011031152722928476,"{""type"":""MultiPoint"",""coordinates"":[]}"
20060308,2006-03-08,-0.0011227943216161028,"{""type"":""MultiPoint"",""coordinates"":[]}"
20060309,2006-03-09,-0.0012261511388526344,"{""type"":""MultiPoint"",""coordinates"":[]}"
20060310,2006-03-10,-0.0012993136057506077,"{""type"":""MultiPoint"",""coordinates"":[]}"
20060311,2006-03-11,-0.0013708218522694626,"{""type"":""MultiPoint"",""coordinates"":[]}"
20060312,2006-03-12,-0.0014837338954370907,"{""type"":""MultiPoint"",""coordinates"":[]}"
20060313,2006-03-13,-0.0014385905283652892,"{""type"":""MultiPoint"",""coordinates"":[]}"
20060314,2006-03-14,-0.0014441676976243644,"{""type"":""MultiPoint"",""coordinates"":[]}"
20060315,2006-03-15,-0.0013944898030692492,"{""type"":""MultiPoint"",""coordinates"":[]}"
20060316,2006-03-16,-0.0014493577491981528,"{""type"":""MultiPoint"",""coordinates"":[]}"
20060317,2006-03-17,-0.0014919458190511708,"{""type"":""MultiPoint"",""coordinates"":[]}"
20060318,2006-03-18,-0.0014765275183884962,"{""type"":""MultiPoint"",""coordinates"":[]}"
20060319,2006-03-19,-0.0014339836541002562,"{""type"":""MultiPoint"",""coordinates"":[]}"
20060320,2006-03-20,-0.0013915563165694835,"{""type"":""MultiPoint"",""coordinates"":[]}"
20060321,2006-03-21,-0.0014192355789501576,"{""type"":""MultiPoint"",""coordinates"":[]}"
20060322,2006-03-22,-0.0013503687541976514,"{""type"":""MultiPoint"",""coordinates"":[]}"
20060323,2006-03-23,-0.001321682677682066,"{""type"":""MultiPoint"",""coordinates"":[]}"
20060324,2006-03-24,-0.0012875960168638062,"{""type"":""MultiPoint"",""coordinates"":[]}"
20060325,2006-03-25,-0.0012537872514749827,"{""type"":""MultiPoint"",""coordinates"":[]}"
20060326,2006-03-26,-0.0012337556608187695,"{""type"":""MultiPoint"",""coordinates"":[]}"
20060327,2006-03-27,-0.00121479374081002,"{""type"":""MultiPoint"",""coordinates"":[]}"
20060328,2006-03-28,-0.0012145429305199249,"{""type"":""MultiPoint"",""coordinates"":[]}"
20060329,2006-03-29,-0.0011959518554115454,"{""type"":""MultiPoint"",""coordinates"":[]}"
20060330,2006-03-30,-0.0011797277118779028,"{""type"":""MultiPoint"",""coordinates"":[]}"
20060331,2006-03-31,-0.0012026721258805964,"{""type"":""MultiPoint"",""coordinates"":[]}"
20060401,2006-04-01,-0.001176205891355699,"{""type"":""MultiPoint"",""coordinates"":[]}"
20060402,2006-04-02,-0.001170629100059777,"{""type"":""MultiPoint"",""coordinates"":[]}"
20060403,2006-04-03,-0.0011369036163010769,"{""type"":""MultiPoint"",""coordinates"":[]}"
20060404,2006-04-04,-0.0011340066772328997,"{""type"":""MultiPoint"",""coordinates"":[]}"
20060405,2006-04-05,-0.0011412271899537076,"{""type"":""MultiPoint"",""coordinates"":[]}"
20060406,2006-04-06,-0.0011574674998024268,"{""type"":""MultiPoint"",""coordinates"":[]}"
20060407,2006-04-07,-0.0011291530356783207,"{""type"":""MultiPoint"",""coordinates"":[]}"
20060408,2006-04-08,-0.001097210089179678,"{""type"":""MultiPoint"",""coordinates"":[]}"
20060409,2006-04-09,-0.0011161493406965839,"{""type"":""MultiPoint"",""coordinates"":[]}"
20060410,2006-04-10,-0.0011444582973813933,"{""type"":""MultiPoint"",""coordinates"":[]}"
20060411,2006-04-11,-0.0011576058194772516,"{""type"":""MultiPoint"",""coordinates"":[]}"
20060412,2006-04-12,-0.0011761221744590578,"{""type"":""MultiPoint"",""coordinates"":[]}"
20060413,2006-04-13,-0.0011661253102881193,"{""type"":""MultiPoint"",""coordinates"":[]}"
20060414,2006-04-14,-0.001138875198225801,"{""type"":""MultiPoint"",""coordinates"":[]}"
20060415,2006-04-15,-0.001189975680898989,"{""type"":""MultiPoint"",""coordinates"":[]}"
20060416,2006-04-16,-0.0012335299547149875,"{""type"":""MultiPoint"",""coordinates"":[]}"
20060417,2006-04-17,-0.0013133022678455844,"{""type"":""MultiPoint"",""coordinates"":[]}"
20060418,2006-04-18,-0.0013861586665281352,"{""type"":""MultiPoint"",""coordinates"":[]}"
20060419,2006-04-19,-0.0015239856754254877,"{""type"":""MultiPoint"",""coordinates"":[]}"
20060420,2006-04-20,-0.0015417827614257113,"{""type"":""MultiPoint"",""coordinates"":[]}"
20060421,2006-04-21,-0.001531964147500453,"{""type"":""MultiPoint"",""coordinates"":[]}"
20060422,2006-04-22,-0.001495468794539122,"{""type"":""MultiPoint"",""coordinates"":[]}"
20060423,2006-04-23,-0.001483234189628084,"{""type"":""MultiPoint"",""coordinates"":[]}"
20060424,2006-04-24,-0.0014404136086183022,"{""type"":""MultiPoint"",""coordinates"":[]}"
20060425,2006-04-25,-0.0014016246821266813,"{""type"":""MultiPoint"",""coordinates"":[]}"
20060426,2006-04-26,-0.0013894749932335361,"{""type"":""MultiPoint"",""coordinates"":[]}"
20060427,2006-04-27,-0.0013842239875390332,"{""type"":""MultiPoint"",""coordinates"":[]}"
20060428,2006-04-28,-0.0014397469234936147,"{""type"":""MultiPoint"",""coordinates"":[]}"
20060429,2006-04-29,-0.0014844121585113812,"{""type"":""MultiPoint"",""coordinates"":[]}"
20060430,2006-04-30,-0.0014808439574891465,"{""type"":""MultiPoint"",""coordinates"":[]}"
20060501,2006-05-01,-0.001429955991625144,"{""type"":""MultiPoint"",""coordinates"":[]}"
20060502,2006-05-02,-0.0014195553251619337,"{""type"":""MultiPoint"",""coordinates"":[]}"
20060503,2006-05-03,-0.0014501782757514012,"{""type"":""MultiPoint"",""coordinates"":[]}"
20060504,2006-05-04,-0.0014810809387543894,"{""type"":""MultiPoint"",""coordinates"":[]}"
20060505,2006-05-05,-0.0014703394357355889,"{""type"":""MultiPoint"",""coordinates"":[]}"
20060506,2006-05-06,-0.0014518803499582928,"{""type"":""MultiPoint"",""coordinates"":[]}"
20060507,2006-05-07,-0.0014556548231757487,"{""type"":""MultiPoint"",""coordinates"":[]}"
20060508,2006-05-08,-0.001508932532191653,"{""type"":""MultiPoint"",""coordinates"":[]}"
20060509,2006-05-09,-0.0015259121662572822,"{""type"":""MultiPoint"",""coordinates"":[]}"
20060510,2006-05-10,-0.0015408219311416123,"{""type"":""MultiPoint"",""coordinates"":[]}"
20060511,2006-05-11,-0.0015396846167274707,"{""type"":""MultiPoint"",""coordinates"":[]}"
20060512,2006-05-12,-0.0014627530717894776,"{""type"":""MultiPoint"",""coordinates"":[]}"
20060513,2006-05-13,-0.0014903671359101306,"{""type"":""MultiPoint"",""coordinates"":[]}"
20060514,2006-05-14,-0.0014881634483791468,"{""type"":""MultiPoint"",""coordinates"":[]}"
20060515,2006-05-15,-0.0015743602811743441,"{""type"":""MultiPoint"",""coordinates"":[]}"
20060516,2006-05-16,-0.0016410230083193456,"{""type"":""MultiPoint"",""coordinates"":[]}"
20060517,2006-05-17,-0.0017477049257066419,"{""type"":""MultiPoint"",""coordinates"":[]}"
20060518,2006-05-18,-0.0018100964700187034,"{""type"":""MultiPoint"",""coordinates"":[]}"
20060519,2006-05-19,-0.0018242432249484625,"{""type"":""MultiPoint"",""coordinates"":[]}"
20060520,2006-05-20,-0.0018145720469279157,"{""type"":""MultiPoint"",""coordinates"":[]}"
20060521,2006-05-21,-0.00184642346522475,"{""type"":""MultiPoint"",""coordinates"":[]}"
20060522,2006-05-22,-0.0019481168824155616,"{""type"":""MultiPoint"",""coordinates"":[]}"
20060523,2006-05-23,-0.001938263926549048,"{""type"":""MultiPoint"",""coordinates"":[]}"
20060524,2006-05-24,-0.001930085673771372,"{""type"":""MultiPoint"",""coordinates"":[]}"
20060525,2006-05-25,-0.00197102921330571,"{""type"":""MultiPoint"",""coordinates"":[]}"
20060526,2006-05-26,-0.0019002761226589167,"{""type"":""MultiPoint"",""coordinates"":[]}"
20060527,2006-05-27,-0.001827877511346599,"{""type"":""MultiPoint"",""coordinates"":[]}"
20060528,2006-05-28,-0.0018392436073094488,"{""type"":""MultiPoint"",""coordinates"":[]}"
20060529,2006-05-29,-0.0018591677548670453,"{""type"":""MultiPoint"",""coordinates"":[]}"
20060530,2006-05-30,-0.0018692189379125336,"{""type"":""MultiPoint"",""coordinates"":[]}"
20060531,2006-05-31,-0.0018298673789956068,"{""type"":""MultiPoint"",""coordinates"":[]}"
20060601,2006-06-01,-0.001917345102397672,"{""type"":""MultiPoint"",""coordinates"":[]}"
20060602,2006-06-02,-0.002021704168103423,"{""type"":""MultiPoint"",""coordinates"":[]}"
20060603,2006-06-03,-0.002092450979338103,"{""type"":""MultiPoint"",""coordinates"":[]}"
20060604,2006-06-04,-0.0021709882272980745,"{""type"":""MultiPoint"",""coordinates"":[]}"
20060605,2006-06-05,-0.0022505487428692243,"{""type"":""MultiPoint"",""coordinates"":[]}"
20060606,2006-06-06,-0.002232845167979996,"{""type"":""MultiPoint"",""coordinates"":[]}"
20060607,2006-06-07,-0.0022037466791115143,"{""type"":""MultiPoint"",""coordinates"":[]}"
20060608,2006-06-08,-0.00221939382153771,"{""type"":""MultiPoint"",""coordinates"":[]}"
20060609,2006-06-09,-0.0021943879983449357,"{""type"":""MultiPoint"",""coordinates"":[]}"
20060610,2006-06-10,-0.0021255027969036967,"{""type"":""MultiPoint"",""coordinates"":[]}"
20060611,2006-06-11,-0.002144365888560877,"{""type"":""MultiPoint"",""coordinates"":[]}"
20060612,2006-06-12,-0.0021458447340975493,"{""type"":""MultiPoint"",""coordinates"":[]}"
20060613,2006-06-13,-0.002087163867739585,"{""type"":""MultiPoint"",""coordinates"":[]}"
20060614,2006-06-14,-0.002053918259447148,"{""type"":""MultiPoint"",""coordinates"":[]}"
20060615,2006-06-15,-0.0021423852187523553,"{""type"":""MultiPoint"",""coordinates"":[]}"
20060616,2006-06-16,-0.00210718490855308,"{""type"":""MultiPoint"",""coordinates"":[]}"
20060617,2006-06-17,-0.0021671803044017186,"{""type"":""MultiPoint"",""coordinates"":[]}"
20060618,2006-06-18,-0.0022123304881471666,"{""type"":""MultiPoint"",""coordinates"":[]}"
20060619,2006-06-19,-0.002282807114103781,"{""type"":""MultiPoint"",""coordinates"":[]}"
20060620,2006-06-20,-0.0021642783492394234,"{""type"":""MultiPoint"",""coordinates"":[]}"
20060621,2006-06-21,-0.0020641843981869783,"{""type"":""MultiPoint"",""coordinates"":[]}"
20060622,2006-06-22,-0.0021415587562794943,"{""type"":""MultiPoint"",""coordinates"":[]}"
20060623,2006-06-23,-0.002134754282439903,"{""type"":""MultiPoint"",""coordinates"":[]}"
20060624,2006-06-24,-0.0022159627675198243,"{""type"":""MultiPoint"",""coordinates"":[]}"
20060625,2006-06-25,-0.0022837412231766488,"{""type"":""MultiPoint"",""coordinates"":[]}"
20060626,2006-06-26,-0.002384954579714062,"{""type"":""MultiPoint"",""coordinates"":[]}"
20060627,2006-06-27,-0.0023893932884008714,"{""type"":""MultiPoint"",""coordinates"":[]}"
20060628,2006-06-28,-0.0025539286620848444,"{""type"":""MultiPoint"",""coordinates"":[]}"
20060629,2006-06-29,-0.0025751772569685633,"{""type"":""MultiPoint"",""coordinates"":[]}"
20060630,2006-06-30,-0.002622434104836604,"{""type"":""MultiPoint"",""coordinates"":[]}"
20060701,2006-07-01,-0.0028196391029139535,"{""type"":""MultiPoint"",""coordinates"":[]}"
20060702,2006-07-02,-0.0028432059948472845,"{""type"":""MultiPoint"",""coordinates"":[]}"
20060703,2006-07-03,-0.0027635923421161076,"{""type"":""MultiPoint"",""coordinates"":[]}"
20060704,2006-07-04,-0.002716849645812858,"{""type"":""MultiPoint"",""coordinates"":[]}"
20060705,2006-07-05,-0.002620192521083018,"{""type"":""MultiPoint"",""coordinates"":[]}"
20060706,2006-07-06,-0.002703954227663474,"{""type"":""MultiPoint"",""coordinates"":[]}"
20060707,2006-07-07,-0.0027304136455154637,"{""type"":""MultiPoint"",""coordinates"":[]}"
20060708,2006-07-08,-0.002655159989686191,"{""type"":""MultiPoint"",""coordinates"":[]}"
20060709,2006-07-09,-0.002507510056244729,"{""type"":""MultiPoint"",""coordinates"":[]}"
20060710,2006-07-10,-0.002582859598343613,"{""type"":""MultiPoint"",""coordinates"":[]}"
20060711,2006-07-11,-0.002541125995210541,"{""type"":""MultiPoint"",""coordinates"":[]}"
20060712,2006-07-12,-0.0024808163246339823,"{""type"":""MultiPoint"",""coordinates"":[]}"
20060713,2006-07-13,-0.0026155226443781276,"{""type"":""MultiPoint"",""coordinates"":[]}"
20060714,2006-07-14,-0.002613349239878822,"{""type"":""MultiPoint"",""coordinates"":[]}"
20060715,2006-07-15,-0.0026452753750401846,"{""type"":""MultiPoint"",""coordinates"":[]}"
20060716,2006-07-16,-0.0027841751850091402,"{""type"":""MultiPoint"",""coordinates"":[]}"
20060717,2006-07-17,-0.0026824304956398395,"{""type"":""MultiPoint"",""coordinates"":[]}"
20060718,2006-07-18,-0.002472810780103362,"{""type"":""MultiPoint"",""coordinates"":[]}"
20060719,2006-07-19,-0.0023155316464328166,"{""type"":""MultiPoint"",""coordinates"":[]}"
20060720,2006-07-20,-0.002366647945704889,"{""type"":""MultiPoint"",""coordinates"":[]}"
20060721,2006-07-21,-0.002475803557019095,"{""type"":""MultiPoint"",""coordinates"":[]}"
20060722,2006-07-22,-0.0025988406010248885,"{""type"":""MultiPoint"",""coordinates"":[]}"
20060723,2006-07-23,-0.0026467121929655128,"{""type"":""MultiPoint"",""coordinates"":[]}"
20060724,2006-07-24,-0.002695728766742974,"{""type"":""MultiPoint"",""coordinates"":[]}"
20060725,2006-07-25,-0.0027052878052435275,"{""type"":""MultiPoint"",""coordinates"":[]}"
20060726,2006-07-26,-0.00250051101540187,"{""type"":""MultiPoint"",""coordinates"":[]}"
20060727,2006-07-27,-0.0024407981059016534,"{""type"":""MultiPoint"",""coordinates"":[]}"
20060728,2006-07-28,-0.0025407957338491735,"{""type"":""MultiPoint"",""coordinates"":[]}"
20060729,2006-07-29,-0.002665648825548984,"{""type"":""MultiPoint"",""coordinates"":[]}"
20060730,2006-07-30,-0.002746564775073372,"{""type"":""MultiPoint"",""coordinates"":[]}"
20060731,2006-07-31,-0.0028872135709697433,"{""type"":""MultiPoint"",""coordinates"":[]}"
20060801,2006-08-01,-0.002918263231701025,"{""type"":""MultiPoint"",""coordinates"":[]}"
20060802,2006-08-02,-0.002760268258496733,"{""type"":""MultiPoint"",""coordinates"":[]}"
20060803,2006-08-03,-0.0026416432689429933,"{""type"":""MultiPoint"",""coordinates"":[]}"
20060804,2006-08-04,-0.0027054837527627673,"{""type"":""MultiPoint"",""coordinates"":[]}"
20060805,2006-08-05,-0.0027741830345177705,"{""type"":""MultiPoint"",""coordinates"":[]}"
20060806,2006-08-06,-0.002886245780558617,"{""type"":""MultiPoint"",""coordinates"":[]}"
20060807,2006-08-07,-0.00291114725619064,"{""type"":""MultiPoint"",""coordinates"":[]}"
20060808,2006-08-08,-0.0029362700995489675,"{""type"":""MultiPoint"",""coordinates"":[]}"
20060809,2006-08-09,-0.003026407249420456,"{""type"":""MultiPoint"",""coordinates"":[]}"
20060810,2006-08-10,-0.003002878402981556,"{""type"":""MultiPoint"",""coordinates"":[]}"
20060811,2006-08-11,-0.0029791313518637026,"{""type"":""MultiPoint"",""coordinates"":[]}"
20060812,2006-08-12,-0.002970966227699679,"{""type"":""MultiPoint"",""coordinates"":[]}"
20060813,2006-08-13,-0.002837263345549383,"{""type"":""MultiPoint"",""coordinates"":[]}"
20060814,2006-08-14,-0.002765484964474709,"{""type"":""MultiPoint"",""coordinates"":[]}"
20060815,2006-08-15,-0.002884996888223174,"{""type"":""MultiPoint"",""coordinates"":[]}"
20060816,2006-08-16,-0.0030631487280268405,"{""type"":""MultiPoint"",""coordinates"":[]}"
20060817,2006-08-17,-0.003063978268013445,"{""type"":""MultiPoint"",""coordinates"":[]}"
20060818,2006-08-18,-0.002957321260491862,"{""type"":""MultiPoint"",""coordinates"":[]}"
20060819,2006-08-19,-0.002865189134044213,"{""type"":""MultiPoint"",""coordinates"":[]}"
20060820,2006-08-20,-0.0027450380840336876,"{""type"":""MultiPoint"",""coordinates"":[]}"
20060821,2006-08-21,-0.002747123287239997,"{""type"":""MultiPoint"",""coordinates"":[]}"
20060822,2006-08-22,-0.0026536321426922924,"{""type"":""MultiPoint"",""coordinates"":[]}"
20060823,2006-08-23,-0.002696023348605198,"{""type"":""MultiPoint"",""coordinates"":[]}"
20060824,2006-08-24,-0.0027119645599910126,"{""type"":""MultiPoint"",""coordinates"":[]}"
20060825,2006-08-25,-0.0027547315802943597,"{""type"":""MultiPoint"",""coordinates"":[]}"
20060826,2006-08-26,-0.002718596645167853,"{""type"":""MultiPoint"",""coordinates"":[]}"
20060827,2006-08-27,-0.002694729644227865,"{""type"":""MultiPoint"",""coordinates"":[]}"
20060828,2006-08-28,-0.002649883518958507,"{""type"":""MultiPoint"",""coordinates"":[]}"
20060829,2006-08-29,-0.0026903901121608426,"{""type"":""MultiPoint"",""coordinates"":[]}"
20060830,2006-08-30,-0.0026926823480674864,"{""type"":""MultiPoint"",""coordinates"":[]}"
20060831,2006-08-31,-0.002749047248451903,"{""type"":""MultiPoint"",""coordinates"":[]}"
20060901,2006-09-01,-0.0027911298956965268,"{""type"":""MultiPoint"",""coordinates"":[]}"
20060902,2006-09-02,-0.0029246727106979026,"{""type"":""MultiPoint"",""coordinates"":[]}"
20060903,2006-09-03,-0.002995564028142487,"{""type"":""MultiPoint"",""coordinates"":[]}"
20060904,2006-09-04,-0.003009896889506182,"{""type"":""MultiPoint"",""coordinates"":[]}"
20060905,2006-09-05,-0.00290061709622836,"{""type"":""MultiPoint"",""coordinates"":[]}"
20060906,2006-09-06,-0.002911084382314875,"{""type"":""MultiPoint"",""coordinates"":[]}"
20060907,2006-09-07,-0.002901686995870678,"{""type"":""MultiPoint"",""coordinates"":[]}"
20060908,2006-09-08,-0.002940400248853683,"{""type"":""MultiPoint"",""coordinates"":[]}"
20060909,2006-09-09,-0.0027907272600882047,"{""type"":""MultiPoint"",""coordinates"":[]}"
20060910,2006-09-10,-0.0027462147976304785,"{""type"":""MultiPoint"",""coordinates"":[]}"
20060911,2006-09-11,-0.002618270463207776,"{""type"":""MultiPoint"",""coordinates"":[]}"
20060912,2006-09-12,-0.0026085189211473353,"{""type"":""MultiPoint"",""coordinates"":[]}"
20060913,2006-09-13,-0.002637689473239656,"{""type"":""MultiPoint"",""coordinates"":[]}"
20060914,2006-09-14,-0.002638847222224905,"{""type"":""MultiPoint"",""coordinates"":[]}"
20060915,2006-09-15,-0.002566438658315555,"{""type"":""MultiPoint"",""coordinates"":[]}"
20060916,2006-09-16,-0.0026695044783089706,"{""type"":""MultiPoint"",""coordinates"":[]}"
20060917,2006-09-17,-0.0026341181691555736,"{""type"":""MultiPoint"",""coordinates"":[]}"
20060918,2006-09-18,-0.0026403322295606995,"{""type"":""MultiPoint"",""coordinates"":[]}"
20060919,2006-09-19,-0.002662902049167812,"{""type"":""MultiPoint"",""coordinates"":[]}"
20060920,2006-09-20,-0.002422787486189478,"{""type"":""MultiPoint"",""coordinates"":[]}"
20060921,2006-09-21,-0.0023314592998918615,"{""type"":""MultiPoint"",""coordinates"":[]}"
20060922,2006-09-22,-0.002157955841831497,"{""type"":""MultiPoint"",""coordinates"":[]}"
20060923,2006-09-23,-0.002306488581133819,"{""type"":""MultiPoint"",""coordinates"":[]}"
20060924,2006-09-24,-0.002337557298166161,"{""type"":""MultiPoint"",""coordinates"":[]}"
20060925,2006-09-25,-0.0024301254573579592,"{""type"":""MultiPoint"",""coordinates"":[]}"
20060926,2006-09-26,-0.0025620203445860345,"{""type"":""MultiPoint"",""coordinates"":[]}"
20060927,2006-09-27,-0.0026362302468490744,"{""type"":""MultiPoint"",""coordinates"":[]}"
20060928,2006-09-28,-0.0026309979271607587,"{""type"":""MultiPoint"",""coordinates"":[]}"
20060929,2006-09-29,-0.0024704537026116534,"{""type"":""MultiPoint"",""coordinates"":[]}"
20060930,2006-09-30,-0.002360916509536315,"{""type"":""MultiPoint"",""coordinates"":[]}"
20061001,2006-10-01,-0.0023255801636209395,"{""type"":""MultiPoint"",""coordinates"":[]}"
20061002,2006-10-02,-0.0024025397181809335,"{""type"":""MultiPoint"",""coordinates"":[]}"
20061003,2006-10-03,-0.0023827782009370143,"{""type"":""MultiPoint"",""coordinates"":[]}"
20061004,2006-10-04,-0.0023154233836588604,"{""type"":""MultiPoint"",""coordinates"":[]}"
20061005,2006-10-05,-0.002325593435608141,"{""type"":""MultiPoint"",""coordinates"":[]}"
20061006,2006-10-06,-0.0022872452674975664,"{""type"":""MultiPoint"",""coordinates"":[]}"
20061007,2006-10-07,-0.0022607908586094634,"{""type"":""MultiPoint"",""coordinates"":[]}"
20061008,2006-10-08,-0.0021848619927344937,"{""type"":""MultiPoint"",""coordinates"":[]}"
20061009,2006-10-09,-0.002201267154364721,"{""type"":""MultiPoint"",""coordinates"":[]}"
20061010,2006-10-10,-0.002177009290599342,"{""type"":""MultiPoint"",""coordinates"":[]}"
20061011,2006-10-11,-0.0021419486483838365,"{""type"":""MultiPoint"",""coordinates"":[]}"
20061012,2006-10-12,-0.0021045677310366877,"{""type"":""MultiPoint"",""coordinates"":[]}"
20061013,2006-10-13,-0.0020515657022421555,"{""type"":""MultiPoint"",""coordinates"":[]}"
20061014,2006-10-14,-0.0020814634407914025,"{""type"":""MultiPoint"",""coordinates"":[]}"
20061015,2006-10-15,-0.0021030676345798957,"{""type"":""MultiPoint"",""coordinates"":[]}"
20061016,2006-10-16,-0.002093995199510378,"{""type"":""MultiPoint"",""coordinates"":[]}"
20061017,2006-10-17,-0.002052138152046084,"{""type"":""MultiPoint"",""coordinates"":[]}"
20061018,2006-10-18,-0.0019989894747518538,"{""type"":""MultiPoint"",""coordinates"":[]}"
20061019,2006-10-19,-0.0019593573678295334,"{""type"":""MultiPoint"",""coordinates"":[]}"
20061020,2006-10-20,-0.0019312157447889584,"{""type"":""MultiPoint"",""coordinates"":[]}"
20061021,2006-10-21,-0.001898872011353737,"{""type"":""MultiPoint"",""coordinates"":[]}"
20061022,2006-10-22,-0.0019280231691645847,"{""type"":""MultiPoint"",""coordinates"":[]}"
20061023,2006-10-23,-0.0018775463545726801,"{""type"":""MultiPoint"",""coordinates"":[]}"
20061024,2006-10-24,-0.0018295203805066102,"{""type"":""MultiPoint"",""coordinates"":[]}"
20061025,2006-10-25,-0.0018175434461030183,"{""type"":""MultiPoint"",""coordinates"":[]}"
20061026,2006-10-26,-0.0017701474797758728,"{""type"":""MultiPoint"",""coordinates"":[]}"
20061027,2006-10-27,-0.0016955752080728094,"{""type"":""MultiPoint"",""coordinates"":[]}"
20061028,2006-10-28,-0.0015470364968886133,"{""type"":""MultiPoint"",""coordinates"":[]}"
20061029,2006-10-29,-0.0015978353042388216,"{""type"":""MultiPoint"",""coordinates"":[]}"
20061030,2006-10-30,-0.0015603331240944002,"{""type"":""MultiPoint"",""coordinates"":[]}"
20061031,2006-10-31,-0.0015214100206917295,"{""type"":""MultiPoint"",""coordinates"":[]}"
20061101,2006-11-01,-0.0014806165708462328,"{""type"":""MultiPoint"",""coordinates"":[]}"
20061102,2006-11-02,-0.001465908557723957,"{""type"":""MultiPoint"",""coordinates"":[]}"
20061103,2006-11-03,-0.0014465075259698238,"{""type"":""MultiPoint"",""coordinates"":[]}"
20061104,2006-11-04,-0.001451716905516882,"{""type"":""MultiPoint"",""coordinates"":[]}"
20061105,2006-11-05,-0.0015238794656150592,"{""type"":""MultiPoint"",""coordinates"":[]}"
20061106,2006-11-06,-0.0014827762034624228,"{""type"":""MultiPoint"",""coordinates"":[]}"
20061107,2006-11-07,-0.0014106403244999405,"{""type"":""MultiPoint"",""coordinates"":[]}"
20061108,2006-11-08,-0.0013957257090086528,"{""type"":""MultiPoint"",""coordinates"":[]}"
20061109,2006-11-09,-0.001359922453003055,"{""type"":""MultiPoint"",""coordinates"":[]}"
20061110,2006-11-10,-0.0013899369876663064,"{""type"":""MultiPoint"",""coordinates"":[]}"
20061111,2006-11-11,-0.00137956207508543,"{""type"":""MultiPoint"",""coordinates"":[]}"
20061112,2006-11-12,-0.001418084753744776,"{""type"":""MultiPoint"",""coordinates"":[]}"
20061113,2006-11-13,-0.0014270501112698634,"{""type"":""MultiPoint"",""coordinates"":[]}"
20061114,2006-11-14,-0.0014055082530185187,"{""type"":""MultiPoint"",""coordinates"":[]}"
20061115,2006-11-15,-0.0013729940780718795,"{""type"":""MultiPoint"",""coordinates"":[]}"
20061116,2006-11-16,-0.0013337749440990448,"{""type"":""MultiPoint"",""coordinates"":[]}"
20061117,2006-11-17,-0.0013388453579306816,"{""type"":""MultiPoint"",""coordinates"":[]}"
20061118,2006-11-18,-0.0012826808849371375,"{""type"":""MultiPoint"",""coordinates"":[]}"
20061119,2006-11-19,-0.001276556631642435,"{""type"":""MultiPoint"",""coordinates"":[]}"
20061120,2006-11-20,-0.0012533873026887674,"{""type"":""MultiPoint"",""coordinates"":[]}"
20061121,2006-11-21,-0.0012248157739382008,"{""type"":""MultiPoint"",""coordinates"":[]}"
20061122,2006-11-22,-0.0012056107022246833,"{""type"":""MultiPoint"",""coordinates"":[]}"
20061123,2006-11-23,-0.0012317913282807575,"{""type"":""MultiPoint"",""coordinates"":[]}"
20061124,2006-11-24,-0.0011926707292446812,"{""type"":""MultiPoint"",""coordinates"":[]}"
20061125,2006-11-25,-0.0011868730074832932,"{""type"":""MultiPoint"",""coordinates"":[]}"
20061126,2006-11-26,-0.0011361287845233275,"{""type"":""MultiPoint"",""coordinates"":[]}"
20061127,2006-11-27,-0.0010885296522352486,"{""type"":""MultiPoint"",""coordinates"":[]}"
20061128,2006-11-28,-0.0011132323039917272,"{""type"":""MultiPoint"",""coordinates"":[]}"
20061129,2006-11-29,-0.0011062170721844885,"{""type"":""MultiPoint"",""coordinates"":[]}"
20061130,2006-11-30,-0.0010886520006521522,"{""type"":""MultiPoint"",""coordinates"":[]}"
20061201,2006-12-01,-0.0010713429580145575,"{""type"":""MultiPoint"",""coordinates"":[]}"
20061202,2006-12-02,-0.001052940551829155,"{""type"":""MultiPoint"",""coordinates"":[]}"
20061203,2006-12-03,-0.0010208929320193552,"{""type"":""MultiPoint"",""coordinates"":[]}"
20061204,2006-12-04,-0.0010426453418131707,"{""type"":""MultiPoint"",""coordinates"":[]}"
20061205,2006-12-05,-0.0011147548708156127,"{""type"":""MultiPoint"",""coordinates"":[]}"
20061206,2006-12-06,-0.0010844309101204143,"{""type"":""MultiPoint"",""coordinates"":[]}"
20061207,2006-12-07,-0.001048520564191713,"{""type"":""MultiPoint"",""coordinates"":[]}"
20061208,2006-12-08,-0.001018594010299168,"{""type"":""MultiPoint"",""coordinates"":[]}"
20061209,2006-12-09,-9.939385023431792E-4,"{""type"":""MultiPoint"",""coordinates"":[]}"
20061210,2006-12-10,-9.13030437115853E-4,"{""type"":""MultiPoint"",""coordinates"":[]}"
20061211,2006-12-11,-9.210816505069173E-4,"{""type"":""MultiPoint"",""coordinates"":[]}"
20061212,2006-12-12,-9.16636181694833E-4,"{""type"":""MultiPoint"",""coordinates"":[]}"
20061213,2006-12-13,-9.239480276107476E-4,"{""type"":""MultiPoint"",""coordinates"":[]}"
20061214,2006-12-14,-9.364893909615155E-4,"{""type"":""MultiPoint"",""coordinates"":[]}"
20061215,2006-12-15,-9.152206795967417E-4,"{""type"":""MultiPoint"",""coordinates"":[]}"
20061216,2006-12-16,-9.318705107848257E-4,"{""type"":""MultiPoint"",""coordinates"":[]}"
20061217,2006-12-17,-8.918471907000913E-4,"{""type"":""MultiPoint"",""coordinates"":[]}"
20061218,2006-12-18,-8.414565233003474E-4,"{""type"":""MultiPoint"",""coordinates"":[]}"
20061219,2006-12-19,-8.363710393036959E-4,"{""type"":""MultiPoint"",""coordinates"":[]}"
20061220,2006-12-20,-8.20602812814932E-4,"{""type"":""MultiPoint"",""coordinates"":[]}"
20061221,2006-12-21,-8.104806552692776E-4,"{""type"":""MultiPoint"",""coordinates"":[]}"
20061222,2006-12-22,-8.095899071786156E-4,"{""type"":""MultiPoint"",""coordinates"":[]}"
20061223,2006-12-23,-7.808817370491347E-4,"{""type"":""MultiPoint"",""coordinates"":[]}"
20061224,2006-12-24,-7.660422722257395E-4,"{""type"":""MultiPoint"",""coordinates"":[]}"
20061225,2006-12-25,-7.660357127800842E-4,"{""type"":""MultiPoint"",""coordinates"":[]}"
20061226,2006-12-26,-7.887130751095301E-4,"{""type"":""MultiPoint"",""coordinates"":[]}"
20061227,2006-12-27,-7.83527084266709E-4,"{""type"":""MultiPoint"",""coordinates"":[]}"
20061228,2006-12-28,-7.85386179358129E-4,"{""type"":""MultiPoint"",""coordinates"":[]}"
20061229,2006-12-29,-7.866871257163104E-4,"{""type"":""MultiPoint"",""coordinates"":[]}"
20061230,2006-12-30,-7.850647541901561E-4,"{""type"":""MultiPoint"",""coordinates"":[]}"
20061231,2006-12-31,-7.588306033782285E-4,"{""type"":""MultiPoint"",""coordinates"":[]}"
20070101,2007-01-01,-7.450362543323114E-4,"{""type"":""MultiPoint"",""coordinates"":[]}"
20070102,2007-01-02,-7.561794015956766E-4,"{""type"":""MultiPoint"",""coordinates"":[]}"
20070103,2007-01-03,-7.679862679504877E-4,"{""type"":""MultiPoint"",""coordinates"":[]}"
20070104,2007-01-04,-7.70485233763057E-4,"{""type"":""MultiPoint"",""coordinates"":[]}"
20070105,2007-01-05,-7.650951791196515E-4,"{""type"":""MultiPoint"",""coordinates"":[]}"
20070106,2007-01-06,-7.392976729074661E-4,"{""type"":""MultiPoint"",""coordinates"":[]}"
20070107,2007-01-07,-7.207109528482121E-4,"{""type"":""MultiPoint"",""coordinates"":[]}"
20070108,2007-01-08,-6.988244792065967E-4,"{""type"":""MultiPoint"",""coordinates"":[]}"
20070109,2007-01-09,-6.967957677291119E-4,"{""type"":""MultiPoint"",""coordinates"":[]}"
20070110,2007-01-10,-6.930688977412933E-4,"{""type"":""MultiPoint"",""coordinates"":[]}"
20070111,2007-01-11,-6.893703006137803E-4,"{""type"":""MultiPoint"",""coordinates"":[]}"
20070112,2007-01-12,-6.943415080477273E-4,"{""type"":""MultiPoint"",""coordinates"":[]}"
20070113,2007-01-13,-7.003973000060285E-4,"{""type"":""MultiPoint"",""coordinates"":[]}"
20070114,2007-01-14,-6.949324260577659E-4,"{""type"":""MultiPoint"",""coordinates"":[]}"
20070115,2007-01-15,-6.922447468219435E-4,"{""type"":""MultiPoint"",""coordinates"":[]}"
20070116,2007-01-16,-7.035047735086285E-4,"{""type"":""MultiPoint"",""coordinates"":[]}"
20070117,2007-01-17,-6.891600557151029E-4,"{""type"":""MultiPoint"",""coordinates"":[]}"
20070118,2007-01-18,-6.968032181685436E-4,"{""type"":""MultiPoint"",""coordinates"":[]}"
20070119,2007-01-19,-7.072623653742292E-4,"{""type"":""MultiPoint"",""coordinates"":[]}"
20070120,2007-01-20,-6.886613823848656E-4,"{""type"":""MultiPoint"",""coordinates"":[]}"
20070121,2007-01-21,-6.941101588701792E-4,"{""type"":""MultiPoint"",""coordinates"":[]}"
20070122,2007-01-22,-7.057241145022891E-4,"{""type"":""MultiPoint"",""coordinates"":[]}"
20070123,2007-01-23,-7.192893362163195E-4,"{""type"":""MultiPoint"",""coordinates"":[]}"
20070124,2007-01-24,-7.159400921568823E-4,"{""type"":""MultiPoint"",""coordinates"":[]}"
20070125,2007-01-25,-7.020935589871695E-4,"{""type"":""MultiPoint"",""coordinates"":[]}"
20070126,2007-01-26,-7.105773318373862E-4,"{""type"":""MultiPoint"",""coordinates"":[]}"
20070127,2007-01-27,-7.116147278544198E-4,"{""type"":""MultiPoint"",""coordinates"":[]}"
20070128,2007-01-28,-7.288673446101626E-4,"{""type"":""MultiPoint"",""coordinates"":[]}"
20070129,2007-01-29,-7.338604073288409E-4,"{""type"":""MultiPoint"",""coordinates"":[]}"
20070130,2007-01-30,-7.592420927194214E-4,"{""type"":""MultiPoint"",""coordinates"":[]}"
20070131,2007-01-31,-7.765190347321614E-4,"{""type"":""MultiPoint"",""coordinates"":[]}"
20070201,2007-02-01,-8.082304393319341E-4,"{""type"":""MultiPoint"",""coordinates"":[]}"
20070202,2007-02-02,-7.817077142415215E-4,"{""type"":""MultiPoint"",""coordinates"":[]}"
20070203,2007-02-03,-7.364540806800219E-4,"{""type"":""MultiPoint"",""coordinates"":[]}"
20070204,2007-02-04,-7.477601974966599E-4,"{""type"":""MultiPoint"",""coordinates"":[]}"
20070205,2007-02-05,-7.792899373477015E-4,"{""type"":""MultiPoint"",""coordinates"":[]}"
20070206,2007-02-06,-8.087540096653019E-4,"{""type"":""MultiPoint"",""coordinates"":[]}"
20070207,2007-02-07,-8.15300404392068E-4,"{""type"":""MultiPoint"",""coordinates"":[]}"
20070208,2007-02-08,-7.936641526008869E-4,"{""type"":""MultiPoint"",""coordinates"":[]}"
20070209,2007-02-09,-8.378769205718337E-4,"{""type"":""MultiPoint"",""coordinates"":[]}"
20070210,2007-02-10,-0.0010142982950481748,"{""type"":""MultiPoint"",""coordinates"":[]}"
20070211,2007-02-11,-0.001056122377386216,"{""type"":""MultiPoint"",""coordinates"":[]}"
20070212,2007-02-12,-0.001008839968590822,"{""type"":""MultiPoint"",""coordinates"":[]}"
20070213,2007-02-13,-0.0010490791827893367,"{""type"":""MultiPoint"",""coordinates"":[]}"
20070214,2007-02-14,-0.0010814610714508066,"{""type"":""MultiPoint"",""coordinates"":[]}"
20070215,2007-02-15,-0.001171652909245256,"{""type"":""MultiPoint"",""coordinates"":[]}"
20070216,2007-02-16,-0.0011684336431149291,"{""type"":""MultiPoint"",""coordinates"":[]}"
20070217,2007-02-17,-0.0011598481429044383,"{""type"":""MultiPoint"",""coordinates"":[]}"
20070218,2007-02-18,-0.0011544069395440985,"{""type"":""MultiPoint"",""coordinates"":[]}"
20070219,2007-02-19,-0.001230528888439837,"{""type"":""MultiPoint"",""coordinates"":[]}"
20070220,2007-02-20,-0.0012214134236013814,"{""type"":""MultiPoint"",""coordinates"":[]}"
20070221,2007-02-21,-0.0012151471790928015,"{""type"":""MultiPoint"",""coordinates"":[]}"
20070222,2007-02-22,-0.0012408740838643032,"{""type"":""MultiPoint"",""coordinates"":[]}"
20070223,2007-02-23,-0.0012195260126786002,"{""type"":""MultiPoint"",""coordinates"":[]}"
20070224,2007-02-24,-0.0011821536971116239,"{""type"":""MultiPoint"",""coordinates"":[]}"
20070225,2007-02-25,-0.0011214656175143162,"{""type"":""MultiPoint"",""coordinates"":[]}"
20070226,2007-02-26,-0.0011246275295218858,"{""type"":""MultiPoint"",""coordinates"":[]}"
20070227,2007-02-27,-0.0011467176968932874,"{""type"":""MultiPoint"",""coordinates"":[]}"
20070228,2007-02-28,-0.0011826288914849625,"{""type"":""MultiPoint"",""coordinates"":[]}"
20070301,2007-03-01,-0.0011523733193309956,"{""type"":""MultiPoint"",""coordinates"":[]}"
20070302,2007-03-02,-0.001132123643040204,"{""type"":""MultiPoint"",""coordinates"":[]}"
20070303,2007-03-03,-0.0012282423222161056,"{""type"":""MultiPoint"",""coordinates"":[]}"
20070304,2007-03-04,-0.0012600802999034378,"{""type"":""MultiPoint"",""coordinates"":[]}"
20070305,2007-03-05,-0.0012592153663532554,"{""type"":""MultiPoint"",""coordinates"":[]}"
20070306,2007-03-06,-0.0012375926294340193,"{""type"":""MultiPoint"",""coordinates"":[]}"
20070307,2007-03-07,-0.0012174199166695772,"{""type"":""MultiPoint"",""coordinates"":[]}"
20070308,2007-03-08,-0.0011852088334374333,"{""type"":""MultiPoint"",""coordinates"":[]}"
20070309,2007-03-09,-0.001112411807861488,"{""type"":""MultiPoint"",""coordinates"":[]}"
20070310,2007-03-10,-0.0011203334602237728,"{""type"":""MultiPoint"",""coordinates"":[]}"
20070311,2007-03-11,-0.0011319593436491368,"{""type"":""MultiPoint"",""coordinates"":[]}"
20070312,2007-03-12,-0.0011828041628764926,"{""type"":""MultiPoint"",""coordinates"":[]}"
20070313,2007-03-13,-0.0012394774984530706,"{""type"":""MultiPoint"",""coordinates"":[]}"
20070314,2007-03-14,-0.001269766709754186,"{""type"":""MultiPoint"",""coordinates"":[]}"
20070315,2007-03-15,-0.001320374436438172,"{""type"":""MultiPoint"",""coordinates"":[]}"
20070316,2007-03-16,-0.0013024191596455296,"{""type"":""MultiPoint"",""coordinates"":[]}"
20070317,2007-03-17,-0.0012978274847809544,"{""type"":""MultiPoint"",""coordinates"":[]}"
20070318,2007-03-18,-0.001247338377242553,"{""type"":""MultiPoint"",""coordinates"":[]}"
20070319,2007-03-19,-0.0012383769879166593,"{""type"":""MultiPoint"",""coordinates"":[]}"
20070320,2007-03-20,-0.0013052262477841916,"{""type"":""MultiPoint"",""coordinates"":[]}"
20070321,2007-03-21,-0.0012500338983287248,"{""type"":""MultiPoint"",""coordinates"":[]}"
20070322,2007-03-22,-0.0012510532766527654,"{""type"":""MultiPoint"",""coordinates"":[]}"
20070323,2007-03-23,-0.0012817027754846622,"{""type"":""MultiPoint"",""coordinates"":[]}"
20070324,2007-03-24,-0.0012443830179467309,"{""type"":""MultiPoint"",""coordinates"":[]}"
20070325,2007-03-25,-0.001275381748566731,"{""type"":""MultiPoint"",""coordinates"":[]}"
20070326,2007-03-26,-0.0012570837470460196,"{""type"":""MultiPoint"",""coordinates"":[]}"
20070327,2007-03-27,-0.0012769604572121186,"{""type"":""MultiPoint"",""coordinates"":[]}"
20070328,2007-03-28,-0.0012957950574411367,"{""type"":""MultiPoint"",""coordinates"":[]}"
20070329,2007-03-29,-0.0012737887183203408,"{""type"":""MultiPoint"",""coordinates"":[]}"
20070330,2007-03-30,-0.0012534890734263225,"{""type"":""MultiPoint"",""coordinates"":[]}"
20070331,2007-03-31,-0.0012280927780747779,"{""type"":""MultiPoint"",""coordinates"":[]}"
20070401,2007-04-01,-0.001232302964891618,"{""type"":""MultiPoint"",""coordinates"":[]}"
20070402,2007-04-02,-0.001200675305327531,"{""type"":""MultiPoint"",""coordinates"":[]}"
20070403,2007-04-03,-0.0011862579764390477,"{""type"":""MultiPoint"",""coordinates"":[]}"
20070404,2007-04-04,-0.001150633029073531,"{""type"":""MultiPoint"",""coordinates"":[]}"
20070405,2007-04-05,-0.0011656480168607953,"{""type"":""MultiPoint"",""coordinates"":[]}"
20070406,2007-04-06,-0.00115930953372713,"{""type"":""MultiPoint"",""coordinates"":[]}"
20070407,2007-04-07,-0.001164093121222647,"{""type"":""MultiPoint"",""coordinates"":[]}"
20070408,2007-04-08,-0.0011656588033688677,"{""type"":""MultiPoint"",""coordinates"":[]}"
20070409,2007-04-09,-0.0012000816068993083,"{""type"":""MultiPoint"",""coordinates"":[]}"
20070410,2007-04-10,-0.001224943088912166,"{""type"":""MultiPoint"",""coordinates"":[]}"
20070411,2007-04-11,-0.0012126687178755648,"{""type"":""MultiPoint"",""coordinates"":[]}"
20070412,2007-04-12,-0.0012437125824891198,"{""type"":""MultiPoint"",""coordinates"":[]}"
20070413,2007-04-13,-0.001325965837224915,"{""type"":""MultiPoint"",""coordinates"":[]}"
20070414,2007-04-14,-0.0013644143641749137,"{""type"":""MultiPoint"",""coordinates"":[]}"
20070415,2007-04-15,-0.0014189977440422507,"{""type"":""MultiPoint"",""coordinates"":[]}"
20070416,2007-04-16,-0.001411892571399756,"{""type"":""MultiPoint"",""coordinates"":[]}"
20070417,2007-04-17,-0.0014206157863628662,"{""type"":""MultiPoint"",""coordinates"":[]}"
20070418,2007-04-18,-0.001500957258383233,"{""type"":""MultiPoint"",""coordinates"":[]}"
20070419,2007-04-19,-0.0015658665398637843,"{""type"":""MultiPoint"",""coordinates"":[]}"
20070420,2007-04-20,-0.0016009717613498927,"{""type"":""MultiPoint"",""coordinates"":[]}"
20070421,2007-04-21,-0.0015710392683960842,"{""type"":""MultiPoint"",""coordinates"":[]}"
20070422,2007-04-22,-0.0015348656085382663,"{""type"":""MultiPoint"",""coordinates"":[]}"
20070423,2007-04-23,-0.0015682688770463848,"{""type"":""MultiPoint"",""coordinates"":[]}"
20070424,2007-04-24,-0.0014657615308904027,"{""type"":""MultiPoint"",""coordinates"":[]}"
20070425,2007-04-25,-0.0014191892224252535,"{""type"":""MultiPoint"",""coordinates"":[]}"
20070426,2007-04-26,-0.001388387416759409,"{""type"":""MultiPoint"",""coordinates"":[]}"
20070427,2007-04-27,-0.001387018259588169,"{""type"":""MultiPoint"",""coordinates"":[]}"
20070428,2007-04-28,-0.0014525759256935312,"{""type"":""MultiPoint"",""coordinates"":[]}"
20070429,2007-04-29,-0.0014477898310725863,"{""type"":""MultiPoint"",""coordinates"":[]}"
20070430,2007-04-30,-0.0015198456567245304,"{""type"":""MultiPoint"",""coordinates"":[]}"
20070501,2007-05-01,-0.0015795594347831857,"{""type"":""MultiPoint"",""coordinates"":[]}"
20070502,2007-05-02,-0.0015694567047265446,"{""type"":""MultiPoint"",""coordinates"":[]}"
20070503,2007-05-03,-0.0016166885671359589,"{""type"":""MultiPoint"",""coordinates"":[]}"
20070504,2007-05-04,-0.001651098960726578,"{""type"":""MultiPoint"",""coordinates"":[]}"
20070505,2007-05-05,-0.0017238344997771743,"{""type"":""MultiPoint"",""coordinates"":[]}"
20070506,2007-05-06,-0.0017263276156829165,"{""type"":""MultiPoint"",""coordinates"":[]}"
20070507,2007-05-07,-0.0017080215185037878,"{""type"":""MultiPoint"",""coordinates"":[]}"
20070508,2007-05-08,-0.001751031401840846,"{""type"":""MultiPoint"",""coordinates"":[]}"
20070509,2007-05-09,-0.001747141184342071,"{""type"":""MultiPoint"",""coordinates"":[]}"
20070510,2007-05-10,-0.0017370005305560468,"{""type"":""MultiPoint"",""coordinates"":[]}"
20070511,2007-05-11,-0.001687290341590946,"{""type"":""MultiPoint"",""coordinates"":[]}"
20070512,2007-05-12,-0.0015941682628220807,"{""type"":""MultiPoint"",""coordinates"":[]}"
20070513,2007-05-13,-0.0016297042144083338,"{""type"":""MultiPoint"",""coordinates"":[]}"
20070514,2007-05-14,-0.0015979598526754523,"{""type"":""MultiPoint"",""coordinates"":[]}"
20070515,2007-05-15,-0.0015302323526932581,"{""type"":""MultiPoint"",""coordinates"":[]}"
20070516,2007-05-16,-0.0016137546556065313,"{""type"":""MultiPoint"",""coordinates"":[]}"
20070517,2007-05-17,-0.0017367307346977767,"{""type"":""MultiPoint"",""coordinates"":[]}"
20070518,2007-05-18,-0.001674974460758064,"{""type"":""MultiPoint"",""coordinates"":[]}"
20070519,2007-05-19,-0.0017263369332501262,"{""type"":""MultiPoint"",""coordinates"":[]}"
20070520,2007-05-20,-0.0017141908232873166,"{""type"":""MultiPoint"",""coordinates"":[]}"
20070521,2007-05-21,-0.0017369141687784647,"{""type"":""MultiPoint"",""coordinates"":[]}"
20070522,2007-05-22,-0.0017057470080900719,"{""type"":""MultiPoint"",""coordinates"":[]}"
20070523,2007-05-23,-0.0017477097234140163,"{""type"":""MultiPoint"",""coordinates"":[]}"
20070524,2007-05-24,-0.0017330872261608259,"{""type"":""MultiPoint"",""coordinates"":[]}"
20070525,2007-05-25,-0.0016863162790959503,"{""type"":""MultiPoint"",""coordinates"":[]}"
20070526,2007-05-26,-0.0016929385415580913,"{""type"":""MultiPoint"",""coordinates"":[]}"
20070527,2007-05-27,-0.0016837366018325247,"{""type"":""MultiPoint"",""coordinates"":[]}"
20070528,2007-05-28,-0.0017824526853548422,"{""type"":""MultiPoint"",""coordinates"":[]}"
20070529,2007-05-29,-0.0018521446587546364,"{""type"":""MultiPoint"",""coordinates"":[]}"
20070530,2007-05-30,-0.0018540895823513054,"{""type"":""MultiPoint"",""coordinates"":[]}"
20070531,2007-05-31,-0.0019005557737657392,"{""type"":""MultiPoint"",""coordinates"":[]}"
20070601,2007-06-01,-0.0018715503173731792,"{""type"":""MultiPoint"",""coordinates"":[]}"
20070602,2007-06-02,-0.0018340616462471661,"{""type"":""MultiPoint"",""coordinates"":[]}"
20070603,2007-06-03,-0.0018588678750033555,"{""type"":""MultiPoint"",""coordinates"":[]}"
20070604,2007-06-04,-0.0019375963824148947,"{""type"":""MultiPoint"",""coordinates"":[]}"
20070605,2007-06-05,-0.001961460335051919,"{""type"":""MultiPoint"",""coordinates"":[]}"
20070606,2007-06-06,-0.0019968718883945995,"{""type"":""MultiPoint"",""coordinates"":[]}"
20070607,2007-06-07,-0.0018721763643240006,"{""type"":""MultiPoint"",""coordinates"":[]}"
20070608,2007-06-08,-0.001908659305922055,"{""type"":""MultiPoint"",""coordinates"":[]}"
20070609,2007-06-09,-0.0018464982287453818,"{""type"":""MultiPoint"",""coordinates"":[]}"
20070610,2007-06-10,-0.00184255233849,"{""type"":""MultiPoint"",""coordinates"":[]}"
20070611,2007-06-11,-0.0018902254620444235,"{""type"":""MultiPoint"",""coordinates"":[]}"
20070612,2007-06-12,-0.00200612111239162,"{""type"":""MultiPoint"",""coordinates"":[]}"
20070613,2007-06-13,-0.002080992783150081,"{""type"":""MultiPoint"",""coordinates"":[]}"
20070614,2007-06-14,-0.0020824297410739585,"{""type"":""MultiPoint"",""coordinates"":[]}"
20070615,2007-06-15,-0.002012982956103155,"{""type"":""MultiPoint"",""coordinates"":[]}"
20070616,2007-06-16,-0.00222474318293346,"{""type"":""MultiPoint"",""coordinates"":[]}"
20070617,2007-06-17,-0.0023348385304504805,"{""type"":""MultiPoint"",""coordinates"":[]}"
20070618,2007-06-18,-0.0023550148733334658,"{""type"":""MultiPoint"",""coordinates"":[]}"
20070619,2007-06-19,-0.002420340951321729,"{""type"":""MultiPoint"",""coordinates"":[]}"
20070620,2007-06-20,-0.002566407384328005,"{""type"":""MultiPoint"",""coordinates"":[]}"
20070621,2007-06-21,-0.0026888606295745097,"{""type"":""MultiPoint"",""coordinates"":[]}"
20070622,2007-06-22,-0.0026364773315000417,"{""type"":""MultiPoint"",""coordinates"":[]}"
20070623,2007-06-23,-0.002569519359089373,"{""type"":""MultiPoint"",""coordinates"":[]}"
20070624,2007-06-24,-0.0025578666351564337,"{""type"":""MultiPoint"",""coordinates"":[]}"
20070625,2007-06-25,-0.002712630914317939,"{""type"":""MultiPoint"",""coordinates"":[]}"
20070626,2007-06-26,-0.002834050458644485,"{""type"":""MultiPoint"",""coordinates"":[]}"
20070627,2007-06-27,-0.0027999440047371264,"{""type"":""MultiPoint"",""coordinates"":[]}"
20070628,2007-06-28,-0.002657056473421261,"{""type"":""MultiPoint"",""coordinates"":[]}"
20070629,2007-06-29,-0.0027387727281428563,"{""type"":""MultiPoint"",""coordinates"":[]}"
20070630,2007-06-30,-0.002726885581203918,"{""type"":""MultiPoint"",""coordinates"":[]}"
20070701,2007-07-01,-0.00287475838946886,"{""type"":""MultiPoint"",""coordinates"":[]}"
20070702,2007-07-02,-0.002853911863704562,"{""type"":""MultiPoint"",""coordinates"":[]}"
20070703,2007-07-03,-0.002860947786771985,"{""type"":""MultiPoint"",""coordinates"":[]}"
20070704,2007-07-04,-0.002881352061985766,"{""type"":""MultiPoint"",""coordinates"":[]}"
20070705,2007-07-05,-0.0029673310498221383,"{""type"":""MultiPoint"",""coordinates"":[]}"
20070706,2007-07-06,-0.0029089202404803892,"{""type"":""MultiPoint"",""coordinates"":[]}"
20070707,2007-07-07,-0.002877875115313204,"{""type"":""MultiPoint"",""coordinates"":[]}"
20070708,2007-07-08,-0.0027758711911406997,"{""type"":""MultiPoint"",""coordinates"":[]}"
20070709,2007-07-09,-0.0030263576937105442,"{""type"":""MultiPoint"",""coordinates"":[]}"
20070710,2007-07-10,-0.0029975760907037913,"{""type"":""MultiPoint"",""coordinates"":[]}"
20070711,2007-07-11,-0.003014864058317675,"{""type"":""MultiPoint"",""coordinates"":[]}"
20070712,2007-07-12,-0.003047043937438077,"{""type"":""MultiPoint"",""coordinates"":[]}"
20070713,2007-07-13,-0.002923563152652772,"{""type"":""MultiPoint"",""coordinates"":[]}"
20070714,2007-07-14,-0.0027569119156410204,"{""type"":""MultiPoint"",""coordinates"":[]}"
20070715,2007-07-15,-0.002752564903718642,"{""type"":""MultiPoint"",""coordinates"":[]}"
20070716,2007-07-16,-0.002767803685202984,"{""type"":""MultiPoint"",""coordinates"":[]}"
20070717,2007-07-17,-0.00274835706505838,"{""type"":""MultiPoint"",""coordinates"":[]}"
20070718,2007-07-18,-0.0028505218288007624,"{""type"":""MultiPoint"",""coordinates"":[]}"
20070719,2007-07-19,-0.0028618724760934044,"{""type"":""MultiPoint"",""coordinates"":[]}"
20070720,2007-07-20,-0.00274292969569238,"{""type"":""MultiPoint"",""coordinates"":[]}"
20070721,2007-07-21,-0.0025591673280997455,"{""type"":""MultiPoint"",""coordinates"":[]}"
20070722,2007-07-22,-0.0024990484755752582,"{""type"":""MultiPoint"",""coordinates"":[]}"
20070723,2007-07-23,-0.0025700657568040325,"{""type"":""MultiPoint"",""coordinates"":[]}"
20070724,2007-07-24,-0.0026231072323014606,"{""type"":""MultiPoint"",""coordinates"":[]}"
20070725,2007-07-25,-0.002637467615793018,"{""type"":""MultiPoint"",""coordinates"":[]}"
20070726,2007-07-26,-0.0025615472652470053,"{""type"":""MultiPoint"",""coordinates"":[]}"
20070727,2007-07-27,-0.0024984024902284306,"{""type"":""MultiPoint"",""coordinates"":[]}"
20070728,2007-07-28,-0.002513581617490319,"{""type"":""MultiPoint"",""coordinates"":[]}"
20070729,2007-07-29,-0.002591175712027501,"{""type"":""MultiPoint"",""coordinates"":[]}"
20070730,2007-07-30,-0.002595441573422146,"{""type"":""MultiPoint"",""coordinates"":[]}"
20070731,2007-07-31,-0.002764002883057588,"{""type"":""MultiPoint"",""coordinates"":[]}"
20070801,2007-08-01,-0.0026827055296562794,"{""type"":""MultiPoint"",""coordinates"":[]}"
20070802,2007-08-02,-0.0025559550785709496,"{""type"":""MultiPoint"",""coordinates"":[]}"
20070803,2007-08-03,-0.002659670723367454,"{""type"":""MultiPoint"",""coordinates"":[]}"
20070804,2007-08-04,-0.002787688926546601,"{""type"":""MultiPoint"",""coordinates"":[]}"
20070805,2007-08-05,-0.0028295869260804734,"{""type"":""MultiPoint"",""coordinates"":[]}"
20070806,2007-08-06,-0.002790555533667002,"{""type"":""MultiPoint"",""coordinates"":[]}"
20070807,2007-08-07,-0.002932614160587485,"{""type"":""MultiPoint"",""coordinates"":[]}"
20070808,2007-08-08,-0.002977712737495627,"{""type"":""MultiPoint"",""coordinates"":[]}"
20070809,2007-08-09,-0.003109912607042882,"{""type"":""MultiPoint"",""coordinates"":[]}"
20070810,2007-08-10,-0.0031831001010940198,"{""type"":""MultiPoint"",""coordinates"":[]}"
20070811,2007-08-11,-0.002986876323224837,"{""type"":""MultiPoint"",""coordinates"":[]}"
20070812,2007-08-12,-0.0027501985543773276,"{""type"":""MultiPoint"",""coordinates"":[]}"
20070813,2007-08-13,-0.0025896954320955936,"{""type"":""MultiPoint"",""coordinates"":[]}"
20070814,2007-08-14,-0.0025129207151652604,"{""type"":""MultiPoint"",""coordinates"":[]}"
20070815,2007-08-15,-0.0027235282343616067,"{""type"":""MultiPoint"",""coordinates"":[]}"
20070816,2007-08-16,-0.0027372636511266584,"{""type"":""MultiPoint"",""coordinates"":[]}"
20070817,2007-08-17,-0.002745451730912867,"{""type"":""MultiPoint"",""coordinates"":[]}"
20070818,2007-08-18,-0.0028058024252667637,"{""type"":""MultiPoint"",""coordinates"":[]}"
20070819,2007-08-19,-0.0026766199611661396,"{""type"":""MultiPoint"",""coordinates"":[]}"
20070820,2007-08-20,-0.0026750430866945016,"{""type"":""MultiPoint"",""coordinates"":[]}"
20070821,2007-08-21,-0.0027602661462113056,"{""type"":""MultiPoint"",""coordinates"":[]}"
20070822,2007-08-22,-0.002851537393398188,"{""type"":""MultiPoint"",""coordinates"":[]}"
20070823,2007-08-23,-0.002871021739492185,"{""type"":""MultiPoint"",""coordinates"":[]}"
20070824,2007-08-24,-0.002774622442108999,"{""type"":""MultiPoint"",""coordinates"":[]}"
20070825,2007-08-25,-0.0027734444060978527,"{""type"":""MultiPoint"",""coordinates"":[]}"
20070826,2007-08-26,-0.002708423334943107,"{""type"":""MultiPoint"",""coordinates"":[]}"
20070827,2007-08-27,-0.002645517877000317,"{""type"":""MultiPoint"",""coordinates"":[]}"
20070828,2007-08-28,-0.0025782673928755676,"{""type"":""MultiPoint"",""coordinates"":[]}"
20070829,2007-08-29,-0.002538219773294887,"{""type"":""MultiPoint"",""coordinates"":[]}"
20070830,2007-08-30,-0.0026386924080231437,"{""type"":""MultiPoint"",""coordinates"":[]}"
20070831,2007-08-31,-0.0026088723771287604,"{""type"":""MultiPoint"",""coordinates"":[]}"
20070901,2007-09-01,-0.002596532872630846,"{""type"":""MultiPoint"",""coordinates"":[]}"
20070902,2007-09-02,-0.0025147476420162643,"{""type"":""MultiPoint"",""coordinates"":[]}"
20070903,2007-09-03,-0.002532169599016442,"{""type"":""MultiPoint"",""coordinates"":[]}"
20070904,2007-09-04,-0.0025025145035528595,"{""type"":""MultiPoint"",""coordinates"":[]}"
20070905,2007-09-05,-0.002323196026693664,"{""type"":""MultiPoint"",""coordinates"":[]}"
20070906,2007-09-06,-0.0020719173096151746,"{""type"":""MultiPoint"",""coordinates"":[]}"
20070907,2007-09-07,-0.0022717611836269133,"{""type"":""MultiPoint"",""coordinates"":[]}"
20070908,2007-09-08,-0.002505865459759011,"{""type"":""MultiPoint"",""coordinates"":[]}"
20070909,2007-09-09,-0.002657748159816564,"{""type"":""MultiPoint"",""coordinates"":[]}"
20070910,2007-09-10,-0.0027081769011681233,"{""type"":""MultiPoint"",""coordinates"":[]}"
20070911,2007-09-11,-0.0027420823611485675,"{""type"":""MultiPoint"",""coordinates"":[]}"
20070912,2007-09-12,-0.0028037163033514394,"{""type"":""MultiPoint"",""coordinates"":[]}"
20070913,2007-09-13,-0.0027588455873270297,"{""type"":""MultiPoint"",""coordinates"":[]}"
20070914,2007-09-14,-0.0026982388945980726,"{""type"":""MultiPoint"",""coordinates"":[]}"
20070915,2007-09-15,-0.002609819966680787,"{""type"":""MultiPoint"",""coordinates"":[]}"
20070916,2007-09-16,-0.0026617638537268316,"{""type"":""MultiPoint"",""coordinates"":[]}"
20070917,2007-09-17,-0.0026035641861215483,"{""type"":""MultiPoint"",""coordinates"":[]}"
20070918,2007-09-18,-0.0025486819658214854,"{""type"":""MultiPoint"",""coordinates"":[]}"
20070919,2007-09-19,-0.0026171432175054123,"{""type"":""MultiPoint"",""coordinates"":[]}"
20070920,2007-09-20,-0.0025751800135596697,"{""type"":""MultiPoint"",""coordinates"":[]}"
20070921,2007-09-21,-0.0026138403434600053,"{""type"":""MultiPoint"",""coordinates"":[]}"
20070922,2007-09-22,-0.0026254339320568054,"{""type"":""MultiPoint"",""coordinates"":[]}"
20070923,2007-09-23,-0.002633068123921223,"{""type"":""MultiPoint"",""coordinates"":[]}"
20070924,2007-09-24,-0.002434797369166469,"{""type"":""MultiPoint"",""coordinates"":[]}"
20070925,2007-09-25,-0.0022780713268699595,"{""type"":""MultiPoint"",""coordinates"":[]}"
20070926,2007-09-26,-0.0023367642996402842,"{""type"":""MultiPoint"",""coordinates"":[]}"
20070927,2007-09-27,-0.002312754745459184,"{""type"":""MultiPoint"",""coordinates"":[]}"
20070928,2007-09-28,-0.002256070944717044,"{""type"":""MultiPoint"",""coordinates"":[]}"
20070929,2007-09-29,-0.0022076172715833737,"{""type"":""MultiPoint"",""coordinates"":[]}"
20070930,2007-09-30,-0.002358252031095874,"{""type"":""MultiPoint"",""coordinates"":[]}"
20071001,2007-10-01,-0.0024569785838463912,"{""type"":""MultiPoint"",""coordinates"":[]}"
20071002,2007-10-02,-0.0025686098402886346,"{""type"":""MultiPoint"",""coordinates"":[]}"
20071003,2007-10-03,-0.0025814614084866032,"{""type"":""MultiPoint"",""coordinates"":[]}"
20071004,2007-10-04,-0.00250641100538352,"{""type"":""MultiPoint"",""coordinates"":[]}"
20071005,2007-10-05,-0.0023603115542604547,"{""type"":""MultiPoint"",""coordinates"":[]}"
20071006,2007-10-06,-0.002325717926934135,"{""type"":""MultiPoint"",""coordinates"":[]}"
20071007,2007-10-07,-0.002346968224027249,"{""type"":""MultiPoint"",""coordinates"":[]}"
20071008,2007-10-08,-0.0022628759689934347,"{""type"":""MultiPoint"",""coordinates"":[]}"
20071009,2007-10-09,-0.0022632465372655025,"{""type"":""MultiPoint"",""coordinates"":[]}"
20071010,2007-10-10,-0.002261373049132039,"{""type"":""MultiPoint"",""coordinates"":[]}"
20071011,2007-10-11,-0.0022523610774977305,"{""type"":""MultiPoint"",""coordinates"":[]}"
20071012,2007-10-12,-0.0022828678856998998,"{""type"":""MultiPoint"",""coordinates"":[]}"
20071013,2007-10-13,-0.002264312617162961,"{""type"":""MultiPoint"",""coordinates"":[]}"
20071014,2007-10-14,-0.0021252314395834825,"{""type"":""MultiPoint"",""coordinates"":[]}"
20071015,2007-10-15,-0.0019999502002003597,"{""type"":""MultiPoint"",""coordinates"":[]}"
20071016,2007-10-16,-0.0018774831921928366,"{""type"":""MultiPoint"",""coordinates"":[]}"
20071017,2007-10-17,-0.0018845559425033492,"{""type"":""MultiPoint"",""coordinates"":[]}"
20071018,2007-10-18,-0.0018550424916992032,"{""type"":""MultiPoint"",""coordinates"":[]}"
20071019,2007-10-19,-0.0018917549057254736,"{""type"":""MultiPoint"",""coordinates"":[]}"
20071020,2007-10-20,-0.001872959989636227,"{""type"":""MultiPoint"",""coordinates"":[]}"
20071021,2007-10-21,-0.0018754945742598017,"{""type"":""MultiPoint"",""coordinates"":[]}"
20071022,2007-10-22,-0.0018386420237573912,"{""type"":""MultiPoint"",""coordinates"":[]}"
20071023,2007-10-23,-0.0018272928949455,"{""type"":""MultiPoint"",""coordinates"":[]}"
20071024,2007-10-24,-0.0018851581024697686,"{""type"":""MultiPoint"",""coordinates"":[]}"
20071025,2007-10-25,-0.0018961988179775644,"{""type"":""MultiPoint"",""coordinates"":[]}"
20071026,2007-10-26,-0.0018436444270193719,"{""type"":""MultiPoint"",""coordinates"":[]}"
20071027,2007-10-27,-0.0018030242978100222,"{""type"":""MultiPoint"",""coordinates"":[]}"
20071028,2007-10-28,-0.0016941636967370782,"{""type"":""MultiPoint"",""coordinates"":[]}"
20071029,2007-10-29,-0.0016338966242142633,"{""type"":""MultiPoint"",""coordinates"":[]}"
20071030,2007-10-30,-0.0016299224911077363,"{""type"":""MultiPoint"",""coordinates"":[]}"
20071031,2007-10-31,-0.001509474651771292,"{""type"":""MultiPoint"",""coordinates"":[]}"
20071101,2007-11-01,-0.0014760602084568854,"{""type"":""MultiPoint"",""coordinates"":[]}"
20071102,2007-11-02,-0.0014715078354395079,"{""type"":""MultiPoint"",""coordinates"":[]}"
20071103,2007-11-03,-0.0015416349730644067,"{""type"":""MultiPoint"",""coordinates"":[]}"
20071104,2007-11-04,-0.0015231369510638475,"{""type"":""MultiPoint"",""coordinates"":[]}"
20071105,2007-11-05,-0.0015302353684105599,"{""type"":""MultiPoint"",""coordinates"":[]}"
20071106,2007-11-06,-0.0015149754017817817,"{""type"":""MultiPoint"",""coordinates"":[]}"
20071107,2007-11-07,-0.0015331335600563042,"{""type"":""MultiPoint"",""coordinates"":[]}"
20071108,2007-11-08,-0.0015382960016231332,"{""type"":""MultiPoint"",""coordinates"":[]}"
20071109,2007-11-09,-0.0015129350402557004,"{""type"":""MultiPoint"",""coordinates"":[]}"
20071110,2007-11-10,-0.0015099335793326621,"{""type"":""MultiPoint"",""coordinates"":[]}"
20071111,2007-11-11,-0.0015104789340258892,"{""type"":""MultiPoint"",""coordinates"":[]}"
20071112,2007-11-12,-0.001498641559994492,"{""type"":""MultiPoint"",""coordinates"":[]}"
20071113,2007-11-13,-0.0014833020639568205,"{""type"":""MultiPoint"",""coordinates"":[]}"
20071114,2007-11-14,-0.0014085113451962805,"{""type"":""MultiPoint"",""coordinates"":[]}"
20071115,2007-11-15,-0.0013713571777802258,"{""type"":""MultiPoint"",""coordinates"":[]}"
20071116,2007-11-16,-0.0012972434154658063,"{""type"":""MultiPoint"",""coordinates"":[]}"
20071117,2007-11-17,-0.0013074965619719189,"{""type"":""MultiPoint"",""coordinates"":[]}"
20071118,2007-11-18,-0.001306347448108417,"{""type"":""MultiPoint"",""coordinates"":[]}"
20071119,2007-11-19,-0.001220550704854633,"{""type"":""MultiPoint"",""coordinates"":[]}"
20071120,2007-11-20,-0.0012175647256384328,"{""type"":""MultiPoint"",""coordinates"":[]}"
20071121,2007-11-21,-0.0012445374398850483,"{""type"":""MultiPoint"",""coordinates"":[]}"
20071122,2007-11-22,-0.0012253779010937232,"{""type"":""MultiPoint"",""coordinates"":[]}"
20071123,2007-11-23,-0.001208990572732645,"{""type"":""MultiPoint"",""coordinates"":[]}"
20071124,2007-11-24,-0.0012093777150139532,"{""type"":""MultiPoint"",""coordinates"":[]}"
20071125,2007-11-25,-0.0012238239560380935,"{""type"":""MultiPoint"",""coordinates"":[]}"
20071126,2007-11-26,-0.0011693654009676151,"{""type"":""MultiPoint"",""coordinates"":[]}"
20071127,2007-11-27,-0.001112634212508632,"{""type"":""MultiPoint"",""coordinates"":[]}"
20071128,2007-11-28,-0.001066584376658297,"{""type"":""MultiPoint"",""coordinates"":[]}"
20071129,2007-11-29,-0.0010530034689508086,"{""type"":""MultiPoint"",""coordinates"":[]}"
20071130,2007-11-30,-0.001057068497437821,"{""type"":""MultiPoint"",""coordinates"":[]}"
20071201,2007-12-01,-9.954856762096616E-4,"{""type"":""MultiPoint"",""coordinates"":[]}"
20071202,2007-12-02,-9.8152544784358E-4,"{""type"":""MultiPoint"",""coordinates"":[]}"
20071203,2007-12-03,-9.58095892464033E-4,"{""type"":""MultiPoint"",""coordinates"":[]}"
20071204,2007-12-04,-9.92879864995623E-4,"{""type"":""MultiPoint"",""coordinates"":[]}"
20071205,2007-12-05,-9.690154896733734E-4,"{""type"":""MultiPoint"",""coordinates"":[]}"
20071206,2007-12-06,-9.600572343287211E-4,"{""type"":""MultiPoint"",""coordinates"":[]}"
20071207,2007-12-07,-9.270378687790459E-4,"{""type"":""MultiPoint"",""coordinates"":[]}"
20071208,2007-12-08,-9.39168555979943E-4,"{""type"":""MultiPoint"",""coordinates"":[]}"
20071209,2007-12-09,-8.968974158639183E-4,"{""type"":""MultiPoint"",""coordinates"":[]}"
20071210,2007-12-10,-9.376941916357208E-4,"{""type"":""MultiPoint"",""coordinates"":[]}"
20071211,2007-12-11,-9.585884904935609E-4,"{""type"":""MultiPoint"",""coordinates"":[]}"
20071212,2007-12-12,-9.380991509822117E-4,"{""type"":""MultiPoint"",""coordinates"":[]}"
20071213,2007-12-13,-8.897678208277853E-4,"{""type"":""MultiPoint"",""coordinates"":[]}"
20071214,2007-12-14,-8.782158656075509E-4,"{""type"":""MultiPoint"",""coordinates"":[]}"
20071215,2007-12-15,-8.166365968188845E-4,"{""type"":""MultiPoint"",""coordinates"":[]}"
20071216,2007-12-16,-8.865655662683059E-4,"{""type"":""MultiPoint"",""coordinates"":[]}"
20071217,2007-12-17,-8.633683610905224E-4,"{""type"":""MultiPoint"",""coordinates"":[]}"
20071218,2007-12-18,-8.171639015206448E-4,"{""type"":""MultiPoint"",""coordinates"":[]}"
20071219,2007-12-19,-8.148463716253622E-4,"{""type"":""MultiPoint"",""coordinates"":[]}"
20071220,2007-12-20,-8.516631307052716E-4,"{""type"":""MultiPoint"",""coordinates"":[]}"
20071221,2007-12-21,-9.127930306792907E-4,"{""type"":""MultiPoint"",""coordinates"":[]}"
20071222,2007-12-22,-9.241994797611719E-4,"{""type"":""MultiPoint"",""coordinates"":[]}"
20071223,2007-12-23,-9.267798014610592E-4,"{""type"":""MultiPoint"",""coordinates"":[]}"
20071224,2007-12-24,-9.339328151089403E-4,"{""type"":""MultiPoint"",""coordinates"":[]}"
20071225,2007-12-25,-9.02591799177354E-4,"{""type"":""MultiPoint"",""coordinates"":[]}"
20071226,2007-12-26,-8.817166659485028E-4,"{""type"":""MultiPoint"",""coordinates"":[]}"
20071227,2007-12-27,-8.565323988406988E-4,"{""type"":""MultiPoint"",""coordinates"":[]}"
20071228,2007-12-28,-8.447097385448713E-4,"{""type"":""MultiPoint"",""coordinates"":[]}"
20071229,2007-12-29,-8.457008251898561E-4,"{""type"":""MultiPoint"",""coordinates"":[]}"
20071230,2007-12-30,-8.255796764049909E-4,"{""type"":""MultiPoint"",""coordinates"":[]}"
20071231,2007-12-31,-8.158688769724865E-4,"{""type"":""MultiPoint"",""coordinates"":[]}"
20080101,2008-01-01,-8.196269399921326E-4,"{""type"":""MultiPoint"",""coordinates"":[]}"
20080102,2008-01-02,-7.952243223392462E-4,"{""type"":""MultiPoint"",""coordinates"":[]}"
20080103,2008-01-03,-7.806439491293202E-4,"{""type"":""MultiPoint"",""coordinates"":[]}"
20080104,2008-01-04,-7.607366413759154E-4,"{""type"":""MultiPoint"",""coordinates"":[]}"
20080105,2008-01-05,-7.631241989460433E-4,"{""type"":""MultiPoint"",""coordinates"":[]}"
20080106,2008-01-06,-7.911756406478703E-4,"{""type"":""MultiPoint"",""coordinates"":[]}"
20080107,2008-01-07,-8.027299787174376E-4,"{""type"":""MultiPoint"",""coordinates"":[]}"
20080108,2008-01-08,-8.139753577462925E-4,"{""type"":""MultiPoint"",""coordinates"":[]}"
20080109,2008-01-09,-8.318502176656443E-4,"{""type"":""MultiPoint"",""coordinates"":[]}"
20080110,2008-01-10,-8.53545183606789E-4,"{""type"":""MultiPoint"",""coordinates"":[]}"
20080111,2008-01-11,-8.286256278767268E-4,"{""type"":""MultiPoint"",""coordinates"":[]}"
20080112,2008-01-12,-7.951787991212649E-4,"{""type"":""MultiPoint"",""coordinates"":[]}"
20080113,2008-01-13,-8.097359093218318E-4,"{""type"":""MultiPoint"",""coordinates"":[]}"
20080114,2008-01-14,-8.042148374959589E-4,"{""type"":""MultiPoint"",""coordinates"":[]}"
20080115,2008-01-15,-7.955739201336664E-4,"{""type"":""MultiPoint"",""coordinates"":[]}"
20080116,2008-01-16,-7.795870902611385E-4,"{""type"":""MultiPoint"",""coordinates"":[]}"
20080117,2008-01-17,-7.928615996342932E-4,"{""type"":""MultiPoint"",""coordinates"":[]}"
20080118,2008-01-18,-8.043925728719331E-4,"{""type"":""MultiPoint"",""coordinates"":[]}"
20080119,2008-01-19,-8.074778460262911E-4,"{""type"":""MultiPoint"",""coordinates"":[]}"
20080120,2008-01-20,-7.859749949429316E-4,"{""type"":""MultiPoint"",""coordinates"":[]}"
20080121,2008-01-21,-7.518075586343387E-4,"{""type"":""MultiPoint"",""coordinates"":[]}"
20080122,2008-01-22,-7.514385350973756E-4,"{""type"":""MultiPoint"",""coordinates"":[]}"
20080123,2008-01-23,-7.585809712147715E-4,"{""type"":""MultiPoint"",""coordinates"":[]}"
20080124,2008-01-24,-7.288997160133475E-4,"{""type"":""MultiPoint"",""coordinates"":[]}"
20080125,2008-01-25,-7.246563180424499E-4,"{""type"":""MultiPoint"",""coordinates"":[]}"
20080126,2008-01-26,-7.451745950094939E-4,"{""type"":""MultiPoint"",""coordinates"":[]}"
20080127,2008-01-27,-8.072924177304646E-4,"{""type"":""MultiPoint"",""coordinates"":[]}"
20080128,2008-01-28,-8.866783022529993E-4,"{""type"":""MultiPoint"",""coordinates"":[]}"
20080129,2008-01-29,-8.649838932909368E-4,"{""type"":""MultiPoint"",""coordinates"":[]}"
20080130,2008-01-30,-8.264714314352935E-4,"{""type"":""MultiPoint"",""coordinates"":[]}"
20080131,2008-01-31,-8.023398943089998E-4,"{""type"":""MultiPoint"",""coordinates"":[]}"
20080201,2008-02-01,-8.616040049716804E-4,"{""type"":""MultiPoint"",""coordinates"":[]}"
20080202,2008-02-02,-9.095032561640948E-4,"{""type"":""MultiPoint"",""coordinates"":[]}"
20080203,2008-02-03,-9.115414313051655E-4,"{""type"":""MultiPoint"",""coordinates"":[]}"
20080204,2008-02-04,-8.823684012749677E-4,"{""type"":""MultiPoint"",""coordinates"":[]}"
20080205,2008-02-05,-8.594037929199935E-4,"{""type"":""MultiPoint"",""coordinates"":[]}"
20080206,2008-02-06,-8.757396119954816E-4,"{""type"":""MultiPoint"",""coordinates"":[]}"
20080207,2008-02-07,-8.445186782151858E-4,"{""type"":""MultiPoint"",""coordinates"":[]}"
20080208,2008-02-08,-8.031963505174726E-4,"{""type"":""MultiPoint"",""coordinates"":[]}"
20080209,2008-02-09,-8.433521684752614E-4,"{""type"":""MultiPoint"",""coordinates"":[]}"
20080210,2008-02-10,-9.43195085490578E-4,"{""type"":""MultiPoint"",""coordinates"":[]}"
20080211,2008-02-11,-0.0010032709123820181,"{""type"":""MultiPoint"",""coordinates"":[]}"
20080212,2008-02-12,-0.0010110661479316517,"{""type"":""MultiPoint"",""coordinates"":[]}"
20080213,2008-02-13,-0.001047826440721447,"{""type"":""MultiPoint"",""coordinates"":[]}"
20080214,2008-02-14,-0.0010823778814563886,"{""type"":""MultiPoint"",""coordinates"":[]}"
20080215,2008-02-15,-0.0010878249378751031,"{""type"":""MultiPoint"",""coordinates"":[]}"
20080216,2008-02-16,-0.0010806312986442958,"{""type"":""MultiPoint"",""coordinates"":[]}"
20080217,2008-02-17,-0.0010863182524128007,"{""type"":""MultiPoint"",""coordinates"":[]}"
20080218,2008-02-18,-0.0010702726601086226,"{""type"":""MultiPoint"",""coordinates"":[]}"
20080219,2008-02-19,-0.0010514754682016557,"{""type"":""MultiPoint"",""coordinates"":[]}"
20080220,2008-02-20,-0.0010313321333127296,"{""type"":""MultiPoint"",""coordinates"":[]}"
20080221,2008-02-21,-0.0010532117137832704,"{""type"":""MultiPoint"",""coordinates"":[]}"
20080222,2008-02-22,-0.0010610037444498408,"{""type"":""MultiPoint"",""coordinates"":[]}"
20080223,2008-02-23,-0.001056233602042831,"{""type"":""MultiPoint"",""coordinates"":[]}"
20080224,2008-02-24,-0.0010386531695824506,"{""type"":""MultiPoint"",""coordinates"":[]}"
20080225,2008-02-25,-9.939810050752103E-4,"{""type"":""MultiPoint"",""coordinates"":[]}"
20080226,2008-02-26,-0.0010168818010765372,"{""type"":""MultiPoint"",""coordinates"":[]}"
20080227,2008-02-27,-0.0010197702270231478,"{""type"":""MultiPoint"",""coordinates"":[]}"
20080228,2008-02-28,-0.0010391573896654015,"{""type"":""MultiPoint"",""coordinates"":[]}"
20080229,2008-02-29,-0.00102991760588475,"{""type"":""MultiPoint"",""coordinates"":[]}"
20080301,2008-03-01,-0.0010274138478127328,"{""type"":""MultiPoint"",""coordinates"":[]}"
20080302,2008-03-02,-0.001007294172866436,"{""type"":""MultiPoint"",""coordinates"":[]}"
20080303,2008-03-03,-9.990457429372524E-4,"{""type"":""MultiPoint"",""coordinates"":[]}"
20080304,2008-03-04,-0.0010163689985540514,"{""type"":""MultiPoint"",""coordinates"":[]}"
20080305,2008-03-05,-0.0010050666631925963,"{""type"":""MultiPoint"",""coordinates"":[]}"
20080306,2008-03-06,-9.976679247223246E-4,"{""type"":""MultiPoint"",""coordinates"":[]}"
20080307,2008-03-07,-0.0010351904178938014,"{""type"":""MultiPoint"",""coordinates"":[]}"
20080308,2008-03-08,-0.0010488268707890892,"{""type"":""MultiPoint"",""coordinates"":[]}"
20080309,2008-03-09,-0.0010146020136652498,"{""type"":""MultiPoint"",""coordinates"":[]}"
20080310,2008-03-10,-9.923729212598016E-4,"{""type"":""MultiPoint"",""coordinates"":[]}"
20080311,2008-03-11,-9.272884617281378E-4,"{""type"":""MultiPoint"",""coordinates"":[]}"
20080312,2008-03-12,-9.679493527276543E-4,"{""type"":""MultiPoint"",""coordinates"":[]}"
20080313,2008-03-13,-0.0010014307954124718,"{""type"":""MultiPoint"",""coordinates"":[]}"
20080314,2008-03-14,-0.0010035259575611854,"{""type"":""MultiPoint"",""coordinates"":[]}"
20080315,2008-03-15,-0.0011000197278652382,"{""type"":""MultiPoint"",""coordinates"":[]}"
20080316,2008-03-16,-0.0011123941749566263,"{""type"":""MultiPoint"",""coordinates"":[]}"
20080317,2008-03-17,-0.0011077743181966242,"{""type"":""MultiPoint"",""coordinates"":[]}"
20080318,2008-03-18,-0.0010873011900190733,"{""type"":""MultiPoint"",""coordinates"":[]}"
20080319,2008-03-19,-0.0010777403702656207,"{""type"":""MultiPoint"",""coordinates"":[]}"
20080320,2008-03-20,-0.0010843405788775753,"{""type"":""MultiPoint"",""coordinates"":[]}"
20080321,2008-03-21,-0.0010909868425567615,"{""type"":""MultiPoint"",""coordinates"":[]}"
20080322,2008-03-22,-0.0011495212660609397,"{""type"":""MultiPoint"",""coordinates"":[]}"
20080323,2008-03-23,-0.001162594061243225,"{""type"":""MultiPoint"",""coordinates"":[]}"
20080324,2008-03-24,-0.0012417699412599506,"{""type"":""MultiPoint"",""coordinates"":[]}"
20080325,2008-03-25,-0.0013502869386950987,"{""type"":""MultiPoint"",""coordinates"":[]}"
20080326,2008-03-26,-0.0013870391548778394,"{""type"":""MultiPoint"",""coordinates"":[]}"
20080327,2008-03-27,-0.0014637602929915142,"{""type"":""MultiPoint"",""coordinates"":[]}"
20080328,2008-03-28,-0.0014597953359372137,"{""type"":""MultiPoint"",""coordinates"":[]}"
20080329,2008-03-29,-0.0014460064748058328,"{""type"":""MultiPoint"",""coordinates"":[]}"
20080330,2008-03-30,-0.001423427889861181,"{""type"":""MultiPoint"",""coordinates"":[]}"
20080331,2008-03-31,-0.001395172513400378,"{""type"":""MultiPoint"",""coordinates"":[]}"
20080401,2008-04-01,-0.0014704521369357734,"{""type"":""MultiPoint"",""coordinates"":[]}"
20080402,2008-04-02,-0.001540193140492134,"{""type"":""MultiPoint"",""coordinates"":[]}"
20080403,2008-04-03,-0.001615845130229187,"{""type"":""MultiPoint"",""coordinates"":[]}"
20080404,2008-04-04,-0.001604286812346704,"{""type"":""MultiPoint"",""coordinates"":[]}"
20080405,2008-04-05,-0.0017510726183566556,"{""type"":""MultiPoint"",""coordinates"":[]}"
20080406,2008-04-06,-0.0017927721085127825,"{""type"":""MultiPoint"",""coordinates"":[]}"
20080407,2008-04-07,-0.0018148413519399127,"{""type"":""MultiPoint"",""coordinates"":[]}"
20080408,2008-04-08,-0.001810770522560937,"{""type"":""MultiPoint"",""coordinates"":[]}"
20080409,2008-04-09,-0.0017471999054603905,"{""type"":""MultiPoint"",""coordinates"":[]}"
20080410,2008-04-10,-0.0017072964066385517,"{""type"":""MultiPoint"",""coordinates"":[]}"
20080411,2008-04-11,-0.0016621925358994375,"{""type"":""MultiPoint"",""coordinates"":[]}"
20080412,2008-04-12,-0.0016422695878900303,"{""type"":""MultiPoint"",""coordinates"":[]}"
20080413,2008-04-13,-0.0015985081192222024,"{""type"":""MultiPoint"",""coordinates"":[]}"
20080414,2008-04-14,-0.001493191441439348,"{""type"":""MultiPoint"",""coordinates"":[]}"
20080415,2008-04-15,-0.0014538293096954381,"{""type"":""MultiPoint"",""coordinates"":[]}"
20080416,2008-04-16,-0.0014483805898835602,"{""type"":""MultiPoint"",""coordinates"":[]}"
20080417,2008-04-17,-0.0014814932354042345,"{""type"":""MultiPoint"",""coordinates"":[]}"
20080418,2008-04-18,-0.0015198661798157202,"{""type"":""MultiPoint"",""coordinates"":[]}"
20080419,2008-04-19,-0.0014941059937275331,"{""type"":""MultiPoint"",""coordinates"":[]}"
20080420,2008-04-20,-0.0014674018658686202,"{""type"":""MultiPoint"",""coordinates"":[]}"
20080421,2008-04-21,-0.0014640871980577128,"{""type"":""MultiPoint"",""coordinates"":[]}"
20080422,2008-04-22,-0.0014401498635202748,"{""type"":""MultiPoint"",""coordinates"":[]}"
20080423,2008-04-23,-0.0014230892933862883,"{""type"":""MultiPoint"",""coordinates"":[]}"
20080424,2008-04-24,-0.001400013920489454,"{""type"":""MultiPoint"",""coordinates"":[]}"
20080425,2008-04-25,-0.0013856498700535692,"{""type"":""MultiPoint"",""coordinates"":[]}"
20080426,2008-04-26,-0.0013243591557319323,"{""type"":""MultiPoint"",""coordinates"":[]}"
20080427,2008-04-27,-0.0013208390828302454,"{""type"":""MultiPoint"",""coordinates"":[]}"
20080428,2008-04-28,-0.0013066358523463122,"{""type"":""MultiPoint"",""coordinates"":[]}"
20080429,2008-04-29,-0.0013516297618660332,"{""type"":""MultiPoint"",""coordinates"":[]}"
20080430,2008-04-30,-0.0013820999925363109,"{""type"":""MultiPoint"",""coordinates"":[]}"
20080501,2008-05-01,-0.0014195161978533173,"{""type"":""MultiPoint"",""coordinates"":[]}"
20080502,2008-05-02,-0.0013956205657407418,"{""type"":""MultiPoint"",""coordinates"":[]}"
20080503,2008-05-03,-0.001395700751124474,"{""type"":""MultiPoint"",""coordinates"":[]}"
20080504,2008-05-04,-0.001419252537269768,"{""type"":""MultiPoint"",""coordinates"":[]}"
20080505,2008-05-05,-0.0014665410930250846,"{""type"":""MultiPoint"",""coordinates"":[]}"
20080506,2008-05-06,-0.0014750810303242534,"{""type"":""MultiPoint"",""coordinates"":[]}"
20080507,2008-05-07,-0.0015056873957170203,"{""type"":""MultiPoint"",""coordinates"":[]}"
20080508,2008-05-08,-0.0015138495942619015,"{""type"":""MultiPoint"",""coordinates"":[]}"
20080509,2008-05-09,-0.0015052452321306288,"{""type"":""MultiPoint"",""coordinates"":[]}"
20080510,2008-05-10,-0.001532629891502419,"{""type"":""MultiPoint"",""coordinates"":[]}"
20080511,2008-05-11,-0.0015438798319977111,"{""type"":""MultiPoint"",""coordinates"":[]}"
20080512,2008-05-12,-0.0015471127176659549,"{""type"":""MultiPoint"",""coordinates"":[]}"
20080513,2008-05-13,-0.0016017969645705902,"{""type"":""MultiPoint"",""coordinates"":[]}"
20080514,2008-05-14,-0.0015827639255619355,"{""type"":""MultiPoint"",""coordinates"":[]}"
20080515,2008-05-15,-0.001582920667835518,"{""type"":""MultiPoint"",""coordinates"":[]}"
20080516,2008-05-16,-0.0015790729185030498,"{""type"":""MultiPoint"",""coordinates"":[]}"
20080517,2008-05-17,-0.0015206270788477234,"{""type"":""MultiPoint"",""coordinates"":[]}"
20080518,2008-05-18,-0.0015291648180663605,"{""type"":""MultiPoint"",""coordinates"":[]}"
20080519,2008-05-19,-0.0014443756781230006,"{""type"":""MultiPoint"",""coordinates"":[]}"
20080520,2008-05-20,-0.0015126434957053883,"{""type"":""MultiPoint"",""coordinates"":[]}"
20080521,2008-05-21,-0.0015906925661312323,"{""type"":""MultiPoint"",""coordinates"":[]}"
20080522,2008-05-22,-0.001697463769509499,"{""type"":""MultiPoint"",""coordinates"":[]}"
20080523,2008-05-23,-0.001863354837645959,"{""type"":""MultiPoint"",""coordinates"":[]}"
20080524,2008-05-24,-0.0020438145963255173,"{""type"":""MultiPoint"",""coordinates"":[]}"
20080525,2008-05-25,-0.002075491893508982,"{""type"":""MultiPoint"",""coordinates"":[]}"
20080526,2008-05-26,-0.0021030800151593514,"{""type"":""MultiPoint"",""coordinates"":[]}"
20080527,2008-05-27,-0.002068037954519871,"{""type"":""MultiPoint"",""coordinates"":[]}"
20080528,2008-05-28,-0.0020388929193899787,"{""type"":""MultiPoint"",""coordinates"":[]}"
20080529,2008-05-29,-0.0020245540757533624,"{""type"":""MultiPoint"",""coordinates"":[]}"
20080530,2008-05-30,-0.002019343560547026,"{""type"":""MultiPoint"",""coordinates"":[]}"
20080531,2008-05-31,-0.0019079474426908342,"{""type"":""MultiPoint"",""coordinates"":[]}"
20080601,2008-06-01,-0.0019774622825863503,"{""type"":""MultiPoint"",""coordinates"":[]}"
20080602,2008-06-02,-0.0019489291873255059,"{""type"":""MultiPoint"",""coordinates"":[]}"
20080603,2008-06-03,-0.001971893630077104,"{""type"":""MultiPoint"",""coordinates"":[]}"
20080604,2008-06-04,-0.002104866639723941,"{""type"":""MultiPoint"",""coordinates"":[]}"
20080605,2008-06-05,-0.0020678225138200065,"{""type"":""MultiPoint"",""coordinates"":[]}"
20080606,2008-06-06,-0.0020652953600546866,"{""type"":""MultiPoint"",""coordinates"":[]}"
20080607,2008-06-07,-0.0021183078405079586,"{""type"":""MultiPoint"",""coordinates"":[]}"
20080608,2008-06-08,-0.0022418475464691416,"{""type"":""MultiPoint"",""coordinates"":[]}"
20080609,2008-06-09,-0.0023504836027119346,"{""type"":""MultiPoint"",""coordinates"":[]}"
20080610,2008-06-10,-0.0023349423142295413,"{""type"":""MultiPoint"",""coordinates"":[]}"
20080611,2008-06-11,-0.002453294569277353,"{""type"":""MultiPoint"",""coordinates"":[]}"
20080612,2008-06-12,-0.0024959650897571433,"{""type"":""MultiPoint"",""coordinates"":[]}"
20080613,2008-06-13,-0.0024125507982908165,"{""type"":""MultiPoint"",""coordinates"":[]}"
20080614,2008-06-14,-0.002475157953997964,"{""type"":""MultiPoint"",""coordinates"":[]}"
20080615,2008-06-15,-0.0025062782158457473,"{""type"":""MultiPoint"",""coordinates"":[]}"
20080616,2008-06-16,-0.002495672633229567,"{""type"":""MultiPoint"",""coordinates"":[]}"
20080617,2008-06-17,-0.0024146410835595906,"{""type"":""MultiPoint"",""coordinates"":[]}"
20080618,2008-06-18,-0.002294100321691257,"{""type"":""MultiPoint"",""coordinates"":[]}"
20080619,2008-06-19,-0.002309932887597433,"{""type"":""MultiPoint"",""coordinates"":[]}"
20080620,2008-06-20,-0.0024264397757813834,"{""type"":""MultiPoint"",""coordinates"":[]}"
20080621,2008-06-21,-0.002510195193467122,"{""type"":""MultiPoint"",""coordinates"":[]}"
20080622,2008-06-22,-0.0025521807581165364,"{""type"":""MultiPoint"",""coordinates"":[]}"
20080623,2008-06-23,-0.0025359385219653886,"{""type"":""MultiPoint"",""coordinates"":[]}"
20080624,2008-06-24,-0.002572328942688051,"{""type"":""MultiPoint"",""coordinates"":[]}"
20080625,2008-06-25,-0.0025248494814987545,"{""type"":""MultiPoint"",""coordinates"":[]}"
20080626,2008-06-26,-0.002602066486020057,"{""type"":""MultiPoint"",""coordinates"":[]}"
20080627,2008-06-27,-0.0024742569359731217,"{""type"":""MultiPoint"",""coordinates"":[]}"
20080628,2008-06-28,-0.002240848470236113,"{""type"":""MultiPoint"",""coordinates"":[]}"
20080629,2008-06-29,-0.0022303647989569864,"{""type"":""MultiPoint"",""coordinates"":[]}"
20080630,2008-06-30,-0.002381769922567756,"{""type"":""MultiPoint"",""coordinates"":[]}"
20080701,2008-07-01,-0.0024098590844913027,"{""type"":""MultiPoint"",""coordinates"":[]}"
20080702,2008-07-02,-0.0025384678187270644,"{""type"":""MultiPoint"",""coordinates"":[]}"
20080703,2008-07-03,-0.002532786394744266,"{""type"":""MultiPoint"",""coordinates"":[]}"
20080704,2008-07-04,-0.0025065823393736883,"{""type"":""MultiPoint"",""coordinates"":[]}"
20080705,2008-07-05,-0.0024157454591816744,"{""type"":""MultiPoint"",""coordinates"":[]}"
20080706,2008-07-06,-0.0024015065142091317,"{""type"":""MultiPoint"",""coordinates"":[]}"
20080707,2008-07-07,-0.002460666246158439,"{""type"":""MultiPoint"",""coordinates"":[]}"
20080708,2008-07-08,-0.002559259491081061,"{""type"":""MultiPoint"",""coordinates"":[]}"
20080709,2008-07-09,-0.002478681226281934,"{""type"":""MultiPoint"",""coordinates"":[]}"
20080710,2008-07-10,-0.0025293038967755237,"{""type"":""MultiPoint"",""coordinates"":[]}"
20080711,2008-07-11,-0.002525700421438612,"{""type"":""MultiPoint"",""coordinates"":[]}"
20080712,2008-07-12,-0.0024508470094733777,"{""type"":""MultiPoint"",""coordinates"":[]}"
20080713,2008-07-13,-0.002496297251597946,"{""type"":""MultiPoint"",""coordinates"":[]}"
20080714,2008-07-14,-0.0025352859899541134,"{""type"":""MultiPoint"",""coordinates"":[]}"
20080715,2008-07-15,-0.002542373649821321,"{""type"":""MultiPoint"",""coordinates"":[]}"
20080716,2008-07-16,-0.0026979379895790637,"{""type"":""MultiPoint"",""coordinates"":[]}"
20080717,2008-07-17,-0.0026790487538108066,"{""type"":""MultiPoint"",""coordinates"":[]}"
20080718,2008-07-18,-0.0026440520605899485,"{""type"":""MultiPoint"",""coordinates"":[]}"
20080719,2008-07-19,-0.002450274526572775,"{""type"":""MultiPoint"",""coordinates"":[]}"
20080720,2008-07-20,-0.002432917226527197,"{""type"":""MultiPoint"",""coordinates"":[]}"
20080721,2008-07-21,-0.0025743039230010367,"{""type"":""MultiPoint"",""coordinates"":[]}"
20080722,2008-07-22,-0.0025982867440479326,"{""type"":""MultiPoint"",""coordinates"":[]}"
20080723,2008-07-23,-0.0026391347238663584,"{""type"":""MultiPoint"",""coordinates"":[]}"
20080724,2008-07-24,-0.0026099037467383884,"{""type"":""MultiPoint"",""coordinates"":[]}"
20080725,2008-07-25,-0.002588793780084399,"{""type"":""MultiPoint"",""coordinates"":[]}"
20080726,2008-07-26,-0.002536604229628244,"{""type"":""MultiPoint"",""coordinates"":[]}"
20080727,2008-07-27,-0.002550348907059681,"{""type"":""MultiPoint"",""coordinates"":[]}"
20080728,2008-07-28,-0.0026903735933116743,"{""type"":""MultiPoint"",""coordinates"":[]}"
20080729,2008-07-29,-0.0027683608096183096,"{""type"":""MultiPoint"",""coordinates"":[]}"
20080730,2008-07-30,-0.0027408326513960026,"{""type"":""MultiPoint"",""coordinates"":[]}"
20080731,2008-07-31,-0.0027394062942292584,"{""type"":""MultiPoint"",""coordinates"":[]}"
20080801,2008-08-01,-0.0026974200629185964,"{""type"":""MultiPoint"",""coordinates"":[]}"
20080802,2008-08-02,-0.00276321512662149,"{""type"":""MultiPoint"",""coordinates"":[]}"
20080803,2008-08-03,-0.0027130340207042578,"{""type"":""MultiPoint"",""coordinates"":[]}"
20080804,2008-08-04,-0.002689639584552309,"{""type"":""MultiPoint"",""coordinates"":[]}"
20080805,2008-08-05,-0.0026273265289972806,"{""type"":""MultiPoint"",""coordinates"":[]}"
20080806,2008-08-06,-0.0026904776211943413,"{""type"":""MultiPoint"",""coordinates"":[]}"
20080807,2008-08-07,-0.0028174868284027593,"{""type"":""MultiPoint"",""coordinates"":[]}"
20080808,2008-08-08,-0.0027832279408429024,"{""type"":""MultiPoint"",""coordinates"":[]}"
20080809,2008-08-09,-0.0027972475136602538,"{""type"":""MultiPoint"",""coordinates"":[]}"
20080810,2008-08-10,-0.002641438266294316,"{""type"":""MultiPoint"",""coordinates"":[]}"
20080811,2008-08-11,-0.0025728889231364177,"{""type"":""MultiPoint"",""coordinates"":[]}"
20080812,2008-08-12,-0.0025287742034746916,"{""type"":""MultiPoint"",""coordinates"":[]}"
20080813,2008-08-13,-0.002473904058098138,"{""type"":""MultiPoint"",""coordinates"":[]}"
20080814,2008-08-14,-0.002494964642841846,"{""type"":""MultiPoint"",""coordinates"":[]}"
20080815,2008-08-15,-0.002456100060238746,"{""type"":""MultiPoint"",""coordinates"":[]}"
20080816,2008-08-16,-0.0025740116448457547,"{""type"":""MultiPoint"",""coordinates"":[]}"
20080817,2008-08-17,-0.002573327014828284,"{""type"":""MultiPoint"",""coordinates"":[]}"
20080818,2008-08-18,-0.002748001197679523,"{""type"":""MultiPoint"",""coordinates"":[]}"
20080819,2008-08-19,-0.002749304266101642,"{""type"":""MultiPoint"",""coordinates"":[]}"
20080820,2008-08-20,-0.002702061707054743,"{""type"":""MultiPoint"",""coordinates"":[]}"
20080821,2008-08-21,-0.0027476964496071466,"{""type"":""MultiPoint"",""coordinates"":[]}"
20080822,2008-08-22,-0.0028169489629573906,"{""type"":""MultiPoint"",""coordinates"":[]}"
20080823,2008-08-23,-0.0028839211018322646,"{""type"":""MultiPoint"",""coordinates"":[]}"
20080824,2008-08-24,-0.0029095522507906163,"{""type"":""MultiPoint"",""coordinates"":[]}"
20080825,2008-08-25,-0.002818437132569633,"{""type"":""MultiPoint"",""coordinates"":[]}"
20080826,2008-08-26,-0.002672532643613283,"{""type"":""MultiPoint"",""coordinates"":[]}"
20080827,2008-08-27,-0.0026982296897277093,"{""type"":""MultiPoint"",""coordinates"":[]}"
20080828,2008-08-28,-0.0027319399614068826,"{""type"":""MultiPoint"",""coordinates"":[]}"
20080829,2008-08-29,-0.002698162237690443,"{""type"":""MultiPoint"",""coordinates"":[]}"
20080830,2008-08-30,-0.0026688163397992374,"{""type"":""MultiPoint"",""coordinates"":[]}"
20080831,2008-08-31,-0.0026527195535640353,"{""type"":""MultiPoint"",""coordinates"":[]}"
20080901,2008-09-01,-0.0027650456093316635,"{""type"":""MultiPoint"",""coordinates"":[]}"
20080902,2008-09-02,-0.0028179236613442523,"{""type"":""MultiPoint"",""coordinates"":[]}"
20080903,2008-09-03,-0.0028143186216971453,"{""type"":""MultiPoint"",""coordinates"":[]}"
20080904,2008-09-04,-0.002728825581203149,"{""type"":""MultiPoint"",""coordinates"":[]}"
20080905,2008-09-05,-0.0025322072301579034,"{""type"":""MultiPoint"",""coordinates"":[]}"
20080906,2008-09-06,-0.0024951611350723605,"{""type"":""MultiPoint"",""coordinates"":[]}"
20080907,2008-09-07,-0.0026796676533007895,"{""type"":""MultiPoint"",""coordinates"":[]}"
20080908,2008-09-08,-0.002651774970861886,"{""type"":""MultiPoint"",""coordinates"":[]}"
20080909,2008-09-09,-0.0025827819069539192,"{""type"":""MultiPoint"",""coordinates"":[]}"
20080910,2008-09-10,-0.0026525263069442887,"{""type"":""MultiPoint"",""coordinates"":[]}"
20080911,2008-09-11,-0.002659924053339995,"{""type"":""MultiPoint"",""coordinates"":[]}"
20080912,2008-09-12,-0.00265755908119994,"{""type"":""MultiPoint"",""coordinates"":[]}"
20080913,2008-09-13,-0.002658011326454471,"{""type"":""MultiPoint"",""coordinates"":[]}"
20080914,2008-09-14,-0.0027020128026554306,"{""type"":""MultiPoint"",""coordinates"":[]}"
20080915,2008-09-15,-0.002612121849054507,"{""type"":""MultiPoint"",""coordinates"":[]}"
20080916,2008-09-16,-0.0024627781481717428,"{""type"":""MultiPoint"",""coordinates"":[]}"
20080917,2008-09-17,-0.00242795580974135,"{""type"":""MultiPoint"",""coordinates"":[]}"
20080918,2008-09-18,-0.0024136159557259953,"{""type"":""MultiPoint"",""coordinates"":[]}"
20080919,2008-09-19,-0.0023982208930237846,"{""type"":""MultiPoint"",""coordinates"":[]}"
20080920,2008-09-20,-0.0023822784796621323,"{""type"":""MultiPoint"",""coordinates"":[]}"
20080921,2008-09-21,-0.0023612888298364283,"{""type"":""MultiPoint"",""coordinates"":[]}"
20080922,2008-09-22,-0.0023206772434676737,"{""type"":""MultiPoint"",""coordinates"":[]}"
20080923,2008-09-23,-0.002526096267522086,"{""type"":""MultiPoint"",""coordinates"":[]}"
20080924,2008-09-24,-0.0026251421065209926,"{""type"":""MultiPoint"",""coordinates"":[]}"
20080925,2008-09-25,-0.002619229705499083,"{""type"":""MultiPoint"",""coordinates"":[]}"
20080926,2008-09-26,-0.0026499156094628436,"{""type"":""MultiPoint"",""coordinates"":[]}"
20080927,2008-09-27,-0.0026045462213364623,"{""type"":""MultiPoint"",""coordinates"":[]}"
20080928,2008-09-28,-0.0024621169557820467,"{""type"":""MultiPoint"",""coordinates"":[]}"
20080929,2008-09-29,-0.002430083456090395,"{""type"":""MultiPoint"",""coordinates"":[]}"
20080930,2008-09-30,-0.0024237532895989757,"{""type"":""MultiPoint"",""coordinates"":[]}"
20081001,2008-10-01,-0.0024067096589855765,"{""type"":""MultiPoint"",""coordinates"":[]}"
20081002,2008-10-02,-0.002311041599645813,"{""type"":""MultiPoint"",""coordinates"":[]}"
20081003,2008-10-03,-0.0022661960987771443,"{""type"":""MultiPoint"",""coordinates"":[]}"
20081004,2008-10-04,-0.0023285129648360154,"{""type"":""MultiPoint"",""coordinates"":[]}"
20081005,2008-10-05,-0.0023253250431925832,"{""type"":""MultiPoint"",""coordinates"":[]}"
20081006,2008-10-06,-0.002240882178547219,"{""type"":""MultiPoint"",""coordinates"":[]}"
20081007,2008-10-07,-0.0022104203890547535,"{""type"":""MultiPoint"",""coordinates"":[]}"
20081008,2008-10-08,-0.0021940826314028857,"{""type"":""MultiPoint"",""coordinates"":[]}"
20081009,2008-10-09,-0.0022019677339334626,"{""type"":""MultiPoint"",""coordinates"":[]}"
20081010,2008-10-10,-0.002259675865467641,"{""type"":""MultiPoint"",""coordinates"":[]}"
20081011,2008-10-11,-0.0023328802771133226,"{""type"":""MultiPoint"",""coordinates"":[]}"
20081012,2008-10-12,-0.0023195474675266814,"{""type"":""MultiPoint"",""coordinates"":[]}"
20081013,2008-10-13,-0.002288903812248126,"{""type"":""MultiPoint"",""coordinates"":[]}"
20081014,2008-10-14,-0.002258994578701715,"{""type"":""MultiPoint"",""coordinates"":[]}"
20081015,2008-10-15,-0.0022324166311753885,"{""type"":""MultiPoint"",""coordinates"":[]}"
20081016,2008-10-16,-0.002194101560033364,"{""type"":""MultiPoint"",""coordinates"":[]}"
20081017,2008-10-17,-0.0021725600823668412,"{""type"":""MultiPoint"",""coordinates"":[]}"
20081018,2008-10-18,-0.0021425069495597474,"{""type"":""MultiPoint"",""coordinates"":[]}"
20081019,2008-10-19,-0.0021267914234661222,"{""type"":""MultiPoint"",""coordinates"":[]}"
20081020,2008-10-20,-0.00205870572411294,"{""type"":""MultiPoint"",""coordinates"":[]}"
20081021,2008-10-21,-0.0019744666340854203,"{""type"":""MultiPoint"",""coordinates"":[]}"
20081022,2008-10-22,-0.0018906275657536546,"{""type"":""MultiPoint"",""coordinates"":[]}"
20081023,2008-10-23,-0.0018590007229287696,"{""type"":""MultiPoint"",""coordinates"":[]}"
20081024,2008-10-24,-0.0017791674192472644,"{""type"":""MultiPoint"",""coordinates"":[]}"
20081025,2008-10-25,-0.0017182129130432187,"{""type"":""MultiPoint"",""coordinates"":[]}"
20081026,2008-10-26,-0.0016556747136492935,"{""type"":""MultiPoint"",""coordinates"":[]}"
20081027,2008-10-27,-0.0015864700535338921,"{""type"":""MultiPoint"",""coordinates"":[]}"
20081028,2008-10-28,-0.0016325632635246163,"{""type"":""MultiPoint"",""coordinates"":[]}"
20081029,2008-10-29,-0.001615178622652788,"{""type"":""MultiPoint"",""coordinates"":[]}"
20081030,2008-10-30,-0.0016984750576589374,"{""type"":""MultiPoint"",""coordinates"":[]}"
20081031,2008-10-31,-0.001730736319591321,"{""type"":""MultiPoint"",""coordinates"":[]}"
20081101,2008-11-01,-0.0017185405886310028,"{""type"":""MultiPoint"",""coordinates"":[]}"
20081102,2008-11-02,-0.0016888891835839762,"{""type"":""MultiPoint"",""coordinates"":[]}"
20081103,2008-11-03,-0.0016256644209727152,"{""type"":""MultiPoint"",""coordinates"":[]}"
20081104,2008-11-04,-0.0015377034760519688,"{""type"":""MultiPoint"",""coordinates"":[]}"
20081105,2008-11-05,-0.0014846060899016704,"{""type"":""MultiPoint"",""coordinates"":[]}"
20081106,2008-11-06,-0.0014970954577951925,"{""type"":""MultiPoint"",""coordinates"":[]}"
20081107,2008-11-07,-0.0015269077259534043,"{""type"":""MultiPoint"",""coordinates"":[]}"
20081108,2008-11-08,-0.0015056012240690793,"{""type"":""MultiPoint"",""coordinates"":[]}"
20081109,2008-11-09,-0.001482387905490797,"{""type"":""MultiPoint"",""coordinates"":[]}"
20081110,2008-11-10,-0.0014120498483904506,"{""type"":""MultiPoint"",""coordinates"":[]}"
20081111,2008-11-11,-0.0013614524880568321,"{""type"":""MultiPoint"",""coordinates"":[]}"
20081112,2008-11-12,-0.0012976903923674074,"{""type"":""MultiPoint"",""coordinates"":[]}"
20081113,2008-11-13,-0.0012852465429473697,"{""type"":""MultiPoint"",""coordinates"":[]}"
20081114,2008-11-14,-0.0012683778880540062,"{""type"":""MultiPoint"",""coordinates"":[]}"
20081115,2008-11-15,-0.0012313263395527295,"{""type"":""MultiPoint"",""coordinates"":[]}"
20081116,2008-11-16,-0.0011687256709451883,"{""type"":""MultiPoint"",""coordinates"":[]}"
20081117,2008-11-17,-0.0012002488303696033,"{""type"":""MultiPoint"",""coordinates"":[]}"
20081118,2008-11-18,-0.00122228161094532,"{""type"":""MultiPoint"",""coordinates"":[]}"
20081119,2008-11-19,-0.0012028051058439852,"{""type"":""MultiPoint"",""coordinates"":[]}"
20081120,2008-11-20,-0.0012020322195255494,"{""type"":""MultiPoint"",""coordinates"":[]}"
20081121,2008-11-21,-0.0012263957720888353,"{""type"":""MultiPoint"",""coordinates"":[]}"
20081122,2008-11-22,-0.001163020603959726,"{""type"":""MultiPoint"",""coordinates"":[]}"
20081123,2008-11-23,-0.001165122045891997,"{""type"":""MultiPoint"",""coordinates"":[]}"
20081124,2008-11-24,-0.0011623686135686583,"{""type"":""MultiPoint"",""coordinates"":[]}"
20081125,2008-11-25,-0.001164215860431788,"{""type"":""MultiPoint"",""coordinates"":[]}"
20081126,2008-11-26,-0.0011224041785086248,"{""type"":""MultiPoint"",""coordinates"":[]}"
20081127,2008-11-27,-0.00107001241901439,"{""type"":""MultiPoint"",""coordinates"":[]}"
20081128,2008-11-28,-9.940313989377635E-4,"{""type"":""MultiPoint"",""coordinates"":[]}"
20081129,2008-11-29,-9.947841291025772E-4,"{""type"":""MultiPoint"",""coordinates"":[]}"
20081130,2008-11-30,-0.0010620528757754146,"{""type"":""MultiPoint"",""coordinates"":[]}"
20081201,2008-12-01,-0.0010686016669335648,"{""type"":""MultiPoint"",""coordinates"":[]}"
20081202,2008-12-02,-0.0010869022981755806,"{""type"":""MultiPoint"",""coordinates"":[]}"
20081203,2008-12-03,-0.0011050101517867277,"{""type"":""MultiPoint"",""coordinates"":[]}"
20081204,2008-12-04,-0.001119023232607624,"{""type"":""MultiPoint"",""coordinates"":[]}"
20081205,2008-12-05,-0.0011017151112950596,"{""type"":""MultiPoint"",""coordinates"":[]}"
20081206,2008-12-06,-0.0010648195778797948,"{""type"":""MultiPoint"",""coordinates"":[]}"
20081207,2008-12-07,-0.0010021112557664546,"{""type"":""MultiPoint"",""coordinates"":[]}"
20081208,2008-12-08,-0.0010154716189847454,"{""type"":""MultiPoint"",""coordinates"":[]}"
20081209,2008-12-09,-9.864334886888425E-4,"{""type"":""MultiPoint"",""coordinates"":[]}"
20081210,2008-12-10,-9.68932481026941E-4,"{""type"":""MultiPoint"",""coordinates"":[]}"
20081211,2008-12-11,-9.783310509485985E-4,"{""type"":""MultiPoint"",""coordinates"":[]}"
20081212,2008-12-12,-9.867527613876298E-4,"{""type"":""MultiPoint"",""coordinates"":[]}"
20081213,2008-12-13,-9.541395058665602E-4,"{""type"":""MultiPoint"",""coordinates"":[]}"
20081214,2008-12-14,-9.677413453266625E-4,"{""type"":""MultiPoint"",""coordinates"":[]}"
20081215,2008-12-15,-9.202691437453211E-4,"{""type"":""MultiPoint"",""coordinates"":[]}"
20081216,2008-12-16,-8.996837801729577E-4,"{""type"":""MultiPoint"",""coordinates"":[]}"
20081217,2008-12-17,-9.49946504084462E-4,"{""type"":""MultiPoint"",""coordinates"":[]}"
20081218,2008-12-18,-9.078055288454711E-4,"{""type"":""MultiPoint"",""coordinates"":[]}"
20081219,2008-12-19,-8.248611294014405E-4,"{""type"":""MultiPoint"",""coordinates"":[]}"
20081220,2008-12-20,-8.353432865082237E-4,"{""type"":""MultiPoint"",""coordinates"":[]}"
20081221,2008-12-21,-8.857433063613366E-4,"{""type"":""MultiPoint"",""coordinates"":[]}"
20081222,2008-12-22,-8.702211483968439E-4,"{""type"":""MultiPoint"",""coordinates"":[]}"
20081223,2008-12-23,-8.451940910295291E-4,"{""type"":""MultiPoint"",""coordinates"":[]}"
20081224,2008-12-24,-8.374702653338481E-4,"{""type"":""MultiPoint"",""coordinates"":[]}"
20081225,2008-12-25,-8.589680027597583E-4,"{""type"":""MultiPoint"",""coordinates"":[]}"
20081226,2008-12-26,-8.578470199156734E-4,"{""type"":""MultiPoint"",""coordinates"":[]}"
20081227,2008-12-27,-8.76950874016233E-4,"{""type"":""MultiPoint"",""coordinates"":[]}"
20081228,2008-12-28,-8.459876955647756E-4,"{""type"":""MultiPoint"",""coordinates"":[]}"
20081229,2008-12-29,-8.30990986956563E-4,"{""type"":""MultiPoint"",""coordinates"":[]}"
20081230,2008-12-30,-8.31197274512383E-4,"{""type"":""MultiPoint"",""coordinates"":[]}"
20081231,2008-12-31,-8.171916711450639E-4,"{""type"":""MultiPoint"",""coordinates"":[]}"
20090101,2009-01-01,-8.057557024101999E-4,"{""type"":""MultiPoint"",""coordinates"":[]}"
20090102,2009-01-02,-7.814267568979459E-4,"{""type"":""MultiPoint"",""coordinates"":[]}"
20090103,2009-01-03,-7.75890497827693E-4,"{""type"":""MultiPoint"",""coordinates"":[]}"
20090104,2009-01-04,-7.756822935344572E-4,"{""type"":""MultiPoint"",""coordinates"":[]}"
20090105,2009-01-05,-7.627150482632185E-4,"{""type"":""MultiPoint"",""coordinates"":[]}"
20090106,2009-01-06,-7.451879027142981E-4,"{""type"":""MultiPoint"",""coordinates"":[]}"
20090107,2009-01-07,-7.396106810439723E-4,"{""type"":""MultiPoint"",""coordinates"":[]}"
20090108,2009-01-08,-7.379924265153791E-4,"{""type"":""MultiPoint"",""coordinates"":[]}"
20090109,2009-01-09,-7.422981719027037E-4,"{""type"":""MultiPoint"",""coordinates"":[]}"
20090110,2009-01-10,-7.695459229848878E-4,"{""type"":""MultiPoint"",""coordinates"":[]}"
20090111,2009-01-11,-7.45508956686575E-4,"{""type"":""MultiPoint"",""coordinates"":[]}"
20090112,2009-01-12,-7.938825562968155E-4,"{""type"":""MultiPoint"",""coordinates"":[]}"
20090113,2009-01-13,-7.88201372969181E-4,"{""type"":""MultiPoint"",""coordinates"":[]}"
20090114,2009-01-14,-7.928472965456192E-4,"{""type"":""MultiPoint"",""coordinates"":[]}"
20090115,2009-01-15,-7.870222663739602E-4,"{""type"":""MultiPoint"",""coordinates"":[]}"
20090116,2009-01-16,-8.258886167783816E-4,"{""type"":""MultiPoint"",""coordinates"":[]}"
20090117,2009-01-17,-8.4113473214984E-4,"{""type"":""MultiPoint"",""coordinates"":[]}"
20090118,2009-01-18,-8.471698847141481E-4,"{""type"":""MultiPoint"",""coordinates"":[]}"
20090119,2009-01-19,-8.589810994475463E-4,"{""type"":""MultiPoint"",""coordinates"":[]}"
20090120,2009-01-20,-8.389821594932245E-4,"{""type"":""MultiPoint"",""coordinates"":[]}"
20090121,2009-01-21,-8.542635986230635E-4,"{""type"":""MultiPoint"",""coordinates"":[]}"
20090122,2009-01-22,-8.489214114061962E-4,"{""type"":""MultiPoint"",""coordinates"":[]}"
20090123,2009-01-23,-8.422791073011657E-4,"{""type"":""MultiPoint"",""coordinates"":[]}"
20090124,2009-01-24,-8.151823165336564E-4,"{""type"":""MultiPoint"",""coordinates"":[]}"
20090125,2009-01-25,-7.974395794172051E-4,"{""type"":""MultiPoint"",""coordinates"":[]}"
20090126,2009-01-26,-8.060423021872875E-4,"{""type"":""MultiPoint"",""coordinates"":[]}"
20090127,2009-01-27,-8.43460327189205E-4,"{""type"":""MultiPoint"",""coordinates"":[]}"
20090128,2009-01-28,-8.555841179365174E-4,"{""type"":""MultiPoint"",""coordinates"":[]}"
20090129,2009-01-29,-8.691026132936023E-4,"{""type"":""MultiPoint"",""coordinates"":[]}"
20090130,2009-01-30,-8.87838825556393E-4,"{""type"":""MultiPoint"",""coordinates"":[]}"
20090131,2009-01-31,-8.530651412995399E-4,"{""type"":""MultiPoint"",""coordinates"":[]}"
20090201,2009-02-01,-8.622224371151512E-4,"{""type"":""MultiPoint"",""coordinates"":[]}"
20090202,2009-02-02,-8.375750675246782E-4,"{""type"":""MultiPoint"",""coordinates"":[]}"
20090203,2009-02-03,-8.558343828648803E-4,"{""type"":""MultiPoint"",""coordinates"":[]}"
20090204,2009-02-04,-8.423449506418357E-4,"{""type"":""MultiPoint"",""coordinates"":[]}"
20090205,2009-02-05,-8.46546796119189E-4,"{""type"":""MultiPoint"",""coordinates"":[]}"
20090206,2009-02-06,-8.561395320480249E-4,"{""type"":""MultiPoint"",""coordinates"":[]}"
20090207,2009-02-07,-8.525025875802194E-4,"{""type"":""MultiPoint"",""coordinates"":[]}"
20090208,2009-02-08,-8.454922358793173E-4,"{""type"":""MultiPoint"",""coordinates"":[]}"
20090209,2009-02-09,-8.308298192473434E-4,"{""type"":""MultiPoint"",""coordinates"":[]}"
20090210,2009-02-10,-8.600248005349891E-4,"{""type"":""MultiPoint"",""coordinates"":[]}"
20090211,2009-02-11,-8.887441829380202E-4,"{""type"":""MultiPoint"",""coordinates"":[]}"
20090212,2009-02-12,-8.856878691424809E-4,"{""type"":""MultiPoint"",""coordinates"":[]}"
20090213,2009-02-13,-8.737129463193318E-4,"{""type"":""MultiPoint"",""coordinates"":[]}"
20090214,2009-02-14,-9.239326190241231E-4,"{""type"":""MultiPoint"",""coordinates"":[]}"
20090215,2009-02-15,-9.162450756490253E-4,"{""type"":""MultiPoint"",""coordinates"":[]}"
20090216,2009-02-16,-8.989486446179232E-4,"{""type"":""MultiPoint"",""coordinates"":[]}"
20090217,2009-02-17,-9.0367099901236E-4,"{""type"":""MultiPoint"",""coordinates"":[]}"
20090218,2009-02-18,-8.983907737509629E-4,"{""type"":""MultiPoint"",""coordinates"":[]}"
20090219,2009-02-19,-8.7274327683748E-4,"{""type"":""MultiPoint"",""coordinates"":[]}"
20090220,2009-02-20,-8.836368345588173E-4,"{""type"":""MultiPoint"",""coordinates"":[]}"
20090221,2009-02-21,-8.927775241262656E-4,"{""type"":""MultiPoint"",""coordinates"":[]}"
20090222,2009-02-22,-8.798167481014876E-4,"{""type"":""MultiPoint"",""coordinates"":[]}"
20090223,2009-02-23,-8.520040909030965E-4,"{""type"":""MultiPoint"",""coordinates"":[]}"
20090224,2009-02-24,-8.633050589068244E-4,"{""type"":""MultiPoint"",""coordinates"":[]}"
20090225,2009-02-25,-8.925504106123871E-4,"{""type"":""MultiPoint"",""coordinates"":[]}"
20090226,2009-02-26,-9.043876540631232E-4,"{""type"":""MultiPoint"",""coordinates"":[]}"
20090227,2009-02-27,-9.106391995713513E-4,"{""type"":""MultiPoint"",""coordinates"":[]}"
20090228,2009-02-28,-9.030342892049208E-4,"{""type"":""MultiPoint"",""coordinates"":[]}"
20090301,2009-03-01,-9.143498110896608E-4,"{""type"":""MultiPoint"",""coordinates"":[]}"
20090302,2009-03-02,-9.136842384728879E-4,"{""type"":""MultiPoint"",""coordinates"":[]}"
20090303,2009-03-03,-9.080924935225392E-4,"{""type"":""MultiPoint"",""coordinates"":[]}"
20090304,2009-03-04,-8.878876252826016E-4,"{""type"":""MultiPoint"",""coordinates"":[]}"
20090305,2009-03-05,-8.881788184273474E-4,"{""type"":""MultiPoint"",""coordinates"":[]}"
20090306,2009-03-06,-8.995351649075645E-4,"{""type"":""MultiPoint"",""coordinates"":[]}"
20090307,2009-03-07,-9.05708097612508E-4,"{""type"":""MultiPoint"",""coordinates"":[]}"
20090308,2009-03-08,-8.95538107806469E-4,"{""type"":""MultiPoint"",""coordinates"":[]}"
20090309,2009-03-09,-9.12828434522925E-4,"{""type"":""MultiPoint"",""coordinates"":[]}"
20090310,2009-03-10,-9.139442527765809E-4,"{""type"":""MultiPoint"",""coordinates"":[]}"
20090311,2009-03-11,-9.394144936345238E-4,"{""type"":""MultiPoint"",""coordinates"":[]}"
20090312,2009-03-12,-9.692877981478357E-4,"{""type"":""MultiPoint"",""coordinates"":[]}"
20090313,2009-03-13,-0.0010175392204166878,"{""type"":""MultiPoint"",""coordinates"":[]}"
20090314,2009-03-14,-0.0010029742912646708,"{""type"":""MultiPoint"",""coordinates"":[]}"
20090315,2009-03-15,-9.877728752332802E-4,"{""type"":""MultiPoint"",""coordinates"":[]}"
20090316,2009-03-16,-9.87579154932833E-4,"{""type"":""MultiPoint"",""coordinates"":[]}"
20090317,2009-03-17,-0.0010127767758337507,"{""type"":""MultiPoint"",""coordinates"":[]}"
20090318,2009-03-18,-9.86791904620337E-4,"{""type"":""MultiPoint"",""coordinates"":[]}"
20090319,2009-03-19,-0.0010351432920473074,"{""type"":""MultiPoint"",""coordinates"":[]}"
20090320,2009-03-20,-0.0010453192149698733,"{""type"":""MultiPoint"",""coordinates"":[]}"
20090321,2009-03-21,-0.001078140127364089,"{""type"":""MultiPoint"",""coordinates"":[]}"
20090322,2009-03-22,-0.0010813925476350584,"{""type"":""MultiPoint"",""coordinates"":[]}"
20090323,2009-03-23,-0.0010557502951731264,"{""type"":""MultiPoint"",""coordinates"":[]}"
20090324,2009-03-24,-0.0010800833554552092,"{""type"":""MultiPoint"",""coordinates"":[]}"
20090325,2009-03-25,-0.001150996145783234,"{""type"":""MultiPoint"",""coordinates"":[]}"
20090326,2009-03-26,-0.0011125761194331523,"{""type"":""MultiPoint"",""coordinates"":[]}"
20090327,2009-03-27,-0.0011314102878905565,"{""type"":""MultiPoint"",""coordinates"":[]}"
20090328,2009-03-28,-0.0011003619567972118,"{""type"":""MultiPoint"",""coordinates"":[]}"
20090329,2009-03-29,-0.0011599704129721708,"{""type"":""MultiPoint"",""coordinates"":[]}"
20090330,2009-03-30,-0.001192626656130558,"{""type"":""MultiPoint"",""coordinates"":[]}"
20090331,2009-03-31,-0.0011834513772797392,"{""type"":""MultiPoint"",""coordinates"":[]}"
20090401,2009-04-01,-0.0012063136569155394,"{""type"":""MultiPoint"",""coordinates"":[]}"
20090402,2009-04-02,-0.0012021384223164272,"{""type"":""MultiPoint"",""coordinates"":[]}"
20090403,2009-04-03,-0.0011914757877661253,"{""type"":""MultiPoint"",""coordinates"":[]}"
20090404,2009-04-04,-0.0011728671269271883,"{""type"":""MultiPoint"",""coordinates"":[]}"
20090405,2009-04-05,-0.0011178264043934403,"{""type"":""MultiPoint"",""coordinates"":[]}"
20090406,2009-04-06,-0.0011252630430809147,"{""type"":""MultiPoint"",""coordinates"":[]}"
20090407,2009-04-07,-0.0011663405038411768,"{""type"":""MultiPoint"",""coordinates"":[]}"
20090408,2009-04-08,-0.0012220207547495498,"{""type"":""MultiPoint"",""coordinates"":[]}"
20090409,2009-04-09,-0.0012575223702153886,"{""type"":""MultiPoint"",""coordinates"":[]}"
20090410,2009-04-10,-0.0012624265216239835,"{""type"":""MultiPoint"",""coordinates"":[]}"
20090411,2009-04-11,-0.0012431247931521479,"{""type"":""MultiPoint"",""coordinates"":[]}"
20090412,2009-04-12,-0.0012784231809273522,"{""type"":""MultiPoint"",""coordinates"":[]}"
20090413,2009-04-13,-0.0012732478353534946,"{""type"":""MultiPoint"",""coordinates"":[]}"
20090414,2009-04-14,-0.0012727442935396762,"{""type"":""MultiPoint"",""coordinates"":[]}"
20090415,2009-04-15,-0.0013137263178555605,"{""type"":""MultiPoint"",""coordinates"":[]}"
20090416,2009-04-16,-0.001283949936073067,"{""type"":""MultiPoint"",""coordinates"":[]}"
20090417,2009-04-17,-0.0012559163800665734,"{""type"":""MultiPoint"",""coordinates"":[]}"
20090418,2009-04-18,-0.001390959918001732,"{""type"":""MultiPoint"",""coordinates"":[]}"
20090419,2009-04-19,-0.0013853798786710716,"{""type"":""MultiPoint"",""coordinates"":[]}"
20090420,2009-04-20,-0.0013562404877289025,"{""type"":""MultiPoint"",""coordinates"":[]}"
20090421,2009-04-21,-0.001306082103071578,"{""type"":""MultiPoint"",""coordinates"":[]}"
20090422,2009-04-22,-0.0013035758455768327,"{""type"":""MultiPoint"",""coordinates"":[]}"
20090423,2009-04-23,-0.0013216098766939486,"{""type"":""MultiPoint"",""coordinates"":[]}"
20090424,2009-04-24,-0.001374290639736761,"{""type"":""MultiPoint"",""coordinates"":[]}"
20090425,2009-04-25,-0.0013805544899464334,"{""type"":""MultiPoint"",""coordinates"":[]}"
20090426,2009-04-26,-0.0013638033379093268,"{""type"":""MultiPoint"",""coordinates"":[]}"
20090427,2009-04-27,-0.0013773818140973277,"{""type"":""MultiPoint"",""coordinates"":[]}"
20090428,2009-04-28,-0.0013524493102537768,"{""type"":""MultiPoint"",""coordinates"":[]}"
20090429,2009-04-29,-0.0013179098638139415,"{""type"":""MultiPoint"",""coordinates"":[]}"
20090430,2009-04-30,-0.0012814565716882068,"{""type"":""MultiPoint"",""coordinates"":[]}"
20090501,2009-05-01,-0.0012630885773012497,"{""type"":""MultiPoint"",""coordinates"":[]}"
20090502,2009-05-02,-0.001298973946719136,"{""type"":""MultiPoint"",""coordinates"":[]}"
20090503,2009-05-03,-0.001384167164924136,"{""type"":""MultiPoint"",""coordinates"":[]}"
20090504,2009-05-04,-0.0014397519383012045,"{""type"":""MultiPoint"",""coordinates"":[]}"
20090505,2009-05-05,-0.001499015727914709,"{""type"":""MultiPoint"",""coordinates"":[]}"
20090506,2009-05-06,-0.0015252630821772294,"{""type"":""MultiPoint"",""coordinates"":[]}"
20090507,2009-05-07,-0.001489131261323386,"{""type"":""MultiPoint"",""coordinates"":[]}"
20090508,2009-05-08,-0.0014667480135169052,"{""type"":""MultiPoint"",""coordinates"":[]}"
20090509,2009-05-09,-0.0014148938409151673,"{""type"":""MultiPoint"",""coordinates"":[]}"
20090510,2009-05-10,-0.0013729199172475006,"{""type"":""MultiPoint"",""coordinates"":[]}"
20090511,2009-05-11,-0.0013441426348258618,"{""type"":""MultiPoint"",""coordinates"":[]}"
20090512,2009-05-12,-0.001404085961955324,"{""type"":""MultiPoint"",""coordinates"":[]}"
20090513,2009-05-13,-0.0014139255937107578,"{""type"":""MultiPoint"",""coordinates"":[]}"
20090514,2009-05-14,-0.0014808406405245977,"{""type"":""MultiPoint"",""coordinates"":[]}"
20090515,2009-05-15,-0.0015339205762425175,"{""type"":""MultiPoint"",""coordinates"":[]}"
20090516,2009-05-16,-0.0015723234275273783,"{""type"":""MultiPoint"",""coordinates"":[]}"
20090517,2009-05-17,-0.0015464918867166735,"{""type"":""MultiPoint"",""coordinates"":[]}"
20090518,2009-05-18,-0.001574992077512485,"{""type"":""MultiPoint"",""coordinates"":[]}"
20090519,2009-05-19,-0.0016537930154255267,"{""type"":""MultiPoint"",""coordinates"":[]}"
20090520,2009-05-20,-0.0017583965655454529,"{""type"":""MultiPoint"",""coordinates"":[]}"
20090521,2009-05-21,-0.001834433378247189,"{""type"":""MultiPoint"",""coordinates"":[]}"
20090522,2009-05-22,-0.0018152650382626885,"{""type"":""MultiPoint"",""coordinates"":[]}"
20090523,2009-05-23,-0.0018747467606822165,"{""type"":""MultiPoint"",""coordinates"":[]}"
20090524,2009-05-24,-0.0018433793751569893,"{""type"":""MultiPoint"",""coordinates"":[]}"
20090525,2009-05-25,-0.00170273973401519,"{""type"":""MultiPoint"",""coordinates"":[]}"
20090526,2009-05-26,-0.0016242378385562693,"{""type"":""MultiPoint"",""coordinates"":[]}"
20090527,2009-05-27,-0.0017322754941354367,"{""type"":""MultiPoint"",""coordinates"":[]}"
20090528,2009-05-28,-0.0017251133760927575,"{""type"":""MultiPoint"",""coordinates"":[]}"
20090529,2009-05-29,-0.0017275746071779914,"{""type"":""MultiPoint"",""coordinates"":[]}"
20090530,2009-05-30,-0.0017555169826977243,"{""type"":""MultiPoint"",""coordinates"":[]}"
20090531,2009-05-31,-0.0017328475585524036,"{""type"":""MultiPoint"",""coordinates"":[]}"
20090601,2009-06-01,-0.00183332781662621,"{""type"":""MultiPoint"",""coordinates"":[]}"
20090602,2009-06-02,-0.0019617154875142405,"{""type"":""MultiPoint"",""coordinates"":[]}"
20090603,2009-06-03,-0.001978317783714615,"{""type"":""MultiPoint"",""coordinates"":[]}"
20090604,2009-06-04,-0.0019149023109256466,"{""type"":""MultiPoint"",""coordinates"":[]}"
20090605,2009-06-05,-0.0018691478664934653,"{""type"":""MultiPoint"",""coordinates"":[]}"
20090606,2009-06-06,-0.0018407182194085275,"{""type"":""MultiPoint"",""coordinates"":[]}"
20090607,2009-06-07,-0.0018320067522900182,"{""type"":""MultiPoint"",""coordinates"":[]}"
20090608,2009-06-08,-0.0018291533784231852,"{""type"":""MultiPoint"",""coordinates"":[]}"
20090609,2009-06-09,-0.0018987078183228103,"{""type"":""MultiPoint"",""coordinates"":[]}"
20090610,2009-06-10,-0.0018828537787802275,"{""type"":""MultiPoint"",""coordinates"":[]}"
20090611,2009-06-11,-0.0018134850250784726,"{""type"":""MultiPoint"",""coordinates"":[]}"
20090612,2009-06-12,-0.0017758228367076236,"{""type"":""MultiPoint"",""coordinates"":[]}"
20090613,2009-06-13,-0.0018223709667799903,"{""type"":""MultiPoint"",""coordinates"":[]}"
20090614,2009-06-14,-0.0018548793272591929,"{""type"":""MultiPoint"",""coordinates"":[]}"
20090615,2009-06-15,-0.0019195452289979171,"{""type"":""MultiPoint"",""coordinates"":[]}"
20090616,2009-06-16,-0.001983207864109837,"{""type"":""MultiPoint"",""coordinates"":[]}"
20090617,2009-06-17,-0.0020479591515504643,"{""type"":""MultiPoint"",""coordinates"":[]}"
20090618,2009-06-18,-0.0019972100863791015,"{""type"":""MultiPoint"",""coordinates"":[]}"
20090619,2009-06-19,-0.001898598150214205,"{""type"":""MultiPoint"",""coordinates"":[]}"
20090620,2009-06-20,-0.0018554530236190691,"{""type"":""MultiPoint"",""coordinates"":[]}"
20090621,2009-06-21,-0.0018908161140047132,"{""type"":""MultiPoint"",""coordinates"":[]}"
20090622,2009-06-22,-0.001873107174794263,"{""type"":""MultiPoint"",""coordinates"":[]}"
20090623,2009-06-23,-0.0019276755424323996,"{""type"":""MultiPoint"",""coordinates"":[]}"
20090624,2009-06-24,-0.001962177284876603,"{""type"":""MultiPoint"",""coordinates"":[]}"
20090625,2009-06-25,-0.001998310724701321,"{""type"":""MultiPoint"",""coordinates"":[]}"
20090626,2009-06-26,-0.0020199050543733494,"{""type"":""MultiPoint"",""coordinates"":[]}"
20090627,2009-06-27,-0.002036344056886778,"{""type"":""MultiPoint"",""coordinates"":[]}"
20090628,2009-06-28,-0.0020368685610693163,"{""type"":""MultiPoint"",""coordinates"":[]}"
20090629,2009-06-29,-0.002138140606841654,"{""type"":""MultiPoint"",""coordinates"":[]}"
20090630,2009-06-30,-0.0021434441527490525,"{""type"":""MultiPoint"",""coordinates"":[]}"
20090701,2009-07-01,-0.0021466204044777375,"{""type"":""MultiPoint"",""coordinates"":[]}"
20090702,2009-07-02,-0.002142370181305134,"{""type"":""MultiPoint"",""coordinates"":[]}"
20090703,2009-07-03,-0.002286000618311677,"{""type"":""MultiPoint"",""coordinates"":[]}"
20090704,2009-07-04,-0.0024225933077965606,"{""type"":""MultiPoint"",""coordinates"":[]}"
20090705,2009-07-05,-0.002430494704085405,"{""type"":""MultiPoint"",""coordinates"":[]}"
20090706,2009-07-06,-0.0022627798099833746,"{""type"":""MultiPoint"",""coordinates"":[]}"
20090707,2009-07-07,-0.0022312598544765422,"{""type"":""MultiPoint"",""coordinates"":[]}"
20090708,2009-07-08,-0.0022207615737588333,"{""type"":""MultiPoint"",""coordinates"":[]}"
20090709,2009-07-09,-0.002213054892174506,"{""type"":""MultiPoint"",""coordinates"":[]}"
20090710,2009-07-10,-0.0023840301719401658,"{""type"":""MultiPoint"",""coordinates"":[]}"
20090711,2009-07-11,-0.002536612921913479,"{""type"":""MultiPoint"",""coordinates"":[]}"
20090712,2009-07-12,-0.0026679284358907926,"{""type"":""MultiPoint"",""coordinates"":[]}"
20090713,2009-07-13,-0.002644983432596346,"{""type"":""MultiPoint"",""coordinates"":[]}"
20090714,2009-07-14,-0.002648732560906505,"{""type"":""MultiPoint"",""coordinates"":[]}"
20090715,2009-07-15,-0.0026687394220273656,"{""type"":""MultiPoint"",""coordinates"":[]}"
20090716,2009-07-16,-0.0025995564096189653,"{""type"":""MultiPoint"",""coordinates"":[]}"
20090717,2009-07-17,-0.0026939120811927527,"{""type"":""MultiPoint"",""coordinates"":[]}"
20090718,2009-07-18,-0.0026765969814405034,"{""type"":""MultiPoint"",""coordinates"":[]}"
20090719,2009-07-19,-0.002757842416131635,"{""type"":""MultiPoint"",""coordinates"":[]}"
20090720,2009-07-20,-0.002646101078159135,"{""type"":""MultiPoint"",""coordinates"":[]}"
20090721,2009-07-21,-0.002574467317758325,"{""type"":""MultiPoint"",""coordinates"":[]}"
20090722,2009-07-22,-0.0026169381314183563,"{""type"":""MultiPoint"",""coordinates"":[]}"
20090723,2009-07-23,-0.002845586366728357,"{""type"":""MultiPoint"",""coordinates"":[]}"
20090724,2009-07-24,-0.0029658033146873785,"{""type"":""MultiPoint"",""coordinates"":[]}"
20090725,2009-07-25,-0.002961463982553772,"{""type"":""MultiPoint"",""coordinates"":[]}"
20090726,2009-07-26,-0.002839404500503969,"{""type"":""MultiPoint"",""coordinates"":[]}"
20090727,2009-07-27,-0.0025616375974356585,"{""type"":""MultiPoint"",""coordinates"":[]}"
20090728,2009-07-28,-0.0024356965965662476,"{""type"":""MultiPoint"",""coordinates"":[]}"
20090729,2009-07-29,-0.0024932438784081843,"{""type"":""MultiPoint"",""coordinates"":[]}"
20090730,2009-07-30,-0.002696581768279262,"{""type"":""MultiPoint"",""coordinates"":[]}"
20090731,2009-07-31,-0.002799398916951086,"{""type"":""MultiPoint"",""coordinates"":[]}"
20090801,2009-08-01,-0.0028272095900734795,"{""type"":""MultiPoint"",""coordinates"":[]}"
20090802,2009-08-02,-0.002862989935363577,"{""type"":""MultiPoint"",""coordinates"":[]}"
20090803,2009-08-03,-0.002916396068950479,"{""type"":""MultiPoint"",""coordinates"":[]}"
20090804,2009-08-04,-0.002901210484783561,"{""type"":""MultiPoint"",""coordinates"":[]}"
20090805,2009-08-05,-0.002719824317892507,"{""type"":""MultiPoint"",""coordinates"":[]}"
20090806,2009-08-06,-0.002519937400500405,"{""type"":""MultiPoint"",""coordinates"":[]}"
20090807,2009-08-07,-0.0025433704925078796,"{""type"":""MultiPoint"",""coordinates"":[]}"
20090808,2009-08-08,-0.00258022860528142,"{""type"":""MultiPoint"",""coordinates"":[]}"
20090809,2009-08-09,-0.0025044449463489686,"{""type"":""MultiPoint"",""coordinates"":[]}"
20090810,2009-08-10,-0.0025344938283071933,"{""type"":""MultiPoint"",""coordinates"":[]}"
20090811,2009-08-11,-0.002414519953241985,"{""type"":""MultiPoint"",""coordinates"":[]}"
20090812,2009-08-12,-0.0024899891846041945,"{""type"":""MultiPoint"",""coordinates"":[]}"
20090813,2009-08-13,-0.0024635142433615176,"{""type"":""MultiPoint"",""coordinates"":[]}"
20090814,2009-08-14,-0.002281669365006589,"{""type"":""MultiPoint"",""coordinates"":[]}"
20090815,2009-08-15,-0.002130205593319171,"{""type"":""MultiPoint"",""coordinates"":[]}"
20090816,2009-08-16,-0.0022568971825735677,"{""type"":""MultiPoint"",""coordinates"":[]}"
20090817,2009-08-17,-0.0023870155062292345,"{""type"":""MultiPoint"",""coordinates"":[]}"
20090818,2009-08-18,-0.002532248942886791,"{""type"":""MultiPoint"",""coordinates"":[]}"
20090819,2009-08-19,-0.002580431202990695,"{""type"":""MultiPoint"",""coordinates"":[]}"
20090820,2009-08-20,-0.002515762258631631,"{""type"":""MultiPoint"",""coordinates"":[]}"
20090821,2009-08-21,-0.002557423595230728,"{""type"":""MultiPoint"",""coordinates"":[]}"
20090822,2009-08-22,-0.0027046061572839936,"{""type"":""MultiPoint"",""coordinates"":[]}"
20090823,2009-08-23,-0.0026104786745300376,"{""type"":""MultiPoint"",""coordinates"":[]}"
20090824,2009-08-24,-0.0025899639509929144,"{""type"":""MultiPoint"",""coordinates"":[]}"
20090825,2009-08-25,-0.002518159474008828,"{""type"":""MultiPoint"",""coordinates"":[]}"
20090826,2009-08-26,-0.0024436542970731746,"{""type"":""MultiPoint"",""coordinates"":[]}"
20090827,2009-08-27,-0.00247622674443276,"{""type"":""MultiPoint"",""coordinates"":[]}"
20090828,2009-08-28,-0.0025225514519202886,"{""type"":""MultiPoint"",""coordinates"":[]}"
20090829,2009-08-29,-0.002678851662210359,"{""type"":""MultiPoint"",""coordinates"":[]}"
20090830,2009-08-30,-0.0027096851340334747,"{""type"":""MultiPoint"",""coordinates"":[]}"
20090831,2009-08-31,-0.0026553292084467396,"{""type"":""MultiPoint"",""coordinates"":[]}"
20090901,2009-09-01,-0.002738937532190558,"{""type"":""MultiPoint"",""coordinates"":[]}"
20090902,2009-09-02,-0.002667545666862059,"{""type"":""MultiPoint"",""coordinates"":[]}"
20090903,2009-09-03,-0.0025693190453606437,"{""type"":""MultiPoint"",""coordinates"":[]}"
20090904,2009-09-04,-0.00270844162074716,"{""type"":""MultiPoint"",""coordinates"":[]}"
20090905,2009-09-05,-0.002634375916357173,"{""type"":""MultiPoint"",""coordinates"":[]}"
20090906,2009-09-06,-0.0026267425073700887,"{""type"":""MultiPoint"",""coordinates"":[]}"
20090907,2009-09-07,-0.0026732739319542467,"{""type"":""MultiPoint"",""coordinates"":[]}"
20090908,2009-09-08,-0.0026178253747881496,"{""type"":""MultiPoint"",""coordinates"":[]}"
20090909,2009-09-09,-0.002521101501700377,"{""type"":""MultiPoint"",""coordinates"":[]}"
20090910,2009-09-10,-0.002500487625841116,"{""type"":""MultiPoint"",""coordinates"":[]}"
20090911,2009-09-11,-0.002612705601866531,"{""type"":""MultiPoint"",""coordinates"":[]}"
20090912,2009-09-12,-0.0028119173179367942,"{""type"":""MultiPoint"",""coordinates"":[]}"
20090913,2009-09-13,-0.0028777701815223965,"{""type"":""MultiPoint"",""coordinates"":[]}"
20090914,2009-09-14,-0.0028146652890083355,"{""type"":""MultiPoint"",""coordinates"":[]}"
20090915,2009-09-15,-0.0027780291953198246,"{""type"":""MultiPoint"",""coordinates"":[]}"
20090916,2009-09-16,-0.0028376120376134586,"{""type"":""MultiPoint"",""coordinates"":[]}"
20090917,2009-09-17,-0.0028367632897656372,"{""type"":""MultiPoint"",""coordinates"":[]}"
20090918,2009-09-18,-0.0026844197692254363,"{""type"":""MultiPoint"",""coordinates"":[]}"
20090919,2009-09-19,-0.0026181861498007146,"{""type"":""MultiPoint"",""coordinates"":[]}"
20090920,2009-09-20,-0.0026317162946647168,"{""type"":""MultiPoint"",""coordinates"":[]}"
20090921,2009-09-21,-0.002544294167371754,"{""type"":""MultiPoint"",""coordinates"":[]}"
20090922,2009-09-22,-0.002469156920994855,"{""type"":""MultiPoint"",""coordinates"":[]}"
20090923,2009-09-23,-0.002492602956166611,"{""type"":""MultiPoint"",""coordinates"":[]}"
20090924,2009-09-24,-0.002494332032617066,"{""type"":""MultiPoint"",""coordinates"":[]}"
20090925,2009-09-25,-0.0024890909026391663,"{""type"":""MultiPoint"",""coordinates"":[]}"
20090926,2009-09-26,-0.002558102317114317,"{""type"":""MultiPoint"",""coordinates"":[]}"
20090927,2009-09-27,-0.0025005002967446177,"{""type"":""MultiPoint"",""coordinates"":[]}"
20090928,2009-09-28,-0.00243559232262289,"{""type"":""MultiPoint"",""coordinates"":[]}"
20090929,2009-09-29,-0.002387087218667357,"{""type"":""MultiPoint"",""coordinates"":[]}"
20090930,2009-09-30,-0.0023739283141877895,"{""type"":""MultiPoint"",""coordinates"":[]}"
20091001,2009-10-01,-0.0023259959932269377,"{""type"":""MultiPoint"",""coordinates"":[]}"
20091002,2009-10-02,-0.0020760163348500127,"{""type"":""MultiPoint"",""coordinates"":[]}"
20091003,2009-10-03,-0.0019307809163612774,"{""type"":""MultiPoint"",""coordinates"":[]}"
20091004,2009-10-04,-0.0019166877926373,"{""type"":""MultiPoint"",""coordinates"":[]}"
20091005,2009-10-05,-0.001844655255155397,"{""type"":""MultiPoint"",""coordinates"":[]}"
20091006,2009-10-06,-0.0018174371011913178,"{""type"":""MultiPoint"",""coordinates"":[]}"
20091007,2009-10-07,-0.0019405912058873245,"{""type"":""MultiPoint"",""coordinates"":[]}"
20091008,2009-10-08,-0.00209094017273147,"{""type"":""MultiPoint"",""coordinates"":[]}"
20091009,2009-10-09,-0.002199558100995295,"{""type"":""MultiPoint"",""coordinates"":[]}"
20091010,2009-10-10,-0.0021602321628619225,"{""type"":""MultiPoint"",""coordinates"":[]}"
20091011,2009-10-11,-0.0021040804100934743,"{""type"":""MultiPoint"",""coordinates"":[]}"
20091012,2009-10-12,-0.002111663685318834,"{""type"":""MultiPoint"",""coordinates"":[]}"
20091013,2009-10-13,-0.0021190267348525325,"{""type"":""MultiPoint"",""coordinates"":[]}"
20091014,2009-10-14,-0.0021314699855910163,"{""type"":""MultiPoint"",""coordinates"":[]}"
20091015,2009-10-15,-0.002069115298801675,"{""type"":""MultiPoint"",""coordinates"":[]}"
20091016,2009-10-16,-0.002022892336625407,"{""type"":""MultiPoint"",""coordinates"":[]}"
20091017,2009-10-17,-0.0020446011158271587,"{""type"":""MultiPoint"",""coordinates"":[]}"
20091018,2009-10-18,-0.0020642093906867226,"{""type"":""MultiPoint"",""coordinates"":[]}"
20091019,2009-10-19,-0.0020867468180595715,"{""type"":""MultiPoint"",""coordinates"":[]}"
20091020,2009-10-20,-0.00207783628392727,"{""type"":""MultiPoint"",""coordinates"":[]}"
20091021,2009-10-21,-0.0019895604305551024,"{""type"":""MultiPoint"",""coordinates"":[]}"
20091022,2009-10-22,-0.001989991013317638,"{""type"":""MultiPoint"",""coordinates"":[]}"
20091023,2009-10-23,-0.001954798025561924,"{""type"":""MultiPoint"",""coordinates"":[]}"
20091024,2009-10-24,-0.0018686793257570629,"{""type"":""MultiPoint"",""coordinates"":[]}"
20091025,2009-10-25,-0.0018435213524858978,"{""type"":""MultiPoint"",""coordinates"":[]}"
20091026,2009-10-26,-0.0018336088432958047,"{""type"":""MultiPoint"",""coordinates"":[]}"
20091027,2009-10-27,-0.001791400367147081,"{""type"":""MultiPoint"",""coordinates"":[]}"
20091028,2009-10-28,-0.0017485830938218701,"{""type"":""MultiPoint"",""coordinates"":[]}"
20091029,2009-10-29,-0.0017328491916414133,"{""type"":""MultiPoint"",""coordinates"":[]}"
20091030,2009-10-30,-0.0017034373953226597,"{""type"":""MultiPoint"",""coordinates"":[]}"
20091031,2009-10-31,-0.0016986942514001062,"{""type"":""MultiPoint"",""coordinates"":[]}"
20091101,2009-11-01,-0.0016368616127946233,"{""type"":""MultiPoint"",""coordinates"":[]}"
20091102,2009-11-02,-0.0016480350778101335,"{""type"":""MultiPoint"",""coordinates"":[]}"
20091103,2009-11-03,-0.0015894025871210186,"{""type"":""MultiPoint"",""coordinates"":[]}"
20091104,2009-11-04,-0.0014989951951835296,"{""type"":""MultiPoint"",""coordinates"":[]}"
20091105,2009-11-05,-0.0013893990502431971,"{""type"":""MultiPoint"",""coordinates"":[]}"
20091106,2009-11-06,-0.0013860997753616672,"{""type"":""MultiPoint"",""coordinates"":[]}"
20091107,2009-11-07,-0.0013466554134513925,"{""type"":""MultiPoint"",""coordinates"":[]}"
20091108,2009-11-08,-0.001361850390402689,"{""type"":""MultiPoint"",""coordinates"":[]}"
20091109,2009-11-09,-0.0013259673921616607,"{""type"":""MultiPoint"",""coordinates"":[]}"
20091110,2009-11-10,-0.0013185982159592863,"{""type"":""MultiPoint"",""coordinates"":[]}"
20091111,2009-11-11,-0.0013684437416947148,"{""type"":""MultiPoint"",""coordinates"":[]}"
20091112,2009-11-12,-0.00133169045927391,"{""type"":""MultiPoint"",""coordinates"":[]}"
20091113,2009-11-13,-0.0012890567812385704,"{""type"":""MultiPoint"",""coordinates"":[]}"
20091114,2009-11-14,-0.0012965051245462068,"{""type"":""MultiPoint"",""coordinates"":[]}"
20091115,2009-11-15,-0.0012714441621175037,"{""type"":""MultiPoint"",""coordinates"":[]}"
20091116,2009-11-16,-0.0011642514943695492,"{""type"":""MultiPoint"",""coordinates"":[]}"
20091117,2009-11-17,-0.0011463357670988255,"{""type"":""MultiPoint"",""coordinates"":[]}"
20091118,2009-11-18,-0.0012297149236264724,"{""type"":""MultiPoint"",""coordinates"":[]}"
20091119,2009-11-19,-0.0013172178739013745,"{""type"":""MultiPoint"",""coordinates"":[]}"
20091120,2009-11-20,-0.0013440251617560517,"{""type"":""MultiPoint"",""coordinates"":[]}"
20091121,2009-11-21,-0.0013113287868402373,"{""type"":""MultiPoint"",""coordinates"":[]}"
20091122,2009-11-22,-0.0013254961002341402,"{""type"":""MultiPoint"",""coordinates"":[]}"
20091123,2009-11-23,-0.00130325010172656,"{""type"":""MultiPoint"",""coordinates"":[]}"
20091124,2009-11-24,-0.0012741941083244267,"{""type"":""MultiPoint"",""coordinates"":[]}"
20091125,2009-11-25,-0.001311715256003995,"{""type"":""MultiPoint"",""coordinates"":[]}"
20091126,2009-11-26,-0.0013325943587452406,"{""type"":""MultiPoint"",""coordinates"":[]}"
20091127,2009-11-27,-0.0013239185303757942,"{""type"":""MultiPoint"",""coordinates"":[]}"
20091128,2009-11-28,-0.001307576704274649,"{""type"":""MultiPoint"",""coordinates"":[]}"
20091129,2009-11-29,-0.001255350624489626,"{""type"":""MultiPoint"",""coordinates"":[]}"
20091130,2009-11-30,-0.001193285582712736,"{""type"":""MultiPoint"",""coordinates"":[]}"
20091201,2009-12-01,-0.0011618417765759438,"{""type"":""MultiPoint"",""coordinates"":[]}"
20091202,2009-12-02,-0.0011140519651948076,"{""type"":""MultiPoint"",""coordinates"":[]}"
20091203,2009-12-03,-0.00110068052852739,"{""type"":""MultiPoint"",""coordinates"":[]}"
20091204,2009-12-04,-0.0010784234423610389,"{""type"":""MultiPoint"",""coordinates"":[]}"
20091205,2009-12-05,-0.001089017065699974,"{""type"":""MultiPoint"",""coordinates"":[]}"
20091206,2009-12-06,-0.0010878164274369688,"{""type"":""MultiPoint"",""coordinates"":[]}"
20091207,2009-12-07,-0.001076031920846283,"{""type"":""MultiPoint"",""coordinates"":[]}"
20091208,2009-12-08,-0.0010393086993100132,"{""type"":""MultiPoint"",""coordinates"":[]}"
20091209,2009-12-09,-0.0010418120365430189,"{""type"":""MultiPoint"",""coordinates"":[]}"
20091210,2009-12-10,-0.0010365737015605799,"{""type"":""MultiPoint"",""coordinates"":[]}"
20091211,2009-12-11,-0.0010077840615921798,"{""type"":""MultiPoint"",""coordinates"":[]}"
20091212,2009-12-12,-9.412362845601461E-4,"{""type"":""MultiPoint"",""coordinates"":[]}"
20091213,2009-12-13,-9.398416153048896E-4,"{""type"":""MultiPoint"",""coordinates"":[]}"
20091214,2009-12-14,-9.479013001569613E-4,"{""type"":""MultiPoint"",""coordinates"":[]}"
20091215,2009-12-15,-9.309862408950677E-4,"{""type"":""MultiPoint"",""coordinates"":[]}"
20091216,2009-12-16,-8.664799558783734E-4,"{""type"":""MultiPoint"",""coordinates"":[]}"
20091217,2009-12-17,-8.597016598354685E-4,"{""type"":""MultiPoint"",""coordinates"":[]}"
20091218,2009-12-18,-8.869623195454643E-4,"{""type"":""MultiPoint"",""coordinates"":[]}"
20091219,2009-12-19,-9.072458160586128E-4,"{""type"":""MultiPoint"",""coordinates"":[]}"
20091220,2009-12-20,-9.119303336275136E-4,"{""type"":""MultiPoint"",""coordinates"":[]}"
20091221,2009-12-21,-9.020474613572715E-4,"{""type"":""MultiPoint"",""coordinates"":[]}"
20091222,2009-12-22,-8.645964329543622E-4,"{""type"":""MultiPoint"",""coordinates"":[]}"
20091223,2009-12-23,-8.666179746791153E-4,"{""type"":""MultiPoint"",""coordinates"":[]}"
20091224,2009-12-24,-8.81759144766373E-4,"{""type"":""MultiPoint"",""coordinates"":[]}"
20091225,2009-12-25,-8.567175080290645E-4,"{""type"":""MultiPoint"",""coordinates"":[]}"
20091226,2009-12-26,-8.369821681070795E-4,"{""type"":""MultiPoint"",""coordinates"":[]}"
20091227,2009-12-27,-8.158490703203872E-4,"{""type"":""MultiPoint"",""coordinates"":[]}"
20091228,2009-12-28,-7.958262625483807E-4,"{""type"":""MultiPoint"",""coordinates"":[]}"
20091229,2009-12-29,-7.991767553020172E-4,"{""type"":""MultiPoint"",""coordinates"":[]}"
20091230,2009-12-30,-8.231890627309324E-4,"{""type"":""MultiPoint"",""coordinates"":[]}"
20091231,2009-12-31,-8.434772396131734E-4,"{""type"":""MultiPoint"",""coordinates"":[]}"
20100101,2010-01-01,-8.820678972299865E-4,"{""type"":""MultiPoint"",""coordinates"":[]}"
20100102,2010-01-02,-8.812259452195708E-4,"{""type"":""MultiPoint"",""coordinates"":[]}"
20100103,2010-01-03,-9.057354605931156E-4,"{""type"":""MultiPoint"",""coordinates"":[]}"
20100104,2010-01-04,-8.861245573232343E-4,"{""type"":""MultiPoint"",""coordinates"":[]}"
20100105,2010-01-05,-8.658883049090253E-4,"{""type"":""MultiPoint"",""coordinates"":[]}"
20100106,2010-01-06,-8.475031421907463E-4,"{""type"":""MultiPoint"",""coordinates"":[]}"
20100107,2010-01-07,-8.355193941104289E-4,"{""type"":""MultiPoint"",""coordinates"":[]}"
20100108,2010-01-08,-8.123892206057112E-4,"{""type"":""MultiPoint"",""coordinates"":[]}"
20100109,2010-01-09,-7.575678251667072E-4,"{""type"":""MultiPoint"",""coordinates"":[]}"
20100110,2010-01-10,-7.678846413430106E-4,"{""type"":""MultiPoint"",""coordinates"":[]}"
20100111,2010-01-11,-7.881075728668831E-4,"{""type"":""MultiPoint"",""coordinates"":[]}"
20100112,2010-01-12,-8.267735739286519E-4,"{""type"":""MultiPoint"",""coordinates"":[]}"
20100113,2010-01-13,-8.622950601990855E-4,"{""type"":""MultiPoint"",""coordinates"":[]}"
20100114,2010-01-14,-9.027776404665444E-4,"{""type"":""MultiPoint"",""coordinates"":[]}"
20100115,2010-01-15,-9.151429695993402E-4,"{""type"":""MultiPoint"",""coordinates"":[]}"
20100116,2010-01-16,-9.15457444961397E-4,"{""type"":""MultiPoint"",""coordinates"":[]}"
20100117,2010-01-17,-9.095347440322817E-4,"{""type"":""MultiPoint"",""coordinates"":[]}"
20100118,2010-01-18,-8.909587713234751E-4,"{""type"":""MultiPoint"",""coordinates"":[]}"
20100119,2010-01-19,-8.769766280380116E-4,"{""type"":""MultiPoint"",""coordinates"":[]}"
20100120,2010-01-20,-9.045686150359184E-4,"{""type"":""MultiPoint"",""coordinates"":[]}"
20100121,2010-01-21,-9.031176510052931E-4,"{""type"":""MultiPoint"",""coordinates"":[]}"
20100122,2010-01-22,-8.910604558510929E-4,"{""type"":""MultiPoint"",""coordinates"":[]}"
20100123,2010-01-23,-8.890972065158771E-4,"{""type"":""MultiPoint"",""coordinates"":[]}"
20100124,2010-01-24,-8.910643657642954E-4,"{""type"":""MultiPoint"",""coordinates"":[]}"
20100125,2010-01-25,-8.692401350755104E-4,"{""type"":""MultiPoint"",""coordinates"":[]}"
20100126,2010-01-26,-8.658795881967733E-4,"{""type"":""MultiPoint"",""coordinates"":[]}"
20100127,2010-01-27,-8.578554944756815E-4,"{""type"":""MultiPoint"",""coordinates"":[]}"
20100128,2010-01-28,-8.452829500867944E-4,"{""type"":""MultiPoint"",""coordinates"":[]}"
20100129,2010-01-29,-8.647225388732012E-4,"{""type"":""MultiPoint"",""coordinates"":[]}"
20100130,2010-01-30,-8.644389126009789E-4,"{""type"":""MultiPoint"",""coordinates"":[]}"
20100131,2010-01-31,-8.497255470290786E-4,"{""type"":""MultiPoint"",""coordinates"":[]}"
20100201,2010-02-01,-8.313951750642105E-4,"{""type"":""MultiPoint"",""coordinates"":[]}"
20100202,2010-02-02,-8.358232648899963E-4,"{""type"":""MultiPoint"",""coordinates"":[]}"
20100203,2010-02-03,-8.420117435678475E-4,"{""type"":""MultiPoint"",""coordinates"":[]}"
20100204,2010-02-04,-8.359256408611567E-4,"{""type"":""MultiPoint"",""coordinates"":[]}"
20100205,2010-02-05,-8.281570449438032E-4,"{""type"":""MultiPoint"",""coordinates"":[]}"
20100206,2010-02-06,-8.665850833306011E-4,"{""type"":""MultiPoint"",""coordinates"":[]}"
20100207,2010-02-07,-8.475853051783166E-4,"{""type"":""MultiPoint"",""coordinates"":[]}"
20100208,2010-02-08,-8.973993502039392E-4,"{""type"":""MultiPoint"",""coordinates"":[]}"
20100209,2010-02-09,-8.807726321388209E-4,"{""type"":""MultiPoint"",""coordinates"":[]}"
20100210,2010-02-10,-8.674157898548269E-4,"{""type"":""MultiPoint"",""coordinates"":[]}"
20100211,2010-02-11,-8.426654497731622E-4,"{""type"":""MultiPoint"",""coordinates"":[]}"
20100212,2010-02-12,-8.598670791847481E-4,"{""type"":""MultiPoint"",""coordinates"":[]}"
20100213,2010-02-13,-8.916404213487428E-4,"{""type"":""MultiPoint"",""coordinates"":[]}"
20100214,2010-02-14,-9.037680477310186E-4,"{""type"":""MultiPoint"",""coordinates"":[]}"
20100215,2010-02-15,-9.166348944544392E-4,"{""type"":""MultiPoint"",""coordinates"":[]}"
20100216,2010-02-16,-9.21026996537639E-4,"{""type"":""MultiPoint"",""coordinates"":[]}"
20100217,2010-02-17,-9.301260696605615E-4,"{""type"":""MultiPoint"",""coordinates"":[]}"
20100218,2010-02-18,-9.591730335316313E-4,"{""type"":""MultiPoint"",""coordinates"":[]}"
20100219,2010-02-19,-9.223521187053458E-4,"{""type"":""MultiPoint"",""coordinates"":[]}"
20100220,2010-02-20,-9.353520718367406E-4,"{""type"":""MultiPoint"",""coordinates"":[]}"
20100221,2010-02-21,-9.411797915305967E-4,"{""type"":""MultiPoint"",""coordinates"":[]}"
20100222,2010-02-22,-9.173031898663362E-4,"{""type"":""MultiPoint"",""coordinates"":[]}"
20100223,2010-02-23,-9.334954251825249E-4,"{""type"":""MultiPoint"",""coordinates"":[]}"
20100224,2010-02-24,-9.219065293114903E-4,"{""type"":""MultiPoint"",""coordinates"":[]}"
20100225,2010-02-25,-9.35379054782623E-4,"{""type"":""MultiPoint"",""coordinates"":[]}"
20100226,2010-02-26,-9.449584733648824E-4,"{""type"":""MultiPoint"",""coordinates"":[]}"
20100227,2010-02-27,-9.730099496917996E-4,"{""type"":""MultiPoint"",""coordinates"":[]}"
20100228,2010-02-28,-9.715054998073479E-4,"{""type"":""MultiPoint"",""coordinates"":[]}"
20100301,2010-03-01,-9.770208674649693E-4,"{""type"":""MultiPoint"",""coordinates"":[]}"
20100302,2010-03-02,-9.88244503819473E-4,"{""type"":""MultiPoint"",""coordinates"":[]}"
20100303,2010-03-03,-9.609259004277552E-4,"{""type"":""MultiPoint"",""coordinates"":[]}"
20100304,2010-03-04,-9.912311736083776E-4,"{""type"":""MultiPoint"",""coordinates"":[]}"
20100305,2010-03-05,-9.916891392174243E-4,"{""type"":""MultiPoint"",""coordinates"":[]}"
20100306,2010-03-06,-9.589587105199052E-4,"{""type"":""MultiPoint"",""coordinates"":[]}"
20100307,2010-03-07,-9.987663097081301E-4,"{""type"":""MultiPoint"",""coordinates"":[]}"
20100308,2010-03-08,-9.946374578793731E-4,"{""type"":""MultiPoint"",""coordinates"":[]}"
20100309,2010-03-09,-9.927157849764464E-4,"{""type"":""MultiPoint"",""coordinates"":[]}"
20100310,2010-03-10,-0.001010348546011994,"{""type"":""MultiPoint"",""coordinates"":[]}"
20100311,2010-03-11,-0.001014903711407648,"{""type"":""MultiPoint"",""coordinates"":[]}"
20100312,2010-03-12,-0.0010126001928919496,"{""type"":""MultiPoint"",""coordinates"":[]}"
20100313,2010-03-13,-9.912578238726781E-4,"{""type"":""MultiPoint"",""coordinates"":[]}"
20100314,2010-03-14,-9.813124603020639E-4,"{""type"":""MultiPoint"",""coordinates"":[]}"
20100315,2010-03-15,-0.0010097388431174513,"{""type"":""MultiPoint"",""coordinates"":[]}"
20100316,2010-03-16,-0.001001971092005085,"{""type"":""MultiPoint"",""coordinates"":[]}"
20100317,2010-03-17,-0.0010368192964266437,"{""type"":""MultiPoint"",""coordinates"":[]}"
20100318,2010-03-18,-0.00106029217177823,"{""type"":""MultiPoint"",""coordinates"":[]}"
20100319,2010-03-19,-0.0010853146361151597,"{""type"":""MultiPoint"",""coordinates"":[]}"
20100320,2010-03-20,-0.0010912265200722028,"{""type"":""MultiPoint"",""coordinates"":[]}"
20100321,2010-03-21,-0.0010750764081688573,"{""type"":""MultiPoint"",""coordinates"":[]}"
20100322,2010-03-22,-0.001005132064674997,"{""type"":""MultiPoint"",""coordinates"":[]}"
20100323,2010-03-23,-0.0010003401194193346,"{""type"":""MultiPoint"",""coordinates"":[]}"
20100324,2010-03-24,-0.0010064948353241518,"{""type"":""MultiPoint"",""coordinates"":[]}"
20100325,2010-03-25,-9.928899987118058E-4,"{""type"":""MultiPoint"",""coordinates"":[]}"
20100326,2010-03-26,-9.84302608249642E-4,"{""type"":""MultiPoint"",""coordinates"":[]}"
20100327,2010-03-27,-0.0010354496034416633,"{""type"":""MultiPoint"",""coordinates"":[]}"
20100328,2010-03-28,-0.0010413997275650181,"{""type"":""MultiPoint"",""coordinates"":[]}"
20100329,2010-03-29,-0.001026757223415654,"{""type"":""MultiPoint"",""coordinates"":[]}"
20100330,2010-03-30,-0.0010398197678535828,"{""type"":""MultiPoint"",""coordinates"":[]}"
20100331,2010-03-31,-0.0010660111159042367,"{""type"":""MultiPoint"",""coordinates"":[]}"
20100401,2010-04-01,-0.001097690325929213,"{""type"":""MultiPoint"",""coordinates"":[]}"
20100402,2010-04-02,-0.0011024354265086816,"{""type"":""MultiPoint"",""coordinates"":[]}"
20100403,2010-04-03,-0.001105065707741444,"{""type"":""MultiPoint"",""coordinates"":[]}"
20100404,2010-04-04,-0.0011358274726919317,"{""type"":""MultiPoint"",""coordinates"":[]}"
20100405,2010-04-05,-0.001128533535412349,"{""type"":""MultiPoint"",""coordinates"":[]}"
20100406,2010-04-06,-0.0011350890928144323,"{""type"":""MultiPoint"",""coordinates"":[]}"
20100407,2010-04-07,-0.0011505614003258174,"{""type"":""MultiPoint"",""coordinates"":[]}"
20100408,2010-04-08,-0.0011393688092535875,"{""type"":""MultiPoint"",""coordinates"":[]}"
20100409,2010-04-09,-0.0010884306624665886,"{""type"":""MultiPoint"",""coordinates"":[]}"
20100410,2010-04-10,-0.0010967501498626994,"{""type"":""MultiPoint"",""coordinates"":[]}"
20100411,2010-04-11,-0.0011048486699910358,"{""type"":""MultiPoint"",""coordinates"":[]}"
20100412,2010-04-12,-0.0010846478035177805,"{""type"":""MultiPoint"",""coordinates"":[]}"
20100413,2010-04-13,-0.0011036665618932566,"{""type"":""MultiPoint"",""coordinates"":[]}"
20100414,2010-04-14,-0.001136384284563771,"{""type"":""MultiPoint"",""coordinates"":[]}"
20100415,2010-04-15,-0.0011743844369285334,"{""type"":""MultiPoint"",""coordinates"":[]}"
20100416,2010-04-16,-0.0011980264398552833,"{""type"":""MultiPoint"",""coordinates"":[]}"
20100417,2010-04-17,-0.0011232190668314895,"{""type"":""MultiPoint"",""coordinates"":[]}"
20100418,2010-04-18,-0.0011191238935035494,"{""type"":""MultiPoint"",""coordinates"":[]}"
20100419,2010-04-19,-0.0011264984330985398,"{""type"":""MultiPoint"",""coordinates"":[]}"
20100420,2010-04-20,-0.0011428427659118797,"{""type"":""MultiPoint"",""coordinates"":[]}"
20100421,2010-04-21,-0.0011530762877714914,"{""type"":""MultiPoint"",""coordinates"":[]}"
20100422,2010-04-22,-0.001188841253210135,"{""type"":""MultiPoint"",""coordinates"":[]}"
20100423,2010-04-23,-0.001242196984494308,"{""type"":""MultiPoint"",""coordinates"":[]}"
20100424,2010-04-24,-0.0012205470560519916,"{""type"":""MultiPoint"",""coordinates"":[]}"
20100425,2010-04-25,-0.0012220882625506972,"{""type"":""MultiPoint"",""coordinates"":[]}"
20100426,2010-04-26,-0.001221935561532179,"{""type"":""MultiPoint"",""coordinates"":[]}"
20100427,2010-04-27,-0.0012405223298207588,"{""type"":""MultiPoint"",""coordinates"":[]}"
20100428,2010-04-28,-0.0013282711773905927,"{""type"":""MultiPoint"",""coordinates"":[]}"
20100429,2010-04-29,-0.0013410044926651305,"{""type"":""MultiPoint"",""coordinates"":[]}"
20100430,2010-04-30,-0.0013935611436754487,"{""type"":""MultiPoint"",""coordinates"":[]}"
20100501,2010-05-01,-0.0014482972856502611,"{""type"":""MultiPoint"",""coordinates"":[]}"
20100502,2010-05-02,-0.0014504925176060419,"{""type"":""MultiPoint"",""coordinates"":[]}"
20100503,2010-05-03,-0.0014844716086885586,"{""type"":""MultiPoint"",""coordinates"":[]}"
20100504,2010-05-04,-0.0014901700973058776,"{""type"":""MultiPoint"",""coordinates"":[]}"
20100505,2010-05-05,-0.0014465233193024824,"{""type"":""MultiPoint"",""coordinates"":[]}"
20100506,2010-05-06,-0.0015024398955629623,"{""type"":""MultiPoint"",""coordinates"":[]}"
20100507,2010-05-07,-0.001585384185238665,"{""type"":""MultiPoint"",""coordinates"":[]}"
20100508,2010-05-08,-0.0015802714864416464,"{""type"":""MultiPoint"",""coordinates"":[]}"
20100509,2010-05-09,-0.0015925933815807394,"{""type"":""MultiPoint"",""coordinates"":[]}"
20100510,2010-05-10,-0.00150942954350658,"{""type"":""MultiPoint"",""coordinates"":[]}"
20100511,2010-05-11,-0.0015098983698716996,"{""type"":""MultiPoint"",""coordinates"":[]}"
20100512,2010-05-12,-0.001473034700432098,"{""type"":""MultiPoint"",""coordinates"":[]}"
20100513,2010-05-13,-0.0014378285081871815,"{""type"":""MultiPoint"",""coordinates"":[]}"
20100514,2010-05-14,-0.0014144429498731445,"{""type"":""MultiPoint"",""coordinates"":[]}"
20100515,2010-05-15,-0.0014192039069563709,"{""type"":""MultiPoint"",""coordinates"":[]}"
20100516,2010-05-16,-0.0013574232282570176,"{""type"":""MultiPoint"",""coordinates"":[]}"
20100517,2010-05-17,-0.001344675851407703,"{""type"":""MultiPoint"",""coordinates"":[]}"
20100518,2010-05-18,-0.0014231590645069501,"{""type"":""MultiPoint"",""coordinates"":[]}"
20100519,2010-05-19,-0.0014181140380336822,"{""type"":""MultiPoint"",""coordinates"":[]}"
20100520,2010-05-20,-0.0014805246455747816,"{""type"":""MultiPoint"",""coordinates"":[]}"
20100521,2010-05-21,-0.0014925754749652114,"{""type"":""MultiPoint"",""coordinates"":[]}"
20100522,2010-05-22,-0.0015949369550661177,"{""type"":""MultiPoint"",""coordinates"":[]}"
20100523,2010-05-23,-0.0016684562659054262,"{""type"":""MultiPoint"",""coordinates"":[]}"
20100524,2010-05-24,-0.0016629616502640359,"{""type"":""MultiPoint"",""coordinates"":[]}"
20100525,2010-05-25,-0.001672314323171612,"{""type"":""MultiPoint"",""coordinates"":[]}"
20100526,2010-05-26,-0.0016552040468199311,"{""type"":""MultiPoint"",""coordinates"":[]}"
20100527,2010-05-27,-0.0016262017792081185,"{""type"":""MultiPoint"",""coordinates"":[]}"
20100528,2010-05-28,-0.0016560429094637536,"{""type"":""MultiPoint"",""coordinates"":[]}"
20100529,2010-05-29,-0.0016789696130619864,"{""type"":""MultiPoint"",""coordinates"":[]}"
20100530,2010-05-30,-0.0016841383746679151,"{""type"":""MultiPoint"",""coordinates"":[]}"
20100531,2010-05-31,-0.001699735147579295,"{""type"":""MultiPoint"",""coordinates"":[]}"
20100601,2010-06-01,-0.0017795832208160553,"{""type"":""MultiPoint"",""coordinates"":[]}"
20100602,2010-06-02,-0.0017728776472384804,"{""type"":""MultiPoint"",""coordinates"":[]}"
20100603,2010-06-03,-0.0017661975746924802,"{""type"":""MultiPoint"",""coordinates"":[]}"
20100604,2010-06-04,-0.0017453054321471273,"{""type"":""MultiPoint"",""coordinates"":[]}"
20100605,2010-06-05,-0.0016668165535322647,"{""type"":""MultiPoint"",""coordinates"":[]}"
20100606,2010-06-06,-0.0017556626995428606,"{""type"":""MultiPoint"",""coordinates"":[]}"
20100607,2010-06-07,-0.001949778009559913,"{""type"":""MultiPoint"",""coordinates"":[]}"
20100608,2010-06-08,-0.0019439077934109374,"{""type"":""MultiPoint"",""coordinates"":[]}"
20100609,2010-06-09,-0.0019614860877596356,"{""type"":""MultiPoint"",""coordinates"":[]}"
20100610,2010-06-10,-0.0020456169114038683,"{""type"":""MultiPoint"",""coordinates"":[]}"
20100611,2010-06-11,-0.0020779595583919445,"{""type"":""MultiPoint"",""coordinates"":[]}"
20100612,2010-06-12,-0.001945348660127175,"{""type"":""MultiPoint"",""coordinates"":[]}"
20100613,2010-06-13,-0.0018451125833180957,"{""type"":""MultiPoint"",""coordinates"":[]}"
20100614,2010-06-14,-0.001790154952058424,"{""type"":""MultiPoint"",""coordinates"":[]}"
20100615,2010-06-15,-0.0019221443101124973,"{""type"":""MultiPoint"",""coordinates"":[]}"
20100616,2010-06-16,-0.002042956897489575,"{""type"":""MultiPoint"",""coordinates"":[]}"
20100617,2010-06-17,-0.0021440080319013394,"{""type"":""MultiPoint"",""coordinates"":[]}"
20100618,2010-06-18,-0.0021841141760298847,"{""type"":""MultiPoint"",""coordinates"":[]}"
20100619,2010-06-19,-0.0022484739448357816,"{""type"":""MultiPoint"",""coordinates"":[]}"
20100620,2010-06-20,-0.002138197444876085,"{""type"":""MultiPoint"",""coordinates"":[]}"
20100621,2010-06-21,-0.0021860295311175743,"{""type"":""MultiPoint"",""coordinates"":[]}"
20100622,2010-06-22,-0.00224511473131193,"{""type"":""MultiPoint"",""coordinates"":[]}"
20100623,2010-06-23,-0.002195729099514377,"{""type"":""MultiPoint"",""coordinates"":[]}"
20100624,2010-06-24,-0.002103012575658701,"{""type"":""MultiPoint"",""coordinates"":[]}"
20100625,2010-06-25,-0.002276909688489404,"{""type"":""MultiPoint"",""coordinates"":[]}"
20100626,2010-06-26,-0.0022303703962720926,"{""type"":""MultiPoint"",""coordinates"":[]}"
20100627,2010-06-27,-0.002223885345126769,"{""type"":""MultiPoint"",""coordinates"":[]}"
20100628,2010-06-28,-0.002308539650759065,"{""type"":""MultiPoint"",""coordinates"":[]}"
20100629,2010-06-29,-0.002254751117109365,"{""type"":""MultiPoint"",""coordinates"":[]}"
20100630,2010-06-30,-0.0022253555330731725,"{""type"":""MultiPoint"",""coordinates"":[]}"
20100701,2010-07-01,-0.0020888853146974334,"{""type"":""MultiPoint"",""coordinates"":[]}"
20100702,2010-07-02,-0.002131301890159197,"{""type"":""MultiPoint"",""coordinates"":[]}"
20100703,2010-07-03,-0.0022863434605969995,"{""type"":""MultiPoint"",""coordinates"":[]}"
20100704,2010-07-04,-0.0023851458125670527,"{""type"":""MultiPoint"",""coordinates"":[]}"
20100705,2010-07-05,-0.002549103328624755,"{""type"":""MultiPoint"",""coordinates"":[]}"
20100706,2010-07-06,-0.002589847646477292,"{""type"":""MultiPoint"",""coordinates"":[]}"
20100707,2010-07-07,-0.002657604295351514,"{""type"":""MultiPoint"",""coordinates"":[]}"
20100708,2010-07-08,-0.002724341797443925,"{""type"":""MultiPoint"",""coordinates"":[]}"
20100709,2010-07-09,-0.0028370447750180644,"{""type"":""MultiPoint"",""coordinates"":[]}"
20100710,2010-07-10,-0.002776899693991921,"{""type"":""MultiPoint"",""coordinates"":[]}"
20100711,2010-07-11,-0.002562682755784725,"{""type"":""MultiPoint"",""coordinates"":[]}"
20100712,2010-07-12,-0.0023618564148289857,"{""type"":""MultiPoint"",""coordinates"":[]}"
20100713,2010-07-13,-0.002602541623789589,"{""type"":""MultiPoint"",""coordinates"":[]}"
20100714,2010-07-14,-0.0027656060875303223,"{""type"":""MultiPoint"",""coordinates"":[]}"
20100715,2010-07-15,-0.0027319475154597224,"{""type"":""MultiPoint"",""coordinates"":[]}"
20100716,2010-07-16,-0.0026733422967136268,"{""type"":""MultiPoint"",""coordinates"":[]}"
20100717,2010-07-17,-0.0026844744406108404,"{""type"":""MultiPoint"",""coordinates"":[]}"
20100718,2010-07-18,-0.0027295174557417047,"{""type"":""MultiPoint"",""coordinates"":[]}"
20100719,2010-07-19,-0.002518313795003591,"{""type"":""MultiPoint"",""coordinates"":[]}"
20100720,2010-07-20,-0.0023974255898121482,"{""type"":""MultiPoint"",""coordinates"":[]}"
20100721,2010-07-21,-0.002454250963709136,"{""type"":""MultiPoint"",""coordinates"":[]}"
20100722,2010-07-22,-0.0025203719142209645,"{""type"":""MultiPoint"",""coordinates"":[]}"
20100723,2010-07-23,-0.0028563375029395256,"{""type"":""MultiPoint"",""coordinates"":[]}"
20100724,2010-07-24,-0.0027671456769792747,"{""type"":""MultiPoint"",""coordinates"":[]}"
20100725,2010-07-25,-0.002751107004458207,"{""type"":""MultiPoint"",""coordinates"":[]}"
20100726,2010-07-26,-0.0026971685266974094,"{""type"":""MultiPoint"",""coordinates"":[]}"
20100727,2010-07-27,-0.0027376642041002422,"{""type"":""MultiPoint"",""coordinates"":[]}"
20100728,2010-07-28,-0.0028559682822510957,"{""type"":""MultiPoint"",""coordinates"":[]}"
20100729,2010-07-29,-0.002871352153486374,"{""type"":""MultiPoint"",""coordinates"":[]}"
20100730,2010-07-30,-0.0028330533781434,"{""type"":""MultiPoint"",""coordinates"":[]}"
20100731,2010-07-31,-0.0028724685991678776,"{""type"":""MultiPoint"",""coordinates"":[]}"
20100801,2010-08-01,-0.002808656188673173,"{""type"":""MultiPoint"",""coordinates"":[]}"
20100802,2010-08-02,-0.0028206667461569334,"{""type"":""MultiPoint"",""coordinates"":[]}"
20100803,2010-08-03,-0.002731115841638185,"{""type"":""MultiPoint"",""coordinates"":[]}"
20100804,2010-08-04,-0.0028206959180704116,"{""type"":""MultiPoint"",""coordinates"":[]}"
20100805,2010-08-05,-0.0029028537776007953,"{""type"":""MultiPoint"",""coordinates"":[]}"
20100806,2010-08-06,-0.0029389273696276124,"{""type"":""MultiPoint"",""coordinates"":[]}"
20100807,2010-08-07,-0.0029732355765624166,"{""type"":""MultiPoint"",""coordinates"":[]}"
20100808,2010-08-08,-0.0030692669728959107,"{""type"":""MultiPoint"",""coordinates"":[]}"
20100809,2010-08-09,-0.003165554013077895,"{""type"":""MultiPoint"",""coordinates"":[]}"
20100810,2010-08-10,-0.003148156808024439,"{""type"":""MultiPoint"",""coordinates"":[]}"
20100811,2010-08-11,-0.0030334415448706464,"{""type"":""MultiPoint"",""coordinates"":[]}"
20100812,2010-08-12,-0.0028757235969672583,"{""type"":""MultiPoint"",""coordinates"":[]}"
20100813,2010-08-13,-0.002742138335764893,"{""type"":""MultiPoint"",""coordinates"":[]}"
20100814,2010-08-14,-0.0028227666332423084,"{""type"":""MultiPoint"",""coordinates"":[]}"
20100815,2010-08-15,-0.0027809644733271088,"{""type"":""MultiPoint"",""coordinates"":[]}"
20100816,2010-08-16,-0.0027498594000314363,"{""type"":""MultiPoint"",""coordinates"":[]}"
20100817,2010-08-17,-0.0028383209978980377,"{""type"":""MultiPoint"",""coordinates"":[]}"
20100818,2010-08-18,-0.002716251265576601,"{""type"":""MultiPoint"",""coordinates"":[]}"
20100819,2010-08-19,-0.0026528928647416095,"{""type"":""MultiPoint"",""coordinates"":[]}"
20100820,2010-08-20,-0.002560481306841975,"{""type"":""MultiPoint"",""coordinates"":[]}"
20100821,2010-08-21,-0.0026681876073604647,"{""type"":""MultiPoint"",""coordinates"":[]}"
20100822,2010-08-22,-0.0027120174041202682,"{""type"":""MultiPoint"",""coordinates"":[]}"
20100823,2010-08-23,-0.002807798358413632,"{""type"":""MultiPoint"",""coordinates"":[]}"
20100824,2010-08-24,-0.002753769264607872,"{""type"":""MultiPoint"",""coordinates"":[]}"
20100825,2010-08-25,-0.0027069442113916748,"{""type"":""MultiPoint"",""coordinates"":[]}"
20100826,2010-08-26,-0.002741908492640317,"{""type"":""MultiPoint"",""coordinates"":[]}"
20100827,2010-08-27,-0.0029260168543854123,"{""type"":""MultiPoint"",""coordinates"":[]}"
20100828,2010-08-28,-0.0028483101277378318,"{""type"":""MultiPoint"",""coordinates"":[]}"
20100829,2010-08-29,-0.002823036806751598,"{""type"":""MultiPoint"",""coordinates"":[]}"
20100830,2010-08-30,-0.00274268554214025,"{""type"":""MultiPoint"",""coordinates"":[]}"
20100831,2010-08-31,-0.002686366927833079,"{""type"":""MultiPoint"",""coordinates"":[]}"
20100901,2010-09-01,-0.002827709041224912,"{""type"":""MultiPoint"",""coordinates"":[]}"
20100902,2010-09-02,-0.002815216215908658,"{""type"":""MultiPoint"",""coordinates"":[]}"
20100903,2010-09-03,-0.0026237827205349167,"{""type"":""MultiPoint"",""coordinates"":[]}"
20100904,2010-09-04,-0.0024671635677778058,"{""type"":""MultiPoint"",""coordinates"":[]}"
20100905,2010-09-05,-0.0026198475484501783,"{""type"":""MultiPoint"",""coordinates"":[]}"
20100906,2010-09-06,-0.0027293488159784675,"{""type"":""MultiPoint"",""coordinates"":[]}"
20100907,2010-09-07,-0.0025759336995454848,"{""type"":""MultiPoint"",""coordinates"":[]}"
20100908,2010-09-08,-0.002477825289354756,"{""type"":""MultiPoint"",""coordinates"":[]}"
20100909,2010-09-09,-0.002529885458639155,"{""type"":""MultiPoint"",""coordinates"":[]}"
20100910,2010-09-10,-0.0026294304986943153,"{""type"":""MultiPoint"",""coordinates"":[]}"
20100911,2010-09-11,-0.002564654671619671,"{""type"":""MultiPoint"",""coordinates"":[]}"
20100912,2010-09-12,-0.0025651560040267844,"{""type"":""MultiPoint"",""coordinates"":[]}"
20100913,2010-09-13,-0.002602729302405367,"{""type"":""MultiPoint"",""coordinates"":[]}"
20100914,2010-09-14,-0.0025293629594431532,"{""type"":""MultiPoint"",""coordinates"":[]}"
20100915,2010-09-15,-0.0025595267547832657,"{""type"":""MultiPoint"",""coordinates"":[]}"
20100916,2010-09-16,-0.002547551110735229,"{""type"":""MultiPoint"",""coordinates"":[]}"
20100917,2010-09-17,-0.00255550726593637,"{""type"":""MultiPoint"",""coordinates"":[]}"
20100918,2010-09-18,-0.002505520391185652,"{""type"":""MultiPoint"",""coordinates"":[]}"
20100919,2010-09-19,-0.0025417897091928707,"{""type"":""MultiPoint"",""coordinates"":[]}"
20100920,2010-09-20,-0.002587120586389603,"{""type"":""MultiPoint"",""coordinates"":[]}"
20100921,2010-09-21,-0.0026711710724993502,"{""type"":""MultiPoint"",""coordinates"":[]}"
20100922,2010-09-22,-0.002727461797461464,"{""type"":""MultiPoint"",""coordinates"":[]}"
20100923,2010-09-23,-0.0027730684478680257,"{""type"":""MultiPoint"",""coordinates"":[]}"
20100924,2010-09-24,-0.00271265889572924,"{""type"":""MultiPoint"",""coordinates"":[]}"
20100925,2010-09-25,-0.0027342119654254564,"{""type"":""MultiPoint"",""coordinates"":[]}"
20100926,2010-09-26,-0.0027344521160053764,"{""type"":""MultiPoint"",""coordinates"":[]}"
20100927,2010-09-27,-0.0028152959072061372,"{""type"":""MultiPoint"",""coordinates"":[]}"
20100928,2010-09-28,-0.0028151868564228037,"{""type"":""MultiPoint"",""coordinates"":[]}"
20100929,2010-09-29,-0.0027468299330943766,"{""type"":""MultiPoint"",""coordinates"":[]}"
20100930,2010-09-30,-0.0027541609262738964,"{""type"":""MultiPoint"",""coordinates"":[]}"
20101001,2010-10-01,-0.002737134836061365,"{""type"":""MultiPoint"",""coordinates"":[]}"
20101002,2010-10-02,-0.002618909687571765,"{""type"":""MultiPoint"",""coordinates"":[]}"
20101003,2010-10-03,-0.0025803767686430642,"{""type"":""MultiPoint"",""coordinates"":[]}"
20101004,2010-10-04,-0.0025991475311161654,"{""type"":""MultiPoint"",""coordinates"":[]}"
20101005,2010-10-05,-0.0025016613699745407,"{""type"":""MultiPoint"",""coordinates"":[]}"
20101006,2010-10-06,-0.0023102627070471877,"{""type"":""MultiPoint"",""coordinates"":[]}"
20101007,2010-10-07,-0.002106835180627181,"{""type"":""MultiPoint"",""coordinates"":[]}"
20101008,2010-10-08,-0.0021199111710830804,"{""type"":""MultiPoint"",""coordinates"":[]}"
20101009,2010-10-09,-0.0022299287878826107,"{""type"":""MultiPoint"",""coordinates"":[]}"
20101010,2010-10-10,-0.002299307595945151,"{""type"":""MultiPoint"",""coordinates"":[]}"
20101011,2010-10-11,-0.0022837643759554644,"{""type"":""MultiPoint"",""coordinates"":[]}"
20101012,2010-10-12,-0.002262907703208203,"{""type"":""MultiPoint"",""coordinates"":[]}"
20101013,2010-10-13,-0.002272620657391157,"{""type"":""MultiPoint"",""coordinates"":[]}"
20101014,2010-10-14,-0.0022040514756320627,"{""type"":""MultiPoint"",""coordinates"":[]}"
20101015,2010-10-15,-0.0020439816044641266,"{""type"":""MultiPoint"",""coordinates"":[]}"
20101016,2010-10-16,-0.001988133152011277,"{""type"":""MultiPoint"",""coordinates"":[]}"
20101017,2010-10-17,-0.0018769797333240855,"{""type"":""MultiPoint"",""coordinates"":[]}"
20101018,2010-10-18,-0.0019344102052731883,"{""type"":""MultiPoint"",""coordinates"":[]}"
20101019,2010-10-19,-0.0020239223172771608,"{""type"":""MultiPoint"",""coordinates"":[]}"
20101020,2010-10-20,-0.0019846428036778877,"{""type"":""MultiPoint"",""coordinates"":[]}"
20101021,2010-10-21,-0.0019781086056375927,"{""type"":""MultiPoint"",""coordinates"":[]}"
20101022,2010-10-22,-0.0018366741694621203,"{""type"":""MultiPoint"",""coordinates"":[]}"
20101023,2010-10-23,-0.0018473410328772304,"{""type"":""MultiPoint"",""coordinates"":[]}"
20101024,2010-10-24,-0.001953213144813141,"{""type"":""MultiPoint"",""coordinates"":[]}"
20101025,2010-10-25,-0.001971991034797839,"{""type"":""MultiPoint"",""coordinates"":[]}"
20101026,2010-10-26,-0.0019731101638833706,"{""type"":""MultiPoint"",""coordinates"":[]}"
20101027,2010-10-27,-0.0019984875177283977,"{""type"":""MultiPoint"",""coordinates"":[]}"
20101028,2010-10-28,-0.0019917372789317817,"{""type"":""MultiPoint"",""coordinates"":[]}"
20101029,2010-10-29,-0.0019173633787610384,"{""type"":""MultiPoint"",""coordinates"":[]}"
20101030,2010-10-30,-0.0017930578566505617,"{""type"":""MultiPoint"",""coordinates"":[]}"
20101031,2010-10-31,-0.0016625523939022549,"{""type"":""MultiPoint"",""coordinates"":[]}"
20101101,2010-11-01,-0.001595334400742281,"{""type"":""MultiPoint"",""coordinates"":[]}"
20101102,2010-11-02,-0.0015148104268527037,"{""type"":""MultiPoint"",""coordinates"":[]}"
20101103,2010-11-03,-0.0016142081656424572,"{""type"":""MultiPoint"",""coordinates"":[]}"
20101104,2010-11-04,-0.0017142727473118012,"{""type"":""MultiPoint"",""coordinates"":[]}"
20101105,2010-11-05,-0.0017194727272126869,"{""type"":""MultiPoint"",""coordinates"":[]}"
20101106,2010-11-06,-0.0017047901996386607,"{""type"":""MultiPoint"",""coordinates"":[]}"
20101107,2010-11-07,-0.0016403295335335924,"{""type"":""MultiPoint"",""coordinates"":[]}"
20101108,2010-11-08,-0.0015005380258782592,"{""type"":""MultiPoint"",""coordinates"":[]}"
20101109,2010-11-09,-0.001540763318121543,"{""type"":""MultiPoint"",""coordinates"":[]}"
20101110,2010-11-10,-0.001539867197008968,"{""type"":""MultiPoint"",""coordinates"":[]}"
20101111,2010-11-11,-0.0015098705749091738,"{""type"":""MultiPoint"",""coordinates"":[]}"
20101112,2010-11-12,-0.0014966144150495308,"{""type"":""MultiPoint"",""coordinates"":[]}"
20101113,2010-11-13,-0.0015057678315343666,"{""type"":""MultiPoint"",""coordinates"":[]}"
20101114,2010-11-14,-0.001589326366309322,"{""type"":""MultiPoint"",""coordinates"":[]}"
20101115,2010-11-15,-0.001595394605119331,"{""type"":""MultiPoint"",""coordinates"":[]}"
20101116,2010-11-16,-0.0015341231091838697,"{""type"":""MultiPoint"",""coordinates"":[]}"
20101117,2010-11-17,-0.0014399491130259853,"{""type"":""MultiPoint"",""coordinates"":[]}"
20101118,2010-11-18,-0.0014334296615656507,"{""type"":""MultiPoint"",""coordinates"":[]}"
20101119,2010-11-19,-0.0014301392511528687,"{""type"":""MultiPoint"",""coordinates"":[]}"
20101120,2010-11-20,-0.0014901758435903873,"{""type"":""MultiPoint"",""coordinates"":[]}"
20101121,2010-11-21,-0.0014177809413001203,"{""type"":""MultiPoint"",""coordinates"":[]}"
20101122,2010-11-22,-0.001411041022876919,"{""type"":""MultiPoint"",""coordinates"":[]}"
20101123,2010-11-23,-0.00135449716360145,"{""type"":""MultiPoint"",""coordinates"":[]}"
20101124,2010-11-24,-0.0013407249890117607,"{""type"":""MultiPoint"",""coordinates"":[]}"
20101125,2010-11-25,-0.0013300578648422917,"{""type"":""MultiPoint"",""coordinates"":[]}"
20101126,2010-11-26,-0.0012857202378410543,"{""type"":""MultiPoint"",""coordinates"":[]}"
20101127,2010-11-27,-0.0012631082221780927,"{""type"":""MultiPoint"",""coordinates"":[]}"
20101128,2010-11-28,-0.0012635197121187327,"{""type"":""MultiPoint"",""coordinates"":[]}"
20101129,2010-11-29,-0.0013605657309358212,"{""type"":""MultiPoint"",""coordinates"":[]}"
20101130,2010-11-30,-0.0013439524405843156,"{""type"":""MultiPoint"",""coordinates"":[]}"
20101201,2010-12-01,-0.0012345918582897914,"{""type"":""MultiPoint"",""coordinates"":[]}"
20101202,2010-12-02,-0.0012281105376556693,"{""type"":""MultiPoint"",""coordinates"":[]}"
20101203,2010-12-03,-0.0012139742228014058,"{""type"":""MultiPoint"",""coordinates"":[]}"
20101204,2010-12-04,-0.0012091287449399397,"{""type"":""MultiPoint"",""coordinates"":[]}"
20101205,2010-12-05,-0.0011642011408502996,"{""type"":""MultiPoint"",""coordinates"":[]}"
20101206,2010-12-06,-0.0010784110794231966,"{""type"":""MultiPoint"",""coordinates"":[]}"
20101207,2010-12-07,-9.974474282151533E-4,"{""type"":""MultiPoint"",""coordinates"":[]}"
20101208,2010-12-08,-9.225547445445057E-4,"{""type"":""MultiPoint"",""coordinates"":[]}"
20101209,2010-12-09,-9.041461706229232E-4,"{""type"":""MultiPoint"",""coordinates"":[]}"
20101210,2010-12-10,-0.0010465689044463114,"{""type"":""MultiPoint"",""coordinates"":[]}"
20101211,2010-12-11,-0.0011222334904186877,"{""type"":""MultiPoint"",""coordinates"":[]}"
20101212,2010-12-12,-0.0011891398604775708,"{""type"":""MultiPoint"",""coordinates"":[]}"
20101213,2010-12-13,-0.0011627666945598612,"{""type"":""MultiPoint"",""coordinates"":[]}"
20101214,2010-12-14,-0.0011592985654822077,"{""type"":""MultiPoint"",""coordinates"":[]}"
20101215,2010-12-15,-0.0011617468576773885,"{""type"":""MultiPoint"",""coordinates"":[]}"
20101216,2010-12-16,-0.0011359917412304707,"{""type"":""MultiPoint"",""coordinates"":[]}"
20101217,2010-12-17,-0.0011166735153603934,"{""type"":""MultiPoint"",""coordinates"":[]}"
20101218,2010-12-18,-0.0011065941124144727,"{""type"":""MultiPoint"",""coordinates"":[]}"
20101219,2010-12-19,-0.0011408803175698107,"{""type"":""MultiPoint"",""coordinates"":[]}"
20101220,2010-12-20,-0.001106487991017192,"{""type"":""MultiPoint"",""coordinates"":[]}"
20101221,2010-12-21,-0.0011223442527596098,"{""type"":""MultiPoint"",""coordinates"":[]}"
20101222,2010-12-22,-0.0010834033721951511,"{""type"":""MultiPoint"",""coordinates"":[]}"
20101223,2010-12-23,-0.0010394917930510387,"{""type"":""MultiPoint"",""coordinates"":[]}"
20101224,2010-12-24,-0.0010034709043160426,"{""type"":""MultiPoint"",""coordinates"":[]}"
20101225,2010-12-25,-9.896781361245733E-4,"{""type"":""MultiPoint"",""coordinates"":[]}"
20101226,2010-12-26,-0.0010037537883315864,"{""type"":""MultiPoint"",""coordinates"":[]}"
20101227,2010-12-27,-9.85325301958861E-4,"{""type"":""MultiPoint"",""coordinates"":[]}"
20101228,2010-12-28,-9.522965834863535E-4,"{""type"":""MultiPoint"",""coordinates"":[]}"
20101229,2010-12-29,-9.512808645667378E-4,"{""type"":""MultiPoint"",""coordinates"":[]}"
20101230,2010-12-30,-9.618266185447302E-4,"{""type"":""MultiPoint"",""coordinates"":[]}"
20101231,2010-12-31,-9.602116968253147E-4,"{""type"":""MultiPoint"",""coordinates"":[]}"
20110101,2011-01-01,-9.546578820906977E-4,"{""type"":""MultiPoint"",""coordinates"":[]}"
20110102,2011-01-02,-9.625581382398453E-4,"{""type"":""MultiPoint"",""coordinates"":[]}"
20110103,2011-01-03,-9.333013006418262E-4,"{""type"":""MultiPoint"",""coordinates"":[]}"
20110104,2011-01-04,-9.018906862021167E-4,"{""type"":""MultiPoint"",""coordinates"":[]}"
20110105,2011-01-05,-9.034690326048397E-4,"{""type"":""MultiPoint"",""coordinates"":[]}"
20110106,2011-01-06,-9.488041797120712E-4,"{""type"":""MultiPoint"",""coordinates"":[]}"
20110107,2011-01-07,-9.484384157049594E-4,"{""type"":""MultiPoint"",""coordinates"":[]}"
20110108,2011-01-08,-9.088393301180227E-4,"{""type"":""MultiPoint"",""coordinates"":[]}"
20110109,2011-01-09,-9.112975317358825E-4,"{""type"":""MultiPoint"",""coordinates"":[]}"
20110110,2011-01-10,-9.271642466113142E-4,"{""type"":""MultiPoint"",""coordinates"":[]}"
20110111,2011-01-11,-9.94220481995167E-4,"{""type"":""MultiPoint"",""coordinates"":[]}"
20110112,2011-01-12,-9.694882987808523E-4,"{""type"":""MultiPoint"",""coordinates"":[]}"
20110113,2011-01-13,-9.521697079124013E-4,"{""type"":""MultiPoint"",""coordinates"":[]}"
20110114,2011-01-14,-9.553963036075541E-4,"{""type"":""MultiPoint"",""coordinates"":[]}"
20110115,2011-01-15,-9.491070477929205E-4,"{""type"":""MultiPoint"",""coordinates"":[]}"
20110116,2011-01-16,-9.378083171929727E-4,"{""type"":""MultiPoint"",""coordinates"":[]}"
20110117,2011-01-17,-9.580080354065427E-4,"{""type"":""MultiPoint"",""coordinates"":[]}"
20110118,2011-01-18,-9.550284369323899E-4,"{""type"":""MultiPoint"",""coordinates"":[]}"
20110119,2011-01-19,-9.713683231434018E-4,"{""type"":""MultiPoint"",""coordinates"":[]}"
20110120,2011-01-20,-9.662240302749527E-4,"{""type"":""MultiPoint"",""coordinates"":[]}"
20110121,2011-01-21,-9.689854766536665E-4,"{""type"":""MultiPoint"",""coordinates"":[]}"
20110122,2011-01-22,-9.407237050719843E-4,"{""type"":""MultiPoint"",""coordinates"":[]}"
20110123,2011-01-23,-9.335877378829502E-4,"{""type"":""MultiPoint"",""coordinates"":[]}"
20110124,2011-01-24,-9.39948850956921E-4,"{""type"":""MultiPoint"",""coordinates"":[]}"
20110125,2011-01-25,-9.362394641362351E-4,"{""type"":""MultiPoint"",""coordinates"":[]}"
20110126,2011-01-26,-9.223856541615284E-4,"{""type"":""MultiPoint"",""coordinates"":[]}"
20110127,2011-01-27,-9.303443938107E-4,"{""type"":""MultiPoint"",""coordinates"":[]}"
20110128,2011-01-28,-9.13046023236078E-4,"{""type"":""MultiPoint"",""coordinates"":[]}"
20110129,2011-01-29,-9.025764142473279E-4,"{""type"":""MultiPoint"",""coordinates"":[]}"
20110130,2011-01-30,-9.189725183385332E-4,"{""type"":""MultiPoint"",""coordinates"":[]}"
20110131,2011-01-31,-9.125225020826452E-4,"{""type"":""MultiPoint"",""coordinates"":[]}"
20110201,2011-02-01,-9.324018077576991E-4,"{""type"":""MultiPoint"",""coordinates"":[]}"
20110202,2011-02-02,-9.467044630916417E-4,"{""type"":""MultiPoint"",""coordinates"":[]}"
20110203,2011-02-03,-9.434514954958377E-4,"{""type"":""MultiPoint"",""coordinates"":[]}"
20110204,2011-02-04,-9.418091546070229E-4,"{""type"":""MultiPoint"",""coordinates"":[]}"
20110205,2011-02-05,-9.652296241717656E-4,"{""type"":""MultiPoint"",""coordinates"":[]}"
20110206,2011-02-06,-9.576219451080557E-4,"{""type"":""MultiPoint"",""coordinates"":[]}"
20110207,2011-02-07,-9.869662988087828E-4,"{""type"":""MultiPoint"",""coordinates"":[]}"
20110208,2011-02-08,-9.795156874538508E-4,"{""type"":""MultiPoint"",""coordinates"":[]}"
20110209,2011-02-09,-9.745291091374591E-4,"{""type"":""MultiPoint"",""coordinates"":[]}"
20110210,2011-02-10,-9.914875032005755E-4,"{""type"":""MultiPoint"",""coordinates"":[]}"
20110211,2011-02-11,-9.572974283031033E-4,"{""type"":""MultiPoint"",""coordinates"":[]}"
20110212,2011-02-12,-9.566749902769089E-4,"{""type"":""MultiPoint"",""coordinates"":[]}"
20110213,2011-02-13,-9.80619013105626E-4,"{""type"":""MultiPoint"",""coordinates"":[]}"
20110214,2011-02-14,-0.001024926908964388,"{""type"":""MultiPoint"",""coordinates"":[]}"
20110215,2011-02-15,-0.0010066776245289677,"{""type"":""MultiPoint"",""coordinates"":[]}"
20110216,2011-02-16,-0.0010114608873192056,"{""type"":""MultiPoint"",""coordinates"":[]}"
20110217,2011-02-17,-0.0010322577288697874,"{""type"":""MultiPoint"",""coordinates"":[]}"
20110218,2011-02-18,-0.001003518442871788,"{""type"":""MultiPoint"",""coordinates"":[]}"
20110219,2011-02-19,-0.0010153267025787257,"{""type"":""MultiPoint"",""coordinates"":[]}"
20110220,2011-02-20,-0.0010559005093294994,"{""type"":""MultiPoint"",""coordinates"":[]}"
20110221,2011-02-21,-0.0010564722293112867,"{""type"":""MultiPoint"",""coordinates"":[]}"
20110222,2011-02-22,-0.0010919651598589129,"{""type"":""MultiPoint"",""coordinates"":[]}"
20110223,2011-02-23,-0.0011402078895989144,"{""type"":""MultiPoint"",""coordinates"":[]}"
20110224,2011-02-24,-0.0011723204012640718,"{""type"":""MultiPoint"",""coordinates"":[]}"
20110225,2011-02-25,-0.0011548976462296273,"{""type"":""MultiPoint"",""coordinates"":[]}"
20110226,2011-02-26,-0.0011438403404129389,"{""type"":""MultiPoint"",""coordinates"":[]}"
20110227,2011-02-27,-0.0011659111064889712,"{""type"":""MultiPoint"",""coordinates"":[]}"
20110228,2011-02-28,-0.0011422792783475065,"{""type"":""MultiPoint"",""coordinates"":[]}"
20110301,2011-03-01,-0.0011326589764585635,"{""type"":""MultiPoint"",""coordinates"":[]}"
20110302,2011-03-02,-0.0011104296493863839,"{""type"":""MultiPoint"",""coordinates"":[]}"
20110303,2011-03-03,-0.0011283449342422906,"{""type"":""MultiPoint"",""coordinates"":[]}"
20110304,2011-03-04,-0.0011646422215400075,"{""type"":""MultiPoint"",""coordinates"":[]}"
20110305,2011-03-05,-0.0011793420054551044,"{""type"":""MultiPoint"",""coordinates"":[]}"
20110306,2011-03-06,-0.0011971765454415148,"{""type"":""MultiPoint"",""coordinates"":[]}"
20110307,2011-03-07,-0.0011935975743166262,"{""type"":""MultiPoint"",""coordinates"":[]}"
20110308,2011-03-08,-0.0011834209803956506,"{""type"":""MultiPoint"",""coordinates"":[]}"
20110309,2011-03-09,-0.0011469572272712824,"{""type"":""MultiPoint"",""coordinates"":[]}"
20110310,2011-03-10,-0.001142228468233479,"{""type"":""MultiPoint"",""coordinates"":[]}"
20110311,2011-03-11,-0.001132146777788266,"{""type"":""MultiPoint"",""coordinates"":[]}"
20110312,2011-03-12,-0.0011271573996704616,"{""type"":""MultiPoint"",""coordinates"":[]}"
20110313,2011-03-13,-0.0011353111214449328,"{""type"":""MultiPoint"",""coordinates"":[]}"
20110314,2011-03-14,-0.0011182177687724083,"{""type"":""MultiPoint"",""coordinates"":[]}"
20110315,2011-03-15,-0.0011411269171241198,"{""type"":""MultiPoint"",""coordinates"":[]}"
20110316,2011-03-16,-0.0012124676109109,"{""type"":""MultiPoint"",""coordinates"":[]}"
20110317,2011-03-17,-0.0011606019153733657,"{""type"":""MultiPoint"",""coordinates"":[]}"
20110318,2011-03-18,-0.0011275560804836645,"{""type"":""MultiPoint"",""coordinates"":[]}"
20110319,2011-03-19,-0.0011132586323491657,"{""type"":""MultiPoint"",""coordinates"":[]}"
20110320,2011-03-20,-0.001157600998422898,"{""type"":""MultiPoint"",""coordinates"":[]}"
20110321,2011-03-21,-0.0011628653894124527,"{""type"":""MultiPoint"",""coordinates"":[]}"
20110322,2011-03-22,-0.0011709094154461655,"{""type"":""MultiPoint"",""coordinates"":[]}"
20110323,2011-03-23,-0.001161530877843664,"{""type"":""MultiPoint"",""coordinates"":[]}"
20110324,2011-03-24,-0.0011378312826615315,"{""type"":""MultiPoint"",""coordinates"":[]}"
20110325,2011-03-25,-0.0011573516889366575,"{""type"":""MultiPoint"",""coordinates"":[]}"
20110326,2011-03-26,-0.0011666929874722867,"{""type"":""MultiPoint"",""coordinates"":[]}"
20110327,2011-03-27,-0.001191551332960226,"{""type"":""MultiPoint"",""coordinates"":[]}"
20110328,2011-03-28,-0.0012264250346348342,"{""type"":""MultiPoint"",""coordinates"":[]}"
20110329,2011-03-29,-0.0012367236096631521,"{""type"":""MultiPoint"",""coordinates"":[]}"
20110330,2011-03-30,-0.0012313521600894495,"{""type"":""MultiPoint"",""coordinates"":[]}"
20110331,2011-03-31,-0.0011992952620883555,"{""type"":""MultiPoint"",""coordinates"":[]}"
20110401,2011-04-01,-0.0012517343324162406,"{""type"":""MultiPoint"",""coordinates"":[]}"
20110402,2011-04-02,-0.001265302654489879,"{""type"":""MultiPoint"",""coordinates"":[]}"
20110403,2011-04-03,-0.001224089417914556,"{""type"":""MultiPoint"",""coordinates"":[]}"
20110404,2011-04-04,-0.0012406785250490115,"{""type"":""MultiPoint"",""coordinates"":[]}"
20110405,2011-04-05,-0.0012933958976145375,"{""type"":""MultiPoint"",""coordinates"":[]}"
20110406,2011-04-06,-0.001305269107954658,"{""type"":""MultiPoint"",""coordinates"":[]}"
20110407,2011-04-07,-0.0012986690871550717,"{""type"":""MultiPoint"",""coordinates"":[]}"
20110408,2011-04-08,-0.0012903295392834332,"{""type"":""MultiPoint"",""coordinates"":[]}"
20110409,2011-04-09,-0.0012587807603626046,"{""type"":""MultiPoint"",""coordinates"":[]}"
20110410,2011-04-10,-0.0012695625963311209,"{""type"":""MultiPoint"",""coordinates"":[]}"
20110411,2011-04-11,-0.001346525942158058,"{""type"":""MultiPoint"",""coordinates"":[]}"
20110412,2011-04-12,-0.0013738117974687995,"{""type"":""MultiPoint"",""coordinates"":[]}"
20110413,2011-04-13,-0.001373512062218479,"{""type"":""MultiPoint"",""coordinates"":[]}"
20110414,2011-04-14,-0.001390384240066457,"{""type"":""MultiPoint"",""coordinates"":[]}"
20110415,2011-04-15,-0.001404915581991601,"{""type"":""MultiPoint"",""coordinates"":[]}"
20110416,2011-04-16,-0.0014064781253527807,"{""type"":""MultiPoint"",""coordinates"":[]}"
20110417,2011-04-17,-0.0015054256238086017,"{""type"":""MultiPoint"",""coordinates"":[]}"
20110418,2011-04-18,-0.0015123726199828158,"{""type"":""MultiPoint"",""coordinates"":[]}"
20110419,2011-04-19,-0.0015080884218754756,"{""type"":""MultiPoint"",""coordinates"":[]}"
20110420,2011-04-20,-0.0015333536280182616,"{""type"":""MultiPoint"",""coordinates"":[]}"
20110421,2011-04-21,-0.0015770647868642465,"{""type"":""MultiPoint"",""coordinates"":[]}"
20110422,2011-04-22,-0.0015918433080082445,"{""type"":""MultiPoint"",""coordinates"":[]}"
20110423,2011-04-23,-0.0015675736909208406,"{""type"":""MultiPoint"",""coordinates"":[]}"
20110424,2011-04-24,-0.0015779318743382887,"{""type"":""MultiPoint"",""coordinates"":[]}"
20110425,2011-04-25,-0.0015912949378799831,"{""type"":""MultiPoint"",""coordinates"":[]}"
20110426,2011-04-26,-0.0016172993439251121,"{""type"":""MultiPoint"",""coordinates"":[]}"
20110427,2011-04-27,-0.0016256080454780469,"{""type"":""MultiPoint"",""coordinates"":[]}"
20110428,2011-04-28,-0.001610186048336266,"{""type"":""MultiPoint"",""coordinates"":[]}"
20110429,2011-04-29,-0.001624808483603112,"{""type"":""MultiPoint"",""coordinates"":[]}"
20110430,2011-04-30,-0.001636279187199584,"{""type"":""MultiPoint"",""coordinates"":[]}"
20110501,2011-05-01,-0.001685120755244343,"{""type"":""MultiPoint"",""coordinates"":[]}"
20110502,2011-05-02,-0.001637867679523115,"{""type"":""MultiPoint"",""coordinates"":[]}"
20110503,2011-05-03,-0.0016342646732821374,"{""type"":""MultiPoint"",""coordinates"":[]}"
20110504,2011-05-04,-0.001565374423462624,"{""type"":""MultiPoint"",""coordinates"":[]}"
20110505,2011-05-05,-0.0016282180879770485,"{""type"":""MultiPoint"",""coordinates"":[]}"
20110506,2011-05-06,-0.0016990373478335923,"{""type"":""MultiPoint"",""coordinates"":[]}"
20110507,2011-05-07,-0.0016972210649706194,"{""type"":""MultiPoint"",""coordinates"":[]}"
20110508,2011-05-08,-0.0016368648532049577,"{""type"":""MultiPoint"",""coordinates"":[]}"
20110509,2011-05-09,-0.0016892042089571263,"{""type"":""MultiPoint"",""coordinates"":[]}"
20110510,2011-05-10,-0.0017008493935912505,"{""type"":""MultiPoint"",""coordinates"":[]}"
20110511,2011-05-11,-0.0016674753571074834,"{""type"":""MultiPoint"",""coordinates"":[]}"
20110512,2011-05-12,-0.0016267404079436836,"{""type"":""MultiPoint"",""coordinates"":[]}"
20110513,2011-05-13,-0.001644792170484457,"{""type"":""MultiPoint"",""coordinates"":[]}"
20110514,2011-05-14,-0.0015968379981318916,"{""type"":""MultiPoint"",""coordinates"":[]}"
20110515,2011-05-15,-0.0015996593745116045,"{""type"":""MultiPoint"",""coordinates"":[]}"
20110516,2011-05-16,-0.001612876399662545,"{""type"":""MultiPoint"",""coordinates"":[]}"
20110517,2011-05-17,-0.0016246388106657854,"{""type"":""MultiPoint"",""coordinates"":[]}"
20110518,2011-05-18,-0.0016264766825185258,"{""type"":""MultiPoint"",""coordinates"":[]}"
20110519,2011-05-19,-0.0015979754669823508,"{""type"":""MultiPoint"",""coordinates"":[]}"
20110520,2011-05-20,-0.0016118878242338951,"{""type"":""MultiPoint"",""coordinates"":[]}"
20110521,2011-05-21,-0.0016984058164533076,"{""type"":""MultiPoint"",""coordinates"":[]}"
20110522,2011-05-22,-0.0017033244287849426,"{""type"":""MultiPoint"",""coordinates"":[]}"
20110523,2011-05-23,-0.0017307795497188297,"{""type"":""MultiPoint"",""coordinates"":[]}"
20110524,2011-05-24,-0.001745906282491466,"{""type"":""MultiPoint"",""coordinates"":[]}"
20110525,2011-05-25,-0.0017510195627658085,"{""type"":""MultiPoint"",""coordinates"":[]}"
20110526,2011-05-26,-0.0018053373791967829,"{""type"":""MultiPoint"",""coordinates"":[]}"
20110527,2011-05-27,-0.0018774032895768405,"{""type"":""MultiPoint"",""coordinates"":[]}"
20110528,2011-05-28,-0.0018338658735938252,"{""type"":""MultiPoint"",""coordinates"":[]}"
20110529,2011-05-29,-0.0017646049411089526,"{""type"":""MultiPoint"",""coordinates"":[]}"
20110530,2011-05-30,-0.0016888157610306454,"{""type"":""MultiPoint"",""coordinates"":[]}"
20110531,2011-05-31,-0.0017014487689933277,"{""type"":""MultiPoint"",""coordinates"":[]}"
20110601,2011-06-01,-0.0017533652195587505,"{""type"":""MultiPoint"",""coordinates"":[]}"
20110602,2011-06-02,-0.001898501667606803,"{""type"":""MultiPoint"",""coordinates"":[]}"
20110603,2011-06-03,-0.0020011825304601656,"{""type"":""MultiPoint"",""coordinates"":[]}"
20110604,2011-06-04,-0.002046616528049541,"{""type"":""MultiPoint"",""coordinates"":[]}"
20110605,2011-06-05,-0.002058332720677329,"{""type"":""MultiPoint"",""coordinates"":[]}"
20110606,2011-06-06,-0.002063190388876201,"{""type"":""MultiPoint"",""coordinates"":[]}"
20110607,2011-06-07,-0.0019513313811920182,"{""type"":""MultiPoint"",""coordinates"":[]}"
20110608,2011-06-08,-0.001865233202116025,"{""type"":""MultiPoint"",""coordinates"":[]}"
20110609,2011-06-09,-0.0018754123934906202,"{""type"":""MultiPoint"",""coordinates"":[]}"
20110610,2011-06-10,-0.0019069720814587961,"{""type"":""MultiPoint"",""coordinates"":[]}"
20110611,2011-06-11,-0.0019028638881555331,"{""type"":""MultiPoint"",""coordinates"":[]}"
20110612,2011-06-12,-0.002002141445244765,"{""type"":""MultiPoint"",""coordinates"":[]}"
20110613,2011-06-13,-0.0021160899760241905,"{""type"":""MultiPoint"",""coordinates"":[]}"
20110614,2011-06-14,-0.0021156668241104465,"{""type"":""MultiPoint"",""coordinates"":[]}"
20110615,2011-06-15,-0.0020238606584431747,"{""type"":""MultiPoint"",""coordinates"":[]}"
20110616,2011-06-16,-0.0020770698984151244,"{""type"":""MultiPoint"",""coordinates"":[]}"
20110617,2011-06-17,-0.00210691067388054,"{""type"":""MultiPoint"",""coordinates"":[]}"
20110618,2011-06-18,-0.0020938220146364647,"{""type"":""MultiPoint"",""coordinates"":[]}"
20110619,2011-06-19,-0.002174563228033646,"{""type"":""MultiPoint"",""coordinates"":[]}"
20110620,2011-06-20,-0.0021930023077595456,"{""type"":""MultiPoint"",""coordinates"":[]}"
20110621,2011-06-21,-0.0022730650216012064,"{""type"":""MultiPoint"",""coordinates"":[]}"
20110622,2011-06-22,-0.002352347534627853,"{""type"":""MultiPoint"",""coordinates"":[]}"
20110623,2011-06-23,-0.0024155723884606356,"{""type"":""MultiPoint"",""coordinates"":[]}"
20110624,2011-06-24,-0.0021855637264382175,"{""type"":""MultiPoint"",""coordinates"":[]}"
20110625,2011-06-25,-0.0021231988238731487,"{""type"":""MultiPoint"",""coordinates"":[]}"
20110626,2011-06-26,-0.0020847548437062406,"{""type"":""MultiPoint"",""coordinates"":[]}"
20110627,2011-06-27,-0.0021762207313555373,"{""type"":""MultiPoint"",""coordinates"":[]}"
20110628,2011-06-28,-0.0021942659596324776,"{""type"":""MultiPoint"",""coordinates"":[]}"
20110629,2011-06-29,-0.002160844016754633,"{""type"":""MultiPoint"",""coordinates"":[]}"
20110630,2011-06-30,-0.002242528596300475,"{""type"":""MultiPoint"",""coordinates"":[]}"
20110701,2011-07-01,-0.002402595942769153,"{""type"":""MultiPoint"",""coordinates"":[]}"
20110702,2011-07-02,-0.0024694921920751013,"{""type"":""MultiPoint"",""coordinates"":[]}"
20110703,2011-07-03,-0.0024444570607580463,"{""type"":""MultiPoint"",""coordinates"":[]}"
20110704,2011-07-04,-0.0024590214549439276,"{""type"":""MultiPoint"",""coordinates"":[]}"
20110705,2011-07-05,-0.002516684194355851,"{""type"":""MultiPoint"",""coordinates"":[]}"
20110706,2011-07-06,-0.002579899679247189,"{""type"":""MultiPoint"",""coordinates"":[]}"
20110707,2011-07-07,-0.002550518958231179,"{""type"":""MultiPoint"",""coordinates"":[]}"
20110708,2011-07-08,-0.0024840965721473346,"{""type"":""MultiPoint"",""coordinates"":[]}"
20110709,2011-07-09,-0.002666977723705882,"{""type"":""MultiPoint"",""coordinates"":[]}"
20110710,2011-07-10,-0.0027631447671968667,"{""type"":""MultiPoint"",""coordinates"":[]}"
20110711,2011-07-11,-0.0027466141266020046,"{""type"":""MultiPoint"",""coordinates"":[]}"
20110712,2011-07-12,-0.002708543920458606,"{""type"":""MultiPoint"",""coordinates"":[]}"
20110713,2011-07-13,-0.0025403374470279053,"{""type"":""MultiPoint"",""coordinates"":[]}"
20110714,2011-07-14,-0.002466925472529881,"{""type"":""MultiPoint"",""coordinates"":[]}"
20110715,2011-07-15,-0.0024336182798918755,"{""type"":""MultiPoint"",""coordinates"":[]}"
20110716,2011-07-16,-0.0023662107226146635,"{""type"":""MultiPoint"",""coordinates"":[]}"
20110717,2011-07-17,-0.002537851639260891,"{""type"":""MultiPoint"",""coordinates"":[]}"
20110718,2011-07-18,-0.00256121903641165,"{""type"":""MultiPoint"",""coordinates"":[]}"
20110719,2011-07-19,-0.0025815362301368798,"{""type"":""MultiPoint"",""coordinates"":[]}"
20110720,2011-07-20,-0.0024593768173176308,"{""type"":""MultiPoint"",""coordinates"":[]}"
20110721,2011-07-21,-0.00240152920201568,"{""type"":""MultiPoint"",""coordinates"":[]}"
20110722,2011-07-22,-0.002382122201595071,"{""type"":""MultiPoint"",""coordinates"":[]}"
20110723,2011-07-23,-0.0023920191210366755,"{""type"":""MultiPoint"",""coordinates"":[]}"
20110724,2011-07-24,-0.0025992957675211423,"{""type"":""MultiPoint"",""coordinates"":[]}"
20110725,2011-07-25,-0.0027506458526607067,"{""type"":""MultiPoint"",""coordinates"":[]}"
20110726,2011-07-26,-0.0028451062874332664,"{""type"":""MultiPoint"",""coordinates"":[]}"
20110727,2011-07-27,-0.0027917148965853605,"{""type"":""MultiPoint"",""coordinates"":[]}"
20110728,2011-07-28,-0.0027935558065855155,"{""type"":""MultiPoint"",""coordinates"":[]}"
20110729,2011-07-29,-0.002716226236448044,"{""type"":""MultiPoint"",""coordinates"":[]}"
20110730,2011-07-30,-0.0027591672023619834,"{""type"":""MultiPoint"",""coordinates"":[]}"
20110731,2011-07-31,-0.0028208154185169264,"{""type"":""MultiPoint"",""coordinates"":[]}"
20110801,2011-08-01,-0.0028057468091180217,"{""type"":""MultiPoint"",""coordinates"":[]}"
20110802,2011-08-02,-0.002669650470522617,"{""type"":""MultiPoint"",""coordinates"":[]}"
20110803,2011-08-03,-0.0024396736962956863,"{""type"":""MultiPoint"",""coordinates"":[]}"
20110804,2011-08-04,-0.0023867566593542785,"{""type"":""MultiPoint"",""coordinates"":[]}"
20110805,2011-08-05,-0.0025166144248053995,"{""type"":""MultiPoint"",""coordinates"":[]}"
20110806,2011-08-06,-0.0024287383168219213,"{""type"":""MultiPoint"",""coordinates"":[]}"
20110807,2011-08-07,-0.0024570334836730586,"{""type"":""MultiPoint"",""coordinates"":[]}"
20110808,2011-08-08,-0.0025030360798019924,"{""type"":""MultiPoint"",""coordinates"":[]}"
20110809,2011-08-09,-0.002497217078927486,"{""type"":""MultiPoint"",""coordinates"":[]}"
20110810,2011-08-10,-0.0025914604779417455,"{""type"":""MultiPoint"",""coordinates"":[]}"
20110811,2011-08-11,-0.002667885807438562,"{""type"":""MultiPoint"",""coordinates"":[]}"
20110812,2011-08-12,-0.0025775042941110844,"{""type"":""MultiPoint"",""coordinates"":[]}"
20110813,2011-08-13,-0.0025138627734063576,"{""type"":""MultiPoint"",""coordinates"":[]}"
20110814,2011-08-14,-0.002522200074249648,"{""type"":""MultiPoint"",""coordinates"":[]}"
20110815,2011-08-15,-0.002504292899440579,"{""type"":""MultiPoint"",""coordinates"":[]}"
20110816,2011-08-16,-0.0025104440485802905,"{""type"":""MultiPoint"",""coordinates"":[]}"
20110817,2011-08-17,-0.0025197200420635363,"{""type"":""MultiPoint"",""coordinates"":[]}"
20110818,2011-08-18,-0.0025487887035428544,"{""type"":""MultiPoint"",""coordinates"":[]}"
20110819,2011-08-19,-0.002591212685049723,"{""type"":""MultiPoint"",""coordinates"":[]}"
20110820,2011-08-20,-0.0026859152662453787,"{""type"":""MultiPoint"",""coordinates"":[]}"
20110821,2011-08-21,-0.002846700565949683,"{""type"":""MultiPoint"",""coordinates"":[]}"
20110822,2011-08-22,-0.0028814522678512876,"{""type"":""MultiPoint"",""coordinates"":[]}"
20110823,2011-08-23,-0.0028508146398705182,"{""type"":""MultiPoint"",""coordinates"":[]}"
20110824,2011-08-24,-0.0025710336400913956,"{""type"":""MultiPoint"",""coordinates"":[]}"
20110825,2011-08-25,-0.002626762873672414,"{""type"":""MultiPoint"",""coordinates"":[]}"
20110826,2011-08-26,-0.002732425710995641,"{""type"":""MultiPoint"",""coordinates"":[]}"
20110827,2011-08-27,-0.0026439166985629437,"{""type"":""MultiPoint"",""coordinates"":[]}"
20110828,2011-08-28,-0.0027927034364979256,"{""type"":""MultiPoint"",""coordinates"":[]}"
20110829,2011-08-29,-0.002929587950039428,"{""type"":""MultiPoint"",""coordinates"":[]}"
20110830,2011-08-30,-0.002937695048413513,"{""type"":""MultiPoint"",""coordinates"":[]}"
20110831,2011-08-31,-0.0028817053614754048,"{""type"":""MultiPoint"",""coordinates"":[]}"
20110901,2011-09-01,-0.002752307981413969,"{""type"":""MultiPoint"",""coordinates"":[]}"
20110902,2011-09-02,-0.002756419702734807,"{""type"":""MultiPoint"",""coordinates"":[]}"
20110903,2011-09-03,-0.0028359309745405767,"{""type"":""MultiPoint"",""coordinates"":[]}"
20110904,2011-09-04,-0.0028701698918779956,"{""type"":""MultiPoint"",""coordinates"":[]}"
20110905,2011-09-05,-0.0027707072126573733,"{""type"":""MultiPoint"",""coordinates"":[]}"
20110906,2011-09-06,-0.0026552959674880448,"{""type"":""MultiPoint"",""coordinates"":[]}"
20110907,2011-09-07,-0.002576431501441738,"{""type"":""MultiPoint"",""coordinates"":[]}"
20110908,2011-09-08,-0.0025547844011639476,"{""type"":""MultiPoint"",""coordinates"":[]}"
20110909,2011-09-09,-0.002519286520609285,"{""type"":""MultiPoint"",""coordinates"":[]}"
20110910,2011-09-10,-0.002565623138332649,"{""type"":""MultiPoint"",""coordinates"":[]}"
20110911,2011-09-11,-0.0027230676769082504,"{""type"":""MultiPoint"",""coordinates"":[]}"
20110912,2011-09-12,-0.002771909066893896,"{""type"":""MultiPoint"",""coordinates"":[]}"
20110913,2011-09-13,-0.002848424861893485,"{""type"":""MultiPoint"",""coordinates"":[]}"
20110914,2011-09-14,-0.00267041280804635,"{""type"":""MultiPoint"",""coordinates"":[]}"
20110915,2011-09-15,-0.0024736960288587974,"{""type"":""MultiPoint"",""coordinates"":[]}"
20110916,2011-09-16,-0.0023616012628761346,"{""type"":""MultiPoint"",""coordinates"":[]}"
20110917,2011-09-17,-0.002526665242104592,"{""type"":""MultiPoint"",""coordinates"":[]}"
20110918,2011-09-18,-0.0026051501498241063,"{""type"":""MultiPoint"",""coordinates"":[]}"
20110919,2011-09-19,-0.002715031307730787,"{""type"":""MultiPoint"",""coordinates"":[]}"
20110920,2011-09-20,-0.0028160457325038506,"{""type"":""MultiPoint"",""coordinates"":[]}"
20110921,2011-09-21,-0.002739256571094991,"{""type"":""MultiPoint"",""coordinates"":[]}"
20110922,2011-09-22,-0.0027154576366807772,"{""type"":""MultiPoint"",""coordinates"":[]}"
20110923,2011-09-23,-0.0026589229936303527,"{""type"":""MultiPoint"",""coordinates"":[]}"
20110924,2011-09-24,-0.002623039552056655,"{""type"":""MultiPoint"",""coordinates"":[]}"
20110925,2011-09-25,-0.0026459922847277524,"{""type"":""MultiPoint"",""coordinates"":[]}"
20110926,2011-09-26,-0.0026764249983570808,"{""type"":""MultiPoint"",""coordinates"":[]}"
20110927,2011-09-27,-0.002689823011879863,"{""type"":""MultiPoint"",""coordinates"":[]}"
20110928,2011-09-28,-0.002624729681883699,"{""type"":""MultiPoint"",""coordinates"":[]}"
20110929,2011-09-29,-0.002596300880819355,"{""type"":""MultiPoint"",""coordinates"":[]}"
20110930,2011-09-30,-0.002626296833280335,"{""type"":""MultiPoint"",""coordinates"":[]}"
20111001,2011-10-01,-0.0025851666109661044,"{""type"":""MultiPoint"",""coordinates"":[]}"
20111002,2011-10-02,-0.0024688431454925478,"{""type"":""MultiPoint"",""coordinates"":[]}"
20111003,2011-10-03,-0.0024179915293049197,"{""type"":""MultiPoint"",""coordinates"":[]}"
20111004,2011-10-04,-0.0022690885709020915,"{""type"":""MultiPoint"",""coordinates"":[]}"
20111005,2011-10-05,-0.0023327025176297232,"{""type"":""MultiPoint"",""coordinates"":[]}"
20111006,2011-10-06,-0.002374345072924705,"{""type"":""MultiPoint"",""coordinates"":[]}"
20111007,2011-10-07,-0.0023657330284045036,"{""type"":""MultiPoint"",""coordinates"":[]}"
20111008,2011-10-08,-0.0023411036621731164,"{""type"":""MultiPoint"",""coordinates"":[]}"
20111009,2011-10-09,-0.0023419295684073264,"{""type"":""MultiPoint"",""coordinates"":[]}"
20111010,2011-10-10,-0.0023318222067757618,"{""type"":""MultiPoint"",""coordinates"":[]}"
20111011,2011-10-11,-0.002372730746421313,"{""type"":""MultiPoint"",""coordinates"":[]}"
20111012,2011-10-12,-0.0023165075526242894,"{""type"":""MultiPoint"",""coordinates"":[]}"
20111013,2011-10-13,-0.0023355680215498414,"{""type"":""MultiPoint"",""coordinates"":[]}"
20111014,2011-10-14,-0.0023564096448215103,"{""type"":""MultiPoint"",""coordinates"":[]}"
20111015,2011-10-15,-0.0022969979916778985,"{""type"":""MultiPoint"",""coordinates"":[]}"
20111016,2011-10-16,-0.002202255033921954,"{""type"":""MultiPoint"",""coordinates"":[]}"
20111017,2011-10-17,-0.0021491643695069583,"{""type"":""MultiPoint"",""coordinates"":[]}"
20111018,2011-10-18,-0.0020525007365916363,"{""type"":""MultiPoint"",""coordinates"":[]}"
20111019,2011-10-19,-0.002034578925206802,"{""type"":""MultiPoint"",""coordinates"":[]}"
20111020,2011-10-20,-0.0019167067099282132,"{""type"":""MultiPoint"",""coordinates"":[]}"
20111021,2011-10-21,-0.0019056804460339761,"{""type"":""MultiPoint"",""coordinates"":[]}"
20111022,2011-10-22,-0.001893374594010091,"{""type"":""MultiPoint"",""coordinates"":[]}"
20111023,2011-10-23,-0.0019168442498435714,"{""type"":""MultiPoint"",""coordinates"":[]}"
20111024,2011-10-24,-0.001946654607812667,"{""type"":""MultiPoint"",""coordinates"":[]}"
20111025,2011-10-25,-0.0018523228127700984,"{""type"":""MultiPoint"",""coordinates"":[]}"
20111026,2011-10-26,-0.001806782112850742,"{""type"":""MultiPoint"",""coordinates"":[]}"
20111027,2011-10-27,-0.001780353496973775,"{""type"":""MultiPoint"",""coordinates"":[]}"
20111028,2011-10-28,-0.0017778973981554837,"{""type"":""MultiPoint"",""coordinates"":[]}"
20111029,2011-10-29,-0.0017378585679544577,"{""type"":""MultiPoint"",""coordinates"":[]}"
20111030,2011-10-30,-0.0016647060781902919,"{""type"":""MultiPoint"",""coordinates"":[]}"
20111031,2011-10-31,-0.0015989836719666375,"{""type"":""MultiPoint"",""coordinates"":[]}"
20111101,2011-11-01,-0.0015425169919177548,"{""type"":""MultiPoint"",""coordinates"":[]}"
20111102,2011-11-02,-0.0015237834435306663,"{""type"":""MultiPoint"",""coordinates"":[]}"
20111103,2011-11-03,-0.001484957699944625,"{""type"":""MultiPoint"",""coordinates"":[]}"
20111104,2011-11-04,-0.0014922789149755373,"{""type"":""MultiPoint"",""coordinates"":[]}"
20111105,2011-11-05,-0.0015008102841650856,"{""type"":""MultiPoint"",""coordinates"":[]}"
20111106,2011-11-06,-0.0014943342830940401,"{""type"":""MultiPoint"",""coordinates"":[]}"
20111107,2011-11-07,-0.0015081074655604546,"{""type"":""MultiPoint"",""coordinates"":[]}"
20111108,2011-11-08,-0.0015425330077422626,"{""type"":""MultiPoint"",""coordinates"":[]}"
20111109,2011-11-09,-0.001525063053679408,"{""type"":""MultiPoint"",""coordinates"":[]}"
20111110,2011-11-10,-0.0014749743981170157,"{""type"":""MultiPoint"",""coordinates"":[]}"
20111111,2011-11-11,-0.001436810860741213,"{""type"":""MultiPoint"",""coordinates"":[]}"
20111112,2011-11-12,-0.001371539473867092,"{""type"":""MultiPoint"",""coordinates"":[]}"
20111113,2011-11-13,-0.0013030650711875803,"{""type"":""MultiPoint"",""coordinates"":[]}"
20111114,2011-11-14,-0.0012662605686783678,"{""type"":""MultiPoint"",""coordinates"":[]}"
20111115,2011-11-15,-0.0012688998313102142,"{""type"":""MultiPoint"",""coordinates"":[]}"
20111116,2011-11-16,-0.0012577038735619038,"{""type"":""MultiPoint"",""coordinates"":[]}"
20111117,2011-11-17,-0.0011942712354384747,"{""type"":""MultiPoint"",""coordinates"":[]}"
20111118,2011-11-18,-0.0011921891920455598,"{""type"":""MultiPoint"",""coordinates"":[]}"
20111119,2011-11-19,-0.0012247222116548557,"{""type"":""MultiPoint"",""coordinates"":[]}"
20111120,2011-11-20,-0.0011957197106263985,"{""type"":""MultiPoint"",""coordinates"":[]}"
20111121,2011-11-21,-0.0011563450018034944,"{""type"":""MultiPoint"",""coordinates"":[]}"
20111122,2011-11-22,-0.0011456867807214859,"{""type"":""MultiPoint"",""coordinates"":[]}"
20111123,2011-11-23,-0.0011032130589106823,"{""type"":""MultiPoint"",""coordinates"":[]}"
20111124,2011-11-24,-0.0010561339852851214,"{""type"":""MultiPoint"",""coordinates"":[]}"
20111125,2011-11-25,-0.0010227681634840476,"{""type"":""MultiPoint"",""coordinates"":[]}"
20111126,2011-11-26,-9.883120014537025E-4,"{""type"":""MultiPoint"",""coordinates"":[]}"
20111127,2011-11-27,-9.686495030737485E-4,"{""type"":""MultiPoint"",""coordinates"":[]}"
20111128,2011-11-28,-9.392320134725759E-4,"{""type"":""MultiPoint"",""coordinates"":[]}"
20111129,2011-11-29,-9.61242181620728E-4,"{""type"":""MultiPoint"",""coordinates"":[]}"
20111130,2011-11-30,-9.775657920254412E-4,"{""type"":""MultiPoint"",""coordinates"":[]}"
20111201,2011-12-01,-9.699850208607402E-4,"{""type"":""MultiPoint"",""coordinates"":[]}"
20111202,2011-12-02,-9.795419089813145E-4,"{""type"":""MultiPoint"",""coordinates"":[]}"
20111203,2011-12-03,-9.372599117867077E-4,"{""type"":""MultiPoint"",""coordinates"":[]}"
20111204,2011-12-04,-8.836445046093898E-4,"{""type"":""MultiPoint"",""coordinates"":[]}"
20111205,2011-12-05,-9.369396770191372E-4,"{""type"":""MultiPoint"",""coordinates"":[]}"
20111206,2011-12-06,-9.393079975580757E-4,"{""type"":""MultiPoint"",""coordinates"":[]}"
20111207,2011-12-07,-9.28188881145296E-4,"{""type"":""MultiPoint"",""coordinates"":[]}"
20111208,2011-12-08,-8.947543004507238E-4,"{""type"":""MultiPoint"",""coordinates"":[]}"
20111209,2011-12-09,-8.603391601746988E-4,"{""type"":""MultiPoint"",""coordinates"":[]}"
20111210,2011-12-10,-8.549415547012896E-4,"{""type"":""MultiPoint"",""coordinates"":[]}"
20111211,2011-12-11,-8.518550596739049E-4,"{""type"":""MultiPoint"",""coordinates"":[]}"
20111212,2011-12-12,-8.231292612327528E-4,"{""type"":""MultiPoint"",""coordinates"":[]}"
20111213,2011-12-13,-8.070038362109409E-4,"{""type"":""MultiPoint"",""coordinates"":[]}"
20111214,2011-12-14,-7.833687607681593E-4,"{""type"":""MultiPoint"",""coordinates"":[]}"
20111215,2011-12-15,-7.74797635467431E-4,"{""type"":""MultiPoint"",""coordinates"":[]}"
20111216,2011-12-16,-7.892022065640578E-4,"{""type"":""MultiPoint"",""coordinates"":[]}"
20111217,2011-12-17,-7.941499247962004E-4,"{""type"":""MultiPoint"",""coordinates"":[]}"
20111218,2011-12-18,-7.836819058610606E-4,"{""type"":""MultiPoint"",""coordinates"":[]}"
20111219,2011-12-19,-7.443660214221039E-4,"{""type"":""MultiPoint"",""coordinates"":[]}"
20111220,2011-12-20,-7.261539614583988E-4,"{""type"":""MultiPoint"",""coordinates"":[]}"
20111221,2011-12-21,-7.556645408333268E-4,"{""type"":""MultiPoint"",""coordinates"":[]}"
20111222,2011-12-22,-7.49560267979539E-4,"{""type"":""MultiPoint"",""coordinates"":[]}"
20111223,2011-12-23,-6.939554328482181E-4,"{""type"":""MultiPoint"",""coordinates"":[]}"
20111224,2011-12-24,-7.201348328399385E-4,"{""type"":""MultiPoint"",""coordinates"":[]}"
20111225,2011-12-25,-7.433406662854821E-4,"{""type"":""MultiPoint"",""coordinates"":[]}"
20111226,2011-12-26,-7.127896014215902E-4,"{""type"":""MultiPoint"",""coordinates"":[]}"
20111227,2011-12-27,-7.124740105709829E-4,"{""type"":""MultiPoint"",""coordinates"":[]}"
20111228,2011-12-28,-6.92843309465108E-4,"{""type"":""MultiPoint"",""coordinates"":[]}"
20111229,2011-12-29,-6.978646670431477E-4,"{""type"":""MultiPoint"",""coordinates"":[]}"
20111230,2011-12-30,-6.876128253181926E-4,"{""type"":""MultiPoint"",""coordinates"":[]}"
20111231,2011-12-31,-7.080502901785019E-4,"{""type"":""MultiPoint"",""coordinates"":[]}"
20120101,2012-01-01,-7.683570926425796E-4,"{""type"":""MultiPoint"",""coordinates"":[]}"
20120102,2012-01-02,-7.674761181266895E-4,"{""type"":""MultiPoint"",""coordinates"":[]}"
20120103,2012-01-03,-8.034707751479446E-4,"{""type"":""MultiPoint"",""coordinates"":[]}"
20120104,2012-01-04,-8.134678848343902E-4,"{""type"":""MultiPoint"",""coordinates"":[]}"
20120105,2012-01-05,-8.49483915490006E-4,"{""type"":""MultiPoint"",""coordinates"":[]}"
20120106,2012-01-06,-8.624754528025919E-4,"{""type"":""MultiPoint"",""coordinates"":[]}"
20120107,2012-01-07,-8.560964000687282E-4,"{""type"":""MultiPoint"",""coordinates"":[]}"
20120108,2012-01-08,-8.14460022230548E-4,"{""type"":""MultiPoint"",""coordinates"":[]}"
20120109,2012-01-09,-8.108371284062704E-4,"{""type"":""MultiPoint"",""coordinates"":[]}"
20120110,2012-01-10,-8.436111310556644E-4,"{""type"":""MultiPoint"",""coordinates"":[]}"
20120111,2012-01-11,-8.771143249730064E-4,"{""type"":""MultiPoint"",""coordinates"":[]}"
20120112,2012-01-12,-9.021991225600472E-4,"{""type"":""MultiPoint"",""coordinates"":[]}"
20120113,2012-01-13,-9.154664384170597E-4,"{""type"":""MultiPoint"",""coordinates"":[]}"
20120114,2012-01-14,-9.148285267121377E-4,"{""type"":""MultiPoint"",""coordinates"":[]}"
20120115,2012-01-15,-9.30426165132368E-4,"{""type"":""MultiPoint"",""coordinates"":[]}"
20120116,2012-01-16,-9.32010353038124E-4,"{""type"":""MultiPoint"",""coordinates"":[]}"
20120117,2012-01-17,-8.603729112126334E-4,"{""type"":""MultiPoint"",""coordinates"":[]}"
20120118,2012-01-18,-8.468035579967153E-4,"{""type"":""MultiPoint"",""coordinates"":[]}"
20120119,2012-01-19,-8.358364105407777E-4,"{""type"":""MultiPoint"",""coordinates"":[]}"
20120120,2012-01-20,-8.38379875317576E-4,"{""type"":""MultiPoint"",""coordinates"":[]}"
20120121,2012-01-21,-8.773078123890198E-4,"{""type"":""MultiPoint"",""coordinates"":[]}"
20120122,2012-01-22,-8.468727514784974E-4,"{""type"":""MultiPoint"",""coordinates"":[]}"
20120123,2012-01-23,-8.604395322419362E-4,"{""type"":""MultiPoint"",""coordinates"":[]}"
20120124,2012-01-24,-8.476888099681045E-4,"{""type"":""MultiPoint"",""coordinates"":[]}"
20120125,2012-01-25,-8.620037692348579E-4,"{""type"":""MultiPoint"",""coordinates"":[]}"
20120126,2012-01-26,-8.352767701581052E-4,"{""type"":""MultiPoint"",""coordinates"":[]}"
20120127,2012-01-27,-8.45105874847487E-4,"{""type"":""MultiPoint"",""coordinates"":[]}"
20120128,2012-01-28,-8.326677169121434E-4,"{""type"":""MultiPoint"",""coordinates"":[]}"
20120129,2012-01-29,-8.210001571299421E-4,"{""type"":""MultiPoint"",""coordinates"":[]}"
20120130,2012-01-30,-8.412889743495627E-4,"{""type"":""MultiPoint"",""coordinates"":[]}"
20120131,2012-01-31,-8.53833894525352E-4,"{""type"":""MultiPoint"",""coordinates"":[]}"
20120201,2012-02-01,-8.62452744046539E-4,"{""type"":""MultiPoint"",""coordinates"":[]}"
20120202,2012-02-02,-8.682671325986378E-4,"{""type"":""MultiPoint"",""coordinates"":[]}"
20120203,2012-02-03,-8.50870755839842E-4,"{""type"":""MultiPoint"",""coordinates"":[]}"
20120204,2012-02-04,-8.739420434814093E-4,"{""type"":""MultiPoint"",""coordinates"":[]}"
20120205,2012-02-05,-9.028826647637682E-4,"{""type"":""MultiPoint"",""coordinates"":[]}"
20120206,2012-02-06,-8.832948910670732E-4,"{""type"":""MultiPoint"",""coordinates"":[]}"
20120207,2012-02-07,-8.837598191031536E-4,"{""type"":""MultiPoint"",""coordinates"":[]}"
20120208,2012-02-08,-8.688500429308178E-4,"{""type"":""MultiPoint"",""coordinates"":[]}"
20120209,2012-02-09,-8.869845624887712E-4,"{""type"":""MultiPoint"",""coordinates"":[]}"
20120210,2012-02-10,-8.719902928418007E-4,"{""type"":""MultiPoint"",""coordinates"":[]}"
20120211,2012-02-11,-8.624137685463029E-4,"{""type"":""MultiPoint"",""coordinates"":[]}"
20120212,2012-02-12,-8.794271955856268E-4,"{""type"":""MultiPoint"",""coordinates"":[]}"
20120213,2012-02-13,-8.845082348666602E-4,"{""type"":""MultiPoint"",""coordinates"":[]}"
20120214,2012-02-14,-8.68768583507283E-4,"{""type"":""MultiPoint"",""coordinates"":[]}"
20120215,2012-02-15,-8.7455206991405E-4,"{""type"":""MultiPoint"",""coordinates"":[]}"
20120216,2012-02-16,-9.049312519544336E-4,"{""type"":""MultiPoint"",""coordinates"":[]}"
20120217,2012-02-17,-8.956382762972786E-4,"{""type"":""MultiPoint"",""coordinates"":[]}"
20120218,2012-02-18,-9.224944996531203E-4,"{""type"":""MultiPoint"",""coordinates"":[]}"
20120219,2012-02-19,-9.397567862493444E-4,"{""type"":""MultiPoint"",""coordinates"":[]}"
20120220,2012-02-20,-9.262668436810148E-4,"{""type"":""MultiPoint"",""coordinates"":[]}"
20120221,2012-02-21,-9.615310560020799E-4,"{""type"":""MultiPoint"",""coordinates"":[]}"
20120222,2012-02-22,-9.787310708445432E-4,"{""type"":""MultiPoint"",""coordinates"":[]}"
20120223,2012-02-23,-9.848061828145605E-4,"{""type"":""MultiPoint"",""coordinates"":[]}"
20120224,2012-02-24,-9.802659515297668E-4,"{""type"":""MultiPoint"",""coordinates"":[]}"
20120225,2012-02-25,-9.645937772423509E-4,"{""type"":""MultiPoint"",""coordinates"":[]}"
20120226,2012-02-26,-9.442427269333453E-4,"{""type"":""MultiPoint"",""coordinates"":[]}"
20120227,2012-02-27,-9.516360230958171E-4,"{""type"":""MultiPoint"",""coordinates"":[]}"
20120228,2012-02-28,-9.108236335069249E-4,"{""type"":""MultiPoint"",""coordinates"":[]}"
20120229,2012-02-29,-9.051997413185743E-4,"{""type"":""MultiPoint"",""coordinates"":[]}"
20120301,2012-03-01,-9.145026506347244E-4,"{""type"":""MultiPoint"",""coordinates"":[]}"
20120302,2012-03-02,-9.219686652396533E-4,"{""type"":""MultiPoint"",""coordinates"":[]}"
20120303,2012-03-03,-9.405645146949673E-4,"{""type"":""MultiPoint"",""coordinates"":[]}"
20120304,2012-03-04,-9.605277287916747E-4,"{""type"":""MultiPoint"",""coordinates"":[]}"
20120305,2012-03-05,-9.625512383105949E-4,"{""type"":""MultiPoint"",""coordinates"":[]}"
20120306,2012-03-06,-9.438540177536636E-4,"{""type"":""MultiPoint"",""coordinates"":[]}"
20120307,2012-03-07,-9.610724117257862E-4,"{""type"":""MultiPoint"",""coordinates"":[]}"
20120308,2012-03-08,-9.488582688623357E-4,"{""type"":""MultiPoint"",""coordinates"":[]}"
20120309,2012-03-09,-9.393557813661096E-4,"{""type"":""MultiPoint"",""coordinates"":[]}"
20120310,2012-03-10,-9.131953733826454E-4,"{""type"":""MultiPoint"",""coordinates"":[]}"
20120311,2012-03-11,-9.358093463234155E-4,"{""type"":""MultiPoint"",""coordinates"":[]}"
20120312,2012-03-12,-9.199144055921178E-4,"{""type"":""MultiPoint"",""coordinates"":[]}"
20120313,2012-03-13,-9.223181034207913E-4,"{""type"":""MultiPoint"",""coordinates"":[]}"
20120314,2012-03-14,-9.531741149132983E-4,"{""type"":""MultiPoint"",""coordinates"":[]}"
20120315,2012-03-15,-9.687484255840884E-4,"{""type"":""MultiPoint"",""coordinates"":[]}"
20120316,2012-03-16,-9.841531588435455E-4,"{""type"":""MultiPoint"",""coordinates"":[]}"
20120317,2012-03-17,-9.963287792713596E-4,"{""type"":""MultiPoint"",""coordinates"":[]}"
20120318,2012-03-18,-0.0010132017367407108,"{""type"":""MultiPoint"",""coordinates"":[]}"
20120319,2012-03-19,-0.0010358009053085925,"{""type"":""MultiPoint"",""coordinates"":[]}"
20120320,2012-03-20,-0.0010193473615353313,"{""type"":""MultiPoint"",""coordinates"":[]}"
20120321,2012-03-21,-9.772179709897394E-4,"{""type"":""MultiPoint"",""coordinates"":[]}"
20120322,2012-03-22,-9.533019173448324E-4,"{""type"":""MultiPoint"",""coordinates"":[]}"
20120323,2012-03-23,-9.663164547221101E-4,"{""type"":""MultiPoint"",""coordinates"":[]}"
20120324,2012-03-24,-9.89696960072427E-4,"{""type"":""MultiPoint"",""coordinates"":[]}"
20120325,2012-03-25,-9.571991634349139E-4,"{""type"":""MultiPoint"",""coordinates"":[]}"
20120326,2012-03-26,-9.667844449531268E-4,"{""type"":""MultiPoint"",""coordinates"":[]}"
20120327,2012-03-27,-9.638556864758104E-4,"{""type"":""MultiPoint"",""coordinates"":[]}"
20120328,2012-03-28,-9.842793897481173E-4,"{""type"":""MultiPoint"",""coordinates"":[]}"
20120329,2012-03-29,-9.933256629450415E-4,"{""type"":""MultiPoint"",""coordinates"":[]}"
20120330,2012-03-30,-0.0010025205034690907,"{""type"":""MultiPoint"",""coordinates"":[]}"
20120331,2012-03-31,-0.0010132468851806408,"{""type"":""MultiPoint"",""coordinates"":[]}"
20120401,2012-04-01,-0.0010538640655576594,"{""type"":""MultiPoint"",""coordinates"":[]}"
20120402,2012-04-02,-0.001089213070101971,"{""type"":""MultiPoint"",""coordinates"":[]}"
20120403,2012-04-03,-0.001130452656367972,"{""type"":""MultiPoint"",""coordinates"":[]}"
20120404,2012-04-04,-0.0011529972788009311,"{""type"":""MultiPoint"",""coordinates"":[]}"
20120405,2012-04-05,-0.0011518381035614575,"{""type"":""MultiPoint"",""coordinates"":[]}"
20120406,2012-04-06,-0.0011100602555667832,"{""type"":""MultiPoint"",""coordinates"":[]}"
20120407,2012-04-07,-0.0011375344388562904,"{""type"":""MultiPoint"",""coordinates"":[]}"
20120408,2012-04-08,-0.0011404267627692856,"{""type"":""MultiPoint"",""coordinates"":[]}"
20120409,2012-04-09,-0.001147930454708951,"{""type"":""MultiPoint"",""coordinates"":[]}"
20120410,2012-04-10,-0.0011924825491825676,"{""type"":""MultiPoint"",""coordinates"":[]}"
20120411,2012-04-11,-0.001201414013628114,"{""type"":""MultiPoint"",""coordinates"":[]}"
20120412,2012-04-12,-0.001254777710593483,"{""type"":""MultiPoint"",""coordinates"":[]}"
20120413,2012-04-13,-0.0013060080918212093,"{""type"":""MultiPoint"",""coordinates"":[]}"
20120414,2012-04-14,-0.0013854293684547358,"{""type"":""MultiPoint"",""coordinates"":[]}"
20120415,2012-04-15,-0.001364882169012917,"{""type"":""MultiPoint"",""coordinates"":[]}"
20120416,2012-04-16,-0.001346593695432921,"{""type"":""MultiPoint"",""coordinates"":[]}"
20120417,2012-04-17,-0.0013422487543236503,"{""type"":""MultiPoint"",""coordinates"":[]}"
20120418,2012-04-18,-0.0013210972041613452,"{""type"":""MultiPoint"",""coordinates"":[]}"
20120419,2012-04-19,-0.0012927928369444155,"{""type"":""MultiPoint"",""coordinates"":[]}"
20120420,2012-04-20,-0.0012425217787923768,"{""type"":""MultiPoint"",""coordinates"":[]}"
20120421,2012-04-21,-0.001306827704855496,"{""type"":""MultiPoint"",""coordinates"":[]}"
20120422,2012-04-22,-0.0013523905070585835,"{""type"":""MultiPoint"",""coordinates"":[]}"
20120423,2012-04-23,-0.0013949202162119843,"{""type"":""MultiPoint"",""coordinates"":[]}"
20120424,2012-04-24,-0.0013867590059442147,"{""type"":""MultiPoint"",""coordinates"":[]}"
20120425,2012-04-25,-0.001346814762403876,"{""type"":""MultiPoint"",""coordinates"":[]}"
20120426,2012-04-26,-0.0013645511613016232,"{""type"":""MultiPoint"",""coordinates"":[]}"
20120427,2012-04-27,-0.001399388673162225,"{""type"":""MultiPoint"",""coordinates"":[]}"
20120428,2012-04-28,-0.0014157352533530447,"{""type"":""MultiPoint"",""coordinates"":[]}"
20120429,2012-04-29,-0.0014555946513084622,"{""type"":""MultiPoint"",""coordinates"":[]}"
20120430,2012-04-30,-0.0014368788462198188,"{""type"":""MultiPoint"",""coordinates"":[]}"
20120501,2012-05-01,-0.0014181060545414997,"{""type"":""MultiPoint"",""coordinates"":[]}"
20120502,2012-05-02,-0.0014136162286745983,"{""type"":""MultiPoint"",""coordinates"":[]}"
20120503,2012-05-03,-0.0014065225880596347,"{""type"":""MultiPoint"",""coordinates"":[]}"
20120504,2012-05-04,-0.001438482938907144,"{""type"":""MultiPoint"",""coordinates"":[]}"
20120505,2012-05-05,-0.0014854299502174077,"{""type"":""MultiPoint"",""coordinates"":[]}"
20120506,2012-05-06,-0.0015370490638856964,"{""type"":""MultiPoint"",""coordinates"":[]}"
20120507,2012-05-07,-0.0015695922609191546,"{""type"":""MultiPoint"",""coordinates"":[]}"
20120508,2012-05-08,-0.0016073735198042323,"{""type"":""MultiPoint"",""coordinates"":[]}"
20120509,2012-05-09,-0.001609577230284634,"{""type"":""MultiPoint"",""coordinates"":[]}"
20120510,2012-05-10,-0.0016172167199174116,"{""type"":""MultiPoint"",""coordinates"":[]}"
20120511,2012-05-11,-0.0016345786469288636,"{""type"":""MultiPoint"",""coordinates"":[]}"
20120512,2012-05-12,-0.0016245750071722457,"{""type"":""MultiPoint"",""coordinates"":[]}"
20120513,2012-05-13,-0.001663399599414597,"{""type"":""MultiPoint"",""coordinates"":[]}"
20120514,2012-05-14,-0.0016390417053885515,"{""type"":""MultiPoint"",""coordinates"":[]}"
20120515,2012-05-15,-0.0015916911404673258,"{""type"":""MultiPoint"",""coordinates"":[]}"
20120516,2012-05-16,-0.0015677441151077003,"{""type"":""MultiPoint"",""coordinates"":[]}"
20120517,2012-05-17,-0.0015572348115205285,"{""type"":""MultiPoint"",""coordinates"":[]}"
20120518,2012-05-18,-0.0015706791817609402,"{""type"":""MultiPoint"",""coordinates"":[]}"
20120519,2012-05-19,-0.0015421703984726774,"{""type"":""MultiPoint"",""coordinates"":[]}"
20120520,2012-05-20,-0.001526091764264211,"{""type"":""MultiPoint"",""coordinates"":[]}"
20120521,2012-05-21,-0.0015222899529011699,"{""type"":""MultiPoint"",""coordinates"":[]}"
20120522,2012-05-22,-0.0015357033543729635,"{""type"":""MultiPoint"",""coordinates"":[]}"
20120523,2012-05-23,-0.0015070978655248933,"{""type"":""MultiPoint"",""coordinates"":[]}"
20120524,2012-05-24,-0.0014574422270937633,"{""type"":""MultiPoint"",""coordinates"":[]}"
20120525,2012-05-25,-0.001446411439327814,"{""type"":""MultiPoint"",""coordinates"":[]}"
20120526,2012-05-26,-0.0014481306928543708,"{""type"":""MultiPoint"",""coordinates"":[]}"
20120527,2012-05-27,-0.001489898849751288,"{""type"":""MultiPoint"",""coordinates"":[]}"
20120528,2012-05-28,-0.001483554612312191,"{""type"":""MultiPoint"",""coordinates"":[]}"
20120529,2012-05-29,-0.00152677006248431,"{""type"":""MultiPoint"",""coordinates"":[]}"
20120530,2012-05-30,-0.001423281186019682,"{""type"":""MultiPoint"",""coordinates"":[]}"
20120531,2012-05-31,-0.0014191778554135716,"{""type"":""MultiPoint"",""coordinates"":[]}"
20120601,2012-06-01,-0.0013689834188215263,"{""type"":""MultiPoint"",""coordinates"":[]}"
20120602,2012-06-02,-0.0013844542739333517,"{""type"":""MultiPoint"",""coordinates"":[]}"
20120603,2012-06-03,-0.0014168155010246522,"{""type"":""MultiPoint"",""coordinates"":[]}"
20120604,2012-06-04,-0.0014655347596062827,"{""type"":""MultiPoint"",""coordinates"":[]}"
20120605,2012-06-05,-0.0014805860035394182,"{""type"":""MultiPoint"",""coordinates"":[]}"
20120606,2012-06-06,-0.0015527551672780263,"{""type"":""MultiPoint"",""coordinates"":[]}"
20120607,2012-06-07,-0.0016803047384246399,"{""type"":""MultiPoint"",""coordinates"":[]}"
20120608,2012-06-08,-0.0016977442801678327,"{""type"":""MultiPoint"",""coordinates"":[]}"
20120609,2012-06-09,-0.001711363411767179,"{""type"":""MultiPoint"",""coordinates"":[]}"
20120610,2012-06-10,-0.0016474684089057858,"{""type"":""MultiPoint"",""coordinates"":[]}"
20120611,2012-06-11,-0.0016852501616301278,"{""type"":""MultiPoint"",""coordinates"":[]}"
20120612,2012-06-12,-0.0017306243421134255,"{""type"":""MultiPoint"",""coordinates"":[]}"
20120613,2012-06-13,-0.0018325837345963519,"{""type"":""MultiPoint"",""coordinates"":[]}"
20120614,2012-06-14,-0.0018302776599769914,"{""type"":""MultiPoint"",""coordinates"":[]}"
20120615,2012-06-15,-0.001787489478017787,"{""type"":""MultiPoint"",""coordinates"":[]}"
20120616,2012-06-16,-0.0017970591382823785,"{""type"":""MultiPoint"",""coordinates"":[]}"
20120617,2012-06-17,-0.001887864654186426,"{""type"":""MultiPoint"",""coordinates"":[]}"
20120618,2012-06-18,-0.0019797951409595877,"{""type"":""MultiPoint"",""coordinates"":[]}"
20120619,2012-06-19,-0.0020473984510652877,"{""type"":""MultiPoint"",""coordinates"":[]}"
20120620,2012-06-20,-0.002011106318312705,"{""type"":""MultiPoint"",""coordinates"":[]}"
20120621,2012-06-21,-0.0019508817133443367,"{""type"":""MultiPoint"",""coordinates"":[]}"
20120622,2012-06-22,-0.0019093119116991408,"{""type"":""MultiPoint"",""coordinates"":[]}"
20120623,2012-06-23,-0.0019176888464557925,"{""type"":""MultiPoint"",""coordinates"":[]}"
20120624,2012-06-24,-0.0018909490362465878,"{""type"":""MultiPoint"",""coordinates"":[]}"
20120625,2012-06-25,-0.0020461115975808327,"{""type"":""MultiPoint"",""coordinates"":[]}"
20120626,2012-06-26,-0.002048974335670738,"{""type"":""MultiPoint"",""coordinates"":[]}"
20120627,2012-06-27,-0.0021437231472664115,"{""type"":""MultiPoint"",""coordinates"":[]}"
20120628,2012-06-28,-0.002191659492759978,"{""type"":""MultiPoint"",""coordinates"":[]}"
20120629,2012-06-29,-0.002216285768077972,"{""type"":""MultiPoint"",""coordinates"":[]}"
20120630,2012-06-30,-0.002289165881881784,"{""type"":""MultiPoint"",""coordinates"":[]}"
20120701,2012-07-01,-0.002133138773085968,"{""type"":""MultiPoint"",""coordinates"":[]}"
20120702,2012-07-02,-0.00211837253392747,"{""type"":""MultiPoint"",""coordinates"":[]}"
20120703,2012-07-03,-0.0021226991149270375,"{""type"":""MultiPoint"",""coordinates"":[]}"
20120704,2012-07-04,-0.0021881770093245064,"{""type"":""MultiPoint"",""coordinates"":[]}"
20120705,2012-07-05,-0.002210841011349165,"{""type"":""MultiPoint"",""coordinates"":[]}"
20120706,2012-07-06,-0.0021313300073460676,"{""type"":""MultiPoint"",""coordinates"":[]}"
20120707,2012-07-07,-0.0021252053396349775,"{""type"":""MultiPoint"",""coordinates"":[]}"
20120708,2012-07-08,-0.002246008996568748,"{""type"":""MultiPoint"",""coordinates"":[]}"
20120709,2012-07-09,-0.002342092286594196,"{""type"":""MultiPoint"",""coordinates"":[]}"
20120710,2012-07-10,-0.0024163830711476752,"{""type"":""MultiPoint"",""coordinates"":[]}"
20120711,2012-07-11,-0.002593945040849747,"{""type"":""MultiPoint"",""coordinates"":[]}"
20120712,2012-07-12,-0.002676160170909577,"{""type"":""MultiPoint"",""coordinates"":[]}"
20120713,2012-07-13,-0.00258337313639496,"{""type"":""MultiPoint"",""coordinates"":[]}"
20120714,2012-07-14,-0.002458537833101427,"{""type"":""MultiPoint"",""coordinates"":[]}"
20120715,2012-07-15,-0.0024236839581232286,"{""type"":""MultiPoint"",""coordinates"":[]}"
20120716,2012-07-16,-0.002565640343383128,"{""type"":""MultiPoint"",""coordinates"":[]}"
20120717,2012-07-17,-0.0027294428919064457,"{""type"":""MultiPoint"",""coordinates"":[]}"
20120718,2012-07-18,-0.0025724020516485913,"{""type"":""MultiPoint"",""coordinates"":[]}"
20120719,2012-07-19,-0.00242153512749979,"{""type"":""MultiPoint"",""coordinates"":[]}"
20120720,2012-07-20,-0.0024156921863189044,"{""type"":""MultiPoint"",""coordinates"":[]}"
20120721,2012-07-21,-0.0024300010873940427,"{""type"":""MultiPoint"",""coordinates"":[]}"
20120722,2012-07-22,-0.0025250910513730258,"{""type"":""MultiPoint"",""coordinates"":[]}"
20120723,2012-07-23,-0.0024332013350445653,"{""type"":""MultiPoint"",""coordinates"":[]}"
20120724,2012-07-24,-0.0022771814371001435,"{""type"":""MultiPoint"",""coordinates"":[]}"
20120725,2012-07-25,-0.002269560191660397,"{""type"":""MultiPoint"",""coordinates"":[]}"
20120726,2012-07-26,-0.002384588933909494,"{""type"":""MultiPoint"",""coordinates"":[]}"
20120727,2012-07-27,-0.002381136067813187,"{""type"":""MultiPoint"",""coordinates"":[]}"
20120728,2012-07-28,-0.0023794011116657124,"{""type"":""MultiPoint"",""coordinates"":[]}"
20120729,2012-07-29,-0.002322269600143025,"{""type"":""MultiPoint"",""coordinates"":[]}"
20120730,2012-07-30,-0.002341729642500278,"{""type"":""MultiPoint"",""coordinates"":[]}"
20120731,2012-07-31,-0.002368875570081575,"{""type"":""MultiPoint"",""coordinates"":[]}"
20120801,2012-08-01,-0.002499947475910153,"{""type"":""MultiPoint"",""coordinates"":[]}"
20120802,2012-08-02,-0.0024543834498268113,"{""type"":""MultiPoint"",""coordinates"":[]}"
20120803,2012-08-03,-0.00236536363097698,"{""type"":""MultiPoint"",""coordinates"":[]}"
20120804,2012-08-04,-0.0023037749947400136,"{""type"":""MultiPoint"",""coordinates"":[]}"
20120805,2012-08-05,-0.002441596273509621,"{""type"":""MultiPoint"",""coordinates"":[]}"
20120806,2012-08-06,-0.0025147497196341306,"{""type"":""MultiPoint"",""coordinates"":[]}"
20120807,2012-08-07,-0.0025217588335679072,"{""type"":""MultiPoint"",""coordinates"":[]}"
20120808,2012-08-08,-0.0025028554103684254,"{""type"":""MultiPoint"",""coordinates"":[]}"
20120809,2012-08-09,-0.002545216177552252,"{""type"":""MultiPoint"",""coordinates"":[]}"
20120810,2012-08-10,-0.002579543305800472,"{""type"":""MultiPoint"",""coordinates"":[]}"
20120811,2012-08-11,-0.002482281478166547,"{""type"":""MultiPoint"",""coordinates"":[]}"
20120812,2012-08-12,-0.0024839049004623083,"{""type"":""MultiPoint"",""coordinates"":[]}"
20120813,2012-08-13,-0.0025716461317414814,"{""type"":""MultiPoint"",""coordinates"":[]}"
20120814,2012-08-14,-0.0026233003593051653,"{""type"":""MultiPoint"",""coordinates"":[]}"
20120815,2012-08-15,-0.002712572768965434,"{""type"":""MultiPoint"",""coordinates"":[]}"
20120816,2012-08-16,-0.002772207724248917,"{""type"":""MultiPoint"",""coordinates"":[]}"
20120817,2012-08-17,-0.0027282008037227906,"{""type"":""MultiPoint"",""coordinates"":[]}"
20120818,2012-08-18,-0.0028001744152488573,"{""type"":""MultiPoint"",""coordinates"":[]}"
20120819,2012-08-19,-0.002627677122175142,"{""type"":""MultiPoint"",""coordinates"":[]}"
20120820,2012-08-20,-0.002446552825089977,"{""type"":""MultiPoint"",""coordinates"":[]}"
20120821,2012-08-21,-0.002323743942504353,"{""type"":""MultiPoint"",""coordinates"":[]}"
20120822,2012-08-22,-0.0022997328467309086,"{""type"":""MultiPoint"",""coordinates"":[]}"
20120823,2012-08-23,-0.0025240574781884824,"{""type"":""MultiPoint"",""coordinates"":[]}"
20120824,2012-08-24,-0.002717305937745672,"{""type"":""MultiPoint"",""coordinates"":[]}"
20120825,2012-08-25,-0.0026847156335819003,"{""type"":""MultiPoint"",""coordinates"":[]}"
20120826,2012-08-26,-0.002582001170920125,"{""type"":""MultiPoint"",""coordinates"":[]}"
20120827,2012-08-27,-0.002516065853032041,"{""type"":""MultiPoint"",""coordinates"":[]}"
20120828,2012-08-28,-0.002667491386921307,"{""type"":""MultiPoint"",""coordinates"":[]}"
20120829,2012-08-29,-0.002797957155710033,"{""type"":""MultiPoint"",""coordinates"":[]}"
20120830,2012-08-30,-0.0027347109275469537,"{""type"":""MultiPoint"",""coordinates"":[]}"
20120831,2012-08-31,-0.0027570529564819434,"{""type"":""MultiPoint"",""coordinates"":[]}"
20120901,2012-09-01,-0.002815502189332832,"{""type"":""MultiPoint"",""coordinates"":[]}"
20120902,2012-09-02,-0.002792253938411576,"{""type"":""MultiPoint"",""coordinates"":[]}"
20120903,2012-09-03,-0.0025540520222734607,"{""type"":""MultiPoint"",""coordinates"":[]}"
20120904,2012-09-04,-0.0024173708503378143,"{""type"":""MultiPoint"",""coordinates"":[]}"
20120905,2012-09-05,-0.002627201161709011,"{""type"":""MultiPoint"",""coordinates"":[]}"
20120906,2012-09-06,-0.0026757770633508864,"{""type"":""MultiPoint"",""coordinates"":[]}"
20120907,2012-09-07,-0.002759332974840804,"{""type"":""MultiPoint"",""coordinates"":[]}"
20120908,2012-09-08,-0.00279658428887477,"{""type"":""MultiPoint"",""coordinates"":[]}"
20120909,2012-09-09,-0.0026658911366373265,"{""type"":""MultiPoint"",""coordinates"":[]}"
20120910,2012-09-10,-0.002517827584945045,"{""type"":""MultiPoint"",""coordinates"":[]}"
20120911,2012-09-11,-0.0025591083362147115,"{""type"":""MultiPoint"",""coordinates"":[]}"
20120912,2012-09-12,-0.0026561456048912586,"{""type"":""MultiPoint"",""coordinates"":[]}"
20120913,2012-09-13,-0.0025759711471766526,"{""type"":""MultiPoint"",""coordinates"":[]}"
20120914,2012-09-14,-0.002505628337900075,"{""type"":""MultiPoint"",""coordinates"":[]}"
20120915,2012-09-15,-0.002453711762771742,"{""type"":""MultiPoint"",""coordinates"":[]}"
20120916,2012-09-16,-0.0024091379914360834,"{""type"":""MultiPoint"",""coordinates"":[]}"
20120917,2012-09-17,-0.002339158633062624,"{""type"":""MultiPoint"",""coordinates"":[]}"
20120918,2012-09-18,-0.0024598982701255533,"{""type"":""MultiPoint"",""coordinates"":[]}"
20120919,2012-09-19,-0.0026768929478519048,"{""type"":""MultiPoint"",""coordinates"":[]}"
20120920,2012-09-20,-0.0027435859283366556,"{""type"":""MultiPoint"",""coordinates"":[]}"
20120921,2012-09-21,-0.0028081765321187344,"{""type"":""MultiPoint"",""coordinates"":[]}"
20120922,2012-09-22,-0.002780136574555032,"{""type"":""MultiPoint"",""coordinates"":[]}"
20120923,2012-09-23,-0.0027881046766990592,"{""type"":""MultiPoint"",""coordinates"":[]}"
20120924,2012-09-24,-0.0027242500698418967,"{""type"":""MultiPoint"",""coordinates"":[]}"
20120925,2012-09-25,-0.002740465426590819,"{""type"":""MultiPoint"",""coordinates"":[]}"
20120926,2012-09-26,-0.002681373042999916,"{""type"":""MultiPoint"",""coordinates"":[]}"
20120927,2012-09-27,-0.002747960647573419,"{""type"":""MultiPoint"",""coordinates"":[]}"
20120928,2012-09-28,-0.0026952545701776527,"{""type"":""MultiPoint"",""coordinates"":[]}"
20120929,2012-09-29,-0.002686799506352627,"{""type"":""MultiPoint"",""coordinates"":[]}"
20120930,2012-09-30,-0.002616393537883031,"{""type"":""MultiPoint"",""coordinates"":[]}"
20121001,2012-10-01,-0.002523772045929796,"{""type"":""MultiPoint"",""coordinates"":[]}"
20121002,2012-10-02,-0.0024319957971228718,"{""type"":""MultiPoint"",""coordinates"":[]}"
20121003,2012-10-03,-0.002342320943810651,"{""type"":""MultiPoint"",""coordinates"":[]}"
20121004,2012-10-04,-0.0022901370445398907,"{""type"":""MultiPoint"",""coordinates"":[]}"
20121005,2012-10-05,-0.002381426441851249,"{""type"":""MultiPoint"",""coordinates"":[]}"
20121006,2012-10-06,-0.002428410735225437,"{""type"":""MultiPoint"",""coordinates"":[]}"
20121007,2012-10-07,-0.0024095935195576137,"{""type"":""MultiPoint"",""coordinates"":[]}"
20121008,2012-10-08,-0.002399378872801243,"{""type"":""MultiPoint"",""coordinates"":[]}"
20121009,2012-10-09,-0.0022200208680135175,"{""type"":""MultiPoint"",""coordinates"":[]}"
20121010,2012-10-10,-0.002161244947816126,"{""type"":""MultiPoint"",""coordinates"":[]}"
20121011,2012-10-11,-0.002130999804489965,"{""type"":""MultiPoint"",""coordinates"":[]}"
20121012,2012-10-12,-0.0022314589678597454,"{""type"":""MultiPoint"",""coordinates"":[]}"
20121013,2012-10-13,-0.0022280297687554875,"{""type"":""MultiPoint"",""coordinates"":[]}"
20121014,2012-10-14,-0.0022365583307697745,"{""type"":""MultiPoint"",""coordinates"":[]}"
20121015,2012-10-15,-0.0021705340725552166,"{""type"":""MultiPoint"",""coordinates"":[]}"
20121016,2012-10-16,-0.002153467175363932,"{""type"":""MultiPoint"",""coordinates"":[]}"
20121017,2012-10-17,-0.0021536403777137093,"{""type"":""MultiPoint"",""coordinates"":[]}"
20121018,2012-10-18,-0.0021495356124023803,"{""type"":""MultiPoint"",""coordinates"":[]}"
20121019,2012-10-19,-0.0020503661035817,"{""type"":""MultiPoint"",""coordinates"":[]}"
20121020,2012-10-20,-0.0019513206648932172,"{""type"":""MultiPoint"",""coordinates"":[]}"
20121021,2012-10-21,-0.00194378610104944,"{""type"":""MultiPoint"",""coordinates"":[]}"
20121022,2012-10-22,-0.0019750927754442135,"{""type"":""MultiPoint"",""coordinates"":[]}"
20121023,2012-10-23,-0.001966945342856376,"{""type"":""MultiPoint"",""coordinates"":[]}"
20121024,2012-10-24,-0.0018600030494302293,"{""type"":""MultiPoint"",""coordinates"":[]}"
20121025,2012-10-25,-0.0018494249054315725,"{""type"":""MultiPoint"",""coordinates"":[]}"
20121026,2012-10-26,-0.0018175657860591298,"{""type"":""MultiPoint"",""coordinates"":[]}"
20121027,2012-10-27,-0.0018477841490467319,"{""type"":""MultiPoint"",""coordinates"":[]}"
20121028,2012-10-28,-0.0018129618031088252,"{""type"":""MultiPoint"",""coordinates"":[]}"
20121029,2012-10-29,-0.0017857622191377134,"{""type"":""MultiPoint"",""coordinates"":[]}"
20121030,2012-10-30,-0.0017165276284254749,"{""type"":""MultiPoint"",""coordinates"":[]}"
20121031,2012-10-31,-0.001674225842421775,"{""type"":""MultiPoint"",""coordinates"":[]}"
20121101,2012-11-01,-0.0014917466030450529,"{""type"":""MultiPoint"",""coordinates"":[]}"
20121102,2012-11-02,-0.001337878641465788,"{""type"":""MultiPoint"",""coordinates"":[]}"
20121103,2012-11-03,-0.001341304954123711,"{""type"":""MultiPoint"",""coordinates"":[]}"
20121104,2012-11-04,-0.0013758903591040309,"{""type"":""MultiPoint"",""coordinates"":[]}"
20121105,2012-11-05,-0.0013724953346267684,"{""type"":""MultiPoint"",""coordinates"":[]}"
20121106,2012-11-06,-0.0014424226808734245,"{""type"":""MultiPoint"",""coordinates"":[]}"
20121107,2012-11-07,-0.0014653951162396104,"{""type"":""MultiPoint"",""coordinates"":[]}"
20121108,2012-11-08,-0.0015344672001426796,"{""type"":""MultiPoint"",""coordinates"":[]}"
20121109,2012-11-09,-0.0015502515925034219,"{""type"":""MultiPoint"",""coordinates"":[]}"
20121110,2012-11-10,-0.0015397218968689166,"{""type"":""MultiPoint"",""coordinates"":[]}"
20121111,2012-11-11,-0.0014938262620707843,"{""type"":""MultiPoint"",""coordinates"":[]}"
20121112,2012-11-12,-0.0014759621938824382,"{""type"":""MultiPoint"",""coordinates"":[]}"
20121113,2012-11-13,-0.0014535799365014623,"{""type"":""MultiPoint"",""coordinates"":[]}"
20121114,2012-11-14,-0.0014370583873044107,"{""type"":""MultiPoint"",""coordinates"":[]}"
20121115,2012-11-15,-0.0013954248580804367,"{""type"":""MultiPoint"",""coordinates"":[]}"
20121116,2012-11-16,-0.0013651961009754211,"{""type"":""MultiPoint"",""coordinates"":[]}"
20121117,2012-11-17,-0.0013717355091567723,"{""type"":""MultiPoint"",""coordinates"":[]}"
20121118,2012-11-18,-0.0013272729113083307,"{""type"":""MultiPoint"",""coordinates"":[]}"
20121119,2012-11-19,-0.001280214726793182,"{""type"":""MultiPoint"",""coordinates"":[]}"
20121120,2012-11-20,-0.0012337865246654545,"{""type"":""MultiPoint"",""coordinates"":[]}"
20121121,2012-11-21,-0.001217136789701137,"{""type"":""MultiPoint"",""coordinates"":[]}"
20121122,2012-11-22,-0.001189944266322049,"{""type"":""MultiPoint"",""coordinates"":[]}"
20121123,2012-11-23,-0.0011410841721402245,"{""type"":""MultiPoint"",""coordinates"":[]}"
20121124,2012-11-24,-0.0011549678944844737,"{""type"":""MultiPoint"",""coordinates"":[]}"
20121125,2012-11-25,-0.0011642191003571089,"{""type"":""MultiPoint"",""coordinates"":[]}"
20121126,2012-11-26,-0.0011366158501496602,"{""type"":""MultiPoint"",""coordinates"":[]}"
20121127,2012-11-27,-0.0011210133134370967,"{""type"":""MultiPoint"",""coordinates"":[]}"
20121128,2012-11-28,-0.0011157278946318688,"{""type"":""MultiPoint"",""coordinates"":[]}"
20121129,2012-11-29,-0.0011178275525662268,"{""type"":""MultiPoint"",""coordinates"":[]}"
20121130,2012-11-30,-0.0010694893732381013,"{""type"":""MultiPoint"",""coordinates"":[]}"
20121201,2012-12-01,-0.0010392183343060993,"{""type"":""MultiPoint"",""coordinates"":[]}"
20121202,2012-12-02,-0.0010461615150694837,"{""type"":""MultiPoint"",""coordinates"":[]}"
20121203,2012-12-03,-0.001023065768344929,"{""type"":""MultiPoint"",""coordinates"":[]}"
20121204,2012-12-04,-9.935165486738876E-4,"{""type"":""MultiPoint"",""coordinates"":[]}"
20121205,2012-12-05,-0.001014179989621432,"{""type"":""MultiPoint"",""coordinates"":[]}"
20121206,2012-12-06,-0.0010196508765714938,"{""type"":""MultiPoint"",""coordinates"":[]}"
20121207,2012-12-07,-0.0010181159940178118,"{""type"":""MultiPoint"",""coordinates"":[]}"
20121208,2012-12-08,-0.001002226919927797,"{""type"":""MultiPoint"",""coordinates"":[]}"
20121209,2012-12-09,-9.680860431688127E-4,"{""type"":""MultiPoint"",""coordinates"":[]}"
20121210,2012-12-10,-9.671443670741469E-4,"{""type"":""MultiPoint"",""coordinates"":[]}"
20121211,2012-12-11,-9.446144994571681E-4,"{""type"":""MultiPoint"",""coordinates"":[]}"
20121212,2012-12-12,-9.292235641431989E-4,"{""type"":""MultiPoint"",""coordinates"":[]}"
20121213,2012-12-13,-9.324798726290827E-4,"{""type"":""MultiPoint"",""coordinates"":[]}"
20121214,2012-12-14,-9.540950572881015E-4,"{""type"":""MultiPoint"",""coordinates"":[]}"
20121215,2012-12-15,-9.177686515147276E-4,"{""type"":""MultiPoint"",""coordinates"":[]}"
20121216,2012-12-16,-9.154747754988461E-4,"{""type"":""MultiPoint"",""coordinates"":[]}"
20121217,2012-12-17,-8.988744048269203E-4,"{""type"":""MultiPoint"",""coordinates"":[]}"
20121218,2012-12-18,-9.20890284919094E-4,"{""type"":""MultiPoint"",""coordinates"":[]}"
20121219,2012-12-19,-8.688786347387967E-4,"{""type"":""MultiPoint"",""coordinates"":[]}"
20121220,2012-12-20,-8.610737786904319E-4,"{""type"":""MultiPoint"",""coordinates"":[]}"
20121221,2012-12-21,-8.382585295858693E-4,"{""type"":""MultiPoint"",""coordinates"":[]}"
20121222,2012-12-22,-8.318127904767232E-4,"{""type"":""MultiPoint"",""coordinates"":[]}"
20121223,2012-12-23,-8.236683041319959E-4,"{""type"":""MultiPoint"",""coordinates"":[]}"
20121224,2012-12-24,-8.048795752088021E-4,"{""type"":""MultiPoint"",""coordinates"":[]}"
20121225,2012-12-25,-7.7447907591828E-4,"{""type"":""MultiPoint"",""coordinates"":[]}"
20121226,2012-12-26,-7.613468272113501E-4,"{""type"":""MultiPoint"",""coordinates"":[]}"
20121227,2012-12-27,-7.508543272081779E-4,"{""type"":""MultiPoint"",""coordinates"":[]}"
20121228,2012-12-28,-7.651166739773226E-4,"{""type"":""MultiPoint"",""coordinates"":[]}"
20121229,2012-12-29,-7.21991941146732E-4,"{""type"":""MultiPoint"",""coordinates"":[]}"
20121230,2012-12-30,-7.322860791855472E-4,"{""type"":""MultiPoint"",""coordinates"":[]}"
20121231,2012-12-31,-7.448973983401099E-4,"{""type"":""MultiPoint"",""coordinates"":[]}"
20130101,2013-01-01,-7.575689978908349E-4,"{""type"":""MultiPoint"",""coordinates"":[]}"
20130102,2013-01-02,-7.600777829445867E-4,"{""type"":""MultiPoint"",""coordinates"":[]}"
20130103,2013-01-03,-7.425764334919121E-4,"{""type"":""MultiPoint"",""coordinates"":[]}"
20130104,2013-01-04,-7.287285633171753E-4,"{""type"":""MultiPoint"",""coordinates"":[]}"
20130105,2013-01-05,-7.314077238913824E-4,"{""type"":""MultiPoint"",""coordinates"":[]}"
20130106,2013-01-06,-7.155328998822957E-4,"{""type"":""MultiPoint"",""coordinates"":[]}"
20130107,2013-01-07,-6.868903189274372E-4,"{""type"":""MultiPoint"",""coordinates"":[]}"
20130108,2013-01-08,-7.058363400067396E-4,"{""type"":""MultiPoint"",""coordinates"":[]}"
20130109,2013-01-09,-7.37280611153289E-4,"{""type"":""MultiPoint"",""coordinates"":[]}"
20130110,2013-01-10,-7.353057011567548E-4,"{""type"":""MultiPoint"",""coordinates"":[]}"
20130111,2013-01-11,-7.39337630189303E-4,"{""type"":""MultiPoint"",""coordinates"":[]}"
20130112,2013-01-12,-7.624784273255989E-4,"{""type"":""MultiPoint"",""coordinates"":[]}"
20130113,2013-01-13,-7.778958875344629E-4,"{""type"":""MultiPoint"",""coordinates"":[]}"
20130114,2013-01-14,-7.437696618354735E-4,"{""type"":""MultiPoint"",""coordinates"":[]}"
20130115,2013-01-15,-7.504025445955517E-4,"{""type"":""MultiPoint"",""coordinates"":[]}"
20130116,2013-01-16,-7.481612901046712E-4,"{""type"":""MultiPoint"",""coordinates"":[]}"
20130117,2013-01-17,-7.908128155481262E-4,"{""type"":""MultiPoint"",""coordinates"":[]}"
20130118,2013-01-18,-8.498051068446336E-4,"{""type"":""MultiPoint"",""coordinates"":[]}"
20130119,2013-01-19,-8.582999687859851E-4,"{""type"":""MultiPoint"",""coordinates"":[]}"
20130120,2013-01-20,-8.19584679867429E-4,"{""type"":""MultiPoint"",""coordinates"":[]}"
20130121,2013-01-21,-8.18513529183092E-4,"{""type"":""MultiPoint"",""coordinates"":[]}"
20130122,2013-01-22,-8.082884339061954E-4,"{""type"":""MultiPoint"",""coordinates"":[]}"
20130123,2013-01-23,-7.893906742225982E-4,"{""type"":""MultiPoint"",""coordinates"":[]}"
20130124,2013-01-24,-7.763484102886883E-4,"{""type"":""MultiPoint"",""coordinates"":[]}"
20130125,2013-01-25,-7.773223590111642E-4,"{""type"":""MultiPoint"",""coordinates"":[]}"
20130126,2013-01-26,-7.773712583187482E-4,"{""type"":""MultiPoint"",""coordinates"":[]}"
20130127,2013-01-27,-7.674317527673929E-4,"{""type"":""MultiPoint"",""coordinates"":[]}"
20130128,2013-01-28,-7.67365117231367E-4,"{""type"":""MultiPoint"",""coordinates"":[]}"
20130129,2013-01-29,-7.907529813245965E-4,"{""type"":""MultiPoint"",""coordinates"":[]}"
20130130,2013-01-30,-7.743546517168148E-4,"{""type"":""MultiPoint"",""coordinates"":[]}"
20130131,2013-01-31,-7.818712154654537E-4,"{""type"":""MultiPoint"",""coordinates"":[]}"
20130201,2013-02-01,-7.55231740098729E-4,"{""type"":""MultiPoint"",""coordinates"":[]}"
20130202,2013-02-02,-7.750367324980066E-4,"{""type"":""MultiPoint"",""coordinates"":[]}"
20130203,2013-02-03,-8.008295157864736E-4,"{""type"":""MultiPoint"",""coordinates"":[]}"
20130204,2013-02-04,-9.050657654857471E-4,"{""type"":""MultiPoint"",""coordinates"":[]}"
20130205,2013-02-05,-9.402749712226281E-4,"{""type"":""MultiPoint"",""coordinates"":[]}"
20130206,2013-02-06,-9.532413817891175E-4,"{""type"":""MultiPoint"",""coordinates"":[]}"
20130207,2013-02-07,-9.596807266731716E-4,"{""type"":""MultiPoint"",""coordinates"":[]}"
20130208,2013-02-08,-9.512708064257077E-4,"{""type"":""MultiPoint"",""coordinates"":[]}"
20130209,2013-02-09,-9.729571016304428E-4,"{""type"":""MultiPoint"",""coordinates"":[]}"
20130210,2013-02-10,-9.730004088676714E-4,"{""type"":""MultiPoint"",""coordinates"":[]}"
20130211,2013-02-11,-9.459872748583915E-4,"{""type"":""MultiPoint"",""coordinates"":[]}"
20130212,2013-02-12,-9.430415416050387E-4,"{""type"":""MultiPoint"",""coordinates"":[]}"
20130213,2013-02-13,-9.448396991925712E-4,"{""type"":""MultiPoint"",""coordinates"":[]}"
20130214,2013-02-14,-9.421494506593797E-4,"{""type"":""MultiPoint"",""coordinates"":[]}"
20130215,2013-02-15,-9.699295832185119E-4,"{""type"":""MultiPoint"",""coordinates"":[]}"
20130216,2013-02-16,-0.0010929396185443544,"{""type"":""MultiPoint"",""coordinates"":[]}"
20130217,2013-02-17,-0.0011505413943647014,"{""type"":""MultiPoint"",""coordinates"":[]}"
20130218,2013-02-18,-0.0012504594175494178,"{""type"":""MultiPoint"",""coordinates"":[]}"
20130219,2013-02-19,-0.0012074409268549569,"{""type"":""MultiPoint"",""coordinates"":[]}"
20130220,2013-02-20,-0.0012611643670931917,"{""type"":""MultiPoint"",""coordinates"":[]}"
20130221,2013-02-21,-0.0012052235311742813,"{""type"":""MultiPoint"",""coordinates"":[]}"
20130222,2013-02-22,-0.00127108053883901,"{""type"":""MultiPoint"",""coordinates"":[]}"
20130223,2013-02-23,-0.0012402728356717303,"{""type"":""MultiPoint"",""coordinates"":[]}"
20130224,2013-02-24,-0.001210207406938059,"{""type"":""MultiPoint"",""coordinates"":[]}"
20130225,2013-02-25,-0.0012273551035610665,"{""type"":""MultiPoint"",""coordinates"":[]}"
20130226,2013-02-26,-0.0012115378370542568,"{""type"":""MultiPoint"",""coordinates"":[]}"
20130227,2013-02-27,-0.0012617274178688344,"{""type"":""MultiPoint"",""coordinates"":[]}"
20130228,2013-02-28,-0.0012641696211487465,"{""type"":""MultiPoint"",""coordinates"":[]}"
20130301,2013-03-01,-0.0012107465203853207,"{""type"":""MultiPoint"",""coordinates"":[]}"
20130302,2013-03-02,-0.0011882931544390594,"{""type"":""MultiPoint"",""coordinates"":[]}"
20130303,2013-03-03,-0.0011789638066148245,"{""type"":""MultiPoint"",""coordinates"":[]}"
20130304,2013-03-04,-0.0011643849146352574,"{""type"":""MultiPoint"",""coordinates"":[]}"
20130305,2013-03-05,-0.001182860968165291,"{""type"":""MultiPoint"",""coordinates"":[]}"
20130306,2013-03-06,-0.0011832982253185882,"{""type"":""MultiPoint"",""coordinates"":[]}"
20130307,2013-03-07,-0.0011884692706141268,"{""type"":""MultiPoint"",""coordinates"":[]}"
20130308,2013-03-08,-0.001203546913009989,"{""type"":""MultiPoint"",""coordinates"":[]}"
20130309,2013-03-09,-0.0011805062519637645,"{""type"":""MultiPoint"",""coordinates"":[]}"
20130310,2013-03-10,-0.0011812784622903965,"{""type"":""MultiPoint"",""coordinates"":[]}"
20130311,2013-03-11,-0.0011719058273535702,"{""type"":""MultiPoint"",""coordinates"":[]}"
20130312,2013-03-12,-0.0011169457690803945,"{""type"":""MultiPoint"",""coordinates"":[]}"
20130313,2013-03-13,-0.0010994239055354686,"{""type"":""MultiPoint"",""coordinates"":[]}"
20130314,2013-03-14,-0.0011242084990429166,"{""type"":""MultiPoint"",""coordinates"":[]}"
20130315,2013-03-15,-0.0011612902967357607,"{""type"":""MultiPoint"",""coordinates"":[]}"
20130316,2013-03-16,-0.001182717101742364,"{""type"":""MultiPoint"",""coordinates"":[]}"
20130317,2013-03-17,-0.0011984899549163297,"{""type"":""MultiPoint"",""coordinates"":[]}"
20130318,2013-03-18,-0.0012373186900148222,"{""type"":""MultiPoint"",""coordinates"":[]}"
20130319,2013-03-19,-0.0012007232412914201,"{""type"":""MultiPoint"",""coordinates"":[]}"
20130320,2013-03-20,-0.0011331999727437043,"{""type"":""MultiPoint"",""coordinates"":[]}"
20130321,2013-03-21,-0.0011741783673334429,"{""type"":""MultiPoint"",""coordinates"":[]}"
20130322,2013-03-22,-0.0011409861711035162,"{""type"":""MultiPoint"",""coordinates"":[]}"
20130323,2013-03-23,-0.0011417383917895168,"{""type"":""MultiPoint"",""coordinates"":[]}"
20130324,2013-03-24,-0.001164894985642569,"{""type"":""MultiPoint"",""coordinates"":[]}"
20130325,2013-03-25,-0.0011982759849764363,"{""type"":""MultiPoint"",""coordinates"":[]}"
20130326,2013-03-26,-0.0011556784909310053,"{""type"":""MultiPoint"",""coordinates"":[]}"
20130327,2013-03-27,-0.001142644265728444,"{""type"":""MultiPoint"",""coordinates"":[]}"
20130328,2013-03-28,-0.001163674624973257,"{""type"":""MultiPoint"",""coordinates"":[]}"
20130329,2013-03-29,-0.0011858592449778406,"{""type"":""MultiPoint"",""coordinates"":[]}"
20130330,2013-03-30,-0.0012164293431138453,"{""type"":""MultiPoint"",""coordinates"":[]}"
20130331,2013-03-31,-0.001223239850102735,"{""type"":""MultiPoint"",""coordinates"":[]}"
20130401,2013-04-01,-0.0012348002322473198,"{""type"":""MultiPoint"",""coordinates"":[]}"
20130402,2013-04-02,-0.0012598344213927788,"{""type"":""MultiPoint"",""coordinates"":[]}"
20130403,2013-04-03,-0.001256065978681749,"{""type"":""MultiPoint"",""coordinates"":[]}"
20130404,2013-04-04,-0.0012527444988270752,"{""type"":""MultiPoint"",""coordinates"":[]}"
20130405,2013-04-05,-0.0012346100694402928,"{""type"":""MultiPoint"",""coordinates"":[]}"
20130406,2013-04-06,-0.0012024760501240244,"{""type"":""MultiPoint"",""coordinates"":[]}"
20130407,2013-04-07,-0.0011694895123714722,"{""type"":""MultiPoint"",""coordinates"":[]}"
20130408,2013-04-08,-0.001166828979694705,"{""type"":""MultiPoint"",""coordinates"":[]}"
20130409,2013-04-09,-0.0011541263774758827,"{""type"":""MultiPoint"",""coordinates"":[]}"
20130410,2013-04-10,-0.0011333461198564322,"{""type"":""MultiPoint"",""coordinates"":[]}"
20130411,2013-04-11,-0.0011692148819221506,"{""type"":""MultiPoint"",""coordinates"":[]}"
20130412,2013-04-12,-0.0011927643144548916,"{""type"":""MultiPoint"",""coordinates"":[]}"
20130413,2013-04-13,-0.001196159888886276,"{""type"":""MultiPoint"",""coordinates"":[]}"
20130414,2013-04-14,-0.0011961326093589796,"{""type"":""MultiPoint"",""coordinates"":[]}"
20130415,2013-04-15,-0.0012176077426699179,"{""type"":""MultiPoint"",""coordinates"":[]}"
20130416,2013-04-16,-0.001247457391159246,"{""type"":""MultiPoint"",""coordinates"":[]}"
20130417,2013-04-17,-0.0012742407938421158,"{""type"":""MultiPoint"",""coordinates"":[]}"
20130418,2013-04-18,-0.001252251256815618,"{""type"":""MultiPoint"",""coordinates"":[]}"
20130419,2013-04-19,-0.0012965477532899858,"{""type"":""MultiPoint"",""coordinates"":[]}"
20130420,2013-04-20,-0.001313716679826942,"{""type"":""MultiPoint"",""coordinates"":[]}"
20130421,2013-04-21,-0.001411630974211158,"{""type"":""MultiPoint"",""coordinates"":[]}"
20130422,2013-04-22,-0.0014317309468232999,"{""type"":""MultiPoint"",""coordinates"":[]}"
20130423,2013-04-23,-0.0015912798460733424,"{""type"":""MultiPoint"",""coordinates"":[]}"
20130424,2013-04-24,-0.0016096310806960684,"{""type"":""MultiPoint"",""coordinates"":[]}"
20130425,2013-04-25,-0.0016733634078250402,"{""type"":""MultiPoint"",""coordinates"":[]}"
20130426,2013-04-26,-0.0017064408300747627,"{""type"":""MultiPoint"",""coordinates"":[]}"
20130427,2013-04-27,-0.0016714969016275781,"{""type"":""MultiPoint"",""coordinates"":[]}"
20130428,2013-04-28,-0.0015939358895159053,"{""type"":""MultiPoint"",""coordinates"":[]}"
20130429,2013-04-29,-0.0015572747763230913,"{""type"":""MultiPoint"",""coordinates"":[]}"
20130430,2013-04-30,-0.0015639197220294419,"{""type"":""MultiPoint"",""coordinates"":[]}"
20130501,2013-05-01,-0.0015176550264515809,"{""type"":""MultiPoint"",""coordinates"":[]}"
20130502,2013-05-02,-0.0015244231499640362,"{""type"":""MultiPoint"",""coordinates"":[]}"
20130503,2013-05-03,-0.0015114747001817902,"{""type"":""MultiPoint"",""coordinates"":[]}"
20130504,2013-05-04,-0.0014691998947603583,"{""type"":""MultiPoint"",""coordinates"":[]}"
20130505,2013-05-05,-0.0014162081647264974,"{""type"":""MultiPoint"",""coordinates"":[]}"
20130506,2013-05-06,-0.0014216485714877024,"{""type"":""MultiPoint"",""coordinates"":[]}"
20130507,2013-05-07,-0.0014520259952887627,"{""type"":""MultiPoint"",""coordinates"":[]}"
20130508,2013-05-08,-0.0014617188274086957,"{""type"":""MultiPoint"",""coordinates"":[]}"
20130509,2013-05-09,-0.0014854899224814237,"{""type"":""MultiPoint"",""coordinates"":[]}"
20130510,2013-05-10,-0.0014630679782283852,"{""type"":""MultiPoint"",""coordinates"":[]}"
20130511,2013-05-11,-0.0014812114019122926,"{""type"":""MultiPoint"",""coordinates"":[]}"
20130512,2013-05-12,-0.0014689435146436232,"{""type"":""MultiPoint"",""coordinates"":[]}"
20130513,2013-05-13,-0.0015341326798415198,"{""type"":""MultiPoint"",""coordinates"":[]}"
20130514,2013-05-14,-0.001524318759933899,"{""type"":""MultiPoint"",""coordinates"":[]}"
20130515,2013-05-15,-0.0015082412522399967,"{""type"":""MultiPoint"",""coordinates"":[]}"
20130516,2013-05-16,-0.0015026129745640835,"{""type"":""MultiPoint"",""coordinates"":[]}"
20130517,2013-05-17,-0.0015457024641388364,"{""type"":""MultiPoint"",""coordinates"":[]}"
20130518,2013-05-18,-0.0015463237178479513,"{""type"":""MultiPoint"",""coordinates"":[]}"
20130519,2013-05-19,-0.00157010055414413,"{""type"":""MultiPoint"",""coordinates"":[]}"
20130520,2013-05-20,-0.0016231535626671444,"{""type"":""MultiPoint"",""coordinates"":[]}"
20130521,2013-05-21,-0.001647617813033508,"{""type"":""MultiPoint"",""coordinates"":[]}"
20130522,2013-05-22,-0.001607950299410814,"{""type"":""MultiPoint"",""coordinates"":[]}"
20130523,2013-05-23,-0.001493020816719566,"{""type"":""MultiPoint"",""coordinates"":[]}"
20130524,2013-05-24,-0.0014537740076361772,"{""type"":""MultiPoint"",""coordinates"":[]}"
20130525,2013-05-25,-0.0015392445879209027,"{""type"":""MultiPoint"",""coordinates"":[]}"
20130526,2013-05-26,-0.0015890860678973132,"{""type"":""MultiPoint"",""coordinates"":[]}"
20130527,2013-05-27,-0.0016253166112078106,"{""type"":""MultiPoint"",""coordinates"":[]}"
20130528,2013-05-28,-0.0016081696519108383,"{""type"":""MultiPoint"",""coordinates"":[]}"
20130529,2013-05-29,-0.0015705466310965888,"{""type"":""MultiPoint"",""coordinates"":[]}"
20130530,2013-05-30,-0.00154977695213959,"{""type"":""MultiPoint"",""coordinates"":[]}"
20130531,2013-05-31,-0.001533875926272715,"{""type"":""MultiPoint"",""coordinates"":[]}"
20130601,2013-06-01,-0.0016511256445677057,"{""type"":""MultiPoint"",""coordinates"":[]}"
20130602,2013-06-02,-0.0018308751676364783,"{""type"":""MultiPoint"",""coordinates"":[]}"
20130603,2013-06-03,-0.0019308533921312625,"{""type"":""MultiPoint"",""coordinates"":[]}"
20130604,2013-06-04,-0.0019733997601282,"{""type"":""MultiPoint"",""coordinates"":[]}"
20130605,2013-06-05,-0.00199117907274934,"{""type"":""MultiPoint"",""coordinates"":[]}"
20130606,2013-06-06,-0.0019251454153511938,"{""type"":""MultiPoint"",""coordinates"":[]}"
20130607,2013-06-07,-0.001997288077931089,"{""type"":""MultiPoint"",""coordinates"":[]}"
20130608,2013-06-08,-0.002073584282470047,"{""type"":""MultiPoint"",""coordinates"":[]}"
20130609,2013-06-09,-0.0021320357635698675,"{""type"":""MultiPoint"",""coordinates"":[]}"
20130610,2013-06-10,-0.0022101791215904253,"{""type"":""MultiPoint"",""coordinates"":[]}"
20130611,2013-06-11,-0.0023249284216319854,"{""type"":""MultiPoint"",""coordinates"":[]}"
20130612,2013-06-12,-0.0024877503649976622,"{""type"":""MultiPoint"",""coordinates"":[]}"
20130613,2013-06-13,-0.0025379901467293387,"{""type"":""MultiPoint"",""coordinates"":[]}"
20130614,2013-06-14,-0.002543193806766046,"{""type"":""MultiPoint"",""coordinates"":[]}"
20130615,2013-06-15,-0.002583868413964505,"{""type"":""MultiPoint"",""coordinates"":[]}"
20130616,2013-06-16,-0.0026057344971959907,"{""type"":""MultiPoint"",""coordinates"":[]}"
20130617,2013-06-17,-0.0026900673163183417,"{""type"":""MultiPoint"",""coordinates"":[]}"
20130618,2013-06-18,-0.002646704682770729,"{""type"":""MultiPoint"",""coordinates"":[]}"
20130619,2013-06-19,-0.0027830238346868152,"{""type"":""MultiPoint"",""coordinates"":[]}"
20130620,2013-06-20,-0.002867348800540027,"{""type"":""MultiPoint"",""coordinates"":[]}"
20130621,2013-06-21,-0.0028156627967740096,"{""type"":""MultiPoint"",""coordinates"":[]}"
20130622,2013-06-22,-0.0026993253910119765,"{""type"":""MultiPoint"",""coordinates"":[]}"
20130623,2013-06-23,-0.0025618400486707243,"{""type"":""MultiPoint"",""coordinates"":[]}"
20130624,2013-06-24,-0.002434690697699342,"{""type"":""MultiPoint"",""coordinates"":[]}"
20130625,2013-06-25,-0.002291436667294293,"{""type"":""MultiPoint"",""coordinates"":[]}"
20130626,2013-06-26,-0.0023035778591937537,"{""type"":""MultiPoint"",""coordinates"":[]}"
20130627,2013-06-27,-0.002345664730044116,"{""type"":""MultiPoint"",""coordinates"":[]}"
20130628,2013-06-28,-0.0023452100922591495,"{""type"":""MultiPoint"",""coordinates"":[]}"
20130629,2013-06-29,-0.002397335271757422,"{""type"":""MultiPoint"",""coordinates"":[]}"
20130630,2013-06-30,-0.0024271997863340392,"{""type"":""MultiPoint"",""coordinates"":[]}"
20130701,2013-07-01,-0.002415158398978903,"{""type"":""MultiPoint"",""coordinates"":[]}"
20130702,2013-07-02,-0.0024049414586892097,"{""type"":""MultiPoint"",""coordinates"":[]}"
20130703,2013-07-03,-0.0024682971401276143,"{""type"":""MultiPoint"",""coordinates"":[]}"
20130704,2013-07-04,-0.0026054759451291237,"{""type"":""MultiPoint"",""coordinates"":[]}"
20130705,2013-07-05,-0.002455689356966318,"{""type"":""MultiPoint"",""coordinates"":[]}"
20130706,2013-07-06,-0.0022834605671368555,"{""type"":""MultiPoint"",""coordinates"":[]}"
20130707,2013-07-07,-0.0024732489805800073,"{""type"":""MultiPoint"",""coordinates"":[]}"
20130708,2013-07-08,-0.0024623428566055293,"{""type"":""MultiPoint"",""coordinates"":[]}"
20130709,2013-07-09,-0.0024421768844953137,"{""type"":""MultiPoint"",""coordinates"":[]}"
20130710,2013-07-10,-0.0023846656073283675,"{""type"":""MultiPoint"",""coordinates"":[]}"
20130711,2013-07-11,-0.0024070951706174457,"{""type"":""MultiPoint"",""coordinates"":[]}"
20130712,2013-07-12,-0.002445614011968309,"{""type"":""MultiPoint"",""coordinates"":[]}"
20130713,2013-07-13,-0.002524383807090813,"{""type"":""MultiPoint"",""coordinates"":[]}"
20130714,2013-07-14,-0.0025954900180376423,"{""type"":""MultiPoint"",""coordinates"":[]}"
20130715,2013-07-15,-0.002556493711694439,"{""type"":""MultiPoint"",""coordinates"":[]}"
20130716,2013-07-16,-0.0024979727730625083,"{""type"":""MultiPoint"",""coordinates"":[]}"
20130717,2013-07-17,-0.0025354265226839997,"{""type"":""MultiPoint"",""coordinates"":[]}"
20130718,2013-07-18,-0.0024982768376312016,"{""type"":""MultiPoint"",""coordinates"":[]}"
20130719,2013-07-19,-0.0023760942231715433,"{""type"":""MultiPoint"",""coordinates"":[]}"
20130720,2013-07-20,-0.002216443471633572,"{""type"":""MultiPoint"",""coordinates"":[]}"
20130721,2013-07-21,-0.002515067997542287,"{""type"":""MultiPoint"",""coordinates"":[]}"
20130722,2013-07-22,-0.0025130738814705214,"{""type"":""MultiPoint"",""coordinates"":[]}"
20130723,2013-07-23,-0.002519514542964249,"{""type"":""MultiPoint"",""coordinates"":[]}"
20130724,2013-07-24,-0.002596062458015492,"{""type"":""MultiPoint"",""coordinates"":[]}"
20130725,2013-07-25,-0.002614599069716708,"{""type"":""MultiPoint"",""coordinates"":[]}"
20130726,2013-07-26,-0.0025053775264623442,"{""type"":""MultiPoint"",""coordinates"":[]}"
20130727,2013-07-27,-0.002583306361173632,"{""type"":""MultiPoint"",""coordinates"":[]}"
20130728,2013-07-28,-0.0027144888461106778,"{""type"":""MultiPoint"",""coordinates"":[]}"
20130729,2013-07-29,-0.0028005070881909192,"{""type"":""MultiPoint"",""coordinates"":[]}"
20130730,2013-07-30,-0.0028147024602738014,"{""type"":""MultiPoint"",""coordinates"":[]}"
20130731,2013-07-31,-0.0026465443122462647,"{""type"":""MultiPoint"",""coordinates"":[]}"
20130801,2013-08-01,-0.0025382147047788234,"{""type"":""MultiPoint"",""coordinates"":[]}"
20130802,2013-08-02,-0.002633949639085809,"{""type"":""MultiPoint"",""coordinates"":[]}"
20130803,2013-08-03,-0.002850263770460822,"{""type"":""MultiPoint"",""coordinates"":[]}"
20130804,2013-08-04,-0.0029720170205527236,"{""type"":""MultiPoint"",""coordinates"":[]}"
20130805,2013-08-05,-0.002674422267806961,"{""type"":""MultiPoint"",""coordinates"":[]}"
20130806,2013-08-06,-0.0025294021682689596,"{""type"":""MultiPoint"",""coordinates"":[]}"
20130807,2013-08-07,-0.0025997419785610282,"{""type"":""MultiPoint"",""coordinates"":[]}"
20130808,2013-08-08,-0.0026512994099937123,"{""type"":""MultiPoint"",""coordinates"":[]}"
20130809,2013-08-09,-0.0025778637945883197,"{""type"":""MultiPoint"",""coordinates"":[]}"
20130810,2013-08-10,-0.0025317418924523274,"{""type"":""MultiPoint"",""coordinates"":[]}"
20130811,2013-08-11,-0.00256902856864835,"{""type"":""MultiPoint"",""coordinates"":[]}"
20130812,2013-08-12,-0.002631935583706333,"{""type"":""MultiPoint"",""coordinates"":[]}"
20130813,2013-08-13,-0.002663860146331742,"{""type"":""MultiPoint"",""coordinates"":[]}"
20130814,2013-08-14,-0.002763429351205258,"{""type"":""MultiPoint"",""coordinates"":[]}"
20130815,2013-08-15,-0.002705895675918388,"{""type"":""MultiPoint"",""coordinates"":[]}"
20130816,2013-08-16,-0.0026223399704967064,"{""type"":""MultiPoint"",""coordinates"":[]}"
20130817,2013-08-17,-0.0026004872132199992,"{""type"":""MultiPoint"",""coordinates"":[]}"
20130818,2013-08-18,-0.0027085861143117352,"{""type"":""MultiPoint"",""coordinates"":[]}"
20130819,2013-08-19,-0.0028029539317643245,"{""type"":""MultiPoint"",""coordinates"":[]}"
20130820,2013-08-20,-0.0028528687040505546,"{""type"":""MultiPoint"",""coordinates"":[]}"
20130821,2013-08-21,-0.002676732293974207,"{""type"":""MultiPoint"",""coordinates"":[]}"
20130822,2013-08-22,-0.002725923087139602,"{""type"":""MultiPoint"",""coordinates"":[]}"
20130823,2013-08-23,-0.002824500545972943,"{""type"":""MultiPoint"",""coordinates"":[]}"
20130824,2013-08-24,-0.0028350941709428053,"{""type"":""MultiPoint"",""coordinates"":[]}"
20130825,2013-08-25,-0.002836657972228197,"{""type"":""MultiPoint"",""coordinates"":[]}"
20130826,2013-08-26,-0.0027200834306699635,"{""type"":""MultiPoint"",""coordinates"":[]}"
20130827,2013-08-27,-0.0025705477026250643,"{""type"":""MultiPoint"",""coordinates"":[]}"
20130828,2013-08-28,-0.0024453244304850643,"{""type"":""MultiPoint"",""coordinates"":[]}"
20130829,2013-08-29,-0.0026005017867124854,"{""type"":""MultiPoint"",""coordinates"":[]}"
20130830,2013-08-30,-0.0027254410172293684,"{""type"":""MultiPoint"",""coordinates"":[]}"
20130831,2013-08-31,-0.0026465584057207264,"{""type"":""MultiPoint"",""coordinates"":[]}"
20130901,2013-09-01,-0.0027403131132580404,"{""type"":""MultiPoint"",""coordinates"":[]}"
20130902,2013-09-02,-0.0026744743095107656,"{""type"":""MultiPoint"",""coordinates"":[]}"
20130903,2013-09-03,-0.0026397704573213805,"{""type"":""MultiPoint"",""coordinates"":[]}"
20130904,2013-09-04,-0.0027023207671126835,"{""type"":""MultiPoint"",""coordinates"":[]}"
20130905,2013-09-05,-0.002765617861113906,"{""type"":""MultiPoint"",""coordinates"":[]}"
20130906,2013-09-06,-0.0026946817495350243,"{""type"":""MultiPoint"",""coordinates"":[]}"
20130907,2013-09-07,-0.002527695896648985,"{""type"":""MultiPoint"",""coordinates"":[]}"
20130908,2013-09-08,-0.0023904309340626673,"{""type"":""MultiPoint"",""coordinates"":[]}"
20130909,2013-09-09,-0.00240987356401234,"{""type"":""MultiPoint"",""coordinates"":[]}"
20130910,2013-09-10,-0.0024903345427568116,"{""type"":""MultiPoint"",""coordinates"":[]}"
20130911,2013-09-11,-0.0025807775511293395,"{""type"":""MultiPoint"",""coordinates"":[]}"
20130912,2013-09-12,-0.0026961040808820952,"{""type"":""MultiPoint"",""coordinates"":[]}"
20130913,2013-09-13,-0.002748347495999946,"{""type"":""MultiPoint"",""coordinates"":[]}"
20130914,2013-09-14,-0.0026717065737867367,"{""type"":""MultiPoint"",""coordinates"":[]}"
20130915,2013-09-15,-0.002552375463464561,"{""type"":""MultiPoint"",""coordinates"":[]}"
20130916,2013-09-16,-0.0025056758843125283,"{""type"":""MultiPoint"",""coordinates"":[]}"
20130917,2013-09-17,-0.0025526402302512748,"{""type"":""MultiPoint"",""coordinates"":[]}"
20130918,2013-09-18,-0.002486266044252934,"{""type"":""MultiPoint"",""coordinates"":[]}"
20130919,2013-09-19,-0.0025336407951728457,"{""type"":""MultiPoint"",""coordinates"":[]}"
20130920,2013-09-20,-0.002384831112800439,"{""type"":""MultiPoint"",""coordinates"":[]}"
20130921,2013-09-21,-0.002382300613051779,"{""type"":""MultiPoint"",""coordinates"":[]}"
20130922,2013-09-22,-0.002485954041825158,"{""type"":""MultiPoint"",""coordinates"":[]}"
20130923,2013-09-23,-0.002597847483035023,"{""type"":""MultiPoint"",""coordinates"":[]}"
20130924,2013-09-24,-0.0025243650968957494,"{""type"":""MultiPoint"",""coordinates"":[]}"
20130925,2013-09-25,-0.00242877068635966,"{""type"":""MultiPoint"",""coordinates"":[]}"
20130926,2013-09-26,-0.002414603792444,"{""type"":""MultiPoint"",""coordinates"":[]}"
20130927,2013-09-27,-0.002476716552375782,"{""type"":""MultiPoint"",""coordinates"":[]}"
20130928,2013-09-28,-0.002357754768626015,"{""type"":""MultiPoint"",""coordinates"":[]}"
20130929,2013-09-29,-0.0021801971048343114,"{""type"":""MultiPoint"",""coordinates"":[]}"
20130930,2013-09-30,-0.002108597656192662,"{""type"":""MultiPoint"",""coordinates"":[]}"
20131001,2013-10-01,-0.002188926009226462,"{""type"":""MultiPoint"",""coordinates"":[]}"
20131002,2013-10-02,-0.002150498339567884,"{""type"":""MultiPoint"",""coordinates"":[]}"
20131003,2013-10-03,-0.0020157164448218095,"{""type"":""MultiPoint"",""coordinates"":[]}"
20131004,2013-10-04,-0.001939100856439789,"{""type"":""MultiPoint"",""coordinates"":[]}"
20131005,2013-10-05,-0.0019873059234169835,"{""type"":""MultiPoint"",""coordinates"":[]}"
20131006,2013-10-06,-0.0019501052315648365,"{""type"":""MultiPoint"",""coordinates"":[]}"
20131007,2013-10-07,-0.0020703738062579193,"{""type"":""MultiPoint"",""coordinates"":[]}"
20131008,2013-10-08,-0.002144228061349673,"{""type"":""MultiPoint"",""coordinates"":[]}"
20131009,2013-10-09,-0.0021812715535338514,"{""type"":""MultiPoint"",""coordinates"":[]}"
20131010,2013-10-10,-0.0022554959501830613,"{""type"":""MultiPoint"",""coordinates"":[]}"
20131011,2013-10-11,-0.0023277256874583655,"{""type"":""MultiPoint"",""coordinates"":[]}"
20131012,2013-10-12,-0.002294501314400777,"{""type"":""MultiPoint"",""coordinates"":[]}"
20131013,2013-10-13,-0.0021271826444318404,"{""type"":""MultiPoint"",""coordinates"":[]}"
20131014,2013-10-14,-0.002103321339531574,"{""type"":""MultiPoint"",""coordinates"":[]}"
20131015,2013-10-15,-0.0020282734745403017,"{""type"":""MultiPoint"",""coordinates"":[]}"
20131016,2013-10-16,-0.002075841289069367,"{""type"":""MultiPoint"",""coordinates"":[]}"
20131017,2013-10-17,-0.002165383546753825,"{""type"":""MultiPoint"",""coordinates"":[]}"
20131018,2013-10-18,-0.0021501060988416134,"{""type"":""MultiPoint"",""coordinates"":[]}"
20131019,2013-10-19,-0.002094466580762568,"{""type"":""MultiPoint"",""coordinates"":[]}"
20131020,2013-10-20,-0.001967160266700201,"{""type"":""MultiPoint"",""coordinates"":[]}"
20131021,2013-10-21,-0.0019258304349801386,"{""type"":""MultiPoint"",""coordinates"":[]}"
20131022,2013-10-22,-0.0017940894052702794,"{""type"":""MultiPoint"",""coordinates"":[]}"
20131023,2013-10-23,-0.0017879671696574104,"{""type"":""MultiPoint"",""coordinates"":[]}"
20131024,2013-10-24,-0.0017261516568747766,"{""type"":""MultiPoint"",""coordinates"":[]}"
20131025,2013-10-25,-0.001565952752022987,"{""type"":""MultiPoint"",""coordinates"":[]}"
20131026,2013-10-26,-0.0015266396232001302,"{""type"":""MultiPoint"",""coordinates"":[]}"
20131027,2013-10-27,-0.0016050500598129448,"{""type"":""MultiPoint"",""coordinates"":[]}"
20131028,2013-10-28,-0.0017664204330293594,"{""type"":""MultiPoint"",""coordinates"":[]}"
20131029,2013-10-29,-0.0018450780480812083,"{""type"":""MultiPoint"",""coordinates"":[]}"
20131030,2013-10-30,-0.0018590340365980688,"{""type"":""MultiPoint"",""coordinates"":[]}"
20131031,2013-10-31,-0.0018247279955717376,"{""type"":""MultiPoint"",""coordinates"":[]}"
20131101,2013-11-01,-0.001784173131898922,"{""type"":""MultiPoint"",""coordinates"":[]}"
20131102,2013-11-02,-0.001729919462744864,"{""type"":""MultiPoint"",""coordinates"":[]}"
20131103,2013-11-03,-0.0017151345971185264,"{""type"":""MultiPoint"",""coordinates"":[]}"
20131104,2013-11-04,-0.0017219468500176,"{""type"":""MultiPoint"",""coordinates"":[]}"
20131105,2013-11-05,-0.0017290040212025485,"{""type"":""MultiPoint"",""coordinates"":[]}"
20131106,2013-11-06,-0.0017112207384592452,"{""type"":""MultiPoint"",""coordinates"":[]}"
20131107,2013-11-07,-0.001690451959390484,"{""type"":""MultiPoint"",""coordinates"":[]}"
20131108,2013-11-08,-0.0016705155925440427,"{""type"":""MultiPoint"",""coordinates"":[]}"
20131109,2013-11-09,-0.0016775361508999222,"{""type"":""MultiPoint"",""coordinates"":[]}"
20131110,2013-11-10,-0.0016750583019870336,"{""type"":""MultiPoint"",""coordinates"":[]}"
20131111,2013-11-11,-0.0016595020216173262,"{""type"":""MultiPoint"",""coordinates"":[]}"
20131112,2013-11-12,-0.0015913527842124874,"{""type"":""MultiPoint"",""coordinates"":[]}"
20131113,2013-11-13,-0.001564541845330571,"{""type"":""MultiPoint"",""coordinates"":[]}"
20131114,2013-11-14,-0.0015195099693086124,"{""type"":""MultiPoint"",""coordinates"":[]}"
20131115,2013-11-15,-0.0014898319829457192,"{""type"":""MultiPoint"",""coordinates"":[]}"
20131116,2013-11-16,-0.0014012510238937976,"{""type"":""MultiPoint"",""coordinates"":[]}"
20131117,2013-11-17,-0.0013452101245538786,"{""type"":""MultiPoint"",""coordinates"":[]}"
20131118,2013-11-18,-0.0013616089043533564,"{""type"":""MultiPoint"",""coordinates"":[]}"
20131119,2013-11-19,-0.001414753911873133,"{""type"":""MultiPoint"",""coordinates"":[]}"
20131120,2013-11-20,-0.0013847725814192435,"{""type"":""MultiPoint"",""coordinates"":[]}"
20131121,2013-11-21,-0.001347867054861269,"{""type"":""MultiPoint"",""coordinates"":[]}"
20131122,2013-11-22,-0.0012867529944527013,"{""type"":""MultiPoint"",""coordinates"":[]}"
20131123,2013-11-23,-0.0012121372827803441,"{""type"":""MultiPoint"",""coordinates"":[]}"
20131124,2013-11-24,-0.0011914478058652654,"{""type"":""MultiPoint"",""coordinates"":[]}"
20131125,2013-11-25,-0.0012606833881972919,"{""type"":""MultiPoint"",""coordinates"":[]}"
20131126,2013-11-26,-0.001281790173980709,"{""type"":""MultiPoint"",""coordinates"":[]}"
20131127,2013-11-27,-0.0012551589490347437,"{""type"":""MultiPoint"",""coordinates"":[]}"
20131128,2013-11-28,-0.001188270524930179,"{""type"":""MultiPoint"",""coordinates"":[]}"
20131129,2013-11-29,-0.001110133669974129,"{""type"":""MultiPoint"",""coordinates"":[]}"
20131130,2013-11-30,-0.001121546167365865,"{""type"":""MultiPoint"",""coordinates"":[]}"
20131201,2013-12-01,-0.0011085615279214677,"{""type"":""MultiPoint"",""coordinates"":[]}"
20131202,2013-12-02,-0.0010913613561612005,"{""type"":""MultiPoint"",""coordinates"":[]}"
20131203,2013-12-03,-0.001123461690841767,"{""type"":""MultiPoint"",""coordinates"":[]}"
20131204,2013-12-04,-0.001134938324182097,"{""type"":""MultiPoint"",""coordinates"":[]}"
20131205,2013-12-05,-0.001134284506300542,"{""type"":""MultiPoint"",""coordinates"":[]}"
20131206,2013-12-06,-0.0011239095871397743,"{""type"":""MultiPoint"",""coordinates"":[]}"
20131207,2013-12-07,-0.0010677011306630148,"{""type"":""MultiPoint"",""coordinates"":[]}"
20131208,2013-12-08,-0.0010422191220548643,"{""type"":""MultiPoint"",""coordinates"":[]}"
20131209,2013-12-09,-0.0010194313326309628,"{""type"":""MultiPoint"",""coordinates"":[]}"
20131210,2013-12-10,-0.001012569767731462,"{""type"":""MultiPoint"",""coordinates"":[]}"
20131211,2013-12-11,-0.0010002638313031061,"{""type"":""MultiPoint"",""coordinates"":[]}"
20131212,2013-12-12,-9.642602497246558E-4,"{""type"":""MultiPoint"",""coordinates"":[]}"
20131213,2013-12-13,-9.40360174882426E-4,"{""type"":""MultiPoint"",""coordinates"":[]}"
20131214,2013-12-14,-9.470015347504957E-4,"{""type"":""MultiPoint"",""coordinates"":[]}"
20131215,2013-12-15,-9.78200877007974E-4,"{""type"":""MultiPoint"",""coordinates"":[]}"
20131216,2013-12-16,-9.728374807550026E-4,"{""type"":""MultiPoint"",""coordinates"":[]}"
20131217,2013-12-17,-9.261700588532657E-4,"{""type"":""MultiPoint"",""coordinates"":[]}"
20131218,2013-12-18,-8.829463080905123E-4,"{""type"":""MultiPoint"",""coordinates"":[]}"
20131219,2013-12-19,-8.469961436822119E-4,"{""type"":""MultiPoint"",""coordinates"":[]}"
20131220,2013-12-20,-8.357225711775796E-4,"{""type"":""MultiPoint"",""coordinates"":[]}"
20131221,2013-12-21,-8.122510326455418E-4,"{""type"":""MultiPoint"",""coordinates"":[]}"
20131222,2013-12-22,-8.309743369417915E-4,"{""type"":""MultiPoint"",""coordinates"":[]}"
20131223,2013-12-23,-8.084788470359712E-4,"{""type"":""MultiPoint"",""coordinates"":[]}"
20131224,2013-12-24,-8.098718962137053E-4,"{""type"":""MultiPoint"",""coordinates"":[]}"
20131225,2013-12-25,-8.259752892736428E-4,"{""type"":""MultiPoint"",""coordinates"":[]}"
20131226,2013-12-26,-8.116797560306557E-4,"{""type"":""MultiPoint"",""coordinates"":[]}"
20131227,2013-12-27,-8.233755119220421E-4,"{""type"":""MultiPoint"",""coordinates"":[]}"
20131228,2013-12-28,-7.97248829138888E-4,"{""type"":""MultiPoint"",""coordinates"":[]}"
20131229,2013-12-29,-7.88279453601182E-4,"{""type"":""MultiPoint"",""coordinates"":[]}"
20131230,2013-12-30,-7.894102148764467E-4,"{""type"":""MultiPoint"",""coordinates"":[]}"
20131231,2013-12-31,-8.013663859661526E-4,"{""type"":""MultiPoint"",""coordinates"":[]}"
20140101,2014-01-01,-7.863938388502757E-4,"{""type"":""MultiPoint"",""coordinates"":[]}"
20140102,2014-01-02,-7.797791067515571E-4,"{""type"":""MultiPoint"",""coordinates"":[]}"
20140103,2014-01-03,-7.786540838535746E-4,"{""type"":""MultiPoint"",""coordinates"":[]}"
20140104,2014-01-04,-7.720467863481234E-4,"{""type"":""MultiPoint"",""coordinates"":[]}"
20140105,2014-01-05,-7.741832614437056E-4,"{""type"":""MultiPoint"",""coordinates"":[]}"
20140106,2014-01-06,-7.654706529422376E-4,"{""type"":""MultiPoint"",""coordinates"":[]}"
20140107,2014-01-07,-7.680519669744987E-4,"{""type"":""MultiPoint"",""coordinates"":[]}"
20140108,2014-01-08,-7.670526076557587E-4,"{""type"":""MultiPoint"",""coordinates"":[]}"
20140109,2014-01-09,-7.768033875246604E-4,"{""type"":""MultiPoint"",""coordinates"":[]}"
20140110,2014-01-10,-7.773151829369026E-4,"{""type"":""MultiPoint"",""coordinates"":[]}"
20140111,2014-01-11,-7.598311723060008E-4,"{""type"":""MultiPoint"",""coordinates"":[]}"
20140112,2014-01-12,-7.575366607661274E-4,"{""type"":""MultiPoint"",""coordinates"":[]}"
20140113,2014-01-13,-7.584910976897643E-4,"{""type"":""MultiPoint"",""coordinates"":[]}"
20140114,2014-01-14,-7.590544141091147E-4,"{""type"":""MultiPoint"",""coordinates"":[]}"
20140115,2014-01-15,-7.396171717503945E-4,"{""type"":""MultiPoint"",""coordinates"":[]}"
20140116,2014-01-16,-7.183785108751123E-4,"{""type"":""MultiPoint"",""coordinates"":[]}"
20140117,2014-01-17,-7.655161207594831E-4,"{""type"":""MultiPoint"",""coordinates"":[]}"
20140118,2014-01-18,-8.058910722166622E-4,"{""type"":""MultiPoint"",""coordinates"":[]}"
20140119,2014-01-19,-7.886564605441036E-4,"{""type"":""MultiPoint"",""coordinates"":[]}"
20140120,2014-01-20,-8.221303489539183E-4,"{""type"":""MultiPoint"",""coordinates"":[]}"
20140121,2014-01-21,-8.078433631651176E-4,"{""type"":""MultiPoint"",""coordinates"":[]}"
20140122,2014-01-22,-8.370410857679577E-4,"{""type"":""MultiPoint"",""coordinates"":[]}"
20140123,2014-01-23,-8.771201306625048E-4,"{""type"":""MultiPoint"",""coordinates"":[]}"
20140124,2014-01-24,-8.503622830379022E-4,"{""type"":""MultiPoint"",""coordinates"":[]}"
20140125,2014-01-25,-8.64636221928803E-4,"{""type"":""MultiPoint"",""coordinates"":[]}"
20140126,2014-01-26,-8.985137115322596E-4,"{""type"":""MultiPoint"",""coordinates"":[]}"
20140127,2014-01-27,-8.942978165815099E-4,"{""type"":""MultiPoint"",""coordinates"":[]}"
20140128,2014-01-28,-9.064772152560518E-4,"{""type"":""MultiPoint"",""coordinates"":[]}"
20140129,2014-01-29,-8.950912763577946E-4,"{""type"":""MultiPoint"",""coordinates"":[]}"
20140130,2014-01-30,-9.058387232285708E-4,"{""type"":""MultiPoint"",""coordinates"":[]}"
20140131,2014-01-31,-8.965694915028853E-4,"{""type"":""MultiPoint"",""coordinates"":[]}"
20140201,2014-02-01,-8.931092501716557E-4,"{""type"":""MultiPoint"",""coordinates"":[]}"
20140202,2014-02-02,-8.927468520652293E-4,"{""type"":""MultiPoint"",""coordinates"":[]}"
20140203,2014-02-03,-9.433595915643255E-4,"{""type"":""MultiPoint"",""coordinates"":[]}"
20140204,2014-02-04,-9.47571761994211E-4,"{""type"":""MultiPoint"",""coordinates"":[]}"
20140205,2014-02-05,-9.493475792922921E-4,"{""type"":""MultiPoint"",""coordinates"":[]}"
20140206,2014-02-06,-9.65905415743462E-4,"{""type"":""MultiPoint"",""coordinates"":[]}"
20140207,2014-02-07,-9.8200668098874E-4,"{""type"":""MultiPoint"",""coordinates"":[]}"
20140208,2014-02-08,-9.594068091361428E-4,"{""type"":""MultiPoint"",""coordinates"":[]}"
20140209,2014-02-09,-9.484181114917351E-4,"{""type"":""MultiPoint"",""coordinates"":[]}"
20140210,2014-02-10,-9.126971777023952E-4,"{""type"":""MultiPoint"",""coordinates"":[]}"
20140211,2014-02-11,-9.140999929381699E-4,"{""type"":""MultiPoint"",""coordinates"":[]}"
20140212,2014-02-12,-9.25043614816749E-4,"{""type"":""MultiPoint"",""coordinates"":[]}"
20140213,2014-02-13,-8.807258446151162E-4,"{""type"":""MultiPoint"",""coordinates"":[]}"
20140214,2014-02-14,-8.422435259180319E-4,"{""type"":""MultiPoint"",""coordinates"":[]}"
20140215,2014-02-15,-8.498554140524266E-4,"{""type"":""MultiPoint"",""coordinates"":[]}"
20140216,2014-02-16,-8.865400655762774E-4,"{""type"":""MultiPoint"",""coordinates"":[]}"
20140217,2014-02-17,-0.0010329406415316832,"{""type"":""MultiPoint"",""coordinates"":[]}"
20140218,2014-02-18,-0.0011153371276791454,"{""type"":""MultiPoint"",""coordinates"":[]}"
20140219,2014-02-19,-0.0010759445276202458,"{""type"":""MultiPoint"",""coordinates"":[]}"
20140220,2014-02-20,-0.0010942883873101673,"{""type"":""MultiPoint"",""coordinates"":[]}"
20140221,2014-02-21,-0.0010597382273064646,"{""type"":""MultiPoint"",""coordinates"":[]}"
20140222,2014-02-22,-0.0010569675432954102,"{""type"":""MultiPoint"",""coordinates"":[]}"
20140223,2014-02-23,-0.0010629242812471313,"{""type"":""MultiPoint"",""coordinates"":[]}"
20140224,2014-02-24,-0.001108570017551017,"{""type"":""MultiPoint"",""coordinates"":[]}"
20140225,2014-02-25,-0.0011578070684830277,"{""type"":""MultiPoint"",""coordinates"":[]}"
20140226,2014-02-26,-0.0011174495044174169,"{""type"":""MultiPoint"",""coordinates"":[]}"
20140227,2014-02-27,-0.0011320600615031657,"{""type"":""MultiPoint"",""coordinates"":[]}"
20140228,2014-02-28,-0.0011387829315023257,"{""type"":""MultiPoint"",""coordinates"":[]}"
20140301,2014-03-01,-0.0011437649477108601,"{""type"":""MultiPoint"",""coordinates"":[]}"
20140302,2014-03-02,-0.0011913078351060114,"{""type"":""MultiPoint"",""coordinates"":[]}"
20140303,2014-03-03,-0.0012826876581666388,"{""type"":""MultiPoint"",""coordinates"":[]}"
20140304,2014-03-04,-0.0012150850275159937,"{""type"":""MultiPoint"",""coordinates"":[]}"
20140305,2014-03-05,-0.0013048866311718345,"{""type"":""MultiPoint"",""coordinates"":[]}"
20140306,2014-03-06,-0.0013376871947757315,"{""type"":""MultiPoint"",""coordinates"":[]}"
20140307,2014-03-07,-0.0013631209757997698,"{""type"":""MultiPoint"",""coordinates"":[]}"
20140308,2014-03-08,-0.001358862614896925,"{""type"":""MultiPoint"",""coordinates"":[]}"
20140309,2014-03-09,-0.0013418617477939474,"{""type"":""MultiPoint"",""coordinates"":[]}"
20140310,2014-03-10,-0.0013400628191794107,"{""type"":""MultiPoint"",""coordinates"":[]}"
20140311,2014-03-11,-0.001371850376490852,"{""type"":""MultiPoint"",""coordinates"":[]}"
20140312,2014-03-12,-0.0013228619259136494,"{""type"":""MultiPoint"",""coordinates"":[]}"
20140313,2014-03-13,-0.0013263420375152326,"{""type"":""MultiPoint"",""coordinates"":[]}"
20140314,2014-03-14,-0.0013848538595506903,"{""type"":""MultiPoint"",""coordinates"":[]}"
20140315,2014-03-15,-0.0013561365720234668,"{""type"":""MultiPoint"",""coordinates"":[]}"
20140316,2014-03-16,-0.0013842253443637456,"{""type"":""MultiPoint"",""coordinates"":[]}"
20140317,2014-03-17,-0.0013595018981105232,"{""type"":""MultiPoint"",""coordinates"":[]}"
20140318,2014-03-18,-0.0013401724263846573,"{""type"":""MultiPoint"",""coordinates"":[]}"
20140319,2014-03-19,-0.0013582470405322836,"{""type"":""MultiPoint"",""coordinates"":[]}"
20140320,2014-03-20,-0.001324576143809588,"{""type"":""MultiPoint"",""coordinates"":[]}"
20140321,2014-03-21,-0.0012770888602917493,"{""type"":""MultiPoint"",""coordinates"":[]}"
20140322,2014-03-22,-0.0012799662244558081,"{""type"":""MultiPoint"",""coordinates"":[]}"
20140323,2014-03-23,-0.0012530953614527942,"{""type"":""MultiPoint"",""coordinates"":[]}"
20140324,2014-03-24,-0.0012513435911587463,"{""type"":""MultiPoint"",""coordinates"":[]}"
20140325,2014-03-25,-0.0012996136547149739,"{""type"":""MultiPoint"",""coordinates"":[]}"
20140326,2014-03-26,-0.001327043256303033,"{""type"":""MultiPoint"",""coordinates"":[]}"
20140327,2014-03-27,-0.001276074346018317,"{""type"":""MultiPoint"",""coordinates"":[]}"
20140328,2014-03-28,-0.0013007806620484717,"{""type"":""MultiPoint"",""coordinates"":[]}"
20140329,2014-03-29,-0.001361077410413999,"{""type"":""MultiPoint"",""coordinates"":[]}"
20140330,2014-03-30,-0.0013370529371547065,"{""type"":""MultiPoint"",""coordinates"":[]}"
20140331,2014-03-31,-0.0013078586452985228,"{""type"":""MultiPoint"",""coordinates"":[]}"
20140401,2014-04-01,-0.0012830852250387626,"{""type"":""MultiPoint"",""coordinates"":[]}"
20140402,2014-04-02,-0.0012282001939802252,"{""type"":""MultiPoint"",""coordinates"":[]}"
20140403,2014-04-03,-0.0012371846281996304,"{""type"":""MultiPoint"",""coordinates"":[]}"
20140404,2014-04-04,-0.001252389751334403,"{""type"":""MultiPoint"",""coordinates"":[]}"
20140405,2014-04-05,-0.0012392603427128805,"{""type"":""MultiPoint"",""coordinates"":[]}"
20140406,2014-04-06,-0.0012636427227454739,"{""type"":""MultiPoint"",""coordinates"":[]}"
20140407,2014-04-07,-0.0012733861206287115,"{""type"":""MultiPoint"",""coordinates"":[]}"
20140408,2014-04-08,-0.0012901477507176859,"{""type"":""MultiPoint"",""coordinates"":[]}"
20140409,2014-04-09,-0.001319515836209478,"{""type"":""MultiPoint"",""coordinates"":[]}"
20140410,2014-04-10,-0.0013576639755631956,"{""type"":""MultiPoint"",""coordinates"":[]}"
20140411,2014-04-11,-0.0013548610044941203,"{""type"":""MultiPoint"",""coordinates"":[]}"
20140412,2014-04-12,-0.0012967709050590063,"{""type"":""MultiPoint"",""coordinates"":[]}"
20140413,2014-04-13,-0.0012728232522787838,"{""type"":""MultiPoint"",""coordinates"":[]}"
20140414,2014-04-14,-0.0012798776446067252,"{""type"":""MultiPoint"",""coordinates"":[]}"
20140415,2014-04-15,-0.0012614430521011675,"{""type"":""MultiPoint"",""coordinates"":[]}"
20140416,2014-04-16,-0.0012570698523895387,"{""type"":""MultiPoint"",""coordinates"":[]}"
20140417,2014-04-17,-0.001273300211985359,"{""type"":""MultiPoint"",""coordinates"":[]}"
20140418,2014-04-18,-0.0013108116113022155,"{""type"":""MultiPoint"",""coordinates"":[]}"
20140419,2014-04-19,-0.0014087390245534038,"{""type"":""MultiPoint"",""coordinates"":[]}"
20140420,2014-04-20,-0.001467004012496082,"{""type"":""MultiPoint"",""coordinates"":[]}"
20140421,2014-04-21,-0.0014669151119161658,"{""type"":""MultiPoint"",""coordinates"":[]}"
20140422,2014-04-22,-0.0014677225279688094,"{""type"":""MultiPoint"",""coordinates"":[]}"
20140423,2014-04-23,-0.0014064335968872047,"{""type"":""MultiPoint"",""coordinates"":[]}"
20140424,2014-04-24,-0.0013517525579243759,"{""type"":""MultiPoint"",""coordinates"":[]}"
20140425,2014-04-25,-0.0013283858334650267,"{""type"":""MultiPoint"",""coordinates"":[]}"
20140426,2014-04-26,-0.001330694552282242,"{""type"":""MultiPoint"",""coordinates"":[]}"
20140427,2014-04-27,-0.001349175241928701,"{""type"":""MultiPoint"",""coordinates"":[]}"
20140428,2014-04-28,-0.001369347852692843,"{""type"":""MultiPoint"",""coordinates"":[]}"
20140429,2014-04-29,-0.0013956077771980057,"{""type"":""MultiPoint"",""coordinates"":[]}"
20140430,2014-04-30,-0.0013895295133743665,"{""type"":""MultiPoint"",""coordinates"":[]}"
20140501,2014-05-01,-0.0013709699855209713,"{""type"":""MultiPoint"",""coordinates"":[]}"
20140502,2014-05-02,-0.0013933215307198369,"{""type"":""MultiPoint"",""coordinates"":[]}"
20140503,2014-05-03,-0.0013958949798941276,"{""type"":""MultiPoint"",""coordinates"":[]}"
20140504,2014-05-04,-0.00145153427503005,"{""type"":""MultiPoint"",""coordinates"":[]}"
20140505,2014-05-05,-0.0014371755497466397,"{""type"":""MultiPoint"",""coordinates"":[]}"
20140506,2014-05-06,-0.0015833734410380456,"{""type"":""MultiPoint"",""coordinates"":[]}"
20140507,2014-05-07,-0.0015697481953335579,"{""type"":""MultiPoint"",""coordinates"":[]}"
20140508,2014-05-08,-0.0015844672450876563,"{""type"":""MultiPoint"",""coordinates"":[]}"
20140509,2014-05-09,-0.0016908851698793246,"{""type"":""MultiPoint"",""coordinates"":[]}"
20140510,2014-05-10,-0.0018131349564845486,"{""type"":""MultiPoint"",""coordinates"":[]}"
20140511,2014-05-11,-0.0018578373738808184,"{""type"":""MultiPoint"",""coordinates"":[]}"
20140512,2014-05-12,-0.0018683643786007711,"{""type"":""MultiPoint"",""coordinates"":[]}"
20140513,2014-05-13,-0.001852866347558955,"{""type"":""MultiPoint"",""coordinates"":[]}"
20140514,2014-05-14,-0.0018819064471688426,"{""type"":""MultiPoint"",""coordinates"":[]}"
20140515,2014-05-15,-0.0018654258056664678,"{""type"":""MultiPoint"",""coordinates"":[]}"
20140516,2014-05-16,-0.001860355992914598,"{""type"":""MultiPoint"",""coordinates"":[]}"
20140517,2014-05-17,-0.0018192694040103264,"{""type"":""MultiPoint"",""coordinates"":[]}"
20140518,2014-05-18,-0.0017701179099859573,"{""type"":""MultiPoint"",""coordinates"":[]}"
20140519,2014-05-19,-0.001761596003126947,"{""type"":""MultiPoint"",""coordinates"":[]}"
20140520,2014-05-20,-0.0017563283986502477,"{""type"":""MultiPoint"",""coordinates"":[]}"
20140521,2014-05-21,-0.001767787124712559,"{""type"":""MultiPoint"",""coordinates"":[]}"
20140522,2014-05-22,-0.0017386518737104852,"{""type"":""MultiPoint"",""coordinates"":[]}"
20140523,2014-05-23,-0.0017378732160561264,"{""type"":""MultiPoint"",""coordinates"":[]}"
20140524,2014-05-24,-0.0017216920866140785,"{""type"":""MultiPoint"",""coordinates"":[]}"
20140525,2014-05-25,-0.001727615710257876,"{""type"":""MultiPoint"",""coordinates"":[]}"
20140526,2014-05-26,-0.0017252944154551612,"{""type"":""MultiPoint"",""coordinates"":[]}"
20140527,2014-05-27,-0.0017400784141926456,"{""type"":""MultiPoint"",""coordinates"":[]}"
20140528,2014-05-28,-0.0018698100070371102,"{""type"":""MultiPoint"",""coordinates"":[]}"
20140529,2014-05-29,-0.0018969030759095418,"{""type"":""MultiPoint"",""coordinates"":[]}"
20140530,2014-05-30,-0.0018977304291894147,"{""type"":""MultiPoint"",""coordinates"":[]}"
20140531,2014-05-31,-0.0019139397360172772,"{""type"":""MultiPoint"",""coordinates"":[]}"
20140601,2014-06-01,-0.0018957517016190307,"{""type"":""MultiPoint"",""coordinates"":[]}"
20140602,2014-06-02,-0.0019518072814111442,"{""type"":""MultiPoint"",""coordinates"":[]}"
20140603,2014-06-03,-0.0019638912460108195,"{""type"":""MultiPoint"",""coordinates"":[]}"
20140604,2014-06-04,-0.002024509981194273,"{""type"":""MultiPoint"",""coordinates"":[]}"
20140605,2014-06-05,-0.0019806380982799452,"{""type"":""MultiPoint"",""coordinates"":[]}"
20140606,2014-06-06,-0.001956416079073135,"{""type"":""MultiPoint"",""coordinates"":[]}"
20140607,2014-06-07,-0.0019162456203698853,"{""type"":""MultiPoint"",""coordinates"":[]}"
20140608,2014-06-08,-0.0017947680041357837,"{""type"":""MultiPoint"",""coordinates"":[]}"
20140609,2014-06-09,-0.001744758450198144,"{""type"":""MultiPoint"",""coordinates"":[]}"
20140610,2014-06-10,-0.0017929954168477685,"{""type"":""MultiPoint"",""coordinates"":[]}"
20140611,2014-06-11,-0.001794861292134097,"{""type"":""MultiPoint"",""coordinates"":[]}"
20140612,2014-06-12,-0.001809091795007781,"{""type"":""MultiPoint"",""coordinates"":[]}"
20140613,2014-06-13,-0.0018062577466233282,"{""type"":""MultiPoint"",""coordinates"":[]}"
20140614,2014-06-14,-0.0018209679302502145,"{""type"":""MultiPoint"",""coordinates"":[]}"
20140615,2014-06-15,-0.0018771664040402715,"{""type"":""MultiPoint"",""coordinates"":[]}"
20140616,2014-06-16,-0.001958103052258856,"{""type"":""MultiPoint"",""coordinates"":[]}"
20140617,2014-06-17,-0.0019560834211341162,"{""type"":""MultiPoint"",""coordinates"":[]}"
20140618,2014-06-18,-0.0018885825978081751,"{""type"":""MultiPoint"",""coordinates"":[]}"
20140619,2014-06-19,-0.0018546382518916638,"{""type"":""MultiPoint"",""coordinates"":[]}"
20140620,2014-06-20,-0.0018601813609947138,"{""type"":""MultiPoint"",""coordinates"":[]}"
20140621,2014-06-21,-0.0018492575849871897,"{""type"":""MultiPoint"",""coordinates"":[]}"
20140622,2014-06-22,-0.0018551508110029704,"{""type"":""MultiPoint"",""coordinates"":[]}"
20140623,2014-06-23,-0.002002398125309373,"{""type"":""MultiPoint"",""coordinates"":[]}"
20140624,2014-06-24,-0.002060274016399842,"{""type"":""MultiPoint"",""coordinates"":[]}"
20140625,2014-06-25,-0.0020843925597571135,"{""type"":""MultiPoint"",""coordinates"":[]}"
20140626,2014-06-26,-0.0020093561615043636,"{""type"":""MultiPoint"",""coordinates"":[]}"
20140627,2014-06-27,-0.002018895347106566,"{""type"":""MultiPoint"",""coordinates"":[]}"
20140628,2014-06-28,-0.0020522607815784705,"{""type"":""MultiPoint"",""coordinates"":[]}"
20140629,2014-06-29,-0.0020366537419148766,"{""type"":""MultiPoint"",""coordinates"":[]}"
20140630,2014-06-30,-0.0020580966214602658,"{""type"":""MultiPoint"",""coordinates"":[]}"
20140701,2014-07-01,-0.0020235150095209526,"{""type"":""MultiPoint"",""coordinates"":[]}"
20140702,2014-07-02,-0.002042854018055694,"{""type"":""MultiPoint"",""coordinates"":[]}"
20140703,2014-07-03,-0.0020403799098778984,"{""type"":""MultiPoint"",""coordinates"":[]}"
20140704,2014-07-04,-0.002086688558357961,"{""type"":""MultiPoint"",""coordinates"":[]}"
20140705,2014-07-05,-0.0022124268569926196,"{""type"":""MultiPoint"",""coordinates"":[]}"
20140706,2014-07-06,-0.002309890902399611,"{""type"":""MultiPoint"",""coordinates"":[]}"
20140707,2014-07-07,-0.00238168157472127,"{""type"":""MultiPoint"",""coordinates"":[]}"
20140708,2014-07-08,-0.002427007431377449,"{""type"":""MultiPoint"",""coordinates"":[]}"
20140709,2014-07-09,-0.002476925688880869,"{""type"":""MultiPoint"",""coordinates"":[]}"
20140710,2014-07-10,-0.002439445693856283,"{""type"":""MultiPoint"",""coordinates"":[]}"
20140711,2014-07-11,-0.0023709260941812433,"{""type"":""MultiPoint"",""coordinates"":[]}"
20140712,2014-07-12,-0.0023464472525042126,"{""type"":""MultiPoint"",""coordinates"":[]}"
20140713,2014-07-13,-0.002277057806230857,"{""type"":""MultiPoint"",""coordinates"":[]}"
20140714,2014-07-14,-0.002242089447617888,"{""type"":""MultiPoint"",""coordinates"":[]}"
20140715,2014-07-15,-0.0022438496538027134,"{""type"":""MultiPoint"",""coordinates"":[]}"
20140716,2014-07-16,-0.0021839939025664057,"{""type"":""MultiPoint"",""coordinates"":[]}"
20140717,2014-07-17,-0.002380001353421111,"{""type"":""MultiPoint"",""coordinates"":[]}"
20140718,2014-07-18,-0.0024815284325378382,"{""type"":""MultiPoint"",""coordinates"":[]}"
20140719,2014-07-19,-0.002444478546423929,"{""type"":""MultiPoint"",""coordinates"":[]}"
20140720,2014-07-20,-0.002536629159235472,"{""type"":""MultiPoint"",""coordinates"":[]}"
20140721,2014-07-21,-0.002565674678121878,"{""type"":""MultiPoint"",""coordinates"":[]}"
20140722,2014-07-22,-0.0024801983395182493,"{""type"":""MultiPoint"",""coordinates"":[]}"
20140723,2014-07-23,-0.0024540791983537064,"{""type"":""MultiPoint"",""coordinates"":[]}"
20140724,2014-07-24,-0.0025782356451992026,"{""type"":""MultiPoint"",""coordinates"":[]}"
20140725,2014-07-25,-0.002676731116251216,"{""type"":""MultiPoint"",""coordinates"":[]}"
20140726,2014-07-26,-0.0027107865162731724,"{""type"":""MultiPoint"",""coordinates"":[]}"
20140727,2014-07-27,-0.002598416945997495,"{""type"":""MultiPoint"",""coordinates"":[]}"
20140728,2014-07-28,-0.0025256571329062543,"{""type"":""MultiPoint"",""coordinates"":[]}"
20140729,2014-07-29,-0.00249122874233235,"{""type"":""MultiPoint"",""coordinates"":[]}"
20140730,2014-07-30,-0.0026232839774018198,"{""type"":""MultiPoint"",""coordinates"":[]}"
20140731,2014-07-31,-0.0027197217566797645,"{""type"":""MultiPoint"",""coordinates"":[]}"
20140801,2014-08-01,-0.0027336288778561433,"{""type"":""MultiPoint"",""coordinates"":[]}"
20140802,2014-08-02,-0.0027666253889998063,"{""type"":""MultiPoint"",""coordinates"":[]}"
20140803,2014-08-03,-0.0026737668265713345,"{""type"":""MultiPoint"",""coordinates"":[]}"
20140804,2014-08-04,-0.0025789106982396447,"{""type"":""MultiPoint"",""coordinates"":[]}"
20140805,2014-08-05,-0.002473613371573314,"{""type"":""MultiPoint"",""coordinates"":[]}"
20140806,2014-08-06,-0.0025927038060124087,"{""type"":""MultiPoint"",""coordinates"":[]}"
20140807,2014-08-07,-0.002536332554897934,"{""type"":""MultiPoint"",""coordinates"":[]}"
20140808,2014-08-08,-0.0025477695994933357,"{""type"":""MultiPoint"",""coordinates"":[]}"
20140809,2014-08-09,-0.0026363931953791568,"{""type"":""MultiPoint"",""coordinates"":[]}"
20140810,2014-08-10,-0.0026409586914021062,"{""type"":""MultiPoint"",""coordinates"":[]}"
20140811,2014-08-11,-0.002642405537213783,"{""type"":""MultiPoint"",""coordinates"":[]}"
20140812,2014-08-12,-0.0027169306130971995,"{""type"":""MultiPoint"",""coordinates"":[]}"
20140813,2014-08-13,-0.002639356191458767,"{""type"":""MultiPoint"",""coordinates"":[]}"
20140814,2014-08-14,-0.0024745764023585267,"{""type"":""MultiPoint"",""coordinates"":[]}"
20140815,2014-08-15,-0.0024111502426161302,"{""type"":""MultiPoint"",""coordinates"":[]}"
20140816,2014-08-16,-0.002396319998839775,"{""type"":""MultiPoint"",""coordinates"":[]}"
20140817,2014-08-17,-0.0027301965378896133,"{""type"":""MultiPoint"",""coordinates"":[]}"
20140818,2014-08-18,-0.0028663615820784874,"{""type"":""MultiPoint"",""coordinates"":[]}"
20140819,2014-08-19,-0.002901390729335212,"{""type"":""MultiPoint"",""coordinates"":[]}"
20140820,2014-08-20,-0.002775576470723722,"{""type"":""MultiPoint"",""coordinates"":[]}"
20140821,2014-08-21,-0.00268681963969388,"{""type"":""MultiPoint"",""coordinates"":[]}"
20140822,2014-08-22,-0.0026121106049512674,"{""type"":""MultiPoint"",""coordinates"":[]}"
20140823,2014-08-23,-0.0026659066856714385,"{""type"":""MultiPoint"",""coordinates"":[]}"
20140824,2014-08-24,-0.0027271488199454275,"{""type"":""MultiPoint"",""coordinates"":[]}"
20140825,2014-08-25,-0.00271864169066216,"{""type"":""MultiPoint"",""coordinates"":[]}"
20140826,2014-08-26,-0.00261232767402195,"{""type"":""MultiPoint"",""coordinates"":[]}"
20140827,2014-08-27,-0.002554227395421552,"{""type"":""MultiPoint"",""coordinates"":[]}"
20140828,2014-08-28,-0.0025451482847902804,"{""type"":""MultiPoint"",""coordinates"":[]}"
20140829,2014-08-29,-0.0026880386399653405,"{""type"":""MultiPoint"",""coordinates"":[]}"
20140830,2014-08-30,-0.0026061227082723776,"{""type"":""MultiPoint"",""coordinates"":[]}"
20140831,2014-08-31,-0.0025143548984824576,"{""type"":""MultiPoint"",""coordinates"":[]}"
20140901,2014-09-01,-0.0024482243502639907,"{""type"":""MultiPoint"",""coordinates"":[]}"
20140902,2014-09-02,-0.002511833716086769,"{""type"":""MultiPoint"",""coordinates"":[]}"
20140903,2014-09-03,-0.0025342487812111533,"{""type"":""MultiPoint"",""coordinates"":[]}"
20140904,2014-09-04,-0.0025094433261408154,"{""type"":""MultiPoint"",""coordinates"":[]}"
20140905,2014-09-05,-0.0025394276139148425,"{""type"":""MultiPoint"",""coordinates"":[]}"
20140906,2014-09-06,-0.002578657937995809,"{""type"":""MultiPoint"",""coordinates"":[]}"
20140907,2014-09-07,-0.00257210833369489,"{""type"":""MultiPoint"",""coordinates"":[]}"
20140908,2014-09-08,-0.00269412130626764,"{""type"":""MultiPoint"",""coordinates"":[]}"
20140909,2014-09-09,-0.0025939207114849456,"{""type"":""MultiPoint"",""coordinates"":[]}"
20140910,2014-09-10,-0.0024575848018741717,"{""type"":""MultiPoint"",""coordinates"":[]}"
20140911,2014-09-11,-0.0024833926949490263,"{""type"":""MultiPoint"",""coordinates"":[]}"
20140912,2014-09-12,-0.002582849514986587,"{""type"":""MultiPoint"",""coordinates"":[]}"
20140913,2014-09-13,-0.0025894999110944866,"{""type"":""MultiPoint"",""coordinates"":[]}"
20140914,2014-09-14,-0.0026009379341225456,"{""type"":""MultiPoint"",""coordinates"":[]}"
20140915,2014-09-15,-0.0026393645537647835,"{""type"":""MultiPoint"",""coordinates"":[]}"
20140916,2014-09-16,-0.0027104700666333594,"{""type"":""MultiPoint"",""coordinates"":[]}"
20140917,2014-09-17,-0.0028304128109933662,"{""type"":""MultiPoint"",""coordinates"":[]}"
20140918,2014-09-18,-0.0027400723502109727,"{""type"":""MultiPoint"",""coordinates"":[]}"
20140919,2014-09-19,-0.002552446231078199,"{""type"":""MultiPoint"",""coordinates"":[]}"
20140920,2014-09-20,-0.0022653542219579033,"{""type"":""MultiPoint"",""coordinates"":[]}"
20140921,2014-09-21,-0.002320120837508005,"{""type"":""MultiPoint"",""coordinates"":[]}"
20140922,2014-09-22,-0.0024503117691977924,"{""type"":""MultiPoint"",""coordinates"":[]}"
20140923,2014-09-23,-0.0025361742458971954,"{""type"":""MultiPoint"",""coordinates"":[]}"
20140924,2014-09-24,-0.002517348005891251,"{""type"":""MultiPoint"",""coordinates"":[]}"
20140925,2014-09-25,-0.0024891486014825704,"{""type"":""MultiPoint"",""coordinates"":[]}"
20140926,2014-09-26,-0.0025000150708317155,"{""type"":""MultiPoint"",""coordinates"":[]}"
20140927,2014-09-27,-0.0025236170822529086,"{""type"":""MultiPoint"",""coordinates"":[]}"
20140928,2014-09-28,-0.0025193117984543077,"{""type"":""MultiPoint"",""coordinates"":[]}"
20140929,2014-09-29,-0.002509029747433382,"{""type"":""MultiPoint"",""coordinates"":[]}"
20140930,2014-09-30,-0.002455152049505273,"{""type"":""MultiPoint"",""coordinates"":[]}"
20141001,2014-10-01,-0.0024499546261788057,"{""type"":""MultiPoint"",""coordinates"":[]}"
20141002,2014-10-02,-0.002458958222358563,"{""type"":""MultiPoint"",""coordinates"":[]}"
20141003,2014-10-03,-0.0023843590749621636,"{""type"":""MultiPoint"",""coordinates"":[]}"
20141004,2014-10-04,-0.002380350898336169,"{""type"":""MultiPoint"",""coordinates"":[]}"
20141005,2014-10-05,-0.0024180800262778275,"{""type"":""MultiPoint"",""coordinates"":[]}"
20141006,2014-10-06,-0.0023894449191072327,"{""type"":""MultiPoint"",""coordinates"":[]}"
20141007,2014-10-07,-0.002327398627940732,"{""type"":""MultiPoint"",""coordinates"":[]}"
20141008,2014-10-08,-0.002317831896243284,"{""type"":""MultiPoint"",""coordinates"":[]}"
20141009,2014-10-09,-0.002319629834693258,"{""type"":""MultiPoint"",""coordinates"":[]}"
20141010,2014-10-10,-0.0022709511699716797,"{""type"":""MultiPoint"",""coordinates"":[]}"
20141011,2014-10-11,-0.002180638462606545,"{""type"":""MultiPoint"",""coordinates"":[]}"
20141012,2014-10-12,-0.0021043068815482097,"{""type"":""MultiPoint"",""coordinates"":[]}"
20141013,2014-10-13,-0.002008315234040733,"{""type"":""MultiPoint"",""coordinates"":[]}"
20141014,2014-10-14,-0.0019079009249661496,"{""type"":""MultiPoint"",""coordinates"":[]}"
20141015,2014-10-15,-0.0019882170186677106,"{""type"":""MultiPoint"",""coordinates"":[]}"
20141016,2014-10-16,-0.0019900657861420335,"{""type"":""MultiPoint"",""coordinates"":[]}"
20141017,2014-10-17,-0.0020185632190369185,"{""type"":""MultiPoint"",""coordinates"":[]}"
20141018,2014-10-18,-0.0019396555964477417,"{""type"":""MultiPoint"",""coordinates"":[]}"
20141019,2014-10-19,-0.0019104555652828402,"{""type"":""MultiPoint"",""coordinates"":[]}"
20141020,2014-10-20,-0.001915613852070615,"{""type"":""MultiPoint"",""coordinates"":[]}"
20141021,2014-10-21,-0.001911314761131082,"{""type"":""MultiPoint"",""coordinates"":[]}"
20141022,2014-10-22,-0.001915242102538063,"{""type"":""MultiPoint"",""coordinates"":[]}"
20141023,2014-10-23,-0.0018579163584655396,"{""type"":""MultiPoint"",""coordinates"":[]}"
20141024,2014-10-24,-0.0018154608811461964,"{""type"":""MultiPoint"",""coordinates"":[]}"
20141025,2014-10-25,-0.0016476587121968679,"{""type"":""MultiPoint"",""coordinates"":[]}"
20141026,2014-10-26,-0.0014788694960123259,"{""type"":""MultiPoint"",""coordinates"":[]}"
20141027,2014-10-27,-0.0014624145797674905,"{""type"":""MultiPoint"",""coordinates"":[]}"
20141028,2014-10-28,-0.0016344196876874144,"{""type"":""MultiPoint"",""coordinates"":[]}"
20141029,2014-10-29,-0.0017671349239129558,"{""type"":""MultiPoint"",""coordinates"":[]}"
20141030,2014-10-30,-0.0017668744733724704,"{""type"":""MultiPoint"",""coordinates"":[]}"
20141031,2014-10-31,-0.0017158140014242864,"{""type"":""MultiPoint"",""coordinates"":[]}"
20141101,2014-11-01,-0.0016967125530947592,"{""type"":""MultiPoint"",""coordinates"":[]}"
20141102,2014-11-02,-0.0016681667489324731,"{""type"":""MultiPoint"",""coordinates"":[]}"
20141103,2014-11-03,-0.0016728390608532699,"{""type"":""MultiPoint"",""coordinates"":[]}"
20141104,2014-11-04,-0.0016295792801094963,"{""type"":""MultiPoint"",""coordinates"":[]}"
20141105,2014-11-05,-0.0015765101038361538,"{""type"":""MultiPoint"",""coordinates"":[]}"
20141106,2014-11-06,-0.0015422160765109552,"{""type"":""MultiPoint"",""coordinates"":[]}"
20141107,2014-11-07,-0.0015763020876343582,"{""type"":""MultiPoint"",""coordinates"":[]}"
20141108,2014-11-08,-0.001581927804704681,"{""type"":""MultiPoint"",""coordinates"":[]}"
20141109,2014-11-09,-0.0014736699718015784,"{""type"":""MultiPoint"",""coordinates"":[]}"
20141110,2014-11-10,-0.0014304523839526457,"{""type"":""MultiPoint"",""coordinates"":[]}"
20141111,2014-11-11,-0.0014459023887812281,"{""type"":""MultiPoint"",""coordinates"":[]}"
20141112,2014-11-12,-0.001427336478601315,"{""type"":""MultiPoint"",""coordinates"":[]}"
20141113,2014-11-13,-0.0013394094133112962,"{""type"":""MultiPoint"",""coordinates"":[]}"
20141114,2014-11-14,-0.0013316311562631257,"{""type"":""MultiPoint"",""coordinates"":[]}"
20141115,2014-11-15,-0.001348688385589446,"{""type"":""MultiPoint"",""coordinates"":[]}"
20141116,2014-11-16,-0.0014005989494947763,"{""type"":""MultiPoint"",""coordinates"":[]}"
20141117,2014-11-17,-0.0014192603909939272,"{""type"":""MultiPoint"",""coordinates"":[]}"
20141118,2014-11-18,-0.0013705290645951757,"{""type"":""MultiPoint"",""coordinates"":[]}"
20141119,2014-11-19,-0.0013518383507514174,"{""type"":""MultiPoint"",""coordinates"":[]}"
20141120,2014-11-20,-0.0013055567370826924,"{""type"":""MultiPoint"",""coordinates"":[]}"
20141121,2014-11-21,-0.0012445282607524435,"{""type"":""MultiPoint"",""coordinates"":[]}"
20141122,2014-11-22,-0.0012118365266615369,"{""type"":""MultiPoint"",""coordinates"":[]}"
20141123,2014-11-23,-0.0011930417121758887,"{""type"":""MultiPoint"",""coordinates"":[]}"
20141124,2014-11-24,-0.0012012095175761251,"{""type"":""MultiPoint"",""coordinates"":[]}"
20141125,2014-11-25,-0.001176899269418169,"{""type"":""MultiPoint"",""coordinates"":[]}"
20141126,2014-11-26,-0.0011479330826046333,"{""type"":""MultiPoint"",""coordinates"":[]}"
20141127,2014-11-27,-0.0010809630529352943,"{""type"":""MultiPoint"",""coordinates"":[]}"
20141128,2014-11-28,-0.0010472861619806894,"{""type"":""MultiPoint"",""coordinates"":[]}"
20141129,2014-11-29,-0.0010304241062689108,"{""type"":""MultiPoint"",""coordinates"":[]}"
20141130,2014-11-30,-0.0010467043401305967,"{""type"":""MultiPoint"",""coordinates"":[]}"
20141201,2014-12-01,-0.0010278530757877858,"{""type"":""MultiPoint"",""coordinates"":[]}"
20141202,2014-12-02,-0.0010339415773452756,"{""type"":""MultiPoint"",""coordinates"":[]}"
20141203,2014-12-03,-0.0010157427004480557,"{""type"":""MultiPoint"",""coordinates"":[]}"
20141204,2014-12-04,-9.913862177138746E-4,"{""type"":""MultiPoint"",""coordinates"":[]}"
20141205,2014-12-05,-9.655455070450742E-4,"{""type"":""MultiPoint"",""coordinates"":[]}"
20141206,2014-12-06,-9.161441019414782E-4,"{""type"":""MultiPoint"",""coordinates"":[]}"
20141207,2014-12-07,-8.838501832186545E-4,"{""type"":""MultiPoint"",""coordinates"":[]}"
20141208,2014-12-08,-8.699143200569693E-4,"{""type"":""MultiPoint"",""coordinates"":[]}"
20141209,2014-12-09,-8.553189399229432E-4,"{""type"":""MultiPoint"",""coordinates"":[]}"
20141210,2014-12-10,-8.248698375944828E-4,"{""type"":""MultiPoint"",""coordinates"":[]}"
20141211,2014-12-11,-7.969927614970532E-4,"{""type"":""MultiPoint"",""coordinates"":[]}"
20141212,2014-12-12,-8.207493567478495E-4,"{""type"":""MultiPoint"",""coordinates"":[]}"
20141213,2014-12-13,-8.557454032586668E-4,"{""type"":""MultiPoint"",""coordinates"":[]}"
20141214,2014-12-14,-8.92686661965486E-4,"{""type"":""MultiPoint"",""coordinates"":[]}"
20141215,2014-12-15,-9.333900099671389E-4,"{""type"":""MultiPoint"",""coordinates"":[]}"
20141216,2014-12-16,-9.246182053431218E-4,"{""type"":""MultiPoint"",""coordinates"":[]}"
20141217,2014-12-17,-9.158727997116456E-4,"{""type"":""MultiPoint"",""coordinates"":[]}"
20141218,2014-12-18,-8.877467398035899E-4,"{""type"":""MultiPoint"",""coordinates"":[]}"
20141219,2014-12-19,-8.556003145321479E-4,"{""type"":""MultiPoint"",""coordinates"":[]}"
20141220,2014-12-20,-8.371960699266667E-4,"{""type"":""MultiPoint"",""coordinates"":[]}"
20141221,2014-12-21,-8.520035226936558E-4,"{""type"":""MultiPoint"",""coordinates"":[]}"
20141222,2014-12-22,-8.179655562338032E-4,"{""type"":""MultiPoint"",""coordinates"":[]}"
20141223,2014-12-23,-8.264403067206787E-4,"{""type"":""MultiPoint"",""coordinates"":[]}"
20141224,2014-12-24,-8.154609108174136E-4,"{""type"":""MultiPoint"",""coordinates"":[]}"
20141225,2014-12-25,-8.310062559338425E-4,"{""type"":""MultiPoint"",""coordinates"":[]}"
20141226,2014-12-26,-8.03519377046482E-4,"{""type"":""MultiPoint"",""coordinates"":[]}"
20141227,2014-12-27,-7.800436096694845E-4,"{""type"":""MultiPoint"",""coordinates"":[]}"
20141228,2014-12-28,-7.34236056773671E-4,"{""type"":""MultiPoint"",""coordinates"":[]}"
20141229,2014-12-29,-7.598168115164008E-4,"{""type"":""MultiPoint"",""coordinates"":[]}"
20141230,2014-12-30,-7.417078808490192E-4,"{""type"":""MultiPoint"",""coordinates"":[]}"
20141231,2014-12-31,-7.29864985569931E-4,"{""type"":""MultiPoint"",""coordinates"":[]}"
20150101,2015-01-01,-7.432660334171071E-4,"{""type"":""MultiPoint"",""coordinates"":[]}"
20150102,2015-01-02,-7.786929023108818E-4,"{""type"":""MultiPoint"",""coordinates"":[]}"
20150103,2015-01-03,-7.944043705420801E-4,"{""type"":""MultiPoint"",""coordinates"":[]}"
20150104,2015-01-04,-8.596728517982944E-4,"{""type"":""MultiPoint"",""coordinates"":[]}"
20150105,2015-01-05,-9.424522653472742E-4,"{""type"":""MultiPoint"",""coordinates"":[]}"
20150106,2015-01-06,-9.179541064850922E-4,"{""type"":""MultiPoint"",""coordinates"":[]}"
20150107,2015-01-07,-8.952300950161525E-4,"{""type"":""MultiPoint"",""coordinates"":[]}"
20150108,2015-01-08,-8.825972375303967E-4,"{""type"":""MultiPoint"",""coordinates"":[]}"
20150109,2015-01-09,-9.1515599973691E-4,"{""type"":""MultiPoint"",""coordinates"":[]}"
20150110,2015-01-10,-9.172511585376637E-4,"{""type"":""MultiPoint"",""coordinates"":[]}"
20150111,2015-01-11,-9.014973316544857E-4,"{""type"":""MultiPoint"",""coordinates"":[]}"
20150112,2015-01-12,-8.79460205055315E-4,"{""type"":""MultiPoint"",""coordinates"":[]}"
20150113,2015-01-13,-8.943782026758344E-4,"{""type"":""MultiPoint"",""coordinates"":[]}"
20150114,2015-01-14,-8.795114757791897E-4,"{""type"":""MultiPoint"",""coordinates"":[]}"
20150115,2015-01-15,-8.769476520015223E-4,"{""type"":""MultiPoint"",""coordinates"":[]}"
20150116,2015-01-16,-8.573443316893314E-4,"{""type"":""MultiPoint"",""coordinates"":[]}"
20150117,2015-01-17,-8.460825989998531E-4,"{""type"":""MultiPoint"",""coordinates"":[]}"
20150118,2015-01-18,-8.551931654687277E-4,"{""type"":""MultiPoint"",""coordinates"":[]}"
20150119,2015-01-19,-8.563116968946021E-4,"{""type"":""MultiPoint"",""coordinates"":[]}"
20150120,2015-01-20,-8.424828105654825E-4,"{""type"":""MultiPoint"",""coordinates"":[]}"
20150121,2015-01-21,-8.97809669869918E-4,"{""type"":""MultiPoint"",""coordinates"":[]}"
20150122,2015-01-22,-9.294890412218262E-4,"{""type"":""MultiPoint"",""coordinates"":[]}"
20150123,2015-01-23,-9.146945961375882E-4,"{""type"":""MultiPoint"",""coordinates"":[]}"
20150124,2015-01-24,-8.777007035452866E-4,"{""type"":""MultiPoint"",""coordinates"":[]}"
20150125,2015-01-25,-9.235318627675631E-4,"{""type"":""MultiPoint"",""coordinates"":[]}"
20150126,2015-01-26,-8.949318759965975E-4,"{""type"":""MultiPoint"",""coordinates"":[]}"
20150127,2015-01-27,-8.940200925204313E-4,"{""type"":""MultiPoint"",""coordinates"":[]}"
20150128,2015-01-28,-8.932776372892752E-4,"{""type"":""MultiPoint"",""coordinates"":[]}"
20150129,2015-01-29,-8.90180137661881E-4,"{""type"":""MultiPoint"",""coordinates"":[]}"
20150130,2015-01-30,-9.017208333424432E-4,"{""type"":""MultiPoint"",""coordinates"":[]}"
20150131,2015-01-31,-9.385522944758589E-4,"{""type"":""MultiPoint"",""coordinates"":[]}"
20150201,2015-02-01,-9.312431990571579E-4,"{""type"":""MultiPoint"",""coordinates"":[]}"
20150202,2015-02-02,-9.567573038235118E-4,"{""type"":""MultiPoint"",""coordinates"":[]}"
20150203,2015-02-03,-9.78099047036279E-4,"{""type"":""MultiPoint"",""coordinates"":[]}"
20150204,2015-02-04,-9.688039318640243E-4,"{""type"":""MultiPoint"",""coordinates"":[]}"
20150205,2015-02-05,-9.518085396210122E-4,"{""type"":""MultiPoint"",""coordinates"":[]}"
20150206,2015-02-06,-9.302538548065602E-4,"{""type"":""MultiPoint"",""coordinates"":[]}"
20150207,2015-02-07,-9.320038705232885E-4,"{""type"":""MultiPoint"",""coordinates"":[]}"
20150208,2015-02-08,-9.373401255921202E-4,"{""type"":""MultiPoint"",""coordinates"":[]}"
20150209,2015-02-09,-9.560197928111816E-4,"{""type"":""MultiPoint"",""coordinates"":[]}"
20150210,2015-02-10,-9.341994281792025E-4,"{""type"":""MultiPoint"",""coordinates"":[]}"
20150211,2015-02-11,-9.597695879447724E-4,"{""type"":""MultiPoint"",""coordinates"":[]}"
20150212,2015-02-12,-9.67251455572937E-4,"{""type"":""MultiPoint"",""coordinates"":[]}"
20150213,2015-02-13,-9.941813192549682E-4,"{""type"":""MultiPoint"",""coordinates"":[]}"
20150214,2015-02-14,-0.001018421605827311,"{""type"":""MultiPoint"",""coordinates"":[]}"
20150215,2015-02-15,-9.944717905686837E-4,"{""type"":""MultiPoint"",""coordinates"":[]}"
20150216,2015-02-16,-9.845474562658965E-4,"{""type"":""MultiPoint"",""coordinates"":[]}"
20150217,2015-02-17,-9.89823872889389E-4,"{""type"":""MultiPoint"",""coordinates"":[]}"
20150218,2015-02-18,-9.801820344256763E-4,"{""type"":""MultiPoint"",""coordinates"":[]}"
20150219,2015-02-19,-0.0010095979278403801,"{""type"":""MultiPoint"",""coordinates"":[]}"
20150220,2015-02-20,-0.0010236539388565208,"{""type"":""MultiPoint"",""coordinates"":[]}"
20150221,2015-02-21,-0.0010523944129075956,"{""type"":""MultiPoint"",""coordinates"":[]}"
20150222,2015-02-22,-0.0010853151424279836,"{""type"":""MultiPoint"",""coordinates"":[]}"
20150223,2015-02-23,-0.0010324928699142768,"{""type"":""MultiPoint"",""coordinates"":[]}"
20150224,2015-02-24,-9.956935904117707E-4,"{""type"":""MultiPoint"",""coordinates"":[]}"
20150225,2015-02-25,-0.0010244984217075929,"{""type"":""MultiPoint"",""coordinates"":[]}"
20150226,2015-02-26,-0.0010217726736617672,"{""type"":""MultiPoint"",""coordinates"":[]}"
20150227,2015-02-27,-0.0010478604543201285,"{""type"":""MultiPoint"",""coordinates"":[]}"
20150228,2015-02-28,-0.001100522338132104,"{""type"":""MultiPoint"",""coordinates"":[]}"
20150301,2015-03-01,-0.0011297184990057298,"{""type"":""MultiPoint"",""coordinates"":[]}"
20150302,2015-03-02,-0.0012241795841505772,"{""type"":""MultiPoint"",""coordinates"":[]}"
20150303,2015-03-03,-0.0013314656038319079,"{""type"":""MultiPoint"",""coordinates"":[]}"
20150304,2015-03-04,-0.0013662684960198672,"{""type"":""MultiPoint"",""coordinates"":[]}"
20150305,2015-03-05,-0.001390066737114151,"{""type"":""MultiPoint"",""coordinates"":[]}"
20150306,2015-03-06,-0.0013918644092893824,"{""type"":""MultiPoint"",""coordinates"":[]}"
20150307,2015-03-07,-0.0013488421466739634,"{""type"":""MultiPoint"",""coordinates"":[]}"
20150308,2015-03-08,-0.0013607368698032578,"{""type"":""MultiPoint"",""coordinates"":[]}"
20150309,2015-03-09,-0.0013617070807696175,"{""type"":""MultiPoint"",""coordinates"":[]}"
20150310,2015-03-10,-0.0014046419584373023,"{""type"":""MultiPoint"",""coordinates"":[]}"
20150311,2015-03-11,-0.001399194847166535,"{""type"":""MultiPoint"",""coordinates"":[]}"
20150312,2015-03-12,-0.0013641922716314736,"{""type"":""MultiPoint"",""coordinates"":[]}"
20150313,2015-03-13,-0.0013157757860285065,"{""type"":""MultiPoint"",""coordinates"":[]}"
20150314,2015-03-14,-0.0012708716991977319,"{""type"":""MultiPoint"",""coordinates"":[]}"
20150315,2015-03-15,-0.0012590424663485198,"{""type"":""MultiPoint"",""coordinates"":[]}"
20150316,2015-03-16,-0.0013237471512222378,"{""type"":""MultiPoint"",""coordinates"":[]}"
20150317,2015-03-17,-0.0014274821256102833,"{""type"":""MultiPoint"",""coordinates"":[]}"
20150318,2015-03-18,-0.0014246392270201283,"{""type"":""MultiPoint"",""coordinates"":[]}"
20150319,2015-03-19,-0.0014076929242893828,"{""type"":""MultiPoint"",""coordinates"":[]}"
20150320,2015-03-20,-0.0014175377509472638,"{""type"":""MultiPoint"",""coordinates"":[]}"
20150321,2015-03-21,-0.0014174449269173277,"{""type"":""MultiPoint"",""coordinates"":[]}"
20150322,2015-03-22,-0.0014320850690918892,"{""type"":""MultiPoint"",""coordinates"":[]}"
20150323,2015-03-23,-0.0013989185356949715,"{""type"":""MultiPoint"",""coordinates"":[]}"
20150324,2015-03-24,-0.001370424122709331,"{""type"":""MultiPoint"",""coordinates"":[]}"
20150325,2015-03-25,-0.0014321668603887922,"{""type"":""MultiPoint"",""coordinates"":[]}"
20150326,2015-03-26,-0.0013940603181658816,"{""type"":""MultiPoint"",""coordinates"":[]}"
20150327,2015-03-27,-0.0013665731281764313,"{""type"":""MultiPoint"",""coordinates"":[]}"
20150328,2015-03-28,-0.0013919116133127864,"{""type"":""MultiPoint"",""coordinates"":[]}"
20150329,2015-03-29,-0.001363954679237175,"{""type"":""MultiPoint"",""coordinates"":[]}"
20150330,2015-03-30,-0.0013469442859130299,"{""type"":""MultiPoint"",""coordinates"":[]}"
20150331,2015-03-31,-0.0014303473317454256,"{""type"":""MultiPoint"",""coordinates"":[]}"
20150401,2015-04-01,-0.0014321068906425225,"{""type"":""MultiPoint"",""coordinates"":[]}"
20150402,2015-04-02,-0.0014582857802998951,"{""type"":""MultiPoint"",""coordinates"":[]}"
20150403,2015-04-03,-0.0014952560530200661,"{""type"":""MultiPoint"",""coordinates"":[]}"
20150404,2015-04-04,-0.001518662944384683,"{""type"":""MultiPoint"",""coordinates"":[]}"
20150405,2015-04-05,-0.0015209258753780227,"{""type"":""MultiPoint"",""coordinates"":[]}"
20150406,2015-04-06,-0.0014555452997372393,"{""type"":""MultiPoint"",""coordinates"":[]}"
20150407,2015-04-07,-0.0014494734637232024,"{""type"":""MultiPoint"",""coordinates"":[]}"
20150408,2015-04-08,-0.0015329474806727765,"{""type"":""MultiPoint"",""coordinates"":[]}"
20150409,2015-04-09,-0.001601660284549858,"{""type"":""MultiPoint"",""coordinates"":[]}"
20150410,2015-04-10,-0.0015983665904932675,"{""type"":""MultiPoint"",""coordinates"":[]}"
20150411,2015-04-11,-0.001599972317955412,"{""type"":""MultiPoint"",""coordinates"":[]}"
20150412,2015-04-12,-0.0016372090280957598,"{""type"":""MultiPoint"",""coordinates"":[]}"
20150413,2015-04-13,-0.0017171422086727397,"{""type"":""MultiPoint"",""coordinates"":[]}"
20150414,2015-04-14,-0.0018478272917978004,"{""type"":""MultiPoint"",""coordinates"":[]}"
20150415,2015-04-15,-0.0018626422360779311,"{""type"":""MultiPoint"",""coordinates"":[]}"
20150416,2015-04-16,-0.0018987061893664366,"{""type"":""MultiPoint"",""coordinates"":[]}"
20150417,2015-04-17,-0.0019441557065221935,"{""type"":""MultiPoint"",""coordinates"":[]}"
20150418,2015-04-18,-0.001967156006854727,"{""type"":""MultiPoint"",""coordinates"":[]}"
20150419,2015-04-19,-0.0018818904846892319,"{""type"":""MultiPoint"",""coordinates"":[]}"
20150420,2015-04-20,-0.001838440382394328,"{""type"":""MultiPoint"",""coordinates"":[]}"
20150421,2015-04-21,-0.0017864328777888194,"{""type"":""MultiPoint"",""coordinates"":[]}"
20150422,2015-04-22,-0.0017830099190325865,"{""type"":""MultiPoint"",""coordinates"":[]}"
20150423,2015-04-23,-0.0017622443751914817,"{""type"":""MultiPoint"",""coordinates"":[]}"
20150424,2015-04-24,-0.001727510756459383,"{""type"":""MultiPoint"",""coordinates"":[]}"
20150425,2015-04-25,-0.0016780295349837738,"{""type"":""MultiPoint"",""coordinates"":[]}"
20150426,2015-04-26,-0.001665718590425251,"{""type"":""MultiPoint"",""coordinates"":[]}"
20150427,2015-04-27,-0.0017451863948625577,"{""type"":""MultiPoint"",""coordinates"":[]}"
20150428,2015-04-28,-0.0017934382985766368,"{""type"":""MultiPoint"",""coordinates"":[]}"
20150429,2015-04-29,-0.0017149507392038086,"{""type"":""MultiPoint"",""coordinates"":[]}"
20150430,2015-04-30,-0.0016801085932170474,"{""type"":""MultiPoint"",""coordinates"":[]}"
20150501,2015-05-01,-0.0017134377331409405,"{""type"":""MultiPoint"",""coordinates"":[]}"
20150502,2015-05-02,-0.0016540098360103906,"{""type"":""MultiPoint"",""coordinates"":[]}"
20150503,2015-05-03,-0.0016821761384645017,"{""type"":""MultiPoint"",""coordinates"":[]}"
20150504,2015-05-04,-0.0016968043071324448,"{""type"":""MultiPoint"",""coordinates"":[]}"
20150505,2015-05-05,-0.001731150397096815,"{""type"":""MultiPoint"",""coordinates"":[]}"
20150506,2015-05-06,-0.001711180133082448,"{""type"":""MultiPoint"",""coordinates"":[]}"
20150507,2015-05-07,-0.0016441877715205702,"{""type"":""MultiPoint"",""coordinates"":[]}"
20150508,2015-05-08,-0.0016441320109938315,"{""type"":""MultiPoint"",""coordinates"":[]}"
20150509,2015-05-09,-0.0016442603243859535,"{""type"":""MultiPoint"",""coordinates"":[]}"
20150510,2015-05-10,-0.0015940823405830348,"{""type"":""MultiPoint"",""coordinates"":[]}"
20150511,2015-05-11,-0.0015355346150427909,"{""type"":""MultiPoint"",""coordinates"":[]}"
20150512,2015-05-12,-0.001656076419467889,"{""type"":""MultiPoint"",""coordinates"":[]}"
20150513,2015-05-13,-0.0017413837029216183,"{""type"":""MultiPoint"",""coordinates"":[]}"
20150514,2015-05-14,-0.0017640816107485832,"{""type"":""MultiPoint"",""coordinates"":[]}"
20150515,2015-05-15,-0.0017433667040860743,"{""type"":""MultiPoint"",""coordinates"":[]}"
20150516,2015-05-16,-0.0018155004737202903,"{""type"":""MultiPoint"",""coordinates"":[]}"
20150517,2015-05-17,-0.001856335507489119,"{""type"":""MultiPoint"",""coordinates"":[]}"
20150518,2015-05-18,-0.0019359336031873255,"{""type"":""MultiPoint"",""coordinates"":[]}"
20150519,2015-05-19,-0.0019598530549321397,"{""type"":""MultiPoint"",""coordinates"":[]}"
20150520,2015-05-20,-0.002002803216011554,"{""type"":""MultiPoint"",""coordinates"":[]}"
20150521,2015-05-21,-0.0019464708610464642,"{""type"":""MultiPoint"",""coordinates"":[]}"
20150522,2015-05-22,-0.001891511056887346,"{""type"":""MultiPoint"",""coordinates"":[]}"
20150523,2015-05-23,-0.0018183775119806104,"{""type"":""MultiPoint"",""coordinates"":[]}"
20150524,2015-05-24,-0.0017840025688206523,"{""type"":""MultiPoint"",""coordinates"":[]}"
20150525,2015-05-25,-0.0017713193173400901,"{""type"":""MultiPoint"",""coordinates"":[]}"
20150526,2015-05-26,-0.0017749641231890288,"{""type"":""MultiPoint"",""coordinates"":[]}"
20150527,2015-05-27,-0.0017941567579042082,"{""type"":""MultiPoint"",""coordinates"":[]}"
20150528,2015-05-28,-0.0017536675404299985,"{""type"":""MultiPoint"",""coordinates"":[]}"
20150529,2015-05-29,-0.0017674643985128215,"{""type"":""MultiPoint"",""coordinates"":[]}"
20150530,2015-05-30,-0.0017576389453840603,"{""type"":""MultiPoint"",""coordinates"":[]}"
20150531,2015-05-31,-0.0017362817711388226,"{""type"":""MultiPoint"",""coordinates"":[]}"
20150601,2015-06-01,-0.0017529559375336944,"{""type"":""MultiPoint"",""coordinates"":[]}"
20150602,2015-06-02,-0.0018325707019758205,"{""type"":""MultiPoint"",""coordinates"":[]}"
20150603,2015-06-03,-0.0018928448199503221,"{""type"":""MultiPoint"",""coordinates"":[]}"
20150604,2015-06-04,-0.0019052721958126566,"{""type"":""MultiPoint"",""coordinates"":[]}"
20150605,2015-06-05,-0.0019568683882463193,"{""type"":""MultiPoint"",""coordinates"":[]}"
20150606,2015-06-06,-0.0019560922772752145,"{""type"":""MultiPoint"",""coordinates"":[]}"
20150607,2015-06-07,-0.0019763636369272445,"{""type"":""MultiPoint"",""coordinates"":[]}"
20150608,2015-06-08,-0.0019878296503740844,"{""type"":""MultiPoint"",""coordinates"":[]}"
20150609,2015-06-09,-0.0019798509279487773,"{""type"":""MultiPoint"",""coordinates"":[]}"
20150610,2015-06-10,-0.0019833019718759823,"{""type"":""MultiPoint"",""coordinates"":[]}"
20150611,2015-06-11,-0.0019702412140326837,"{""type"":""MultiPoint"",""coordinates"":[]}"
20150612,2015-06-12,-0.0019688525620728797,"{""type"":""MultiPoint"",""coordinates"":[]}"
20150613,2015-06-13,-0.0020424076623207616,"{""type"":""MultiPoint"",""coordinates"":[]}"
20150614,2015-06-14,-0.002078972168512329,"{""type"":""MultiPoint"",""coordinates"":[]}"
20150615,2015-06-15,-0.0020722272225962616,"{""type"":""MultiPoint"",""coordinates"":[]}"
20150616,2015-06-16,-0.0021172277968736376,"{""type"":""MultiPoint"",""coordinates"":[]}"
20150617,2015-06-17,-0.0022274562433361044,"{""type"":""MultiPoint"",""coordinates"":[]}"
20150618,2015-06-18,-0.00233802531877096,"{""type"":""MultiPoint"",""coordinates"":[]}"
20150619,2015-06-19,-0.0023142920726319104,"{""type"":""MultiPoint"",""coordinates"":[]}"
20150620,2015-06-20,-0.0023893423712800605,"{""type"":""MultiPoint"",""coordinates"":[]}"
20150621,2015-06-21,-0.002338712413071615,"{""type"":""MultiPoint"",""coordinates"":[]}"
20150622,2015-06-22,-0.002234858305835152,"{""type"":""MultiPoint"",""coordinates"":[]}"
20150623,2015-06-23,-0.0022599042561026847,"{""type"":""MultiPoint"",""coordinates"":[]}"
20150624,2015-06-24,-0.0024370896930828606,"{""type"":""MultiPoint"",""coordinates"":[]}"
20150625,2015-06-25,-0.0025480699801448585,"{""type"":""MultiPoint"",""coordinates"":[]}"
20150626,2015-06-26,-0.0027973500889332398,"{""type"":""MultiPoint"",""coordinates"":[]}"
20150627,2015-06-27,-0.0027904984958498484,"{""type"":""MultiPoint"",""coordinates"":[]}"
20150628,2015-06-28,-0.0026716817211053503,"{""type"":""MultiPoint"",""coordinates"":[]}"
20150629,2015-06-29,-0.002654601821868525,"{""type"":""MultiPoint"",""coordinates"":[]}"
20150630,2015-06-30,-0.0026061819643328657,"{""type"":""MultiPoint"",""coordinates"":[]}"
20150701,2015-07-01,-0.0026632804385812686,"{""type"":""MultiPoint"",""coordinates"":[]}"
20150702,2015-07-02,-0.002720223004593727,"{""type"":""MultiPoint"",""coordinates"":[]}"
20150703,2015-07-03,-0.002873688219225331,"{""type"":""MultiPoint"",""coordinates"":[]}"
20150704,2015-07-04,-0.0029518489774020104,"{""type"":""MultiPoint"",""coordinates"":[]}"
20150705,2015-07-05,-0.0027777525632115842,"{""type"":""MultiPoint"",""coordinates"":[]}"
20150706,2015-07-06,-0.0024745074695805883,"{""type"":""MultiPoint"",""coordinates"":[]}"
20150707,2015-07-07,-0.0023124642561768477,"{""type"":""MultiPoint"",""coordinates"":[]}"
20150708,2015-07-08,-0.0023999067636955107,"{""type"":""MultiPoint"",""coordinates"":[]}"
20150709,2015-07-09,-0.002504105484904572,"{""type"":""MultiPoint"",""coordinates"":[]}"
20150710,2015-07-10,-0.0022732445417117724,"{""type"":""MultiPoint"",""coordinates"":[]}"
20150711,2015-07-11,-0.0022552245324280965,"{""type"":""MultiPoint"",""coordinates"":[]}"
20150712,2015-07-12,-0.002597332111168707,"{""type"":""MultiPoint"",""coordinates"":[]}"
20150713,2015-07-13,-0.002766781842312138,"{""type"":""MultiPoint"",""coordinates"":[]}"
20150714,2015-07-14,-0.002880015303673422,"{""type"":""MultiPoint"",""coordinates"":[]}"
20150715,2015-07-15,-0.0027588222438940384,"{""type"":""MultiPoint"",""coordinates"":[]}"
20150716,2015-07-16,-0.002496545666537062,"{""type"":""MultiPoint"",""coordinates"":[]}"
20150717,2015-07-17,-0.002381303767662305,"{""type"":""MultiPoint"",""coordinates"":[]}"
20150718,2015-07-18,-0.002383533774790119,"{""type"":""MultiPoint"",""coordinates"":[]}"
20150719,2015-07-19,-0.0024381485330409983,"{""type"":""MultiPoint"",""coordinates"":[]}"
20150720,2015-07-20,-0.0023800067784199,"{""type"":""MultiPoint"",""coordinates"":[]}"
20150721,2015-07-21,-0.002506475181148611,"{""type"":""MultiPoint"",""coordinates"":[]}"
20150722,2015-07-22,-0.0026082015911649994,"{""type"":""MultiPoint"",""coordinates"":[]}"
20150723,2015-07-23,-0.002620651299013903,"{""type"":""MultiPoint"",""coordinates"":[]}"
20150724,2015-07-24,-0.0026303873230138913,"{""type"":""MultiPoint"",""coordinates"":[]}"
20150725,2015-07-25,-0.002668034624017619,"{""type"":""MultiPoint"",""coordinates"":[]}"
20150726,2015-07-26,-0.0027041421303226885,"{""type"":""MultiPoint"",""coordinates"":[]}"
20150727,2015-07-27,-0.002866868761355194,"{""type"":""MultiPoint"",""coordinates"":[]}"
20150728,2015-07-28,-0.0029818773107707164,"{""type"":""MultiPoint"",""coordinates"":[]}"
20150729,2015-07-29,-0.0029653838784878556,"{""type"":""MultiPoint"",""coordinates"":[]}"
20150730,2015-07-30,-0.0028933154430002884,"{""type"":""MultiPoint"",""coordinates"":[]}"
20150731,2015-07-31,-0.0026663887551360535,"{""type"":""MultiPoint"",""coordinates"":[]}"
20150801,2015-08-01,-0.0025763471729425193,"{""type"":""MultiPoint"",""coordinates"":[]}"
20150802,2015-08-02,-0.002651627521877902,"{""type"":""MultiPoint"",""coordinates"":[]}"
20150803,2015-08-03,-0.0027494521266318776,"{""type"":""MultiPoint"",""coordinates"":[]}"
20150804,2015-08-04,-0.0029570505135212534,"{""type"":""MultiPoint"",""coordinates"":[]}"
20150805,2015-08-05,-0.0028567682790935633,"{""type"":""MultiPoint"",""coordinates"":[]}"
20150806,2015-08-06,-0.0026993901282711063,"{""type"":""MultiPoint"",""coordinates"":[]}"
20150807,2015-08-07,-0.0027678196078414533,"{""type"":""MultiPoint"",""coordinates"":[]}"
20150808,2015-08-08,-0.002848116401055014,"{""type"":""MultiPoint"",""coordinates"":[]}"
20150809,2015-08-09,-0.002895256604474974,"{""type"":""MultiPoint"",""coordinates"":[]}"
20150810,2015-08-10,-0.002839573634540723,"{""type"":""MultiPoint"",""coordinates"":[]}"
20150811,2015-08-11,-0.0028386031815794475,"{""type"":""MultiPoint"",""coordinates"":[]}"
20150812,2015-08-12,-0.0027671759300634913,"{""type"":""MultiPoint"",""coordinates"":[]}"
20150813,2015-08-13,-0.0027829617736588276,"{""type"":""MultiPoint"",""coordinates"":[]}"
20150814,2015-08-14,-0.002787389893239713,"{""type"":""MultiPoint"",""coordinates"":[]}"
20150815,2015-08-15,-0.0027467963268039764,"{""type"":""MultiPoint"",""coordinates"":[]}"
20150816,2015-08-16,-0.0025931740670088748,"{""type"":""MultiPoint"",""coordinates"":[]}"
20150817,2015-08-17,-0.0026206127811970858,"{""type"":""MultiPoint"",""coordinates"":[]}"
20150818,2015-08-18,-0.002687422326064082,"{""type"":""MultiPoint"",""coordinates"":[]}"
20150819,2015-08-19,-0.0027956280526074935,"{""type"":""MultiPoint"",""coordinates"":[]}"
20150820,2015-08-20,-0.0027961760235781946,"{""type"":""MultiPoint"",""coordinates"":[]}"
20150821,2015-08-21,-0.002686909601821321,"{""type"":""MultiPoint"",""coordinates"":[]}"
20150822,2015-08-22,-0.0026606358877425697,"{""type"":""MultiPoint"",""coordinates"":[]}"
20150823,2015-08-23,-0.0027392575749592266,"{""type"":""MultiPoint"",""coordinates"":[]}"
20150824,2015-08-24,-0.002867806641168075,"{""type"":""MultiPoint"",""coordinates"":[]}"
20150825,2015-08-25,-0.0029581729516563,"{""type"":""MultiPoint"",""coordinates"":[]}"
20150826,2015-08-26,-0.0028517070302395866,"{""type"":""MultiPoint"",""coordinates"":[]}"
20150827,2015-08-27,-0.002626652862779284,"{""type"":""MultiPoint"",""coordinates"":[]}"
20150828,2015-08-28,-0.002604794978950403,"{""type"":""MultiPoint"",""coordinates"":[]}"
20150829,2015-08-29,-0.002580703871019166,"{""type"":""MultiPoint"",""coordinates"":[]}"
20150830,2015-08-30,-0.0025425611374182973,"{""type"":""MultiPoint"",""coordinates"":[]}"
20150831,2015-08-31,-0.0026063070634766445,"{""type"":""MultiPoint"",""coordinates"":[]}"
20150901,2015-09-01,-0.0026486780180531707,"{""type"":""MultiPoint"",""coordinates"":[]}"
20150902,2015-09-02,-0.0026342648162104923,"{""type"":""MultiPoint"",""coordinates"":[]}"
20150903,2015-09-03,-0.0026435446572506283,"{""type"":""MultiPoint"",""coordinates"":[]}"
20150904,2015-09-04,-0.002734061346050633,"{""type"":""MultiPoint"",""coordinates"":[]}"
20150905,2015-09-05,-0.0028087261370940853,"{""type"":""MultiPoint"",""coordinates"":[]}"
20150906,2015-09-06,-0.0028087270654145163,"{""type"":""MultiPoint"",""coordinates"":[]}"
20150907,2015-09-07,-0.0027473278071146376,"{""type"":""MultiPoint"",""coordinates"":[]}"
20150908,2015-09-08,-0.0028131397360294003,"{""type"":""MultiPoint"",""coordinates"":[]}"
20150909,2015-09-09,-0.0028349400605920195,"{""type"":""MultiPoint"",""coordinates"":[]}"
20150910,2015-09-10,-0.002781227436603191,"{""type"":""MultiPoint"",""coordinates"":[]}"
20150911,2015-09-11,-0.002718961080734629,"{""type"":""MultiPoint"",""coordinates"":[]}"
20150912,2015-09-12,-0.0026847748526102333,"{""type"":""MultiPoint"",""coordinates"":[]}"
20150913,2015-09-13,-0.0026611550346846463,"{""type"":""MultiPoint"",""coordinates"":[]}"
20150914,2015-09-14,-0.0025422896428836995,"{""type"":""MultiPoint"",""coordinates"":[]}"
20150915,2015-09-15,-0.0024109455895355326,"{""type"":""MultiPoint"",""coordinates"":[]}"
20150916,2015-09-16,-0.002435382265914597,"{""type"":""MultiPoint"",""coordinates"":[]}"
20150917,2015-09-17,-0.0024741537395109744,"{""type"":""MultiPoint"",""coordinates"":[]}"
20150918,2015-09-18,-0.0025520132445576308,"{""type"":""MultiPoint"",""coordinates"":[]}"
20150919,2015-09-19,-0.002397997460964949,"{""type"":""MultiPoint"",""coordinates"":[]}"
20150920,2015-09-20,-0.002258444665063236,"{""type"":""MultiPoint"",""coordinates"":[]}"
20150921,2015-09-21,-0.0022518275597401176,"{""type"":""MultiPoint"",""coordinates"":[]}"
20150922,2015-09-22,-0.0024129927617453483,"{""type"":""MultiPoint"",""coordinates"":[]}"
20150923,2015-09-23,-0.002530345551139416,"{""type"":""MultiPoint"",""coordinates"":[]}"
20150924,2015-09-24,-0.0026339442247671017,"{""type"":""MultiPoint"",""coordinates"":[]}"
20150925,2015-09-25,-0.0027847405858977036,"{""type"":""MultiPoint"",""coordinates"":[]}"
20150926,2015-09-26,-0.002679413902968598,"{""type"":""MultiPoint"",""coordinates"":[]}"
20150927,2015-09-27,-0.0026615259729178124,"{""type"":""MultiPoint"",""coordinates"":[]}"
20150928,2015-09-28,-0.002599914837764611,"{""type"":""MultiPoint"",""coordinates"":[]}"
20150929,2015-09-29,-0.0026348482189256675,"{""type"":""MultiPoint"",""coordinates"":[]}"
20150930,2015-09-30,-0.0026241753767981733,"{""type"":""MultiPoint"",""coordinates"":[]}"
20151001,2015-10-01,-0.002506216892417335,"{""type"":""MultiPoint"",""coordinates"":[]}"
20151002,2015-10-02,-0.002435263903289888,"{""type"":""MultiPoint"",""coordinates"":[]}"
20151003,2015-10-03,-0.002423790757745273,"{""type"":""MultiPoint"",""coordinates"":[]}"
20151004,2015-10-04,-0.0023539497344126424,"{""type"":""MultiPoint"",""coordinates"":[]}"
20151005,2015-10-05,-0.0023526474424802653,"{""type"":""MultiPoint"",""coordinates"":[]}"
20151006,2015-10-06,-0.0023869971395682832,"{""type"":""MultiPoint"",""coordinates"":[]}"
20151007,2015-10-07,-0.002313030553797983,"{""type"":""MultiPoint"",""coordinates"":[]}"
20151008,2015-10-08,-0.0021933762539838374,"{""type"":""MultiPoint"",""coordinates"":[]}"
20151009,2015-10-09,-0.00213823272595244,"{""type"":""MultiPoint"",""coordinates"":[]}"
20151010,2015-10-10,-0.002151830469848825,"{""type"":""MultiPoint"",""coordinates"":[]}"
20151011,2015-10-11,-0.002058879668257061,"{""type"":""MultiPoint"",""coordinates"":[]}"
20151012,2015-10-12,-0.001989057249143702,"{""type"":""MultiPoint"",""coordinates"":[]}"
20151013,2015-10-13,-0.0019635024263945336,"{""type"":""MultiPoint"",""coordinates"":[]}"
20151014,2015-10-14,-0.001958569834447673,"{""type"":""MultiPoint"",""coordinates"":[]}"
20151015,2015-10-15,-0.0020193370473408005,"{""type"":""MultiPoint"",""coordinates"":[]}"
20151016,2015-10-16,-0.001980916563542679,"{""type"":""MultiPoint"",""coordinates"":[]}"
20151017,2015-10-17,-0.0020108974757928103,"{""type"":""MultiPoint"",""coordinates"":[]}"
20151018,2015-10-18,-0.001961611545163152,"{""type"":""MultiPoint"",""coordinates"":[]}"
20151019,2015-10-19,-0.001964229932574779,"{""type"":""MultiPoint"",""coordinates"":[]}"
20151020,2015-10-20,-0.0019410081705353325,"{""type"":""MultiPoint"",""coordinates"":[]}"
20151021,2015-10-21,-0.0019202559752868986,"{""type"":""MultiPoint"",""coordinates"":[]}"
20151022,2015-10-22,-0.0018887899911133033,"{""type"":""MultiPoint"",""coordinates"":[]}"
20151023,2015-10-23,-0.001841348528328201,"{""type"":""MultiPoint"",""coordinates"":[]}"
20151024,2015-10-24,-0.0017699168942974523,"{""type"":""MultiPoint"",""coordinates"":[]}"
20151025,2015-10-25,-0.00170770451540278,"{""type"":""MultiPoint"",""coordinates"":[]}"
20151026,2015-10-26,-0.0016886259168071023,"{""type"":""MultiPoint"",""coordinates"":[]}"
20151027,2015-10-27,-0.0016752300460531686,"{""type"":""MultiPoint"",""coordinates"":[]}"
20151028,2015-10-28,-0.0016557194440084352,"{""type"":""MultiPoint"",""coordinates"":[]}"
20151029,2015-10-29,-0.001539113890900059,"{""type"":""MultiPoint"",""coordinates"":[]}"
20151030,2015-10-30,-0.0014592744281358668,"{""type"":""MultiPoint"",""coordinates"":[]}"
20151031,2015-10-31,-0.0013883236436284675,"{""type"":""MultiPoint"",""coordinates"":[]}"
20151101,2015-11-01,-0.0014036095714861716,"{""type"":""MultiPoint"",""coordinates"":[]}"
20151102,2015-11-02,-0.001373600093181368,"{""type"":""MultiPoint"",""coordinates"":[]}"
20151103,2015-11-03,-0.0014077256067468403,"{""type"":""MultiPoint"",""coordinates"":[]}"
20151104,2015-11-04,-0.001438823063491832,"{""type"":""MultiPoint"",""coordinates"":[]}"
20151105,2015-11-05,-0.001435937002659894,"{""type"":""MultiPoint"",""coordinates"":[]}"
20151106,2015-11-06,-0.001466789808668356,"{""type"":""MultiPoint"",""coordinates"":[]}"
20151107,2015-11-07,-0.0014378034898847205,"{""type"":""MultiPoint"",""coordinates"":[]}"
20151108,2015-11-08,-0.0014300516514986438,"{""type"":""MultiPoint"",""coordinates"":[]}"
20151109,2015-11-09,-0.0013391722575879159,"{""type"":""MultiPoint"",""coordinates"":[]}"
20151110,2015-11-10,-0.0012491723846866257,"{""type"":""MultiPoint"",""coordinates"":[]}"
20151111,2015-11-11,-0.0012391430274833338,"{""type"":""MultiPoint"",""coordinates"":[]}"
20151112,2015-11-12,-0.0013378685653156965,"{""type"":""MultiPoint"",""coordinates"":[]}"
20151113,2015-11-13,-0.0013391881453158306,"{""type"":""MultiPoint"",""coordinates"":[]}"
20151114,2015-11-14,-0.001269735023731379,"{""type"":""MultiPoint"",""coordinates"":[]}"
20151115,2015-11-15,-0.0011760557993420238,"{""type"":""MultiPoint"",""coordinates"":[]}"
20151116,2015-11-16,-0.0011536417994783027,"{""type"":""MultiPoint"",""coordinates"":[]}"
20151117,2015-11-17,-0.001110631995991366,"{""type"":""MultiPoint"",""coordinates"":[]}"
20151118,2015-11-18,-0.0010722950068820904,"{""type"":""MultiPoint"",""coordinates"":[]}"
20151119,2015-11-19,-0.0011291934591183498,"{""type"":""MultiPoint"",""coordinates"":[]}"
20151120,2015-11-20,-0.0011455977390621274,"{""type"":""MultiPoint"",""coordinates"":[]}"
20151121,2015-11-21,-0.0011710128221098048,"{""type"":""MultiPoint"",""coordinates"":[]}"
20151122,2015-11-22,-0.0011306729857735215,"{""type"":""MultiPoint"",""coordinates"":[]}"
20151123,2015-11-23,-0.001121147101129625,"{""type"":""MultiPoint"",""coordinates"":[]}"
20151124,2015-11-24,-0.001136692113498528,"{""type"":""MultiPoint"",""coordinates"":[]}"
20151125,2015-11-25,-0.001175452275217422,"{""type"":""MultiPoint"",""coordinates"":[]}"
20151126,2015-11-26,-0.0011484084087250153,"{""type"":""MultiPoint"",""coordinates"":[]}"
20151127,2015-11-27,-0.0010906036715447628,"{""type"":""MultiPoint"",""coordinates"":[]}"
20151128,2015-11-28,-0.0010353421571561653,"{""type"":""MultiPoint"",""coordinates"":[]}"
20151129,2015-11-29,-0.0010130306057775512,"{""type"":""MultiPoint"",""coordinates"":[]}"
20151130,2015-11-30,-9.26742073425587E-4,"{""type"":""MultiPoint"",""coordinates"":[]}"
20151201,2015-12-01,-9.231844415562249E-4,"{""type"":""MultiPoint"",""coordinates"":[]}"
20151202,2015-12-02,-8.352334607995258E-4,"{""type"":""MultiPoint"",""coordinates"":[]}"
20151203,2015-12-03,-9.031721926256889E-4,"{""type"":""MultiPoint"",""coordinates"":[]}"
20151204,2015-12-04,-9.667659111837915E-4,"{""type"":""MultiPoint"",""coordinates"":[]}"
20151205,2015-12-05,-9.521339069284518E-4,"{""type"":""MultiPoint"",""coordinates"":[]}"
20151206,2015-12-06,-9.34868767113586E-4,"{""type"":""MultiPoint"",""coordinates"":[]}"
20151207,2015-12-07,-9.055454723214155E-4,"{""type"":""MultiPoint"",""coordinates"":[]}"
20151208,2015-12-08,-8.881360932095513E-4,"{""type"":""MultiPoint"",""coordinates"":[]}"
20151209,2015-12-09,-8.738142047182007E-4,"{""type"":""MultiPoint"",""coordinates"":[]}"
20151210,2015-12-10,-8.870476659207987E-4,"{""type"":""MultiPoint"",""coordinates"":[]}"
20151211,2015-12-11,-8.524723308014293E-4,"{""type"":""MultiPoint"",""coordinates"":[]}"
20151212,2015-12-12,-8.378075555938667E-4,"{""type"":""MultiPoint"",""coordinates"":[]}"
20151213,2015-12-13,-8.525288695467379E-4,"{""type"":""MultiPoint"",""coordinates"":[]}"
20151214,2015-12-14,-8.449967940091488E-4,"{""type"":""MultiPoint"",""coordinates"":[]}"
20151215,2015-12-15,-8.322029170366332E-4,"{""type"":""MultiPoint"",""coordinates"":[]}"
20151216,2015-12-16,-8.457024212671162E-4,"{""type"":""MultiPoint"",""coordinates"":[]}"
20151217,2015-12-17,-8.34879313439209E-4,"{""type"":""MultiPoint"",""coordinates"":[]}"
20151218,2015-12-18,-7.879959652454254E-4,"{""type"":""MultiPoint"",""coordinates"":[]}"
20151219,2015-12-19,-8.074725536022408E-4,"{""type"":""MultiPoint"",""coordinates"":[]}"
20151220,2015-12-20,-8.113684861364198E-4,"{""type"":""MultiPoint"",""coordinates"":[]}"
20151221,2015-12-21,-8.01125004853261E-4,"{""type"":""MultiPoint"",""coordinates"":[]}"
20151222,2015-12-22,-8.117450401148553E-4,"{""type"":""MultiPoint"",""coordinates"":[]}"
20151223,2015-12-23,-7.937781790979754E-4,"{""type"":""MultiPoint"",""coordinates"":[]}"
20151224,2015-12-24,-8.050846412933968E-4,"{""type"":""MultiPoint"",""coordinates"":[]}"
20151225,2015-12-25,-7.930738155219491E-4,"{""type"":""MultiPoint"",""coordinates"":[]}"
20151226,2015-12-26,-8.280633743495077E-4,"{""type"":""MultiPoint"",""coordinates"":[]}"
20151227,2015-12-27,-8.074321606719356E-4,"{""type"":""MultiPoint"",""coordinates"":[]}"
20151228,2015-12-28,-8.059635608184989E-4,"{""type"":""MultiPoint"",""coordinates"":[]}"
20151229,2015-12-29,-7.820392744237605E-4,"{""type"":""MultiPoint"",""coordinates"":[]}"
20151230,2015-12-30,-7.872506612714973E-4,"{""type"":""MultiPoint"",""coordinates"":[]}"
20151231,2015-12-31,-7.682862952082067E-4,"{""type"":""MultiPoint"",""coordinates"":[]}"
20160101,2016-01-01,-7.737427375783932E-4,"{""type"":""MultiPoint"",""coordinates"":[]}"
20160102,2016-01-02,-7.692751056378476E-4,"{""type"":""MultiPoint"",""coordinates"":[]}"
20160103,2016-01-03,-7.72512193399998E-4,"{""type"":""MultiPoint"",""coordinates"":[]}"
20160104,2016-01-04,-7.716682452817733E-4,"{""type"":""MultiPoint"",""coordinates"":[]}"
20160105,2016-01-05,-7.532422136076167E-4,"{""type"":""MultiPoint"",""coordinates"":[]}"
20160106,2016-01-06,-7.348095918862027E-4,"{""type"":""MultiPoint"",""coordinates"":[]}"
20160107,2016-01-07,-7.267612809637138E-4,"{""type"":""MultiPoint"",""coordinates"":[]}"
20160108,2016-01-08,-7.392171447130309E-4,"{""type"":""MultiPoint"",""coordinates"":[]}"
20160109,2016-01-09,-7.498592665233677E-4,"{""type"":""MultiPoint"",""coordinates"":[]}"
20160110,2016-01-10,-7.64784954540339E-4,"{""type"":""MultiPoint"",""coordinates"":[]}"
20160111,2016-01-11,-7.580434058056511E-4,"{""type"":""MultiPoint"",""coordinates"":[]}"
20160112,2016-01-12,-7.485409325534216E-4,"{""type"":""MultiPoint"",""coordinates"":[]}"
20160113,2016-01-13,-7.214092491806485E-4,"{""type"":""MultiPoint"",""coordinates"":[]}"
20160114,2016-01-14,-7.039186200975844E-4,"{""type"":""MultiPoint"",""coordinates"":[]}"
20160115,2016-01-15,-7.03561361499199E-4,"{""type"":""MultiPoint"",""coordinates"":[]}"
20160116,2016-01-16,-6.939302909383073E-4,"{""type"":""MultiPoint"",""coordinates"":[]}"
20160117,2016-01-17,-6.945173578221884E-4,"{""type"":""MultiPoint"",""coordinates"":[]}"
20160118,2016-01-18,-7.080309031202453E-4,"{""type"":""MultiPoint"",""coordinates"":[]}"
20160119,2016-01-19,-7.266304666656748E-4,"{""type"":""MultiPoint"",""coordinates"":[]}"
20160120,2016-01-20,-6.755413348698348E-4,"{""type"":""MultiPoint"",""coordinates"":[]}"
20160121,2016-01-21,-7.393069984603837E-4,"{""type"":""MultiPoint"",""coordinates"":[]}"
20160122,2016-01-22,-7.73933135937491E-4,"{""type"":""MultiPoint"",""coordinates"":[]}"
20160123,2016-01-23,-7.660004352640221E-4,"{""type"":""MultiPoint"",""coordinates"":[]}"
20160124,2016-01-24,-7.613237453312213E-4,"{""type"":""MultiPoint"",""coordinates"":[]}"
20160125,2016-01-25,-7.712555318890467E-4,"{""type"":""MultiPoint"",""coordinates"":[]}"
20160126,2016-01-26,-7.816737579683291E-4,"{""type"":""MultiPoint"",""coordinates"":[]}"
20160127,2016-01-27,-7.954417346157349E-4,"{""type"":""MultiPoint"",""coordinates"":[]}"
20160128,2016-01-28,-8.157231125558536E-4,"{""type"":""MultiPoint"",""coordinates"":[]}"
20160129,2016-01-29,-8.384286834885088E-4,"{""type"":""MultiPoint"",""coordinates"":[]}"
20160130,2016-01-30,-8.359855222297379E-4,"{""type"":""MultiPoint"",""coordinates"":[]}"
20160131,2016-01-31,-8.095541011101928E-4,"{""type"":""MultiPoint"",""coordinates"":[]}"
20160201,2016-02-01,-8.259488096584739E-4,"{""type"":""MultiPoint"",""coordinates"":[]}"
20160202,2016-02-02,-8.391190967857072E-4,"{""type"":""MultiPoint"",""coordinates"":[]}"
20160203,2016-02-03,-8.2035892242152E-4,"{""type"":""MultiPoint"",""coordinates"":[]}"
20160204,2016-02-04,-8.259025950451325E-4,"{""type"":""MultiPoint"",""coordinates"":[]}"
20160205,2016-02-05,-8.1770571926877E-4,"{""type"":""MultiPoint"",""coordinates"":[]}"
20160206,2016-02-06,-7.920973507894154E-4,"{""type"":""MultiPoint"",""coordinates"":[]}"
20160207,2016-02-07,-7.772860303423722E-4,"{""type"":""MultiPoint"",""coordinates"":[]}"
20160208,2016-02-08,-7.82073241928111E-4,"{""type"":""MultiPoint"",""coordinates"":[]}"
20160209,2016-02-09,-7.901549538109791E-4,"{""type"":""MultiPoint"",""coordinates"":[]}"
20160210,2016-02-10,-7.993583968212736E-4,"{""type"":""MultiPoint"",""coordinates"":[]}"
20160211,2016-02-11,-7.896340555045222E-4,"{""type"":""MultiPoint"",""coordinates"":[]}"
20160212,2016-02-12,-8.093795149688763E-4,"{""type"":""MultiPoint"",""coordinates"":[]}"
20160213,2016-02-13,-8.181003838912285E-4,"{""type"":""MultiPoint"",""coordinates"":[]}"
20160214,2016-02-14,-8.244165096562169E-4,"{""type"":""MultiPoint"",""coordinates"":[]}"
20160215,2016-02-15,-8.167405317044332E-4,"{""type"":""MultiPoint"",""coordinates"":[]}"
20160216,2016-02-16,-8.402392633759137E-4,"{""type"":""MultiPoint"",""coordinates"":[]}"
20160217,2016-02-17,-8.553206732359171E-4,"{""type"":""MultiPoint"",""coordinates"":[]}"
20160218,2016-02-18,-8.77331538703888E-4,"{""type"":""MultiPoint"",""coordinates"":[]}"
20160219,2016-02-19,-8.783841137074048E-4,"{""type"":""MultiPoint"",""coordinates"":[]}"
20160220,2016-02-20,-8.852291976171563E-4,"{""type"":""MultiPoint"",""coordinates"":[]}"
20160221,2016-02-21,-9.240569573752934E-4,"{""type"":""MultiPoint"",""coordinates"":[]}"
20160222,2016-02-22,-9.225718592750879E-4,"{""type"":""MultiPoint"",""coordinates"":[]}"
20160223,2016-02-23,-9.080000275526697E-4,"{""type"":""MultiPoint"",""coordinates"":[]}"
20160224,2016-02-24,-9.060353780034739E-4,"{""type"":""MultiPoint"",""coordinates"":[]}"
20160225,2016-02-25,-8.899999290477849E-4,"{""type"":""MultiPoint"",""coordinates"":[]}"
20160226,2016-02-26,-9.178254589929734E-4,"{""type"":""MultiPoint"",""coordinates"":[]}"
20160227,2016-02-27,-9.500812712609205E-4,"{""type"":""MultiPoint"",""coordinates"":[]}"
20160228,2016-02-28,-0.0010000335233541233,"{""type"":""MultiPoint"",""coordinates"":[]}"
20160229,2016-02-29,-0.0010264341645202604,"{""type"":""MultiPoint"",""coordinates"":[]}"
20160301,2016-03-01,-0.0010162097228533598,"{""type"":""MultiPoint"",""coordinates"":[]}"
20160302,2016-03-02,-0.0010642377909878856,"{""type"":""MultiPoint"",""coordinates"":[]}"
20160303,2016-03-03,-0.0011148687652948802,"{""type"":""MultiPoint"",""coordinates"":[]}"
20160304,2016-03-04,-0.0011214023541038331,"{""type"":""MultiPoint"",""coordinates"":[]}"
20160305,2016-03-05,-0.0011330045747727873,"{""type"":""MultiPoint"",""coordinates"":[]}"
20160306,2016-03-06,-0.001139391245857946,"{""type"":""MultiPoint"",""coordinates"":[]}"
20160307,2016-03-07,-0.0011859807832873678,"{""type"":""MultiPoint"",""coordinates"":[]}"
20160308,2016-03-08,-0.0011785874455308314,"{""type"":""MultiPoint"",""coordinates"":[]}"
20160309,2016-03-09,-0.0011134099356643224,"{""type"":""MultiPoint"",""coordinates"":[]}"
20160310,2016-03-10,-0.0010798143364591638,"{""type"":""MultiPoint"",""coordinates"":[]}"
20160311,2016-03-11,-0.001076267394308339,"{""type"":""MultiPoint"",""coordinates"":[]}"
20160312,2016-03-12,-0.0011266989861356777,"{""type"":""MultiPoint"",""coordinates"":[]}"
20160313,2016-03-13,-0.001119917334957652,"{""type"":""MultiPoint"",""coordinates"":[]}"
20160314,2016-03-14,-0.0011811264907609915,"{""type"":""MultiPoint"",""coordinates"":[]}"
20160315,2016-03-15,-0.0012117010369709607,"{""type"":""MultiPoint"",""coordinates"":[]}"
20160316,2016-03-16,-0.0011779462596146766,"{""type"":""MultiPoint"",""coordinates"":[]}"
20160317,2016-03-17,-0.0011374175687266538,"{""type"":""MultiPoint"",""coordinates"":[]}"
20160318,2016-03-18,-0.0011545417974865634,"{""type"":""MultiPoint"",""coordinates"":[]}"
20160319,2016-03-19,-0.0011921123383981,"{""type"":""MultiPoint"",""coordinates"":[]}"
20160320,2016-03-20,-0.0011939587313476044,"{""type"":""MultiPoint"",""coordinates"":[]}"
20160321,2016-03-21,-0.0011952975542315432,"{""type"":""MultiPoint"",""coordinates"":[]}"
20160322,2016-03-22,-0.0012089757686765013,"{""type"":""MultiPoint"",""coordinates"":[]}"
20160323,2016-03-23,-0.0011652290797717767,"{""type"":""MultiPoint"",""coordinates"":[]}"
20160324,2016-03-24,-0.0011247921595029901,"{""type"":""MultiPoint"",""coordinates"":[]}"
20160325,2016-03-25,-0.0011471708015609308,"{""type"":""MultiPoint"",""coordinates"":[]}"
20160326,2016-03-26,-0.0011475750485071842,"{""type"":""MultiPoint"",""coordinates"":[]}"
20160327,2016-03-27,-0.0011108981857588902,"{""type"":""MultiPoint"",""coordinates"":[]}"
20160328,2016-03-28,-0.0011104776776496182,"{""type"":""MultiPoint"",""coordinates"":[]}"
20160329,2016-03-29,-0.0011853295554927138,"{""type"":""MultiPoint"",""coordinates"":[]}"
20160330,2016-03-30,-0.0011713259401690793,"{""type"":""MultiPoint"",""coordinates"":[]}"
20160331,2016-03-31,-0.0011348499052985818,"{""type"":""MultiPoint"",""coordinates"":[]}"
20160401,2016-04-01,-0.0011238028484698865,"{""type"":""MultiPoint"",""coordinates"":[]}"
20160402,2016-04-02,-0.001134862270241562,"{""type"":""MultiPoint"",""coordinates"":[]}"
20160403,2016-04-03,-0.0010978057901957967,"{""type"":""MultiPoint"",""coordinates"":[]}"
20160404,2016-04-04,-0.0011475357326378457,"{""type"":""MultiPoint"",""coordinates"":[]}"
20160405,2016-04-05,-0.0011692349001983938,"{""type"":""MultiPoint"",""coordinates"":[]}"
20160406,2016-04-06,-0.0012163433606599378,"{""type"":""MultiPoint"",""coordinates"":[]}"
20160407,2016-04-07,-0.0012659809515741414,"{""type"":""MultiPoint"",""coordinates"":[]}"
20160408,2016-04-08,-0.001280088865497257,"{""type"":""MultiPoint"",""coordinates"":[]}"
20160409,2016-04-09,-0.0012899032020027203,"{""type"":""MultiPoint"",""coordinates"":[]}"
20160410,2016-04-10,-0.0012640534314500326,"{""type"":""MultiPoint"",""coordinates"":[]}"
20160411,2016-04-11,-0.0012510991505872654,"{""type"":""MultiPoint"",""coordinates"":[]}"
20160412,2016-04-12,-0.0012673028640679534,"{""type"":""MultiPoint"",""coordinates"":[]}"
20160413,2016-04-13,-0.0012618562943973557,"{""type"":""MultiPoint"",""coordinates"":[]}"
20160414,2016-04-14,-0.0012065044580635961,"{""type"":""MultiPoint"",""coordinates"":[]}"
20160415,2016-04-15,-0.0011716716909493288,"{""type"":""MultiPoint"",""coordinates"":[]}"
20160416,2016-04-16,-0.001088805424286807,"{""type"":""MultiPoint"",""coordinates"":[]}"
20160417,2016-04-17,-0.0011252573911381303,"{""type"":""MultiPoint"",""coordinates"":[]}"
20160418,2016-04-18,-0.0011581321247872633,"{""type"":""MultiPoint"",""coordinates"":[]}"
20160419,2016-04-19,-0.0011440262563324503,"{""type"":""MultiPoint"",""coordinates"":[]}"
20160420,2016-04-20,-0.0011964105783857746,"{""type"":""MultiPoint"",""coordinates"":[]}"
20160421,2016-04-21,-0.0011983584900226692,"{""type"":""MultiPoint"",""coordinates"":[]}"
20160422,2016-04-22,-0.0012100150049321713,"{""type"":""MultiPoint"",""coordinates"":[]}"
20160423,2016-04-23,-0.001185471479911039,"{""type"":""MultiPoint"",""coordinates"":[]}"
20160424,2016-04-24,-0.0012166893763354177,"{""type"":""MultiPoint"",""coordinates"":[]}"
20160425,2016-04-25,-0.0012209010526587666,"{""type"":""MultiPoint"",""coordinates"":[]}"
20160426,2016-04-26,-0.0011892673396777349,"{""type"":""MultiPoint"",""coordinates"":[]}"
20160427,2016-04-27,-0.0011925800810049163,"{""type"":""MultiPoint"",""coordinates"":[]}"
20160428,2016-04-28,-0.001211734712905174,"{""type"":""MultiPoint"",""coordinates"":[]}"
20160429,2016-04-29,-0.0012789029861613001,"{""type"":""MultiPoint"",""coordinates"":[]}"
20160430,2016-04-30,-0.0012782467726172413,"{""type"":""MultiPoint"",""coordinates"":[]}"
20160501,2016-05-01,-0.0013173178065642355,"{""type"":""MultiPoint"",""coordinates"":[]}"
20160502,2016-05-02,-0.00127938590760735,"{""type"":""MultiPoint"",""coordinates"":[]}"
20160503,2016-05-03,-0.0013150019355490654,"{""type"":""MultiPoint"",""coordinates"":[]}"
20160504,2016-05-04,-0.0014268713636435555,"{""type"":""MultiPoint"",""coordinates"":[]}"
20160505,2016-05-05,-0.0015412123793819793,"{""type"":""MultiPoint"",""coordinates"":[]}"
20160506,2016-05-06,-0.0015682139129220625,"{""type"":""MultiPoint"",""coordinates"":[]}"
20160507,2016-05-07,-0.0015164791566317328,"{""type"":""MultiPoint"",""coordinates"":[]}"
20160508,2016-05-08,-0.0015521495272099906,"{""type"":""MultiPoint"",""coordinates"":[]}"
20160509,2016-05-09,-0.0015969838263619016,"{""type"":""MultiPoint"",""coordinates"":[]}"
20160510,2016-05-10,-0.0016030083426049923,"{""type"":""MultiPoint"",""coordinates"":[]}"
20160511,2016-05-11,-0.0016661468982755018,"{""type"":""MultiPoint"",""coordinates"":[]}"
20160512,2016-05-12,-0.0016067294080689585,"{""type"":""MultiPoint"",""coordinates"":[]}"
20160513,2016-05-13,-0.0015569509515026227,"{""type"":""MultiPoint"",""coordinates"":[]}"
20160514,2016-05-14,-0.0015033451011006885,"{""type"":""MultiPoint"",""coordinates"":[]}"
20160515,2016-05-15,-0.0014662812916778482,"{""type"":""MultiPoint"",""coordinates"":[]}"
20160516,2016-05-16,-0.001437437013363862,"{""type"":""MultiPoint"",""coordinates"":[]}"
20160517,2016-05-17,-0.0014581112840514143,"{""type"":""MultiPoint"",""coordinates"":[]}"
20160518,2016-05-18,-0.0015221855389418125,"{""type"":""MultiPoint"",""coordinates"":[]}"
20160519,2016-05-19,-0.0015479321426435254,"{""type"":""MultiPoint"",""coordinates"":[]}"
20160520,2016-05-20,-0.0014880421211279343,"{""type"":""MultiPoint"",""coordinates"":[]}"
20160521,2016-05-21,-0.0016166554362496794,"{""type"":""MultiPoint"",""coordinates"":[]}"
20160522,2016-05-22,-0.0017609240794950194,"{""type"":""MultiPoint"",""coordinates"":[]}"
20160523,2016-05-23,-0.001801718355137468,"{""type"":""MultiPoint"",""coordinates"":[]}"
20160524,2016-05-24,-0.0018349679424804544,"{""type"":""MultiPoint"",""coordinates"":[]}"
20160525,2016-05-25,-0.0017960087997848859,"{""type"":""MultiPoint"",""coordinates"":[]}"
20160526,2016-05-26,-0.0018007275275124803,"{""type"":""MultiPoint"",""coordinates"":[]}"
20160527,2016-05-27,-0.0018178966537962715,"{""type"":""MultiPoint"",""coordinates"":[]}"
20160528,2016-05-28,-0.0017526342468116782,"{""type"":""MultiPoint"",""coordinates"":[]}"
20160529,2016-05-29,-0.001763076742613064,"{""type"":""MultiPoint"",""coordinates"":[]}"
20160530,2016-05-30,-0.0018198311647807744,"{""type"":""MultiPoint"",""coordinates"":[]}"
20160531,2016-05-31,-0.001772617735752332,"{""type"":""MultiPoint"",""coordinates"":[]}"
20160601,2016-06-01,-0.0017889882046069718,"{""type"":""MultiPoint"",""coordinates"":[]}"
20160602,2016-06-02,-0.0018568250754665797,"{""type"":""MultiPoint"",""coordinates"":[]}"
20160603,2016-06-03,-0.001939024367401128,"{""type"":""MultiPoint"",""coordinates"":[]}"
20160604,2016-06-04,-0.0019575072025425156,"{""type"":""MultiPoint"",""coordinates"":[]}"
20160605,2016-06-05,-0.0019298690276784484,"{""type"":""MultiPoint"",""coordinates"":[]}"
20160606,2016-06-06,-0.0019177537661209086,"{""type"":""MultiPoint"",""coordinates"":[]}"
20160607,2016-06-07,-0.0018833151146729077,"{""type"":""MultiPoint"",""coordinates"":[]}"
20160608,2016-06-08,-0.0018170077375381153,"{""type"":""MultiPoint"",""coordinates"":[]}"
20160609,2016-06-09,-0.001866185317474655,"{""type"":""MultiPoint"",""coordinates"":[]}"
20160610,2016-06-10,-0.001968934981466587,"{""type"":""MultiPoint"",""coordinates"":[]}"
20160611,2016-06-11,-0.002023267527451207,"{""type"":""MultiPoint"",""coordinates"":[]}"
20160612,2016-06-12,-0.0020122898277794123,"{""type"":""MultiPoint"",""coordinates"":[]}"
20160613,2016-06-13,-0.001980177585725345,"{""type"":""MultiPoint"",""coordinates"":[]}"
20160614,2016-06-14,-0.0020001963770603513,"{""type"":""MultiPoint"",""coordinates"":[]}"
20160615,2016-06-15,-0.002064087072140397,"{""type"":""MultiPoint"",""coordinates"":[]}"
20160616,2016-06-16,-0.00205254488380178,"{""type"":""MultiPoint"",""coordinates"":[]}"
20160617,2016-06-17,-0.002156987345827596,"{""type"":""MultiPoint"",""coordinates"":[]}"
20160618,2016-06-18,-0.0021827594393807955,"{""type"":""MultiPoint"",""coordinates"":[]}"
20160619,2016-06-19,-0.0022567006487371278,"{""type"":""MultiPoint"",""coordinates"":[]}"
20160620,2016-06-20,-0.002343797529134124,"{""type"":""MultiPoint"",""coordinates"":[]}"
20160621,2016-06-21,-0.0024167793804653107,"{""type"":""MultiPoint"",""coordinates"":[]}"
20160622,2016-06-22,-0.0024426441528223497,"{""type"":""MultiPoint"",""coordinates"":[]}"
20160623,2016-06-23,-0.0025922780980949913,"{""type"":""MultiPoint"",""coordinates"":[]}"
20160624,2016-06-24,-0.0025875435252954546,"{""type"":""MultiPoint"",""coordinates"":[]}"
20160625,2016-06-25,-0.002591855295807711,"{""type"":""MultiPoint"",""coordinates"":[]}"
20160626,2016-06-26,-0.0026086805049369347,"{""type"":""MultiPoint"",""coordinates"":[]}"
20160627,2016-06-27,-0.002630724228505565,"{""type"":""MultiPoint"",""coordinates"":[]}"
20160628,2016-06-28,-0.002646626040933288,"{""type"":""MultiPoint"",""coordinates"":[]}"
20160629,2016-06-29,-0.0027764002443227526,"{""type"":""MultiPoint"",""coordinates"":[]}"
20160630,2016-06-30,-0.0027723054383986504,"{""type"":""MultiPoint"",""coordinates"":[]}"
20160701,2016-07-01,-0.002647051660915568,"{""type"":""MultiPoint"",""coordinates"":[]}"
20160702,2016-07-02,-0.0024007043231692566,"{""type"":""MultiPoint"",""coordinates"":[]}"
20160703,2016-07-03,-0.0023252375262141837,"{""type"":""MultiPoint"",""coordinates"":[]}"
20160704,2016-07-04,-0.002376532703885706,"{""type"":""MultiPoint"",""coordinates"":[]}"
20160705,2016-07-05,-0.0024167925786272074,"{""type"":""MultiPoint"",""coordinates"":[]}"
20160706,2016-07-06,-0.0025688698745013755,"{""type"":""MultiPoint"",""coordinates"":[]}"
20160707,2016-07-07,-0.002642957307507562,"{""type"":""MultiPoint"",""coordinates"":[]}"
20160708,2016-07-08,-0.0026396657754148064,"{""type"":""MultiPoint"",""coordinates"":[]}"
20160709,2016-07-09,-0.0025637994053519077,"{""type"":""MultiPoint"",""coordinates"":[]}"
20160710,2016-07-10,-0.0024788447395206565,"{""type"":""MultiPoint"",""coordinates"":[]}"
20160711,2016-07-11,-0.002420991804684332,"{""type"":""MultiPoint"",""coordinates"":[]}"
20160712,2016-07-12,-0.002453229766309897,"{""type"":""MultiPoint"",""coordinates"":[]}"
20160713,2016-07-13,-0.0026784606058519946,"{""type"":""MultiPoint"",""coordinates"":[]}"
20160714,2016-07-14,-0.0028264988329513947,"{""type"":""MultiPoint"",""coordinates"":[]}"
20160715,2016-07-15,-0.0027084220118168425,"{""type"":""MultiPoint"",""coordinates"":[]}"
20160716,2016-07-16,-0.0023420249665778254,"{""type"":""MultiPoint"",""coordinates"":[]}"
20160717,2016-07-17,-0.0023651244339636577,"{""type"":""MultiPoint"",""coordinates"":[]}"
20160718,2016-07-18,-0.002536628744626725,"{""type"":""MultiPoint"",""coordinates"":[]}"
20160719,2016-07-19,-0.002706574348171563,"{""type"":""MultiPoint"",""coordinates"":[]}"
20160720,2016-07-20,-0.002760938664398911,"{""type"":""MultiPoint"",""coordinates"":[]}"
20160721,2016-07-21,-0.0026611366531502584,"{""type"":""MultiPoint"",""coordinates"":[]}"
20160722,2016-07-22,-0.0024522792429295106,"{""type"":""MultiPoint"",""coordinates"":[]}"
20160723,2016-07-23,-0.0024172319831850687,"{""type"":""MultiPoint"",""coordinates"":[]}"
20160724,2016-07-24,-0.002510682563120005,"{""type"":""MultiPoint"",""coordinates"":[]}"
20160725,2016-07-25,-0.0025807664374974952,"{""type"":""MultiPoint"",""coordinates"":[]}"
20160726,2016-07-26,-0.0025306992500240206,"{""type"":""MultiPoint"",""coordinates"":[]}"
20160727,2016-07-27,-0.002480629055536952,"{""type"":""MultiPoint"",""coordinates"":[]}"
20160728,2016-07-28,-0.0027061252724946217,"{""type"":""MultiPoint"",""coordinates"":[]}"
20160729,2016-07-29,-0.0027042561302085366,"{""type"":""MultiPoint"",""coordinates"":[]}"
20160730,2016-07-30,-0.002638443903277601,"{""type"":""MultiPoint"",""coordinates"":[]}"
20160731,2016-07-31,-0.0026592254099359613,"{""type"":""MultiPoint"",""coordinates"":[]}"
20160801,2016-08-01,-0.0026308643269377955,"{""type"":""MultiPoint"",""coordinates"":[]}"
20160802,2016-08-02,-0.002629700801650948,"{""type"":""MultiPoint"",""coordinates"":[]}"
20160803,2016-08-03,-0.002756859960955918,"{""type"":""MultiPoint"",""coordinates"":[]}"
20160804,2016-08-04,-0.002882505045105187,"{""type"":""MultiPoint"",""coordinates"":[]}"
20160805,2016-08-05,-0.002860510003451268,"{""type"":""MultiPoint"",""coordinates"":[]}"
20160806,2016-08-06,-0.002747353260515718,"{""type"":""MultiPoint"",""coordinates"":[]}"
20160807,2016-08-07,-0.00263624481535929,"{""type"":""MultiPoint"",""coordinates"":[]}"
20160808,2016-08-08,-0.002806716741262825,"{""type"":""MultiPoint"",""coordinates"":[]}"
20160809,2016-08-09,-0.002777442591330067,"{""type"":""MultiPoint"",""coordinates"":[]}"
20160810,2016-08-10,-0.0027636273972160372,"{""type"":""MultiPoint"",""coordinates"":[]}"
20160811,2016-08-11,-0.0027430185213635746,"{""type"":""MultiPoint"",""coordinates"":[]}"
20160812,2016-08-12,-0.0028698146766381765,"{""type"":""MultiPoint"",""coordinates"":[]}"
20160813,2016-08-13,-0.0029291478779713584,"{""type"":""MultiPoint"",""coordinates"":[]}"
20160814,2016-08-14,-0.0028745988599705482,"{""type"":""MultiPoint"",""coordinates"":[]}"
20160815,2016-08-15,-0.0029216663720253184,"{""type"":""MultiPoint"",""coordinates"":[]}"
20160816,2016-08-16,-0.0029543917622883932,"{""type"":""MultiPoint"",""coordinates"":[]}"
20160817,2016-08-17,-0.002808702687285222,"{""type"":""MultiPoint"",""coordinates"":[]}"
20160818,2016-08-18,-0.00277066109043587,"{""type"":""MultiPoint"",""coordinates"":[]}"
20160819,2016-08-19,-0.0029205627366521944,"{""type"":""MultiPoint"",""coordinates"":[]}"
20160820,2016-08-20,-0.002839739017961297,"{""type"":""MultiPoint"",""coordinates"":[]}"
20160821,2016-08-21,-0.0028490344894682887,"{""type"":""MultiPoint"",""coordinates"":[]}"
20160822,2016-08-22,-0.00280455088088512,"{""type"":""MultiPoint"",""coordinates"":[]}"
20160823,2016-08-23,-0.002814282783579641,"{""type"":""MultiPoint"",""coordinates"":[]}"
20160824,2016-08-24,-0.002843725706753107,"{""type"":""MultiPoint"",""coordinates"":[]}"
20160825,2016-08-25,-0.002962797784745237,"{""type"":""MultiPoint"",""coordinates"":[]}"
20160826,2016-08-26,-0.002881311639627613,"{""type"":""MultiPoint"",""coordinates"":[]}"
20160827,2016-08-27,-0.0028897110133295004,"{""type"":""MultiPoint"",""coordinates"":[]}"
20160828,2016-08-28,-0.0029112562878103893,"{""type"":""MultiPoint"",""coordinates"":[]}"
20160829,2016-08-29,-0.0028845347069172147,"{""type"":""MultiPoint"",""coordinates"":[]}"
20160830,2016-08-30,-0.002771582249032186,"{""type"":""MultiPoint"",""coordinates"":[]}"
20160831,2016-08-31,-0.0026305195143670477,"{""type"":""MultiPoint"",""coordinates"":[]}"
20160901,2016-09-01,-0.0026502398816971233,"{""type"":""MultiPoint"",""coordinates"":[]}"
20160902,2016-09-02,-0.002783708951735466,"{""type"":""MultiPoint"",""coordinates"":[]}"
20160903,2016-09-03,-0.002808768419194433,"{""type"":""MultiPoint"",""coordinates"":[]}"
20160904,2016-09-04,-0.002738544378927831,"{""type"":""MultiPoint"",""coordinates"":[]}"
20160905,2016-09-05,-0.00284826350109685,"{""type"":""MultiPoint"",""coordinates"":[]}"
20160906,2016-09-06,-0.0028195055782721658,"{""type"":""MultiPoint"",""coordinates"":[]}"
20160907,2016-09-07,-0.002738348979857089,"{""type"":""MultiPoint"",""coordinates"":[]}"
20160908,2016-09-08,-0.0026936046397624414,"{""type"":""MultiPoint"",""coordinates"":[]}"
20160909,2016-09-09,-0.0027329617970499923,"{""type"":""MultiPoint"",""coordinates"":[]}"
20160910,2016-09-10,-0.002633690266765791,"{""type"":""MultiPoint"",""coordinates"":[]}"
20160911,2016-09-11,-0.0024377990340587042,"{""type"":""MultiPoint"",""coordinates"":[]}"
20160912,2016-09-12,-0.0023662003693070695,"{""type"":""MultiPoint"",""coordinates"":[]}"
20160913,2016-09-13,-0.0023573816725152535,"{""type"":""MultiPoint"",""coordinates"":[]}"
20160914,2016-09-14,-0.0024744530557880367,"{""type"":""MultiPoint"",""coordinates"":[]}"
20160915,2016-09-15,-0.0025231060896353454,"{""type"":""MultiPoint"",""coordinates"":[]}"
20160916,2016-09-16,-0.00249961776922024,"{""type"":""MultiPoint"",""coordinates"":[]}"
20160917,2016-09-17,-0.002424645949526704,"{""type"":""MultiPoint"",""coordinates"":[]}"
20160918,2016-09-18,-0.0024017193294182254,"{""type"":""MultiPoint"",""coordinates"":[]}"
20160919,2016-09-19,-0.002443681152148501,"{""type"":""MultiPoint"",""coordinates"":[]}"
20160920,2016-09-20,-0.0023532153941763006,"{""type"":""MultiPoint"",""coordinates"":[]}"
20160921,2016-09-21,-0.002161304713087169,"{""type"":""MultiPoint"",""coordinates"":[]}"
20160922,2016-09-22,-0.002180697922773831,"{""type"":""MultiPoint"",""coordinates"":[]}"
20160923,2016-09-23,-0.0022226828531610753,"{""type"":""MultiPoint"",""coordinates"":[]}"
20160924,2016-09-24,-0.00213198035968048,"{""type"":""MultiPoint"",""coordinates"":[]}"
20160925,2016-09-25,-0.0020579528343404358,"{""type"":""MultiPoint"",""coordinates"":[]}"
20160926,2016-09-26,-0.002059265101055423,"{""type"":""MultiPoint"",""coordinates"":[]}"
20160927,2016-09-27,-0.002134944243799966,"{""type"":""MultiPoint"",""coordinates"":[]}"
20160928,2016-09-28,-0.0021972865808781144,"{""type"":""MultiPoint"",""coordinates"":[]}"
20160929,2016-09-29,-0.0021974947808620286,"{""type"":""MultiPoint"",""coordinates"":[]}"
20160930,2016-09-30,-0.0022299285546885585,"{""type"":""MultiPoint"",""coordinates"":[]}"
20161001,2016-10-01,-0.0022203666964971556,"{""type"":""MultiPoint"",""coordinates"":[]}"
20161002,2016-10-02,-0.002279546457266596,"{""type"":""MultiPoint"",""coordinates"":[]}"
20161003,2016-10-03,-0.002348377773774867,"{""type"":""MultiPoint"",""coordinates"":[]}"
20161004,2016-10-04,-0.002328722278831434,"{""type"":""MultiPoint"",""coordinates"":[]}"
20161005,2016-10-05,-0.0022469488392619884,"{""type"":""MultiPoint"",""coordinates"":[]}"
20161006,2016-10-06,-0.002162695317070507,"{""type"":""MultiPoint"",""coordinates"":[]}"
20161007,2016-10-07,-0.0021820681054915583,"{""type"":""MultiPoint"",""coordinates"":[]}"
20161008,2016-10-08,-0.0020414900649767856,"{""type"":""MultiPoint"",""coordinates"":[]}"
20161009,2016-10-09,-0.0020834312278027916,"{""type"":""MultiPoint"",""coordinates"":[]}"
20161010,2016-10-10,-0.0020854760544308684,"{""type"":""MultiPoint"",""coordinates"":[]}"
20161011,2016-10-11,-0.0021429208035239644,"{""type"":""MultiPoint"",""coordinates"":[]}"
20161012,2016-10-12,-0.002117005246096439,"{""type"":""MultiPoint"",""coordinates"":[]}"
20161013,2016-10-13,-0.0021390488992504746,"{""type"":""MultiPoint"",""coordinates"":[]}"
20161014,2016-10-14,-0.0022252760999550954,"{""type"":""MultiPoint"",""coordinates"":[]}"
20161015,2016-10-15,-0.0022702015360920383,"{""type"":""MultiPoint"",""coordinates"":[]}"
20161016,2016-10-16,-0.0022283424954033485,"{""type"":""MultiPoint"",""coordinates"":[]}"
20161017,2016-10-17,-0.0022110598916183642,"{""type"":""MultiPoint"",""coordinates"":[]}"
20161018,2016-10-18,-0.002197560473224779,"{""type"":""MultiPoint"",""coordinates"":[]}"
20161019,2016-10-19,-0.0021865530939184133,"{""type"":""MultiPoint"",""coordinates"":[]}"
20161020,2016-10-20,-0.0021451114931252658,"{""type"":""MultiPoint"",""coordinates"":[]}"
20161021,2016-10-21,-0.002072546842266843,"{""type"":""MultiPoint"",""coordinates"":[]}"
20161022,2016-10-22,-0.0020305716238841493,"{""type"":""MultiPoint"",""coordinates"":[]}"
20161023,2016-10-23,-0.0020016564162927517,"{""type"":""MultiPoint"",""coordinates"":[]}"
20161024,2016-10-24,-0.0019082716558197206,"{""type"":""MultiPoint"",""coordinates"":[]}"
20161025,2016-10-25,-0.0018666187614088416,"{""type"":""MultiPoint"",""coordinates"":[]}"
20161026,2016-10-26,-0.0017995661150420406,"{""type"":""MultiPoint"",""coordinates"":[]}"
20161027,2016-10-27,-0.0017170179417504415,"{""type"":""MultiPoint"",""coordinates"":[]}"
20161028,2016-10-28,-0.00163524418458954,"{""type"":""MultiPoint"",""coordinates"":[]}"
20161029,2016-10-29,-0.0015761244005762078,"{""type"":""MultiPoint"",""coordinates"":[]}"
20161030,2016-10-30,-0.0016192938905660952,"{""type"":""MultiPoint"",""coordinates"":[]}"
20161031,2016-10-31,-0.001645052085782621,"{""type"":""MultiPoint"",""coordinates"":[]}"
20161101,2016-11-01,-0.0016950130491219587,"{""type"":""MultiPoint"",""coordinates"":[]}"
20161102,2016-11-02,-0.0016560958500613703,"{""type"":""MultiPoint"",""coordinates"":[]}"
20161103,2016-11-03,-0.0015920074002019947,"{""type"":""MultiPoint"",""coordinates"":[]}"
20161104,2016-11-04,-0.001459578273343425,"{""type"":""MultiPoint"",""coordinates"":[]}"
20161105,2016-11-05,-0.0014612749199541327,"{""type"":""MultiPoint"",""coordinates"":[]}"
20161106,2016-11-06,-0.0014632330483119495,"{""type"":""MultiPoint"",""coordinates"":[]}"
20161107,2016-11-07,-0.0014828054938424574,"{""type"":""MultiPoint"",""coordinates"":[]}"
20161108,2016-11-08,-0.001462710746316829,"{""type"":""MultiPoint"",""coordinates"":[]}"
20161109,2016-11-09,-0.0014419895393353501,"{""type"":""MultiPoint"",""coordinates"":[]}"
20161110,2016-11-10,-0.0013730493763105176,"{""type"":""MultiPoint"",""coordinates"":[]}"
20161111,2016-11-11,-0.0013278690313064325,"{""type"":""MultiPoint"",""coordinates"":[]}"
20161112,2016-11-12,-0.0013112130077256737,"{""type"":""MultiPoint"",""coordinates"":[]}"
20161113,2016-11-13,-0.0013248849706202705,"{""type"":""MultiPoint"",""coordinates"":[]}"
20161114,2016-11-14,-0.0013122487935020195,"{""type"":""MultiPoint"",""coordinates"":[]}"
20161115,2016-11-15,-0.0013211232525265407,"{""type"":""MultiPoint"",""coordinates"":[]}"
20161116,2016-11-16,-0.0013293139312645559,"{""type"":""MultiPoint"",""coordinates"":[]}"
20161117,2016-11-17,-0.0013090712151554904,"{""type"":""MultiPoint"",""coordinates"":[]}"
20161118,2016-11-18,-0.0012771516156613154,"{""type"":""MultiPoint"",""coordinates"":[]}"
20161119,2016-11-19,-0.00121261840825198,"{""type"":""MultiPoint"",""coordinates"":[]}"
20161120,2016-11-20,-0.0011909159138425434,"{""type"":""MultiPoint"",""coordinates"":[]}"
20161121,2016-11-21,-0.001177927345699134,"{""type"":""MultiPoint"",""coordinates"":[]}"
20161122,2016-11-22,-0.0011827444982179399,"{""type"":""MultiPoint"",""coordinates"":[]}"
20161123,2016-11-23,-0.0011520434072905912,"{""type"":""MultiPoint"",""coordinates"":[]}"
20161124,2016-11-24,-0.001138497509188946,"{""type"":""MultiPoint"",""coordinates"":[]}"
20161125,2016-11-25,-0.0011015925406146795,"{""type"":""MultiPoint"",""coordinates"":[]}"
20161126,2016-11-26,-0.001084824742897505,"{""type"":""MultiPoint"",""coordinates"":[]}"
20161127,2016-11-27,-0.0010592292719435563,"{""type"":""MultiPoint"",""coordinates"":[]}"
20161128,2016-11-28,-9.921196349072956E-4,"{""type"":""MultiPoint"",""coordinates"":[]}"
20161129,2016-11-29,-9.548198408520593E-4,"{""type"":""MultiPoint"",""coordinates"":[]}"
20161130,2016-11-30,-9.420314559245648E-4,"{""type"":""MultiPoint"",""coordinates"":[]}"
20161201,2016-12-01,-9.235991909981369E-4,"{""type"":""MultiPoint"",""coordinates"":[]}"
20161202,2016-12-02,-9.268416881319413E-4,"{""type"":""MultiPoint"",""coordinates"":[]}"
20161203,2016-12-03,-9.424265430546997E-4,"{""type"":""MultiPoint"",""coordinates"":[]}"
20161204,2016-12-04,-9.791096752140007E-4,"{""type"":""MultiPoint"",""coordinates"":[]}"
20161205,2016-12-05,-9.871931569292046E-4,"{""type"":""MultiPoint"",""coordinates"":[]}"
20161206,2016-12-06,-9.858439764265025E-4,"{""type"":""MultiPoint"",""coordinates"":[]}"
20161207,2016-12-07,-9.637131061610032E-4,"{""type"":""MultiPoint"",""coordinates"":[]}"
20161208,2016-12-08,-9.280100655844037E-4,"{""type"":""MultiPoint"",""coordinates"":[]}"
20161209,2016-12-09,-9.169277831707366E-4,"{""type"":""MultiPoint"",""coordinates"":[]}"
20161210,2016-12-10,-9.110347171627873E-4,"{""type"":""MultiPoint"",""coordinates"":[]}"
20161211,2016-12-11,-9.054346624406476E-4,"{""type"":""MultiPoint"",""coordinates"":[]}"
20161212,2016-12-12,-8.898315198653506E-4,"{""type"":""MultiPoint"",""coordinates"":[]}"
20161213,2016-12-13,-8.625627749069764E-4,"{""type"":""MultiPoint"",""coordinates"":[]}"
20161214,2016-12-14,-8.580724989725824E-4,"{""type"":""MultiPoint"",""coordinates"":[]}"
20161215,2016-12-15,-8.82496460392755E-4,"{""type"":""MultiPoint"",""coordinates"":[]}"
20161216,2016-12-16,-8.732996852066069E-4,"{""type"":""MultiPoint"",""coordinates"":[]}"
20161217,2016-12-17,-8.623125912203531E-4,"{""type"":""MultiPoint"",""coordinates"":[]}"
20161218,2016-12-18,-8.412666428146375E-4,"{""type"":""MultiPoint"",""coordinates"":[]}"
20161219,2016-12-19,-8.317940696111095E-4,"{""type"":""MultiPoint"",""coordinates"":[]}"
20161220,2016-12-20,-8.17912180291251E-4,"{""type"":""MultiPoint"",""coordinates"":[]}"
20161221,2016-12-21,-8.334934561520326E-4,"{""type"":""MultiPoint"",""coordinates"":[]}"
20161222,2016-12-22,-8.519769734707515E-4,"{""type"":""MultiPoint"",""coordinates"":[]}"
20161223,2016-12-23,-8.064004660237533E-4,"{""type"":""MultiPoint"",""coordinates"":[]}"
20161224,2016-12-24,-7.760831703008176E-4,"{""type"":""MultiPoint"",""coordinates"":[]}"
20161225,2016-12-25,-7.896733851272517E-4,"{""type"":""MultiPoint"",""coordinates"":[]}"
20161226,2016-12-26,-7.782467343641044E-4,"{""type"":""MultiPoint"",""coordinates"":[]}"
20161227,2016-12-27,-7.777929828483907E-4,"{""type"":""MultiPoint"",""coordinates"":[]}"
20161228,2016-12-28,-7.533891530936772E-4,"{""type"":""MultiPoint"",""coordinates"":[]}"
20161229,2016-12-29,-7.666354054585912E-4,"{""type"":""MultiPoint"",""coordinates"":[]}"
20161230,2016-12-30,-7.563483711323172E-4,"{""type"":""MultiPoint"",""coordinates"":[]}"
20161231,2016-12-31,-7.361182277491034E-4,"{""type"":""MultiPoint"",""coordinates"":[]}"
20170101,2017-01-01,-7.253003833118898E-4,"{""type"":""MultiPoint"",""coordinates"":[]}"
20170102,2017-01-02,-7.331859159644693E-4,"{""type"":""MultiPoint"",""coordinates"":[]}"
20170103,2017-01-03,-7.250691065430143E-4,"{""type"":""MultiPoint"",""coordinates"":[]}"
20170104,2017-01-04,-7.557786870580601E-4,"{""type"":""MultiPoint"",""coordinates"":[]}"
20170105,2017-01-05,-7.571843329995808E-4,"{""type"":""MultiPoint"",""coordinates"":[]}"
20170106,2017-01-06,-7.728310548450063E-4,"{""type"":""MultiPoint"",""coordinates"":[]}"
20170107,2017-01-07,-7.82617509656059E-4,"{""type"":""MultiPoint"",""coordinates"":[]}"
20170108,2017-01-08,-7.671848895729775E-4,"{""type"":""MultiPoint"",""coordinates"":[]}"
20170109,2017-01-09,-7.595320316530261E-4,"{""type"":""MultiPoint"",""coordinates"":[]}"
20170110,2017-01-10,-7.151067033159773E-4,"{""type"":""MultiPoint"",""coordinates"":[]}"
20170111,2017-01-11,-7.268927486429471E-4,"{""type"":""MultiPoint"",""coordinates"":[]}"
20170112,2017-01-12,-7.326317470696505E-4,"{""type"":""MultiPoint"",""coordinates"":[]}"
20170113,2017-01-13,-7.265194553000243E-4,"{""type"":""MultiPoint"",""coordinates"":[]}"
20170114,2017-01-14,-7.352462620700003E-4,"{""type"":""MultiPoint"",""coordinates"":[]}"
20170115,2017-01-15,-7.602408154394822E-4,"{""type"":""MultiPoint"",""coordinates"":[]}"
20170116,2017-01-16,-7.582599518045309E-4,"{""type"":""MultiPoint"",""coordinates"":[]}"
20170117,2017-01-17,-7.507027754763433E-4,"{""type"":""MultiPoint"",""coordinates"":[]}"
20170118,2017-01-18,-7.549758017755481E-4,"{""type"":""MultiPoint"",""coordinates"":[]}"
20170119,2017-01-19,-7.532322256735216E-4,"{""type"":""MultiPoint"",""coordinates"":[]}"
20170120,2017-01-20,-7.544434977682071E-4,"{""type"":""MultiPoint"",""coordinates"":[]}"
20170121,2017-01-21,-7.506397763098366E-4,"{""type"":""MultiPoint"",""coordinates"":[]}"
20170122,2017-01-22,-7.864098879384919E-4,"{""type"":""MultiPoint"",""coordinates"":[]}"
20170123,2017-01-23,-7.652809197248159E-4,"{""type"":""MultiPoint"",""coordinates"":[]}"
20170124,2017-01-24,-7.714963774699126E-4,"{""type"":""MultiPoint"",""coordinates"":[]}"
20170125,2017-01-25,-7.943557624256926E-4,"{""type"":""MultiPoint"",""coordinates"":[]}"
20170126,2017-01-26,-8.268211471186454E-4,"{""type"":""MultiPoint"",""coordinates"":[]}"
20170127,2017-01-27,-8.375182299607578E-4,"{""type"":""MultiPoint"",""coordinates"":[]}"
20170128,2017-01-28,-8.875319400911311E-4,"{""type"":""MultiPoint"",""coordinates"":[]}"
20170129,2017-01-29,-9.026557148398318E-4,"{""type"":""MultiPoint"",""coordinates"":[]}"
20170130,2017-01-30,-8.914130209427274E-4,"{""type"":""MultiPoint"",""coordinates"":[]}"
20170131,2017-01-31,-9.039457844545475E-4,"{""type"":""MultiPoint"",""coordinates"":[]}"
20170201,2017-02-01,-9.145460895097245E-4,"{""type"":""MultiPoint"",""coordinates"":[]}"
20170202,2017-02-02,-8.865745827984513E-4,"{""type"":""MultiPoint"",""coordinates"":[]}"
20170203,2017-02-03,-8.890695304909132E-4,"{""type"":""MultiPoint"",""coordinates"":[]}"
20170204,2017-02-04,-9.421107008818165E-4,"{""type"":""MultiPoint"",""coordinates"":[]}"
20170205,2017-02-05,-9.426786142760695E-4,"{""type"":""MultiPoint"",""coordinates"":[]}"
20170206,2017-02-06,-9.108710090099193E-4,"{""type"":""MultiPoint"",""coordinates"":[]}"
20170207,2017-02-07,-8.886254979801271E-4,"{""type"":""MultiPoint"",""coordinates"":[]}"
20170208,2017-02-08,-8.893024998592472E-4,"{""type"":""MultiPoint"",""coordinates"":[]}"
20170209,2017-02-09,-8.893689467633218E-4,"{""type"":""MultiPoint"",""coordinates"":[]}"
20170210,2017-02-10,-8.776628293150468E-4,"{""type"":""MultiPoint"",""coordinates"":[]}"
20170211,2017-02-11,-8.74385525157587E-4,"{""type"":""MultiPoint"",""coordinates"":[]}"
20170212,2017-02-12,-8.647309821093725E-4,"{""type"":""MultiPoint"",""coordinates"":[]}"
20170213,2017-02-13,-8.659457880942865E-4,"{""type"":""MultiPoint"",""coordinates"":[]}"
20170214,2017-02-14,-8.600525388328658E-4,"{""type"":""MultiPoint"",""coordinates"":[]}"
20170215,2017-02-15,-8.841957019429032E-4,"{""type"":""MultiPoint"",""coordinates"":[]}"
20170216,2017-02-16,-8.979323846522286E-4,"{""type"":""MultiPoint"",""coordinates"":[]}"
20170217,2017-02-17,-9.017720098520533E-4,"{""type"":""MultiPoint"",""coordinates"":[]}"
20170218,2017-02-18,-8.920855301877509E-4,"{""type"":""MultiPoint"",""coordinates"":[]}"
20170219,2017-02-19,-9.012028456069116E-4,"{""type"":""MultiPoint"",""coordinates"":[]}"
20170220,2017-02-20,-8.994053043950919E-4,"{""type"":""MultiPoint"",""coordinates"":[]}"
20170221,2017-02-21,-9.025253608314529E-4,"{""type"":""MultiPoint"",""coordinates"":[]}"
20170222,2017-02-22,-9.246421847463394E-4,"{""type"":""MultiPoint"",""coordinates"":[]}"
20170223,2017-02-23,-9.432532783494406E-4,"{""type"":""MultiPoint"",""coordinates"":[]}"
20170224,2017-02-24,-9.377455864700669E-4,"{""type"":""MultiPoint"",""coordinates"":[]}"
20170225,2017-02-25,-9.189185290621157E-4,"{""type"":""MultiPoint"",""coordinates"":[]}"
20170226,2017-02-26,-8.815810649913543E-4,"{""type"":""MultiPoint"",""coordinates"":[]}"
20170227,2017-02-27,-8.966998171173E-4,"{""type"":""MultiPoint"",""coordinates"":[]}"
20170228,2017-02-28,-9.058446759832443E-4,"{""type"":""MultiPoint"",""coordinates"":[]}"
20170301,2017-03-01,-9.180770414580155E-4,"{""type"":""MultiPoint"",""coordinates"":[]}"
20170302,2017-03-02,-9.211591306231369E-4,"{""type"":""MultiPoint"",""coordinates"":[]}"
20170303,2017-03-03,-9.185228545482041E-4,"{""type"":""MultiPoint"",""coordinates"":[]}"
20170304,2017-03-04,-9.215180121371621E-4,"{""type"":""MultiPoint"",""coordinates"":[]}"
20170305,2017-03-05,-9.34238577641685E-4,"{""type"":""MultiPoint"",""coordinates"":[]}"
20170306,2017-03-06,-9.394317423648958E-4,"{""type"":""MultiPoint"",""coordinates"":[]}"
20170307,2017-03-07,-9.581357253043339E-4,"{""type"":""MultiPoint"",""coordinates"":[]}"
20170308,2017-03-08,-9.65596775591611E-4,"{""type"":""MultiPoint"",""coordinates"":[]}"
20170309,2017-03-09,-9.98358554112714E-4,"{""type"":""MultiPoint"",""coordinates"":[]}"
20170310,2017-03-10,-0.001035794197569249,"{""type"":""MultiPoint"",""coordinates"":[]}"
20170311,2017-03-11,-0.001078612649714081,"{""type"":""MultiPoint"",""coordinates"":[]}"
20170312,2017-03-12,-0.0011829699505778186,"{""type"":""MultiPoint"",""coordinates"":[]}"
20170313,2017-03-13,-0.0012409970109864186,"{""type"":""MultiPoint"",""coordinates"":[]}"
20170314,2017-03-14,-0.0012137492400139305,"{""type"":""MultiPoint"",""coordinates"":[]}"
20170315,2017-03-15,-0.0012026329736479053,"{""type"":""MultiPoint"",""coordinates"":[]}"
20170316,2017-03-16,-0.0012433725991496248,"{""type"":""MultiPoint"",""coordinates"":[]}"
20170317,2017-03-17,-0.0012237815928921147,"{""type"":""MultiPoint"",""coordinates"":[]}"
20170318,2017-03-18,-0.0011926539948165268,"{""type"":""MultiPoint"",""coordinates"":[]}"
20170319,2017-03-19,-0.0011668360073587552,"{""type"":""MultiPoint"",""coordinates"":[]}"
20170320,2017-03-20,-0.001096239095001784,"{""type"":""MultiPoint"",""coordinates"":[]}"
20170321,2017-03-21,-0.0011627915975322527,"{""type"":""MultiPoint"",""coordinates"":[]}"
20170322,2017-03-22,-0.0011718967887372838,"{""type"":""MultiPoint"",""coordinates"":[]}"
20170323,2017-03-23,-0.0012133335561026295,"{""type"":""MultiPoint"",""coordinates"":[]}"
20170324,2017-03-24,-0.0011791800462610277,"{""type"":""MultiPoint"",""coordinates"":[]}"
20170325,2017-03-25,-0.0011379854876088418,"{""type"":""MultiPoint"",""coordinates"":[]}"
20170326,2017-03-26,-0.0011599940049548947,"{""type"":""MultiPoint"",""coordinates"":[]}"
20170327,2017-03-27,-0.0011708297011550235,"{""type"":""MultiPoint"",""coordinates"":[]}"
20170328,2017-03-28,-0.0011254713192004008,"{""type"":""MultiPoint"",""coordinates"":[]}"
20170329,2017-03-29,-0.0011119615959298771,"{""type"":""MultiPoint"",""coordinates"":[]}"
20170330,2017-03-30,-0.0011117599149829275,"{""type"":""MultiPoint"",""coordinates"":[]}"
20170331,2017-03-31,-0.001186429394390277,"{""type"":""MultiPoint"",""coordinates"":[]}"
20170401,2017-04-01,-0.0011306836130975224,"{""type"":""MultiPoint"",""coordinates"":[]}"
20170402,2017-04-02,-0.0011398255846165478,"{""type"":""MultiPoint"",""coordinates"":[]}"
20170403,2017-04-03,-0.0011476002521269453,"{""type"":""MultiPoint"",""coordinates"":[]}"
20170404,2017-04-04,-0.0011258826126058572,"{""type"":""MultiPoint"",""coordinates"":[]}"
20170405,2017-04-05,-0.0011535166080989707,"{""type"":""MultiPoint"",""coordinates"":[]}"
20170406,2017-04-06,-0.0012033336823419605,"{""type"":""MultiPoint"",""coordinates"":[]}"
20170407,2017-04-07,-0.0012293855805010896,"{""type"":""MultiPoint"",""coordinates"":[]}"
20170408,2017-04-08,-0.0012776918061931442,"{""type"":""MultiPoint"",""coordinates"":[]}"
20170409,2017-04-09,-0.0013074633674590253,"{""type"":""MultiPoint"",""coordinates"":[]}"
20170410,2017-04-10,-0.0012845143786805895,"{""type"":""MultiPoint"",""coordinates"":[]}"
20170411,2017-04-11,-0.0012812946618974586,"{""type"":""MultiPoint"",""coordinates"":[]}"
20170412,2017-04-12,-0.0012831898558875417,"{""type"":""MultiPoint"",""coordinates"":[]}"
20170413,2017-04-13,-0.0012682316452232382,"{""type"":""MultiPoint"",""coordinates"":[]}"
20170414,2017-04-14,-0.0012495607664973845,"{""type"":""MultiPoint"",""coordinates"":[]}"
20170415,2017-04-15,-0.00122255660107058,"{""type"":""MultiPoint"",""coordinates"":[]}"
20170416,2017-04-16,-0.0012567105939126247,"{""type"":""MultiPoint"",""coordinates"":[]}"
20170417,2017-04-17,-0.0013116115528707926,"{""type"":""MultiPoint"",""coordinates"":[]}"
20170418,2017-04-18,-0.0013229347040625988,"{""type"":""MultiPoint"",""coordinates"":[]}"
20170419,2017-04-19,-0.0012262688037312627,"{""type"":""MultiPoint"",""coordinates"":[]}"
20170420,2017-04-20,-0.0012661592282377189,"{""type"":""MultiPoint"",""coordinates"":[]}"
20170421,2017-04-21,-0.0012693195131447755,"{""type"":""MultiPoint"",""coordinates"":[]}"
20170422,2017-04-22,-0.0012723798986663834,"{""type"":""MultiPoint"",""coordinates"":[]}"
20170423,2017-04-23,-0.0013373153503128247,"{""type"":""MultiPoint"",""coordinates"":[]}"
20170424,2017-04-24,-0.001353359866088004,"{""type"":""MultiPoint"",""coordinates"":[]}"
20170425,2017-04-25,-0.0014007757268505912,"{""type"":""MultiPoint"",""coordinates"":[]}"
20170426,2017-04-26,-0.0014469856072433563,"{""type"":""MultiPoint"",""coordinates"":[]}"
20170427,2017-04-27,-0.0014529145803728004,"{""type"":""MultiPoint"",""coordinates"":[]}"
20170428,2017-04-28,-0.0014479581052538016,"{""type"":""MultiPoint"",""coordinates"":[]}"
20170429,2017-04-29,-0.0014461009018004486,"{""type"":""MultiPoint"",""coordinates"":[]}"
20170430,2017-04-30,-0.0014253919983376862,"{""type"":""MultiPoint"",""coordinates"":[]}"
20170501,2017-05-01,-0.0014357289244321797,"{""type"":""MultiPoint"",""coordinates"":[]}"
20170502,2017-05-02,-0.0014223780425053239,"{""type"":""MultiPoint"",""coordinates"":[]}"
20170503,2017-05-03,-0.0013848833980124038,"{""type"":""MultiPoint"",""coordinates"":[]}"
20170504,2017-05-04,-0.001394161176267357,"{""type"":""MultiPoint"",""coordinates"":[]}"
20170505,2017-05-05,-0.0014317323381474267,"{""type"":""MultiPoint"",""coordinates"":[]}"
20170506,2017-05-06,-0.00142901271481959,"{""type"":""MultiPoint"",""coordinates"":[]}"
20170507,2017-05-07,-0.0014753140758454921,"{""type"":""MultiPoint"",""coordinates"":[]}"
20170508,2017-05-08,-0.0015051971501505645,"{""type"":""MultiPoint"",""coordinates"":[]}"
20170509,2017-05-09,-0.0015182929870371452,"{""type"":""MultiPoint"",""coordinates"":[]}"
20170510,2017-05-10,-0.0015810696684906427,"{""type"":""MultiPoint"",""coordinates"":[]}"
20170511,2017-05-11,-0.0016560250191207811,"{""type"":""MultiPoint"",""coordinates"":[]}"
20170512,2017-05-12,-0.00169851415235602,"{""type"":""MultiPoint"",""coordinates"":[]}"
20170513,2017-05-13,-0.0017243010444594187,"{""type"":""MultiPoint"",""coordinates"":[]}"
20170514,2017-05-14,-0.0016615026415039778,"{""type"":""MultiPoint"",""coordinates"":[]}"
20170515,2017-05-15,-0.0016294848644031325,"{""type"":""MultiPoint"",""coordinates"":[]}"
20170516,2017-05-16,-0.0015882853893550927,"{""type"":""MultiPoint"",""coordinates"":[]}"
20170517,2017-05-17,-0.0016486904438391616,"{""type"":""MultiPoint"",""coordinates"":[]}"
20170518,2017-05-18,-0.0016732767340286853,"{""type"":""MultiPoint"",""coordinates"":[]}"
20170519,2017-05-19,-0.0017254816692785584,"{""type"":""MultiPoint"",""coordinates"":[]}"
20170520,2017-05-20,-0.001751634446396914,"{""type"":""MultiPoint"",""coordinates"":[]}"
20170521,2017-05-21,-0.0017334589093057121,"{""type"":""MultiPoint"",""coordinates"":[]}"
20170522,2017-05-22,-0.0017202243234015725,"{""type"":""MultiPoint"",""coordinates"":[]}"
20170523,2017-05-23,-0.0016867249735809432,"{""type"":""MultiPoint"",""coordinates"":[]}"
20170524,2017-05-24,-0.0017178592152785942,"{""type"":""MultiPoint"",""coordinates"":[]}"
20170525,2017-05-25,-0.0017359314282592545,"{""type"":""MultiPoint"",""coordinates"":[]}"
20170526,2017-05-26,-0.00169866630169435,"{""type"":""MultiPoint"",""coordinates"":[]}"
20170527,2017-05-27,-0.0017068528164656414,"{""type"":""MultiPoint"",""coordinates"":[]}"
20170528,2017-05-28,-0.0017345198466651468,"{""type"":""MultiPoint"",""coordinates"":[]}"
20170529,2017-05-29,-0.0017827164006158451,"{""type"":""MultiPoint"",""coordinates"":[]}"
20170530,2017-05-30,-0.0015719643792883348,"{""type"":""MultiPoint"",""coordinates"":[]}"
20170531,2017-05-31,-0.0016476732557757564,"{""type"":""MultiPoint"",""coordinates"":[]}"
20170601,2017-06-01,-0.0018013534159008013,"{""type"":""MultiPoint"",""coordinates"":[]}"
20170602,2017-06-02,-0.0018963730369251034,"{""type"":""MultiPoint"",""coordinates"":[]}"
20170603,2017-06-03,-0.001983475463838389,"{""type"":""MultiPoint"",""coordinates"":[]}"
20170604,2017-06-04,-0.002018252052568893,"{""type"":""MultiPoint"",""coordinates"":[]}"
20170605,2017-06-05,-0.0019215277192433271,"{""type"":""MultiPoint"",""coordinates"":[]}"
20170606,2017-06-06,-0.002036716206553002,"{""type"":""MultiPoint"",""coordinates"":[]}"
20170607,2017-06-07,-0.0022110676655065363,"{""type"":""MultiPoint"",""coordinates"":[]}"
20170608,2017-06-08,-0.002230422816582193,"{""type"":""MultiPoint"",""coordinates"":[]}"
20170609,2017-06-09,-0.0022708778648583405,"{""type"":""MultiPoint"",""coordinates"":[]}"
20170610,2017-06-10,-0.0022381466133700122,"{""type"":""MultiPoint"",""coordinates"":[]}"
20170611,2017-06-11,-0.0021679303966186106,"{""type"":""MultiPoint"",""coordinates"":[]}"
20170612,2017-06-12,-0.0020781419720215595,"{""type"":""MultiPoint"",""coordinates"":[]}"
20170613,2017-06-13,-0.002017529493002737,"{""type"":""MultiPoint"",""coordinates"":[]}"
20170614,2017-06-14,-0.002049464216635152,"{""type"":""MultiPoint"",""coordinates"":[]}"
20170615,2017-06-15,-0.0021454299273530094,"{""type"":""MultiPoint"",""coordinates"":[]}"
20170616,2017-06-16,-0.0019811335527298696,"{""type"":""MultiPoint"",""coordinates"":[]}"
20170617,2017-06-17,-0.0021445549857660347,"{""type"":""MultiPoint"",""coordinates"":[]}"
20170618,2017-06-18,-0.0022744317564910854,"{""type"":""MultiPoint"",""coordinates"":[]}"
20170619,2017-06-19,-0.002201500401799068,"{""type"":""MultiPoint"",""coordinates"":[]}"
20170620,2017-06-20,-0.002200038364380035,"{""type"":""MultiPoint"",""coordinates"":[]}"
20170621,2017-06-21,-0.002312540649373754,"{""type"":""MultiPoint"",""coordinates"":[]}"
20170622,2017-06-22,-0.0024863709331358246,"{""type"":""MultiPoint"",""coordinates"":[]}"
20170623,2017-06-23,-0.00257004777158497,"{""type"":""MultiPoint"",""coordinates"":[]}"
20170624,2017-06-24,-0.0025765137778740173,"{""type"":""MultiPoint"",""coordinates"":[]}"
20170625,2017-06-25,-0.0025304409524853698,"{""type"":""MultiPoint"",""coordinates"":[]}"
20170626,2017-06-26,-0.002587883447856779,"{""type"":""MultiPoint"",""coordinates"":[]}"
20170627,2017-06-27,-0.0025959963883765472,"{""type"":""MultiPoint"",""coordinates"":[]}"
20170628,2017-06-28,-0.002566045796170336,"{""type"":""MultiPoint"",""coordinates"":[]}"
20170629,2017-06-29,-0.0027166271684406634,"{""type"":""MultiPoint"",""coordinates"":[]}"
20170630,2017-06-30,-0.002635652861024784,"{""type"":""MultiPoint"",""coordinates"":[]}"
20170701,2017-07-01,-0.002607468456832667,"{""type"":""MultiPoint"",""coordinates"":[]}"
20170702,2017-07-02,-0.0025385555392028634,"{""type"":""MultiPoint"",""coordinates"":[]}"
20170703,2017-07-03,-0.002482841654510577,"{""type"":""MultiPoint"",""coordinates"":[]}"
20170704,2017-07-04,-0.002461134332870479,"{""type"":""MultiPoint"",""coordinates"":[]}"
20170705,2017-07-05,-0.002485972917658562,"{""type"":""MultiPoint"",""coordinates"":[]}"
20170706,2017-07-06,-0.0025291176462593867,"{""type"":""MultiPoint"",""coordinates"":[]}"
20170707,2017-07-07,-0.0025799275512381915,"{""type"":""MultiPoint"",""coordinates"":[]}"
20170708,2017-07-08,-0.002720279695097267,"{""type"":""MultiPoint"",""coordinates"":[]}"
20170709,2017-07-09,-0.0026082174685571127,"{""type"":""MultiPoint"",""coordinates"":[]}"
20170710,2017-07-10,-0.002476599230132523,"{""type"":""MultiPoint"",""coordinates"":[]}"
20170711,2017-07-11,-0.0022934567804182276,"{""type"":""MultiPoint"",""coordinates"":[]}"
20170712,2017-07-12,-0.0023164121306646942,"{""type"":""MultiPoint"",""coordinates"":[]}"
20170713,2017-07-13,-0.002525639000451049,"{""type"":""MultiPoint"",""coordinates"":[]}"
20170714,2017-07-14,-0.002751861922781969,"{""type"":""MultiPoint"",""coordinates"":[]}"
20170715,2017-07-15,-0.0027871452990050954,"{""type"":""MultiPoint"",""coordinates"":[]}"
20170716,2017-07-16,-0.0028485355268264997,"{""type"":""MultiPoint"",""coordinates"":[]}"
20170717,2017-07-17,-0.0028950978068862402,"{""type"":""MultiPoint"",""coordinates"":[]}"
20170718,2017-07-18,-0.0029717879914427986,"{""type"":""MultiPoint"",""coordinates"":[]}"
20170719,2017-07-19,-0.0029502631690668927,"{""type"":""MultiPoint"",""coordinates"":[]}"
20170720,2017-07-20,-0.002794193878385785,"{""type"":""MultiPoint"",""coordinates"":[]}"
20170721,2017-07-21,-0.002807852669578906,"{""type"":""MultiPoint"",""coordinates"":[]}"
20170722,2017-07-22,-0.002747321066002563,"{""type"":""MultiPoint"",""coordinates"":[]}"
20170723,2017-07-23,-0.0025871224303612855,"{""type"":""MultiPoint"",""coordinates"":[]}"
20170724,2017-07-24,-0.0025298184637408618,"{""type"":""MultiPoint"",""coordinates"":[]}"
20170725,2017-07-25,-0.0025393945002381998,"{""type"":""MultiPoint"",""coordinates"":[]}"
20170726,2017-07-26,-0.002592647857454085,"{""type"":""MultiPoint"",""coordinates"":[]}"
20170727,2017-07-27,-0.002731636255609366,"{""type"":""MultiPoint"",""coordinates"":[]}"
20170728,2017-07-28,-0.0027625267217788792,"{""type"":""MultiPoint"",""coordinates"":[]}"
20170729,2017-07-29,-0.0027482703211839043,"{""type"":""MultiPoint"",""coordinates"":[]}"
20170730,2017-07-30,-0.0028596927763608285,"{""type"":""MultiPoint"",""coordinates"":[]}"
20170731,2017-07-31,-0.002969892834229886,"{""type"":""MultiPoint"",""coordinates"":[]}"
20170801,2017-08-01,-0.0030365859641227795,"{""type"":""MultiPoint"",""coordinates"":[]}"
20170802,2017-08-02,-0.002967648645266701,"{""type"":""MultiPoint"",""coordinates"":[]}"
20170803,2017-08-03,-0.0029000188910183458,"{""type"":""MultiPoint"",""coordinates"":[]}"
20170804,2017-08-04,-0.0027452288894519185,"{""type"":""MultiPoint"",""coordinates"":[]}"
20170805,2017-08-05,-0.002712482129400608,"{""type"":""MultiPoint"",""coordinates"":[]}"
20170806,2017-08-06,-0.0026504016903592677,"{""type"":""MultiPoint"",""coordinates"":[]}"
20170807,2017-08-07,-0.0025742014076545593,"{""type"":""MultiPoint"",""coordinates"":[]}"
20170808,2017-08-08,-0.00256825490789208,"{""type"":""MultiPoint"",""coordinates"":[]}"
20170809,2017-08-09,-0.002445437546750678,"{""type"":""MultiPoint"",""coordinates"":[]}"
20170810,2017-08-10,-0.0025369095860789488,"{""type"":""MultiPoint"",""coordinates"":[]}"
20170811,2017-08-11,-0.0026492305542189297,"{""type"":""MultiPoint"",""coordinates"":[]}"
20170812,2017-08-12,-0.0025370754667544118,"{""type"":""MultiPoint"",""coordinates"":[]}"
20170813,2017-08-13,-0.002533086462566405,"{""type"":""MultiPoint"",""coordinates"":[]}"
20170814,2017-08-14,-0.002617325667632507,"{""type"":""MultiPoint"",""coordinates"":[]}"
20170815,2017-08-15,-0.0028240943084065053,"{""type"":""MultiPoint"",""coordinates"":[]}"
20170816,2017-08-16,-0.0027550369451881896,"{""type"":""MultiPoint"",""coordinates"":[]}"
20170817,2017-08-17,-0.00280636895954201,"{""type"":""MultiPoint"",""coordinates"":[]}"
20170818,2017-08-18,-0.0026606609718029532,"{""type"":""MultiPoint"",""coordinates"":[]}"
20170819,2017-08-19,-0.002586250403025924,"{""type"":""MultiPoint"",""coordinates"":[]}"
20170820,2017-08-20,-0.002671890164388223,"{""type"":""MultiPoint"",""coordinates"":[]}"
20170821,2017-08-21,-0.002759995083383974,"{""type"":""MultiPoint"",""coordinates"":[]}"
20170822,2017-08-22,-0.0027462983943764723,"{""type"":""MultiPoint"",""coordinates"":[]}"
20170823,2017-08-23,-0.0028403564872391406,"{""type"":""MultiPoint"",""coordinates"":[]}"
20170824,2017-08-24,-0.0027824552695335063,"{""type"":""MultiPoint"",""coordinates"":[]}"
20170825,2017-08-25,-0.0026760057060323476,"{""type"":""MultiPoint"",""coordinates"":[]}"
20170826,2017-08-26,-0.002629541900672381,"{""type"":""MultiPoint"",""coordinates"":[]}"
20170827,2017-08-27,-0.0026380074247200954,"{""type"":""MultiPoint"",""coordinates"":[]}"
20170828,2017-08-28,-0.002492363218977497,"{""type"":""MultiPoint"",""coordinates"":[]}"
20170829,2017-08-29,-0.0025485606431476047,"{""type"":""MultiPoint"",""coordinates"":[]}"
20170830,2017-08-30,-0.0027807223856632177,"{""type"":""MultiPoint"",""coordinates"":[]}"
20170831,2017-08-31,-0.0027623528341571978,"{""type"":""MultiPoint"",""coordinates"":[]}"
20170901,2017-09-01,-0.0026544000922471816,"{""type"":""MultiPoint"",""coordinates"":[]}"
20170902,2017-09-02,-0.0026470350331831032,"{""type"":""MultiPoint"",""coordinates"":[]}"
20170903,2017-09-03,-0.002748480341473436,"{""type"":""MultiPoint"",""coordinates"":[]}"
20170904,2017-09-04,-0.0029373165748747235,"{""type"":""MultiPoint"",""coordinates"":[]}"
20170905,2017-09-05,-0.002958195463479918,"{""type"":""MultiPoint"",""coordinates"":[]}"
20170906,2017-09-06,-0.0028854706740904044,"{""type"":""MultiPoint"",""coordinates"":[]}"
20170907,2017-09-07,-0.0028433950714057943,"{""type"":""MultiPoint"",""coordinates"":[]}"
20170908,2017-09-08,-0.002871075968138407,"{""type"":""MultiPoint"",""coordinates"":[]}"
20170909,2017-09-09,-0.002864320989401595,"{""type"":""MultiPoint"",""coordinates"":[]}"
20170910,2017-09-10,-0.0027689168428290927,"{""type"":""MultiPoint"",""coordinates"":[]}"
20170911,2017-09-11,-0.0027867966069002785,"{""type"":""MultiPoint"",""coordinates"":[]}"
20170912,2017-09-12,-0.002729033059079908,"{""type"":""MultiPoint"",""coordinates"":[]}"
20170913,2017-09-13,-0.0026361791211736785,"{""type"":""MultiPoint"",""coordinates"":[]}"
20170914,2017-09-14,-0.002637336350790183,"{""type"":""MultiPoint"",""coordinates"":[]}"
20170915,2017-09-15,-0.002739770218053416,"{""type"":""MultiPoint"",""coordinates"":[]}"
20170916,2017-09-16,-0.0027714212529411407,"{""type"":""MultiPoint"",""coordinates"":[]}"
20170917,2017-09-17,-0.002577104428370232,"{""type"":""MultiPoint"",""coordinates"":[]}"
20170918,2017-09-18,-0.0024084634734417307,"{""type"":""MultiPoint"",""coordinates"":[]}"
20170919,2017-09-19,-0.0025609676456671135,"{""type"":""MultiPoint"",""coordinates"":[]}"
20170920,2017-09-20,-0.0024110730881138835,"{""type"":""MultiPoint"",""coordinates"":[]}"
20170921,2017-09-21,-0.0022573025028723268,"{""type"":""MultiPoint"",""coordinates"":[]}"
20170922,2017-09-22,-0.002340799492922657,"{""type"":""MultiPoint"",""coordinates"":[]}"
20170923,2017-09-23,-0.0025464042490231406,"{""type"":""MultiPoint"",""coordinates"":[]}"
20170924,2017-09-24,-0.002606361294764879,"{""type"":""MultiPoint"",""coordinates"":[]}"
20170925,2017-09-25,-0.002597865784612783,"{""type"":""MultiPoint"",""coordinates"":[]}"
20170926,2017-09-26,-0.0026023764431686324,"{""type"":""MultiPoint"",""coordinates"":[]}"
20170927,2017-09-27,-0.0024972639076568477,"{""type"":""MultiPoint"",""coordinates"":[]}"
20170928,2017-09-28,-0.0024215567539924055,"{""type"":""MultiPoint"",""coordinates"":[]}"
20170929,2017-09-29,-0.00233359654023601,"{""type"":""MultiPoint"",""coordinates"":[]}"
20170930,2017-09-30,-0.002364252724243594,"{""type"":""MultiPoint"",""coordinates"":[]}"
20171001,2017-10-01,-0.0023799537778856367,"{""type"":""MultiPoint"",""coordinates"":[]}"
20171002,2017-10-02,-0.002322905430275483,"{""type"":""MultiPoint"",""coordinates"":[]}"
20171003,2017-10-03,-0.00233655359033326,"{""type"":""MultiPoint"",""coordinates"":[]}"
20171004,2017-10-04,-0.0024469336245137273,"{""type"":""MultiPoint"",""coordinates"":[]}"
20171005,2017-10-05,-0.0024029894510405776,"{""type"":""MultiPoint"",""coordinates"":[]}"
20171006,2017-10-06,-0.002307430794179173,"{""type"":""MultiPoint"",""coordinates"":[]}"
20171007,2017-10-07,-0.002278496053360748,"{""type"":""MultiPoint"",""coordinates"":[]}"
20171008,2017-10-08,-0.002219856556326744,"{""type"":""MultiPoint"",""coordinates"":[]}"
20171009,2017-10-09,-0.0021367838260122054,"{""type"":""MultiPoint"",""coordinates"":[]}"
20171010,2017-10-10,-0.002114546038826945,"{""type"":""MultiPoint"",""coordinates"":[]}"
20171011,2017-10-11,-0.0020866841164957016,"{""type"":""MultiPoint"",""coordinates"":[]}"
20171012,2017-10-12,-0.0020013274867341844,"{""type"":""MultiPoint"",""coordinates"":[]}"
20171013,2017-10-13,-0.002042113116660108,"{""type"":""MultiPoint"",""coordinates"":[]}"
20171014,2017-10-14,-0.002087104402375056,"{""type"":""MultiPoint"",""coordinates"":[]}"
20171015,2017-10-15,-0.0021327388784160503,"{""type"":""MultiPoint"",""coordinates"":[]}"
20171016,2017-10-16,-0.002169233516294695,"{""type"":""MultiPoint"",""coordinates"":[]}"
20171017,2017-10-17,-0.002203231520707442,"{""type"":""MultiPoint"",""coordinates"":[]}"
20171018,2017-10-18,-0.0021306747505969734,"{""type"":""MultiPoint"",""coordinates"":[]}"
20171019,2017-10-19,-0.0020311541113815193,"{""type"":""MultiPoint"",""coordinates"":[]}"
20171020,2017-10-20,-0.0018338710465775998,"{""type"":""MultiPoint"",""coordinates"":[]}"
20171021,2017-10-21,-0.0018451968767209165,"{""type"":""MultiPoint"",""coordinates"":[]}"
20171022,2017-10-22,-0.0018879463267797334,"{""type"":""MultiPoint"",""coordinates"":[]}"
20171023,2017-10-23,-0.0019661242945193287,"{""type"":""MultiPoint"",""coordinates"":[]}"
20171024,2017-10-24,-0.001950206090085016,"{""type"":""MultiPoint"",""coordinates"":[]}"
20171025,2017-10-25,-0.001876826659756722,"{""type"":""MultiPoint"",""coordinates"":[]}"
20171026,2017-10-26,-0.0018684051086483963,"{""type"":""MultiPoint"",""coordinates"":[]}"
20171027,2017-10-27,-0.001816520697117819,"{""type"":""MultiPoint"",""coordinates"":[]}"
20171028,2017-10-28,-0.0017895282484009436,"{""type"":""MultiPoint"",""coordinates"":[]}"
20171029,2017-10-29,-0.0017295557252952425,"{""type"":""MultiPoint"",""coordinates"":[]}"
20171030,2017-10-30,-0.0016672192009101656,"{""type"":""MultiPoint"",""coordinates"":[]}"
20171031,2017-10-31,-0.0016140264976028584,"{""type"":""MultiPoint"",""coordinates"":[]}"
20171101,2017-11-01,-0.001624417664380179,"{""type"":""MultiPoint"",""coordinates"":[]}"
20171102,2017-11-02,-0.0016493489718361223,"{""type"":""MultiPoint"",""coordinates"":[]}"
20171103,2017-11-03,-0.0016558389368338659,"{""type"":""MultiPoint"",""coordinates"":[]}"
20171104,2017-11-04,-0.0016013295138454957,"{""type"":""MultiPoint"",""coordinates"":[]}"
20171105,2017-11-05,-0.001581069108470821,"{""type"":""MultiPoint"",""coordinates"":[]}"
20171106,2017-11-06,-0.0015358873640826613,"{""type"":""MultiPoint"",""coordinates"":[]}"
20171107,2017-11-07,-0.0015433179406930632,"{""type"":""MultiPoint"",""coordinates"":[]}"
20171108,2017-11-08,-0.0015307330537715185,"{""type"":""MultiPoint"",""coordinates"":[]}"
20171109,2017-11-09,-0.001513113905806277,"{""type"":""MultiPoint"",""coordinates"":[]}"
20171110,2017-11-10,-0.0015145357742319392,"{""type"":""MultiPoint"",""coordinates"":[]}"
20171111,2017-11-11,-0.0014572002491725082,"{""type"":""MultiPoint"",""coordinates"":[]}"
20171112,2017-11-12,-0.00143066033353453,"{""type"":""MultiPoint"",""coordinates"":[]}"
20171113,2017-11-13,-0.001428163808640958,"{""type"":""MultiPoint"",""coordinates"":[]}"
20171114,2017-11-14,-0.0013938579686783477,"{""type"":""MultiPoint"",""coordinates"":[]}"
20171115,2017-11-15,-0.0012784580265888953,"{""type"":""MultiPoint"",""coordinates"":[]}"
20171116,2017-11-16,-0.0011994498965697735,"{""type"":""MultiPoint"",""coordinates"":[]}"
20171117,2017-11-17,-0.0012197554415129003,"{""type"":""MultiPoint"",""coordinates"":[]}"
20171118,2017-11-18,-0.001245447813710727,"{""type"":""MultiPoint"",""coordinates"":[]}"
20171119,2017-11-19,-0.0012426391060303202,"{""type"":""MultiPoint"",""coordinates"":[]}"
20171120,2017-11-20,-0.001266328512684839,"{""type"":""MultiPoint"",""coordinates"":[]}"
20171121,2017-11-21,-0.0013020815422023733,"{""type"":""MultiPoint"",""coordinates"":[]}"
20171122,2017-11-22,-0.0012639338493984449,"{""type"":""MultiPoint"",""coordinates"":[]}"
20171123,2017-11-23,-0.001248005329558419,"{""type"":""MultiPoint"",""coordinates"":[]}"
20171124,2017-11-24,-0.0012158427895149558,"{""type"":""MultiPoint"",""coordinates"":[]}"
20171125,2017-11-25,-0.0011954529625709555,"{""type"":""MultiPoint"",""coordinates"":[]}"
20171126,2017-11-26,-0.0011507997191572427,"{""type"":""MultiPoint"",""coordinates"":[]}"
20171127,2017-11-27,-0.001140923235709951,"{""type"":""MultiPoint"",""coordinates"":[]}"
20171128,2017-11-28,-0.0011430269493898084,"{""type"":""MultiPoint"",""coordinates"":[]}"
20171129,2017-11-29,-0.001128791638152025,"{""type"":""MultiPoint"",""coordinates"":[]}"
20171130,2017-11-30,-0.0010836289336970555,"{""type"":""MultiPoint"",""coordinates"":[]}"
20171201,2017-12-01,-0.0010425782727016015,"{""type"":""MultiPoint"",""coordinates"":[]}"
20171202,2017-12-02,-0.001052430745398115,"{""type"":""MultiPoint"",""coordinates"":[]}"
20171203,2017-12-03,-0.0010253253586546829,"{""type"":""MultiPoint"",""coordinates"":[]}"
20171204,2017-12-04,-0.0010197241915169974,"{""type"":""MultiPoint"",""coordinates"":[]}"
20171205,2017-12-05,-0.001023673284752384,"{""type"":""MultiPoint"",""coordinates"":[]}"
20171206,2017-12-06,-9.875182988635966E-4,"{""type"":""MultiPoint"",""coordinates"":[]}"
20171207,2017-12-07,-0.0010109774817696907,"{""type"":""MultiPoint"",""coordinates"":[]}"
20171208,2017-12-08,-0.0010098710189974218,"{""type"":""MultiPoint"",""coordinates"":[]}"
20171209,2017-12-09,-9.672208871446672E-4,"{""type"":""MultiPoint"",""coordinates"":[]}"
20171210,2017-12-10,-9.634678178488237E-4,"{""type"":""MultiPoint"",""coordinates"":[]}"
20171211,2017-12-11,-9.96434076975464E-4,"{""type"":""MultiPoint"",""coordinates"":[]}"
20171212,2017-12-12,-0.0010106422494979349,"{""type"":""MultiPoint"",""coordinates"":[]}"
20171213,2017-12-13,-0.0010298345551188026,"{""type"":""MultiPoint"",""coordinates"":[]}"
20171214,2017-12-14,-0.0010444328683553307,"{""type"":""MultiPoint"",""coordinates"":[]}"
20171215,2017-12-15,-0.0010292262816463792,"{""type"":""MultiPoint"",""coordinates"":[]}"
20171216,2017-12-16,-0.0010406927136420573,"{""type"":""MultiPoint"",""coordinates"":[]}"
20171217,2017-12-17,-0.0010238470939578467,"{""type"":""MultiPoint"",""coordinates"":[]}"
20171218,2017-12-18,-0.0010014206909398273,"{""type"":""MultiPoint"",""coordinates"":[]}"
20171219,2017-12-19,-9.494345219737502E-4,"{""type"":""MultiPoint"",""coordinates"":[]}"
20171220,2017-12-20,-9.229231281824557E-4,"{""type"":""MultiPoint"",""coordinates"":[]}"
20171221,2017-12-21,-9.057307539483995E-4,"{""type"":""MultiPoint"",""coordinates"":[]}"
20171222,2017-12-22,-9.023524115657216E-4,"{""type"":""MultiPoint"",""coordinates"":[]}"
20171223,2017-12-23,-8.904220913940165E-4,"{""type"":""MultiPoint"",""coordinates"":[]}"
20171224,2017-12-24,-8.988202651334332E-4,"{""type"":""MultiPoint"",""coordinates"":[]}"
20171225,2017-12-25,-8.898252102750065E-4,"{""type"":""MultiPoint"",""coordinates"":[]}"
20171226,2017-12-26,-8.895963182705072E-4,"{""type"":""MultiPoint"",""coordinates"":[]}"
20171227,2017-12-27,-8.849367134806573E-4,"{""type"":""MultiPoint"",""coordinates"":[]}"
20171228,2017-12-28,-8.840249263758593E-4,"{""type"":""MultiPoint"",""coordinates"":[]}"
20171229,2017-12-29,-8.513067554112989E-4,"{""type"":""MultiPoint"",""coordinates"":[]}"
20171230,2017-12-30,-8.476339231843919E-4,"{""type"":""MultiPoint"",""coordinates"":[]}"
20171231,2017-12-31,-8.25080520484531E-4,"{""type"":""MultiPoint"",""coordinates"":[]}"
20180101,2018-01-01,-7.634590894254284E-4,"{""type"":""MultiPoint"",""coordinates"":[]}"
20180102,2018-01-02,-7.543307958548817E-4,"{""type"":""MultiPoint"",""coordinates"":[]}"
20180103,2018-01-03,-7.649581193854243E-4,"{""type"":""MultiPoint"",""coordinates"":[]}"
20180104,2018-01-04,-7.967565641502776E-4,"{""type"":""MultiPoint"",""coordinates"":[]}"
20180105,2018-01-05,-8.161233515617003E-4,"{""type"":""MultiPoint"",""coordinates"":[]}"
20180106,2018-01-06,-8.084055336565613E-4,"{""type"":""MultiPoint"",""coordinates"":[]}"
20180107,2018-01-07,-7.985998581678676E-4,"{""type"":""MultiPoint"",""coordinates"":[]}"
20180108,2018-01-08,-8.043828493816102E-4,"{""type"":""MultiPoint"",""coordinates"":[]}"
20180109,2018-01-09,-7.94259615746676E-4,"{""type"":""MultiPoint"",""coordinates"":[]}"
20180110,2018-01-10,-8.057040643787294E-4,"{""type"":""MultiPoint"",""coordinates"":[]}"
20180111,2018-01-11,-8.175533346882922E-4,"{""type"":""MultiPoint"",""coordinates"":[]}"
20180112,2018-01-12,-8.025298943178277E-4,"{""type"":""MultiPoint"",""coordinates"":[]}"
20180113,2018-01-13,-7.755202190863927E-4,"{""type"":""MultiPoint"",""coordinates"":[]}"
20180114,2018-01-14,-7.866093154749711E-4,"{""type"":""MultiPoint"",""coordinates"":[]}"
20180115,2018-01-15,-7.905239880022085E-4,"{""type"":""MultiPoint"",""coordinates"":[]}"
20180116,2018-01-16,-8.027535830787712E-4,"{""type"":""MultiPoint"",""coordinates"":[]}"
20180117,2018-01-17,-8.124091247430923E-4,"{""type"":""MultiPoint"",""coordinates"":[]}"
20180118,2018-01-18,-8.28423741315271E-4,"{""type"":""MultiPoint"",""coordinates"":[]}"
20180119,2018-01-19,-8.209921395480765E-4,"{""type"":""MultiPoint"",""coordinates"":[]}"
20180120,2018-01-20,-8.090394336390497E-4,"{""type"":""MultiPoint"",""coordinates"":[]}"
20180121,2018-01-21,-8.124754671491566E-4,"{""type"":""MultiPoint"",""coordinates"":[]}"
20180122,2018-01-22,-7.984475163285359E-4,"{""type"":""MultiPoint"",""coordinates"":[]}"
20180123,2018-01-23,-8.101229913896915E-4,"{""type"":""MultiPoint"",""coordinates"":[]}"
20180124,2018-01-24,-8.041613088265616E-4,"{""type"":""MultiPoint"",""coordinates"":[]}"
20180125,2018-01-25,-8.087428799400532E-4,"{""type"":""MultiPoint"",""coordinates"":[]}"
20180126,2018-01-26,-7.992603766910446E-4,"{""type"":""MultiPoint"",""coordinates"":[]}"
20180127,2018-01-27,-7.881622466202683E-4,"{""type"":""MultiPoint"",""coordinates"":[]}"
20180128,2018-01-28,-7.847690236937907E-4,"{""type"":""MultiPoint"",""coordinates"":[]}"
20180129,2018-01-29,-7.872196163030805E-4,"{""type"":""MultiPoint"",""coordinates"":[]}"
20180130,2018-01-30,-8.080965831833019E-4,"{""type"":""MultiPoint"",""coordinates"":[]}"
20180131,2018-01-31,-7.973824939816618E-4,"{""type"":""MultiPoint"",""coordinates"":[]}"
20180201,2018-02-01,-8.158007946980163E-4,"{""type"":""MultiPoint"",""coordinates"":[]}"
20180202,2018-02-02,-7.887173705928362E-4,"{""type"":""MultiPoint"",""coordinates"":[]}"
20180203,2018-02-03,-7.992195850832142E-4,"{""type"":""MultiPoint"",""coordinates"":[]}"
20180204,2018-02-04,-7.932632555715527E-4,"{""type"":""MultiPoint"",""coordinates"":[]}"
20180205,2018-02-05,-7.7867318847092E-4,"{""type"":""MultiPoint"",""coordinates"":[]}"
20180206,2018-02-06,-7.778160411310424E-4,"{""type"":""MultiPoint"",""coordinates"":[]}"
20180207,2018-02-07,-7.52490693707944E-4,"{""type"":""MultiPoint"",""coordinates"":[]}"
20180208,2018-02-08,-8.100339706302428E-4,"{""type"":""MultiPoint"",""coordinates"":[]}"
20180209,2018-02-09,-8.209930844787583E-4,"{""type"":""MultiPoint"",""coordinates"":[]}"
20180210,2018-02-10,-7.977864693467212E-4,"{""type"":""MultiPoint"",""coordinates"":[]}"
20180211,2018-02-11,-8.667315220483123E-4,"{""type"":""MultiPoint"",""coordinates"":[]}"
20180212,2018-02-12,-9.378381010022334E-4,"{""type"":""MultiPoint"",""coordinates"":[]}"
20180213,2018-02-13,-9.63864170092096E-4,"{""type"":""MultiPoint"",""coordinates"":[]}"
20180214,2018-02-14,-9.753703845882743E-4,"{""type"":""MultiPoint"",""coordinates"":[]}"
20180215,2018-02-15,-0.0010013683045962541,"{""type"":""MultiPoint"",""coordinates"":[]}"
20180216,2018-02-16,-0.0010000721241030406,"{""type"":""MultiPoint"",""coordinates"":[]}"
20180217,2018-02-17,-9.851871919502409E-4,"{""type"":""MultiPoint"",""coordinates"":[]}"
20180218,2018-02-18,-9.952712728051535E-4,"{""type"":""MultiPoint"",""coordinates"":[]}"
20180219,2018-02-19,-9.766720630286587E-4,"{""type"":""MultiPoint"",""coordinates"":[]}"
20180220,2018-02-20,-9.649030327263848E-4,"{""type"":""MultiPoint"",""coordinates"":[]}"
20180221,2018-02-21,-9.551821799224208E-4,"{""type"":""MultiPoint"",""coordinates"":[]}"
20180222,2018-02-22,-9.362402041795014E-4,"{""type"":""MultiPoint"",""coordinates"":[]}"
20180223,2018-02-23,-9.295273219717354E-4,"{""type"":""MultiPoint"",""coordinates"":[]}"
20180224,2018-02-24,-9.635469556382127E-4,"{""type"":""MultiPoint"",""coordinates"":[]}"
20180225,2018-02-25,-9.89062697591369E-4,"{""type"":""MultiPoint"",""coordinates"":[]}"
20180226,2018-02-26,-9.913466869137918E-4,"{""type"":""MultiPoint"",""coordinates"":[]}"
20180227,2018-02-27,-0.0010082670968345352,"{""type"":""MultiPoint"",""coordinates"":[]}"
20180228,2018-02-28,-9.702098587998974E-4,"{""type"":""MultiPoint"",""coordinates"":[]}"
20180301,2018-03-01,-9.746655148766648E-4,"{""type"":""MultiPoint"",""coordinates"":[]}"
20180302,2018-03-02,-0.0010151736570628322,"{""type"":""MultiPoint"",""coordinates"":[]}"
20180303,2018-03-03,-0.0010006770500122024,"{""type"":""MultiPoint"",""coordinates"":[]}"
20180304,2018-03-04,-9.896117569412157E-4,"{""type"":""MultiPoint"",""coordinates"":[]}"
20180305,2018-03-05,-9.90214790087903E-4,"{""type"":""MultiPoint"",""coordinates"":[]}"
20180306,2018-03-06,-0.001028714668985386,"{""type"":""MultiPoint"",""coordinates"":[]}"
20180307,2018-03-07,-0.0010176551347918794,"{""type"":""MultiPoint"",""coordinates"":[]}"
20180308,2018-03-08,-9.919108010914704E-4,"{""type"":""MultiPoint"",""coordinates"":[]}"
20180309,2018-03-09,-9.938368917485987E-4,"{""type"":""MultiPoint"",""coordinates"":[]}"
20180310,2018-03-10,-9.908047618402934E-4,"{""type"":""MultiPoint"",""coordinates"":[]}"
20180311,2018-03-11,-9.704439839911101E-4,"{""type"":""MultiPoint"",""coordinates"":[]}"
20180312,2018-03-12,-9.551346664531175E-4,"{""type"":""MultiPoint"",""coordinates"":[]}"
20180313,2018-03-13,-9.713442429187411E-4,"{""type"":""MultiPoint"",""coordinates"":[]}"
20180314,2018-03-14,-9.852880873711172E-4,"{""type"":""MultiPoint"",""coordinates"":[]}"
20180315,2018-03-15,-9.629228607831373E-4,"{""type"":""MultiPoint"",""coordinates"":[]}"
20180316,2018-03-16,-0.001029784138863503,"{""type"":""MultiPoint"",""coordinates"":[]}"
20180317,2018-03-17,-0.0011028573554257904,"{""type"":""MultiPoint"",""coordinates"":[]}"
20180318,2018-03-18,-0.0011354081245988927,"{""type"":""MultiPoint"",""coordinates"":[]}"
20180319,2018-03-19,-0.0011843242647497742,"{""type"":""MultiPoint"",""coordinates"":[]}"
20180320,2018-03-20,-0.0011746176999056972,"{""type"":""MultiPoint"",""coordinates"":[]}"
20180321,2018-03-21,-0.0011611541479345947,"{""type"":""MultiPoint"",""coordinates"":[]}"
20180322,2018-03-22,-0.0011667366818220502,"{""type"":""MultiPoint"",""coordinates"":[]}"
20180323,2018-03-23,-0.0011584930473863353,"{""type"":""MultiPoint"",""coordinates"":[]}"
20180324,2018-03-24,-0.0011585611936248761,"{""type"":""MultiPoint"",""coordinates"":[]}"
20180325,2018-03-25,-0.0011232583652799652,"{""type"":""MultiPoint"",""coordinates"":[]}"
20180326,2018-03-26,-0.0011164489769489336,"{""type"":""MultiPoint"",""coordinates"":[]}"
20180327,2018-03-27,-0.001137919125453454,"{""type"":""MultiPoint"",""coordinates"":[]}"
20180328,2018-03-28,-0.0011288415146419966,"{""type"":""MultiPoint"",""coordinates"":[]}"
20180329,2018-03-29,-0.001093794861432932,"{""type"":""MultiPoint"",""coordinates"":[]}"
20180330,2018-03-30,-0.0010746193373406534,"{""type"":""MultiPoint"",""coordinates"":[]}"
20180331,2018-03-31,-0.0011192648478734087,"{""type"":""MultiPoint"",""coordinates"":[]}"
20180401,2018-04-01,-0.001170176084217287,"{""type"":""MultiPoint"",""coordinates"":[]}"
20180402,2018-04-02,-0.0011782675053619695,"{""type"":""MultiPoint"",""coordinates"":[]}"
20180403,2018-04-03,-0.0012310468064050811,"{""type"":""MultiPoint"",""coordinates"":[]}"
20180404,2018-04-04,-0.001238352479835649,"{""type"":""MultiPoint"",""coordinates"":[]}"
20180405,2018-04-05,-0.001247996575168722,"{""type"":""MultiPoint"",""coordinates"":[]}"
20180406,2018-04-06,-0.001255667109782328,"{""type"":""MultiPoint"",""coordinates"":[]}"
20180407,2018-04-07,-0.001319049989400897,"{""type"":""MultiPoint"",""coordinates"":[]}"
20180408,2018-04-08,-0.0013292903720312126,"{""type"":""MultiPoint"",""coordinates"":[]}"
20180409,2018-04-09,-0.001377188435751497,"{""type"":""MultiPoint"",""coordinates"":[]}"
20180410,2018-04-10,-0.0014434050100991557,"{""type"":""MultiPoint"",""coordinates"":[]}"
20180411,2018-04-11,-0.0014694907399844222,"{""type"":""MultiPoint"",""coordinates"":[]}"
20180412,2018-04-12,-0.0014536966870373057,"{""type"":""MultiPoint"",""coordinates"":[]}"
20180413,2018-04-13,-0.001437698549328238,"{""type"":""MultiPoint"",""coordinates"":[]}"
20180414,2018-04-14,-0.0014361047671927376,"{""type"":""MultiPoint"",""coordinates"":[]}"
20180415,2018-04-15,-0.001424516094664599,"{""type"":""MultiPoint"",""coordinates"":[]}"
20180416,2018-04-16,-0.0014413337312767737,"{""type"":""MultiPoint"",""coordinates"":[]}"
20180417,2018-04-17,-0.0014648110979562006,"{""type"":""MultiPoint"",""coordinates"":[]}"
20180418,2018-04-18,-0.0014329822037317983,"{""type"":""MultiPoint"",""coordinates"":[]}"
20180419,2018-04-19,-0.0014019624416743161,"{""type"":""MultiPoint"",""coordinates"":[]}"
20180420,2018-04-20,-0.0013214647697839543,"{""type"":""MultiPoint"",""coordinates"":[]}"
20180421,2018-04-21,-0.0013524033942616486,"{""type"":""MultiPoint"",""coordinates"":[]}"
20180422,2018-04-22,-0.0013602958157687903,"{""type"":""MultiPoint"",""coordinates"":[]}"
20180423,2018-04-23,-0.0013922410213632343,"{""type"":""MultiPoint"",""coordinates"":[]}"
20180424,2018-04-24,-0.0013952607394480169,"{""type"":""MultiPoint"",""coordinates"":[]}"
20180425,2018-04-25,-0.0013745572267709568,"{""type"":""MultiPoint"",""coordinates"":[]}"
20180426,2018-04-26,-0.0013324191895482758,"{""type"":""MultiPoint"",""coordinates"":[]}"
20180427,2018-04-27,-0.0013408075024735888,"{""type"":""MultiPoint"",""coordinates"":[]}"
20180428,2018-04-28,-0.0013557803501576197,"{""type"":""MultiPoint"",""coordinates"":[]}"
20180429,2018-04-29,-0.001309751577193606,"{""type"":""MultiPoint"",""coordinates"":[]}"
20180430,2018-04-30,-0.0013311560563640736,"{""type"":""MultiPoint"",""coordinates"":[]}"
20180501,2018-05-01,-0.0013787310845527255,"{""type"":""MultiPoint"",""coordinates"":[]}"
20180502,2018-05-02,-0.0014095088530419071,"{""type"":""MultiPoint"",""coordinates"":[]}"
20180503,2018-05-03,-0.0014889675436227136,"{""type"":""MultiPoint"",""coordinates"":[]}"
20180504,2018-05-04,-0.001520296353388364,"{""type"":""MultiPoint"",""coordinates"":[]}"
20180505,2018-05-05,-0.001522581602729989,"{""type"":""MultiPoint"",""coordinates"":[]}"
20180506,2018-05-06,-0.0014898501323156322,"{""type"":""MultiPoint"",""coordinates"":[]}"
20180507,2018-05-07,-0.0015191810938139194,"{""type"":""MultiPoint"",""coordinates"":[]}"
20180508,2018-05-08,-0.0015235238940951353,"{""type"":""MultiPoint"",""coordinates"":[]}"
20180509,2018-05-09,-0.00152740784877011,"{""type"":""MultiPoint"",""coordinates"":[]}"
20180510,2018-05-10,-0.0015596316917542616,"{""type"":""MultiPoint"",""coordinates"":[]}"
20180511,2018-05-11,-0.0015998278798618813,"{""type"":""MultiPoint"",""coordinates"":[]}"
20180512,2018-05-12,-0.001581694858894062,"{""type"":""MultiPoint"",""coordinates"":[]}"
20180513,2018-05-13,-0.0016325897925573716,"{""type"":""MultiPoint"",""coordinates"":[]}"
20180514,2018-05-14,-0.001632853567391571,"{""type"":""MultiPoint"",""coordinates"":[]}"
20180515,2018-05-15,-0.0017018936176082847,"{""type"":""MultiPoint"",""coordinates"":[]}"
20180516,2018-05-16,-0.0017066704348553659,"{""type"":""MultiPoint"",""coordinates"":[]}"
20180517,2018-05-17,-0.0016838532987797962,"{""type"":""MultiPoint"",""coordinates"":[]}"
20180518,2018-05-18,-0.0016649337058233097,"{""type"":""MultiPoint"",""coordinates"":[]}"
20180519,2018-05-19,-0.0017050324215994858,"{""type"":""MultiPoint"",""coordinates"":[]}"
20180520,2018-05-20,-0.0017049394851711339,"{""type"":""MultiPoint"",""coordinates"":[]}"
20180521,2018-05-21,-0.0017101078313094648,"{""type"":""MultiPoint"",""coordinates"":[]}"
20180522,2018-05-22,-0.0017010208168810746,"{""type"":""MultiPoint"",""coordinates"":[]}"
20180523,2018-05-23,-0.0016516425001885811,"{""type"":""MultiPoint"",""coordinates"":[]}"
20180524,2018-05-24,-0.0017016742922677523,"{""type"":""MultiPoint"",""coordinates"":[]}"
20180525,2018-05-25,-0.0016481899609246192,"{""type"":""MultiPoint"",""coordinates"":[]}"
20180526,2018-05-26,-0.0016683691063323959,"{""type"":""MultiPoint"",""coordinates"":[]}"
20180527,2018-05-27,-0.00169346587747276,"{""type"":""MultiPoint"",""coordinates"":[]}"
20180528,2018-05-28,-0.0016811279684803137,"{""type"":""MultiPoint"",""coordinates"":[]}"
20180529,2018-05-29,-0.0016657990885993394,"{""type"":""MultiPoint"",""coordinates"":[]}"
20180530,2018-05-30,-0.001644037978428199,"{""type"":""MultiPoint"",""coordinates"":[]}"
20180531,2018-05-31,-0.0016690045280463037,"{""type"":""MultiPoint"",""coordinates"":[]}"
20180601,2018-06-01,-0.001801260077583702,"{""type"":""MultiPoint"",""coordinates"":[]}"
20180602,2018-06-02,-0.0018027609701060062,"{""type"":""MultiPoint"",""coordinates"":[]}"
20180603,2018-06-03,-0.001918455459368188,"{""type"":""MultiPoint"",""coordinates"":[]}"
20180604,2018-06-04,-0.001921182019569485,"{""type"":""MultiPoint"",""coordinates"":[]}"
20180605,2018-06-05,-0.0019842210372473914,"{""type"":""MultiPoint"",""coordinates"":[]}"
20180606,2018-06-06,-0.0020363327560603862,"{""type"":""MultiPoint"",""coordinates"":[]}"
20180607,2018-06-07,-0.001987496467527809,"{""type"":""MultiPoint"",""coordinates"":[]}"
20180608,2018-06-08,-0.0019305582200775024,"{""type"":""MultiPoint"",""coordinates"":[]}"
20180609,2018-06-09,-0.002104832535569494,"{""type"":""MultiPoint"",""coordinates"":[]}"
20180610,2018-06-10,-0.0022004914621335226,"{""type"":""MultiPoint"",""coordinates"":[]}"
20180611,2018-06-11,-0.0022134558612160573,"{""type"":""MultiPoint"",""coordinates"":[]}"
20180612,2018-06-12,-0.002166549099440118,"{""type"":""MultiPoint"",""coordinates"":[]}"
20180613,2018-06-13,-0.002156754890941548,"{""type"":""MultiPoint"",""coordinates"":[]}"
20180614,2018-06-14,-0.0021936127599211605,"{""type"":""MultiPoint"",""coordinates"":[]}"
20180615,2018-06-15,-0.002180496142196278,"{""type"":""MultiPoint"",""coordinates"":[]}"
20180616,2018-06-16,-0.0021990756899553706,"{""type"":""MultiPoint"",""coordinates"":[]}"
20180617,2018-06-17,-0.0022595949773402567,"{""type"":""MultiPoint"",""coordinates"":[]}"
20180618,2018-06-18,-0.0023498772257306683,"{""type"":""MultiPoint"",""coordinates"":[]}"
20180619,2018-06-19,-0.002364907771636472,"{""type"":""MultiPoint"",""coordinates"":[]}"
20180620,2018-06-20,-0.002325242873997363,"{""type"":""MultiPoint"",""coordinates"":[]}"
20180621,2018-06-21,-0.0022937890083991495,"{""type"":""MultiPoint"",""coordinates"":[]}"
20180622,2018-06-22,-0.0022060563618091257,"{""type"":""MultiPoint"",""coordinates"":[]}"
20180623,2018-06-23,-0.0021571666756006144,"{""type"":""MultiPoint"",""coordinates"":[]}"
20180624,2018-06-24,-0.0021365496222289443,"{""type"":""MultiPoint"",""coordinates"":[]}"
20180625,2018-06-25,-0.002191161518477344,"{""type"":""MultiPoint"",""coordinates"":[]}"
20180626,2018-06-26,-0.002180440959519524,"{""type"":""MultiPoint"",""coordinates"":[]}"
20180627,2018-06-27,-0.0022258312394137546,"{""type"":""MultiPoint"",""coordinates"":[]}"
20180628,2018-06-28,-0.0022561382987617644,"{""type"":""MultiPoint"",""coordinates"":[]}"
20180629,2018-06-29,-0.0024101600196484714,"{""type"":""MultiPoint"",""coordinates"":[]}"
20180630,2018-06-30,-0.0026604641203792976,"{""type"":""MultiPoint"",""coordinates"":[]}"
20180701,2018-07-01,-0.0026763366622024887,"{""type"":""MultiPoint"",""coordinates"":[]}"
20180702,2018-07-02,-0.002657280228678709,"{""type"":""MultiPoint"",""coordinates"":[]}"
20180703,2018-07-03,-0.0024824977603517674,"{""type"":""MultiPoint"",""coordinates"":[]}"
20180704,2018-07-04,-0.002510726745665245,"{""type"":""MultiPoint"",""coordinates"":[]}"
20180705,2018-07-05,-0.002724358633588203,"{""type"":""MultiPoint"",""coordinates"":[]}"
20180706,2018-07-06,-0.002839448112505166,"{""type"":""MultiPoint"",""coordinates"":[]}"
20180707,2018-07-07,-0.0027372790008219476,"{""type"":""MultiPoint"",""coordinates"":[]}"
20180708,2018-07-08,-0.0026077186703947247,"{""type"":""MultiPoint"",""coordinates"":[]}"
20180709,2018-07-09,-0.0024517076513581723,"{""type"":""MultiPoint"",""coordinates"":[]}"
20180710,2018-07-10,-0.0023957181044160294,"{""type"":""MultiPoint"",""coordinates"":[]}"
20180711,2018-07-11,-0.0024414736277974885,"{""type"":""MultiPoint"",""coordinates"":[]}"
20180712,2018-07-12,-0.0023589905301630906,"{""type"":""MultiPoint"",""coordinates"":[]}"
20180713,2018-07-13,-0.002373619693049872,"{""type"":""MultiPoint"",""coordinates"":[]}"
20180714,2018-07-14,-0.0025935075949954822,"{""type"":""MultiPoint"",""coordinates"":[]}"
20180715,2018-07-15,-0.002666832777242087,"{""type"":""MultiPoint"",""coordinates"":[]}"
20180716,2018-07-16,-0.0026687067989989224,"{""type"":""MultiPoint"",""coordinates"":[]}"
20180717,2018-07-17,-0.0026364157082515876,"{""type"":""MultiPoint"",""coordinates"":[]}"
20180718,2018-07-18,-0.002746101106349193,"{""type"":""MultiPoint"",""coordinates"":[]}"
20180719,2018-07-19,-0.0029016178464876135,"{""type"":""MultiPoint"",""coordinates"":[]}"
20180720,2018-07-20,-0.0028663285003197817,"{""type"":""MultiPoint"",""coordinates"":[]}"
20180721,2018-07-21,-0.002649789293062338,"{""type"":""MultiPoint"",""coordinates"":[]}"
20180722,2018-07-22,-0.002467264543383926,"{""type"":""MultiPoint"",""coordinates"":[]}"
20180723,2018-07-23,-0.0024676171245901057,"{""type"":""MultiPoint"",""coordinates"":[]}"
20180724,2018-07-24,-0.002548290378695805,"{""type"":""MultiPoint"",""coordinates"":[]}"
20180725,2018-07-25,-0.002582653152759779,"{""type"":""MultiPoint"",""coordinates"":[]}"
20180726,2018-07-26,-0.0024883430901032695,"{""type"":""MultiPoint"",""coordinates"":[]}"
20180727,2018-07-27,-0.00248598807200619,"{""type"":""MultiPoint"",""coordinates"":[]}"
20180728,2018-07-28,-0.0026193341679066114,"{""type"":""MultiPoint"",""coordinates"":[]}"
20180729,2018-07-29,-0.0026818000430361365,"{""type"":""MultiPoint"",""coordinates"":[]}"
20180730,2018-07-30,-0.002626175876482612,"{""type"":""MultiPoint"",""coordinates"":[]}"
20180731,2018-07-31,-0.002586346699389325,"{""type"":""MultiPoint"",""coordinates"":[]}"
20180801,2018-08-01,-0.002592956669826941,"{""type"":""MultiPoint"",""coordinates"":[]}"
20180802,2018-08-02,-0.002592997759538153,"{""type"":""MultiPoint"",""coordinates"":[]}"
20180803,2018-08-03,-0.0026695249545692122,"{""type"":""MultiPoint"",""coordinates"":[]}"
20180804,2018-08-04,-0.002686057967611974,"{""type"":""MultiPoint"",""coordinates"":[]}"
20180805,2018-08-05,-0.002600142987879818,"{""type"":""MultiPoint"",""coordinates"":[]}"
20180806,2018-08-06,-0.0025247748245983475,"{""type"":""MultiPoint"",""coordinates"":[]}"
20180807,2018-08-07,-0.002442191952144485,"{""type"":""MultiPoint"",""coordinates"":[]}"
20180808,2018-08-08,-0.0024648548853727138,"{""type"":""MultiPoint"",""coordinates"":[]}"
20180809,2018-08-09,-0.002700030997527546,"{""type"":""MultiPoint"",""coordinates"":[]}"
20180810,2018-08-10,-0.0027956979958751664,"{""type"":""MultiPoint"",""coordinates"":[]}"
20180811,2018-08-11,-0.002606573705190264,"{""type"":""MultiPoint"",""coordinates"":[]}"
20180812,2018-08-12,-0.0024679791007743506,"{""type"":""MultiPoint"",""coordinates"":[]}"
20180813,2018-08-13,-0.0024609650854156883,"{""type"":""MultiPoint"",""coordinates"":[]}"
20180814,2018-08-14,-0.0026276244406151002,"{""type"":""MultiPoint"",""coordinates"":[]}"
20180815,2018-08-15,-0.002618439126783159,"{""type"":""MultiPoint"",""coordinates"":[]}"
20180816,2018-08-16,-0.0026454336896261413,"{""type"":""MultiPoint"",""coordinates"":[]}"
20180817,2018-08-17,-0.0028330047609561094,"{""type"":""MultiPoint"",""coordinates"":[]}"
20180818,2018-08-18,-0.0027890736166146686,"{""type"":""MultiPoint"",""coordinates"":[]}"
20180819,2018-08-19,-0.002836788409034213,"{""type"":""MultiPoint"",""coordinates"":[]}"
20180820,2018-08-20,-0.0025545433527092223,"{""type"":""MultiPoint"",""coordinates"":[]}"
20180821,2018-08-21,-0.0025744268494210737,"{""type"":""MultiPoint"",""coordinates"":[]}"
20180822,2018-08-22,-0.00259266421347593,"{""type"":""MultiPoint"",""coordinates"":[]}"
20180823,2018-08-23,-0.0024968030632879384,"{""type"":""MultiPoint"",""coordinates"":[]}"
20180824,2018-08-24,-0.0024038777035408116,"{""type"":""MultiPoint"",""coordinates"":[]}"
20180825,2018-08-25,-0.0024205071286586884,"{""type"":""MultiPoint"",""coordinates"":[]}"
20180826,2018-08-26,-0.0024231982457621148,"{""type"":""MultiPoint"",""coordinates"":[]}"
20180827,2018-08-27,-0.002453556780829826,"{""type"":""MultiPoint"",""coordinates"":[]}"
20180828,2018-08-28,-0.002469254884592505,"{""type"":""MultiPoint"",""coordinates"":[]}"
20180829,2018-08-29,-0.0024559458417711495,"{""type"":""MultiPoint"",""coordinates"":[]}"
20180830,2018-08-30,-0.002486537029216171,"{""type"":""MultiPoint"",""coordinates"":[]}"
20180831,2018-08-31,-0.00243664743698621,"{""type"":""MultiPoint"",""coordinates"":[]}"
20180901,2018-09-01,-0.002341198938739707,"{""type"":""MultiPoint"",""coordinates"":[]}"
20180902,2018-09-02,-0.002331797414890616,"{""type"":""MultiPoint"",""coordinates"":[]}"
20180903,2018-09-03,-0.0024119954440868265,"{""type"":""MultiPoint"",""coordinates"":[]}"
20180904,2018-09-04,-0.0025161392259081946,"{""type"":""MultiPoint"",""coordinates"":[]}"
20180905,2018-09-05,-0.0025211894576689336,"{""type"":""MultiPoint"",""coordinates"":[]}"
20180906,2018-09-06,-0.0024993297081124985,"{""type"":""MultiPoint"",""coordinates"":[]}"
20180907,2018-09-07,-0.002379781994260384,"{""type"":""MultiPoint"",""coordinates"":[]}"
20180908,2018-09-08,-0.0025598058556324326,"{""type"":""MultiPoint"",""coordinates"":[]}"
20180909,2018-09-09,-0.0025647065293678017,"{""type"":""MultiPoint"",""coordinates"":[]}"
20180910,2018-09-10,-0.002479582454055025,"{""type"":""MultiPoint"",""coordinates"":[]}"
20180911,2018-09-11,-0.002573230341433104,"{""type"":""MultiPoint"",""coordinates"":[]}"
20180912,2018-09-12,-0.002571547024721133,"{""type"":""MultiPoint"",""coordinates"":[]}"
20180913,2018-09-13,-0.0025298861295754314,"{""type"":""MultiPoint"",""coordinates"":[]}"
20180914,2018-09-14,-0.002500590024367084,"{""type"":""MultiPoint"",""coordinates"":[]}"
20180915,2018-09-15,-0.002626109523081139,"{""type"":""MultiPoint"",""coordinates"":[]}"
20180916,2018-09-16,-0.002747488431811419,"{""type"":""MultiPoint"",""coordinates"":[]}"
20180917,2018-09-17,-0.002749817916065715,"{""type"":""MultiPoint"",""coordinates"":[]}"
20180918,2018-09-18,-0.002814321424616179,"{""type"":""MultiPoint"",""coordinates"":[]}"
20180919,2018-09-19,-0.0026755940378700425,"{""type"":""MultiPoint"",""coordinates"":[]}"
20180920,2018-09-20,-0.0025218804189280856,"{""type"":""MultiPoint"",""coordinates"":[]}"
20180921,2018-09-21,-0.002314970794534302,"{""type"":""MultiPoint"",""coordinates"":[]}"
20180922,2018-09-22,-0.002254100006219972,"{""type"":""MultiPoint"",""coordinates"":[]}"
20180923,2018-09-23,-0.002392033890177595,"{""type"":""MultiPoint"",""coordinates"":[]}"
20180924,2018-09-24,-0.002436733887328309,"{""type"":""MultiPoint"",""coordinates"":[]}"
20180925,2018-09-25,-0.0025054313240874576,"{""type"":""MultiPoint"",""coordinates"":[]}"
20180926,2018-09-26,-0.002518387539429124,"{""type"":""MultiPoint"",""coordinates"":[]}"
20180927,2018-09-27,-0.0025393084278008096,"{""type"":""MultiPoint"",""coordinates"":[]}"
20180928,2018-09-28,-0.002599434897661206,"{""type"":""MultiPoint"",""coordinates"":[]}"
20180929,2018-09-29,-0.0026306713841384765,"{""type"":""MultiPoint"",""coordinates"":[]}"
20180930,2018-09-30,-0.002686208959557214,"{""type"":""MultiPoint"",""coordinates"":[]}"
20181001,2018-10-01,-0.0026217277870282376,"{""type"":""MultiPoint"",""coordinates"":[]}"
20181002,2018-10-02,-0.0025154237718308554,"{""type"":""MultiPoint"",""coordinates"":[]}"
20181003,2018-10-03,-0.0024145346848453296,"{""type"":""MultiPoint"",""coordinates"":[]}"
20181004,2018-10-04,-0.002293517123447132,"{""type"":""MultiPoint"",""coordinates"":[]}"
20181005,2018-10-05,-0.002308088820919388,"{""type"":""MultiPoint"",""coordinates"":[]}"
20181006,2018-10-06,-0.002314006919962312,"{""type"":""MultiPoint"",""coordinates"":[]}"
20181007,2018-10-07,-0.002310895858244789,"{""type"":""MultiPoint"",""coordinates"":[]}"
20181008,2018-10-08,-0.0022082622400296454,"{""type"":""MultiPoint"",""coordinates"":[]}"
20181009,2018-10-09,-0.0021404833195272787,"{""type"":""MultiPoint"",""coordinates"":[]}"
20181010,2018-10-10,-0.0020431443131636974,"{""type"":""MultiPoint"",""coordinates"":[]}"
20181011,2018-10-11,-0.0018642394250399034,"{""type"":""MultiPoint"",""coordinates"":[]}"
20181012,2018-10-12,-0.0017722305059713638,"{""type"":""MultiPoint"",""coordinates"":[]}"
20181013,2018-10-13,-0.0018102564762218008,"{""type"":""MultiPoint"",""coordinates"":[]}"
20181014,2018-10-14,-0.0019062531324029043,"{""type"":""MultiPoint"",""coordinates"":[]}"
20181015,2018-10-15,-0.0019802556187041736,"{""type"":""MultiPoint"",""coordinates"":[]}"
20181016,2018-10-16,-0.001978720245658635,"{""type"":""MultiPoint"",""coordinates"":[]}"
20181017,2018-10-17,-0.001965318957480906,"{""type"":""MultiPoint"",""coordinates"":[]}"
20181018,2018-10-18,-0.0019008431107175542,"{""type"":""MultiPoint"",""coordinates"":[]}"
20181019,2018-10-19,-0.0019132290124530922,"{""type"":""MultiPoint"",""coordinates"":[]}"
20181020,2018-10-20,-0.0019135741842483825,"{""type"":""MultiPoint"",""coordinates"":[]}"
20181021,2018-10-21,-0.0018662359706926976,"{""type"":""MultiPoint"",""coordinates"":[]}"
20181022,2018-10-22,-0.0018246707678981136,"{""type"":""MultiPoint"",""coordinates"":[]}"
20181023,2018-10-23,-0.0017750627766679405,"{""type"":""MultiPoint"",""coordinates"":[]}"
20181024,2018-10-24,-0.0017288451715401416,"{""type"":""MultiPoint"",""coordinates"":[]}"
20181025,2018-10-25,-0.0017147636877820388,"{""type"":""MultiPoint"",""coordinates"":[]}"
20181026,2018-10-26,-0.00174142884935131,"{""type"":""MultiPoint"",""coordinates"":[]}"
20181027,2018-10-27,-0.001715247314564405,"{""type"":""MultiPoint"",""coordinates"":[]}"
20181028,2018-10-28,-0.0016119670726748006,"{""type"":""MultiPoint"",""coordinates"":[]}"
20181029,2018-10-29,-0.0015163285577705612,"{""type"":""MultiPoint"",""coordinates"":[]}"
20181030,2018-10-30,-0.0014558001294134424,"{""type"":""MultiPoint"",""coordinates"":[]}"
20181031,2018-10-31,-0.0014235799734616237,"{""type"":""MultiPoint"",""coordinates"":[]}"
20181101,2018-11-01,-0.0014054428351029833,"{""type"":""MultiPoint"",""coordinates"":[]}"
20181102,2018-11-02,-0.001418423809177384,"{""type"":""MultiPoint"",""coordinates"":[]}"
20181103,2018-11-03,-0.0013381200078263766,"{""type"":""MultiPoint"",""coordinates"":[]}"
20181104,2018-11-04,-0.0014142451948790903,"{""type"":""MultiPoint"",""coordinates"":[]}"
20181105,2018-11-05,-0.0013907949151960293,"{""type"":""MultiPoint"",""coordinates"":[]}"
20181106,2018-11-06,-0.0013699225466214876,"{""type"":""MultiPoint"",""coordinates"":[]}"
20181107,2018-11-07,-0.0013932646721406526,"{""type"":""MultiPoint"",""coordinates"":[]}"
20181108,2018-11-08,-0.0013477030200181417,"{""type"":""MultiPoint"",""coordinates"":[]}"
20181109,2018-11-09,-0.0013178897039923547,"{""type"":""MultiPoint"",""coordinates"":[]}"
20181110,2018-11-10,-0.0013335132743638035,"{""type"":""MultiPoint"",""coordinates"":[]}"
20181111,2018-11-11,-0.0012868703596224586,"{""type"":""MultiPoint"",""coordinates"":[]}"
20181112,2018-11-12,-0.0012756992427729293,"{""type"":""MultiPoint"",""coordinates"":[]}"
20181113,2018-11-13,-0.0012401672043465591,"{""type"":""MultiPoint"",""coordinates"":[]}"
20181114,2018-11-14,-0.0012286232957884403,"{""type"":""MultiPoint"",""coordinates"":[]}"
20181115,2018-11-15,-0.0012155778959001713,"{""type"":""MultiPoint"",""coordinates"":[]}"
20181116,2018-11-16,-0.0011431162960374496,"{""type"":""MultiPoint"",""coordinates"":[]}"
20181117,2018-11-17,-0.0011505879122108219,"{""type"":""MultiPoint"",""coordinates"":[]}"
20181118,2018-11-18,-0.0011491879226738198,"{""type"":""MultiPoint"",""coordinates"":[]}"
20181119,2018-11-19,-0.001135292010981916,"{""type"":""MultiPoint"",""coordinates"":[]}"
20181120,2018-11-20,-0.0011187973251080706,"{""type"":""MultiPoint"",""coordinates"":[]}"
20181121,2018-11-21,-0.0011306461099276517,"{""type"":""MultiPoint"",""coordinates"":[]}"
20181122,2018-11-22,-0.0010919602331866275,"{""type"":""MultiPoint"",""coordinates"":[]}"
20181123,2018-11-23,-0.0010591786613396309,"{""type"":""MultiPoint"",""coordinates"":[]}"
20181124,2018-11-24,-0.0010799251294918444,"{""type"":""MultiPoint"",""coordinates"":[]}"
20181125,2018-11-25,-0.0010868963121053905,"{""type"":""MultiPoint"",""coordinates"":[]}"
20181126,2018-11-26,-0.0010790796253025124,"{""type"":""MultiPoint"",""coordinates"":[]}"
20181127,2018-11-27,-0.0010310636195951367,"{""type"":""MultiPoint"",""coordinates"":[]}"
20181128,2018-11-28,-9.9870705346739E-4,"{""type"":""MultiPoint"",""coordinates"":[]}"
20181129,2018-11-29,-9.379776731479994E-4,"{""type"":""MultiPoint"",""coordinates"":[]}"
20181130,2018-11-30,-9.332874180412485E-4,"{""type"":""MultiPoint"",""coordinates"":[]}"
20181201,2018-12-01,-9.280813203398464E-4,"{""type"":""MultiPoint"",""coordinates"":[]}"
20181202,2018-12-02,-8.951642696924105E-4,"{""type"":""MultiPoint"",""coordinates"":[]}"
20181203,2018-12-03,-8.487203060508918E-4,"{""type"":""MultiPoint"",""coordinates"":[]}"
20181204,2018-12-04,-8.397888425528806E-4,"{""type"":""MultiPoint"",""coordinates"":[]}"
20181205,2018-12-05,-8.069089928000251E-4,"{""type"":""MultiPoint"",""coordinates"":[]}"
20181206,2018-12-06,-8.133359577167911E-4,"{""type"":""MultiPoint"",""coordinates"":[]}"
20181207,2018-12-07,-8.310776410758062E-4,"{""type"":""MultiPoint"",""coordinates"":[]}"
20181208,2018-12-08,-8.467578786834631E-4,"{""type"":""MultiPoint"",""coordinates"":[]}"
20181209,2018-12-09,-8.344773804687108E-4,"{""type"":""MultiPoint"",""coordinates"":[]}"
20181210,2018-12-10,-8.350574550359292E-4,"{""type"":""MultiPoint"",""coordinates"":[]}"
20181211,2018-12-11,-8.189359523852084E-4,"{""type"":""MultiPoint"",""coordinates"":[]}"
20181212,2018-12-12,-8.330887764683153E-4,"{""type"":""MultiPoint"",""coordinates"":[]}"
20181213,2018-12-13,-7.999704263656642E-4,"{""type"":""MultiPoint"",""coordinates"":[]}"
20181214,2018-12-14,-8.029793341634799E-4,"{""type"":""MultiPoint"",""coordinates"":[]}"
20181215,2018-12-15,-7.909870544793818E-4,"{""type"":""MultiPoint"",""coordinates"":[]}"
20181216,2018-12-16,-7.469180156669494E-4,"{""type"":""MultiPoint"",""coordinates"":[]}"
20181217,2018-12-17,-7.867889114401936E-4,"{""type"":""MultiPoint"",""coordinates"":[]}"
20181218,2018-12-18,-7.402226627229197E-4,"{""type"":""MultiPoint"",""coordinates"":[]}"
20181219,2018-12-19,-8.29407380718954E-4,"{""type"":""MultiPoint"",""coordinates"":[]}"
20181220,2018-12-20,-8.31230335140226E-4,"{""type"":""MultiPoint"",""coordinates"":[]}"
20181221,2018-12-21,-8.188089280937651E-4,"{""type"":""MultiPoint"",""coordinates"":[]}"
20181222,2018-12-22,-8.187567711785011E-4,"{""type"":""MultiPoint"",""coordinates"":[]}"
20181223,2018-12-23,-8.543729923188688E-4,"{""type"":""MultiPoint"",""coordinates"":[]}"
20181224,2018-12-24,-8.54815564025868E-4,"{""type"":""MultiPoint"",""coordinates"":[]}"
20181225,2018-12-25,-8.425964504252768E-4,"{""type"":""MultiPoint"",""coordinates"":[]}"
20181226,2018-12-26,-8.199499352012986E-4,"{""type"":""MultiPoint"",""coordinates"":[]}"
20181227,2018-12-27,-7.976803571075508E-4,"{""type"":""MultiPoint"",""coordinates"":[]}"
20181228,2018-12-28,-8.094468733112447E-4,"{""type"":""MultiPoint"",""coordinates"":[]}"
20181229,2018-12-29,-7.988928971018685E-4,"{""type"":""MultiPoint"",""coordinates"":[]}"
20181230,2018-12-30,-8.090108123106094E-4,"{""type"":""MultiPoint"",""coordinates"":[]}"
20181231,2018-12-31,-8.002910404202195E-4,"{""type"":""MultiPoint"",""coordinates"":[]}"
