date,rainfall_mm
2000-01-01,0.013882390902049025
2000-01-02,0.10143877917221088
2000-01-03,0.38837145576294424
2000-01-04,0.357211209045482
2000-01-05,0.5970503623906374
2000-01-06,0.11641119076523557
2000-01-07,0.6272590688318742
2000-01-08,0.46251661068540206
2000-01-09,0.4494047819400255
2000-01-10,0.5605416307267865
2000-01-11,1.188394694927671
2000-01-12,0.8094413608378193
2000-01-13,0.3646646032026445
2000-01-14,0.6619570961397626
2000-01-15,0.7188845036181459
2000-01-16,0.22550077650988204
2000-01-17,0.25260888945716903
2000-01-18,0.6392731520958377
2000-01-19,0.15479307580351667
2000-01-20,0.1006836883639428
2000-01-21,0.04560770764941141
2000-01-22,0.16373372592686686
2000-01-23,0.28814381491798596
2000-01-24,0.08123682232763374
2000-01-25,0.319013839677362
2000-01-26,0.14497702011995
2000-01-27,0.06728036645372482
2000-01-28,0.22190359453880795
2000-01-29,1.0367216354498778
2000-01-30,0.31974964668365563
2000-01-31,0.5771742317217267
2000-02-01,1.317170663386276
2000-02-02,1.4312950967642004
2000-02-03,0.3953792726250256
2000-02-04,0.987951037480734
2000-02-05,0.8825814763548829
2000-02-06,0.8210954757647286
2000-02-07,0.41422867457131723
2000-02-08,0.14521375021138155
2000-02-09,0.5476011913454698
2000-02-10,0.5197379909560919
2000-02-11,0.6106919381250687
2000-02-12,0.2677215171462162
2000-02-13,0.14128592654700692
2000-02-14,0.5971312963611151
2000-02-15,0.21349913655879413
2000-02-16,0.25043319858966406
2000-02-17,0.28044904229944195
2000-02-18,0.24895675643979712
2000-02-19,0.33168610534225584
2000-02-20,0.6962881765669549
2000-02-21,0.7723130834321159
2000-02-22,0.14384430130088918
2000-02-23,0.38666787485364046
2000-02-24,0.566154208582972
2000-02-25,0.26099116306254544
2000-02-26,0.25068381587893396
2000-02-27,0.11434252743125194
2000-02-28,0.10113003642584785
2000-02-29,0.05949481202304185
2000-03-01,0.27121597660526475
2000-03-02,0.8379576291403119
2000-03-03,0.22054732061580012
2000-03-04,0.4269819660134414
2000-03-05,0.20517020007314118
2000-03-06,0.2460895078214539
2000-03-07,0.15820489646041536
2000-03-08,0.795526086703729
2000-03-09,0.5135469544348059
2000-03-10,0.10601122008763067
2000-03-11,0.10365950268011026
2000-03-12,0.36859504553322403
2000-03-13,0.819798266135738
2000-03-14,0.9618393236294359
2000-03-15,0.29770710927430527
2000-03-16,0.300407107631912
2000-03-17,0.31645526863629114
2000-03-18,0.12813185348308206
2000-03-19,0.1571486310553546
2000-03-20,0.5347175866750777
2000-03-21,0.5245547806655247
2000-03-22,0.9135407438620812
2000-03-23,1.3843713675421914
2000-03-24,0.5566436400680567
2000-03-25,0.2553091941003392
2000-03-26,0.4775809159594439
2000-03-27,0.6439499506397874
2000-03-28,0.906656817266256
2000-03-29,1.3126535888380055
2000-03-30,0.5542057229621328
2000-03-31,0.6849291121690627
2000-04-01,1.011353185890706
2000-04-02,0.4381475016530262
2000-04-03,0.701512272111924
2000-04-04,0.8689882287904327
2000-04-05,0.6553081045322007
2000-04-06,0.6275956547521709
2000-04-07,0.6472555101717657
2000-04-08,0.3863577677452721
2000-04-09,1.1197215525919642
2000-04-10,0.9597485813655557
2000-04-11,0.9001322132485587
2000-04-12,0.5654558055946809
2000-04-13,1.226773941242804
2000-04-14,1.0449661149577478
2000-04-15,0.9846203422161013
2000-04-16,0.24994245309588717
2000-04-17,0.6559327669384065
2000-04-18,0.9669523596591844
2000-04-19,0.26128139948347007
2000-04-20,2.176076539759108
2000-04-21,2.1056455188542373
2000-04-22,2.9174253467262368
2000-04-23,2.2016704469658337
2000-04-24,2.015389472651729
2000-04-25,0.48579175855394063
2000-04-26,0.8728621315764391
2000-04-27,1.2259975317441625
2000-04-28,2.690595887744542
2000-04-29,2.5489887998044756
2000-04-30,1.6173587527765099
2000-05-01,2.7476546226254257
2000-05-02,3.0380043135497177
2000-05-03,1.8452642995017003
2000-05-04,1.3614700485045408
2000-05-05,1.696509844777243
2000-05-06,2.5650118418611796
2000-05-07,1.6413008963139128
2000-05-08,1.1930828369408588
2000-05-09,0.9530100531187716
2000-05-10,2.0176833243713754
2000-05-11,1.7637609463380546
2000-05-12,1.777741746922365
2000-05-13,0.9959211869688639
2000-05-14,1.4330119325018222
2000-05-15,2.8032220164341064
2000-05-16,4.279449573146684
2000-05-17,3.6978296033227807
2000-05-18,3.171090442509173
2000-05-19,4.449442901176742
2000-05-20,0.7757018245068268
2000-05-21,1.5711589105049442
2000-05-22,1.117326582050598
2000-05-23,1.512970349168032
2000-05-24,2.9300112679491033
2000-05-25,5.440340951864609
2000-05-26,7.353909811438957
2000-05-27,4.325779619396584
2000-05-28,3.2272476020672203
2000-05-29,3.1368208214150424
2000-05-30,4.033873089279661
2000-05-31,4.3649398877973535
2000-06-01,3.145272781506284
2000-06-02,3.707271069317458
2000-06-03,4.836899536734451
2000-06-04,6.3589041336052246
2000-06-05,6.7321092517019645
2000-06-06,8.11143891015448
2000-06-07,7.473294038312455
2000-06-08,9.710920243800679
2000-06-09,4.830574029309895
2000-06-10,5.738641106585266
2000-06-11,5.168678851739434
2000-06-12,6.375019248440139
2000-06-13,3.7711086673316747
2000-06-14,4.331411942884613
2000-06-15,5.104878065044552
2000-06-16,3.3835360663146696
2000-06-17,3.678332823675778
2000-06-18,5.5940701122835215
2000-06-19,5.6403738065075615
2000-06-20,8.187657497238018
2000-06-21,9.798789774829062
2000-06-22,6.5921524746993585
2000-06-23,4.868319580664253
2000-06-24,3.0985346925271453
2000-06-25,2.1249982208900615
2000-06-26,3.1485994524547056
2000-06-27,5.084887476593121
2000-06-28,5.806586631301678
2000-06-29,7.005889361612968
2000-06-30,6.773664716894496
2000-07-01,5.220293096077822
2000-07-02,6.178397520400414
2000-07-03,6.380035303756086
2000-07-04,4.880350570792506
2000-07-05,7.956203787520073
2000-07-06,10.000413186855834
2000-07-07,8.030352233387609
2000-07-08,8.262792938853666
2000-07-09,8.1669967347902
2000-07-10,6.863833804817554
2000-07-11,10.78330874119799
2000-07-12,10.624704643562836
2000-07-13,10.760158082309127
2000-07-14,7.208742445773256
2000-07-15,6.142554316460364
2000-07-16,7.313109893889244
2000-07-17,8.519840405016064
2000-07-18,10.274325392553974
2000-07-19,8.4045240018452
2000-07-20,7.85896322847913
2000-07-21,6.416096111638503
2000-07-22,5.588055294223131
2000-07-23,4.192163915276224
2000-07-24,4.92964177046391
2000-07-25,5.578782391479696
2000-07-26,6.484101221415083
2000-07-27,3.867735527433516
2000-07-28,4.406671459827085
2000-07-29,5.375793874632669
2000-07-30,5.211014469685985
2000-07-31,8.680748517053251
2000-08-01,9.060243409920904
2000-08-02,6.005308738115273
2000-08-03,4.183459188986785
2000-08-04,3.3426959095076167
2000-08-05,3.5632589049352235
2000-08-06,5.690701436760817
2000-08-07,6.516406973600491
2000-08-08,7.22531905772948
2000-08-09,9.232780610513524
2000-08-10,8.355993755435446
2000-08-11,7.631903983038052
2000-08-12,5.328719658005287
2000-08-13,7.074332280041453
2000-08-14,8.011201072128912
2000-08-15,7.8899534602991945
2000-08-16,4.044559053524894
2000-08-17,4.293234600485988
2000-08-18,7.71337575936041
2000-08-19,4.611684074663838
2000-08-20,4.370655703586399
2000-08-21,5.627363347828295
2000-08-22,7.503173408177515
2000-08-23,8.785544840928251
2000-08-24,4.864358791016276
2000-08-25,3.868271194484845
2000-08-26,6.552674741190057
2000-08-27,7.074140477070851
2000-08-28,10.105464065656353
2000-08-29,8.239295418377816
2000-08-30,6.065634516958675
2000-08-31,6.23927838874375
2000-09-01,7.1328315487755045
2000-09-02,6.2413629601346425
2000-09-03,6.079207613752903
2000-09-04,5.159359011461129
2000-09-05,4.445124775110627
2000-09-06,5.2864571735053705
2000-09-07,5.071291256352223
2000-09-08,4.143524859810208
2000-09-09,3.6604050192690534
2000-09-10,2.964376764549502
2000-09-11,2.473418356115
2000-09-12,3.164353808648495
2000-09-13,3.3111989741322114
2000-09-14,6.115539926516
2000-09-15,4.095759868009942
2000-09-16,5.053510063132602
2000-09-17,6.59107632468611
2000-09-18,5.334441988190144
2000-09-19,2.657175269741984
2000-09-20,2.82513371481959
2000-09-21,4.964527499067904
2000-09-22,3.427131720857891
2000-09-23,4.587325637008764
2000-09-24,3.0121944700628713
2000-09-25,5.374261773006337
2000-09-26,2.203896473471351
2000-09-27,1.8740024911898008
2000-09-28,2.707387290399378
2000-09-29,3.390708223522228
2000-09-30,3.9855113093686825
2000-10-01,4.190023606622536
2000-10-02,3.4119461043211805
2000-10-03,1.3206830484190462
2000-10-04,1.1465866112866774
2000-10-05,2.977578959598121
2000-10-06,2.2817353072905764
2000-10-07,1.4104381929399776
2000-10-08,2.9001687143194754
2000-10-09,2.6465853427403756
2000-10-10,1.8743820493913768
2000-10-11,1.320588775386279
2000-10-12,1.4679370137921839
2000-10-13,1.1848475286511004
2000-10-14,0.7855983912079367
2000-10-15,0.8507226443006279
2000-10-16,1.6365005311672882
2000-10-17,2.1602753001610884
2000-10-18,1.028018358802107
2000-10-19,0.9320725690614557
2000-10-20,1.2007397791841232
2000-10-21,1.1183470780928468
2000-10-22,1.2863501250213796
2000-10-23,0.9545331712305101
2000-10-24,1.1746917567334585
2000-10-25,0.6594895257820476
2000-10-26,3.3120204610007007
2000-10-27,4.343658996791754
2000-10-28,4.804920577574521
2000-10-29,0.3291004784660038
2000-10-30,0.6125987276572198
2000-10-31,0.38153628710428444
2000-11-01,0.09967590485423208
2000-11-02,0.13411284004571103
2000-11-03,0.14320521822021537
2000-11-04,0.2857065284924713
2000-11-05,0.4629752567621348
2000-11-06,0.3140960163676426
2000-11-07,0.44683334950102765
2000-11-08,0.21619709019571612
2000-11-09,0.17847079068540994
2000-11-10,0.216493318977291
2000-11-11,0.14061132728574866
2000-11-12,0.3245803957673122
2000-11-13,0.12963569531129415
2000-11-14,0.0747342721797427
2000-11-15,0.04471012942970972
2000-11-16,0.06556201573142517
2000-11-17,0.6174349830654712
2000-11-18,0.9534177136452227
2000-11-19,1.0927816552229435
2000-11-20,1.1141292968805203
2000-11-21,0.8660804279286385
2000-11-22,0.6678979446650795
2000-11-23,1.0712576573336279
2000-11-24,0.3112565859120666
2000-11-25,0.16207222680798264
2000-11-26,0.20904744211283408
2000-11-27,0.3228017443888015
2000-11-28,1.8014137645699058
2000-11-29,1.3170559419627936
2000-11-30,0.4761752031019629
2000-12-01,0.1910027009918605
2000-12-02,0.08191674699544026
2000-12-03,0.15849362368118963
2000-12-04,0.12904736316961649
2000-12-05,0.20099070948971384
2000-12-06,0.045272874736144886
2000-12-07,0.15553040222771078
2000-12-08,0.1267805516212563
2000-12-09,0.20492458080365825
2000-12-10,0.1233988423278329
2000-12-11,0.10512396406417718
2000-12-12,0.017224746767606224
2000-12-13,0.007263245206514291
2000-12-14,0.1034338935069468
2000-12-15,0.567162138910047
2000-12-16,0.8399591271902622
2000-12-17,0.28682222067154983
2000-12-18,0.3546003404579717
2000-12-19,0.15130854098048852
2000-12-20,0.2112072090013545
2000-12-21,0.18219278533271321
2000-12-22,0.08422248413639168
2000-12-23,0.1396893537402909
2000-12-24,0.23220448842211106
2000-12-25,0.37513372311797444
2000-12-26,1.8029441198459113
2000-12-27,0.680579584216122
2000-12-28,0.5974591453633544
2000-12-29,0.08605952093765175
2000-12-30,0.3741030308447134
2000-12-31,1.1893489627705391
2001-01-01,1.728470287272032
2001-01-02,0.35107952191340874
2001-01-03,0.12966067463946385
2001-01-04,0.306174110111329
2001-01-05,0.14149438211156212
2001-01-06,0.09539474943480342
2001-01-07,0.1509738040623531
2001-01-08,0.04069549637160136
2001-01-09,0.12433774989843163
2001-01-10,0.1326117039505067
2001-01-11,0.08427557870442415
2001-01-12,0.11971327223865148
2001-01-13,0.04574205739152943
2001-01-14,0.048223855318875505
2001-01-15,0.07673623709171695
2001-01-16,0.2308006685669246
2001-01-17,0.337892058646814
2001-01-18,0.48449628826094204
2001-01-19,0.1333298604578837
2001-01-20,0.30490058153392985
2001-01-21,0.8998292869541171
2001-01-22,0.7554513586951891
2001-01-23,0.5649983756705205
2001-01-24,0.055438185260122494
2001-01-25,0.049544583975711175
2001-01-26,0.10937294605713464
2001-01-27,0.3406025404242211
2001-01-28,0.2157966106464165
2001-01-29,0.7410569144759527
2001-01-30,0.4041139580030734
2001-01-31,0.5268881696680863
2001-02-01,0.35752523176830137
2001-02-02,0.3099774255061468
2001-02-03,0.11579941094870397
2001-02-04,0.18018404017747097
2001-02-05,0.11051369162913083
2001-02-06,0.028812221362882598
2001-02-07,0.010701066074234619
2001-02-08,0.021829268458559776
2001-02-09,0.0121724023028519
2001-02-10,0.0462083443214234
2001-02-11,0.10859981963705281
2001-02-12,0.036266656209116135
2001-02-13,0.3578873368823236
2001-02-14,0.8114957527911747
2001-02-15,0.6802840957744236
2001-02-16,0.20721813372485873
2001-02-17,0.1072910685218672
2001-02-18,0.09710015823855328
2001-02-19,0.5300665695497254
2001-02-20,0.3700280046474847
2001-02-21,0.7758979538039178
2001-02-22,0.9430896901327388
2001-02-23,0.30531790257940666
2001-02-24,0.5869700288645807
2001-02-25,1.034269408522571
2001-02-26,1.1515718478038668
2001-02-27,0.18782757864825098
2001-02-28,0.8193900208205753
2001-03-01,0.42373216567846445
2001-03-02,0.20051028055092046
2001-03-03,0.2758573839331652
2001-03-04,0.5886820686207793
2001-03-05,0.6867022282013999
2001-03-06,0.2496962561644201
2001-03-07,0.33792764803212444
2001-03-08,0.10804577422290691
2001-03-09,0.2790974513376308
2001-03-10,0.1995822759365061
2001-03-11,0.2944523044860474
2001-03-12,0.3563539002705983
2001-03-13,0.6193136802285956
2001-03-14,0.5094999500930208
2001-03-15,0.3040890315311912
2001-03-16,0.09413071762110967
2001-03-17,0.12467916833402427
2001-03-18,0.22862873046092302
2001-03-19,0.6958597550868034
2001-03-20,0.7128773347117655
2001-03-21,0.762176500385082
2001-03-22,1.0739039261840992
2001-03-23,0.7646333374704478
2001-03-24,0.7304548827356703
2001-03-25,0.27982382078469126
2001-03-26,0.39296044081623827
2001-03-27,1.1386272525011067
2001-03-28,1.5769736268300094
2001-03-29,1.5281582668735565
2001-03-30,2.3441844914715473
2001-03-31,1.2253113250005319
2001-04-01,0.6051800596975939
2001-04-02,0.5009472875194609
2001-04-03,0.35721346444997404
2001-04-04,0.22247656037050428
2001-04-05,0.18953481348725618
2001-04-06,0.3046137192698127
2001-04-07,0.2410903856738641
2001-04-08,1.2481151142968738
2001-04-09,1.1827661445574067
2001-04-10,1.5528817495262288
2001-04-11,1.68322639948395
2001-04-12,2.3543845547230213
2001-04-13,2.8483641838246254
2001-04-14,1.2725668632468454
2001-04-15,1.5339025405259463
2001-04-16,1.4344561786945693
2001-04-17,1.5032451202800865
2001-04-18,1.3342157753115098
2001-04-19,1.1175805266339789
2001-04-20,0.5035871201550657
2001-04-21,0.20362115212259885
2001-04-22,0.35629068754536564
2001-04-23,0.2997680423151191
2001-04-24,0.4191776833964992
2001-04-25,1.5232300473655809
2001-04-26,1.5128457693219088
2001-04-27,2.7295772325376038
2001-04-28,1.602523721763448
2001-04-29,1.6587916078514653
2001-04-30,1.735975985357788
2001-05-01,2.2848360240119887
2001-05-02,1.7489457263613217
2001-05-03,2.4098904510214143
2001-05-04,1.2433531477606747
2001-05-05,2.9582729242358226
2001-05-06,2.9630012600420987
2001-05-07,5.721935914728312
2001-05-08,4.592665374373571
2001-05-09,4.25907611513545
2001-05-10,2.571638902710678
2001-05-11,1.364550230414704
2001-05-12,2.143574044350538
2001-05-13,0.8334404309189061
2001-05-14,0.7777683694204764
2001-05-15,1.2041512916790857
2001-05-16,1.2415458928805592
2001-05-17,1.6456397941309029
2001-05-18,1.68308141715121
2001-05-19,0.711458877398633
2001-05-20,1.3867889443176291
2001-05-21,1.1781212757167236
2001-05-22,1.505439894894946
2001-05-23,1.7266004405275317
2001-05-24,1.1221933798981938
2001-05-25,1.6461874341096636
2001-05-26,2.52242173993328
2001-05-27,2.5830245859926846
2001-05-28,2.815368442185859
2001-05-29,3.4227010526414605
2001-05-30,4.450031499652222
2001-05-31,7.31546755958193
2001-06-01,3.569820100697022
2001-06-02,4.344637917397316
2001-06-03,7.40275175306024
2001-06-04,6.371488349865185
2001-06-05,6.060916794548864
2001-06-06,5.256214826608782
2001-06-07,4.9305124737362185
2001-06-08,4.167286344568876
2001-06-09,3.5407041026039128
2001-06-10,4.190425800712764
2001-06-11,6.387851791872584
2001-06-12,6.693698222882566
2001-06-13,9.213548932778101
2001-06-14,8.598862079183954
2001-06-15,7.370760231811816
2001-06-16,6.831500537954643
2001-06-17,7.309816179728908
2001-06-18,6.014778298417622
2001-06-19,5.095921507093057
2001-06-20,3.607433380071016
2001-06-21,3.1813354034458294
2001-06-22,4.024860017716835
2001-06-23,4.55919007135669
2001-06-24,5.31860213280374
2001-06-25,4.268387967713771
2001-06-26,4.956605691036422
2001-06-27,5.007137462954762
2001-06-28,4.203157131586214
2001-06-29,6.023878195966977
2001-06-30,8.444643399518261
2001-07-01,6.0240268455146175
2001-07-02,6.310883362746461
2001-07-03,6.451992980791025
2001-07-04,5.470655599265214
2001-07-05,6.589062540855677
2001-07-06,6.742073438806857
2001-07-07,6.491834285727708
2001-07-08,8.687353554027478
2001-07-09,11.530614464835052
2001-07-10,8.321773062608015
2001-07-11,10.63886671369915
2001-07-12,5.733716858672221
2001-07-13,6.233418262299384
2001-07-14,6.226124502005614
2001-07-15,9.1644840824404
2001-07-16,9.229510814007108
2001-07-17,6.24016449993304
2001-07-18,5.843228616079279
2001-07-19,7.4974620046597416
2001-07-20,6.443208523150992
2001-07-21,7.1222162127968005
2001-07-22,5.785353113138369
2001-07-23,5.945630792337038
2001-07-24,5.098252252002365
2001-07-25,6.9064211025911515
2001-07-26,6.564028677091172
2001-07-27,6.419526889618749
2001-07-28,8.212883198272028
2001-07-29,7.689941009200282
2001-07-30,6.716965425421567
2001-07-31,8.342664539232736
2001-08-01,9.02196362470944
2001-08-02,9.113520967270839
2001-08-03,8.852919720414969
2001-08-04,5.981362494618612
2001-08-05,5.8674773642798534
2001-08-06,6.506043945214986
2001-08-07,6.668887015517583
2001-08-08,5.975589915208832
2001-08-09,7.684376852467733
2001-08-10,5.460358795524551
2001-08-11,7.436042173503721
2001-08-12,8.259425122947237
2001-08-13,10.732775605093236
2001-08-14,8.85988067755385
2001-08-15,5.062651953226871
2001-08-16,5.452584437954348
2001-08-17,6.610196753516526
2001-08-18,5.445946589370904
2001-08-19,4.87905641308414
2001-08-20,4.713549164076986
2001-08-21,3.7672295119965753
2001-08-22,5.898852942300342
2001-08-23,4.384652814210605
2001-08-24,3.8887479059860426
2001-08-25,2.9589602777326487
2001-08-26,4.206465526801706
2001-08-27,4.88854155123059
2001-08-28,3.5412617981664836
2001-08-29,3.286703033301208
2001-08-30,3.6605347998003923
2001-08-31,3.755922616815259
2001-09-01,5.6783449171759415
2001-09-02,4.373223891363965
2001-09-03,3.8130528597317634
2001-09-04,4.328882215364394
2001-09-05,4.605557745821805
2001-09-06,3.1226265195410083
2001-09-07,2.519314085515576
2001-09-08,2.6254429236541017
2001-09-09,3.807909824552666
2001-09-10,5.097219943780303
2001-09-11,4.225720143034269
2001-09-12,3.5002437767262045
2001-09-13,3.3143744391123886
2001-09-14,4.517166491759303
2001-09-15,4.440696510269761
2001-09-16,7.245972243827589
2001-09-17,4.1232545319379685
2001-09-18,3.413102840811248
2001-09-19,3.379942829575982
2001-09-20,1.706005009638272
2001-09-21,2.821742864986264
2001-09-22,3.430535275265707
2001-09-23,3.101675485724753
2001-09-24,2.294741433066099
2001-09-25,4.362897731666366
2001-09-26,3.705547831379835
2001-09-27,4.020165474858329
2001-09-28,2.0705346779476153
2001-09-29,2.435497347971785
2001-09-30,5.0967604807522235
2001-10-01,5.6732873819430125
2001-10-02,8.897781410174872
2001-10-03,7.602726206136133
2001-10-04,6.079755728713273
2001-10-05,6.9296217333269094
2001-10-06,5.798871926217779
2001-10-07,3.6424453671581185
2001-10-08,3.0923102372190048
2001-10-09,6.144651465986051
2001-10-10,3.3597677819702603
2001-10-11,2.44887307089234
2001-10-12,2.1445940090318465
2001-10-13,2.3909866619897873
2001-10-14,2.4985190038542915
2001-10-15,2.4054109536345263
2001-10-16,3.792067991095822
2001-10-17,1.6295621978616375
2001-10-18,1.3684933106978296
2001-10-19,1.0451115856498996
2001-10-20,0.5749869588992901
2001-10-21,0.3027667857712856
2001-10-22,0.35056009725263687
2001-10-23,0.5645762439872641
2001-10-24,0.9175484664369337
2001-10-25,1.0174831564572724
2001-10-26,1.4936585135521372
2001-10-27,2.3645929532453636
2001-10-28,2.63647398307799
2001-10-29,1.3226253012871914
2001-10-30,1.6815245400554575
2001-10-31,1.9380283544995123
2001-11-01,1.7917690415741188
2001-11-02,0.49654550811565257
2001-11-03,0.6014304538362981
2001-11-04,0.9303602467292392
2001-11-05,1.2497038944797925
2001-11-06,1.8054878484367458
2001-11-07,1.2103865282989068
2001-11-08,0.6189030605824809
2001-11-09,0.519363669515712
2001-11-10,1.6296050540054081
2001-11-11,1.7988489024844907
2001-11-12,0.46381390804854095
2001-11-13,0.23667741194289704
2001-11-14,0.3056221763537974
2001-11-15,1.1814635533709228
2001-11-16,0.9173838343485342
2001-11-17,0.31057490144738226
2001-11-18,0.5765242489695077
2001-11-19,0.14318375687901855
2001-11-20,0.05557812914670003
2001-11-21,0.5353144866894489
2001-11-22,0.5927926890689471
2001-11-23,0.07101596073746333
2001-11-24,0.03040145121536317
2001-11-25,0.034978564650957965
2001-11-26,0.04869928410990504
2001-11-27,0.05230678830507885
2001-11-28,0.051717873399700236
2001-11-29,0.03553593784085765
2001-11-30,0.1565089890858691
2001-12-01,0.032173610212937395
2001-12-02,0.12785475762293338
2001-12-03,0.8281839515251012
2001-12-04,0.29331723700284074
2001-12-05,0.13582667572647178
2001-12-06,0.2997431805364873
2001-12-07,0.13509837185023124
2001-12-08,0.11998988655904595
2001-12-09,0.030777953272095933
2001-12-10,0.09895986205592053
2001-12-11,0.1169025775888024
2001-12-12,0.09576239844653062
2001-12-13,0.3071300997754261
2001-12-14,0.5675984544598405
2001-12-15,0.5954757929101502
2001-12-16,0.23236264019933353
2001-12-17,0.23111815289793383
2001-12-18,0.40793942651980486
2001-12-19,0.5246189399304133
2001-12-20,1.197362622582619
2001-12-21,0.8258884066923582
2001-12-22,0.25496934654563547
2001-12-23,0.3552990122279576
2001-12-24,0.23832344485264934
2001-12-25,0.15913196788658476
2001-12-26,0.21277059407068066
2001-12-27,0.09463535623811445
2001-12-28,0.036845575692243955
2001-12-29,0.2760627711533926
2001-12-30,0.11560178485419423
2001-12-31,0.07957223618173997
2002-01-01,0.04310866173793143
2002-01-02,0.052725545750477706
2002-01-03,0.015392645827423649
2002-01-04,0.09736750748491756
2002-01-05,0.2363505096899953
2002-01-06,0.30080458981314667
2002-01-07,0.3856872238716226
2002-01-08,0.3964116215332444
2002-01-09,0.3313711813742843
2002-01-10,0.1984340804811625
2002-01-11,0.06193097226525747
2002-01-12,0.4239894710325496
2002-01-13,0.2619153627386948
2002-01-14,0.21974212048904615
2002-01-15,2.1020400583485235
2002-01-16,0.45952601308462526
2002-01-17,0.1614368743882026
2002-01-18,0.191284492439951
2002-01-19,0.18387247749302874
2002-01-20,0.18846686849136135
2002-01-21,0.14921474718591485
2002-01-22,0.45918110581254756
2002-01-23,0.5403133841715306
2002-01-24,0.0820032723846754
2002-01-25,0.10569804281579645
2002-01-26,0.39503156054929933
2002-01-27,0.9955504466168917
2002-01-28,0.8118711077430021
2002-01-29,0.30726412250806046
2002-01-30,0.14456672367683718
2002-01-31,0.28035961737447246
2002-02-01,0.5720158239301697
2002-02-02,0.22693882444939167
2002-02-03,0.11815639640531307
2002-02-04,0.18272763605410675
2002-02-05,0.2992745547005645
2002-02-06,0.20644744532776316
2002-02-07,0.5131226160568684
2002-02-08,0.5283831680255827
2002-02-09,0.22223118984867604
2002-02-10,1.4850693722293127
2002-02-11,2.8462222366996603
2002-02-12,0.47758869112386276
2002-02-13,0.10359392705660928
2002-02-14,0.24236394803730604
2002-02-15,0.3205279440858557
2002-02-16,0.2232369129582424
2002-02-17,0.12867720163006405
2002-02-18,0.032932271280755966
2002-02-19,0.37324942473415695
2002-02-20,0.1266538683185393
2002-02-21,0.836549764871927
2002-02-22,1.0992078348731225
2002-02-23,0.5151946123677026
2002-02-24,0.39716187918382473
2002-02-25,1.5287346224133092
2002-02-26,0.2773887168609553
2002-02-27,0.046033938766790544
2002-02-28,0.6924651479952362
2002-03-01,1.471438246896246
2002-03-02,1.7713114164360648
2002-03-03,0.521987967333196
2002-03-04,0.07171461025054367
2002-03-05,0.07161159797176898
2002-03-06,0.16902379041871973
2002-03-07,0.3153684336783463
2002-03-08,0.6514957961636276
2002-03-09,0.7317164110140038
2002-03-10,0.30820777396915566
2002-03-11,0.18395545328005014
2002-03-12,0.17761729180518862
2002-03-13,0.24434769076180587
2002-03-14,0.5528568557460113
2002-03-15,0.6394459703256977
2002-03-16,0.44730275861311886
2002-03-17,0.3310911757503041
2002-03-18,0.21102924929480602
2002-03-19,0.4050385630999843
2002-03-20,0.5754852557409159
2002-03-21,0.8309451131117608
2002-03-22,1.06226527330795
2002-03-23,0.7146799438722925
2002-03-24,0.7137536057092794
2002-03-25,0.291503206583376
2002-03-26,1.5451812954862632
2002-03-27,0.8931861094248544
2002-03-28,0.6453858295126983
2002-03-29,0.9247524364626217
2002-03-30,0.733137503769241
2002-03-31,0.8167968418697196
2002-04-01,1.5991786911447143
2002-04-02,0.48086828390399855
2002-04-03,0.900583013760518
2002-04-04,0.9578983315250104
2002-04-05,0.9841883738670301
2002-04-06,1.5696981873143172
2002-04-07,1.1980142494355301
2002-04-08,2.626156875831684
2002-04-09,1.160140263660794
2002-04-10,1.17162172691117
2002-04-11,0.9760585087807178
2002-04-12,1.0493716056252136
2002-04-13,0.8155411016807054
2002-04-14,0.9960407756522922
2002-04-15,1.4095970765677568
2002-04-16,1.2038471087867895
2002-04-17,1.0045221370802209
2002-04-18,2.149121822464648
2002-04-19,1.564080528840955
2002-04-20,1.1400308487046311
2002-04-21,2.6811161904332987
2002-04-22,1.951883534658328
2002-04-23,0.33355551438008
2002-04-24,0.4582261874865659
2002-04-25,0.39108915666216154
2002-04-26,1.5171350884461556
2002-04-27,0.3399189555525164
2002-04-28,1.0345544262294144
2002-04-29,2.348686671761214
2002-04-30,1.4022299131299363
2002-05-01,1.599912839611284
2002-05-02,3.633444683793072
2002-05-03,1.854941861260189
2002-05-04,0.9787411758570023
2002-05-05,1.200728721702595
2002-05-06,1.2286650097839296
2002-05-07,0.6816659269985568
2002-05-08,1.364803980394859
2002-05-09,1.0847980297659099
2002-05-10,1.7255608999815815
2002-05-11,3.201613438928361
2002-05-12,1.8715855921201274
2002-05-13,1.6102010482120102
2002-05-14,5.542573189906028
2002-05-15,1.831219166764006
2002-05-16,2.055871613788661
2002-05-17,2.827577454466785
2002-05-18,4.141256779091265
2002-05-19,2.3911772976519017
2002-05-20,3.9539818743761455
2002-05-21,3.984210918097723
2002-05-22,1.933929487637817
2002-05-23,1.7521342933999127
2002-05-24,1.8684373682748259
2002-05-25,2.253534162937108
2002-05-26,3.763958980987921
2002-05-27,2.8812834680029202
2002-05-28,1.6365406904408386
2002-05-29,2.4393669333272845
2002-05-30,2.135927895889582
2002-05-31,3.0619963485873787
2002-06-01,2.797402327727897
2002-06-02,3.0978685404815987
2002-06-03,2.9608508795007795
2002-06-04,3.5107705628233274
2002-06-05,3.0873598518946888
2002-06-06,3.3775820270177865
2002-06-07,2.7852715491123177
2002-06-08,2.153731091008791
2002-06-09,4.725971284446013
2002-06-10,8.881031191695897
2002-06-11,5.689718228995492
2002-06-12,5.212338328211959
2002-06-13,6.7193963877917
2002-06-14,4.660631805743498
2002-06-15,4.458058927984376
2002-06-16,3.2057436788436666
2002-06-17,3.9150195476663967
2002-06-18,5.482510193550045
2002-06-19,5.1459952323856415
2002-06-20,4.690982316046468
2002-06-21,5.2381148091008365
2002-06-22,4.0784304795240685
2002-06-23,6.599916388334485
2002-06-24,7.498417021474898
2002-06-25,6.827437368501986
2002-06-26,6.965339561043321
2002-06-27,5.608537306786453
2002-06-28,4.910245031489852
2002-06-29,5.785066009249974
2002-06-30,8.192994358633593
2002-07-01,8.763349365946594
2002-07-02,4.993538422150186
2002-07-03,5.885391576110639
2002-07-04,6.2585761003812035
2002-07-05,5.316905342464071
2002-07-06,3.721265069884507
2002-07-07,3.653131485080135
2002-07-08,5.1781667518548895
2002-07-09,4.369029201505805
2002-07-10,3.686704193153982
2002-07-11,4.793039644420589
2002-07-12,3.3756195178365185
2002-07-13,3.1373283612175613
2002-07-14,3.8408353841185217
2002-07-15,4.894732876372446
2002-07-16,4.944015563800967
2002-07-17,4.89364690175328
2002-07-18,4.745267403441396
2002-07-19,7.196734280073526
2002-07-20,10.601095986104887
2002-07-21,9.099645055543311
2002-07-22,6.654933786845969
2002-07-23,5.517096444586261
2002-07-24,3.5572028340918638
2002-07-25,2.6293213647303237
2002-07-26,3.1550780609650553
2002-07-27,4.7028820642080005
2002-07-28,4.11991757693287
2002-07-29,4.755063606466935
2002-07-30,6.238929094827955
2002-07-31,6.891421903939451
2002-08-01,6.652731660294899
2002-08-02,9.837507222062563
2002-08-03,9.565212278230272
2002-08-04,5.450099763293277
2002-08-05,5.223277546241865
2002-08-06,5.711494072070038
2002-08-07,6.173409792564746
2002-08-08,8.594888553834576
2002-08-09,8.545528225510107
2002-08-10,9.146590333020537
2002-08-11,12.20531553787435
2002-08-12,10.68037483266425
2002-08-13,7.541381623474211
2002-08-14,4.477854124093402
2002-08-15,4.656747597982776
2002-08-16,7.673615406916742
2002-08-17,6.627709596877945
2002-08-18,5.748882252056745
2002-08-19,3.7972639040772664
2002-08-20,5.607546197162776
2002-08-21,5.764118697856641
2002-08-22,6.372330462699014
2002-08-23,8.259591747619465
2002-08-24,7.360305318768362
2002-08-25,4.537447825435591
2002-08-26,2.904696884446801
2002-08-27,4.857088747404094
2002-08-28,6.438503878095717
2002-08-29,6.2121303700029324
2002-08-30,5.934779752902806
2002-08-31,4.767159387876234
2002-09-01,5.151986109250453
2002-09-02,5.407343451253444
2002-09-03,7.28106980946433
2002-09-04,8.438782663465549
2002-09-05,6.610225274764533
2002-09-06,6.5558680176437365
2002-09-07,3.1049809138205164
2002-09-08,3.725341593894406
2002-09-09,3.472072162030844
2002-09-10,3.52826759673846
2002-09-11,3.002296218460655
2002-09-12,3.3589937120382296
2002-09-13,4.499121438406537
2002-09-14,3.579571685620005
2002-09-15,3.1367304371695837
2002-09-16,2.607977256477689
2002-09-17,2.2404929149553507
2002-09-18,2.16255753359481
2002-09-19,1.731542233687122
2002-09-20,2.7186154892935535
2002-09-21,2.6670532086565144
2002-09-22,4.219022704072795
2002-09-23,3.638991862723481
2002-09-24,3.9619087466191845
2002-09-25,4.4427545811750795
2002-09-26,1.8388574382270448
2002-09-27,2.76168999299562
2002-09-28,3.3981559168610818
2002-09-29,3.237406579291588
2002-09-30,3.1244695064155272
2002-10-01,2.4303022500629936
2002-10-02,1.6444379897569383
2002-10-03,1.6943567151690915
2002-10-04,0.8538541196874682
2002-10-05,1.4169423972427522
2002-10-06,1.4042997229260177
2002-10-07,1.8885229530152143
2002-10-08,3.800730123143455
2002-10-09,1.7083352466990265
2002-10-10,1.632447874438788
2002-10-11,1.6778714315680336
2002-10-12,2.911597954317347
2002-10-13,2.203267535151396
2002-10-14,3.890042144424865
2002-10-15,5.071601003199822
2002-10-16,2.9719597136229225
2002-10-17,3.225507612962763
2002-10-18,2.5717776084347186
2002-10-19,1.90367622398046
2002-10-20,1.5471109821885087
2002-10-21,0.5586804605602875
2002-10-22,0.6546443524493964
2002-10-23,0.9452629954609784
2002-10-24,0.7111041095910925
2002-10-25,0.715426448967079
2002-10-26,1.6849566697829013
2002-10-27,1.697636094377412
2002-10-28,1.308484400509177
2002-10-29,1.155662490231547
2002-10-30,1.2449939783335973
2002-10-31,1.0179189360546095
2002-11-01,1.303907867127375
2002-11-02,1.264642414498569
2002-11-03,0.7952701971395331
2002-11-04,0.5934522085844904
2002-11-05,0.7024510825669221
2002-11-06,0.6882386952941936
2002-11-07,0.9693626683514766
2002-11-08,0.6433633379485171
2002-11-09,1.1537358143819385
2002-11-10,1.2864384859755316
2002-11-11,1.8883333022412243
2002-11-12,3.433927436306677
2002-11-13,1.5837333379331884
2002-11-14,0.2160125825869904
2002-11-15,0.17370146975008624
2002-11-16,0.4375479469656583
2002-11-17,0.4296008292386221
2002-11-18,0.5934640277952724
2002-11-19,0.486434291419856
2002-11-20,0.32833127486626296
2002-11-21,0.3577382723951877
2002-11-22,0.5135741324535255
2002-11-23,0.37737921376025924
2002-11-24,0.2722176307599672
2002-11-25,0.470278303187264
2002-11-26,0.17155215264548979
2002-11-27,0.3525461333142714
2002-11-28,0.588907086614009
2002-11-29,0.11697719863567378
2002-11-30,0.053970068032247485
2002-12-01,0.15221382796048832
2002-12-02,0.13909174699611407
2002-12-03,0.25964075950804427
2002-12-04,0.25242711592390404
2002-12-05,0.4636514516461938
2002-12-06,0.7066206665035067
2002-12-07,0.543482057107488
2002-12-08,0.3859854040348384
2002-12-09,0.46740005129795237
2002-12-10,0.508731102050642
2002-12-11,0.45512217117300957
2002-12-12,0.2480931475303778
2002-12-13,0.37359319689124326
2002-12-14,0.31301008292307114
2002-12-15,0.21059205804700756
2002-12-16,0.22394427495550887
2002-12-17,0.36521978045860787
2002-12-18,0.7115613052450616
2002-12-19,0.4083787884753197
2002-12-20,0.21558970392117868
2002-12-21,0.1638782506637116
2002-12-22,0.34582905171453643
2002-12-23,0.7825868524412506
2002-12-24,0.4159788183154186
2002-12-25,0.12875992397237157
2002-12-26,0.022527047894233567
2002-12-27,0.10230201731535025
2002-12-28,0.04254656899495856
2002-12-29,0.05080289479781157
2002-12-30,0.16258388289129921
2002-12-31,0.9922897893051834
2003-01-01,0.24886300442511278
2003-01-02,0.07219883478332845
2003-01-03,0.10876046991277831
2003-01-04,0.2718741798515124
2003-01-05,0.24409084972083123
2003-01-06,0.5871082651939875
2003-01-07,0.28216585237648817
2003-01-08,0.04247514952882963
2003-01-09,0.16568421690594193
2003-01-10,0.29932128996093654
2003-01-11,0.2319126370231808
2003-01-12,0.28274963237282175
2003-01-13,0.8184347391975494
2003-01-14,0.39037664521109877
2003-01-15,0.42558465263935313
2003-01-16,0.4113561392575479
2003-01-17,0.5394601003138146
2003-01-18,0.17603395456193757
2003-01-19,0.10224941412571456
2003-01-20,0.14990059719407822
2003-01-21,0.08784699748505097
2003-01-22,0.060776534949464854
2003-01-23,0.14210849974671566
2003-01-24,0.06928106904152159
2003-01-25,0.03221626542739024
2003-01-26,0.16041053539742312
2003-01-27,0.6918979956874814
2003-01-28,1.036563939685423
2003-01-29,1.5932499568635086
2003-01-30,0.5367515632372429
2003-01-31,1.2729948932769695
2003-02-01,0.44407298313566157
2003-02-02,0.19234737806918986
2003-02-03,0.14327651353001022
2003-02-04,0.26289625222018853
2003-02-05,0.40809374388500447
2003-02-06,0.3748392896786821
2003-02-07,0.2147332083742532
2003-02-08,0.23149960235913322
2003-02-09,0.26721497502917446
2003-02-10,0.03521249392131237
2003-02-11,0.2801442586889039
2003-02-12,0.8401172674018141
2003-02-13,0.7308402152585742
2003-02-14,0.7194456959875485
2003-02-15,0.8672868720315591
2003-02-16,2.1650257504509804
2003-02-17,3.958335512083662
2003-02-18,3.482143593097034
2003-02-19,2.5747919176492577
2003-02-20,0.41511123959313573
2003-02-21,0.12548998172342352
2003-02-22,0.20308465711125606
2003-02-23,0.34949887352166376
2003-02-24,0.18702979294882977
2003-02-25,0.27143187581882144
2003-02-26,0.19100591440552642
2003-02-27,0.1935700393743615
2003-02-28,0.1420671317967356
2003-03-01,0.6206300369628075
2003-03-02,0.24698969152138595
2003-03-03,0.17889140815813206
2003-03-04,0.0813708402744894
2003-03-05,0.06679131114502726
2003-03-06,0.11517804921905649
2003-03-07,0.17105167842323907
2003-03-08,0.13097847048756828
2003-03-09,0.5945883759648488
2003-03-10,0.4346368193727668
2003-03-11,0.5384881332276711
2003-03-12,3.1220916135169046
2003-03-13,1.9640588605620293
2003-03-14,1.5490540227062182
2003-03-15,0.7151250024578245
2003-03-16,1.6568200776970883
2003-03-17,1.4604721378975318
2003-03-18,0.8517189072696771
2003-03-19,0.5926507785675207
2003-03-20,0.561819703865909
2003-03-21,0.3847309497668109
2003-03-22,0.338027196025508
2003-03-23,0.5905017113225961
2003-03-24,0.7899491943409536
2003-03-25,1.2652219649942151
2003-03-26,0.9346829519543236
2003-03-27,0.9979072594509832
2003-03-28,1.086691949474781
2003-03-29,0.7460771470704155
2003-03-30,0.6392147434216974
2003-03-31,0.3158002733278488
2003-04-01,0.2508323818875881
2003-04-02,0.4901110933061306
2003-04-03,0.7320651334528812
2003-04-04,1.4766070269422118
2003-04-05,0.4592291896669088
2003-04-06,0.3220110582491409
2003-04-07,0.3964228219000797
2003-04-08,0.3807583659750461
2003-04-09,0.7675797109223982
2003-04-10,1.0495511039818635
2003-04-11,1.3561422046457237
2003-04-12,0.985314168014764
2003-04-13,1.4478124666378862
2003-04-14,2.069254383557339
2003-04-15,1.7543587487890298
2003-04-16,1.2260978430214693
2003-04-17,1.8300856241805654
2003-04-18,1.7149917281086322
2003-04-19,1.8541310353228282
2003-04-20,1.6606621635039356
2003-04-21,1.5465300652429235
2003-04-22,1.5008307312612097
2003-04-23,0.739563145656117
2003-04-24,0.6031203442075329
2003-04-25,0.7729374848660402
2003-04-26,1.934902969264237
2003-04-27,1.165572952877127
2003-04-28,1.3167668717950203
2003-04-29,1.2913068728052692
2003-04-30,1.7158102885986766
2003-05-01,3.9929844459548454
2003-05-02,1.7627708127440713
2003-05-03,3.011578644820563
2003-05-04,5.599840015575957
2003-05-05,1.016246607282603
2003-05-06,1.1878610002345864
2003-05-07,1.0187291640759326
2003-05-08,1.0336036651313494
2003-05-09,1.1316810885281872
2003-05-10,1.3099498727319674
2003-05-11,1.5163397927632751
2003-05-12,1.8350600225710303
2003-05-13,1.9368186644284962
2003-05-14,1.1267664198009237
2003-05-15,1.7329117515685288
2003-05-16,1.8503298663487058
2003-05-17,1.5251284943688972
2003-05-18,1.351891814645065
2003-05-19,1.656483154525393
2003-05-20,0.8703571949349733
2003-05-21,0.9326755087508919
2003-05-22,1.0316557398624415
2003-05-23,0.664298648629169
2003-05-24,2.1383116373870186
2003-05-25,2.2669003586414878
2003-05-26,1.3443773443271867
2003-05-27,2.353738654838732
2003-05-28,0.9968454866809695
2003-05-29,0.9137929436931754
2003-05-30,1.1002821718513698
2003-05-31,1.389156963484432
2003-06-01,2.310230748194038
2003-06-02,3.1885876942698816
2003-06-03,4.884789195522378
2003-06-04,4.811662974721909
2003-06-05,6.7389470175756
2003-06-06,2.9597113446674146
2003-06-07,4.285386537166516
2003-06-08,3.2104907712949027
2003-06-09,2.4351820911633273
2003-06-10,4.83363298382902
2003-06-11,4.796634173742952
2003-06-12,2.727379607178838
2003-06-13,4.022143927073724
2003-06-14,3.1734748877983256
2003-06-15,3.3307336758339976
2003-06-16,2.986993896013619
2003-06-17,4.49195678386858
2003-06-18,6.474134408788243
2003-06-19,9.450490079369017
2003-06-20,9.493449324633312
2003-06-21,7.974567459699624
2003-06-22,7.7797642288352895
2003-06-23,8.446753071993783
2003-06-24,7.028289102675863
2003-06-25,4.771028006372642
2003-06-26,7.855506834598691
2003-06-27,8.622233907244174
2003-06-28,6.635709356354427
2003-06-29,6.7962083694026685
2003-06-30,6.874825898273507
2003-07-01,5.1892300194572245
2003-07-02,5.379308782859627
2003-07-03,4.737640767913948
2003-07-04,7.493829841908075
2003-07-05,6.862679125101733
2003-07-06,6.5735298968810785
2003-07-07,8.896144509757805
2003-07-08,9.185083892078593
2003-07-09,10.064652233139336
2003-07-10,9.013620039705012
2003-07-11,6.382875271273965
2003-07-12,5.700259040910318
2003-07-13,6.835926550050888
2003-07-14,6.098819390237864
2003-07-15,6.144272823595179
2003-07-16,6.2514932308084825
2003-07-17,5.1954449308857065
2003-07-18,4.038551469111825
2003-07-19,4.709214761609313
2003-07-20,6.105258501183924
2003-07-21,6.91622895870965
2003-07-22,5.835527382818434
2003-07-23,7.316601831209554
2003-07-24,9.182441228205768
2003-07-25,6.356909181955521
2003-07-26,9.928224736357846
2003-07-27,9.964592145644147
2003-07-28,7.643743780874061
2003-07-29,11.212168754383013
2003-07-30,10.437761172249209
2003-07-31,4.351628377561559
2003-08-01,5.209308287434349
2003-08-02,4.420735174085013
2003-08-03,4.1146671448383865
2003-08-04,4.338327212514899
2003-08-05,4.642728085572023
2003-08-06,4.235571135603185
2003-08-07,5.669629662917809
2003-08-08,4.819837252906753
2003-08-09,6.691182501537974
2003-08-10,5.066173087034771
2003-08-11,5.512406650633436
2003-08-12,5.474103992510221
2003-08-13,5.822218705418566
2003-08-14,5.244808085006477
2003-08-15,3.6342739419776304
2003-08-16,3.940098781168683
2003-08-17,7.381861640732715
2003-08-18,9.161061269443744
2003-08-19,5.286603465486479
2003-08-20,4.609496629773153
2003-08-21,6.808531408334111
2003-08-22,10.292657564240002
2003-08-23,9.603280705997463
2003-08-24,7.711877421712902
2003-08-25,4.26947236435403
2003-08-26,7.070349433319861
2003-08-27,7.515976765993765
2003-08-28,5.9653699641225
2003-08-29,5.746818771361849
2003-08-30,4.042792609781299
2003-08-31,5.0815273808629255
2003-09-01,6.032028638265693
2003-09-02,5.067956253658422
2003-09-03,3.412254908217737
2003-09-04,5.082428216283652
2003-09-05,6.788121654983104
2003-09-06,4.98537041623216
2003-09-07,5.2328144881390815
2003-09-08,3.6519779584804866
2003-09-09,5.329051303691787
2003-09-10,6.029460654681994
2003-09-11,3.385648994555067
2003-09-12,3.491746938599597
2003-09-13,3.6253710899353644
2003-09-14,5.83875822834839
2003-09-15,4.714802205286898
2003-09-16,4.603757740537267
2003-09-17,5.121404118639062
2003-09-18,4.1319777385820675
2003-09-19,3.208108922431652
2003-09-20,4.238158044272035
2003-09-21,5.362487935942772
2003-09-22,7.062312648136608
2003-09-23,7.582248116241762
2003-09-24,6.234902531219154
2003-09-25,3.774182156703519
2003-09-26,5.658897429057672
2003-09-27,4.256943319025214
2003-09-28,4.49377961291796
2003-09-29,3.846331607060118
2003-09-30,3.734523163000849
2003-10-01,4.1162907384134275
2003-10-02,2.890472064882063
2003-10-03,1.6271894791364725
2003-10-04,1.9151802799446396
2003-10-05,2.4448154199162864
2003-10-06,5.746959947877437
2003-10-07,5.541228583150573
2003-10-08,5.858326125573786
2003-10-09,6.926896614093818
2003-10-10,3.5990746469137966
2003-10-11,1.0533084182065628
2003-10-12,1.0234200619934377
2003-10-13,2.272810788985829
2003-10-14,2.591053054414254
2003-10-15,1.4974330538954124
2003-10-16,0.8523586124094544
2003-10-17,0.9560578237500107
2003-10-18,2.273095849782689
2003-10-19,2.088483653913445
2003-10-20,2.4137558747883983
2003-10-21,2.529114696408284
2003-10-22,2.699828178468289
2003-10-23,2.6599513308119804
2003-10-24,2.1233050218321052
2003-10-25,1.4790015794250526
2003-10-26,2.6498052973348316
2003-10-27,1.2455411718623044
2003-10-28,0.7689532899431225
2003-10-29,0.44897160346080395
2003-10-30,0.8622609176083531
2003-10-31,1.8547220198245564
2003-11-01,1.4596575654936117
2003-11-02,0.6065394907784709
2003-11-03,0.4358822509398017
2003-11-04,0.32535591646462725
2003-11-05,0.5944980488603797
2003-11-06,0.7544855287871194
2003-11-07,0.9634157532116925
2003-11-08,1.1324826665475596
2003-11-09,0.42476176114407854
2003-11-10,0.030289421576069557
2003-11-11,0.08001344207490486
2003-11-12,0.13058863516125263
2003-11-13,0.32815452916301074
2003-11-14,1.2300496063503281
2003-11-15,0.9207671698157706
2003-11-16,0.4965192855050678
2003-11-17,0.23751267069389495
2003-11-18,0.06152218611271686
2003-11-19,0.1804300843078188
2003-11-20,0.4842437330366526
2003-11-21,0.32930779034169033
2003-11-22,0.24475932986855756
2003-11-23,0.1569571477686331
2003-11-24,0.036687907087566
2003-11-25,0.08391634326255518
2003-11-26,0.2700312232410925
2003-11-27,0.46501068545011054
2003-11-28,0.5596996599899493
2003-11-29,1.373792834941433
2003-11-30,0.3549775385000042
2003-12-01,0.10660463711776585
2003-12-02,0.09191209361808951
2003-12-03,0.10265528066797573
2003-12-04,0.03280686233126978
2003-12-05,0.0537832411743911
2003-12-06,0.0191935629021039
2003-12-07,0.09373936108175067
2003-12-08,0.2025623739954405
2003-12-09,0.11516662241304648
2003-12-10,0.05160055017037595
2003-12-11,0.16260171752276392
2003-12-12,0.6973434816188367
2003-12-13,0.3229764944758833
2003-12-14,0.5877367989453351
2003-12-15,0.7862022759436683
2003-12-16,0.4649251653616819
2003-12-17,0.11209896372588908
2003-12-18,0.0665136889589534
2003-12-19,0.18179568517122424
2003-12-20,0.15726432611882457
2003-12-21,0.06329142584095275
2003-12-22,0.179938210922697
2003-12-23,0.0959290316005573
2003-12-24,0.04135219785612437
2003-12-25,0.0993654576004612
2003-12-26,0.3985931129421405
2003-12-27,1.213508181549805
2003-12-28,0.6967318438693698
2003-12-29,0.029670959185907928
2003-12-30,0.0393932300072135
2003-12-31,0.16003308101791114
2004-01-01,0.05879917346913261
2004-01-02,0.03801781340281341
2004-01-03,0.10126480871775315
2004-01-04,0.1523120924039617
2004-01-05,0.6301633716882872
2004-01-06,0.14902117649342386
2004-01-07,0.1658505654471336
2004-01-08,0.5908173783605225
2004-01-09,0.13723141712022133
2004-01-10,0.11093566853150472
2004-01-11,0.11730617825033117
2004-01-12,0.08616327598855496
2004-01-13,0.1397019921219002
2004-01-14,0.17602055917634893
2004-01-15,0.4186358786127301
2004-01-16,0.7804688176309963
2004-01-17,0.3670791053169448
2004-01-18,0.11447181158117088
2004-01-19,0.06994746592789662
2004-01-20,0.5218620401761922
2004-01-21,1.6568184509279467
2004-01-22,0.9971275571922031
2004-01-23,2.6470809528213715
2004-01-24,1.2350020049918526
2004-01-25,0.24008207911475132
2004-01-26,0.3578193154280763
2004-01-27,0.1858250660714486
2004-01-28,0.24795209622972444
2004-01-29,0.8081228015143478
2004-01-30,0.6662403145507226
2004-01-31,0.36428887856466247
2004-02-01,0.5633434306090389
2004-02-02,0.13730971288279853
2004-02-03,0.05826281968784798
2004-02-04,0.15708998888595244
2004-02-05,0.45352387138073524
2004-02-06,0.4908228675895286
2004-02-07,0.08717775516221765
2004-02-08,0.7416280065691392
2004-02-09,0.7226801846167564
2004-02-10,0.09434412841256909
2004-02-11,0.026687073914817356
2004-02-12,0.03760858470566658
2004-02-13,0.1819534591744569
2004-02-14,0.1560861010531213
2004-02-15,0.27127965812208177
2004-02-16,0.19850298238396988
2004-02-17,0.7655283739118877
2004-02-18,0.7168754985638626
2004-02-19,0.2852242028765885
2004-02-20,0.3108638633581208
2004-02-21,0.05224761757575639
2004-02-22,0.19353958654054446
2004-02-23,0.42280003107773517
2004-02-24,0.268466348342143
2004-02-25,0.3042147632319065
2004-02-26,0.12508555231399784
2004-02-27,0.3135215798852732
2004-02-28,0.36831634631248433
2004-02-29,0.04074407809136082
2004-03-01,0.01616388128475737
2004-03-02,0.03703490185453745
2004-03-03,0.021201037916089027
2004-03-04,0.0476744073322672
2004-03-05,0.154964791911517
2004-03-06,0.8480354089174952
2004-03-07,1.0119691899163388
2004-03-08,0.17902829759847014
2004-03-09,0.17738856949372805
2004-03-10,0.38131809955592355
2004-03-11,0.16054285267329546
2004-03-12,0.08063123990220494
2004-03-13,0.23541641921897852
2004-03-14,0.44732820167721
2004-03-15,0.40661933671306605
2004-03-16,0.1564832119623237
2004-03-17,0.07008783525728371
2004-03-18,0.05420772627128972
2004-03-19,0.07705911197342839
2004-03-20,0.11525984304436014
2004-03-21,0.0659046533766971
2004-03-22,0.49271283878266836
2004-03-23,0.18457296426135716
2004-03-24,0.17593506811400936
2004-03-25,0.18805627674173217
2004-03-26,0.06548196058830548
2004-03-27,0.20524841772237945
2004-03-28,0.4936638979057426
2004-03-29,0.9415894876739533
2004-03-30,2.8457276633026036
2004-03-31,2.6831367052695994
2004-04-01,1.4658155041292187
2004-04-02,1.3435815881847846
2004-04-03,1.0639102243055059
2004-04-04,1.8842147514540983
2004-04-05,2.0912278574917393
2004-04-06,5.45768810392852
2004-04-07,3.9557975053073915
2004-04-08,0.8178258026667043
2004-04-09,0.5807742114380766
2004-04-10,0.23888550116338572
2004-04-11,0.6995643269643447
2004-04-12,1.696711260973682
2004-04-13,2.1097538719702267
2004-04-14,2.846224500215802
2004-04-15,2.3769082762340665
2004-04-16,2.086430246251743
2004-04-17,2.282760995536024
2004-04-18,3.33568928292242
2004-04-19,1.3559047157965407
2004-04-20,0.7244067155833431
2004-04-21,2.384591468374159
2004-04-22,2.5988696133931253
2004-04-23,2.58751708179654
2004-04-24,0.6159374956267168
2004-04-25,0.3960390432998685
2004-04-26,0.8293831053657615
2004-04-27,0.8641692206675843
2004-04-28,1.2554876867228133
2004-04-29,1.2996101574089132
2004-04-30,0.8327422832940469
2004-05-01,1.3542513811446635
2004-05-02,1.2126039277620142
2004-05-03,1.8702218067424925
2004-05-04,1.4379840321345403
2004-05-05,1.8731695812921194
2004-05-06,1.0131237380273193
2004-05-07,0.7435551294356517
2004-05-08,0.6256113481394381
2004-05-09,1.0387515654406045
2004-05-10,2.222270196043037
2004-05-11,2.6729143275241487
2004-05-12,2.22121087852055
2004-05-13,3.349269569753979
2004-05-14,6.217071226819842
2004-05-15,4.465480858434808
2004-05-16,5.0237644374381585
2004-05-17,5.823954811360714
2004-05-18,5.559517500951195
2004-05-19,4.512877154669981
2004-05-20,1.8023952633483764
2004-05-21,2.0154688996530163
2004-05-22,1.3955948630734614
2004-05-23,1.9804461223629501
2004-05-24,1.093583593457584
2004-05-25,1.738671684291966
2004-05-26,2.20264102998657
2004-05-27,3.2754311464192076
2004-05-28,2.042620950310313
2004-05-29,3.076212651087342
2004-05-30,2.9960952252665853
2004-05-31,3.3180872687569165
2004-06-01,3.927950309434023
2004-06-02,3.1318023155194608
2004-06-03,4.063764590941299
2004-06-04,2.1242334399997724
2004-06-05,2.3213598721890802
2004-06-06,3.160497058466497
2004-06-07,3.9442492044917508
2004-06-08,4.82611582939938
2004-06-09,5.2200160967688545
2004-06-10,5.577909836610381
2004-06-11,6.360980479851231
2004-06-12,7.859051301577068
2004-06-13,6.976930105960528
2004-06-14,7.95435915416313
2004-06-15,8.392741456898174
2004-06-16,12.118842616807028
2004-06-17,10.725977794433472
2004-06-18,9.988444880176003
2004-06-19,6.502300236056169
2004-06-20,7.348681833385005
2004-06-21,8.044000474529222
2004-06-22,5.704884525465629
2004-06-23,3.419792109784202
2004-06-24,2.5771213951820067
2004-06-25,1.2293853588071781
2004-06-26,1.5140705890735997
2004-06-27,2.52020363583849
2004-06-28,3.8921252196387335
2004-06-29,3.8148000449733934
2004-06-30,2.123871210258721
2004-07-01,4.143045364792839
2004-07-02,5.860611522420109
2004-07-03,5.915422154727181
2004-07-04,6.4794925603260864
2004-07-05,8.526931047077008
2004-07-06,8.21432699839197
2004-07-07,8.855543503004428
2004-07-08,8.077605382268166
2004-07-09,7.6995169933373155
2004-07-10,7.788337000300079
2004-07-11,5.930406197830175
2004-07-12,4.969047432581455
2004-07-13,6.255079591423784
2004-07-14,5.492110509561932
2004-07-15,7.098452849333449
2004-07-16,7.390581004564803
2004-07-17,7.754446093899616
2004-07-18,7.521850786380416
2004-07-19,6.967775094019288
2004-07-20,5.99033462917217
2004-07-21,4.17622327363359
2004-07-22,5.382022737462031
2004-07-23,6.462584979984716
2004-07-24,6.525361717246837
2004-07-25,6.222461121187104
2004-07-26,7.817330789846577
2004-07-27,6.729077648403326
2004-07-28,8.394508292052484
2004-07-29,9.246503521012718
2004-07-30,10.296425707885492
2004-07-31,8.927057068790548
2004-08-01,7.014683966075113
2004-08-02,8.093702738565582
2004-08-03,11.921011639413564
2004-08-04,8.813785906751813
2004-08-05,7.950694171282899
2004-08-06,6.871009865425523
2004-08-07,7.945711665022488
2004-08-08,8.356177360051447
2004-08-09,7.312302408358223
2004-08-10,6.491983370417791
2004-08-11,7.961314593534967
2004-08-12,5.0088215229736255
2004-08-13,8.032541753244542
2004-08-14,5.234419513317607
2004-08-15,6.431020785144943
2004-08-16,5.349711163776508
2004-08-17,7.002933555925545
2004-08-18,4.95369676350437
2004-08-19,4.281893279783625
2004-08-20,4.801112228052993
2004-08-21,7.346032939196213
2004-08-22,5.52449446922448
2004-08-23,4.7936001160785775
2004-08-24,4.183108662025583
2004-08-25,4.876328716841287
2004-08-26,3.9122759542437735
2004-08-27,3.10981992957861
2004-08-28,2.8874730740502974
2004-08-29,3.8477314373816482
2004-08-30,3.4185924599294024
2004-08-31,3.5490189446986626
2004-09-01,3.643595561166439
2004-09-02,4.1510736614174775
2004-09-03,4.241680618451681
2004-09-04,3.8862818330298956
2004-09-05,3.843247784779726
2004-09-06,3.399641423765098
2004-09-07,4.400077570105964
2004-09-08,4.884585188006246
2004-09-09,5.2628419597559555
2004-09-10,4.180878773674865
2004-09-11,6.472330317943146
2004-09-12,6.345252078114124
2004-09-13,5.564132236890352
2004-09-14,7.256448451028053
2004-09-15,4.301080630905392
2004-09-16,3.186391808803993
2004-09-17,3.591104052235904
2004-09-18,4.424902219986443
2004-09-19,3.966034032457894
2004-09-20,4.751494483313869
2004-09-21,4.864306837006434
2004-09-22,7.551067222063501
2004-09-23,4.299102943813309
2004-09-24,5.486348118461376
2004-09-25,4.384374690280936
2004-09-26,3.522673203084586
2004-09-27,5.27340161305486
2004-09-28,4.437171810253248
2004-09-29,3.1097158917207004
2004-09-30,2.6831521179791635
2004-10-01,5.064639155042825
2004-10-02,6.04104453047424
2004-10-03,5.653106381399332
2004-10-04,5.446887198857065
2004-10-05,6.505552675258657
2004-10-06,6.194381953227633
2004-10-07,7.174014734901986
2004-10-08,2.7706117499153913
2004-10-09,0.6895302293837967
2004-10-10,1.2986998569613049
2004-10-11,2.7657136394418207
2004-10-12,1.1416739783782217
2004-10-13,1.8627262496936763
2004-10-14,2.6791682562998527
2004-10-15,2.942953761065008
2004-10-16,1.1646679424166435
2004-10-17,1.0798314394550579
2004-10-18,1.2052536789199304
2004-10-19,0.5731684250605674
2004-10-20,0.4123669557283739
2004-10-21,0.3480014721015131
2004-10-22,0.13606058937310073
2004-10-23,0.5079466663284892
2004-10-24,0.2119701113085622
2004-10-25,0.9391694955356662
2004-10-26,0.7666861918471138
2004-10-27,0.8067780707261893
2004-10-28,1.140132496838324
2004-10-29,1.4936618705784905
2004-10-30,0.9405453066546443
2004-10-31,0.966998084547968
2004-11-01,0.4067019241339218
2004-11-02,0.3167681786366608
2004-11-03,0.34747906815688906
2004-11-04,0.7027253515910589
2004-11-05,1.0875226679166294
2004-11-06,1.4144108652469836
2004-11-07,0.792361302439668
2004-11-08,1.0352186864337733
2004-11-09,0.7920179337342802
2004-11-10,0.8966347146652195
2004-11-11,0.658994019573135
2004-11-12,0.6558712605607572
2004-11-13,0.22990576712792546
2004-11-14,0.43312341076195954
2004-11-15,0.649789603633496
2004-11-16,0.11035936520820368
2004-11-17,0.22936269777927526
2004-11-18,0.15106014501457127
2004-11-19,0.21798202940180314
2004-11-20,0.22172312751701512
2004-11-21,0.43965534114253924
2004-11-22,0.5017004929691329
2004-11-23,0.361560615373196
2004-11-24,0.2838204703400562
2004-11-25,0.16226345665570588
2004-11-26,0.147548207688022
2004-11-27,0.2957988129496245
2004-11-28,0.7519656327164571
2004-11-29,0.6354531188566968
2004-11-30,0.4152136214937029
2004-12-01,0.12959662730351387
2004-12-02,0.1549677966139869
2004-12-03,0.21693532189473974
2004-12-04,0.06943627088272752
2004-12-05,0.13983185045701613
2004-12-06,0.067376401702254
2004-12-07,0.04722170587286451
2004-12-08,0.07025519158387888
2004-12-09,0.046976718088669094
2004-12-10,0.10524423097583264
2004-12-11,0.2230691861364977
2004-12-12,0.7249347138726047
2004-12-13,0.7076464788202829
2004-12-14,0.32397848104041693
2004-12-15,0.1895398506920923
2004-12-16,0.5440715751354934
2004-12-17,0.11455771640294367
2004-12-18,0.2702418046512761
2004-12-19,0.3807663469027107
2004-12-20,0.22029362867494146
2004-12-21,0.3281634958504957
2004-12-22,0.09501061298431328
2004-12-23,0.04191429638074065
2004-12-24,0.04885374632559157
2004-12-25,0.1706014022184283
2004-12-26,0.15946280311566544
2004-12-27,0.31492311083654595
2004-12-28,0.5388421353491033
2004-12-29,0.15220906665945602
2004-12-30,0.7112650194536401
2004-12-31,2.124893128726238
2005-01-01,0.68945799979652
2005-01-02,0.27770194518118535
2005-01-03,0.22715659633306085
2005-01-04,0.22300172488090145
2005-01-05,0.07425224788262058
2005-01-06,0.038858711237586024
2005-01-07,0.02609423083760257
2005-01-08,0.24737957569499322
2005-01-09,0.2602446796639809
2005-01-10,0.25787867926032854
2005-01-11,0.4410512032135399
2005-01-12,0.03823360405631145
2005-01-13,0.030523393850924094
2005-01-14,0.018470185638375297
2005-01-15,0.060212265922062164
2005-01-16,0.1500439414879184
2005-01-17,0.46960933280190936
2005-01-18,0.4417332742045265
2005-01-19,0.19163088098131498
2005-01-20,0.8223893162234012
2005-01-21,2.1721870355640225
2005-01-22,0.8685402878246146
2005-01-23,2.2591346037027793
2005-01-24,0.37101920378929193
2005-01-25,0.24101391312770076
2005-01-26,0.6714020150876842
2005-01-27,1.6869360759148566
2005-01-28,2.6470910770796436
2005-01-29,0.2441468908152788
2005-01-30,0.28650646564146914
2005-01-31,0.6751099502736428
2005-02-01,1.0711427252139443
2005-02-02,0.3758206669167981
2005-02-03,0.2984352566416498
2005-02-04,0.282389431675211
2005-02-05,0.229158010333332
2005-02-06,0.6535669087944496
2005-02-07,2.130304962767057
2005-02-08,1.5327256997340868
2005-02-09,1.2659538027535824
2005-02-10,1.924162010575673
2005-02-11,0.8360918423330282
2005-02-12,0.5904275188470617
2005-02-13,0.7240461697922048
2005-02-14,0.5453811726911048
2005-02-15,0.8283852552302335
2005-02-16,0.28949040136049314
2005-02-17,0.2993193127695747
2005-02-18,0.3415260148064836
2005-02-19,0.4754099985936304
2005-02-20,0.540485696581362
2005-02-21,0.6084483573889994
2005-02-22,0.5894043288659804
2005-02-23,0.3465765942349602
2005-02-24,0.17016108968694013
2005-02-25,0.05449803350399089
2005-02-26,0.09630909223719573
2005-02-27,0.28347985509133206
2005-02-28,0.1946344165107869
2005-03-01,0.13911420282797293
2005-03-02,0.58516630523533
2005-03-03,0.3655756217867171
2005-03-04,0.6943463228595839
2005-03-05,1.9656508400747397
2005-03-06,1.6316065748750321
2005-03-07,1.2488643302623197
2005-03-08,1.9633778134996476
2005-03-09,1.511763259422056
2005-03-10,1.131959673034494
2005-03-11,1.4811433105309346
2005-03-12,0.5671585638604589
2005-03-13,0.2688836942167215
2005-03-14,0.3833408693573631
2005-03-15,0.7581393737759642
2005-03-16,1.1369701687764777
2005-03-17,2.3833261243598205
2005-03-18,2.1153047653945727
2005-03-19,1.4488215187536007
2005-03-20,0.528711349027834
2005-03-21,0.5412277058765091
2005-03-22,0.4747233298933477
2005-03-23,1.342094677370036
2005-03-24,1.6991263433358228
2005-03-25,0.5715706250184869
2005-03-26,0.23581063857127266
2005-03-27,0.27782111793369113
2005-03-28,0.3102122814265952
2005-03-29,0.22387289238284241
2005-03-30,1.5470825993559918
2005-03-31,0.41841961500681163
2005-04-01,0.319236984060342
2005-04-02,0.7284910464368505
2005-04-03,1.403970105970008
2005-04-04,0.7664405219976068
2005-04-05,0.6515810763142196
2005-04-06,1.121873538540239
2005-04-07,1.1770887569286246
2005-04-08,0.6566637418256411
2005-04-09,1.9071354479023772
2005-04-10,2.2623319600522858
2005-04-11,1.0238860695624914
2005-04-12,0.6665824735567342
2005-04-13,0.6520959115280961
2005-04-14,0.3825539657104658
2005-04-15,0.522666659143615
2005-04-16,0.5617156149857769
2005-04-17,1.1731128414804963
2005-04-18,1.1052183406959923
2005-04-19,1.8866615800840574
2005-04-20,1.6329502293209537
2005-04-21,0.819264656230581
2005-04-22,1.0021004799209077
2005-04-23,1.9722565984697806
2005-04-24,3.0586683975346918
2005-04-25,2.2409082875503645
2005-04-26,2.6180965142211923
2005-04-27,1.944319228539577
2005-04-28,1.6790283860078952
2005-04-29,1.3955160378323528
2005-04-30,1.0875367964643161
2005-05-01,2.0850572973149735
2005-05-02,1.2120758772354898
2005-05-03,1.0826848210115438
2005-05-04,1.1035594542806397
2005-05-05,1.2626699382790632
2005-05-06,1.3618111565207986
2005-05-07,0.742702576609978
2005-05-08,0.7135021339188706
2005-05-09,0.7791042798569524
2005-05-10,1.2870632316796584
2005-05-11,0.6707669577158499
2005-05-12,0.9433611352963255
2005-05-13,0.9074229657865803
2005-05-14,0.739348976352369
2005-05-15,1.6269775136211253
2005-05-16,1.9725921384950578
2005-05-17,2.319659888790392
2005-05-18,1.170404112431437
2005-05-19,3.02764967932756
2005-05-20,1.2330192723387565
2005-05-21,1.878277703218094
2005-05-22,2.2869936527267227
2005-05-23,2.230817228954459
2005-05-24,3.902794941915958
2005-05-25,3.5115049560178297
2005-05-26,3.581649302894769
2005-05-27,2.760579501347164
2005-05-28,3.06857165290995
2005-05-29,2.349171210950641
2005-05-30,2.253275037929611
2005-05-31,2.0248311245955692
2005-06-01,3.8423662507325815
2005-06-02,1.8453461393706283
2005-06-03,1.66889948095271
2005-06-04,1.7743505454920683
2005-06-05,1.4309215390249328
2005-06-06,1.277850907244165
2005-06-07,2.208609231298724
2005-06-08,2.3315461879643147
2005-06-09,3.1021176342973105
2005-06-10,3.1606876740064465
2005-06-11,3.0260095018522764
2005-06-12,3.0389220439124447
2005-06-13,4.8500925960128765
2005-06-14,2.6058286479722046
2005-06-15,3.053118138143031
2005-06-16,4.241334689221227
2005-06-17,5.225551392577334
2005-06-18,3.30708322881039
2005-06-19,3.512538743479673
2005-06-20,3.0978181674885725
2005-06-21,5.355668989333086
2005-06-22,5.414015774068367
2005-06-23,7.5084784482741185
2005-06-24,6.317354172159591
2005-06-25,5.7074994845645755
2005-06-26,7.366977009340104
2005-06-27,6.696409393730007
2005-06-28,9.889447480566623
2005-06-29,9.313336951863212
2005-06-30,9.344030439482626
2005-07-01,8.507424145836444
2005-07-02,7.850529836853305
2005-07-03,8.739603608371583
2005-07-04,8.430315330252226
2005-07-05,6.045984222081574
2005-07-06,4.344460154948001
2005-07-07,4.623925783150968
2005-07-08,4.123623229669932
2005-07-09,5.982821616837917
2005-07-10,7.2758749935433
2005-07-11,11.07981937369229
2005-07-12,7.654904286002578
2005-07-13,8.958347058567599
2005-07-14,11.780254758371747
2005-07-15,10.710263305792607
2005-07-16,8.889053189212252
2005-07-17,6.953952757922044
2005-07-18,5.5420907066154035
2005-07-19,7.18622036223013
2005-07-20,8.588567676712106
2005-07-21,6.457693325501154
2005-07-22,8.091494990272679
2005-07-23,8.378884616301006
2005-07-24,9.371154149215666
2005-07-25,9.410842538509764
2005-07-26,11.94587051168615
2005-07-27,9.348995066419418
2005-07-28,5.776068452861108
2005-07-29,5.495906435565868
2005-07-30,7.486781662911369
2005-07-31,9.113295031397353
2005-08-01,13.280870488292862
2005-08-02,7.07075725685104
2005-08-03,5.916139733756227
2005-08-04,6.487323543185885
2005-08-05,7.78154949035936
2005-08-06,7.970460140094291
2005-08-07,4.1175897442627
2005-08-08,4.941185872350517
2005-08-09,4.053846638906394
2005-08-10,3.655150118680919
2005-08-11,3.373007465405933
2005-08-12,4.668513469853016
2005-08-13,6.388889802308396
2005-08-14,6.797294939691731
2005-08-15,4.9621043909341775
2005-08-16,5.0523649552577705
2005-08-17,6.584856892035581
2005-08-18,9.423699272370712
2005-08-19,8.430367407340531
2005-08-20,3.79187149911668
2005-08-21,3.693802120687327
2005-08-22,4.324661984622961
2005-08-23,7.833028950084355
2005-08-24,7.607719252104861
2005-08-25,4.492085388984796
2005-08-26,4.128656206299524
2005-08-27,3.491434195350541
2005-08-28,3.2119755335496167
2005-08-29,3.9488390538986633
2005-08-30,4.107204102085352
2005-08-31,4.2361275336406505
2005-09-01,3.817594437623249
2005-09-02,6.599185704140463
2005-09-03,7.747792305739519
2005-09-04,4.126234723589135
2005-09-05,4.007643097535539
2005-09-06,5.20786197510927
2005-09-07,6.141759599859607
2005-09-08,5.5637463124254145
2005-09-09,7.404655228517033
2005-09-10,5.930868131253347
2005-09-11,6.832285210805427
2005-09-12,6.64582516669271
2005-09-13,7.0493673380333695
2005-09-14,6.351280319287458
2005-09-15,8.218591867639352
2005-09-16,6.458348274056331
2005-09-17,5.381859944589214
2005-09-18,6.2388663501080925
2005-09-19,4.803283960290294
2005-09-20,7.801062097616556
2005-09-21,4.6531907736158
2005-09-22,3.3703181779079476
2005-09-23,6.207238108861497
2005-09-24,4.64077111073458
2005-09-25,3.045206109162745
2005-09-26,1.4246755633343877
2005-09-27,1.4821228763611343
2005-09-28,2.8918153012986676
2005-09-29,3.552447649635273
2005-09-30,2.4899150607163647
2005-10-01,2.5529367761298616
2005-10-02,2.8329657528030583
2005-10-03,3.3103535487678344
2005-10-04,2.773110375969484
2005-10-05,1.3506096570130064
2005-10-06,0.5406489235460943
2005-10-07,0.9434963365974175
2005-10-08,1.8281052611054642
2005-10-09,1.1686605442163904
2005-10-10,1.6633927550224965
2005-10-11,2.5420790946326806
2005-10-12,2.627706769687062
2005-10-13,2.983765284444531
2005-10-14,3.6782659572408143
2005-10-15,3.7367387697780217
2005-10-16,2.8557648072245776
2005-10-17,2.928281672898174
2005-10-18,3.163630209150987
2005-10-19,3.9334662641301055
2005-10-20,3.9711121575837
2005-10-21,6.2583776767820165
2005-10-22,5.8117169750917546
2005-10-23,4.291606207396934
2005-10-24,1.4031182610841206
2005-10-25,1.9340790188513504
2005-10-26,2.953272198053664
2005-10-27,5.126615032414245
2005-10-28,5.334387747990431
2005-10-29,0.7241106867304113
2005-10-30,1.2441433883978297
2005-10-31,2.9093419572971277
2005-11-01,1.80730981434288
2005-11-02,1.1481541372340927
2005-11-03,0.8236011939851803
2005-11-04,1.159420687371953
2005-11-05,1.0292314252021313
2005-11-06,1.4426188025626208
2005-11-07,1.5435887331329272
2005-11-08,1.4596652847253992
2005-11-09,0.9311917891190707
2005-11-10,0.6723714681516166
2005-11-11,1.0147746546759717
2005-11-12,0.8041347502403499
2005-11-13,0.4547956196454216
2005-11-14,0.15177445622382485
2005-11-15,0.1605416459474982
2005-11-16,0.12574673939069875
2005-11-17,0.11420427158529838
2005-11-18,0.052180008447969925
2005-11-19,0.40191552126763863
2005-11-20,1.151190784251409
2005-11-21,1.3463132662732777
2005-11-22,1.6301360837462637
2005-11-23,1.5876063528196893
2005-11-24,0.7888852792883371
2005-11-25,0.29504504317417696
2005-11-26,0.49579855990933946
2005-11-27,0.6019077823088779
2005-11-28,0.2881040087307204
2005-11-29,0.18986189720660737
2005-11-30,0.15093634320632257
2005-12-01,0.10634174536737116
2005-12-02,0.46564483117395983
2005-12-03,0.9391257487701408
2005-12-04,0.7563220551431812
2005-12-05,0.2407344373043953
2005-12-06,0.2784773322951322
2005-12-07,0.06129924214897668
2005-12-08,0.18205644306699434
2005-12-09,0.4172313632760604
2005-12-10,0.7194344101409021
2005-12-11,0.6284957744260783
2005-12-12,0.36121515829825634
2005-12-13,0.2302329481084615
2005-12-14,0.08266273607874026
2005-12-15,0.06476944787198857
2005-12-16,0.09684937979378505
2005-12-17,0.10113727870638521
2005-12-18,0.26580094040271535
2005-12-19,0.04871921972535498
2005-12-20,0.08551883549000248
2005-12-21,0.19008354181295237
2005-12-22,0.31563026747210343
2005-12-23,0.7015752370638936
2005-12-24,0.23438459061291014
2005-12-25,0.11400858416845494
2005-12-26,0.5098934164295329
2005-12-27,0.22229798176485743
2005-12-28,0.09892744032826918
2005-12-29,0.060852246540047616
2005-12-30,0.08366008392275727
2005-12-31,1.0108432016122013
2006-01-01,1.1577849960840196
2006-01-02,0.6550474474272057
2006-01-03,0.34236843941032746
2006-01-04,0.49754002091665467
2006-01-05,0.5653662721322681
2006-01-06,0.03478590215951861
2006-01-07,0.15233470449631836
2006-01-08,0.4341870515938806
2006-01-09,0.4279681834872348
2006-01-10,0.4205491667457928
2006-01-11,0.4171980197917052
2006-01-12,0.3678467793850097
2006-01-13,0.7223505479846629
2006-01-14,0.8922816267688911
2006-01-15,1.028507530906931
2006-01-16,0.4017781518791692
2006-01-17,0.6128729725511184
2006-01-18,0.1836226403659724
2006-01-19,0.1418017220872309
2006-01-20,0.22439580563291425
2006-01-21,0.20285613255836388
2006-01-22,0.08386721396259463
2006-01-23,0.05920698706591999
2006-01-24,0.11705553987675828
2006-01-25,0.1445571643700293
2006-01-26,0.12854055436682946
2006-01-27,0.26851734545852357
2006-01-28,0.20848381815291878
2006-01-29,0.20997898065964754
2006-01-30,0.5529593340598599
2006-01-31,0.6615284704652583
2006-02-01,0.4452648865699334
2006-02-02,0.09435627501864312
2006-02-03,0.1397428777972706
2006-02-04,0.29535808316695966
2006-02-05,0.2556633168293667
2006-02-06,0.11170169473303106
2006-02-07,0.0830474221047358
2006-02-08,0.26029996034822334
2006-02-09,0.225435674315024
2006-02-10,0.6759963799852982
2006-02-11,0.07700411705042425
2006-02-12,0.21486308415016953
2006-02-13,0.3818266400531859
2006-02-14,0.9485522818384193
2006-02-15,0.9037068071176738
2006-02-16,1.177408517881314
2006-02-17,0.7737884242873089
2006-02-18,0.46046811426811524
2006-02-19,0.33181115568757763
2006-02-20,0.31677198597979533
2006-02-21,0.1834081105792947
2006-02-22,0.33693927583805544
2006-02-23,0.18719882850202074
2006-02-24,0.7111746485382145
2006-02-25,0.9394929833425305
2006-02-26,0.17602924495726813
2006-02-27,0.13369710472391194
2006-02-28,0.07023026867235102
2006-03-01,0.12701670327565556
2006-03-02,0.37277931813202647
2006-03-03,1.3577775207937217
2006-03-04,0.7770318579577046
2006-03-05,0.7759442989301008
2006-03-06,0.79504614731796
2006-03-07,0.8363246311503265
2006-03-08,0.7471486990093256
2006-03-09,2.0718484817713128
2006-03-10,4.0637491191016455
2006-03-11,3.5181253677506894
2006-03-12,0.7628523531998435
2006-03-13,0.41598301522143705
2006-03-14,0.9416598036540199
2006-03-15,0.41699940287588
2006-03-16,0.2814533594788767
2006-03-17,0.2272395711186055
2006-03-18,0.15696068825002105
2006-03-19,0.44632752213317317
2006-03-20,0.46867638676738
2006-03-21,0.12402435185025754
2006-03-22,0.08862534071005766
2006-03-23,0.17002607775668296
2006-03-24,0.12480331037141525
2006-03-25,0.4439597433964396
2006-03-26,0.26391659295828074
2006-03-27,0.20802545926610327
2006-03-28,0.24957331817138043
2006-03-29,0.4259044465573049
2006-03-30,1.059222453604349
2006-03-31,0.37466315656575433
2006-04-01,0.6341346410290681
2006-04-02,1.443041262349131
2006-04-03,1.4382238433779724
2006-04-04,1.062099822007511
2006-04-05,0.5627536996203059
2006-04-06,0.8244345849496744
2006-04-07,1.2196563805097749
2006-04-08,2.5822212857625106
2006-04-09,1.1530555825541737
2006-04-10,1.646932446908302
2006-04-11,1.3021576061973288
2006-04-12,0.4561346975857435
2006-04-13,2.0212307285543942
2006-04-14,1.0349423929601815
2006-04-15,1.3510390787073019
2006-04-16,3.5302114578549113
2006-04-17,4.386561523297534
2006-04-18,2.8377316386253577
2006-04-19,1.7236486768551926
2006-04-20,0.8362298805289982
2006-04-21,0.3248594289832402
2006-04-22,0.43679440363091177
2006-04-23,0.4338244748789431
2006-04-24,0.4625876153270948
2006-04-25,0.38289691698369255
2006-04-26,0.9724933711541771
2006-04-27,0.6653723927788872
2006-04-28,1.1915667551945752
2006-04-29,1.9008512305011604
2006-04-30,0.4070505859766702
2006-05-01,1.0525338019333903
2006-05-02,1.5211197796379652
2006-05-03,0.8837276580159982
2006-05-04,1.547696449037077
2006-05-05,1.398595250162222
2006-05-06,2.217994854137041
2006-05-07,1.8929889184333115
2006-05-08,1.2320913322804126
2006-05-09,1.5660229694393308
2006-05-10,1.7504302772375788
2006-05-11,1.9730209598638628
2006-05-12,2.991586853604575
2006-05-13,2.1440506226197895
2006-05-14,2.094345056510421
2006-05-15,1.629842627273061
2006-05-16,1.717551605108446
2006-05-17,1.1775107341952327
2006-05-18,1.9011000489929373
2006-05-19,2.8822635363722093
2006-05-20,1.0539051692173909
2006-05-21,0.8732894242348754
2006-05-22,1.1351834747550837
2006-05-23,2.107441355750943
2006-05-24,3.3285451613546586
2006-05-25,4.40779833045259
2006-05-26,7.643879884295668
2006-05-27,5.253938779348645
2006-05-28,6.262185483065407
2006-05-29,4.963082510825378
2006-05-30,6.619938219022778
2006-05-31,4.994975691214869
2006-06-01,4.9431890734629995
2006-06-02,4.819572639903172
2006-06-03,5.656221799941875
2006-06-04,4.029957893343095
2006-06-05,5.353713838666044
2006-06-06,4.836292170269376
2006-06-07,2.982147948818053
2006-06-08,3.963555055772871
2006-06-09,5.374606551341099
2006-06-10,4.7791920646712605
2006-06-11,3.8024316259843243
2006-06-12,2.8122524571340497
2006-06-13,2.1367267051240626
2006-06-14,1.6021778964651998
2006-06-15,2.2802944710617643
2006-06-16,3.4366013937023605
2006-06-17,2.242544634610765
2006-06-18,3.3810579486002452
2006-06-19,4.965004950653459
2006-06-20,5.839441630839851
2006-06-21,6.4195371311918965
2006-06-22,3.993265807984784
2006-06-23,6.969113894317862
2006-06-24,7.828849485405587
2006-06-25,8.97193319761552
2006-06-26,8.803900215874963
2006-06-27,8.948660405207367
2006-06-28,9.604310677404971
2006-06-29,8.189482536627848
2006-06-30,5.4265470417796715
2006-07-01,6.978497541281312
2006-07-02,8.913053006468719
2006-07-03,7.771039074737373
2006-07-04,9.108187432153649
2006-07-05,7.952061032936551
2006-07-06,5.388646127261943
2006-07-07,5.23045767868606
2006-07-08,7.650093655545102
2006-07-09,6.897911789546469
2006-07-10,5.452686333699137
2006-07-11,6.39713081394353
2006-07-12,6.445821012836905
2006-07-13,7.081391496710009
2006-07-14,7.38355252504307
2006-07-15,5.108311918638629
2006-07-16,3.311420810762723
2006-07-17,4.941571085948906
2006-07-18,9.217471083065593
2006-07-19,7.504263857547349
2006-07-20,5.866632550623045
2006-07-21,7.650298407314029
2006-07-22,5.384798720316235
2006-07-23,3.5189862259653695
2006-07-24,2.868742835779305
2006-07-25,9.917208007927398
2006-07-26,12.519103157484611
2006-07-27,12.28485110432832
2006-07-28,8.258422793204847
2006-07-29,8.227447004319552
2006-07-30,8.122698223758679
2006-07-31,10.582098710725033
2006-08-01,8.557134043434228
2006-08-02,6.614362470871554
2006-08-03,7.0588400631834585
2006-08-04,7.587097453734306
2006-08-05,7.160680133101879
2006-08-06,7.961044723363731
2006-08-07,6.455947973309318
2006-08-08,5.993260522913141
2006-08-09,6.582654502714596
2006-08-10,6.127154708074952
2006-08-11,5.980262390497481
2006-08-12,6.650572221803229
2006-08-13,8.062811237695875
2006-08-14,8.840654798810649
2006-08-15,7.314967559573744
2006-08-16,5.749853063421186
2006-08-17,7.355568321094718
2006-08-18,7.848723836755678
2006-08-19,7.329127359782185
2006-08-20,7.6389005656575675
2006-08-21,8.233276339523158
2006-08-22,5.419604420815466
2006-08-23,5.04235696842109
2006-08-24,5.0673488071149855
2006-08-25,5.612332261576042
2006-08-26,6.516745683417931
2006-08-27,4.593711327777357
2006-08-28,5.151379326754295
2006-08-29,5.111785706291844
2006-08-30,6.2450325981688115
2006-08-31,8.255981463033663
2006-09-01,9.224191531503317
2006-09-02,5.912382140872552
2006-09-03,2.757021427221237
2006-09-04,5.46794274301218
2006-09-05,3.761117984718519
2006-09-06,4.998243096408452
2006-09-07,4.31393527254319
2006-09-08,4.973336836811068
2006-09-09,6.643406046872377
2006-09-10,5.629659953615376
2006-09-11,5.270018662089119
2006-09-12,5.465248364688099
2006-09-13,4.838350491356737
2006-09-14,4.414787998844821
2006-09-15,4.853995891521795
2006-09-16,4.47694883685293
2006-09-17,4.525534513934079
2006-09-18,4.178815334343661
2006-09-19,5.613299205239521
2006-09-20,6.255422207244681
2006-09-21,7.2991377842327445
2006-09-22,6.624856197586678
2006-09-23,5.3587954474731205
2006-09-24,6.058497661560718
2006-09-25,4.617647571096511
2006-09-26,2.079221197314404
2006-09-27,1.581574320673336
2006-09-28,3.3082791350120266
2006-09-29,3.666862727324559
2006-09-30,2.9183808943150407
2006-10-01,1.9368482854213864
2006-10-02,1.8272092399577535
2006-10-03,2.062496894608021
2006-10-04,4.949886344480235
2006-10-05,2.124114231308679
2006-10-06,1.9385197902176714
2006-10-07,2.5870595964419536
2006-10-08,2.6628066841227
2006-10-09,0.7777938479512772
2006-10-10,0.9454080433785218
2006-10-11,0.6293859751445942
2006-10-12,0.9938830473364607
2006-10-13,1.3372976992422512
2006-10-14,0.9150669358894921
2006-10-15,0.8726287440244272
2006-10-16,0.9040067910300617
2006-10-17,1.8061286034587045
2006-10-18,2.8155599938670712
2006-10-19,4.993775275313515
2006-10-20,2.2710008343376016
2006-10-21,2.0259950532054094
2006-10-22,1.398181653428901
2006-10-23,0.9352135423848889
2006-10-24,1.289958979724373
2006-10-25,1.1652682139005635
2006-10-26,1.6351431564534706
2006-10-27,1.7901917733958204
2006-10-28,1.8377600217522607
2006-10-29,1.5506069479725177
2006-10-30,1.7189145814750006
2006-10-31,1.2032667924053162
2006-11-01,0.9864790386513743
2006-11-02,1.8775245816361403
2006-11-03,1.5747081168836075
2006-11-04,0.8412726116909869
2006-11-05,0.8374350146316856
2006-11-06,1.364869870687471
2006-11-07,2.981030526354619
2006-11-08,1.8674132271056423
2006-11-09,1.544898855723503
2006-11-10,1.2411152077236351
2006-11-11,1.0423827267596806
2006-11-12,0.7642948573088117
2006-11-13,0.4213043270886036
2006-11-14,0.41880903517535834
2006-11-15,0.8590476195428819
2006-11-16,0.790038060414182
2006-11-17,1.0289167935668997
2006-11-18,1.3183393468510265
2006-11-19,0.3689803435962649
2006-11-20,0.773057711207591
2006-11-21,1.0789905886942233
2006-11-22,0.7299275982956175
2006-11-23,0.21321458719248468
2006-11-24,0.2885759602376842
2006-11-25,0.1484501907103288
2006-11-26,0.32013413633792903
2006-11-27,0.4696710563120074
2006-11-28,0.16960750935323407
2006-11-29,0.0849076255475645
2006-11-30,0.06261163241048237
2006-12-01,0.14387145840296842
2006-12-02,0.7463640198071069
2006-12-03,1.485574162088381
2006-12-04,1.276257061695477
2006-12-05,0.2720807862528755
2006-12-06,0.25702243395069235
2006-12-07,0.11540549747732637
2006-12-08,0.06005637545283844
2006-12-09,0.15656539712576742
2006-12-10,0.8863904820622497
2006-12-11,1.0381708819923359
2006-12-12,0.28369082721364547
2006-12-13,0.11460310522190918
2006-12-14,0.04578638692180131
2006-12-15,0.20125089654013356
2006-12-16,0.23261530287631219
2006-12-17,0.1591758084907448
2006-12-18,0.3257457931052709
2006-12-19,0.4757968582928501
2006-12-20,0.2693265516577923
2006-12-21,0.2557527713146815
2006-12-22,0.187248328201488
2006-12-23,0.36161204473480213
2006-12-24,0.44608676524485974
2006-12-25,0.39098746609103674
2006-12-26,0.20019458712589291
2006-12-27,0.08059526146856567
2006-12-28,0.3718764441197265
2006-12-29,0.04276874329285742
2006-12-30,0.031015908155266975
2006-12-31,0.054397339677413205
2007-01-01,0.07059228412700588
2007-01-02,0.013361954708514815
2007-01-03,0.07053985204273738
2007-01-04,0.20872456102548423
2007-01-05,0.2515899625028055
2007-01-06,0.0220071474799387
2007-01-07,0.03561089167441452
2007-01-08,0.11570644693495964
2007-01-09,0.3244697116749975
2007-01-10,0.4426394078785422
2007-01-11,0.4936239479358771
2007-01-12,0.257106105749605
2007-01-13,0.1004931126843162
2007-01-14,0.13944300737459295
2007-01-15,0.14917146963577932
2007-01-16,0.1460871460152139
2007-01-17,0.21151719143222683
2007-01-18,0.3785977134339377
2007-01-19,0.2961405343279065
2007-01-20,0.11635330607329104
2007-01-21,0.07425696293528337
2007-01-22,0.01990203813028631
2007-01-23,0.10915863945654464
2007-01-24,0.19102550279020145
2007-01-25,0.13173250999350974
2007-01-26,0.47225351138200095
2007-01-27,0.3855717441597112
2007-01-28,0.046169288078625116
2007-01-29,0.2006557184517061
2007-01-30,1.0442181218001017
2007-01-31,0.9376019233478966
2007-02-01,0.19434129592551302
2007-02-02,0.15016009931397067
2007-02-03,0.21157164211510426
2007-02-04,0.4093551852633792
2007-02-05,0.6167013382418192
2007-02-06,0.4477868603110814
2007-02-07,0.894823443918815
2007-02-08,1.2291619238353486
2007-02-09,2.084632838284997
2007-02-10,3.245766691843232
2007-02-11,3.8361782282159687
2007-02-12,1.945698256521298
2007-02-13,4.912497018454303
2007-02-14,2.3550410868320237
2007-02-15,0.34207582095214834
2007-02-16,0.28224707634493895
2007-02-17,0.2551769301089532
2007-02-18,0.5970826479614604
2007-02-19,0.14449137537370857
2007-02-20,0.48148154142539357
2007-02-21,0.3867940659775199
2007-02-22,0.06961687905901945
2007-02-23,0.06977212524797316
2007-02-24,1.0404962805592621
2007-02-25,0.9848219231962506
2007-02-26,0.5715558190980897
2007-02-27,0.4406112015484452
2007-02-28,0.5237362288676172
2007-03-01,0.6692086172303244
2007-03-02,1.2548744733997608
2007-03-03,0.46417452229304906
2007-03-04,0.1713080200469045
2007-03-05,0.048531136984701094
2007-03-06,0.09658817685298265
2007-03-07,0.03856265234406521
2007-03-08,0.310456585920731
2007-03-09,0.7505760151519106
2007-03-10,0.6350029511079648
2007-03-11,3.14929382831042
2007-03-12,3.387436117131753
2007-03-13,1.880298049174244
2007-03-14,0.46740481172728326
2007-03-15,0.688766475469598
2007-03-16,0.41822675693225997
2007-03-17,0.72623567631867
2007-03-18,1.324421762752359
2007-03-19,1.1229594662408084
2007-03-20,0.3395047694315257
2007-03-21,0.5217699140625047
2007-03-22,0.32853992948977717
2007-03-23,0.10629108480891745
2007-03-24,0.23239752195387392
2007-03-25,0.09229493732913505
2007-03-26,0.2355246122803531
2007-03-27,0.21005724415513982
2007-03-28,0.1359609645529724
2007-03-29,0.23306872037354143
2007-03-30,0.660958981223631
2007-03-31,1.155633744370755
2007-04-01,0.7744711559921772
2007-04-02,0.3367987538535421
2007-04-03,0.5382099822109206
2007-04-04,0.9453543656295984
2007-04-05,2.012789644961339
2007-04-06,1.936262354402603
2007-04-07,2.826848275522649
2007-04-08,2.3526708836254873
2007-04-09,3.527644486000585
2007-04-10,2.9044594308045184
2007-04-11,3.5020148819197217
2007-04-12,2.966342346567961
2007-04-13,1.0368129815750264
2007-04-14,1.0138815220547632
2007-04-15,0.8340097900811669
2007-04-16,2.9129967890829356
2007-04-17,1.0165628814754502
2007-04-18,0.6371412193660408
2007-04-19,0.7706395791607744
2007-04-20,0.9061959980374186
2007-04-21,1.520537023396489
2007-04-22,1.2188468505009225
2007-04-23,0.7264036383503581
2007-04-24,0.38855398853666706
2007-04-25,0.2176718450368925
2007-04-26,0.5369393760355803
2007-04-27,0.529659207064574
2007-04-28,0.4928258616080297
2007-04-29,0.9846162485202279
2007-04-30,1.1857168312728266
2007-05-01,1.219946540255346
2007-05-02,2.248362727387405
2007-05-03,3.078841996975777
2007-05-04,1.8010605671772322
2007-05-05,1.5319280391186532
2007-05-06,2.9882195781906242
2007-05-07,1.868254414477876
2007-05-08,0.7984256416365513
2007-05-09,1.3446119666919079
2007-05-10,1.6429255405416054
2007-05-11,2.816870804509431
2007-05-12,2.8588117866678235
2007-05-13,1.1106925279437494
2007-05-14,5.60865544885216
2007-05-15,3.8574459452634127
2007-05-16,2.2390719723261396
2007-05-17,1.994130747160124
2007-05-18,2.028458436700614
2007-05-19,2.9254812837575574
2007-05-20,2.033225477002782
2007-05-21,2.0564470363353857
2007-05-22,3.0154773494477642
2007-05-23,2.3519134829142248
2007-05-24,2.3252449675951357
2007-05-25,1.341331345516088
2007-05-26,1.581036116359365
2007-05-27,4.2657966052492
2007-05-28,2.8824908113863206
2007-05-29,2.0692006005574735
2007-05-30,1.942798685703242
2007-05-31,2.680125868670697
2007-06-01,3.1652457809663015
2007-06-02,2.9618315683238965
2007-06-03,3.6947477225210306
2007-06-04,2.496996593552499
2007-06-05,3.0843466675957707
2007-06-06,1.9749057236899215
2007-06-07,4.176812444974295
2007-06-08,4.460671216646055
2007-06-09,6.262772429917196
2007-06-10,5.357260466896786
2007-06-11,6.703721971423804
2007-06-12,5.863244260227353
2007-06-13,6.668997359341218
2007-06-14,8.877983326134922
2007-06-15,7.487654075047639
2007-06-16,5.321976237262965
2007-06-17,4.911811534718466
2007-06-18,4.76561274010928
2007-06-19,5.938471377100269
2007-06-20,5.633786844427717
2007-06-21,7.376890452933778
2007-06-22,9.453092775547832
2007-06-23,6.2158287918984465
2007-06-24,4.470916797429429
2007-06-25,3.8594653468548037
2007-06-26,6.907172244895875
2007-06-27,9.075964727803157
2007-06-28,8.626268921860042
2007-06-29,8.37846907165732
2007-06-30,8.18396330513833
2007-07-01,9.57234001477396
2007-07-02,8.19178600044335
2007-07-03,7.464532180865378
2007-07-04,7.859084972466468
2007-07-05,6.432712576655701
2007-07-06,10.224432961436651
2007-07-07,13.071946994624998
2007-07-08,6.250159608084626
2007-07-09,3.9817107708864126
2007-07-10,4.259573286947312
2007-07-11,3.89610072276585
2007-07-12,6.121936627800907
2007-07-13,7.018126237199699
2007-07-14,6.761548175679434
2007-07-15,6.360975647854943
2007-07-16,7.843192243809181
2007-07-17,6.3651437322801785
2007-07-18,6.184270775814672
2007-07-19,7.454736527057733
2007-07-20,9.276498611562134
2007-07-21,7.9153801212286155
2007-07-22,6.048553019366094
2007-07-23,7.922737146299503
2007-07-24,8.978639258453448
2007-07-25,9.921996142781875
2007-07-26,12.881383772576166
2007-07-27,10.957707727447014
2007-07-28,11.318080392429648
2007-07-29,8.73245861340046
2007-07-30,7.517359515387438
2007-07-31,8.543607607003755
2007-08-01,9.239744705061844
2007-08-02,7.872979307515672
2007-08-03,5.601538655979861
2007-08-04,5.208737926877266
2007-08-05,7.230321220715831
2007-08-06,10.065982602538433
2007-08-07,9.294472463445322
2007-08-08,7.294275140952401
2007-08-09,3.416651197598324
2007-08-10,5.499331470150948
2007-08-11,8.832593838273917
2007-08-12,7.9794619667136
2007-08-13,7.919643600553154
2007-08-14,6.704787281825147
2007-08-15,5.038476455035496
2007-08-16,8.136716678431617
2007-08-17,6.701012005463799
2007-08-18,4.721539537565502
2007-08-19,4.600533430997876
2007-08-20,3.7449801049109976
2007-08-21,4.76820390419648
2007-08-22,5.3309179136853
2007-08-23,5.9143769499556935
2007-08-24,8.659656195984848
2007-08-25,7.723904717858836
2007-08-26,8.511777456892888
2007-08-27,7.6455418474468635
2007-08-28,7.996997881838264
2007-08-29,7.3863642520866515
2007-08-30,6.54654366069173
2007-08-31,6.016535362888232
2007-09-01,6.752124883296451
2007-09-02,6.550686996024802
2007-09-03,7.867305997977213
2007-09-04,11.312221589105944
2007-09-05,11.262911801595823
2007-09-06,9.635556874309076
2007-09-07,6.309658206584205
2007-09-08,6.713766466994871
2007-09-09,5.698818831455511
2007-09-10,4.281070273843704
2007-09-11,3.7326063290845575
2007-09-12,4.560150236212521
2007-09-13,4.99115735193742
2007-09-14,4.808919660357498
2007-09-15,4.242814664543286
2007-09-16,3.854662160909688
2007-09-17,5.948845074270261
2007-09-18,6.408405169544489
2007-09-19,4.485894512400527
2007-09-20,3.3322153223830777
2007-09-21,4.008858563970271
2007-09-22,4.423943112181233
2007-09-23,4.962145362945703
2007-09-24,4.534125388961929
2007-09-25,6.7294106897694395
2007-09-26,5.610774518008283
2007-09-27,4.207577868370786
2007-09-28,4.238241158809256
2007-09-29,6.301494927244692
2007-09-30,3.5735008632174248
2007-10-01,2.005810916591572
2007-10-02,1.9008265495246501
2007-10-03,1.1408715938741385
2007-10-04,2.8139562556861066
2007-10-05,3.6975686270015924
2007-10-06,4.814354948590883
2007-10-07,4.796616791162867
2007-10-08,2.7678433828657845
2007-10-09,1.6798789789698363
2007-10-10,1.577417279933263
2007-10-11,1.1456028265451135
2007-10-12,1.6008583002508705
2007-10-13,2.188543642394113
2007-10-14,2.437327138219831
2007-10-15,5.0016342767334185
2007-10-16,7.2544264100255385
2007-10-17,2.2600585421044164
2007-10-18,1.5690645404617944
2007-10-19,1.9164616220709119
2007-10-20,1.5155443943523004
2007-10-21,1.7523477446127294
2007-10-22,2.046490482898911
2007-10-23,1.8857513751446433
2007-10-24,1.7032516468836842
2007-10-25,0.8723596708550597
2007-10-26,0.9267049375809582
2007-10-27,1.0039893543061875
2007-10-28,1.8914338012610055
2007-10-29,1.158663086936817
2007-10-30,0.8987353659061241
2007-10-31,0.9323354324880173
2007-11-01,1.7723652653450666
2007-11-02,1.4138398712841567
2007-11-03,0.9183299314244558
2007-11-04,1.2095192069459226
2007-11-05,0.3956334844135519
2007-11-06,0.9426768193289549
2007-11-07,0.6193471437955734
2007-11-08,0.36742147310365175
2007-11-09,0.21315954723156336
2007-11-10,0.3355880387143104
2007-11-11,0.19722879160380644
2007-11-12,0.11501541206889919
2007-11-13,0.23914327580720968
2007-11-14,0.5782987976975531
2007-11-15,2.695589630049608
2007-11-16,0.5691354869808799
2007-11-17,0.006064974908807102
2007-11-18,0.01007250334042788
2007-11-19,0.49656047154548794
2007-11-20,0.507299378804034
2007-11-21,0.20385923816168622
2007-11-22,0.4085804400849561
2007-11-23,0.27951731101209604
2007-11-24,0.12893179376143538
2007-11-25,0.0705796427058862
2007-11-26,0.03976585856948174
2007-11-27,0.0351847722647987
2007-11-28,0.09031600697086148
2007-11-29,0.45502268142611957
2007-11-30,0.33524896182208147
2007-12-01,0.34856818677111634
2007-12-02,0.31621418613064683
2007-12-03,0.4482834649658688
2007-12-04,0.28251980623340284
2007-12-05,0.13967029666138991
2007-12-06,0.11554921993852067
2007-12-07,0.15153474902625827
2007-12-08,0.609460220653486
2007-12-09,0.8444257876135398
2007-12-10,0.7282421049613661
2007-12-11,0.31596894078024296
2007-12-12,0.5810458125550764
2007-12-13,0.7788354431004807
2007-12-14,0.8835400282626508
2007-12-15,0.597777723908747
2007-12-16,0.33973992018082055
2007-12-17,0.25508981985192625
2007-12-18,1.5698183518040971
2007-12-19,1.6932535524817796
2007-12-20,0.7148221086836821
2007-12-21,0.2666634814416124
2007-12-22,0.32814013620581595
2007-12-23,0.5652159437270604
2007-12-24,0.009898947796441807
2007-12-25,0.010391164786562776
2007-12-26,0.004800116065720295
2007-12-27,0.002010931610457619
2007-12-28,0.011859105898054525
2007-12-29,0.03488141996256108
2007-12-30,0.037741688134027396
2007-12-31,0.07079063728267054
2008-01-01,0.030345995042934906
2008-01-02,0.027051423338320172
2008-01-03,0.19826984295770048
2008-01-04,0.48917014869237474
2008-01-05,0.49239234894062633
2008-01-06,0.5276333592790406
2008-01-07,1.5513150468098522
2008-01-08,1.0603920006735994
2008-01-09,0.7446280695217261
2008-01-10,0.4344281699265365
2008-01-11,0.22105862760645384
2008-01-12,0.08321008490951926
2008-01-13,0.1093487707711095
2008-01-14,0.09255691627191717
2008-01-15,0.5231604969552677
2008-01-16,1.1324774849778128
2008-01-17,0.972389019300811
2008-01-18,0.49329750307181236
2008-01-19,0.16883278988338707
2008-01-20,0.240541439926206
2008-01-21,0.20807433508435538
2008-01-22,1.3581424438827607
2008-01-23,1.9642931579712593
2008-01-24,0.9952121842941115
2008-01-25,0.790310754944988
2008-01-26,0.8799970239795419
2008-01-27,0.20477015496551343
2008-01-28,0.08774570357595038
2008-01-29,0.11886849611162971
2008-01-30,0.19209775645286659
2008-01-31,0.11846960412171455
2008-02-01,0.2069369680246559
2008-02-02,0.676402031653939
2008-02-03,0.3348674861093637
2008-02-04,0.5213422876790781
2008-02-05,0.4135656113747331
2008-02-06,0.5765211972807732
2008-02-07,0.7831948159956297
2008-02-08,1.0059379430714395
2008-02-09,1.1466703133602287
2008-02-10,0.40145730771929555
2008-02-11,0.2661678655868926
2008-02-12,0.4241101803711077
2008-02-13,0.1004891002991448
2008-02-14,0.168635059406879
2008-02-15,0.10692113174663337
2008-02-16,0.16864573459886248
2008-02-17,0.19793477929272105
2008-02-18,0.5328473076508207
2008-02-19,0.5259509145425784
2008-02-20,0.23464876801005483
2008-02-21,0.2086846531328414
2008-02-22,0.10006597369883839
2008-02-23,0.06940338938305321
2008-02-24,0.07679583655006354
2008-02-25,0.2565432844400875
2008-02-26,0.14645661932522128
2008-02-27,0.16570711988739747
2008-02-28,0.08169697187558705
2008-02-29,0.19268252471490543
2008-03-01,0.07247578515770604
2008-03-02,0.25701861118022906
2008-03-03,0.3482951862604629
2008-03-04,0.44981773271654246
2008-03-05,0.35293311721186343
2008-03-06,0.6500651629632389
2008-03-07,0.09453973155581213
2008-03-08,0.2539635267010104
2008-03-09,0.40614089011594484
2008-03-10,0.8083066633429244
2008-03-11,1.4526270630095124
2008-03-12,0.7036640003541716
2008-03-13,0.7765357859007843
2008-03-14,1.6713085806572152
2008-03-15,1.0691110419668122
2008-03-16,0.41845053631138435
2008-03-17,0.5533360183030601
2008-03-18,0.37447028704461927
2008-03-19,0.529335561185563
2008-03-20,0.8813565885915434
2008-03-21,1.010653971698067
2008-03-22,1.187064545128473
2008-03-23,1.0525471628343552
2008-03-24,0.8479375798205753
2008-03-25,0.45989287592353234
2008-03-26,1.0083382605095619
2008-03-27,0.6104489563170539
2008-03-28,1.1083934884605564
2008-03-29,1.4325997423772099
2008-03-30,2.6335566921525757
2008-03-31,3.380564411548022
2008-04-01,1.9025540214073926
2008-04-02,2.0868526794834796
2008-04-03,2.554774637608103
2008-04-04,1.7663428120514366
2008-04-05,1.6349669148996415
2008-04-06,0.8208243425017294
2008-04-07,0.7745452048842274
2008-04-08,0.4622233641421631
2008-04-09,0.7528657838524598
2008-04-10,1.4902394271093962
2008-04-11,1.7207635635716834
2008-04-12,1.7144444094845968
2008-04-13,1.2097489950068343
2008-04-14,1.0910714779157522
2008-04-15,1.1777506471332326
2008-04-16,1.3821864061032585
2008-04-17,1.2692741892101962
2008-04-18,0.3759785683354946
2008-04-19,0.36270877977236304
2008-04-20,0.2625467332142087
2008-04-21,0.17745290610919184
2008-04-22,0.37298141502372073
2008-04-23,0.34005896261747565
2008-04-24,0.7476495926206882
2008-04-25,0.31416111743516356
2008-04-26,0.6423441306738638
2008-04-27,1.3889195086671953
2008-04-28,1.9272664368787382
2008-04-29,1.6070018972582798
2008-04-30,0.636284446060068
2008-05-01,2.7525818741676704
2008-05-02,1.7239293062476724
2008-05-03,1.6947866529658915
2008-05-04,0.5307951647139215
2008-05-05,1.1246967209079937
2008-05-06,0.5763623770028299
2008-05-07,0.6259159544788075
2008-05-08,1.0031105933446274
2008-05-09,0.7683953733387787
2008-05-10,1.749974377806119
2008-05-11,1.056642851685544
2008-05-12,1.409047848914845
2008-05-13,1.337835526767686
2008-05-14,1.808127537655147
2008-05-15,2.066389029085055
2008-05-16,2.58403625031012
2008-05-17,2.4590788187922925
2008-05-18,3.29235295140886
2008-05-19,2.4067424221683553
2008-05-20,0.8354513585809734
2008-05-21,1.9224075947304768
2008-05-22,2.721697592425183
2008-05-23,3.2317818850521833
2008-05-24,3.426622975003319
2008-05-25,2.5486357622492077
2008-05-26,3.3220396384221504
2008-05-27,2.767676337686801
2008-05-28,2.3559545087841314
2008-05-29,2.1256861523044055
2008-05-30,2.8428461963703517
2008-05-31,2.2801825819481434
2008-06-01,2.6285274936136993
2008-06-02,3.342971202044336
2008-06-03,2.9679459924720506
2008-06-04,4.644351747075747
2008-06-05,4.236461850633386
2008-06-06,4.302338636621428
2008-06-07,4.933992879410245
2008-06-08,6.390714514292841
2008-06-09,7.131103352830757
2008-06-10,7.206014654278294
2008-06-11,5.877138451576847
2008-06-12,7.087800633563322
2008-06-13,10.88836657578356
2008-06-14,8.743654081641019
2008-06-15,5.01652856377479
2008-06-16,7.894472178235391
2008-06-17,11.209974819872873
2008-06-18,5.872727614318062
2008-06-19,4.101454482706418
2008-06-20,5.704902851968418
2008-06-21,3.443375946975394
2008-06-22,3.709518329210062
2008-06-23,3.8702175555518927
2008-06-24,3.283644637347097
2008-06-25,5.185847863241201
2008-06-26,4.936419005761109
2008-06-27,9.053436385014644
2008-06-28,12.05153075507253
2008-06-29,9.010098381328955
2008-06-30,7.818309261721849
2008-07-01,8.262078872383738
2008-07-02,5.15249996544587
2008-07-03,6.914615705343189
2008-07-04,8.660658222853199
2008-07-05,6.965074444622801
2008-07-06,6.486878383059468
2008-07-07,5.3202839526626695
2008-07-08,6.1525753989418215
2008-07-09,7.25121413577776
2008-07-10,7.287993632113287
2008-07-11,7.7081065885182465
2008-07-12,7.593831859511254
2008-07-13,7.0794850747884315
2008-07-14,5.967848044186302
2008-07-15,5.316338394441968
2008-07-16,4.318527498020398
2008-07-17,5.625683233333373
2008-07-18,10.050765366723013
2008-07-19,8.140773911526333
2008-07-20,6.5005837924388645
2008-07-21,7.836882553168506
2008-07-22,8.32872120047131
2008-07-23,7.9124137453637315
2008-07-24,7.871867671017923
2008-07-25,8.234622063092592
2008-07-26,11.529197322428562
2008-07-27,10.400977942192787
2008-07-28,8.77764150970195
2008-07-29,7.53325521317212
2008-07-30,4.788441257719689
2008-07-31,5.245187627878968
2008-08-01,6.412394002253244
2008-08-02,6.469111073664561
2008-08-03,6.952779312181089
2008-08-04,8.925688131753557
2008-08-05,8.214512861459921
2008-08-06,7.462421326961125
2008-08-07,7.780968417002711
2008-08-08,8.033970107709964
2008-08-09,12.485623289001936
2008-08-10,9.965465411381738
2008-08-11,13.45635017958322
2008-08-12,10.683566172043511
2008-08-13,8.037904211692732
2008-08-14,7.506554793893943
2008-08-15,7.309984887671637
2008-08-16,6.783702945717018
2008-08-17,6.929951866703476
2008-08-18,9.803531986615099
2008-08-19,8.292473854618903
2008-08-20,3.937022410757777
2008-08-21,2.344298587093064
2008-08-22,2.5282317435219497
2008-08-23,2.81403724147289
2008-08-24,3.291327063035658
2008-08-25,5.373032337965395
2008-08-26,8.423713262469224
2008-08-27,6.146730468475783
2008-08-28,6.120766140441253
2008-08-29,4.388843516890182
2008-08-30,4.889692426558408
2008-08-31,4.169544672167042
2008-09-01,3.127593727378234
2008-09-02,4.308026024646353
2008-09-03,5.013093085813275
2008-09-04,5.079107600742886
2008-09-05,7.131308681266097
2008-09-06,4.392817200014807
2008-09-07,5.089069170862709
2008-09-08,5.291876374966684
2008-09-09,4.604384478579614
2008-09-10,4.703584524046073
2008-09-11,7.010041250206084
2008-09-12,6.554562320964677
2008-09-13,5.462888691543909
2008-09-14,3.7617030120612176
2008-09-15,4.078641992687019
2008-09-16,4.893431740553803
2008-09-17,6.487038935291121
2008-09-18,6.0227971810339875
2008-09-19,8.973597583396716
2008-09-20,10.091681899662744
2008-09-21,4.331157893221917
2008-09-22,5.187419743728721
2008-09-23,1.7736994693797588
2008-09-24,1.7795622461736125
2008-09-25,1.198988586095076
2008-09-26,1.241364501947461
2008-09-27,2.005721874425449
2008-09-28,1.7486100066916945
2008-09-29,0.5070585831124133
2008-09-30,0.6484785641369178
2008-10-01,3.8402571399020675
2008-10-02,1.4741587502098827
2008-10-03,1.8789190474542423
2008-10-04,2.9478386623020887
2008-10-05,3.101329833439768
2008-10-06,2.83994313989494
2008-10-07,2.2215208087081364
2008-10-08,1.0550480236941977
2008-10-09,1.2320018032956133
2008-10-10,0.8429653081082199
2008-10-11,1.392595949846737
2008-10-12,1.1057741911043082
2008-10-13,1.3607458657626448
2008-10-14,1.4303273459341557
2008-10-15,1.1179584238822016
2008-10-16,0.8938290899251724
2008-10-17,0.6696100675061388
2008-10-18,0.7792050326496327
2008-10-19,1.0635970090342801
2008-10-20,2.651689284250496
2008-10-21,1.6139745490253115
2008-10-22,1.643245335732077
2008-10-23,2.708043828406892
2008-10-24,3.024735940167594
2008-10-25,4.1287874246271885
2008-10-26,5.317965294941294
2008-10-27,4.814530393071932
2008-10-28,0.2683982935625768
2008-10-29,0.45447327925507125
2008-10-30,0.22340791916779945
2008-10-31,0.4020357009397853
2008-11-01,0.590510317986038
2008-11-02,0.09757967758204217
2008-11-03,0.06605113218647135
2008-11-04,0.3265942580599023
2008-11-05,0.6587949506814302
2008-11-06,0.38425872682992523
2008-11-07,0.10485772889902355
2008-11-08,0.15693010086856649
2008-11-09,0.11486043412119304
2008-11-10,0.40921235907208386
2008-11-11,0.40796890744479114
2008-11-12,0.5420936132351011
2008-11-13,0.7731792323233847
2008-11-14,0.8126193827811129
2008-11-15,1.0649880273466468
2008-11-16,0.7981926671057119
2008-11-17,0.06344643102111043
2008-11-18,0.1448376233661669
2008-11-19,0.7230602743803931
2008-11-20,1.0285123508864806
2008-11-21,0.6110137013735274
2008-11-22,0.9177842586084417
2008-11-23,1.0665523595941737
2008-11-24,1.166517685421085
2008-11-25,1.2036324009698725
2008-11-26,2.024190413033069
2008-11-27,1.9695101289897263
2008-11-28,1.3108342722603572
2008-11-29,0.6707128069431398
2008-11-30,0.535873077684562
2008-12-01,0.26754155249750494
2008-12-02,0.1202643055066772
2008-12-03,0.04051108632449931
2008-12-04,0.008776952577384693
2008-12-05,0.14550794025034514
2008-12-06,0.6252845833990992
2008-12-07,1.2857802609727196
2008-12-08,0.9757630590981928
2008-12-09,0.5065517222347202
2008-12-10,0.20667717585350381
2008-12-11,0.12116156549849165
2008-12-12,0.017981433071919045
2008-12-13,0.040031366007072876
2008-12-14,0.07496128363778612
2008-12-15,0.5300330456305986
2008-12-16,0.5140427085082157
2008-12-17,0.23131571172897916
2008-12-18,0.42787492241594893
2008-12-19,1.3304867026784306
2008-12-20,0.9289835219608819
2008-12-21,0.21081240047729558
2008-12-22,0.13550518561274102
2008-12-23,0.2135881773366042
2008-12-24,0.06235984758249242
2008-12-25,0.04821030699169624
2008-12-26,0.195496881416478
2008-12-27,0.06340233503657852
2008-12-28,0.051952396941070234
2008-12-29,0.048770088454375936
2008-12-30,0.0984279219922986
2008-12-31,0.32674917745000676
2009-01-01,0.17617557963776115
2009-01-02,0.41157260956241104
2009-01-03,0.8403724406238943
2009-01-04,0.34368222327496056
2009-01-05,0.3943287595925929
2009-01-06,0.4964403230431322
2009-01-07,0.4660423763611203
2009-01-08,0.5004706834516817
2009-01-09,0.6642064453453556
2009-01-10,0.1827047205980197
2009-01-11,0.2512933226646685
2009-01-12,0.22544061028469017
2009-01-13,0.28227515645268897
2009-01-14,0.38042983334216773
2009-01-15,1.052253824510712
2009-01-16,1.7562923733789673
2009-01-17,0.889874174906697
2009-01-18,0.6302880601980699
2009-01-19,0.15476738233103562
2009-01-20,0.3360598886622195
2009-01-21,0.45695607882253236
2009-01-22,0.31056398568661586
2009-01-23,0.2346195037345663
2009-01-24,1.1192369380283638
2009-01-25,0.846144449384229
2009-01-26,0.6393815614173483
2009-01-27,0.3331097789019198
2009-01-28,0.11178907906494817
2009-01-29,0.12397177402214067
2009-01-30,0.07436227105587447
2009-01-31,0.19682928630316773
2009-02-01,0.12301219236631154
2009-02-02,0.20582831078365782
2009-02-03,0.11373812502610968
2009-02-04,0.5869858997403299
2009-02-05,0.4792169583219108
2009-02-06,0.0677702025187306
2009-02-07,0.036207459437388415
2009-02-08,0.09468916479183928
2009-02-09,0.6321818872840651
2009-02-10,1.3917070509617977
2009-02-11,1.0568394908130647
2009-02-12,0.9353147529844842
2009-02-13,1.4282066424158513
2009-02-14,0.23035681610888514
2009-02-15,0.10826829744638655
2009-02-16,0.028727246465495272
2009-02-17,0.03259060163992705
2009-02-18,0.08289041797283787
2009-02-19,0.6466840194356126
2009-02-20,0.3259042372019703
2009-02-21,0.25114381335793556
2009-02-22,0.8070557976821399
2009-02-23,0.9840943919317913
2009-02-24,0.9817166675514624
2009-02-25,0.7342350896620763
2009-02-26,0.04845410218533958
2009-02-27,0.06893868522280207
2009-02-28,0.2226765467102335
2009-03-01,0.6088053404967496
2009-03-02,0.08917056442565836
2009-03-03,0.3524726952300611
2009-03-04,0.1397652740959379
2009-03-05,0.08496677803098523
2009-03-06,0.27040772297397014
2009-03-07,0.2049778792475684
2009-03-08,0.5061511160178845
2009-03-09,0.9394322979424939
2009-03-10,0.5345021410155644
2009-03-11,0.3839510217134346
2009-03-12,0.4822370800649654
2009-03-13,0.46162074251219787
2009-03-14,0.7783174319132283
2009-03-15,0.9205245072879457
2009-03-16,0.43788569250378895
2009-03-17,0.29525233082140145
2009-03-18,0.4121070678238598
2009-03-19,0.5201259650908207
2009-03-20,0.8841187073991824
2009-03-21,1.3439029609691437
2009-03-22,0.9570078755841659
2009-03-23,0.8081199362283994
2009-03-24,0.6951470869980976
2009-03-25,0.4859652880868797
2009-03-26,0.7045445890354106
2009-03-27,0.9890249839400698
2009-03-28,1.796358564722003
2009-03-29,2.3571778751026726
2009-03-30,2.046184450126456
2009-03-31,2.818104033387505
2009-04-01,1.9212477027121144
2009-04-02,1.4168106199641117
2009-04-03,1.2795452369522642
2009-04-04,1.1552776941579055
2009-04-05,1.6729285565081928
2009-04-06,3.066038929469796
2009-04-07,2.3642869951446577
2009-04-08,2.1019588227086494
2009-04-09,0.8684679275805368
2009-04-10,0.949284334913541
2009-04-11,1.2550755608677593
2009-04-12,0.6286714992851876
2009-04-13,0.5458001400153909
2009-04-14,0.9668276127688048
2009-04-15,0.3550524871671108
2009-04-16,0.5450324366845902
2009-04-17,1.5958542617803468
2009-04-18,0.6546051910723817
2009-04-19,0.3098106883402799
2009-04-20,0.3883152205951838
2009-04-21,0.5330529997392293
2009-04-22,1.0204892624754667
2009-04-23,0.40573159735355546
2009-04-24,0.118238222009114
2009-04-25,0.2593041572823232
2009-04-26,1.0811273999499056
2009-04-27,0.37286849237725755
2009-04-28,0.47082698131458545
2009-04-29,0.8460661926142559
2009-04-30,2.072044929305385
2009-05-01,2.642487331115052
2009-05-02,2.1394396616069464
2009-05-03,3.5867310139107107
2009-05-04,1.3916735775942959
2009-05-05,0.7073182894669231
2009-05-06,0.7383006723008946
2009-05-07,0.4204115843486283
2009-05-08,0.6867603933147483
2009-05-09,2.1490348984002634
2009-05-10,2.7608013752937075
2009-05-11,2.692813467546665
2009-05-12,1.9783832910296686
2009-05-13,1.3386787761871075
2009-05-14,0.8235414317883917
2009-05-15,0.9194562010641554
2009-05-16,1.259333524535776
2009-05-17,1.6871363643418134
2009-05-18,2.954617762785548
2009-05-19,1.9071338807468101
2009-05-20,2.329255144442349
2009-05-21,2.455559979486015
2009-05-22,1.7842913872441055
2009-05-23,1.9542736292418719
2009-05-24,3.775521019215745
2009-05-25,4.275673390510295
2009-05-26,4.94220451947522
2009-05-27,1.0894383249486792
2009-05-28,1.6914451756563755
2009-05-29,4.73139667800549
2009-05-30,3.1502532116993245
2009-05-31,3.121584883548669
2009-06-01,1.830161212623468
2009-06-02,1.812026568402207
2009-06-03,1.0511543443831415
2009-06-04,2.2485018003148047
2009-06-05,5.7886865749339265
2009-06-06,7.759493623291214
2009-06-07,4.800397754916956
2009-06-08,4.621794981085064
2009-06-09,1.4773621638703016
2009-06-10,1.0488389957978166
2009-06-11,1.6504947139743975
2009-06-12,2.7178517592647933
2009-06-13,3.0654212255442794
2009-06-14,4.975579668777448
2009-06-15,3.5762601555701456
2009-06-16,3.4731029620158416
2009-06-17,3.3357904516668677
2009-06-18,2.8104830194089017
2009-06-19,3.078041330778469
2009-06-20,3.3568630383445055
2009-06-21,2.4483664911957996
2009-06-22,2.5591657501041927
2009-06-23,3.1807493624811696
2009-06-24,3.3573315996265136
2009-06-25,4.009519184817767
2009-06-26,5.744459481266086
2009-06-27,6.894523781792171
2009-06-28,9.281834523247602
2009-06-29,6.48704086023124
2009-06-30,8.144763442107616
2009-07-01,9.053488919783534
2009-07-02,7.308411415836292
2009-07-03,6.907614541172762
2009-07-04,5.882904529717638
2009-07-05,9.574423243676064
2009-07-06,11.749966440901687
2009-07-07,8.686414326057857
2009-07-08,6.363000488891147
2009-07-09,6.01044987901019
2009-07-10,4.083589647062873
2009-07-11,4.100102759987021
2009-07-12,5.365483685238842
2009-07-13,10.877613797664836
2009-07-14,10.253647932360163
2009-07-15,7.35274225585358
2009-07-16,5.138824165353098
2009-07-17,5.380741631248678
2009-07-18,7.830495981563715
2009-07-19,7.220102853997953
2009-07-20,9.796557720585932
2009-07-21,12.77704450296197
2009-07-22,9.535363469879465
2009-07-23,5.994815622822327
2009-07-24,2.77548479450937
2009-07-25,4.465800776487804
2009-07-26,8.385089561989833
2009-07-27,9.94996366515101
2009-07-28,7.8204268595922946
2009-07-29,7.368562478507744
2009-07-30,4.0868326642819435
2009-07-31,5.241700013546558
2009-08-01,2.946317625612992
2009-08-02,2.617259481093711
2009-08-03,3.1059549524364933
2009-08-04,4.538340278827185
2009-08-05,5.4606440928410835
2009-08-06,6.367854700142346
2009-08-07,3.5335620645579224
2009-08-08,3.3494650771854713
2009-08-09,2.6506207023430055
2009-08-10,3.3100412212777766
2009-08-11,5.482059893403602
2009-08-12,6.82828216927935
2009-08-13,8.569084413250504
2009-08-14,9.032188544300185
2009-08-15,9.329277845852014
2009-08-16,9.329735922811677
2009-08-17,9.138274998366215
2009-08-18,7.323612511879705
2009-08-19,8.43737403307673
2009-08-20,6.39229872112685
2009-08-21,4.846994163866293
2009-08-22,6.591475031965325
2009-08-23,8.539129139467777
2009-08-24,7.338188109624442
2009-08-25,6.769179367111965
2009-08-26,8.087609337425345
2009-08-27,7.47745591832207
2009-08-28,5.91583275553407
2009-08-29,7.815455111579746
2009-08-30,10.857534696477309
2009-08-31,8.874622602065871
2009-09-01,8.293669919383664
2009-09-02,9.154347954073783
2009-09-03,7.385859438970413
2009-09-04,5.2215480124651386
2009-09-05,6.5328318918864685
2009-09-06,6.869466249503111
2009-09-07,7.466943635717679
2009-09-08,5.301316300743559
2009-09-09,4.65285261307981
2009-09-10,4.6843652443328425
2009-09-11,4.438401579805935
2009-09-12,2.0178922170524674
2009-09-13,2.729308295226784
2009-09-14,3.2690043359015544
2009-09-15,2.6443105399473037
2009-09-16,2.7938096450457435
2009-09-17,4.276031099573811
2009-09-18,4.143465640199005
2009-09-19,2.476941387226285
2009-09-20,2.3186584773439933
2009-09-21,2.832947028555919
2009-09-22,3.1491754818220907
2009-09-23,3.1293942711134863
2009-09-24,2.2458678788356976
2009-09-25,3.3745550000912314
2009-09-26,2.782472780676533
2009-09-27,2.738181052933318
2009-09-28,3.7129702384436722
2009-09-29,2.9560895774898444
2009-09-30,3.1645869240261777
2009-10-01,3.978543494034608
2009-10-02,5.841627434200121
2009-10-03,7.790431849500933
2009-10-04,5.958539003023218
2009-10-05,7.262269123627208
2009-10-06,5.761862447916644
2009-10-07,7.277952771759283
2009-10-08,5.458367280039532
2009-10-09,1.2620340290976066
2009-10-10,0.6043144944313761
2009-10-11,0.5641877557995633
2009-10-12,0.7877629049038427
2009-10-13,1.3825792129528784
2009-10-14,1.0629371148882178
2009-10-15,0.8574874066111312
2009-10-16,1.0594218899118988
2009-10-17,0.6352031104497596
2009-10-18,0.6717462379376145
2009-10-19,0.4738304484258497
2009-10-20,0.31303596775331727
2009-10-21,0.46791087201516796
2009-10-22,0.20888543207684435
2009-10-23,0.2179435503135385
2009-10-24,0.06818707721121353
2009-10-25,0.07910773296656352
2009-10-26,0.19942682570280582
2009-10-27,0.28786737328779954
2009-10-28,0.7449455137240174
2009-10-29,1.0137964245394369
2009-10-30,0.2702091104107781
2009-10-31,0.4946166921223615
2009-11-01,0.2683125571112575
2009-11-02,0.31549453450269715
2009-11-03,0.2873110190894457
2009-11-04,0.8258981162848852
2009-11-05,1.9361644643753966
2009-11-06,1.6591920773057618
2009-11-07,0.6545526958702069
2009-11-08,2.9512340154186383
2009-11-09,2.0463755193776763
2009-11-10,1.5514500288141824
2009-11-11,1.476977723817158
2009-11-12,0.5995610103384048
2009-11-13,1.020650473799429
2009-11-14,1.9396642141401927
2009-11-15,2.3166985707551135
2009-11-16,1.2703837956877801
2009-11-17,1.8242918005780682
2009-11-18,1.6715304307107761
2009-11-19,0.6206975797230894
2009-11-20,0.762614151917006
2009-11-21,0.6454160710460491
2009-11-22,0.5634536496858145
2009-11-23,0.15576662924827325
2009-11-24,0.582545967240816
2009-11-25,0.16374122842369462
2009-11-26,0.03727746215567775
2009-11-27,0.16726745669513118
2009-11-28,0.11718269160717838
2009-11-29,0.061426567288400985
2009-11-30,0.2639430684424676
2009-12-01,0.3205106963339924
2009-12-02,0.3432732099972842
2009-12-03,0.5337905642540988
2009-12-04,0.27325251449420634
2009-12-05,0.25650477528343923
2009-12-06,0.186616778524502
2009-12-07,0.08780570004460231
2009-12-08,0.4964164032743537
2009-12-09,0.8853534375065805
2009-12-10,0.4174064490869537
2009-12-11,0.1813760697951582
2009-12-12,0.6082711912254478
2009-12-13,0.19092866519619553
2009-12-14,0.5366648189138855
2009-12-15,1.2700129380891592
2009-12-16,0.6060351685621778
2009-12-17,0.2855582363435
2009-12-18,0.13143195190887907
2009-12-19,0.2709609197386239
2009-12-20,0.3681378473614858
2009-12-21,0.3924470749630545
2009-12-22,0.47482961205258517
2009-12-23,0.18986187760847253
2009-12-24,0.11200457145659416
2009-12-25,0.1893045116227916
2009-12-26,0.09138836161989371
2009-12-27,0.4025348643137206
2009-12-28,0.1418538857935816
2009-12-29,0.18377044417658828
2009-12-30,0.5603989019961069
2009-12-31,0.1951515728133163
2010-01-01,0.04238762004774667
2010-01-02,0.08538445646798848
2010-01-03,0.45148204903742806
2010-01-04,0.06534939315390509
2010-01-05,0.08630172123155071
2010-01-06,0.059334748278491806
2010-01-07,0.08543767102158059
2010-01-08,0.3247761592990636
2010-01-09,0.30138017886385804
2010-01-10,0.21783109708712461
2010-01-11,0.09093496902700718
2010-01-12,1.0859375330701149
2010-01-13,1.650977594007473
2010-01-14,0.4639652083633672
2010-01-15,0.08131682349250921
2010-01-16,0.1541451275461395
2010-01-17,0.18881145305910652
2010-01-18,0.17911295443476333
2010-01-19,0.31359971146622784
2010-01-20,0.12152362831275888
2010-01-21,0.13569529534900868
2010-01-22,0.21614801765419359
2010-01-23,0.12451871539946197
2010-01-24,0.13457173432296143
2010-01-25,0.18388703222414587
2010-01-26,0.32943968087844494
2010-01-27,0.23672031016535147
2010-01-28,0.9396958564652726
2010-01-29,0.5364965075889222
2010-01-30,0.21398784462869616
2010-01-31,0.42771555934089306
2010-02-01,0.21335501163117843
2010-02-02,0.06045612356697013
2010-02-03,0.02358211094733412
2010-02-04,0.18398830649557024
2010-02-05,0.7182334214661076
2010-02-06,1.1287395373351514
2010-02-07,1.8766355892543571
2010-02-08,3.055763717436307
2010-02-09,1.1431034858326479
2010-02-10,0.8204763715346465
2010-02-11,0.518507311765654
2010-02-12,0.8619094148384575
2010-02-13,0.20284075942032398
2010-02-14,0.33853978931826173
2010-02-15,0.4748836377565327
2010-02-16,0.37108850494019385
2010-02-17,0.6883082122786525
2010-02-18,0.2768283002436795
2010-02-19,0.12351368115328648
2010-02-20,0.12347194356044663
2010-02-21,0.152705486637179
2010-02-22,0.7161755592972334
2010-02-23,0.7470049003221159
2010-02-24,0.5588141074507772
2010-02-25,0.7363005034408548
2010-02-26,0.5055337950012175
2010-02-27,0.5173787794470212
2010-02-28,0.6394929475097697
2010-03-01,0.6789406840179866
2010-03-02,0.8492944807843821
2010-03-03,1.246980148928558
2010-03-04,0.47774530263069837
2010-03-05,0.3024347034765858
2010-03-06,0.5523427876840492
2010-03-07,0.10131225048778393
2010-03-08,0.046713456545523335
2010-03-09,0.4127297972776971
2010-03-10,0.7085677655191964
2010-03-11,0.20930859629176574
2010-03-12,0.7115226466632709
2010-03-13,0.44379023566763937
2010-03-14,0.8644440301765433
2010-03-15,0.7049165083237883
2010-03-16,0.8785542110256805
2010-03-17,0.6915414275707176
2010-03-18,0.1512060095613483
2010-03-19,0.09326204822987587
2010-03-20,0.0738968163213157
2010-03-21,0.27326993996606175
2010-03-22,0.3984686276910444
2010-03-23,0.16955972764690339
2010-03-24,0.11195194164972133
2010-03-25,0.249759806991344
2010-03-26,1.8275697146293242
2010-03-27,0.8639695366271212
2010-03-28,1.383734472723787
2010-03-29,1.1725854059578302
2010-03-30,2.5145251848150343
2010-03-31,1.3171455708857396
2010-04-01,0.526918797764354
2010-04-02,0.8335510543146276
2010-04-03,0.6202651624068681
2010-04-04,0.8762525714631525
2010-04-05,0.6981602882868342
2010-04-06,0.5302800309235457
2010-04-07,0.2106943174606953
2010-04-08,0.3908086451813682
2010-04-09,0.37112068584658525
2010-04-10,1.2533596304353178
2010-04-11,1.2331844600242654
2010-04-12,1.8294310591496927
2010-04-13,1.7751700819368978
2010-04-14,1.8329729137377897
2010-04-15,0.8094827488796972
2010-04-16,1.0398607643204318
2010-04-17,3.354933158121253
2010-04-18,2.49008065026596
2010-04-19,2.677814957348825
2010-04-20,1.4276895341822045
2010-04-21,1.1823453385007934
2010-04-22,1.2065546011337454
2010-04-23,1.3676936314173602
2010-04-24,1.180026496617021
2010-04-25,1.1112371089646522
2010-04-26,1.8646308032266505
2010-04-27,0.7905269724572203
2010-04-28,1.98064333993889
2010-04-29,2.6865097276791716
2010-04-30,2.265122810481891
2010-05-01,1.720502874790474
2010-05-02,3.415996441343398
2010-05-03,2.0651756707853317
2010-05-04,2.948408288630462
2010-05-05,2.669412653055955
2010-05-06,2.737690662179554
2010-05-07,2.7794603280012757
2010-05-08,0.9785090315820045
2010-05-09,1.239470325755711
2010-05-10,1.5888189413517393
2010-05-11,1.3422537525687004
2010-05-12,1.2028451433209362
2010-05-13,2.05840920830013
2010-05-14,1.872366192560646
2010-05-15,0.6814829381955801
2010-05-16,1.6540823529489295
2010-05-17,1.9422115858651237
2010-05-18,2.2558464630070594
2010-05-19,5.321111360291024
2010-05-20,6.126059695958696
2010-05-21,2.9186016855435315
2010-05-22,1.798623813407045
2010-05-23,3.16703044909413
2010-05-24,4.7611694413680805
2010-05-25,2.994845386844902
2010-05-26,3.6851216109000173
2010-05-27,1.7702585185067468
2010-05-28,2.301898330388631
2010-05-29,1.0034848269744006
2010-05-30,2.1779596202074214
2010-05-31,2.1998939360124607
2010-06-01,1.4166943435180346
2010-06-02,4.143802683134414
2010-06-03,5.239447807839107
2010-06-04,5.190697411284596
2010-06-05,3.96030263269702
2010-06-06,5.5356728684016225
2010-06-07,4.3732409730388815
2010-06-08,3.854909580036856
2010-06-09,3.2701182742543775
2010-06-10,3.9825678444061823
2010-06-11,4.250440794607171
2010-06-12,4.669627103137974
2010-06-13,5.040668705785982
2010-06-14,4.221335621816719
2010-06-15,6.400844236460725
2010-06-16,7.709762034119652
2010-06-17,6.946017632414877
2010-06-18,3.307071664475079
2010-06-19,5.644397863860281
2010-06-20,4.71705941045047
2010-06-21,6.27839172884305
2010-06-22,7.101242958651562
2010-06-23,5.773240402359836
2010-06-24,5.737643831910492
2010-06-25,4.453997018576009
2010-06-26,5.845016267085037
2010-06-27,5.260510878648245
2010-06-28,4.621890557417764
2010-06-29,4.646672612086001
2010-06-30,5.32588666711751
2010-07-01,5.498938608478222
2010-07-02,7.570348976163436
2010-07-03,6.718472296114595
2010-07-04,7.567588960016003
2010-07-05,7.775620451299868
2010-07-06,7.727018232880592
2010-07-07,6.649237694553719
2010-07-08,3.72863329960107
2010-07-09,3.1889168943385284
2010-07-10,6.11918183093253
2010-07-11,9.689937614275582
2010-07-12,8.203071708312285
2010-07-13,4.301370417198338
2010-07-14,4.898193674020412
2010-07-15,6.502609181459616
2010-07-16,7.739547299036248
2010-07-17,6.983028874216054
2010-07-18,8.14839553771318
2010-07-19,7.459442295096882
2010-07-20,7.655463204602068
2010-07-21,7.930301193133489
2010-07-22,7.650101840637582
2010-07-23,9.742910400146789
2010-07-24,14.186788374653666
2010-07-25,13.597125819359022
2010-07-26,9.63355989329122
2010-07-27,7.689328884275721
2010-07-28,11.270865310519705
2010-07-29,13.856314870403647
2010-07-30,12.043202626551347
2010-07-31,10.356121205109643
2010-08-01,7.4039361414142535
2010-08-02,8.279986601014963
2010-08-03,9.752821451969398
2010-08-04,8.915472165902006
2010-08-05,7.13755673508132
2010-08-06,9.281363990247158
2010-08-07,6.197829003157177
2010-08-08,5.067919164053358
2010-08-09,3.492520846544513
2010-08-10,6.2268812262122495
2010-08-11,9.053826454486133
2010-08-12,9.23293877779595
2010-08-13,8.986969473415849
2010-08-14,6.032198183926229
2010-08-15,7.52671018662173
2010-08-16,7.715425076554561
2010-08-17,8.731391623602036
2010-08-18,11.826412624595614
2010-08-19,8.889462729277072
2010-08-20,7.92777295896236
2010-08-21,6.634827180782308
2010-08-22,7.291694995815212
2010-08-23,6.396321053610404
2010-08-24,9.390026907334391
2010-08-25,8.493273935249826
2010-08-26,9.482271151849952
2010-08-27,9.63127703686179
2010-08-28,8.383085055708673
2010-08-29,10.034584954575214
2010-08-30,8.538613894504193
2010-08-31,4.7467871075561945
2010-09-01,4.440564146468175
2010-09-02,7.531578982674618
2010-09-03,9.3073523945472
2010-09-04,7.3498872656015175
2010-09-05,5.123132591826799
2010-09-06,5.850962931485504
2010-09-07,9.361492199484978
2010-09-08,7.7319832135017545
2010-09-09,6.3493115591597515
2010-09-10,6.770014317411998
2010-09-11,8.356191465459267
2010-09-12,5.76478356962579
2010-09-13,6.839954858262422
2010-09-14,7.399461848136935
2010-09-15,6.877184965845925
2010-09-16,7.418426060024693
2010-09-17,8.521182899714638
2010-09-18,7.987605958852203
2010-09-19,5.546130873270573
2010-09-20,4.604385366902957
2010-09-21,5.51270295375597
2010-09-22,6.394773972588219
2010-09-23,4.98318761528869
2010-09-24,3.6231997969672354
2010-09-25,2.8512586636739368
2010-09-26,2.4900907715158445
2010-09-27,2.2659121793415267
2010-09-28,2.499574108161956
2010-09-29,2.951681806785595
2010-09-30,1.2724139643073256
2010-10-01,1.3824563720236367
2010-10-02,2.1139661276913295
2010-10-03,2.5242852414627044
2010-10-04,1.9903025551779068
2010-10-05,3.9767675509382974
2010-10-06,7.206903115878573
2010-10-07,6.917765975770309
2010-10-08,9.757018692889394
2010-10-09,3.572708560823654
2010-10-10,1.6159485368936641
2010-10-11,1.088330835465504
2010-10-12,1.037308136504456
2010-10-13,0.9460100503185721
2010-10-14,2.6233853068567106
2010-10-15,3.1877916027092943
2010-10-16,2.6231415635037525
2010-10-17,1.630235149418286
2010-10-18,1.4948962930497312
2010-10-19,3.451872160040761
2010-10-20,2.448872739321309
2010-10-21,4.216368655330326
2010-10-22,5.236393197889629
2010-10-23,2.89631870193864
2010-10-24,1.0351055799599482
2010-10-25,0.4601920618220355
2010-10-26,1.2779973864358676
2010-10-27,1.999384761867041
2010-10-28,1.3279883695783887
2010-10-29,1.7707834251142538
2010-10-30,2.556845405869278
2010-10-31,2.1535716023151856
2010-11-01,1.9813806295626735
2010-11-02,1.466150018689097
2010-11-03,0.8999027481981076
2010-11-04,0.6601623618419612
2010-11-05,1.398350723132132
2010-11-06,2.200334364888072
2010-11-07,3.2209315569541888
2010-11-08,0.7789129011386284
2010-11-09,0.8072430934029439
2010-11-10,0.8243094093017113
2010-11-11,1.5357616183603617
2010-11-12,1.0112284586648437
2010-11-13,0.7281269059935055
2010-11-14,0.5518178623591808
2010-11-15,0.9777063673833821
2010-11-16,1.394531338144066
2010-11-17,0.8256392616540379
2010-11-18,0.6442517279635566
2010-11-19,1.1843700267388584
2010-11-20,1.064099038034649
2010-11-21,1.030210319247386
2010-11-22,0.952706966830313
2010-11-23,0.8393332630074787
2010-11-24,0.9540994833257358
2010-11-25,1.0589659613698725
2010-11-26,1.1831528859616733
2010-11-27,0.9523415589892217
2010-11-28,0.7620747529236508
2010-11-29,0.23374567322608245
2010-11-30,0.8941642777355486
2010-12-01,0.8372009083039632
2010-12-02,0.7178998846714775
2010-12-03,0.959875887191914
2010-12-04,0.7235209391917617
2010-12-05,1.1926647863722621
2010-12-06,1.2538437699519944
2010-12-07,0.9450067483395221
2010-12-08,0.7971218159370107
2010-12-09,0.7668234925085262
2010-12-10,0.4531538141167949
2010-12-11,0.34544453486522175
2010-12-12,0.0868393980185207
2010-12-13,0.05694694902490596
2010-12-14,0.04136872239183793
2010-12-15,0.010904253564452338
2010-12-16,0.049423265435339564
2010-12-17,0.1363570572246632
2010-12-18,0.1373201188159374
2010-12-19,0.08994440376810464
2010-12-20,0.28493077844359666
2010-12-21,0.1997697754022879
2010-12-22,0.3743366141354008
2010-12-23,0.4194010548129331
2010-12-24,0.3092932418683711
2010-12-25,0.3427458237914517
2010-12-26,0.1849974484842282
2010-12-27,0.08111987576698079
2010-12-28,0.3506427691310192
2010-12-29,0.5775920944274759
2010-12-30,1.637172462333987
2010-12-31,0.9400508078210779
2011-01-01,0.49948712075738555
2011-01-02,0.17577017361086117
2011-01-03,0.28756940836666683
2011-01-04,0.5014245424453021
2011-01-05,0.4122480998197499
2011-01-06,0.22008452773443898
2011-01-07,0.38141335355961065
2011-01-08,0.4147738956252901
2011-01-09,0.894541666103636
2011-01-10,0.5359577684907091
2011-01-11,0.3216633063767647
2011-01-12,0.41035788322492883
2011-01-13,0.18798981207592902
2011-01-14,0.8606071143211874
2011-01-15,0.9614174182614926
2011-01-16,0.8879195722858125
2011-01-17,0.21091026801316565
2011-01-18,0.09145661665499975
2011-01-19,0.08570157768048142
2011-01-20,0.0881294832677644
2011-01-21,0.1236220068923966
2011-01-22,0.11938981592463749
2011-01-23,0.01431279425113223
2011-01-24,0.023713173510410752
2011-01-25,0.08386165536244256
2011-01-26,0.6296899578238648
2011-01-27,0.10567428763098467
2011-01-28,0.3493045741909289
2011-01-29,0.9184110055564477
2011-01-30,0.5843681127634395
2011-01-31,0.5025576279505034
2011-02-01,0.606642127362165
2011-02-02,0.8346071375268845
2011-02-03,0.6613878982472572
2011-02-04,0.5758632393558155
2011-02-05,0.5618002640983775
2011-02-06,1.528489332881252
2011-02-07,1.4479900842494289
2011-02-08,0.21177973751097934
2011-02-09,0.16633967671094088
2011-02-10,0.09525465596225559
2011-02-11,0.642943067326299
2011-02-12,1.6239850444558714
2011-02-13,0.7755439139010775
2011-02-14,0.3967373702036521
2011-02-15,1.1572967959370506
2011-02-16,2.459372924654927
2011-02-17,0.8317681368430869
2011-02-18,0.3884695715838758
2011-02-19,0.45046227927443994
2011-02-20,1.378623452268388
2011-02-21,1.1546530478099577
2011-02-22,0.6467703759962148
2011-02-23,0.5072973059622871
2011-02-24,0.5760896124855862
2011-02-25,1.57433827955354
2011-02-26,0.4174312314900813
2011-02-27,0.24749961862916983
2011-02-28,0.6761763207514048
2011-03-01,1.1628393321453465
2011-03-02,0.9720931335085274
2011-03-03,1.3007841029475535
2011-03-04,0.6057650030910751
2011-03-05,0.23558794746058412
2011-03-06,0.25645420950849984
2011-03-07,0.15867860492940966
2011-03-08,0.14544770375653882
2011-03-09,0.16511995077267122
2011-03-10,0.11417642107861241
2011-03-11,0.5641099211231797
2011-03-12,0.40471413462717054
2011-03-13,0.6462989432985766
2011-03-14,0.39931385025339267
2011-03-15,0.44684252591560464
2011-03-16,0.786523496031425
2011-03-17,0.5660311928224423
2011-03-18,1.0480143441107033
2011-03-19,1.3118087792762851
2011-03-20,0.7079220844929548
2011-03-21,0.8321891674720325
2011-03-22,0.167391837081022
2011-03-23,0.24981593702455057
2011-03-24,0.9585802534880088
2011-03-25,0.46862363367111787
2011-03-26,0.42503631496631067
2011-03-27,0.728223430291809
2011-03-28,0.7912026621934326
2011-03-29,0.7221978707479214
2011-03-30,0.8679091521386183
2011-03-31,0.5839667595522591
2011-04-01,0.13427764099698422
2011-04-02,0.2201451546512964
2011-04-03,0.6264011502248398
2011-04-04,1.0158029994209734
2011-04-05,0.4454803703263694
2011-04-06,0.38628154194357456
2011-04-07,0.6383362741146446
2011-04-08,1.1480592190240673
2011-04-09,1.7449690537520506
2011-04-10,1.759707279529094
2011-04-11,1.9361059221743502
2011-04-12,1.0878205119987054
2011-04-13,1.8284734087390573
2011-04-14,1.9204820983390907
2011-04-15,1.5043977615053248
2011-04-16,2.475259997802764
2011-04-17,2.060769224483218
2011-04-18,3.7935004503342546
2011-04-19,2.4714945673119852
2011-04-20,0.8536663692240246
2011-04-21,1.4075218736404347
2011-04-22,1.503668011359248
2011-04-23,1.5001653775161505
2011-04-24,1.2072981462996801
2011-04-25,1.3982975624205256
2011-04-26,0.7842548903493287
2011-04-27,1.8493201341046064
2011-04-28,1.571720102416244
2011-04-29,0.7258461185550181
2011-04-30,1.0659781161151034
2011-05-01,2.7734386400482083
2011-05-02,1.9416992210134139
2011-05-03,2.204932623051473
2011-05-04,1.0619064018212154
2011-05-05,0.4537295563175478
2011-05-06,0.35441698294494484
2011-05-07,1.1189964476273435
2011-05-08,0.7769675989399475
2011-05-09,1.3441892663173556
2011-05-10,1.2673685800663312
2011-05-11,0.6560272250208183
2011-05-12,0.3739594391926001
2011-05-13,1.8044403731566099
2011-05-14,1.5318718139148435
2011-05-15,1.4286190361047946
2011-05-16,2.191808289691936
2011-05-17,3.496744607405871
2011-05-18,4.780139007653871
2011-05-19,4.129962671825729
2011-05-20,2.320347766300964
2011-05-21,4.110368578903661
2011-05-22,2.0526300119366336
2011-05-23,2.8058883406761184
2011-05-24,2.2368734993303554
2011-05-25,2.9606013560694175
2011-05-26,4.0387971146342325
2011-05-27,4.61942963246341
2011-05-28,3.659221178947401
2011-05-29,2.7784048120842217
2011-05-30,3.801721953400848
2011-05-31,4.060756156474087
2011-06-01,3.9180254976536535
2011-06-02,3.70995012637399
2011-06-03,3.448465480554921
2011-06-04,2.8747295783945215
2011-06-05,4.125537819898296
2011-06-06,4.4279813578250735
2011-06-07,5.157969201410236
2011-06-08,4.057059305416361
2011-06-09,4.668318347097399
2011-06-10,4.1734045303399805
2011-06-11,4.895897858933885
2011-06-12,3.5591519928514623
2011-06-13,2.954403409128116
2011-06-14,5.898214765632279
2011-06-15,4.785029884530991
2011-06-16,3.878137412701271
2011-06-17,5.985066285426091
2011-06-18,5.292225117909641
2011-06-19,5.985913270003659
2011-06-20,5.889870312811344
2011-06-21,4.6900774742712885
2011-06-22,4.585386839833635
2011-06-23,5.6927016823163
2011-06-24,6.843595068930327
2011-06-25,7.876489120502989
2011-06-26,10.609262344860763
2011-06-27,8.30743449456559
2011-06-28,8.559482821824968
2011-06-29,9.035448533358803
2011-06-30,9.693168943951248
2011-07-01,7.354487921328773
2011-07-02,5.714075883416365
2011-07-03,6.945251945529921
2011-07-04,6.083087316791362
2011-07-05,5.252488969636236
2011-07-06,5.385532866850097
2011-07-07,6.054967739487323
2011-07-08,7.591229920279842
2011-07-09,6.4823538399125
2011-07-10,5.1924575359226015
2011-07-11,3.59393674599429
2011-07-12,5.831787812578948
2011-07-13,9.72998786985261
2011-07-14,9.49255582525424
2011-07-15,10.098419596267854
2011-07-16,9.717281666777138
2011-07-17,9.455381172503513
2011-07-18,10.31729682882634
2011-07-19,11.644798173811271
2011-07-20,12.046221990550432
2011-07-21,12.462073178144735
2011-07-22,9.587713810736222
2011-07-23,5.916087312359887
2011-07-24,5.025490830113196
2011-07-25,6.073238017603561
2011-07-26,4.599138366913214
2011-07-27,6.8735734160186635
2011-07-28,6.617873450181591
2011-07-29,6.011619548351494
2011-07-30,6.216309174971104
2011-07-31,8.149603364965838
2011-08-01,8.142973582963133
2011-08-02,9.01369002614013
2011-08-03,9.863851378213319
2011-08-04,5.613649506910407
2011-08-05,8.496757830914277
2011-08-06,10.517796844318918
2011-08-07,9.442856310088882
2011-08-08,10.212612365364679
2011-08-09,8.692651307585361
2011-08-10,6.618186810916918
2011-08-11,5.367557404893807
2011-08-12,9.112088707437723
2011-08-13,10.01291220712527
2011-08-14,8.988174898733403
2011-08-15,15.130785687892613
2011-08-16,10.835152284128755
2011-08-17,9.188151665581588
2011-08-18,5.36648523349028
2011-08-19,5.237863241116029
2011-08-20,6.3463187590518535
2011-08-21,5.856944952565793
2011-08-22,5.806643913580065
2011-08-23,8.733745034973131
2011-08-24,9.919007788185615
2011-08-25,6.134124257472846
2011-08-26,9.244674791156996
2011-08-27,8.368290419974008
2011-08-28,6.124213674940236
2011-08-29,5.553951875551201
2011-08-30,5.564167704483357
2011-08-31,7.182886935104592
2011-09-01,10.357862051055507
2011-09-02,8.949039867500943
2011-09-03,6.481782043709568
2011-09-04,7.542008271635162
2011-09-05,7.324381780316024
2011-09-06,8.150579427536027
2011-09-07,8.79794501895439
2011-09-08,8.827988545404759
2011-09-09,8.672239974591431
2011-09-10,7.833160802978657
2011-09-11,5.320682028152722
2011-09-12,5.9005620501911515
2011-09-13,7.220151113045756
2011-09-14,8.399973185969325
2011-09-15,9.701835749157665
2011-09-16,8.218983656893872
2011-09-17,6.645485786900262
2011-09-18,4.550991989272112
2011-09-19,2.913088145792287
2011-09-20,4.5319203409156135
2011-09-21,4.963036803829975
2011-09-22,4.257966713524063
2011-09-23,4.397793496561852
2011-09-24,3.3307967264501297
2011-09-25,1.7372695595882297
2011-09-26,2.6328052425595696
2011-09-27,1.0045823399532983
2011-09-28,1.626752680980691
2011-09-29,1.2074151921500142
2011-09-30,1.2024727940814717
2011-10-01,1.5259718465802663
2011-10-02,1.3503355953475464
2011-10-03,1.0672319735844418
2011-10-04,1.047415109513313
2011-10-05,0.9819656995210172
2011-10-06,1.135919828596127
2011-10-07,1.6296475017591798
2011-10-08,1.317583659785058
2011-10-09,1.2946113869089815
2011-10-10,1.726597236040287
2011-10-11,2.6003262586512
2011-10-12,2.755421984405718
2011-10-13,1.2997312184748988
2011-10-14,1.4383579314167039
2011-10-15,2.219066481425147
2011-10-16,2.338431967294823
2011-10-17,1.915331940204391
2011-10-18,2.866689657803335
2011-10-19,3.7205339418249097
2011-10-20,1.869995017358845
2011-10-21,2.643500844075969
2011-10-22,1.5499700546972521
2011-10-23,1.1806848585542455
2011-10-24,0.8715035966761312
2011-10-25,1.9017757725650581
2011-10-26,1.5951583828340556
2011-10-27,1.4490066116893132
2011-10-28,0.9905719433196969
2011-10-29,1.3365577101673756
2011-10-30,1.0207485730706525
2011-10-31,1.299134190090061
2011-11-01,1.389357245647159
2011-11-02,0.9190532713935561
2011-11-03,1.146992035978485
2011-11-04,0.5782501737615872
2011-11-05,0.5059395025563533
2011-11-06,0.6993066837530731
2011-11-07,0.4271205433933384
2011-11-08,0.03900180061033816
2011-11-09,0.046398932286548046
2011-11-10,0.3975067892585133
2011-11-11,0.09938296586096622
2011-11-12,0.016255751232392198
2011-11-13,0.057302131747452724
2011-11-14,0.08074566330464604
2011-11-15,0.17213556620640597
2011-11-16,0.27296928350007693
2011-11-17,0.3914347332126309
2011-11-18,0.19247181483122006
2011-11-19,0.24363843650167152
2011-11-20,0.31037728070621734
2011-11-21,0.4151218762360243
2011-11-22,0.23256985494360619
2011-11-23,0.6342252302185781
2011-11-24,0.9581648333122965
2011-11-25,1.6216742071701955
2011-11-26,1.9587855259480416
2011-11-27,0.9114536454633577
2011-11-28,0.5177366792783704
2011-11-29,0.17664889615134155
2011-11-30,0.7107966462025912
2011-12-01,0.2739674478942392
2011-12-02,0.0726077380131999
2011-12-03,0.09789148432744639
2011-12-04,0.11532486338719766
2011-12-05,0.059424884333525156
2011-12-06,0.03815942870107015
2011-12-07,0.0368409206415504
2011-12-08,0.2369833966705236
2011-12-09,0.2440417051063796
2011-12-10,0.09726679973846439
2011-12-11,0.2346988328121991
2011-12-12,0.20844518144927984
2011-12-13,0.2759204782789122
2011-12-14,0.09920468219005787
2011-12-15,0.23757291945706036
2011-12-16,0.1578020724876292
2011-12-17,0.046632970666345135
2011-12-18,0.3261427392084096
2011-12-19,0.8527448663397574
2011-12-20,0.44702407617539797
2011-12-21,0.07956544861851632
2011-12-22,0.16615752669007697
2011-12-23,0.46955860238405944
2011-12-24,0.292988565673722
2011-12-25,0.1431965953003361
2011-12-26,0.2938815196992979
2011-12-27,0.4630589832497939
2011-12-28,0.33099149931614286
2011-12-29,0.4441116725504005
2011-12-30,0.2932589083319775
2011-12-31,0.489512706714415
2012-01-01,2.9653342210296674
2012-01-02,0.4185818668811252
2012-01-03,0.10736562627413163
2012-01-04,0.3609173827293848
2012-01-05,0.18279073836267676
2012-01-06,1.8186123766396383
2012-01-07,1.3021441792676642
2012-01-08,1.3986412895416245
2012-01-09,1.0262501468529475
2012-01-10,0.2633531649978011
2012-01-11,0.12716857511057672
2012-01-12,0.28164454544058265
2012-01-13,0.11483651430281108
2012-01-14,0.44222957650065586
2012-01-15,0.9422516391996055
2012-01-16,0.17061159793233588
2012-01-17,0.06914089297141678
2012-01-18,0.0763115453767233
2012-01-19,0.11013776378394234
2012-01-20,0.10527049217126902
2012-01-21,0.4159128350882473
2012-01-22,0.20121478000586773
2012-01-23,0.0692136843655735
2012-01-24,0.09437892025654077
2012-01-25,0.051340987148744036
2012-01-26,0.27052105612934807
2012-01-27,0.07618953354291308
2012-01-28,0.23228503158988473
2012-01-29,0.07456318625278355
2012-01-30,0.17710367036872912
2012-01-31,0.1410339845261129
2012-02-01,0.5582367117466999
2012-02-02,0.7266017532005234
2012-02-03,0.5382162410098315
2012-02-04,0.7092815791084419
2012-02-05,0.29643308117512557
2012-02-06,0.14512457498897896
2012-02-07,0.5197768568462772
2012-02-08,1.3230512732758775
2012-02-09,0.4600906821415513
2012-02-10,0.20319870808637028
2012-02-11,0.5808266070229589
2012-02-12,0.6109027527583513
2012-02-13,0.4376019074915464
2012-02-14,0.5090575799589973
2012-02-15,0.827458486326239
2012-02-16,0.8011596132087199
2012-02-17,0.546143855432986
2012-02-18,0.15889469584581145
2012-02-19,0.4013776854624191
2012-02-20,0.7315482437183765
2012-02-21,0.3481820342929116
2012-02-22,0.17912094931704048
2012-02-23,0.26307942134924367
2012-02-24,0.23309207711329782
2012-02-25,0.2684752074694134
2012-02-26,0.22947176317312865
2012-02-27,0.06769594634193422
2012-02-28,0.288682039471093
2012-02-29,0.40338292037613954
2012-03-01,0.1410752116556852
2012-03-02,0.36641304512997686
2012-03-03,0.38030316566146277
2012-03-04,0.2869836754024427
2012-03-05,0.2527002255256739
2012-03-06,0.4300910586511514
2012-03-07,0.3893714487004937
2012-03-08,0.103362400602018
2012-03-09,0.09811855468435807
2012-03-10,0.4657131765753195
2012-03-11,0.638040236354199
2012-03-12,1.1453408540960341
2012-03-13,1.0739755604193832
2012-03-14,0.5603823088084954
2012-03-15,0.16625107634004807
2012-03-16,0.3394432464976056
2012-03-17,0.05888951452682754
2012-03-18,0.1805281176587336
2012-03-19,0.4624822770671884
2012-03-20,0.19420701183528963
2012-03-21,0.2688993084244798
2012-03-22,0.05779451216356574
2012-03-23,0.031106889409742038
2012-03-24,0.1325245402019029
2012-03-25,0.8563190013809707
2012-03-26,1.149790751466537
2012-03-27,1.5584164512972118
2012-03-28,0.7483591695900068
2012-03-29,0.8604070875751901
2012-03-30,1.1747663039050997
2012-03-31,1.7331448852257028
2012-04-01,0.44841815110014466
2012-04-02,0.6705309340931908
2012-04-03,0.7626733900367353
2012-04-04,1.665288946309529
2012-04-05,1.4013825904293762
2012-04-06,2.321881843476291
2012-04-07,1.6804591311497252
2012-04-08,2.4908715720938313
2012-04-09,3.2279436583741603
2012-04-10,3.3758266214301313
2012-04-11,2.240996752088652
2012-04-12,2.89278929330402
2012-04-13,3.142729437924907
2012-04-14,1.430949790558378
2012-04-15,1.5025898128479875
2012-04-16,1.1002733313674051
2012-04-17,1.1444688392434206
2012-04-18,1.9796114587100184
2012-04-19,2.145584308146426
2012-04-20,1.6105301956536064
2012-04-21,2.495795579186217
2012-04-22,0.7666543765132345
2012-04-23,1.16081591013704
2012-04-24,1.2760459250466198
2012-04-25,1.3461141747840109
2012-04-26,1.3844227866937033
2012-04-27,1.4719984074837205
2012-04-28,1.3609309315541478
2012-04-29,1.2886124074990097
2012-04-30,1.1449866073015365
2012-05-01,1.3245080849973039
2012-05-02,1.1669761432159633
2012-05-03,1.125042471013526
2012-05-04,1.6730738579201596
2012-05-05,1.3464092072147138
2012-05-06,1.119050230742918
2012-05-07,1.2278669100439628
2012-05-08,1.000970789048279
2012-05-09,1.982407962453569
2012-05-10,2.455525450974903
2012-05-11,2.3208209323097253
2012-05-12,3.1226133678251315
2012-05-13,1.4321095270314734
2012-05-14,1.72631046144324
2012-05-15,1.726067511338535
2012-05-16,1.30131407337593
2012-05-17,0.8099325616807691
2012-05-18,0.9548860484997049
2012-05-19,1.1571679575563572
2012-05-20,1.1732181244886213
2012-05-21,1.2993589225567783
2012-05-22,1.2503994815858595
2012-05-23,1.2507871494919443
2012-05-24,1.2467271554701378
2012-05-25,0.7530782634584101
2012-05-26,1.2142682692371531
2012-05-27,2.5376159587159814
2012-05-28,2.062219957244444
2012-05-29,2.9848597419658045
2012-05-30,4.5150956650249
2012-05-31,2.4557203087913377
2012-06-01,5.2156359205618035
2012-06-02,3.3510934441269895
2012-06-03,3.275875852208933
2012-06-04,3.5381747480418637
2012-06-05,2.706882857615906
2012-06-06,2.442486179512141
2012-06-07,4.567460430143472
2012-06-08,3.377868033516755
2012-06-09,4.155999056801716
2012-06-10,3.2619857223718265
2012-06-11,1.686909737358315
2012-06-12,3.241922421391918
2012-06-13,3.427715621969969
2012-06-14,3.3499539517066235
2012-06-15,6.612292371355932
2012-06-16,5.773082955936602
2012-06-17,8.243582241062196
2012-06-18,6.044704538290805
2012-06-19,3.5239127600457727
2012-06-20,6.6389214118177975
2012-06-21,7.170716511509297
2012-06-22,6.38236202432459
2012-06-23,6.015085381029743
2012-06-24,5.95413162674263
2012-06-25,5.956883626502126
2012-06-26,5.742598346999366
2012-06-27,2.3703525935582173
2012-06-28,2.0231753154520935
2012-06-29,1.6916605354920815
2012-06-30,4.492672475447573
2012-07-01,6.342254681964533
2012-07-02,5.9356374759001
2012-07-03,6.4854821006839165
2012-07-04,6.732167743703461
2012-07-05,9.474764472734943
2012-07-06,11.307699200584128
2012-07-07,7.699079397708358
2012-07-08,6.7952378042357635
2012-07-09,7.715487295062231
2012-07-10,5.780419640253607
2012-07-11,3.8998513836559385
2012-07-12,4.327243390475812
2012-07-13,8.513580686877088
2012-07-14,9.252339786724077
2012-07-15,7.541721676330175
2012-07-16,5.177933293657403
2012-07-17,6.546240106980333
2012-07-18,9.56280473612314
2012-07-19,8.113508044205396
2012-07-20,5.6772683208373005
2012-07-21,5.736683135733116
2012-07-22,6.472096227457057
2012-07-23,7.915405216116444
2012-07-24,9.290252871337527
2012-07-25,9.340534356004628
2012-07-26,10.521896443409382
2012-07-27,10.337884372704586
2012-07-28,10.001767916401366
2012-07-29,10.053019950113693
2012-07-30,8.071344690940544
2012-07-31,6.030737469154602
2012-08-01,4.7835909707704225
2012-08-02,7.097474445089296
2012-08-03,9.17513643567523
2012-08-04,5.611117854722154
2012-08-05,6.339671977804658
2012-08-06,8.080334865229808
2012-08-07,7.001879120308793
2012-08-08,7.703741494887964
2012-08-09,8.16495239988613
2012-08-10,8.117145857805077
2012-08-11,8.674502160036921
2012-08-12,8.365080332585336
2012-08-13,6.700119597175311
2012-08-14,5.747798944552684
2012-08-15,5.573711737242263
2012-08-16,6.3142752680695855
2012-08-17,5.174751450607731
2012-08-18,7.023249149017956
2012-08-19,8.326192319065534
2012-08-20,7.830624925297606
2012-08-21,10.563949648342975
2012-08-22,8.591633711991925
2012-08-23,6.537896166216513
2012-08-24,4.935704731238653
2012-08-25,8.694817950735116
2012-08-26,9.397357222667656
2012-08-27,6.787817855057023
2012-08-28,5.22040934470225
2012-08-29,7.30785096335016
2012-08-30,8.508003338927558
2012-08-31,5.064060520440962
2012-09-01,3.2508874730660486
2012-09-02,10.107025821244717
2012-09-03,11.563043055528096
2012-09-04,8.351214925109772
2012-09-05,6.6317768496178795
2012-09-06,6.40347089284105
2012-09-07,5.513633942745477
2012-09-08,8.126873697485669
2012-09-09,8.213581782625738
2012-09-10,7.244985268268565
2012-09-11,9.155852218122845
2012-09-12,7.699772846069875
2012-09-13,8.81689174254014
2012-09-14,7.8174643884898245
2012-09-15,6.339479263009291
2012-09-16,5.088439373740791
2012-09-17,5.04482242485556
2012-09-18,5.143534302043586
2012-09-19,3.893794849637371
2012-09-20,4.243737914642531
2012-09-21,4.0360283841856255
2012-09-22,3.619943275230244
2012-09-23,2.570390032051287
2012-09-24,2.2779143823804895
2012-09-25,2.4735089948200204
2012-09-26,2.23468815646308
2012-09-27,2.025644858648451
2012-09-28,2.0698596518711248
2012-09-29,2.508500003746866
2012-09-30,3.393005718456988
2012-10-01,4.146816021427672
2012-10-02,4.472850674550386
2012-10-03,5.452021020216605
2012-10-04,3.982257669756966
2012-10-05,2.46000913946604
2012-10-06,1.3913569079186658
2012-10-07,1.7856959281505453
2012-10-08,1.8284500835855335
2012-10-09,4.447967739096051
2012-10-10,2.9238348797208102
2012-10-11,3.0927129630660177
2012-10-12,0.9877632778109962
2012-10-13,1.0623651431093473
2012-10-14,1.6380476774072477
2012-10-15,1.692906031724192
2012-10-16,0.976072248309105
2012-10-17,0.7053207064200914
2012-10-18,0.6826581021188973
2012-10-19,1.8679139496303465
2012-10-20,1.94659525564869
2012-10-21,1.591124314067154
2012-10-22,1.5295401609238302
2012-10-23,1.6931797393051575
2012-10-24,1.6132155603732108
2012-10-25,0.5707503958288032
2012-10-26,1.170478367962933
2012-10-27,0.9075698494515513
2012-10-28,1.1311443024073404
2012-10-29,1.5520854221131697
2012-10-30,2.2547924953528136
2012-10-31,3.2012719402819423
2012-11-01,4.904863296824898
2012-11-02,2.0047196027235237
2012-11-03,1.7421986690101516
2012-11-04,0.8935892473034925
2012-11-05,0.9156806018754797
2012-11-06,0.7181111312588272
2012-11-07,0.8874171929115359
2012-11-08,0.5746358449962715
2012-11-09,0.22137694873111166
2012-11-10,0.16128253156415576
2012-11-11,0.25244527908771186
2012-11-12,0.26727131608297783
2012-11-13,0.1857084245183766
2012-11-14,0.2569641352342301
2012-11-15,0.3250921059871658
2012-11-16,0.8026464171935572
2012-11-17,0.4299047513931767
2012-11-18,0.12786888970131943
2012-11-19,0.20321312589954257
2012-11-20,0.3881018833732923
2012-11-21,0.1560142868344419
2012-11-22,0.21428192904357293
2012-11-23,0.997947566693368
2012-11-24,0.7240069952177244
2012-11-25,0.6414253278614891
2012-11-26,0.44188608650910843
2012-11-27,0.33652141882022807
2012-11-28,0.5497294612949102
2012-11-29,0.45411363631397894
2012-11-30,0.5910763068251168
2012-12-01,0.21203864827143182
2012-12-02,0.18855129057757009
2012-12-03,0.2933824361603899
2012-12-04,0.2255679556209087
2012-12-05,0.0533917748692372
2012-12-06,0.32072910594790793
2012-12-07,0.10674998111057768
2012-12-08,0.07108832001063708
2012-12-09,0.18094659598308807
2012-12-10,0.09390643245840452
2012-12-11,0.3569649834979988
2012-12-12,0.5392027262189417
2012-12-13,1.5232855402444208
2012-12-14,0.4538680785294149
2012-12-15,0.5444912592162646
2012-12-16,0.7223815106578318
2012-12-17,1.124616784878544
2012-12-18,0.693297998770583
2012-12-19,0.5062691262985867
2012-12-20,0.1656767466118951
2012-12-21,0.23476945495043527
2012-12-22,0.8310074232923266
2012-12-23,0.3032390470634728
2012-12-24,0.22640846715448074
2012-12-25,0.23878790307210135
2012-12-26,0.7006645427933145
2012-12-27,1.31664235681035
2012-12-28,0.6967741206110503
2012-12-29,0.137837908327433
2012-12-30,0.09915147072951093
2012-12-31,0.1267645828642058
2013-01-01,0.7075494349878386
2013-01-02,0.2424376620948532
2013-01-03,0.3011132537113927
2013-01-04,0.21904893090034455
2013-01-05,0.20064375967538636
2013-01-06,0.28865244816600527
2013-01-07,0.6775803841134461
2013-01-08,0.3993425305315933
2013-01-09,0.2650271775905878
2013-01-10,0.4603486013631301
2013-01-11,0.2822366966234136
2013-01-12,0.0632836066479483
2013-01-13,0.1320863740330698
2013-01-14,0.10898723712378058
2013-01-15,0.1885461460685904
2013-01-16,0.21592126752365307
2013-01-17,1.7015491657579662
2013-01-18,2.1511227012392835
2013-01-19,0.250838763821065
2013-01-20,0.14881119026681516
2013-01-21,0.17219043561794847
2013-01-22,0.16600146031864413
2013-01-23,0.15955717343207504
2013-01-24,0.241395937251963
2013-01-25,0.1490168869621812
2013-01-26,0.17928339225515522
2013-01-27,0.4215580530351334
2013-01-28,0.29634481279732655
2013-01-29,0.2009448619135175
2013-01-30,0.48145412144580013
2013-01-31,0.632384221803782
2013-02-01,1.853605469384398
2013-02-02,0.3446434664786113
2013-02-03,1.8771490010926293
2013-02-04,2.530995778420933
2013-02-05,1.9817279718218432
2013-02-06,0.3890580633562056
2013-02-07,0.2463379027445768
2013-02-08,0.3517947995045719
2013-02-09,0.07862920139303108
2013-02-10,0.04024485566344395
2013-02-11,0.5161973739223352
2013-02-12,0.8319490779967285
2013-02-13,0.6799598871741793
2013-02-14,0.6421571682618779
2013-02-15,1.8850767167637594
2013-02-16,5.205600256144521
2013-02-17,0.8969369737761047
2013-02-18,0.20692463108742648
2013-02-19,0.23759040256788255
2013-02-20,0.35400466802759745
2013-02-21,1.306458792915649
2013-02-22,1.2096994396424434
2013-02-23,1.6366969816987589
2013-02-24,0.15158760694319082
2013-02-25,0.415685341351952
2013-02-26,1.2683664475106713
2013-02-27,0.4943488342848868
2013-02-28,0.06264201538190091
2013-03-01,0.03265993770244774
2013-03-02,0.0842600016030705
2013-03-03,0.24176732738363493
2013-03-04,0.547805954219838
2013-03-05,0.2143304085994265
2013-03-06,0.3264081618796643
2013-03-07,0.1616020277125715
2013-03-08,0.34459584476269267
2013-03-09,0.6622640873929705
2013-03-10,0.3609106491325119
2013-03-11,0.4126690075935707
2013-03-12,0.5641220946707343
2013-03-13,1.0990080792987835
2013-03-14,1.5170956608443542
2013-03-15,1.1585153592191848
2013-03-16,1.1754376678194893
2013-03-17,0.9378931118987053
2013-03-18,0.23615271126737453
2013-03-19,0.20482660342509465
2013-03-20,0.7854594676934319
2013-03-21,1.7044458062462302
2013-03-22,2.5729200502991705
2013-03-23,1.7609913717601295
2013-03-24,1.3111366638091582
2013-03-25,0.9787136349552434
2013-03-26,0.850577539205248
2013-03-27,0.5857454723140317
2013-03-28,0.8250955395228822
2013-03-29,0.38574393016397324
2013-03-30,0.247051580360787
2013-03-31,0.3566112013857067
2013-04-01,0.5380305230564159
2013-04-02,0.6420701041046394
2013-04-03,0.32808122225134295
2013-04-04,0.15819717538876663
2013-04-05,0.16904119175301524
2013-04-06,0.20136301590263211
2013-04-07,0.22869282763752036
2013-04-08,0.22934470734842383
2013-04-09,0.4714587518516719
2013-04-10,0.9585615598915072
2013-04-11,0.715006694416376
2013-04-12,0.8054290169767472
2013-04-13,1.3761058164500557
2013-04-14,2.163374393841579
2013-04-15,1.2129285963064242
2013-04-16,1.1885324339342191
2013-04-17,0.6590676547867563
2013-04-18,0.7883360497528185
2013-04-19,2.4681056879624523
2013-04-20,2.231746090199925
2013-04-21,1.9523600093135345
2013-04-22,1.300260964883141
2013-04-23,0.8932286312846558
2013-04-24,0.9927859568878764
2013-04-25,1.7289279409588307
2013-04-26,1.3133163631002855
2013-04-27,1.5235507690822772
2013-04-28,1.0245270685660743
2013-04-29,1.4228596081299067
2013-04-30,1.4393491226397668
2013-05-01,4.924988489935753
2013-05-02,4.318563059432393
2013-05-03,3.2503658610761934
2013-05-04,2.211271148279823
2013-05-05,1.5010124803726612
2013-05-06,2.036969682048809
2013-05-07,1.5091655602760627
2013-05-08,2.7031306149874688
2013-05-09,1.5137003579183677
2013-05-10,2.3411997590156486
2013-05-11,2.616018200785606
2013-05-12,2.4651080392979567
2013-05-13,1.3090097935813314
2013-05-14,0.817702002312508
2013-05-15,1.2387517485884798
2013-05-16,3.9830110758660893
2013-05-17,0.47052214685143995
2013-05-18,0.4485257108846982
2013-05-19,0.4133340770603516
2013-05-20,1.478761893144968
2013-05-21,0.5973153543747867
2013-05-22,1.792683820941783
2013-05-23,3.11987686872877
2013-05-24,1.7427288993744434
2013-05-25,1.7617222070047929
2013-05-26,4.469575336852089
2013-05-27,3.3513386649187225
2013-05-28,3.616203523661995
2013-05-29,3.627959304393923
2013-05-30,3.8046043339275055
2013-05-31,3.4388144932402804
2013-06-01,2.0957356641213996
2013-06-02,2.019313454508544
2013-06-03,4.102148526394455
2013-06-04,4.936812066712605
2013-06-05,4.430041638137782
2013-06-06,6.795963970932521
2013-06-07,5.649486452418261
2013-06-08,7.060100030621904
2013-06-09,5.310823358268702
2013-06-10,6.066419342894512
2013-06-11,9.688117285094089
2013-06-12,5.4465958717532414
2013-06-13,7.081565573256917
2013-06-14,7.090394743867904
2013-06-15,7.257631764022729
2013-06-16,8.893451099320362
2013-06-17,11.140980125845031
2013-06-18,7.916559881196645
2013-06-19,6.103357170784757
2013-06-20,5.616870863604959
2013-06-21,6.950440856133962
2013-06-22,6.302528579802249
2013-06-23,7.933749363474278
2013-06-24,10.107538476315598
2013-06-25,9.536302358353812
2013-06-26,9.841866257380158
2013-06-27,11.113505936008897
2013-06-28,8.55371182549296
2013-06-29,7.2227813614459215
2013-06-30,5.646517944998231
2013-07-01,5.243042344858892
2013-07-02,7.591083465703568
2013-07-03,8.306023381271824
2013-07-04,7.3577942170683155
2013-07-05,7.69444225579587
2013-07-06,7.061509747663822
2013-07-07,7.015294703473061
2013-07-08,7.208675445485616
2013-07-09,6.011857962268535
2013-07-10,8.094088034865539
2013-07-11,8.963943916892791
2013-07-12,8.839484520655157
2013-07-13,4.2115637674895945
2013-07-14,5.031002118755346
2013-07-15,4.687531568762389
2013-07-16,6.13438203426566
2013-07-17,5.3285737136581135
2013-07-18,6.341539638101551
2013-07-19,11.340921785138836
2013-07-20,8.444591493149854
2013-07-21,6.741741099210004
2013-07-22,9.490637541524547
2013-07-23,7.459146468148145
2013-07-24,7.21832936744854
2013-07-25,7.892325354481912
2013-07-26,11.861707360958786
2013-07-27,10.592161415333864
2013-07-28,6.637070814569962
2013-07-29,6.388480380414431
2013-07-30,11.406425858741612
2013-07-31,10.202943204579563
2013-08-01,9.488334012402065
2013-08-02,5.777177787586851
2013-08-03,3.430515987935947
2013-08-04,6.73375342382234
2013-08-05,10.13101441062224
2013-08-06,6.500073227543284
2013-08-07,5.696559596116108
2013-08-08,8.319523572658541
2013-08-09,8.3257675239732
2013-08-10,8.235621660625265
2013-08-11,6.572813865098111
2013-08-12,7.538983514314736
2013-08-13,8.34227883032744
2013-08-14,4.859120385566483
2013-08-15,6.379879314156961
2013-08-16,12.138012046454223
2013-08-17,14.041813653626145
2013-08-18,5.968866101555424
2013-08-19,4.930719502304654
2013-08-20,4.880680698679385
2013-08-21,6.906546272354928
2013-08-22,5.2530522961575565
2013-08-23,6.582344898181909
2013-08-24,3.37446011879117
2013-08-25,6.526331552145295
2013-08-26,10.174780871544455
2013-08-27,7.684476915909199
2013-08-28,5.199904738543458
2013-08-29,3.429113975413037
2013-08-30,3.623487378485392
2013-08-31,5.546344293220649
2013-09-01,6.924758105909927
2013-09-02,9.076012677030887
2013-09-03,5.302441496011639
2013-09-04,3.4733220791901096
2013-09-05,4.21323841966243
2013-09-06,3.59633929096019
2013-09-07,3.1683456860453045
2013-09-08,3.262726260056657
2013-09-09,3.540170375576169
2013-09-10,2.983710101405886
2013-09-11,3.124193172852973
2013-09-12,3.7150791198736974
2013-09-13,3.7417829007729995
2013-09-14,5.652512187781097
2013-09-15,7.499648445851255
2013-09-16,4.289733720663136
2013-09-17,3.983808035020868
2013-09-18,4.5618926947893526
2013-09-19,5.406714827070421
2013-09-20,6.0477130526848475
2013-09-21,5.017727700027285
2013-09-22,3.487451920569783
2013-09-23,3.491530794004026
2013-09-24,2.604647780587895
2013-09-25,4.274796073107402
2013-09-26,2.6340207739657173
2013-09-27,5.261617349306002
2013-09-28,6.784864417281589
2013-09-29,4.906630941953489
2013-09-30,2.6812227764706993
2013-10-01,4.040980646878811
2013-10-02,4.985444237008999
2013-10-03,7.1477071212392165
2013-10-04,7.274269454791463
2013-10-05,8.553340939539648
2013-10-06,4.916280186076411
2013-10-07,4.078363535024948
2013-10-08,3.719392866054388
2013-10-09,1.9986189691833185
2013-10-10,1.7413795708730209
2013-10-11,2.0989610892764774
2013-10-12,3.659417348468609
2013-10-13,4.94326865446724
2013-10-14,3.8258872276939786
2013-10-15,0.8204296618155091
2013-10-16,0.8724411698544857
2013-10-17,0.748986230560347
2013-10-18,1.1071059004478379
2013-10-19,1.8242893482342908
2013-10-20,1.4369091207669835
2013-10-21,2.3657543974468846
2013-10-22,2.9809548650254545
2013-10-23,2.538806587152527
2013-10-24,2.7393237904639376
2013-10-25,3.4948796259867905
2013-10-26,4.692448769134854
2013-10-27,4.721795093685492
2013-10-28,1.9333998390408205
2013-10-29,0.8370373440219616
2013-10-30,0.8517507861513207
2013-10-31,0.5164511032623165
2013-11-01,0.48364994467851713
2013-11-02,0.7978743061578859
2013-11-03,0.5856330019108583
2013-11-04,0.6474483739585672
2013-11-05,0.9196261287004636
2013-11-06,0.9256860690254798
2013-11-07,0.4105969562882344
2013-11-08,0.41929499405595044
2013-11-09,0.3749717910834182
2013-11-10,0.27530992937666054
2013-11-11,0.2668863965177789
2013-11-12,0.32099843347855017
2013-11-13,0.3270159352744231
2013-11-14,0.25427278828698313
2013-11-15,0.5627467230887263
2013-11-16,1.2745208763912792
2013-11-17,0.5050622251543262
2013-11-18,0.58950510179307
2013-11-19,0.30362132732100333
2013-11-20,0.2632724174072336
2013-11-21,0.4665399132007477
2013-11-22,0.5851980390043836
2013-11-23,0.6425212619271029
2013-11-24,0.6268256058577854
2013-11-25,0.6391787757314487
2013-11-26,0.43528653404003426
2013-11-27,0.19460358134274672
2013-11-28,0.3788788292528351
2013-11-29,0.26017901047559977
2013-11-30,0.6099729113166418
2013-12-01,0.8493223523961667
2013-12-02,0.6501020718572188
2013-12-03,0.25418433603292945
2013-12-04,0.23773179546309783
2013-12-05,0.2535274103016348
2013-12-06,0.21270657467301007
2013-12-07,0.4374344513473843
2013-12-08,0.3463729528536506
2013-12-09,0.2626329779450589
2013-12-10,0.15689630632303325
2013-12-11,0.14423677545
2013-12-12,0.470801349661581
2013-12-13,0.14407277030412372
2013-12-14,0.2568544149732693
2013-12-15,0.14342525581874138
2013-12-16,0.056409125053288205
2013-12-17,0.04965213935920301
2013-12-18,0.031852402647099994
2013-12-19,0.3381399145988528
2013-12-20,0.10917230129763718
2013-12-21,0.2847801535151246
2013-12-22,0.14552100653279385
2013-12-23,0.07193489986928214
2013-12-24,0.061522697592977786
2013-12-25,0.09270732423441821
2013-12-26,0.047657783539929
2013-12-27,0.13995191900952522
2013-12-28,0.1522682614342471
2013-12-29,0.15496423731950115
2013-12-30,0.23973371718641895
2013-12-31,0.4478143107305514
2014-01-01,0.09261814123301552
2014-01-02,0.05211818420483441
2014-01-03,0.13045216296096765
2014-01-04,0.24951072666028498
2014-01-05,0.32109157649659376
2014-01-06,0.45076748573328707
2014-01-07,0.358715378994445
2014-01-08,1.4439944804230105
2014-01-09,0.10861547355538476
2014-01-10,0.3714616241059871
2014-01-11,0.2695380647513926
2014-01-12,0.38790940430617227
2014-01-13,0.08724422085053388
2014-01-14,0.10447434047327556
2014-01-15,0.36063431658032324
2014-01-16,0.27821236078544076
2014-01-17,3.3395032234571893
2014-01-18,1.5513770052295932
2014-01-19,0.13331105426398993
2014-01-20,0.18520512230952715
2014-01-21,1.778251849071795
2014-01-22,0.8093969125888926
2014-01-23,0.06512557735976279
2014-01-24,0.11556038102950861
2014-01-25,0.0421584155944045
2014-01-26,0.08548623847445311
2014-01-27,0.11386377644075961
2014-01-28,0.14785637674642083
2014-01-29,0.09955127677152538
2014-01-30,0.043657474609463925
2014-01-31,0.08646351363721924
2014-02-01,0.3552286936120688
2014-02-02,1.477694087371555
2014-02-03,0.9912926938581249
2014-02-04,0.5997001886376303
2014-02-05,0.721379104974052
2014-02-06,0.8995682104714151
2014-02-07,0.2456960408493304
2014-02-08,0.11280996316925271
2014-02-09,0.11773377987623485
2014-02-10,0.2670304853884995
2014-02-11,0.14587468619176988
2014-02-12,0.03532796165725331
2014-02-13,0.046533104387143774
2014-02-14,0.36693824819654053
2014-02-15,0.8744161800401302
2014-02-16,1.1968199166796705
2014-02-17,0.1921305725946785
2014-02-18,0.14976480479722695
2014-02-19,0.17295006182205994
2014-02-20,0.09088334614800064
2014-02-21,0.473152578732764
2014-02-22,0.8096843894376843
2014-02-23,1.009306924644964
2014-02-24,0.4812743678261088
2014-02-25,0.4965386923997938
2014-02-26,1.0335550600028214
2014-02-27,1.6301734789041689
2014-02-28,1.0439909570900594
2014-03-01,0.2824613364960801
2014-03-02,0.5130126431169786
2014-03-03,1.52327598888823
2014-03-04,2.907168242013016
2014-03-05,0.8659174581170508
2014-03-06,0.3186997021324567
2014-03-07,0.27684802940587605
2014-03-08,0.8238098143715796
2014-03-09,1.0608378180511229
2014-03-10,1.2102921587293711
2014-03-11,1.4843608725790118
2014-03-12,0.7287907597706896
2014-03-13,0.6293810898435498
2014-03-14,0.8421699264460473
2014-03-15,0.9555377650251009
2014-03-16,0.7161818411744416
2014-03-17,0.9936981473038936
2014-03-18,0.5669077910391376
2014-03-19,0.2968996909791471
2014-03-20,0.7125685679638866
2014-03-21,0.14031874694040716
2014-03-22,0.6038782869356665
2014-03-23,1.429277850818846
2014-03-24,1.56882853261548
2014-03-25,0.2612871762663861
2014-03-26,0.6747340765730913
2014-03-27,0.6142986791136469
2014-03-28,0.7183420582824208
2014-03-29,0.19720496206289848
2014-03-30,0.3900824217208325
2014-03-31,0.3487696840313155
2014-04-01,0.6297996613322719
2014-04-02,0.5444443385367649
2014-04-03,0.566427496686144
2014-04-04,0.35726594637944276
2014-04-05,0.358470434945445
2014-04-06,0.7929993981310582
2014-04-07,0.43514636787889316
2014-04-08,1.0328415452665072
2014-04-09,0.3274525474832393
2014-04-10,0.2881346851444138
2014-04-11,0.3802367694890462
2014-04-12,0.5936106664175406
2014-04-13,0.9802116439247458
2014-04-14,0.761985262564116
2014-04-15,0.8856628534953862
2014-04-16,1.369221069948608
2014-04-17,2.4901620255621375
2014-04-18,2.103790502650676
2014-04-19,0.9819659751986454
2014-04-20,0.497964024937871
2014-04-21,0.5129867436302068
2014-04-22,0.31028792098573116
2014-04-23,0.3074958938651655
2014-04-24,0.953675908059366
2014-04-25,1.2312085470554142
2014-04-26,0.9828876143078443
2014-04-27,1.9414045627916499
2014-04-28,0.781446319791568
2014-04-29,1.252760019189018
2014-04-30,1.3282478934916337
2014-05-01,4.726677362785963
2014-05-02,2.5680623922155426
2014-05-03,2.501840186859309
2014-05-04,2.094999337322562
2014-05-05,1.6511257784975348
2014-05-06,3.123790470278225
2014-05-07,3.655628496134874
2014-05-08,2.8531874645723803
2014-05-09,4.648734544463189
2014-05-10,2.2405980609529443
2014-05-11,1.9830474770126019
2014-05-12,1.5808752808637474
2014-05-13,2.0029397781701004
2014-05-14,0.838963992949768
2014-05-15,1.0068836354793183
2014-05-16,0.49614003815253727
2014-05-17,0.6485931982288164
2014-05-18,0.840568299901028
2014-05-19,1.1241897162954653
2014-05-20,0.9198023657236001
2014-05-21,1.8548622294546104
2014-05-22,1.0617757602024616
2014-05-23,0.9287842784523977
2014-05-24,1.7717159106516303
2014-05-25,2.3444726987023663
2014-05-26,2.599615365577876
2014-05-27,4.136773108179418
2014-05-28,5.257871421739794
2014-05-29,2.01254106318881
2014-05-30,2.395833580661296
2014-05-31,3.7597346656313397
2014-06-01,3.2590773609077606
2014-06-02,3.751075154838932
2014-06-03,2.3453458160352856
2014-06-04,1.8092555754138107
2014-06-05,2.785215222373208
2014-06-06,3.5908731697552914
2014-06-07,4.1465978214689025
2014-06-08,3.279133590163698
2014-06-09,3.8983926730004095
2014-06-10,3.448873332316163
2014-06-11,3.5614486362450477
2014-06-12,2.550219939108779
2014-06-13,4.365112032574516
2014-06-14,2.843842093188213
2014-06-15,2.143179180221129
2014-06-16,2.539825592685907
2014-06-17,5.349060418740597
2014-06-18,6.212136610022819
2014-06-19,7.453711314063163
2014-06-20,7.66202927025499
2014-06-21,7.333168563850237
2014-06-22,5.124349771617228
2014-06-23,4.060588457792444
2014-06-24,2.5819665237777105
2014-06-25,3.098506394566697
2014-06-26,3.3666212267479465
2014-06-27,3.274020868937207
2014-06-28,3.720197175743173
2014-06-29,6.399599344252827
2014-06-30,6.1745805610821725
2014-07-01,3.584639228091256
2014-07-02,4.755642387532202
2014-07-03,5.108182661007432
2014-07-04,6.310054341130024
2014-07-05,5.6945983819732735
2014-07-06,5.371596257210967
2014-07-07,6.1646783156494624
2014-07-08,5.479323422932666
2014-07-09,4.331396280649577
2014-07-10,4.411449925529395
2014-07-11,4.811147215134894
2014-07-12,5.974428289270709
2014-07-13,9.555903905413611
2014-07-14,10.814990301820318
2014-07-15,10.540143372244055
2014-07-16,7.602873083091916
2014-07-17,7.823635234924215
2014-07-18,10.250984921707948
2014-07-19,9.578729690419829
2014-07-20,8.602708880680005
2014-07-21,12.22190408608584
2014-07-22,11.13534816451443
2014-07-23,9.235488063547011
2014-07-24,3.79314915929683
2014-07-25,2.7900647849946667
2014-07-26,5.388680563539346
2014-07-27,8.575815956492082
2014-07-28,9.683382787006092
2014-07-29,8.807890250233147
2014-07-30,8.750551994667015
2014-07-31,8.333854638043995
2014-08-01,7.195690404390974
2014-08-02,7.962841112341405
2014-08-03,9.110417545713851
2014-08-04,11.214392007715835
2014-08-05,9.080162028479243
2014-08-06,6.1503165704002996
2014-08-07,4.946732166932128
2014-08-08,4.032993552483445
2014-08-09,5.2082483805085396
2014-08-10,3.846672260144506
2014-08-11,2.9438324949568258
2014-08-12,4.676185037923338
2014-08-13,9.234069069848708
2014-08-14,10.55565808119449
2014-08-15,7.619932079891044
2014-08-16,5.8979918152419035
2014-08-17,3.526178996174374
2014-08-18,3.886415730886543
2014-08-19,5.345478846740371
2014-08-20,6.049835633014397
2014-08-21,5.960228278382925
2014-08-22,6.742500956106417
2014-08-23,5.3345316855673595
2014-08-24,5.5439751215193525
2014-08-25,6.768845824233887
2014-08-26,5.512951688580276
2014-08-27,6.210036672036801
2014-08-28,6.2855953684939765
2014-08-29,7.245381998860736
2014-08-30,10.173065429707076
2014-08-31,7.373620951235955
2014-09-01,6.392203739326869
2014-09-02,6.046702067983558
2014-09-03,8.455698745887318
2014-09-04,10.01715550670318
2014-09-05,10.159937358206792
2014-09-06,8.552784339872742
2014-09-07,7.2582737374907405
2014-09-08,5.267772138758201
2014-09-09,3.10768568954669
2014-09-10,4.91193150661204
2014-09-11,5.080646392753004
2014-09-12,4.847616170446774
2014-09-13,3.9473650287466993
2014-09-14,4.927436103150835
2014-09-15,3.137908929034133
2014-09-16,1.5424179010212948
2014-09-17,2.159389855508786
2014-09-18,6.655864275419682
2014-09-19,6.843355418750101
2014-09-20,5.7615696546760535
2014-09-21,5.942644476343421
2014-09-22,5.014490207324441
2014-09-23,3.444917584313011
2014-09-24,3.3281805061887546
2014-09-25,2.6542430197076725
2014-09-26,2.6694759813906885
2014-09-27,1.2815610915289006
2014-09-28,1.4512530449004544
2014-09-29,1.715847693978205
2014-09-30,1.5177792598925013
2014-10-01,1.254436653011459
2014-10-02,0.8662741518615454
2014-10-03,0.9797851831193934
2014-10-04,0.8959840792916637
2014-10-05,1.8301498526323985
2014-10-06,1.6850474898253907
2014-10-07,1.9837724121282463
2014-10-08,1.102079589674957
2014-10-09,0.9292430432945992
2014-10-10,1.772569356222095
2014-10-11,2.737382744908083
2014-10-12,4.947581364902947
2014-10-13,3.0578857640324073
2014-10-14,3.9060703565053454
2014-10-15,1.0613731558279378
2014-10-16,1.2200742539413538
2014-10-17,1.743168167307167
2014-10-18,1.4333739906696215
2014-10-19,0.8190960968089135
2014-10-20,1.1379483336660716
2014-10-21,0.6357138063215036
2014-10-22,0.533795471055134
2014-10-23,0.4710002111218219
2014-10-24,1.135538933210006
2014-10-25,5.391782962590377
2014-10-26,4.443494938599355
2014-10-27,2.964577699428035
2014-10-28,0.8543165738452185
2014-10-29,0.769281839765195
2014-10-30,0.49050605827186167
2014-10-31,0.946660761278515
2014-11-01,0.49087006551018825
2014-11-02,0.8107871991532509
2014-11-03,1.3814095055670064
2014-11-04,1.232026383207353
2014-11-05,0.8540786091688404
2014-11-06,1.0809467068134946
2014-11-07,0.24167130721869362
2014-11-08,0.22332218769832207
2014-11-09,0.7239352405684734
2014-11-10,0.27593351544989453
2014-11-11,0.36412148474941713
2014-11-12,0.9304398532145081
2014-11-13,0.7973584600153573
2014-11-14,0.9606432426480092
2014-11-15,0.7036950849549237
2014-11-16,0.38588638510791656
2014-11-17,0.09127757950317664
2014-11-18,0.3681081253543203
2014-11-19,0.5191864177875994
2014-11-20,0.548909872444315
2014-11-21,0.4811592663615683
2014-11-22,0.3548119266088998
2014-11-23,0.2847908855979078
2014-11-24,0.3351765441584599
2014-11-25,0.49084814035155433
2014-11-26,0.8331460614896063
2014-11-27,0.838644752336263
2014-11-28,0.9879342371021738
2014-11-29,0.36925067050965643
2014-11-30,0.2913354595952133
2014-12-01,0.375547099481179
2014-12-02,0.2567494189024279
2014-12-03,0.2080102077417578
2014-12-04,0.0766103229866233
2014-12-05,0.07100063605810586
2014-12-06,0.15339712155923935
2014-12-07,0.19241629383526032
2014-12-08,0.24361906323433052
2014-12-09,0.16734315769138838
2014-12-10,0.5517702774431594
2014-12-11,0.33394346944850456
2014-12-12,0.5664796930001352
2014-12-13,0.9881889191564807
2014-12-14,0.4829742565418183
2014-12-15,0.11822265495670839
2014-12-16,0.3135348854052017
2014-12-17,0.5450078949888643
2014-12-18,0.3923717917052733
2014-12-19,0.4273240564594867
2014-12-20,0.9293046600434417
2014-12-21,0.49203148092960647
2014-12-22,0.8017279835524487
2014-12-23,0.42965135619296363
2014-12-24,0.5187024075101215
2014-12-25,0.5235752404719402
2014-12-26,0.9593619517052089
2014-12-27,0.7096662264917398
2014-12-28,0.677190490909972
2014-12-29,0.243105130063761
2014-12-30,0.14529791274665374
2014-12-31,0.3497951284847793
2015-01-01,0.5620082585626507
2015-01-02,0.25551729632417886
2015-01-03,0.5476261224897134
2015-01-04,0.297466753446836
2015-01-05,0.0681310559507563
2015-01-06,0.17773345843867805
2015-01-07,0.14879519385885925
2015-01-08,0.2726085062768369
2015-01-09,0.33532112334551356
2015-01-10,0.5402491389789795
2015-01-11,0.47057406045865235
2015-01-12,0.2639340847880287
2015-01-13,0.3108542321072886
2015-01-14,0.771541576959911
2015-01-15,0.3815474449219307
2015-01-16,0.21998218692334517
2015-01-17,0.0768108208163698
2015-01-18,0.1752101124334618
2015-01-19,0.09969275940970442
2015-01-20,0.3892810792968116
2015-01-21,0.6366725246360737
2015-01-22,1.1905443789097747
2015-01-23,0.3521021460063061
2015-01-24,0.36319675945847685
2015-01-25,0.18163818017576006
2015-01-26,0.48375478607684225
2015-01-27,0.21164343933930826
2015-01-28,0.38024442840193085
2015-01-29,0.7363284622468997
2015-01-30,0.44806503696419653
2015-01-31,0.21206950511467645
2015-02-01,0.2684360159227154
2015-02-02,1.2403583110488383
2015-02-03,0.7959109908122044
2015-02-04,0.0799148247017357
2015-02-05,0.24132000745647528
2015-02-06,0.24820114589927256
2015-02-07,0.31718755019245465
2015-02-08,0.24972758586649477
2015-02-09,0.24798239326107088
2015-02-10,0.390533379427661
2015-02-11,0.24900377437310753
2015-02-12,0.4307225771809784
2015-02-13,0.7172933191741943
2015-02-14,0.14906757401327173
2015-02-15,0.5491271392738801
2015-02-16,0.9004194490254441
2015-02-17,0.2616698188071951
2015-02-18,0.8342298536055499
2015-02-19,1.0367153259287107
2015-02-20,0.7789770712196565
2015-02-21,0.441319060223582
2015-02-22,0.4511533048466465
2015-02-23,1.420667971476028
2015-02-24,2.1739836269279316
2015-02-25,1.2502734451357813
2015-02-26,0.609148136290192
2015-02-27,0.20157752783473287
2015-02-28,1.5185999802249532
2015-03-01,5.356646395592996
2015-03-02,1.6522812270693843
2015-03-03,0.25372697398999905
2015-03-04,0.39403253528454174
2015-03-05,0.6260314845630285
2015-03-06,0.24156908234859864
2015-03-07,1.5459337435160625
2015-03-08,1.1109103925839952
2015-03-09,0.3736805442908676
2015-03-10,0.28646925599259565
2015-03-11,0.24657921421736437
2015-03-12,0.5710677215908492
2015-03-13,0.5495782222961124
2015-03-14,1.7760783459650662
2015-03-15,2.197328291170829
2015-03-16,1.047157815142837
2015-03-17,0.15269564271318306
2015-03-18,0.20436057070152477
2015-03-19,0.24555989498718522
2015-03-20,0.022319542578285223
2015-03-21,0.08575893824616071
2015-03-22,0.05585183990960853
2015-03-23,0.3912275111909153
2015-03-24,1.0617381233772356
2015-03-25,0.960025154439894
2015-03-26,0.8951975652689017
2015-03-27,1.9285328038986815
2015-03-28,2.458598556502796
2015-03-29,3.3908268427272983
2015-03-30,4.010555972096425
2015-03-31,1.8883750722374553
2015-04-01,2.8141115462099315
2015-04-02,3.6171560096507833
2015-04-03,1.5070090626370307
2015-04-04,3.538936670188709
2015-04-05,1.7217000429137814
2015-04-06,1.1671040787280504
2015-04-07,1.3625180467439593
2015-04-08,0.36808197241590107
2015-04-09,0.29242836808893063
2015-04-10,0.45343783893478823
2015-04-11,1.1448156433238397
2015-04-12,2.2299620726560128
2015-04-13,1.5223932337825707
2015-04-14,0.8446524335919124
2015-04-15,0.7333721135683762
2015-04-16,0.790617110418352
2015-04-17,0.5132305886761822
2015-04-18,0.710220125472213
2015-04-19,1.439807572885741
2015-04-20,1.0053898517366517
2015-04-21,2.2981784576825
2015-04-22,1.7953659924672747
2015-04-23,2.156672660344593
2015-04-24,2.4195830343941673
2015-04-25,1.9300710504350105
2015-04-26,1.3652816163082386
2015-04-27,0.8530347655938199
2015-04-28,1.2065295528403976
2015-04-29,1.5063408057572363
2015-04-30,1.1638216863993462
2015-05-01,1.081602676782683
2015-05-02,1.8766211451789663
2015-05-03,0.7811187664692012
2015-05-04,0.8212563227484432
2015-05-05,1.06819226194943
2015-05-06,1.4059318024257856
2015-05-07,2.109251562306794
2015-05-08,1.7350066234530526
2015-05-09,1.6554010263578172
2015-05-10,3.9319567232885753
2015-05-11,5.29050946709647
2015-05-12,3.0301446918307815
2015-05-13,1.9786896524730075
2015-05-14,1.4537015147441257
2015-05-15,3.2626280702328367
2015-05-16,3.667875522973459
2015-05-17,2.8744460346552243
2015-05-18,1.6048932608468272
2015-05-19,2.141556281565726
2015-05-20,1.109408556112605
2015-05-21,1.2007499431152888
2015-05-22,2.173845745631957
2015-05-23,2.3042811534553618
2015-05-24,1.1729692411770574
2015-05-25,0.6903398236529037
2015-05-26,1.0459434960017346
2015-05-27,1.3466314212779502
2015-05-28,0.9402646422816408
2015-05-29,2.512993158921355
2015-05-30,2.020794884245056
2015-05-31,3.33908376489247
2015-06-01,2.328248350912774
2015-06-02,2.0351854515038945
2015-06-03,2.433175631761181
2015-06-04,3.7540562510859905
2015-06-05,5.456514505501876
2015-06-06,5.3477256182207
2015-06-07,2.6848676193327425
2015-06-08,3.431652753149784
2015-06-09,3.499711259982262
2015-06-10,3.940719360499193
2015-06-11,6.912643522538856
2015-06-12,4.917434673589848
2015-06-13,4.732112966915004
2015-06-14,3.8830479098965256
2015-06-15,4.114524721349596
2015-06-16,4.9974646428907
2015-06-17,4.53410480582855
2015-06-18,4.685246432140112
2015-06-19,5.16829509695476
2015-06-20,6.8719461073225
2015-06-21,8.884792042032913
2015-06-22,6.663492808304809
2015-06-23,8.159639017357305
2015-06-24,9.749152440245949
2015-06-25,10.402447485690956
2015-06-26,7.981774755361453
2015-06-27,4.168799357610846
2015-06-28,2.8728860532361895
2015-06-29,2.6939582151037875
2015-06-30,3.63347317972515
2015-07-01,2.135953294771211
2015-07-02,2.8943019876188214
2015-07-03,1.8610856666137816
2015-07-04,3.745203143237404
2015-07-05,6.77798478283003
2015-07-06,5.591510966516571
2015-07-07,6.817892867936453
2015-07-08,8.699794627572548
2015-07-09,9.734688995196905
2015-07-10,9.033039355432054
2015-07-11,5.913328573771863
2015-07-12,5.33967566319925
2015-07-13,3.7499230085719364
2015-07-14,8.400819832247892
2015-07-15,10.809124526267835
2015-07-16,8.566137708864746
2015-07-17,6.537837978801998
2015-07-18,6.923291165070601
2015-07-19,8.98086189750126
2015-07-20,7.732374591717915
2015-07-21,7.767865540763575
2015-07-22,9.107478341488964
2015-07-23,9.503044179469793
2015-07-24,9.167878373492345
2015-07-25,9.349965445397364
2015-07-26,11.744956115427986
2015-07-27,7.879893075881083
2015-07-28,6.743882483926198
2015-07-29,7.655690107100475
2015-07-30,9.201399027174904
2015-07-31,11.910063513117146
2015-08-01,8.736030883802576
2015-08-02,8.181589993743389
2015-08-03,8.566553793673187
2015-08-04,8.383902356103258
2015-08-05,5.7335879433324415
2015-08-06,6.093545771850079
2015-08-07,6.190128395564303
2015-08-08,4.029806954403977
2015-08-09,3.642754023842802
2015-08-10,5.919521044414861
2015-08-11,7.093565781543922
2015-08-12,6.068798449324331
2015-08-13,5.261003978872199
2015-08-14,5.538056601081274
2015-08-15,8.763116578165212
2015-08-16,8.52971893288741
2015-08-17,6.295568471068932
2015-08-18,4.4544495163323585
2015-08-19,6.453535932727406
2015-08-20,7.436272865826239
2015-08-21,4.5051071082506295
2015-08-22,3.835325090555118
2015-08-23,3.625080172869429
2015-08-24,2.5997011500867915
2015-08-25,4.232449640415054
2015-08-26,6.229632637296533
2015-08-27,6.323080145000819
2015-08-28,5.213379615458084
2015-08-29,5.71954293287712
2015-08-30,6.6507260062584805
2015-08-31,4.822503845357312
2015-09-01,4.327026176025007
2015-09-02,2.914114487018953
2015-09-03,3.53818607791944
2015-09-04,3.3657570195013027
2015-09-05,4.217305294281309
2015-09-06,4.201815920452339
2015-09-07,2.5837875141412283
2015-09-08,1.6819618167227472
2015-09-09,2.6292629164297523
2015-09-10,4.669871548395324
2015-09-11,4.106046309668117
2015-09-12,4.007079223358323
2015-09-13,4.091748765560507
2015-09-14,4.330455295976816
2015-09-15,5.0732913146407315
2015-09-16,5.9637775412329175
2015-09-17,6.969244262504046
2015-09-18,6.841420266800503
2015-09-19,6.870096413714219
2015-09-20,5.548269829583269
2015-09-21,5.596145630256901
2015-09-22,8.58992869127129
2015-09-23,4.226354318996001
2015-09-24,2.8986638499649864
2015-09-25,1.2670036389902481
2015-09-26,1.595488617584124
2015-09-27,1.4027995032114324
2015-09-28,1.1783894066968925
2015-09-29,0.8864188267488355
2015-09-30,1.454504824760994
2015-10-01,2.1952492145265716
2015-10-02,2.3971585002392075
2015-10-03,2.6735701821457893
2015-10-04,3.404317420061456
2015-10-05,2.126965044343826
2015-10-06,1.9392770255604248
2015-10-07,3.914594510212264
2015-10-08,4.526010964405213
2015-10-09,3.7441678031921453
2015-10-10,0.93890603721996
2015-10-11,1.650903568902616
2015-10-12,1.0138673612995237
2015-10-13,1.6007072648427483
2015-10-14,1.255916458229378
2015-10-15,0.5023288290397461
2015-10-16,0.5996006529518619
2015-10-17,0.2227659669129161
2015-10-18,0.8175387366822339
2015-10-19,0.6900561570520753
2015-10-20,0.295264418281816
2015-10-21,0.184622674128082
2015-10-22,0.28955606981532356
2015-10-23,0.3498986444767634
2015-10-24,1.1197527811156849
2015-10-25,1.5351761733215175
2015-10-26,0.7743188906971827
2015-10-27,0.6921442742569329
2015-10-28,2.1251593981354393
2015-10-29,2.668275727377998
2015-10-30,2.8567780085704007
2015-10-31,3.250620257228022
2015-11-01,3.5820809518891727
2015-11-02,1.022424847596099
2015-11-03,1.0798090492531418
2015-11-04,1.1273767728685335
2015-11-05,0.6873756771259847
2015-11-06,0.6132907728666815
2015-11-07,0.45754130902406825
2015-11-08,1.5361806874993658
2015-11-09,2.4723861508912606
2015-11-10,1.4004193878261275
2015-11-11,0.6150822436926185
2015-11-12,0.8223891019689503
2015-11-13,0.7541471250690518
2015-11-14,1.0807422170757048
2015-11-15,1.5353234263730475
2015-11-16,1.8567752497323737
2015-11-17,0.9329838566550788
2015-11-18,0.8490844227824687
2015-11-19,0.6824864579947085
2015-11-20,0.37620420081067907
2015-11-21,0.5479245502293136
2015-11-22,1.8140058857723877
2015-11-23,0.7877973079877765
2015-11-24,0.2570832042163405
2015-11-25,0.23305622552505964
2015-11-26,0.25595284689449865
2015-11-27,0.18167580090368327
2015-11-28,0.3138370151121847
2015-11-29,0.8106731885844716
2015-11-30,0.8242143052393763
2015-12-01,1.214481645714557
2015-12-02,0.7448781849266749
2015-12-03,0.5663523987855112
2015-12-04,0.32943424452872155
2015-12-05,0.29875563584614095
2015-12-06,0.3002978296180451
2015-12-07,0.6537036193158605
2015-12-08,1.163003723265729
2015-12-09,0.6775196022878185
2015-12-10,0.4362969388681586
2015-12-11,0.5226429290663649
2015-12-12,0.16160657188492183
2015-12-13,0.10315970859842495
2015-12-14,0.21698444035070166
2015-12-15,0.11264286767934308
2015-12-16,0.061224572601893325
2015-12-17,0.2763058551106468
2015-12-18,0.1628212724011795
2015-12-19,0.12333994094156567
2015-12-20,0.08059166704450177
2015-12-21,0.19279230132819805
2015-12-22,0.05397664091825043
2015-12-23,0.04671778028697809
2015-12-24,0.09646764514202183
2015-12-25,0.13088688808941593
2015-12-26,0.19418242921478787
2015-12-27,0.4495056361496681
2015-12-28,0.20309099196309593
2015-12-29,0.1692941290784322
2015-12-30,0.11919412849935779
2015-12-31,0.858569247809396
2016-01-01,0.16666689609241095
2016-01-02,0.30339925184353633
2016-01-03,0.94517160165165
2016-01-04,0.34302918477493394
2016-01-05,0.27606054143132264
2016-01-06,0.5685199237193719
2016-01-07,0.35504700700759045
2016-01-08,0.5748698660684124
2016-01-09,0.5754348684351227
2016-01-10,0.028539387762923477
2016-01-11,0.09721735260014334
2016-01-12,0.30402344095767436
2016-01-13,0.24438428515989202
2016-01-14,0.3107346485227219
2016-01-15,0.28222786962793167
2016-01-16,0.04641665998497601
2016-01-17,0.03597128683909155
2016-01-18,0.13262246000249422
2016-01-19,0.31568079682348843
2016-01-20,0.25537925743179724
2016-01-21,0.2245871087007453
2016-01-22,0.021417450788832577
2016-01-23,0.08284593570646054
2016-01-24,0.15311900218298802
2016-01-25,0.2015801467395507
2016-01-26,0.3854357428448933
2016-01-27,0.5736135276278002
2016-01-28,0.21158067656073135
2016-01-29,0.8184827508275941
2016-01-30,0.07320713340912989
2016-01-31,0.2456016950781213
2016-02-01,0.23914317233956586
2016-02-02,0.23585456970370192
2016-02-03,0.08510238577253927
2016-02-04,0.07331053239570326
2016-02-05,0.1351880301388106
2016-02-06,0.07158243386752308
2016-02-07,0.21653017047927575
2016-02-08,0.23069033452131676
2016-02-09,0.18616748419929818
2016-02-10,0.7704090385210042
2016-02-11,0.6516446012827324
2016-02-12,0.24343157128694112
2016-02-13,0.1117604047690912
2016-02-14,0.050905970028864087
2016-02-15,0.12566246025373
2016-02-16,0.19103098807394184
2016-02-17,0.1364786998825039
2016-02-18,0.07427621071470064
2016-02-19,0.7886393393972746
2016-02-20,1.3207330884583295
2016-02-21,0.41134069373582155
2016-02-22,0.19581445186538896
2016-02-23,0.13838840416437329
2016-02-24,0.6753492531737534
2016-02-25,0.7553400718789579
2016-02-26,1.0528273568187887
2016-02-27,0.18425156499621573
2016-02-28,0.10702241544017423
2016-02-29,0.5342790800723661
2016-03-01,0.3815920517770227
2016-03-02,0.4425880034604986
2016-03-03,0.4691274630586972
2016-03-04,0.3680645963928376
2016-03-05,0.6504314665866043
2016-03-06,0.6799195039974557
2016-03-07,0.38723622602213237
2016-03-08,0.3115429584425102
2016-03-09,0.23309467574171044
2016-03-10,0.7648336356554448
2016-03-11,1.9218677318511563
2016-03-12,2.24190126717524
2016-03-13,1.3608089211579468
2016-03-14,1.1690561562234902
2016-03-15,0.5993466615178528
2016-03-16,1.3589765855885056
2016-03-17,0.924010965731706
2016-03-18,0.7834710262875085
2016-03-19,0.23392469857658796
2016-03-20,0.06381731301612822
2016-03-21,0.08653189722962394
2016-03-22,0.09785967765635224
2016-03-23,0.1525462295759912
2016-03-24,0.8620286824713896
2016-03-25,0.7584064095314376
2016-03-26,0.3009675631827112
2016-03-27,2.037465664131608
2016-03-28,3.458027439774637
2016-03-29,1.0631046724449178
2016-03-30,2.0777412855932265
2016-03-31,3.577047477245604
2016-04-01,1.4941584880179795
2016-04-02,1.0239772842605022
2016-04-03,2.063631306882377
2016-04-04,1.69710733057922
2016-04-05,2.897060786153512
2016-04-06,1.3637758156068398
2016-04-07,1.341664085929327
2016-04-08,1.0400082665181782
2016-04-09,0.4975701173409151
2016-04-10,0.3751928600547076
2016-04-11,0.21472595601502412
2016-04-12,0.13410933097685498
2016-04-13,0.19977660197207137
2016-04-14,1.0539501660634993
2016-04-15,0.8212054129103369
2016-04-16,2.2109610794534147
2016-04-17,1.664353449090176
2016-04-18,1.7459372180445079
2016-04-19,1.112728483169136
2016-04-20,1.2380573235573198
2016-04-21,1.783632612078941
2016-04-22,0.5759246590563212
2016-04-23,0.8645853552643983
2016-04-24,0.8243133749939354
2016-04-25,0.4389197069794107
2016-04-26,0.949777735010212
2016-04-27,0.8582383202171191
2016-04-28,1.699386224759119
2016-04-29,0.8754354320588627
2016-04-30,1.152902620302237
2016-05-01,1.9405844843163806
2016-05-02,1.8655692464847713
2016-05-03,2.779278458930664
2016-05-04,3.2378473636524507
2016-05-05,1.644933611017046
2016-05-06,1.487897239371244
2016-05-07,2.550320212784102
2016-05-08,1.5321000390232415
2016-05-09,1.397974008597747
2016-05-10,4.609222422835823
2016-05-11,2.306878203606492
2016-05-12,3.079780088768807
2016-05-13,1.7100444273601456
2016-05-14,2.1644745915934367
2016-05-15,3.0422462055967374
2016-05-16,3.361479413172488
2016-05-17,4.807168948895247
2016-05-18,3.737479838525904
2016-05-19,4.78618758457282
2016-05-20,5.047926141316324
2016-05-21,9.126244650123102
2016-05-22,1.5410284955437743
2016-05-23,1.6666042510467138
2016-05-24,1.2857932432190915
2016-05-25,0.5788792238950082
2016-05-26,0.37967787955118537
2016-05-27,1.3390355042620727
2016-05-28,2.4388823750594253
2016-05-29,1.7768104539402743
2016-05-30,1.6616840503256247
2016-05-31,2.1778831788945303
2016-06-01,2.367673831917799
2016-06-02,1.9394647900079023
2016-06-03,3.061052681607539
2016-06-04,3.6777944293611844
2016-06-05,4.121588122557897
2016-06-06,3.584503488181843
2016-06-07,5.048457177552885
2016-06-08,4.61770865451025
2016-06-09,3.71662125206753
2016-06-10,3.8601260380619906
2016-06-11,4.982764562512367
2016-06-12,5.05783731254538
2016-06-13,3.8684261983178847
2016-06-14,2.8820370724238127
2016-06-15,4.034517429861636
2016-06-16,4.605481993490551
2016-06-17,6.503596481789102
2016-06-18,5.117545894962079
2016-06-19,4.920343245172
2016-06-20,6.187217919293688
2016-06-21,7.225643207865457
2016-06-22,5.781046525464538
2016-06-23,5.477022671307884
2016-06-24,5.8046043998500725
2016-06-25,4.706515200166309
2016-06-26,4.52802466522716
2016-06-27,7.250886636424977
2016-06-28,7.339889821116012
2016-06-29,8.454764067887647
2016-06-30,8.574133832082117
2016-07-01,11.537486531215766
2016-07-02,12.394805205706453
2016-07-03,11.595900000337872
2016-07-04,9.751141134147769
2016-07-05,9.554966264987103
2016-07-06,8.245094673231826
2016-07-07,6.94112475080102
2016-07-08,9.398724992851943
2016-07-09,9.170158440160852
2016-07-10,8.481068043128174
2016-07-11,8.347118566334789
2016-07-12,6.843883579026733
2016-07-13,4.559803853931188
2016-07-14,7.726923313669306
2016-07-15,11.653590962520168
2016-07-16,9.388173863711192
2016-07-17,6.713198930109897
2016-07-18,6.487200852967659
2016-07-19,7.479335905915959
2016-07-20,9.12252969896624
2016-07-21,10.037545009828905
2016-07-22,10.103436065490511
2016-07-23,5.26757904461624
2016-07-24,6.926360460438034
2016-07-25,10.245913360355907
2016-07-26,10.983854497683845
2016-07-27,8.224481303232412
2016-07-28,6.943063761554649
2016-07-29,9.25836883589982
2016-07-30,10.780343181800154
2016-07-31,9.630287030312163
2016-08-01,9.35924211261147
2016-08-02,7.360098859769373
2016-08-03,5.802737242623425
2016-08-04,6.658992644915745
2016-08-05,9.521668388754915
2016-08-06,11.772568051668886
2016-08-07,8.354591517784733
2016-08-08,6.7479337072357986
2016-08-09,7.908474607315009
2016-08-10,7.024133324341207
2016-08-11,6.288366482462844
2016-08-12,5.098325701782198
2016-08-13,4.713158070556954
2016-08-14,5.177171892504492
2016-08-15,6.239502979954697
2016-08-16,5.187077618491708
2016-08-17,3.4383716840032976
2016-08-18,3.400184150277698
2016-08-19,6.086477540368902
2016-08-20,5.773534563865676
2016-08-21,7.290543284836555
2016-08-22,3.7366343480268096
2016-08-23,3.266793461447439
2016-08-24,4.167335558797436
2016-08-25,7.348060675035433
2016-08-26,6.403179591732769
2016-08-27,7.390576677910228
2016-08-28,4.043814416683374
2016-08-29,5.055267349554167
2016-08-30,9.007366730011864
2016-08-31,9.559265628935153
2016-09-01,7.80596566744731
2016-09-02,6.480620691575194
2016-09-03,4.748103559929438
2016-09-04,3.0721889586710605
2016-09-05,3.210969430351947
2016-09-06,2.922955780770859
2016-09-07,3.4997999070491375
2016-09-08,2.8718926162420995
2016-09-09,3.268515585458384
2016-09-10,5.053743849196096
2016-09-11,5.383797504129022
2016-09-12,5.16434714540696
2016-09-13,5.402713887240163
2016-09-14,3.8177381202962497
2016-09-15,3.8304232466152013
2016-09-16,5.844726779152653
2016-09-17,5.099695916018784
2016-09-18,4.296828675574182
2016-09-19,3.976367404350992
2016-09-20,6.296013791893019
2016-09-21,7.3091678054858535
2016-09-22,4.5269888640650775
2016-09-23,5.55367908295346
2016-09-24,6.581362686051188
2016-09-25,6.4326821184688106
2016-09-26,4.703542776419484
2016-09-27,3.792067345072153
2016-09-28,2.882892674957536
2016-09-29,2.8537895163268723
2016-09-30,2.706414380660882
2016-10-01,2.331886905670058
2016-10-02,3.3542334672951464
2016-10-03,3.5859517218091144
2016-10-04,2.6901291183680063
2016-10-05,4.413867988398987
2016-10-06,3.633903490549984
2016-10-07,3.436786388768234
2016-10-08,4.517528271959329
2016-10-09,3.44184165630333
2016-10-10,2.7494412156322148
2016-10-11,1.8180316929211247
2016-10-12,1.1918743796389202
2016-10-13,0.6016677977846506
2016-10-14,0.227097537108579
2016-10-15,0.404676517786604
2016-10-16,0.9391364765482115
2016-10-17,0.405881311997309
2016-10-18,0.31005693334034407
2016-10-19,0.25311269004006676
2016-10-20,0.5238735006198967
2016-10-21,0.508002020076604
2016-10-22,0.2713593933496281
2016-10-23,0.3073087122265574
2016-10-24,0.7242012608657511
2016-10-25,0.6466115571029375
2016-10-26,1.5565915251158877
2016-10-27,3.02941634282542
2016-10-28,1.609658441460891
2016-10-29,1.114998624861022
2016-10-30,0.8487858018363398
2016-10-31,0.9006742794825922
2016-11-01,0.8839158087246106
2016-11-02,0.9238283051262081
2016-11-03,0.5536148803928332
2016-11-04,1.109070734800018
2016-11-05,3.6437945737639694
2016-11-06,2.0180319380585345
2016-11-07,0.3155017320472963
2016-11-08,0.22935667591601516
2016-11-09,0.7728863447909885
2016-11-10,1.2847381191731768
2016-11-11,0.5885440585248501
2016-11-12,0.16487837889217358
2016-11-13,0.11767062469262535
2016-11-14,0.27231281173923166
2016-11-15,0.204906296695344
2016-11-16,0.3840707641978283
2016-11-17,0.39899539489218655
2016-11-18,0.5566490227014185
2016-11-19,0.4091584488616102
2016-11-20,0.9232935975622004
2016-11-21,0.36068120711812723
2016-11-22,0.22879651022989528
2016-11-23,0.1514485544919972
2016-11-24,0.2412715018626838
2016-11-25,0.4716638193587485
2016-11-26,0.1915880124355253
2016-11-27,0.10679739813683914
2016-11-28,0.1570849820698856
2016-11-29,0.30590857945806926
2016-11-30,0.4157225249532244
2016-12-01,1.1933585643633795
2016-12-02,0.13189654943606074
2016-12-03,0.1918923705597189
2016-12-04,0.19470951720888685
2016-12-05,0.13571512348444947
2016-12-06,0.11711661605900432
2016-12-07,0.10362781470824606
2016-12-08,0.17172296342831234
2016-12-09,0.1502929639694014
2016-12-10,0.5880152007563381
2016-12-11,0.2871319485231611
2016-12-12,1.0387470051810281
2016-12-13,0.048624129800847474
2016-12-14,0.157935703847112
2016-12-15,0.07142584123608332
2016-12-16,0.16239763874526605
2016-12-17,0.10819571718789088
2016-12-18,0.09305004440193462
2016-12-19,0.13673648049546697
2016-12-20,0.05688127654127776
2016-12-21,0.0339351402030263
2016-12-22,0.047413020123559274
2016-12-23,0.11574700561793289
2016-12-24,0.09846808937264323
2016-12-25,0.17485360125017055
2016-12-26,0.18800314215199576
2016-12-27,0.4227636798230263
2016-12-28,0.3310584938946958
2016-12-29,0.04077449785769679
2016-12-30,0.04137499389334723
2016-12-31,0.49200762686234123
2017-01-01,0.18996443112475367
2017-01-02,0.36857402127566635
2017-01-03,0.47401981781701136
2017-01-04,0.2635548790573817
2017-01-05,0.11442265523823651
2017-01-06,0.27054147838784787
2017-01-07,0.11110664596760052
2017-01-08,0.07455974425074671
2017-01-09,0.1985987764891169
2017-01-10,0.3222835897135473
2017-01-11,0.16039307740786363
2017-01-12,0.07520870954289345
2017-01-13,0.23377047142611093
2017-01-14,0.4267655491002381
2017-01-15,0.7015513235037513
2017-01-16,0.4129021005264959
2017-01-17,0.18532907684416097
2017-01-18,0.3359938308870114
2017-01-19,0.11053200898813136
2017-01-20,0.09087212278869566
2017-01-21,0.6671051035435408
2017-01-22,0.19941769752882416
2017-01-23,1.590651918406215
2017-01-24,1.515318818026756
2017-01-25,1.679299091818831
2017-01-26,2.6157371906343125
2017-01-27,2.0285851412008555
2017-01-28,0.9609513619231418
2017-01-29,0.23792157567521016
2017-01-30,0.2877526899239635
2017-01-31,0.23137879086003982
2017-02-01,0.48506688323538455
2017-02-02,1.1482115139326974
2017-02-03,1.7711514801005386
2017-02-04,1.3623987419978842
2017-02-05,0.5805125631801299
2017-02-06,0.07190907281153118
2017-02-07,0.12616307234373228
2017-02-08,0.18064585142872616
2017-02-09,0.1876489409642731
2017-02-10,0.2375067250353563
2017-02-11,0.2541004547198438
2017-02-12,0.23530870044787836
2017-02-13,0.18779029640434872
2017-02-14,0.7039745195525597
2017-02-15,0.4009995283065514
2017-02-16,0.9605948457696825
2017-02-17,0.9104235704261551
2017-02-18,0.713956256515661
2017-02-19,0.33258837317670004
2017-02-20,0.8700316600003282
2017-02-21,0.3634355187476985
2017-02-22,0.17386673469525987
2017-02-23,0.21905005926814966
2017-02-24,0.10943277397112347
2017-02-25,0.2719929419623812
2017-02-26,0.1705580562007257
2017-02-27,0.1634497723830984
2017-02-28,0.23604701846199672
2017-03-01,0.7006334022736325
2017-03-02,0.5211612408857684
2017-03-03,0.5491276543423849
2017-03-04,0.5383481065989535
2017-03-05,0.5998431354486785
2017-03-06,0.4661371410647186
2017-03-07,1.3681379299031657
2017-03-08,0.698841465983187
2017-03-09,0.5390100676346297
2017-03-10,2.1998035636377127
2017-03-11,1.1192774582566016
2017-03-12,0.18834381500022318
2017-03-13,0.23008425770847396
2017-03-14,0.3328948398796338
2017-03-15,0.44960856682756173
2017-03-16,0.2980833811952227
2017-03-17,0.3344032309881822
2017-03-18,0.3764020787381964
2017-03-19,0.2713183336171259
2017-03-20,0.36768390853052474
2017-03-21,0.5763747206050155
2017-03-22,0.6944988496004771
2017-03-23,0.2661241104856656
2017-03-24,0.4230358485462333
2017-03-25,0.44955440195814844
2017-03-26,0.8911354301542351
2017-03-27,0.513996744443378
2017-03-28,0.8394467423446158
2017-03-29,2.6895087218314973
2017-03-30,1.8679737017869742
2017-03-31,2.5272902818586105
2017-04-01,4.27941414749571
2017-04-02,3.5493638125830733
2017-04-03,1.4464926026932463
2017-04-04,1.2718024064113769
2017-04-05,2.186551035537122
2017-04-06,0.9295449811257942
2017-04-07,0.7810335042560265
2017-04-08,0.4284862875383481
2017-04-09,0.1979067156632023
2017-04-10,0.1344980529171615
2017-04-11,0.24200613152526684
2017-04-12,0.28232567326503943
2017-04-13,0.37867456352885476
2017-04-14,0.9992330439721977
2017-04-15,1.3278981606984757
2017-04-16,1.0907374976600528
2017-04-17,0.15869082345960736
2017-04-18,0.472124404589753
2017-04-19,4.7115783265700655
2017-04-20,1.7921606635862457
2017-04-21,2.1320520004314227
2017-04-22,2.7873910421526604
2017-04-23,1.2992439298286471
2017-04-24,0.666571957538081
2017-04-25,1.1419013736419539
2017-04-26,0.377169155334777
2017-04-27,0.31750577634302724
2017-04-28,0.48317033824124367
2017-04-29,0.46137867343821515
2017-04-30,0.6220028321948781
2017-05-01,0.391751922627948
2017-05-02,0.1944837856282806
2017-05-03,2.509894850994991
2017-05-04,2.1972688614355813
2017-05-05,3.2186779965988332
2017-05-06,2.877201503606836
2017-05-07,1.3283080156437037
2017-05-08,2.621885983638553
2017-05-09,4.634778813523936
2017-05-10,1.6229372617360713
2017-05-11,1.0951056926061091
2017-05-12,1.3348687985917986
2017-05-13,1.7041331898610041
2017-05-14,1.794723419328866
2017-05-15,4.890902335565209
2017-05-16,2.1542023114492967
2017-05-17,2.548103697407411
2017-05-18,1.5135034125339684
2017-05-19,2.2944757941970177
2017-05-20,1.5467881791411413
2017-05-21,1.4890990346537776
2017-05-22,1.4475714343143289
2017-05-23,1.16973354235428
2017-05-24,1.5586195510111744
2017-05-25,2.171447124704733
2017-05-26,4.287349706511945
2017-05-27,2.030047680470813
2017-05-28,2.433908546963127
2017-05-29,2.5868822082622067
2017-05-30,7.080432278654153
2017-05-31,2.4769479575159004
2017-06-01,4.501352683436104
2017-06-02,2.6647337797601254
2017-06-03,2.506627636752869
2017-06-04,1.3408719421801663
2017-06-05,4.593600860293403
2017-06-06,6.347655213002966
2017-06-07,4.521506658029761
2017-06-08,4.209882841645708
2017-06-09,4.402179408120229
2017-06-10,4.897330863970537
2017-06-11,6.31641965015029
2017-06-12,7.684832798785128
2017-06-13,5.044845824526598
2017-06-14,2.950922600568404
2017-06-15,3.233227009124023
2017-06-16,4.626047619144139
2017-06-17,5.182749838637943
2017-06-18,5.183030252580329
2017-06-19,6.304994856162251
2017-06-20,5.368604860797861
2017-06-21,5.3985908628982235
2017-06-22,4.151409473545928
2017-06-23,4.361362239845703
2017-06-24,4.3723404134133865
2017-06-25,4.909219736810308
2017-06-26,4.956036230925658
2017-06-27,6.827318236618977
2017-06-28,10.064410419750256
2017-06-29,9.90004822395803
2017-06-30,11.353141527892504
2017-07-01,10.79344900387174
2017-07-02,7.011491361323076
2017-07-03,9.412743876719853
2017-07-04,9.638833136495647
2017-07-05,4.97458212991152
2017-07-06,4.14701221645619
2017-07-07,4.918344255547396
2017-07-08,6.490424587606988
2017-07-09,10.069048363597638
2017-07-10,10.454633471679855
2017-07-11,8.220439295949472
2017-07-12,8.138098981605213
2017-07-13,6.833581501079953
2017-07-14,7.126100032260488
2017-07-15,7.699225828716156
2017-07-16,7.463321136901413
2017-07-17,10.038157139607112
2017-07-18,13.052921367941098
2017-07-19,10.396430170745571
2017-07-20,10.241810420690472
2017-07-21,11.504567881540469
2017-07-22,9.562532294962866
2017-07-23,13.055192726689132
2017-07-24,9.200781177188375
2017-07-25,7.779364773040392
2017-07-26,7.929414535319911
2017-07-27,6.97764979612605
2017-07-28,10.638697108751517
2017-07-29,8.420835297758115
2017-07-30,6.33187842621482
2017-07-31,6.04454946697533
2017-08-01,4.0056855252891745
2017-08-02,6.0974046889473055
2017-08-03,5.4734972742244565
2017-08-04,5.982567197613553
2017-08-05,7.294501207727731
2017-08-06,7.451518091976761
2017-08-07,6.735450847822886
2017-08-08,6.603243121028234
2017-08-09,7.878907292678882
2017-08-10,7.920056838187081
2017-08-11,8.65065010712613
2017-08-12,6.9926805713818
2017-08-13,5.509144762827152
2017-08-14,3.8624380440732735
2017-08-15,5.0304329367345355
2017-08-16,6.628673081544651
2017-08-17,5.017385183129747
2017-08-18,6.715547057859455
2017-08-19,6.034907421090612
2017-08-20,6.082246648183431
2017-08-21,5.264141334771317
2017-08-22,5.056800066061318
2017-08-23,5.486079062059404
2017-08-24,6.376553665894638
2017-08-25,8.171588934064415
2017-08-26,10.22995343047855
2017-08-27,10.543480512550468
2017-08-28,8.662899976749202
2017-08-29,7.662339821317995
2017-08-30,6.4911449403439265
2017-08-31,8.30730601769632
2017-09-01,7.846732545754606
2017-09-02,4.657793991167473
2017-09-03,2.7916520864309957
2017-09-04,2.28490983172814
2017-09-05,3.3287409706796662
2017-09-06,3.7936161767235763
2017-09-07,3.6176709887830287
2017-09-08,3.7932148348571517
2017-09-09,4.1061420609083115
2017-09-10,3.166743743552614
2017-09-11,5.54679136864822
2017-09-12,4.740762924398046
2017-09-13,4.675606776820047
2017-09-14,4.236362805474824
2017-09-15,3.7213019144777597
2017-09-16,6.116438361729113
2017-09-17,9.689026265717514
2017-09-18,5.45482368940317
2017-09-19,3.9082088153698455
2017-09-20,6.2135171961884
2017-09-21,6.722427012020333
2017-09-22,6.394637786901413
2017-09-23,3.017202951872685
2017-09-24,2.587841828660673
2017-09-25,2.4884581901621727
2017-09-26,4.279379899825809
2017-09-27,4.126530093804511
2017-09-28,5.042335657956513
2017-09-29,3.5927976387825415
2017-09-30,3.7615705190843425
2017-10-01,4.824727627176813
2017-10-02,4.549670532109595
2017-10-03,2.7870345629775533
2017-10-04,2.4224063464580214
2017-10-05,2.598092837277751
2017-10-06,4.414875436541878
2017-10-07,3.4586144647078165
2017-10-08,4.447302242449585
2017-10-09,4.3000866167771346
2017-10-10,3.457544249327711
2017-10-11,3.2699990655554143
2017-10-12,3.8877014597680253
2017-10-13,3.0708289305814347
2017-10-14,2.2779104428365144
2017-10-15,1.3477199720055544
2017-10-16,1.685606669279531
2017-10-17,2.0593327090715596
2017-10-18,1.8678895975676262
2017-10-19,2.7555699351707554
2017-10-20,6.90301950117975
2017-10-21,9.987104671410243
2017-10-22,0.9570595754415925
2017-10-23,0.3402840378474916
2017-10-24,0.40986936136255847
2017-10-25,0.2419657194750854
2017-10-26,0.3761324709904965
2017-10-27,0.4527474653021745
2017-10-28,0.7467636162901177
2017-10-29,0.9938532972699964
2017-10-30,1.7345968351200776
2017-10-31,0.9545241421197075
2017-11-01,0.6459353362934336
2017-11-02,0.6939697969283346
2017-11-03,0.5654019891346663
2017-11-04,0.6660705319953065
2017-11-05,0.484285384150464
2017-11-06,0.42806073559879043
2017-11-07,0.35796217020875004
2017-11-08,0.2576834981733208
2017-11-09,0.20757039525380191
2017-11-10,0.5672157598453437
2017-11-11,0.702630655675558
2017-11-12,0.7508514933120551
2017-11-13,0.7666546959765163
2017-11-14,1.181800554357239
2017-11-15,1.2982644669746612
2017-11-16,1.0027099328957263
2017-11-17,0.5031397399189769
2017-11-18,0.09753577480020742
2017-11-19,0.16701754155587026
2017-11-20,0.3516236498239823
2017-11-21,0.3852720369627218
2017-11-22,1.0422689177103492
2017-11-23,0.35488486730296154
2017-11-24,0.5620807305896234
2017-11-25,0.518002473512471
2017-11-26,0.9250012383317717
2017-11-27,0.6775274305899315
2017-11-28,0.6205515225458716
2017-11-29,0.5549152973789047
2017-11-30,1.1793068484124674
2017-12-01,1.1064789834329396
2017-12-02,0.2922724017457995
2017-12-03,0.3149443162422788
2017-12-04,0.38799632432515013
2017-12-05,0.5752150102445087
2017-12-06,0.40493566846750423
2017-12-07,0.07167842746306251
2017-12-08,0.7119433380713542
2017-12-09,0.45396718965723243
2017-12-10,0.1277049624575984
2017-12-11,0.37508286849661815
2017-12-12,0.23890267441875243
2017-12-13,0.4948333696620422
2017-12-14,0.3632483465886246
2017-12-15,0.131743094065336
2017-12-16,0.1078122544629308
2017-12-17,0.0592646525797332
2017-12-18,0.15051765202198475
2017-12-19,0.27084144947986494
2017-12-20,0.5566072123510073
2017-12-21,0.11563584800365351
2017-12-22,0.05064412165924694
2017-12-23,0.081651298659803
2017-12-24,0.12194548779281704
2017-12-25,0.33265281695118404
2017-12-26,1.1398333277540886
2017-12-27,0.4147964409696369
2017-12-28,0.12408324786802459
2017-12-29,0.06062751154717063
2017-12-30,0.0928534302919414
2017-12-31,0.2552179145385201
2018-01-01,0.45174499486245184
2018-01-02,0.8714888686249338
2018-01-03,0.24308666725324202
2018-01-04,0.23433949782399555
2018-01-05,0.2912560885051796
2018-01-06,0.17187650920151362
2018-01-07,0.08205068803412327
2018-01-08,0.05600944743378419
2018-01-09,0.06832000508967535
2018-01-10,0.12697713892409324
2018-01-11,0.20559956853269976
2018-01-12,0.2965374417360116
2018-01-13,0.12422520649912973
2018-01-14,0.08207613372224158
2018-01-15,0.12667189480976176
2018-01-16,0.11629352771427524
2018-01-17,0.20561510191554816
2018-01-18,0.03933067575856694
2018-01-19,0.07616733462978317
2018-01-20,0.09531002983256177
2018-01-21,0.021679341571423556
2018-01-22,0.04287189814891577
2018-01-23,0.9018832299650418
2018-01-24,0.21667061296926193
2018-01-25,0.10240890178769042
2018-01-26,0.22556443274140536
2018-01-27,0.3210217578469506
2018-01-28,0.1447943375525111
2018-01-29,0.26495959381009904
2018-01-30,0.1781655490201827
2018-01-31,0.7700761296853973
2018-02-01,0.09274485109585455
2018-02-02,0.018932545606766868
2018-02-03,0.050984430948395935
2018-02-04,0.028070572737615387
2018-02-05,0.3715558014145738
2018-02-06,0.4185615445764458
2018-02-07,0.5532583298267119
2018-02-08,0.469417869031614
2018-02-09,0.719006629741677
2018-02-10,1.1165571331150859
2018-02-11,3.0200074583143324
2018-02-12,1.9273773326778056
2018-02-13,0.5418626543131756
2018-02-14,0.3745069435002106
2018-02-15,0.16388440081363148
2018-02-16,0.17631332690641677
2018-02-17,0.1656963419899367
2018-02-18,0.10370404805687486
2018-02-19,0.1361069499942124
2018-02-20,0.18844960835034588
2018-02-21,0.0825981694160782
2018-02-22,0.262262106369085
2018-02-23,0.9289531163872558
2018-02-24,0.5477223427745719
2018-02-25,0.6650129934271282
2018-02-26,0.5318818874271019
2018-02-27,0.20146535328841655
2018-02-28,0.220097617149078
2018-03-01,0.6729573956833331
2018-03-02,0.834635160912841
2018-03-03,0.5107505225807825
2018-03-04,0.3912788237817199
2018-03-05,0.7278949864194258
2018-03-06,0.4105753885129065
2018-03-07,0.03071120419920594
2018-03-08,0.4911349919169437
2018-03-09,0.3341792553077349
2018-03-10,0.3323723790551052
2018-03-11,0.5367253001637887
2018-03-12,1.3699974690131254
2018-03-13,0.8378198133501117
2018-03-14,0.4715739753975245
2018-03-15,0.5390084600014252
2018-03-16,0.7261951261448585
2018-03-17,0.4728301727238059
2018-03-18,0.4962117465239803
2018-03-19,0.4222104366273484
2018-03-20,0.4959429985845902
2018-03-21,0.9540282362360772
2018-03-22,0.38102934173915415
2018-03-23,0.6598345277946642
2018-03-24,0.5206937185744145
2018-03-25,0.22263284651524085
2018-03-26,0.38002351445147187
2018-03-27,0.43159359897964106
2018-03-28,0.2091892270189073
2018-03-29,1.1494700403519922
2018-03-30,2.3212484311247623
2018-03-31,1.8982832202703135
2018-04-01,1.2244363692763724
2018-04-02,0.5650702123167985
2018-04-03,0.3850856834365749
2018-04-04,0.7590943408444336
2018-04-05,1.3645739826304872
2018-04-06,2.1193383878180425
2018-04-07,3.2297711243486615
2018-04-08,2.0084388078830377
2018-04-09,1.283146213436565
2018-04-10,1.1295987490353276
2018-04-11,1.3393216775106618
2018-04-12,1.2007778019225805
2018-04-13,0.8215592471951482
2018-04-14,1.297447517099453
2018-04-15,1.044394824825697
2018-04-16,0.6362807987978131
2018-04-17,0.6712346297248182
2018-04-18,1.0078887378118837
2018-04-19,1.096498275296517
2018-04-20,1.2864546437553541
2018-04-21,1.3922966316013408
2018-04-22,0.8180452495551024
2018-04-23,0.17105456835356836
2018-04-24,0.34416086554468367
2018-04-25,0.2909359832258443
2018-04-26,0.43466182113267327
2018-04-27,0.5708270183452215
2018-04-28,1.1238878418713296
2018-04-29,2.143223359332603
2018-04-30,3.730798357924286
2018-05-01,2.0402597164601386
2018-05-02,3.3519569814025356
2018-05-03,1.8820584605807444
2018-05-04,1.385592156850404
2018-05-05,2.649799675370383
2018-05-06,2.836606802024877
2018-05-07,3.6669038190614365
2018-05-08,3.105971901139274
2018-05-09,3.2643440758681646
2018-05-10,2.32297556348485
2018-05-11,2.3179946328964616
2018-05-12,1.9126830579003693
2018-05-13,2.5575892616328924
2018-05-14,1.6045236124798026
2018-05-15,0.6853534464497139
2018-05-16,0.7855596821376611
2018-05-17,0.8703032008737598
2018-05-18,1.0762203777044748
2018-05-19,0.7911339441454386
2018-05-20,1.0808464418644559
2018-05-21,1.0271693530293178
2018-05-22,2.0800852750281944
2018-05-23,2.8697337330364237
2018-05-24,2.352255972704719
2018-05-25,2.840168040623651
2018-05-26,4.185673048339691
2018-05-27,3.9378688242941933
2018-05-28,4.199842189886157
2018-05-29,3.242254277594713
2018-05-30,2.2986339003807363
2018-05-31,3.195392280526988
2018-06-01,3.1378609532718467
2018-06-02,3.1678375641596563
2018-06-03,2.946430651982166
2018-06-04,2.8052085095602712
2018-06-05,4.351394943377639
2018-06-06,4.974002962015468
2018-06-07,4.87424738326103
2018-06-08,8.491043099927603
2018-06-09,10.021907955743734
2018-06-10,9.746495728056836
2018-06-11,9.174496134262013
2018-06-12,7.971092764726427
2018-06-13,6.39961713006705
2018-06-14,4.5602177626689455
2018-06-15,2.109497493871494
2018-06-16,1.4270138120886218
2018-06-17,2.2916794278070687
2018-06-18,2.410472493173115
2018-06-19,3.6300160910157624
2018-06-20,3.8476953546387134
2018-06-21,4.488653517716414
2018-06-22,4.605341454400731
2018-06-23,4.585221847315503
2018-06-24,4.14802804397294
2018-06-25,5.572126914538331
2018-06-26,8.792565603478554
2018-06-27,8.990842971466073
2018-06-28,9.76023463588564
2018-06-29,7.163509476735411
2018-06-30,7.455272022112548
2018-07-01,7.6221266217794
2018-07-02,7.369566220921483
2018-07-03,5.658713401032792
2018-07-04,5.170302557117256
2018-07-05,4.284572477589671
2018-07-06,4.819363792833803
2018-07-07,6.54382207146076
2018-07-08,7.219731668548797
2018-07-09,8.280130067150273
2018-07-10,6.989390003116676
2018-07-11,7.972210770562289
2018-07-12,8.150500234229611
2018-07-13,8.739556517224026
2018-07-14,8.503545948036333
2018-07-15,9.534863795893743
2018-07-16,10.987403855418707
2018-07-17,7.870190947751608
2018-07-18,6.912278569960637
2018-07-19,7.548336042781196
2018-07-20,12.048988621953551
2018-07-21,11.193594291474701
2018-07-22,10.06808179676372
2018-07-23,9.751768746193264
2018-07-24,7.53321566894598
2018-07-25,9.259914499237759
2018-07-26,9.776429098002195
2018-07-27,7.199945238700561
2018-07-28,7.958048059779513
2018-07-29,9.019792285671365
2018-07-30,8.832947147765102
2018-07-31,8.458203423745037
2018-08-01,5.43336808725386
2018-08-02,5.782746651842488
2018-08-03,5.208889450361408
2018-08-04,6.276333890779221
2018-08-05,8.59136633400783
2018-08-06,6.7264526087786
2018-08-07,7.53322106524317
2018-08-08,5.343243426122311
2018-08-09,4.288478317767474
2018-08-10,5.7750902327902915
2018-08-11,10.330484927739631
2018-08-12,10.126843738706954
2018-08-13,6.77279506734729
2018-08-14,6.501436759167081
2018-08-15,7.810509544246451
2018-08-16,9.560558397922595
2018-08-17,7.030765289053117
2018-08-18,7.2469776632369545
2018-08-19,8.954275733185435
2018-08-20,9.558685970396478
2018-08-21,7.933433071244761
2018-08-22,6.533881198894088
2018-08-23,7.606086021698028
2018-08-24,7.948834665941387
2018-08-25,6.36140722974608
2018-08-26,6.377695885438905
2018-08-27,6.860719197720702
2018-08-28,6.324885546708414
2018-08-29,5.127030573471043
2018-08-30,7.139472800324194
2018-08-31,8.70763253866397
2018-09-01,7.1056587801710975
2018-09-02,6.06504795649893
2018-09-03,6.697854642311127
2018-09-04,6.994919007702499
2018-09-05,5.605708080518984
2018-09-06,6.096080570601157
2018-09-07,4.436375754407089
2018-09-08,2.9291288055725526
2018-09-09,4.7577085128990015
2018-09-10,4.202310052985547
2018-09-11,2.6872728812844016
2018-09-12,2.8010828365318168
2018-09-13,3.062270983760939
2018-09-14,3.679151819046583
2018-09-15,2.1677613864671263
2018-09-16,1.5682024655722915
2018-09-17,1.4590919261140352
2018-09-18,2.374177000652047
2018-09-19,2.9648093981289527
2018-09-20,5.130525921820997
2018-09-21,7.834977065864584
2018-09-22,4.330871779833767
2018-09-23,3.832181509869155
2018-09-24,4.690095226707005
2018-09-25,3.306090373512833
2018-09-26,2.926337525968746
2018-09-27,2.268703119917932
2018-09-28,2.0497243290409015
2018-09-29,1.635374477064227
2018-09-30,0.7794164461495023
2018-10-01,1.5122156232683577
2018-10-02,1.366376574846353
2018-10-03,1.7020590774566908
2018-10-04,1.8936770589779144
2018-10-05,1.423378644506453
2018-10-06,0.9300098431080044
2018-10-07,1.229729600866872
2018-10-08,2.9458099165083613
2018-10-09,2.909073208556556
2018-10-10,7.947844552722129
2018-10-11,5.801108685490673
2018-10-12,2.4126141323408237
2018-10-13,1.7058352603621323
2018-10-14,0.9566453421761256
2018-10-15,0.907143948115152
2018-10-16,1.9191202471028102
2018-10-17,1.7403581040852332
2018-10-18,0.9632531010002884
2018-10-19,0.8549344946302555
2018-10-20,1.2422851428193356
2018-10-21,1.412962337281217
2018-10-22,1.0750556189093343
2018-10-23,0.6657848566123962
2018-10-24,0.5144262883653075
2018-10-25,0.7747996660350626
2018-10-26,0.7747960154025503
2018-10-27,1.5138635878179791
2018-10-28,0.7853881171400299
2018-10-29,0.7949337695913649
2018-10-30,0.384605401735104
2018-10-31,0.8193758782477005
2018-11-01,1.2309620070485583
2018-11-02,0.7488994347790923
2018-11-03,0.769940191604123
2018-11-04,0.5016961526304793
2018-11-05,0.7649245972244907
2018-11-06,0.9276466998080259
2018-11-07,0.4934508819740878
2018-11-08,0.35938368194509496
2018-11-09,0.3005926759369452
2018-11-10,0.3735152612209765
2018-11-11,0.33748347183933836
2018-11-12,0.4164944001734642
2018-11-13,0.3648272575323403
2018-11-14,0.18724109561859764
2018-11-15,0.37342800547735144
2018-11-16,1.2162096052075027
2018-11-17,0.33894071077814364
2018-11-18,0.4899787774215176
2018-11-19,0.6041726356406929
2018-11-20,0.46328164229479485
2018-11-21,0.9072626485464897
2018-11-22,0.8089250617147449
2018-11-23,0.6355242161594237
2018-11-24,0.24174002617279436
2018-11-25,0.14866979129345134
2018-11-26,0.24373176780609934
2018-11-27,0.6579797278452215
2018-11-28,0.37651940445715565
2018-11-29,0.39389137713725186
2018-11-30,0.3413496741096347
2018-12-01,0.26380359811921017
2018-12-02,0.26938154176699913
2018-12-03,0.3150580182871033
2018-12-04,0.2590859759119814
2018-12-05,0.4513694010355719
2018-12-06,0.3973859775947417
2018-12-07,0.21148788348898617
2018-12-08,0.0912222548004434
2018-12-09,0.8083809281094145
2018-12-10,0.696709725985453
2018-12-11,0.21666604311948345
2018-12-12,0.18333273386545015
2018-12-13,0.21730572031842055
2018-12-14,0.07139721472810162
2018-12-15,0.28288767220912037
2018-12-16,0.813505505847836
2018-12-17,0.6660783776747596
2018-12-18,0.4655493142473199
2018-12-19,0.0937846649016688
2018-12-20,0.241327836823722
2018-12-21,0.6032978919698057
2018-12-22,0.3217899759695366
2018-12-23,0.4277416588749233
2018-12-24,0.33274445079960313
2018-12-25,0.245003131316809
2018-12-26,0.3686141774055771
2018-12-27,0.3542891590957148
2018-12-28,0.39689072943796855
2018-12-29,0.09264520083666798
2018-12-30,0.03631471739469752
2018-12-31,0.14929347553957192
