system:index,date,runoff_m,sub_surface_runoff_m,surface_runoff_m,.geo
20000101,2000-01-01,2.5239725332322423E-4,2.4347748169679652E-4,8.919638165242978E-6,"{""type"":""MultiPoint"",""coordinates"":[]}"
20000102,2000-01-02,2.55104165448628E-4,2.4028154955035467E-4,1.4822677710632758E-5,"{""type"":""MultiPoint"",""coordinates"":[]}"
20000103,2000-01-03,2.8408430952280895E-4,2.4970227807230344E-4,3.4380909442414286E-5,"{""type"":""MultiPoint"",""coordinates"":[]}"
20000104,2000-01-04,2.525397102822464E-4,2.3637056639214747E-4,1.6168449454859207E-5,"{""type"":""MultiPoint"",""coordinates"":[]}"
20000105,2000-01-05,2.4627929885969255E-4,2.318905140771577E-4,1.4389395030859261E-5,"{""type"":""MultiPoint"",""coordinates"":[]}"
20000106,2000-01-06,2.510285494960269E-4,2.3261953600075565E-4,1.8407958464827405E-5,"{""type"":""MultiPoint"",""coordinates"":[]}"
20000107,2000-01-07,2.717603789817888E-4,2.3516884446106047E-4,3.659015089567584E-5,"{""type"":""MultiPoint"",""coordinates"":[]}"
20000108,2000-01-08,2.607595049349671E-4,2.332850980854371E-4,2.7472345765462896E-5,"{""type"":""MultiPoint"",""coordinates"":[]}"
20000109,2000-01-09,2.6915383798721104E-4,2.307184583218745E-4,3.8432470265585825E-5,"{""type"":""MultiPoint"",""coordinates"":[]}"
20000110,2000-01-10,2.390406107534915E-4,2.2131506869280362E-4,1.7725552502868767E-5,"{""type"":""MultiPoint"",""coordinates"":[]}"
20000111,2000-01-11,2.514892891797278E-4,2.1851475310454853E-4,3.297443312636137E-5,"{""type"":""MultiPoint"",""coordinates"":[]}"
20000112,2000-01-12,2.78413295220273E-4,2.2153443777542326E-4,5.687839662555884E-5,"{""type"":""MultiPoint"",""coordinates"":[]}"
20000113,2000-01-13,2.7786824106729673E-4,2.2175425095529255E-4,5.6113866798008874E-5,"{""type"":""MultiPoint"",""coordinates"":[]}"
20000114,2000-01-14,2.900169257497117E-4,2.2518592412807287E-4,6.482975330195537E-5,"{""type"":""MultiPoint"",""coordinates"":[]}"
20000115,2000-01-15,2.854198526888373E-4,2.2912301747852397E-4,5.6296158516308164E-5,"{""type"":""MultiPoint"",""coordinates"":[]}"
20000116,2000-01-16,2.662840871066898E-4,2.2155151625932666E-4,4.473101974574329E-5,"{""type"":""MultiPoint"",""coordinates"":[]}"
20000117,2000-01-17,2.2990787910271435E-4,2.1101464853023292E-4,1.8891862132077086E-5,"{""type"":""MultiPoint"",""coordinates"":[]}"
20000118,2000-01-18,2.231687803420104E-4,2.0605205674397296E-4,1.711507673750748E-5,"{""type"":""MultiPoint"",""coordinates"":[]}"
20000119,2000-01-19,2.2436845788698098E-4,2.0223183543162577E-4,2.213512130255081E-5,"{""type"":""MultiPoint"",""coordinates"":[]}"
20000120,2000-01-20,2.462669915412482E-4,1.9991337869037617E-4,4.6353630120613194E-5,"{""type"":""MultiPoint"",""coordinates"":[]}"
20000121,2000-01-21,2.309628820967674E-4,1.969834039052793E-4,3.397967963033908E-5,"{""type"":""MultiPoint"",""coordinates"":[]}"
20000122,2000-01-22,2.241956261416269E-4,1.9399903069836977E-4,3.0195087167655487E-5,"{""type"":""MultiPoint"",""coordinates"":[]}"
20000123,2000-01-23,2.2201867506441543E-4,1.9221080995733016E-4,2.9808300543160657E-5,"{""type"":""MultiPoint"",""coordinates"":[]}"
20000124,2000-01-24,2.1507856033096986E-4,1.8874940813536203E-4,2.6327584746584755E-5,"{""type"":""MultiPoint"",""coordinates"":[]}"
20000125,2000-01-25,2.0977119463888976E-4,1.8682361846084875E-4,2.2946038345596613E-5,"{""type"":""MultiPoint"",""coordinates"":[]}"
20000126,2000-01-26,2.0061035418002336E-4,1.8371293492692187E-4,1.689532617630574E-5,"{""type"":""MultiPoint"",""coordinates"":[]}"
20000127,2000-01-27,1.967910069665339E-4,1.8035262180837183E-4,1.6437591289902354E-5,"{""type"":""MultiPoint"",""coordinates"":[]}"
20000128,2000-01-28,2.262325294088644E-4,1.7969169495840026E-4,4.653854097957613E-5,"{""type"":""MultiPoint"",""coordinates"":[]}"
20000129,2000-01-29,2.3174185573039498E-4,1.816604347982323E-4,5.008071781534577E-5,"{""type"":""MultiPoint"",""coordinates"":[]}"
20000130,2000-01-30,1.981181305658949E-4,1.7667292347708078E-4,2.1443253025912107E-5,"{""type"":""MultiPoint"",""coordinates"":[]}"
20000131,2000-01-31,2.0320617764187887E-4,1.729640139243695E-4,3.0240378086944438E-5,"{""type"":""MultiPoint"",""coordinates"":[]}"
20000201,2000-02-01,2.3051991147422272E-4,1.762541445735271E-4,5.426229007249246E-5,"{""type"":""MultiPoint"",""coordinates"":[]}"
20000202,2000-02-02,2.2662662895898592E-4,1.7083178080101857E-4,5.5793277365224354E-5,"{""type"":""MultiPoint"",""coordinates"":[]}"
20000203,2000-02-03,2.1186194882635785E-4,1.7084674312215056E-4,4.101500672803728E-5,"{""type"":""MultiPoint"",""coordinates"":[]}"
20000204,2000-02-04,2.2442063761584535E-4,1.6998413024813178E-4,5.443599827171348E-5,"{""type"":""MultiPoint"",""coordinates"":[]}"
20000205,2000-02-05,2.4024365680950802E-4,1.7128917605180167E-4,6.895478867248094E-5,"{""type"":""MultiPoint"",""coordinates"":[]}"
20000206,2000-02-06,2.3056777576882018E-4,1.6579855793623385E-4,6.476825861218475E-5,"{""type"":""MultiPoint"",""coordinates"":[]}"
20000207,2000-02-07,2.374230103902157E-4,1.6978616419299595E-4,6.763629122573466E-5,"{""type"":""MultiPoint"",""coordinates"":[]}"
20000208,2000-02-08,2.0340515036028565E-4,1.6552723389146777E-4,3.78775486861643E-5,"{""type"":""MultiPoint"",""coordinates"":[]}"
20000209,2000-02-09,2.0594937346885345E-4,1.666832091627323E-4,3.926505758395871E-5,"{""type"":""MultiPoint"",""coordinates"":[]}"
20000210,2000-02-10,2.1597368868502974E-4,1.6843965523249778E-4,4.75341163847535E-5,"{""type"":""MultiPoint"",""coordinates"":[]}"
20000211,2000-02-11,2.2478910058184573E-4,1.6917145681154475E-4,5.56177516538224E-5,"{""type"":""MultiPoint"",""coordinates"":[]}"
20000212,2000-02-12,1.8480277268900184E-4,1.579037957227509E-4,2.689770174636185E-5,"{""type"":""MultiPoint"",""coordinates"":[]}"
20000213,2000-02-13,1.8510697645509887E-4,1.5515646979632423E-4,2.9951704473094295E-5,"{""type"":""MultiPoint"",""coordinates"":[]}"
20000214,2000-02-14,1.819051323019149E-4,1.5337448015793382E-4,2.852971638910922E-5,"{""type"":""MultiPoint"",""coordinates"":[]}"
20000215,2000-02-15,1.7092590419565096E-4,1.514545286338231E-4,1.947156039712479E-5,"{""type"":""MultiPoint"",""coordinates"":[]}"
20000216,2000-02-16,1.677597128493116E-4,1.4950627292434064E-4,1.8252621749474304E-5,"{""type"":""MultiPoint"",""coordinates"":[]}"
20000217,2000-02-17,1.7139386937169049E-4,1.474022521572195E-4,2.398994966132368E-5,"{""type"":""MultiPoint"",""coordinates"":[]}"
20000218,2000-02-18,1.767867027836063E-4,1.4660789241630629E-4,3.017836786644227E-5,"{""type"":""MultiPoint"",""coordinates"":[]}"
20000219,2000-02-19,1.726782639253821E-4,1.4502878686505833E-4,2.764974408102418E-5,"{""type"":""MultiPoint"",""coordinates"":[]}"
20000220,2000-02-20,1.643658696934975E-4,1.4315669056163017E-4,2.1209072828512985E-5,"{""type"":""MultiPoint"",""coordinates"":[]}"
20000221,2000-02-21,1.6144419319601703E-4,1.416475360900222E-4,1.9795966254892412E-5,"{""type"":""MultiPoint"",""coordinates"":[]}"
20000222,2000-02-22,1.700985988693495E-4,1.423737444799594E-4,2.772527210610913E-5,"{""type"":""MultiPoint"",""coordinates"":[]}"
20000223,2000-02-23,1.6759966554927253E-4,1.3928528711518233E-4,2.8312900891852674E-5,"{""type"":""MultiPoint"",""coordinates"":[]}"
20000224,2000-02-24,1.7243330672611117E-4,1.3840115935515797E-4,3.403207899898295E-5,"{""type"":""MultiPoint"",""coordinates"":[]}"
20000225,2000-02-25,1.711708486277229E-4,1.3649109778691813E-4,3.467822457642179E-5,"{""type"":""MultiPoint"",""coordinates"":[]}"
20000226,2000-02-26,1.820661768859942E-4,1.3547404375452185E-4,4.659155790739823E-5,"{""type"":""MultiPoint"",""coordinates"":[]}"
20000227,2000-02-27,1.773476351267695E-4,1.3557385324166382E-4,4.177243291949809E-5,"{""type"":""MultiPoint"",""coordinates"":[]}"
20000228,2000-02-28,1.654534742321232E-4,1.339676612907282E-4,3.148266750136297E-5,"{""type"":""MultiPoint"",""coordinates"":[]}"
20000229,2000-02-29,1.614336265658069E-4,1.320078286839615E-4,2.9425881588909194E-5,"{""type"":""MultiPoint"",""coordinates"":[]}"
20000301,2000-03-01,1.7536225379838135E-4,1.3310993676674763E-4,4.225056057860254E-5,"{""type"":""MultiPoint"",""coordinates"":[]}"
20000302,2000-03-02,2.2406855518566048E-4,1.382518291787874E-4,8.581601931968433E-5,"{""type"":""MultiPoint"",""coordinates"":[]}"
20000303,2000-03-03,2.290470105679317E-4,1.4004084233427408E-4,8.900432968470407E-5,"{""type"":""MultiPoint"",""coordinates"":[]}"
20000304,2000-03-04,2.2326314524703567E-4,1.3832803664473294E-4,8.493458485312885E-5,"{""type"":""MultiPoint"",""coordinates"":[]}"
20000305,2000-03-05,2.0520715248455762E-4,1.379586795681949E-4,6.724764829876015E-5,"{""type"":""MultiPoint"",""coordinates"":[]}"
20000306,2000-03-06,2.2575528022824651E-4,1.3956797295096914E-4,8.618602025382511E-5,"{""type"":""MultiPoint"",""coordinates"":[]}"
20000307,2000-03-07,2.498830879587079E-4,1.4159251773411E-4,1.0828889565804604E-4,"{""type"":""MultiPoint"",""coordinates"":[]}"
20000308,2000-03-08,3.6139719107184683E-4,1.545083704032839E-4,2.0688809751892402E-4,"{""type"":""MultiPoint"",""coordinates"":[]}"
20000309,2000-03-09,3.34988372516052E-4,1.6646493977903713E-4,1.6852338497998058E-4,"{""type"":""MultiPoint"",""coordinates"":[]}"
20000310,2000-03-10,2.233077404365666E-4,1.5046704479904365E-4,7.28388727284868E-5,"{""type"":""MultiPoint"",""coordinates"":[]}"
20000311,2000-03-11,2.2357752754025194E-4,1.482140602679735E-4,7.536341673249814E-5,"{""type"":""MultiPoint"",""coordinates"":[]}"
20000312,2000-03-12,2.656888899372726E-4,1.5879116035862837E-4,1.0689708279473341E-4,"{""type"":""MultiPoint"",""coordinates"":[]}"
20000313,2000-03-13,3.169738140514584E-4,1.7294524500783735E-4,1.4402859776490283E-4,"{""type"":""MultiPoint"",""coordinates"":[]}"
20000314,2000-03-14,3.98044676393071E-4,1.844542413425804E-4,2.135897522654183E-4,"{""type"":""MultiPoint"",""coordinates"":[]}"
20000315,2000-03-15,3.333038185256551E-4,1.7391024172170956E-4,1.593910024025605E-4,"{""type"":""MultiPoint"",""coordinates"":[]}"
20000316,2000-03-16,2.7019952341853957E-4,1.6543365036971114E-4,1.0476592539395185E-4,"{""type"":""MultiPoint"",""coordinates"":[]}"
20000317,2000-03-17,2.2725949159707655E-4,1.5711595565524387E-4,7.014171425258326E-5,"{""type"":""MultiPoint"",""coordinates"":[]}"
20000318,2000-03-18,2.1889374095465305E-4,1.5167571851285407E-4,6.721801432217893E-5,"{""type"":""MultiPoint"",""coordinates"":[]}"
20000319,2000-03-19,2.3671378063325785E-4,1.5381946345853232E-4,8.289424010052893E-5,"{""type"":""MultiPoint"",""coordinates"":[]}"
20000320,2000-03-20,2.554910794314408E-4,1.5790395989247178E-4,9.758638953866264E-5,"{""type"":""MultiPoint"",""coordinates"":[]}"
20000321,2000-03-21,2.157886439091213E-4,1.5168551333716182E-4,6.410065654019044E-5,"{""type"":""MultiPoint"",""coordinates"":[]}"
20000322,2000-03-22,1.97862876755203E-4,1.480929558310711E-4,4.976908610476625E-5,"{""type"":""MultiPoint"",""coordinates"":[]}"
20000323,2000-03-23,2.2289566121075146E-4,1.4243928464764712E-4,8.045535456178986E-5,"{""type"":""MultiPoint"",""coordinates"":[]}"
20000324,2000-03-24,2.101142321023755E-4,1.3762548250311943E-4,7.248877790312577E-5,"{""type"":""MultiPoint"",""coordinates"":[]}"
20000325,2000-03-25,2.1480435802420035E-4,1.3512141097535667E-4,7.96822887853683E-5,"{""type"":""MultiPoint"",""coordinates"":[]}"
20000326,2000-03-26,2.1764296616408357E-4,1.3338058758856616E-4,8.426168783749468E-5,"{""type"":""MultiPoint"",""coordinates"":[]}"
20000327,2000-03-27,2.3196205147785312E-4,1.3170595791603675E-4,1.0025505926283048E-4,"{""type"":""MultiPoint"",""coordinates"":[]}"
20000328,2000-03-28,2.3395142743513003E-4,1.2876637185331148E-4,1.0518399369775677E-4,"{""type"":""MultiPoint"",""coordinates"":[]}"
20000329,2000-03-29,2.550635931805469E-4,1.2837211632781993E-4,1.2669095405047355E-4,"{""type"":""MultiPoint"",""coordinates"":[]}"
20000330,2000-03-30,2.442547086573188E-4,1.2695219651633462E-4,1.1730179231736693E-4,"{""type"":""MultiPoint"",""coordinates"":[]}"
20000331,2000-03-31,2.605208606348517E-4,1.302798526861346E-4,1.3024040810815762E-4,"{""type"":""MultiPoint"",""coordinates"":[]}"
20000401,2000-04-01,4.2287405324928E-4,1.4606028694398693E-4,2.7681371349506755E-4,"{""type"":""MultiPoint"",""coordinates"":[]}"
20000402,2000-04-02,5.17299876401707E-4,1.6691131315318562E-4,3.503885677731872E-4,"{""type"":""MultiPoint"",""coordinates"":[]}"
20000403,2000-04-03,4.5696073615251093E-4,1.5263970703884516E-4,3.043195347146743E-4,"{""type"":""MultiPoint"",""coordinates"":[]}"
20000404,2000-04-04,5.122700478542494E-4,1.7345015183967458E-4,3.388182673849629E-4,"{""type"":""MultiPoint"",""coordinates"":[]}"
20000405,2000-04-05,5.047831220462513E-4,1.910468951452907E-4,3.137353282382244E-4,"{""type"":""MultiPoint"",""coordinates"":[]}"
20000406,2000-04-06,4.614902606322274E-4,2.122689684196956E-4,2.492194780160472E-4,"{""type"":""MultiPoint"",""coordinates"":[]}"
20000407,2000-04-07,4.6587407741594547E-4,1.9939545319352678E-4,2.664765640955964E-4,"{""type"":""MultiPoint"",""coordinates"":[]}"
20000408,2000-04-08,4.4850331050171326E-4,1.9649933936188009E-4,2.520039315348678E-4,"{""type"":""MultiPoint"",""coordinates"":[]}"
20000409,2000-04-09,5.51124866742209E-4,2.032750700931712E-4,3.4784900467805933E-4,"{""type"":""MultiPoint"",""coordinates"":[]}"
20000410,2000-04-10,4.817485319293424E-4,2.14474065465471E-4,2.6727336224175585E-4,"{""type"":""MultiPoint"",""coordinates"":[]}"
20000411,2000-04-11,3.44601355256785E-4,1.8470926168776878E-4,1.5989090754301824E-4,"{""type"":""MultiPoint"",""coordinates"":[]}"
20000412,2000-04-12,2.9964578761771895E-4,1.6803147968402603E-4,1.316130345407796E-4,"{""type"":""MultiPoint"",""coordinates"":[]}"
20000413,2000-04-13,3.0431360403895206E-4,1.6175633307681725E-4,1.4255592460375371E-4,"{""type"":""MultiPoint"",""coordinates"":[]}"
20000414,2000-04-14,3.35080000530435E-4,1.574681073979277E-4,1.7761118997979954E-4,"{""type"":""MultiPoint"",""coordinates"":[]}"
20000415,2000-04-15,3.506676834166939E-4,1.5428987253893694E-4,1.9637764482009572E-4,"{""type"":""MultiPoint"",""coordinates"":[]}"
20000416,2000-04-16,3.7100991787074794E-4,1.549146774858244E-4,2.160950560471778E-4,"{""type"":""MultiPoint"",""coordinates"":[]}"
20000417,2000-04-17,4.564242549161546E-4,1.6429450886589945E-4,2.9212916974798923E-4,"{""type"":""MultiPoint"",""coordinates"":[]}"
20000418,2000-04-18,4.316988682364684E-4,1.665210901122523E-4,2.651772041435279E-4,"{""type"":""MultiPoint"",""coordinates"":[]}"
20000419,2000-04-19,3.712215622211616E-4,1.5734968232896453E-4,2.1387125203046708E-4,"{""type"":""MultiPoint"",""coordinates"":[]}"
20000420,2000-04-20,4.526206299705799E-4,1.5940849026182844E-4,2.9321143301320476E-4,"{""type"":""MultiPoint"",""coordinates"":[]}"
20000421,2000-04-21,5.002680305115455E-4,1.7329418006776758E-4,3.2697350095497557E-4,"{""type"":""MultiPoint"",""coordinates"":[]}"
20000422,2000-04-22,6.127140317749042E-4,1.792791259648693E-4,4.334346600552168E-4,"{""type"":""MultiPoint"",""coordinates"":[]}"
20000423,2000-04-23,7.913557889804849E-4,2.3539308593963605E-4,5.559624666524788E-4,"{""type"":""MultiPoint"",""coordinates"":[]}"
20000424,2000-04-24,0.0011884589022382196,3.063720140720835E-4,8.820863880781686E-4,"{""type"":""MultiPoint"",""coordinates"":[]}"
20000425,2000-04-25,9.717726103696583E-4,3.204345889460799E-4,6.513356079755313E-4,"{""type"":""MultiPoint"",""coordinates"":[]}"
20000426,2000-04-26,7.922324462455803E-4,3.0346663438909633E-4,4.887652719172343E-4,"{""type"":""MultiPoint"",""coordinates"":[]}"
20000427,2000-04-27,9.069293889243193E-4,3.384603007086317E-4,5.684688728340995E-4,"{""type"":""MultiPoint"",""coordinates"":[]}"
20000428,2000-04-28,9.855598309793678E-4,3.5175544441201645E-4,6.338035996062998E-4,"{""type"":""MultiPoint"",""coordinates"":[]}"
20000429,2000-04-29,0.0013663171647821117,4.6025427679037843E-4,9.060626253123121E-4,"{""type"":""MultiPoint"",""coordinates"":[]}"
20000430,2000-04-30,0.001604798417911017,5.943645031739014E-4,0.001010431631961118,"{""type"":""MultiPoint"",""coordinates"":[]}"
20000501,2000-05-01,0.0014775700540779052,7.094766763907697E-4,7.680924097025586E-4,"{""type"":""MultiPoint"",""coordinates"":[]}"
20000502,2000-05-02,0.0012985334850690294,6.319272814450755E-4,6.666054389828859E-4,"{""type"":""MultiPoint"",""coordinates"":[]}"
20000503,2000-05-03,8.028654974858034E-4,4.2463067493637323E-4,3.7823424605394656E-4,"{""type"":""MultiPoint"",""coordinates"":[]}"
20000504,2000-05-04,6.268535263168861E-4,2.991059864459498E-4,3.2774738376429604E-4,"{""type"":""MultiPoint"",""coordinates"":[]}"
20000505,2000-05-05,6.338963497005552E-4,2.720624772627958E-4,3.6183376438855136E-4,"{""type"":""MultiPoint"",""coordinates"":[]}"
20000506,2000-05-06,6.823099112995168E-4,2.557948380211142E-4,4.265148664589208E-4,"{""type"":""MultiPoint"",""coordinates"":[]}"
20000507,2000-05-07,6.670702099274245E-4,2.4144837503429231E-4,4.2562158061996524E-4,"{""type"":""MultiPoint"",""coordinates"":[]}"
20000508,2000-05-08,6.765059641635236E-4,2.3985451239975206E-4,4.366513163630227E-4,"{""type"":""MultiPoint"",""coordinates"":[]}"
20000509,2000-05-09,6.613085361324578E-4,2.2716126312410703E-4,4.341472011372983E-4,"{""type"":""MultiPoint"",""coordinates"":[]}"
20000510,2000-05-10,6.899815038282092E-4,2.1769150345743535E-4,4.722901034916687E-4,"{""type"":""MultiPoint"",""coordinates"":[]}"
20000511,2000-05-11,7.404925279606791E-4,2.1248390670749543E-4,5.280084783080462E-4,"{""type"":""MultiPoint"",""coordinates"":[]}"
20000512,2000-05-12,8.17017908026187E-4,2.12819890944876E-4,6.04197772425826E-4,"{""type"":""MultiPoint"",""coordinates"":[]}"
20000513,2000-05-13,9.187336559243561E-4,2.1300995132294434E-4,7.057234925704255E-4,"{""type"":""MultiPoint"",""coordinates"":[]}"
20000514,2000-05-14,0.0010991146953449888,2.0835948521220565E-4,8.907544375736716E-4,"{""type"":""MultiPoint"",""coordinates"":[]}"
20000515,2000-05-15,0.0011770423999713355,2.3950451828619597E-4,9.375376629126329E-4,"{""type"":""MultiPoint"",""coordinates"":[]}"
20000516,2000-05-16,0.0011955201892092393,2.453211883683267E-4,9.501988987087267E-4,"{""type"":""MultiPoint"",""coordinates"":[]}"
20000517,2000-05-17,0.0012662643105421673,2.879018456657318E-4,9.783620684078998E-4,"{""type"":""MultiPoint"",""coordinates"":[]}"
20000518,2000-05-18,0.001870982223246459,4.819926975661993E-4,0.001388989280756334,"{""type"":""MultiPoint"",""coordinates"":[]}"
20000519,2000-05-19,0.0020741747692424027,6.004079634481985E-4,0.0014737666659823609,"{""type"":""MultiPoint"",""coordinates"":[]}"
20000520,2000-05-20,0.0016707868713594126,4.5687702095987154E-4,0.0012139096519091246,"{""type"":""MultiPoint"",""coordinates"":[]}"
20000521,2000-05-21,0.0012790904620204125,3.7727491808319506E-4,9.018153740849941E-4,"{""type"":""MultiPoint"",""coordinates"":[]}"
20000522,2000-05-22,0.0015136684833152601,4.4625225111855294E-4,0.0010674158495288229,"{""type"":""MultiPoint"",""coordinates"":[]}"
20000523,2000-05-23,0.0020489681197921918,7.14883696286375E-4,0.0013340844205500088,"{""type"":""MultiPoint"",""coordinates"":[]}"
20000524,2000-05-24,0.002614201878513938,9.709484950923793E-4,0.0016432531304301245,"{""type"":""MultiPoint"",""coordinates"":[]}"
20000525,2000-05-25,0.002727157476674754,9.153747132408385E-4,0.0018117821749952367,"{""type"":""MultiPoint"",""coordinates"":[]}"
20000526,2000-05-26,0.003471750965333881,0.0012202799888703442,0.00225147016359394,"{""type"":""MultiPoint"",""coordinates"":[]}"
20000527,2000-05-27,0.0032421157458229063,9.840288463976007E-4,0.0022580866865570355,"{""type"":""MultiPoint"",""coordinates"":[]}"
20000528,2000-05-28,0.002891654120841496,0.0011358170733128047,0.0017558365379557867,"{""type"":""MultiPoint"",""coordinates"":[]}"
20000529,2000-05-29,0.002244648023977628,0.0011741728337383022,0.0010704750859551835,"{""type"":""MultiPoint"",""coordinates"":[]}"
20000530,2000-05-30,0.0017598371101356764,9.375485890283905E-4,8.222885139006615E-4,"{""type"":""MultiPoint"",""coordinates"":[]}"
20000531,2000-05-31,0.001643180235776056,8.141312851051317E-4,8.290490403107429E-4,"{""type"":""MultiPoint"",""coordinates"":[]}"
20000601,2000-06-01,0.001477256318091699,6.619303316177522E-4,8.15326167513696E-4,"{""type"":""MultiPoint"",""coordinates"":[]}"
20000602,2000-06-02,0.0013965257784905,6.144487689383389E-4,7.820766500425238E-4,"{""type"":""MultiPoint"",""coordinates"":[]}"
20000603,2000-06-03,0.0013196269656595501,5.393733933305389E-4,7.802534231369541E-4,"{""type"":""MultiPoint"",""coordinates"":[]}"
20000604,2000-06-04,0.001775415186731126,6.260153556660287E-4,0.0011493995216065366,"{""type"":""MultiPoint"",""coordinates"":[]}"
20000605,2000-06-05,0.002130489528447926,7.580545998597146E-4,0.0013724349280650942,"{""type"":""MultiPoint"",""coordinates"":[]}"
20000606,2000-06-06,0.0024940294732026646,8.601613843650823E-4,0.0016338678339469007,"{""type"":""MultiPoint"",""coordinates"":[]}"
20000607,2000-06-07,0.0031647053986297393,9.671027154294223E-4,0.0021976025922551667,"{""type"":""MultiPoint"",""coordinates"":[]}"
20000608,2000-06-08,0.0036633894302133536,0.0011384412363520382,0.002524948008499954,"{""type"":""MultiPoint"",""coordinates"":[]}"
20000609,2000-06-09,0.00259783303141642,9.357156572097248E-4,0.001662117378179239,"{""type"":""MultiPoint"",""coordinates"":[]}"
20000610,2000-06-10,0.0028316235188003895,0.00109420476821451,0.0017374186142819683,"{""type"":""MultiPoint"",""coordinates"":[]}"
20000611,2000-06-11,0.0029638025127518004,0.0011378231962591253,0.0018259792704170858,"{""type"":""MultiPoint"",""coordinates"":[]}"
20000612,2000-06-12,0.003277174149705714,0.0013530894280436808,0.0019240845554903117,"{""type"":""MultiPoint"",""coordinates"":[]}"
20000613,2000-06-13,0.003079261813089361,0.001466426288340277,0.0016128350701191886,"{""type"":""MultiPoint"",""coordinates"":[]}"
20000614,2000-06-14,0.0027992386271944707,0.0015267575122150563,0.0012724812100077313,"{""type"":""MultiPoint"",""coordinates"":[]}"
20000615,2000-06-15,0.0023079680842443646,0.0012056759566856058,0.001102291998893143,"{""type"":""MultiPoint"",""coordinates"":[]}"
20000616,2000-06-16,0.0020297387257140003,0.001106518681055886,9.232196695808304E-4,"{""type"":""MultiPoint"",""coordinates"":[]}"
20000617,2000-06-17,0.0018867185895566432,0.0010122148982707518,8.745034856094989E-4,"{""type"":""MultiPoint"",""coordinates"":[]}"
20000618,2000-06-18,0.0023177645824621557,0.0010946564738653429,0.0012231078685146653,"{""type"":""MultiPoint"",""coordinates"":[]}"
20000619,2000-06-19,0.0022614712031804405,0.0011338095399675808,0.001127661319445404,"{""type"":""MultiPoint"",""coordinates"":[]}"
20000620,2000-06-20,0.0022600769029321108,0.0011093584920362385,0.0011507183952220326,"{""type"":""MultiPoint"",""coordinates"":[]}"
20000621,2000-06-21,0.0037075819448807675,0.0014309947533510281,0.002276587036858225,"{""type"":""MultiPoint"",""coordinates"":[]}"
20000622,2000-06-22,0.004144301709314639,0.001464824348048084,0.0026794765990163835,"{""type"":""MultiPoint"",""coordinates"":[]}"
20000623,2000-06-23,0.0029522951847145576,0.00146001370336102,0.0014922810701826707,"{""type"":""MultiPoint"",""coordinates"":[]}"
20000624,2000-06-24,0.0027350863467499203,0.0015789462926578694,0.001156139795145242,"{""type"":""MultiPoint"",""coordinates"":[]}"
20000625,2000-06-25,0.0025106681720481316,0.0015103464295658149,0.0010003213388700887,"{""type"":""MultiPoint"",""coordinates"":[]}"
20000626,2000-06-26,0.002415150877137639,0.0014264484326925633,9.8870222376988E-4,"{""type"":""MultiPoint"",""coordinates"":[]}"
20000627,2000-06-27,0.0022584985937924365,0.0013409333646871194,9.17565355380036E-4,"{""type"":""MultiPoint"",""coordinates"":[]}"
20000628,2000-06-28,0.002182012890008821,0.0012444497239009788,9.375628714499511E-4,"{""type"":""MultiPoint"",""coordinates"":[]}"
20000629,2000-06-29,0.0021918691137969384,0.0012436270511613531,9.482421014720975E-4,"{""type"":""MultiPoint"",""coordinates"":[]}"
20000630,2000-06-30,0.0026156063487990577,0.001459223496860599,0.0011563827904505905,"{""type"":""MultiPoint"",""coordinates"":[]}"
20000701,2000-07-01,0.002157527193539563,0.0012003318002205738,9.571954009813744E-4,"{""type"":""MultiPoint"",""coordinates"":[]}"
20000702,2000-07-02,0.001880069155547642,0.0010775902325383365,8.024789072135355E-4,"{""type"":""MultiPoint"",""coordinates"":[]}"
20000703,2000-07-03,0.0016498072972065956,0.0010108122696432934,6.389951178943827E-4,"{""type"":""MultiPoint"",""coordinates"":[]}"
20000704,2000-07-04,0.0016370189678302186,0.001028288164714904,6.087308678313667E-4,"{""type"":""MultiPoint"",""coordinates"":[]}"
20000705,2000-07-05,0.002353726544245233,0.0011572121247399089,0.001196514043207269,"{""type"":""MultiPoint"",""coordinates"":[]}"
20000706,2000-07-06,0.002887378908432237,0.0012971539979168335,0.001590225034785658,"{""type"":""MultiPoint"",""coordinates"":[]}"
20000707,2000-07-07,0.0030208320399490703,0.0014068555610651106,0.0016139761072388955,"{""type"":""MultiPoint"",""coordinates"":[]}"
20000708,2000-07-08,0.00289433270942915,0.0014967876285006095,0.0013975450134956241,"{""type"":""MultiPoint"",""coordinates"":[]}"
20000709,2000-07-09,0.0032324017436639665,0.0017063387176213499,0.0015260629890316017,"{""type"":""MultiPoint"",""coordinates"":[]}"
20000710,2000-07-10,0.003554496127615735,0.0019009237845598562,0.0016535721022628042,"{""type"":""MultiPoint"",""coordinates"":[]}"
20000711,2000-07-11,0.0040616010027526624,0.0021624439164975528,0.0018991570158609803,"{""type"":""MultiPoint"",""coordinates"":[]}"
20000712,2000-07-12,0.004318090342513866,0.002409862088105812,0.0019082280147261121,"{""type"":""MultiPoint"",""coordinates"":[]}"
20000713,2000-07-13,0.0037822402370664087,0.002268341269102342,0.001513898959514548,"{""type"":""MultiPoint"",""coordinates"":[]}"
20000714,2000-07-14,0.0033342227984239177,0.001998976358869755,0.001335246741676794,"{""type"":""MultiPoint"",""coordinates"":[]}"
20000715,2000-07-15,0.0025626013742848395,0.001666188611540964,8.964127372143918E-4,"{""type"":""MultiPoint"",""coordinates"":[]}"
20000716,2000-07-16,0.0030100798111101536,0.0017152577398061065,0.0012948219920734675,"{""type"":""MultiPoint"",""coordinates"":[]}"
20000717,2000-07-17,0.004128519532300668,0.0021663010404182645,0.0019622184905677266,"{""type"":""MultiPoint"",""coordinates"":[]}"
20000718,2000-07-18,0.00401039132715738,0.0020923307892797517,0.001918060402573242,"{""type"":""MultiPoint"",""coordinates"":[]}"
20000719,2000-07-19,0.003568863981046229,0.0019058037418948205,0.0016630604007114435,"{""type"":""MultiPoint"",""coordinates"":[]}"
20000720,2000-07-20,0.003568800374457778,0.0018607194100750733,0.0017080809588644105,"{""type"":""MultiPoint"",""coordinates"":[]}"
20000721,2000-07-21,0.002844769508030281,0.0016598740823928237,0.0011848953312704102,"{""type"":""MultiPoint"",""coordinates"":[]}"
20000722,2000-07-22,0.002486765598461715,0.001617599073974929,8.691665746794598E-4,"{""type"":""MultiPoint"",""coordinates"":[]}"
20000723,2000-07-23,0.0024773507409983513,0.0016501131414727286,8.27237573157384E-4,"{""type"":""MultiPoint"",""coordinates"":[]}"
20000724,2000-07-24,0.002947949795987944,0.0017135829996536456,0.001234366787600115,"{""type"":""MultiPoint"",""coordinates"":[]}"
20000725,2000-07-25,0.0025222034314702933,0.0015711935291067823,9.510098031945088E-4,"{""type"":""MultiPoint"",""coordinates"":[]}"
20000726,2000-07-26,0.0028428167846536114,0.0017130281190474552,0.0011297886615239754,"{""type"":""MultiPoint"",""coordinates"":[]}"
20000727,2000-07-27,0.002245672319351232,0.0015078392816037282,7.378330810968837E-4,"{""type"":""MultiPoint"",""coordinates"":[]}"
20000728,2000-07-28,0.0023222327791136113,0.0014531872430389539,8.690456650455912E-4,"{""type"":""MultiPoint"",""coordinates"":[]}"
20000729,2000-07-29,0.0021496131837074276,0.001333613738850962,8.159994845681182E-4,"{""type"":""MultiPoint"",""coordinates"":[]}"
20000730,2000-07-30,0.0025280479166357754,0.0014906460878096842,0.001037401585465615,"{""type"":""MultiPoint"",""coordinates"":[]}"
20000731,2000-07-31,0.003756284696828359,0.0017193771913411866,0.002036907462894447,"{""type"":""MultiPoint"",""coordinates"":[]}"
20000801,2000-08-01,0.005297618916308301,0.0021801963332701148,0.0031174223784468623,"{""type"":""MultiPoint"",""coordinates"":[]}"
20000802,2000-08-02,0.004309747229166724,0.002328445732474787,0.001981301534472875,"{""type"":""MultiPoint"",""coordinates"":[]}"
20000803,2000-08-03,0.0030767620079802022,0.0018856931443012733,0.0011910687337591084,"{""type"":""MultiPoint"",""coordinates"":[]}"
20000804,2000-08-04,0.0021752647076661454,0.0015736582322600507,6.016064480427556E-4,"{""type"":""MultiPoint"",""coordinates"":[]}"
20000805,2000-08-05,0.0019436329423712891,0.0014637722652661761,4.7986048094757986E-4,"{""type"":""MultiPoint"",""coordinates"":[]}"
20000806,2000-08-06,0.002120129048832217,0.0014341585557881259,6.859702883908244E-4,"{""type"":""MultiPoint"",""coordinates"":[]}"
20000807,2000-08-07,0.002170395447252408,0.0014683283940505744,7.020670013660633E-4,"{""type"":""MultiPoint"",""coordinates"":[]}"
20000808,2000-08-08,0.002398585459422456,0.0014609643047495597,9.376212480291073E-4,"{""type"":""MultiPoint"",""coordinates"":[]}"
20000809,2000-08-09,0.0031753289142471357,0.0017764303246344604,0.0013988986943963347,"{""type"":""MultiPoint"",""coordinates"":[]}"
20000810,2000-08-10,0.003483364129831742,0.0019479722007891703,0.0015353918503321613,"{""type"":""MultiPoint"",""coordinates"":[]}"
20000811,2000-08-11,0.002920896564321554,0.0019137638553181982,0.001007132685228575,"{""type"":""MultiPoint"",""coordinates"":[]}"
20000812,2000-08-12,0.0025488499213149845,0.001783055336359218,7.657945439107556E-4,"{""type"":""MultiPoint"",""coordinates"":[]}"
20000813,2000-08-13,0.0024642139586609846,0.0016938678640141293,7.70346098416838E-4,"{""type"":""MultiPoint"",""coordinates"":[]}"
20000814,2000-08-14,0.0026740173956184923,0.0017060011756489918,9.680161115215651E-4,"{""type"":""MultiPoint"",""coordinates"":[]}"
20000815,2000-08-15,0.0028143995357231212,0.0017888546362366772,0.0010255449386912029,"{""type"":""MultiPoint"",""coordinates"":[]}"
20000816,2000-08-16,0.00253874327816305,0.0018161582329059955,7.225848502219587E-4,"{""type"":""MultiPoint"",""coordinates"":[]}"
20000817,2000-08-17,0.002511614322240294,0.0017436559650945765,7.679581554379292E-4,"{""type"":""MultiPoint"",""coordinates"":[]}"
20000818,2000-08-18,0.0028685692977851347,0.0018387167447264095,0.0010298527105572302,"{""type"":""MultiPoint"",""coordinates"":[]}"
20000819,2000-08-19,0.002815206662152875,0.001846533389040174,9.686729478696752E-4,"{""type"":""MultiPoint"",""coordinates"":[]}"
20000820,2000-08-20,0.0024310038478747545,0.0017576898784786201,6.733139828752442E-4,"{""type"":""MultiPoint"",""coordinates"":[]}"
20000821,2000-08-21,0.00246938436767041,0.0016849975821353503,7.843866301973625E-4,"{""type"":""MultiPoint"",""coordinates"":[]}"
20000822,2000-08-22,0.002974767825617867,0.0019451972405851138,0.0010295704722494354,"{""type"":""MultiPoint"",""coordinates"":[]}"
20000823,2000-08-23,0.0032820734297890506,0.0021338908827734687,0.0011481825848486367,"{""type"":""MultiPoint"",""coordinates"":[]}"
20000824,2000-08-24,0.003062599835190355,0.0021734067896766397,8.891931794906416E-4,"{""type"":""MultiPoint"",""coordinates"":[]}"
20000825,2000-08-25,0.002941925143409662,0.0021659777042952466,7.759472937759189E-4,"{""type"":""MultiPoint"",""coordinates"":[]}"
20000826,2000-08-26,0.002654953810670246,0.0018723094434134962,7.826444969214042E-4,"{""type"":""MultiPoint"",""coordinates"":[]}"
20000827,2000-08-27,0.0036807383587380248,0.0020039523181623253,0.0016767859811468654,"{""type"":""MultiPoint"",""coordinates"":[]}"
20000828,2000-08-28,0.004464137405208385,0.0023463974118728232,0.002117739901142597,"{""type"":""MultiPoint"",""coordinates"":[]}"
20000829,2000-08-29,0.0041239541611235745,0.0023971118502252088,0.0017268424694976807,"{""type"":""MultiPoint"",""coordinates"":[]}"
20000830,2000-08-30,0.0041815955144603985,0.002465218574184688,0.0017163769893838005,"{""type"":""MultiPoint"",""coordinates"":[]}"
20000831,2000-08-31,0.004139501700182371,0.002454374140000095,0.0016851276527366037,"{""type"":""MultiPoint"",""coordinates"":[]}"
20000901,2000-09-01,0.003905710177539221,0.0025893672745624483,0.001316342812830553,"{""type"":""MultiPoint"",""coordinates"":[]}"
20000902,2000-09-02,0.0034289641851757095,0.0023871713935165327,0.0010417929295329306,"{""type"":""MultiPoint"",""coordinates"":[]}"
20000903,2000-09-03,0.0035647118721838286,0.0024014979745139993,0.0011632138279433558,"{""type"":""MultiPoint"",""coordinates"":[]}"
20000904,2000-09-04,0.003588484936882982,0.0026619821064222857,9.265026840179518E-4,"{""type"":""MultiPoint"",""coordinates"":[]}"
20000905,2000-09-05,0.003100839590513736,0.002261645783366388,8.391938232646612E-4,"{""type"":""MultiPoint"",""coordinates"":[]}"
20000906,2000-09-06,0.002799668203013246,0.0020642270369927674,7.354409288174432E-4,"{""type"":""MultiPoint"",""coordinates"":[]}"
20000907,2000-09-07,0.0032408339820615187,0.0021385560420956124,0.0011022779175888918,"{""type"":""MultiPoint"",""coordinates"":[]}"
20000908,2000-09-08,0.003055923374751317,0.002147085160713422,9.088382108323284E-4,"{""type"":""MultiPoint"",""coordinates"":[]}"
20000909,2000-09-09,0.002802205376255163,0.002036900633973398,7.653045917268489E-4,"{""type"":""MultiPoint"",""coordinates"":[]}"
20000910,2000-09-10,0.002598637324144488,0.0019316096585218325,6.670277025220643E-4,"{""type"":""MultiPoint"",""coordinates"":[]}"
20000911,2000-09-11,0.0021905335274078823,0.001777655572858688,4.1287797630869423E-4,"{""type"":""MultiPoint"",""coordinates"":[]}"
20000912,2000-09-12,0.002186829706224666,0.001790179867270839,3.9664951931169196E-4,"{""type"":""MultiPoint"",""coordinates"":[]}"
20000913,2000-09-13,0.002304324465608886,0.001780327598159049,5.239968526442497E-4,"{""type"":""MultiPoint"",""coordinates"":[]}"
20000914,2000-09-14,0.0023544167626514496,0.0017347579595564685,6.196585369184455E-4,"{""type"":""MultiPoint"",""coordinates"":[]}"
20000915,2000-09-15,0.0026097310241611155,0.0018395168387741018,7.702137988778554E-4,"{""type"":""MultiPoint"",""coordinates"":[]}"
20000916,2000-09-16,0.0037162855033515243,0.0025769153946036925,0.001139370400839798,"{""type"":""MultiPoint"",""coordinates"":[]}"
20000917,2000-09-17,0.003970593343559546,0.002778363315543789,0.0011922294783300142,"{""type"":""MultiPoint"",""coordinates"":[]}"
20000918,2000-09-18,0.004139447880308933,0.002744244343822553,0.0013952037037834937,"{""type"":""MultiPoint"",""coordinates"":[]}"
20000919,2000-09-19,0.003764963470884251,0.002277772773316403,0.0014871906590214058,"{""type"":""MultiPoint"",""coordinates"":[]}"
20000920,2000-09-20,0.003424154149452776,0.0021388591350662177,0.0012852951570111397,"{""type"":""MultiPoint"",""coordinates"":[]}"
20000921,2000-09-21,0.0029597238904256673,0.0018895750490866485,0.0010701488926438084,"{""type"":""MultiPoint"",""coordinates"":[]}"
20000922,2000-09-22,0.0020762523937745956,0.0017006035256273094,3.756485858313155E-4,"{""type"":""MultiPoint"",""coordinates"":[]}"
20000923,2000-09-23,0.0019214177801745432,0.0015932424782850447,3.2817533611825773E-4,"{""type"":""MultiPoint"",""coordinates"":[]}"
20000924,2000-09-24,0.002003210893219388,0.0015377910378368803,4.6541970494706276E-4,"{""type"":""MultiPoint"",""coordinates"":[]}"
20000925,2000-09-25,0.0019675957803512367,0.0014845837840584707,4.830121246712593E-4,"{""type"":""MultiPoint"",""coordinates"":[]}"
20000926,2000-09-26,0.0016693146742666122,0.001412240991316683,2.5707361449634424E-4,"{""type"":""MultiPoint"",""coordinates"":[]}"
20000927,2000-09-27,0.0015544331307199284,0.0013416634260813836,2.1276972181683858E-4,"{""type"":""MultiPoint"",""coordinates"":[]}"
20000928,2000-09-28,0.0014215175174656233,0.0012645548583948573,1.569623878341559E-4,"{""type"":""MultiPoint"",""coordinates"":[]}"
20000929,2000-09-29,0.0014784137963796166,0.0012444323824505317,2.339817145551309E-4,"{""type"":""MultiPoint"",""coordinates"":[]}"
20000930,2000-09-30,0.0017841582070500955,0.0013096038032165427,4.745542019551661E-4,"{""type"":""MultiPoint"",""coordinates"":[]}"
20001001,2000-10-01,0.002148804374140168,0.001466663766059692,6.821404760499964E-4,"{""type"":""MultiPoint"",""coordinates"":[]}"
20001002,2000-10-02,0.0024590235095648685,0.0018083275433186416,6.506940640058246E-4,"{""type"":""MultiPoint"",""coordinates"":[]}"
20001003,2000-10-03,0.0018696766179038644,0.0016346560681913572,2.350198363600033E-4,"{""type"":""MultiPoint"",""coordinates"":[]}"
20001004,2000-10-04,0.0013855206221663702,0.001280068287639131,1.0545245753198572E-4,"{""type"":""MultiPoint"",""coordinates"":[]}"
20001005,2000-10-05,0.001325777063418227,0.0011961826045701874,1.295939048829638E-4,"{""type"":""MultiPoint"",""coordinates"":[]}"
20001006,2000-10-06,0.0012725853301414408,0.0011332648337615883,1.3932007725750203E-4,"{""type"":""MultiPoint"",""coordinates"":[]}"
20001007,2000-10-07,0.001220932871832712,0.0010780709690168706,1.428613589389584E-4,"{""type"":""MultiPoint"",""coordinates"":[]}"
20001008,2000-10-08,0.0012342109150798083,0.0010373495296367948,1.968607647303846E-4,"{""type"":""MultiPoint"",""coordinates"":[]}"
20001009,2000-10-09,0.0012737362203382597,0.0010121709900055046,2.615645680165982E-4,"{""type"":""MultiPoint"",""coordinates"":[]}"
20001010,2000-10-10,0.0011912961984500568,9.798154112649828E-4,2.1148054196468144E-4,"{""type"":""MultiPoint"",""coordinates"":[]}"
20001011,2000-10-11,0.001088134575779662,9.486558150498534E-4,1.3947858729885347E-4,"{""type"":""MultiPoint"",""coordinates"":[]}"
20001012,2000-10-12,0.0010446232883738167,9.197741933110416E-4,1.248486354849049E-4,"{""type"":""MultiPoint"",""coordinates"":[]}"
20001013,2000-10-13,0.0010153296177627534,8.934675725301832E-4,1.2186134542554952E-4,"{""type"":""MultiPoint"",""coordinates"":[]}"
20001014,2000-10-14,9.307672597878315E-4,8.628201131029312E-4,6.794731231482624E-5,"{""type"":""MultiPoint"",""coordinates"":[]}"
20001015,2000-10-15,8.926673960846931E-4,8.359912580021923E-4,5.667554700710114E-5,"{""type"":""MultiPoint"",""coordinates"":[]}"
20001016,2000-10-16,8.79467559553127E-4,8.13795082917286E-4,6.567124987457176E-5,"{""type"":""MultiPoint"",""coordinates"":[]}"
20001017,2000-10-17,8.714879949684698E-4,7.91945236505079E-4,7.954284272749372E-5,"{""type"":""MultiPoint"",""coordinates"":[]}"
20001018,2000-10-18,8.73026267423283E-4,7.769315873355153E-4,9.609369491211376E-5,"{""type"":""MultiPoint"",""coordinates"":[]}"
20001019,2000-10-19,8.37652694882576E-4,7.478756654115433E-4,8.977693020812425E-5,"{""type"":""MultiPoint"",""coordinates"":[]}"
20001020,2000-10-20,8.280890551021004E-4,7.279532637311899E-4,1.0013518232024902E-4,"{""type"":""MultiPoint"",""coordinates"":[]}"
20001021,2000-10-21,7.789801796510911E-4,7.119913191092988E-4,6.698968684428334E-5,"{""type"":""MultiPoint"",""coordinates"":[]}"
20001022,2000-10-22,8.427318578542428E-4,7.05735855554115E-4,1.3699574120136718E-4,"{""type"":""MultiPoint"",""coordinates"":[]}"
20001023,2000-10-23,8.521693475611738E-4,6.916859172750908E-4,1.6048081492130034E-4,"{""type"":""MultiPoint"",""coordinates"":[]}"
20001024,2000-10-24,8.03816825407525E-4,6.730746669058007E-4,1.3074220698836947E-4,"{""type"":""MultiPoint"",""coordinates"":[]}"
20001025,2000-10-25,7.615853662442657E-4,6.654000383471753E-4,9.618421134042849E-5,"{""type"":""MultiPoint"",""coordinates"":[]}"
20001026,2000-10-26,7.465112757496598E-4,6.541165582290788E-4,9.23937608897067E-5,"{""type"":""MultiPoint"",""coordinates"":[]}"
20001027,2000-10-27,9.705615349843229E-4,7.08926914615306E-4,2.6163339048674623E-4,"{""type"":""MultiPoint"",""coordinates"":[]}"
20001028,2000-10-28,0.0012780013427456467,8.290680316114508E-4,4.4893296598863726E-4,"{""type"":""MultiPoint"",""coordinates"":[]}"
20001029,2000-10-29,6.690888202555195E-4,6.263092729610109E-4,4.2779294488920776E-5,"{""type"":""MultiPoint"",""coordinates"":[]}"
20001030,2000-10-30,6.48245631489572E-4,6.046738143932282E-4,4.357225111916811E-5,"{""type"":""MultiPoint"",""coordinates"":[]}"
20001031,2000-10-31,6.169867069530856E-4,5.877465524521892E-4,2.924010514353813E-5,"{""type"":""MultiPoint"",""coordinates"":[]}"
20001101,2000-11-01,6.0201079751513E-4,5.751625821510657E-4,2.68461535867693E-5,"{""type"":""MultiPoint"",""coordinates"":[]}"
20001102,2000-11-02,5.925318008334471E-4,5.629455352415781E-4,2.9586076526896485E-5,"{""type"":""MultiPoint"",""coordinates"":[]}"
20001103,2000-11-03,5.724264803896974E-4,5.500296527291747E-4,2.2395824424061243E-5,"{""type"":""MultiPoint"",""coordinates"":[]}"
20001104,2000-11-04,5.604337148798824E-4,5.376681450898568E-4,2.276459575666389E-5,"{""type"":""MultiPoint"",""coordinates"":[]}"
20001105,2000-11-05,5.509578280436647E-4,5.258865795686971E-4,2.5071304581223328E-5,"{""type"":""MultiPoint"",""coordinates"":[]}"
20001106,2000-11-06,5.689809098526672E-4,5.214573863463998E-4,4.7524007851561565E-5,"{""type"":""MultiPoint"",""coordinates"":[]}"
20001107,2000-11-07,5.503539350359707E-4,5.092544817796627E-4,4.109871191164156E-5,"{""type"":""MultiPoint"",""coordinates"":[]}"
20001108,2000-11-08,5.337462310837487E-4,5.017734691657454E-4,3.1971850654246224E-5,"{""type"":""MultiPoint"",""coordinates"":[]}"
20001109,2000-11-09,5.354228244344034E-4,4.937224906487654E-4,4.169946034362641E-5,"{""type"":""MultiPoint"",""coordinates"":[]}"
20001110,2000-11-10,5.09107142908283E-4,4.7675225617375164E-4,3.235458419252127E-5,"{""type"":""MultiPoint"",""coordinates"":[]}"
20001111,2000-11-11,5.288560782056148E-4,4.769318367477094E-4,5.192441601670888E-5,"{""type"":""MultiPoint"",""coordinates"":[]}"
20001112,2000-11-12,5.361216716737205E-4,4.734052757304801E-4,6.271479099646948E-5,"{""type"":""MultiPoint"",""coordinates"":[]}"
20001113,2000-11-13,5.212650492720915E-4,4.5074597524541476E-4,7.051953527370398E-5,"{""type"":""MultiPoint"",""coordinates"":[]}"
20001114,2000-11-14,5.114803812203122E-4,4.4230488944924253E-4,6.91732958860673E-5,"{""type"":""MultiPoint"",""coordinates"":[]}"
20001115,2000-11-15,4.5224743704441007E-4,4.321061076780454E-4,2.013999249390206E-5,"{""type"":""MultiPoint"",""coordinates"":[]}"
20001116,2000-11-16,4.415496136414454E-4,4.223751241643451E-4,1.9174511728743276E-5,"{""type"":""MultiPoint"",""coordinates"":[]}"
20001117,2000-11-17,4.4576852025392754E-4,4.1510975203172464E-4,3.065875619444787E-5,"{""type"":""MultiPoint"",""coordinates"":[]}"
20001118,2000-11-18,5.025435619006225E-4,4.2388380611782094E-4,7.865915636899477E-5,"{""type"":""MultiPoint"",""coordinates"":[]}"
20001119,2000-11-19,5.846204741849563E-4,4.1874500853376066E-4,1.658748133814395E-4,"{""type"":""MultiPoint"",""coordinates"":[]}"
20001120,2000-11-20,5.38728268709655E-4,4.2830969227072716E-4,1.1041715128852081E-4,"{""type"":""MultiPoint"",""coordinates"":[]}"
20001121,2000-11-21,4.539786923303833E-4,4.021896521483336E-4,5.1787682855912715E-5,"{""type"":""MultiPoint"",""coordinates"":[]}"
20001122,2000-11-22,4.4540174857307977E-4,3.9068564149926413E-4,5.471473110229674E-5,"{""type"":""MultiPoint"",""coordinates"":[]}"
20001123,2000-11-23,4.3254757341123704E-4,3.805273240285551E-4,5.2020402688876764E-5,"{""type"":""MultiPoint"",""coordinates"":[]}"
20001124,2000-11-24,4.088301839435362E-4,3.7120736012213684E-4,3.762280273447822E-5,"{""type"":""MultiPoint"",""coordinates"":[]}"
20001125,2000-11-25,3.931755046038933E-4,3.6435712018609203E-4,2.8818048056086523E-5,"{""type"":""MultiPoint"",""coordinates"":[]}"
20001126,2000-11-26,3.863258857472495E-4,3.5629024413687445E-4,3.003569346925487E-5,"{""type"":""MultiPoint"",""coordinates"":[]}"
20001127,2000-11-27,3.6352849382980626E-4,3.486068394503765E-4,1.4919350859681963E-5,"{""type"":""MultiPoint"",""coordinates"":[]}"
20001128,2000-11-28,3.6931760600839356E-4,3.4137865113735056E-4,2.7937859532081215E-5,"{""type"":""MultiPoint"",""coordinates"":[]}"
20001129,2000-11-29,4.7263489507235086E-4,3.4967529041339654E-4,1.229589311557652E-4,"{""type"":""MultiPoint"",""coordinates"":[]}"
20001130,2000-11-30,4.039616055818204E-4,3.3474902924472265E-4,6.921163585598202E-5,"{""type"":""MultiPoint"",""coordinates"":[]}"
20001201,2000-12-01,3.5638678314232707E-4,3.25601905874382E-4,3.0783822119504235E-5,"{""type"":""MultiPoint"",""coordinates"":[]}"
20001202,2000-12-02,3.285663104175134E-4,3.1817015923846513E-4,1.0394565735589798E-5,"{""type"":""MultiPoint"",""coordinates"":[]}"
20001203,2000-12-03,3.214688453820894E-4,3.11702695889185E-4,9.766408185032478E-6,"{""type"":""MultiPoint"",""coordinates"":[]}"
20001204,2000-12-04,3.162189317126331E-4,3.054579072149961E-4,1.0759338080324212E-5,"{""type"":""MultiPoint"",""coordinates"":[]}"
20001205,2000-12-05,3.2227064248063953E-4,3.029099411538046E-4,1.93622209386851E-5,"{""type"":""MultiPoint"",""coordinates"":[]}"
20001206,2000-12-06,3.009771910036826E-4,2.936843669090177E-4,7.29198436517835E-6,"{""type"":""MultiPoint"",""coordinates"":[]}"
20001207,2000-12-07,2.985802795531065E-4,2.884223294481302E-4,1.0157814145711332E-5,"{""type"":""MultiPoint"",""coordinates"":[]}"
20001208,2000-12-08,2.976374227653833E-4,2.8396584724863037E-4,1.3671605150047484E-5,"{""type"":""MultiPoint"",""coordinates"":[]}"
20001209,2000-12-09,3.3018157204504727E-4,2.863267543445237E-4,4.3854747714954484E-5,"{""type"":""MultiPoint"",""coordinates"":[]}"
20001210,2000-12-10,2.9277956527568386E-4,2.7464669180071407E-4,1.813183489517621E-5,"{""type"":""MultiPoint"",""coordinates"":[]}"
20001211,2000-12-11,2.9117114072618283E-4,2.6885980065459697E-4,2.231052460508732E-5,"{""type"":""MultiPoint"",""coordinates"":[]}"
20001212,2000-12-12,2.771277609605208E-4,2.6445028538000105E-4,1.2674810980308205E-5,"{""type"":""MultiPoint"",""coordinates"":[]}"
20001213,2000-12-13,2.7227279993473667E-4,2.598371744750352E-4,1.243457083339487E-5,"{""type"":""MultiPoint"",""coordinates"":[]}"
20001214,2000-12-14,2.6587063656824313E-4,2.5533183709967156E-4,1.0537090673261123E-5,"{""type"":""MultiPoint"",""coordinates"":[]}"
20001215,2000-12-15,2.5955413402547356E-4,2.508648349960031E-4,8.687453174087582E-6,"{""type"":""MultiPoint"",""coordinates"":[]}"
20001216,2000-12-16,2.694583415676367E-4,2.466268315021852E-4,2.2830904509446773E-5,"{""type"":""MultiPoint"",""coordinates"":[]}"
20001217,2000-12-17,2.7518098426478765E-4,2.4314307161407025E-4,3.203784556490716E-5,"{""type"":""MultiPoint"",""coordinates"":[]}"
20001218,2000-12-18,2.5505015841044843E-4,2.3978276141543712E-4,1.5265372051243303E-5,"{""type"":""MultiPoint"",""coordinates"":[]}"
20001219,2000-12-19,2.523566806549388E-4,2.3569567234771845E-4,1.6659384040522783E-5,"{""type"":""MultiPoint"",""coordinates"":[]}"
20001220,2000-12-20,2.50262487700448E-4,2.3249269675903087E-4,1.776930865270028E-5,"{""type"":""MultiPoint"",""coordinates"":[]}"
20001221,2000-12-21,2.6781185617534114E-4,2.3748420205714122E-4,3.0325653967911574E-5,"{""type"":""MultiPoint"",""coordinates"":[]}"
20001222,2000-12-22,2.4374323073273163E-4,2.3070793018353103E-4,1.3035226199734834E-5,"{""type"":""MultiPoint"",""coordinates"":[]}"
20001223,2000-12-23,2.422314246257552E-4,2.238572811980862E-4,1.837205247431475E-5,"{""type"":""MultiPoint"",""coordinates"":[]}"
20001224,2000-12-24,3.1122301209788575E-4,2.456969359024948E-4,6.55244440755483E-5,"{""type"":""MultiPoint"",""coordinates"":[]}"
20001225,2000-12-25,2.9062812320991555E-4,2.3485047036988358E-4,5.577605289827081E-5,"{""type"":""MultiPoint"",""coordinates"":[]}"
20001226,2000-12-26,4.4081695536602773E-4,2.666719291225004E-4,1.7414235658619152E-4,"{""type"":""MultiPoint"",""coordinates"":[]}"
20001227,2000-12-27,3.3136375910631605E-4,2.4216951042572185E-4,8.91942569904837E-5,"{""type"":""MultiPoint"",""coordinates"":[]}"
20001228,2000-12-28,2.9499923543574403E-4,2.2884284700565888E-4,6.61538533809567E-5,"{""type"":""MultiPoint"",""coordinates"":[]}"
20001229,2000-12-29,2.2057113730746404E-4,2.0936045678414544E-4,1.1210834496684736E-5,"{""type"":""MultiPoint"",""coordinates"":[]}"
20001230,2000-12-30,2.1532538255510507E-4,2.046042281148449E-4,1.0719964789317649E-5,"{""type"":""MultiPoint"",""coordinates"":[]}"
20001231,2000-12-31,2.3898806941219684E-4,2.0297845716249306E-4,3.6008824840757726E-5,"{""type"":""MultiPoint"",""coordinates"":[]}"
20010101,2001-01-01,2.3742848723645293E-4,1.9898192539700621E-4,3.844587228384541E-5,"{""type"":""MultiPoint"",""coordinates"":[]}"
20010102,2001-01-02,2.2926769794793877E-4,1.959424460220791E-4,3.3325471287364654E-5,"{""type"":""MultiPoint"",""coordinates"":[]}"
20010103,2001-01-03,2.1930186594171195E-4,1.932226773767649E-4,2.6078358953642953E-5,"{""type"":""MultiPoint"",""coordinates"":[]}"
20010104,2001-01-04,2.1940859432453477E-4,1.9137606158179136E-4,2.8032836146618234E-5,"{""type"":""MultiPoint"",""coordinates"":[]}"
20010105,2001-01-05,2.0672198958597587E-4,1.8897315569865264E-4,1.774684935826945E-5,"{""type"":""MultiPoint"",""coordinates"":[]}"
20010106,2001-01-06,1.9298950532103165E-4,1.8501925123112076E-4,7.970097564875151E-6,"{""type"":""MultiPoint"",""coordinates"":[]}"
20010107,2001-01-07,1.9024578105256398E-4,1.8231870226392052E-4,7.927256081027688E-6,"{""type"":""MultiPoint"",""coordinates"":[]}"
20010108,2001-01-08,1.9824896823598872E-4,1.7971220011421473E-4,1.8536659834115457E-5,"{""type"":""MultiPoint"",""coordinates"":[]}"
20010109,2001-01-09,2.029273024281158E-4,1.7918789075572906E-4,2.3738902095551574E-5,"{""type"":""MultiPoint"",""coordinates"":[]}"
20010110,2001-01-10,1.8437393792186918E-4,1.7484906478886322E-4,9.523355118530934E-6,"{""type"":""MultiPoint"",""coordinates"":[]}"
20010111,2001-01-11,1.825556694359805E-4,1.724241745876816E-4,1.013176426825709E-5,"{""type"":""MultiPoint"",""coordinates"":[]}"
20010112,2001-01-12,1.8073865222410781E-4,1.6997792568383303E-4,1.0760884570747065E-5,"{""type"":""MultiPoint"",""coordinates"":[]}"
20010113,2001-01-13,1.877351324142401E-4,1.688463446225442E-4,1.8887694054534105E-5,"{""type"":""MultiPoint"",""coordinates"":[]}"
20010114,2001-01-14,1.806099518789295E-4,1.656181173054694E-4,1.4991229341452882E-5,"{""type"":""MultiPoint"",""coordinates"":[]}"
20010115,2001-01-15,1.7374167688317052E-4,1.6324928071397317E-4,1.0492520056458215E-5,"{""type"":""MultiPoint"",""coordinates"":[]}"
20010116,2001-01-16,1.713387234372001E-4,1.6104974071209224E-4,1.0287150092193468E-5,"{""type"":""MultiPoint"",""coordinates"":[]}"
20010117,2001-01-17,1.6787425136661818E-4,1.5886113971608071E-4,9.012494446331322E-6,"{""type"":""MultiPoint"",""coordinates"":[]}"
20010118,2001-01-18,1.6955638613698294E-4,1.569498547750321E-4,1.2605603735057011E-5,"{""type"":""MultiPoint"",""coordinates"":[]}"
20010119,2001-01-19,1.6785916731706593E-4,1.550244691567085E-4,1.283481494719106E-5,"{""type"":""MultiPoint"",""coordinates"":[]}"
20010120,2001-01-20,1.6408478654091898E-4,1.5269568797362867E-4,1.13892768292107E-5,"{""type"":""MultiPoint"",""coordinates"":[]}"
20010121,2001-01-21,1.7634491497166025E-4,1.5298134585929935E-4,2.3362022511316288E-5,"{""type"":""MultiPoint"",""coordinates"":[]}"
20010122,2001-01-22,2.0324357959040904E-4,1.5850866840697958E-4,4.473575796761989E-5,"{""type"":""MultiPoint"",""coordinates"":[]}"
20010123,2001-01-23,2.3604704848895238E-4,1.529260528099781E-4,8.312034295001666E-5,"{""type"":""MultiPoint"",""coordinates"":[]}"
20010124,2001-01-24,1.9284865133775068E-4,1.498530873125662E-4,4.299546442893637E-5,"{""type"":""MultiPoint"",""coordinates"":[]}"
20010125,2001-01-25,1.8028914039530783E-4,1.523446504945459E-4,2.7942461282392344E-5,"{""type"":""MultiPoint"",""coordinates"":[]}"
20010126,2001-01-26,1.783131088858981E-4,1.4937908171146607E-4,2.893307959682295E-5,"{""type"":""MultiPoint"",""coordinates"":[]}"
20010127,2001-01-27,1.7309594832528975E-4,1.4936930360723365E-4,2.372509312478501E-5,"{""type"":""MultiPoint"",""coordinates"":[]}"
20010128,2001-01-28,1.6677983704250268E-4,1.4489150693597794E-4,2.188676715660196E-5,"{""type"":""MultiPoint"",""coordinates"":[]}"
20010129,2001-01-29,1.7384858347284875E-4,1.4296540088930553E-4,3.088155940978634E-5,"{""type"":""MultiPoint"",""coordinates"":[]}"
20010130,2001-01-30,1.8404796135002268E-4,1.4254154165770734E-4,4.1504952349382787E-5,"{""type"":""MultiPoint"",""coordinates"":[]}"
20010131,2001-01-31,1.7621371043338428E-4,1.3970551217789214E-4,3.6507449844813385E-5,"{""type"":""MultiPoint"",""coordinates"":[]}"
20010201,2001-02-01,1.9687547286143892E-4,1.4242558611108835E-4,5.4447660446887164E-5,"{""type"":""MultiPoint"",""coordinates"":[]}"
20010202,2001-02-02,2.310245613445438E-4,1.472328509904374E-4,8.379168916049711E-5,"{""type"":""MultiPoint"",""coordinates"":[]}"
20010203,2001-02-03,1.8831939147357653E-4,1.4042488043369242E-4,4.789361396223129E-5,"{""type"":""MultiPoint"",""coordinates"":[]}"
20010204,2001-02-04,1.7072194101763662E-4,1.4252438049035815E-4,2.8196223871634486E-5,"{""type"":""MultiPoint"",""coordinates"":[]}"
20010205,2001-02-05,1.5574298315226988E-4,1.39562362041274E-4,1.61802473469137E-5,"{""type"":""MultiPoint"",""coordinates"":[]}"
20010206,2001-02-06,1.5147154521637804E-4,1.3753011325984228E-4,1.3938294881457935E-5,"{""type"":""MultiPoint"",""coordinates"":[]}"
20010207,2001-02-07,1.5184429201428736E-4,1.3570846942698923E-4,1.6134809869342624E-5,"{""type"":""MultiPoint"",""coordinates"":[]}"
20010208,2001-02-08,1.540052078236608E-4,1.339764308024505E-4,2.0027823347125572E-5,"{""type"":""MultiPoint"",""coordinates"":[]}"
20010209,2001-02-09,1.5792380666632285E-4,1.3239687469316448E-4,2.552592981292118E-5,"{""type"":""MultiPoint"",""coordinates"":[]}"
20010210,2001-02-10,1.588726304313289E-4,1.3063699751040227E-4,2.823464082626529E-5,"{""type"":""MultiPoint"",""coordinates"":[]}"
20010211,2001-02-11,1.6477066126455915E-4,1.2981900865585133E-4,3.49499973497915E-5,"{""type"":""MultiPoint"",""coordinates"":[]}"
20010212,2001-02-12,1.6374189049796033E-4,1.2884095349254996E-4,3.48998955268411E-5,"{""type"":""MultiPoint"",""coordinates"":[]}"
20010213,2001-02-13,1.573383397821562E-4,1.2696852590272256E-4,3.036812409185124E-5,"{""type"":""MultiPoint"",""coordinates"":[]}"
20010214,2001-02-14,1.6015080183974688E-4,1.2532275084173428E-4,3.482682452927598E-5,"{""type"":""MultiPoint"",""coordinates"":[]}"
20010215,2001-02-15,1.6259866673875328E-4,1.236773863734387E-4,3.892066956830712E-5,"{""type"":""MultiPoint"",""coordinates"":[]}"
20010216,2001-02-16,1.877725048863125E-4,1.2832815607291296E-4,5.944552896859035E-5,"{""type"":""MultiPoint"",""coordinates"":[]}"
20010217,2001-02-17,1.6740468947945748E-4,1.2391609522146075E-4,4.348757260772156E-5,"{""type"":""MultiPoint"",""coordinates"":[]}"
20010218,2001-02-18,1.8778665580641024E-4,1.2359495275429704E-4,6.41902279214251E-5,"{""type"":""MultiPoint"",""coordinates"":[]}"
20010219,2001-02-19,1.985785456476867E-4,1.300839039369654E-4,6.849328246026188E-5,"{""type"":""MultiPoint"",""coordinates"":[]}"
20010220,2001-02-20,1.8968359268898356E-4,1.2473284499937078E-4,6.495065417361553E-5,"{""type"":""MultiPoint"",""coordinates"":[]}"
20010221,2001-02-21,2.320680249990421E-4,1.2648899258029905E-4,1.0557791973924223E-4,"{""type"":""MultiPoint"",""coordinates"":[]}"
20010222,2001-02-22,1.8425172077695033E-4,1.2461780172341104E-4,5.963326505317175E-5,"{""type"":""MultiPoint"",""coordinates"":[]}"
20010223,2001-02-23,1.8317750283643484E-4,1.229293826935577E-4,6.024745218354785E-5,"{""type"":""MultiPoint"",""coordinates"":[]}"
20010224,2001-02-24,1.852605637932654E-4,1.2104012436337404E-4,6.421933811392553E-5,"{""type"":""MultiPoint"",""coordinates"":[]}"
20010225,2001-02-25,2.341190278914207E-4,1.2449930970187488E-4,1.0961857321937554E-4,"{""type"":""MultiPoint"",""coordinates"":[]}"
20010226,2001-02-26,3.054649801405824E-4,1.407705132669963E-4,1.6469359627626853E-4,"{""type"":""MultiPoint"",""coordinates"":[]}"
20010227,2001-02-27,2.2522378016617158E-4,1.28662072716764E-4,9.656068907303799E-5,"{""type"":""MultiPoint"",""coordinates"":[]}"
20010228,2001-02-28,1.8904820479054006E-4,1.277371583002055E-4,6.131085971399835E-5,"{""type"":""MultiPoint"",""coordinates"":[]}"
20010301,2001-03-01,1.9059799429983366E-4,1.2739738357146115E-4,6.320010006498801E-5,"{""type"":""MultiPoint"",""coordinates"":[]}"
20010302,2001-03-02,1.9644977234337276E-4,1.314175189279872E-4,6.503054987091045E-5,"{""type"":""MultiPoint"",""coordinates"":[]}"
20010303,2001-03-03,1.599358114703487E-4,1.258956317577298E-4,3.40394104692026E-5,"{""type"":""MultiPoint"",""coordinates"":[]}"
20010304,2001-03-04,1.5353115555797562E-4,1.2149278009530454E-4,3.2037738819066776E-5,"{""type"":""MultiPoint"",""coordinates"":[]}"
20010305,2001-03-05,1.8233450416311044E-4,1.2073777897403356E-4,6.15957055044234E-5,"{""type"":""MultiPoint"",""coordinates"":[]}"
20010306,2001-03-06,1.7153889392813594E-4,1.2020013057584448E-4,5.133770173224618E-5,"{""type"":""MultiPoint"",""coordinates"":[]}"
20010307,2001-03-07,1.5064584119813714E-4,1.1734196901958374E-4,3.330374454491032E-5,"{""type"":""MultiPoint"",""coordinates"":[]}"
20010308,2001-03-08,1.4750352942289731E-4,1.1501816043983033E-4,3.2484692753672124E-5,"{""type"":""MultiPoint"",""coordinates"":[]}"
20010309,2001-03-09,1.5185946440864908E-4,1.1269342349373974E-4,3.916473683558447E-5,"{""type"":""MultiPoint"",""coordinates"":[]}"
20010310,2001-03-10,1.5135712900321522E-4,1.105804712113908E-4,4.0776399802265605E-5,"{""type"":""MultiPoint"",""coordinates"":[]}"
20010311,2001-03-11,1.6317077658681468E-4,1.0866431484982257E-4,5.450559476314431E-5,"{""type"":""MultiPoint"",""coordinates"":[]}"
20010312,2001-03-12,1.6162397160453024E-4,1.0699942783937165E-4,5.462355721730617E-5,"{""type"":""MultiPoint"",""coordinates"":[]}"
20010313,2001-03-13,1.684713035026984E-4,1.0603573966016798E-4,6.243499626510797E-5,"{""type"":""MultiPoint"",""coordinates"":[]}"
20010314,2001-03-14,1.5427706121947418E-4,1.0427356604333575E-4,5.000330999078555E-5,"{""type"":""MultiPoint"",""coordinates"":[]}"
20010315,2001-03-15,1.8598961064161397E-4,1.0500180471489875E-4,8.098766580660611E-5,"{""type"":""MultiPoint"",""coordinates"":[]}"
20010316,2001-03-16,1.7413216682828284E-4,1.039455332601773E-4,7.018585723114544E-5,"{""type"":""MultiPoint"",""coordinates"":[]}"
20010317,2001-03-17,1.7095230389819717E-4,1.0465995543526843E-4,6.629168293825646E-5,"{""type"":""MultiPoint"",""coordinates"":[]}"
20010318,2001-03-18,1.4740917860662996E-4,1.0334878786284188E-4,4.405964760262726E-5,"{""type"":""MultiPoint"",""coordinates"":[]}"
20010319,2001-03-19,1.525151679328325E-4,1.03383461885499E-4,4.913059355023545E-5,"{""type"":""MultiPoint"",""coordinates"":[]}"
20010320,2001-03-20,1.645546593699512E-4,1.0345586471625787E-4,6.109772699027102E-5,"{""type"":""MultiPoint"",""coordinates"":[]}"
20010321,2001-03-21,1.604846832990692E-4,1.0153600788761599E-4,5.894801456336724E-5,"{""type"":""MultiPoint"",""coordinates"":[]}"
20010322,2001-03-22,2.0571260498731387E-4,1.0221000631803774E-4,1.0350185343073102E-4,"{""type"":""MultiPoint"",""coordinates"":[]}"
20010323,2001-03-23,3.0602674760547697E-4,1.0820461849084137E-4,1.978215931140052E-4,"{""type"":""MultiPoint"",""coordinates"":[]}"
20010324,2001-03-24,3.3250297584210784E-4,1.1631941841295246E-4,2.161824915528851E-4,"{""type"":""MultiPoint"",""coordinates"":[]}"
20010325,2001-03-25,2.2333573858379665E-4,1.1412578097811028E-4,1.0920984317091246E-4,"{""type"":""MultiPoint"",""coordinates"":[]}"
20010326,2001-03-26,1.7944672125193886E-4,1.1104367585737079E-4,6.840200276995962E-5,"{""type"":""MultiPoint"",""coordinates"":[]}"
20010327,2001-03-27,2.0676304585716195E-4,1.0972920629578555E-4,9.703340389004586E-5,"{""type"":""MultiPoint"",""coordinates"":[]}"
20010328,2001-03-28,2.391281583261803E-4,1.0879901719653456E-4,1.303288661923776E-4,"{""type"":""MultiPoint"",""coordinates"":[]}"
20010329,2001-03-29,3.325085912740109E-4,1.1835258966287337E-4,2.1415530357356873E-4,"{""type"":""MultiPoint"",""coordinates"":[]}"
20010330,2001-03-30,3.3463265513131944E-4,1.254886815029483E-4,2.0914261204404302E-4,"{""type"":""MultiPoint"",""coordinates"":[]}"
20010331,2001-03-31,3.7971724495832626E-4,1.298742538650499E-4,2.498421706665085E-4,"{""type"":""MultiPoint"",""coordinates"":[]}"
20010401,2001-04-01,3.366620991122915E-4,1.3326250660466703E-4,2.0339975012215942E-4,"{""type"":""MultiPoint"",""coordinates"":[]}"
20010402,2001-04-02,3.240455292951489E-4,1.4134127807921857E-4,1.827037044722284E-4,"{""type"":""MultiPoint"",""coordinates"":[]}"
20010403,2001-04-03,2.4039778049393524E-4,1.3514415225143473E-4,1.0525347315800317E-4,"{""type"":""MultiPoint"",""coordinates"":[]}"
20010404,2001-04-04,2.2193409217225046E-4,1.2504720522236342E-4,9.68860036001196E-5,"{""type"":""MultiPoint"",""coordinates"":[]}"
20010405,2001-04-05,2.3364940647414557E-4,1.2371792005083166E-4,1.0993168228634822E-4,"{""type"":""MultiPoint"",""coordinates"":[]}"
20010406,2001-04-06,2.662958815060541E-4,1.2280839060338643E-4,1.434861791963567E-4,"{""type"":""MultiPoint"",""coordinates"":[]}"
20010407,2001-04-07,2.4443411696356836E-4,1.2564125438025556E-4,1.1879287115672697E-4,"{""type"":""MultiPoint"",""coordinates"":[]}"
20010408,2001-04-08,3.372137533851069E-4,1.3019877313446543E-4,2.0701395314451246E-4,"{""type"":""MultiPoint"",""coordinates"":[]}"
20010409,2001-04-09,5.198790030199945E-4,1.4411837823459007E-4,3.757605919170443E-4,"{""type"":""MultiPoint"",""coordinates"":[]}"
20010410,2001-04-10,4.3842661684501117E-4,1.7145097619221817E-4,2.6697481778202646E-4,"{""type"":""MultiPoint"",""coordinates"":[]}"
20010411,2001-04-11,4.4237893341230285E-4,1.7317258553816816E-4,2.692062064904822E-4,"{""type"":""MultiPoint"",""coordinates"":[]}"
20010412,2001-04-12,3.5463703945831464E-4,1.5181991417236482E-4,2.0281662011037682E-4,"{""type"":""MultiPoint"",""coordinates"":[]}"
20010413,2001-04-13,5.381836568097441E-4,1.634019219770168E-4,3.747817289235714E-4,"{""type"":""MultiPoint"",""coordinates"":[]}"
20010414,2001-04-14,5.829859833599559E-4,1.7164087034202206E-4,4.1134485447575915E-4,"{""type"":""MultiPoint"",""coordinates"":[]}"
20010415,2001-04-15,4.662802808176002E-4,1.6431808868855137E-4,3.019620538059243E-4,"{""type"":""MultiPoint"",""coordinates"":[]}"
20010416,2001-04-16,5.541485571464067E-4,1.7416611975886178E-4,3.7998220086790354E-4,"{""type"":""MultiPoint"",""coordinates"":[]}"
20010417,2001-04-17,4.632382338614738E-4,1.7569986038895257E-4,2.8753807116797835E-4,"{""type"":""MultiPoint"",""coordinates"":[]}"
20010418,2001-04-18,5.860146736801816E-4,1.996070154888248E-4,3.864075952516408E-4,"{""type"":""MultiPoint"",""coordinates"":[]}"
20010419,2001-04-19,5.086962293629539E-4,1.9508335455182182E-4,3.1361274239913105E-4,"{""type"":""MultiPoint"",""coordinates"":[]}"
20010420,2001-04-20,4.279017670317308E-4,1.7968511059647475E-4,2.4821657049658714E-4,"{""type"":""MultiPoint"",""coordinates"":[]}"
20010421,2001-04-21,4.137883171325916E-4,1.8170511993978125E-4,2.3208308263020675E-4,"{""type"":""MultiPoint"",""coordinates"":[]}"
20010422,2001-04-22,3.72503707684831E-4,1.7890953704183469E-4,1.9359294469049244E-4,"{""type"":""MultiPoint"",""coordinates"":[]}"
20010423,2001-04-23,2.7400029849693636E-4,1.6436373888984392E-4,1.096352525680264E-4,"{""type"":""MultiPoint"",""coordinates"":[]}"
20010424,2001-04-24,2.5581425076820784E-4,1.4969889552510132E-4,1.0611421662802024E-4,"{""type"":""MultiPoint"",""coordinates"":[]}"
20010425,2001-04-25,3.703769293404434E-4,1.4709788567373967E-4,2.2327827460814787E-4,"{""type"":""MultiPoint"",""coordinates"":[]}"
20010426,2001-04-26,5.473580703805153E-4,1.712121583092277E-4,3.76145298313065E-4,"{""type"":""MultiPoint"",""coordinates"":[]}"
20010427,2001-04-27,7.065926295373036E-4,2.1975622618322914E-4,4.868363034898772E-4,"{""type"":""MultiPoint"",""coordinates"":[]}"
20010428,2001-04-28,6.15628283065416E-4,2.5529817724730786E-4,3.603299491146027E-4,"{""type"":""MultiPoint"",""coordinates"":[]}"
20010429,2001-04-29,7.938779192906248E-4,3.180282408297773E-4,4.758489368615052E-4,"{""type"":""MultiPoint"",""coordinates"":[]}"
20010430,2001-04-30,6.045786658128564E-4,2.8536010942840505E-4,3.19218057408108E-4,"{""type"":""MultiPoint"",""coordinates"":[]}"
20010501,2001-05-01,4.2416312161558693E-4,1.8461495614274635E-4,2.3954779344871147E-4,"{""type"":""MultiPoint"",""coordinates"":[]}"
20010502,2001-05-02,4.561147321587731E-4,1.6756632145647053E-4,2.8854791824230435E-4,"{""type"":""MultiPoint"",""coordinates"":[]}"
20010503,2001-05-03,4.970127956236835E-4,1.7081152429830588E-4,3.262014336061746E-4,"{""type"":""MultiPoint"",""coordinates"":[]}"
20010504,2001-05-04,5.59845609815858E-4,1.8282717948666508E-4,3.770177874976662E-4,"{""type"":""MultiPoint"",""coordinates"":[]}"
20010505,2001-05-05,7.754702666328638E-4,2.1902303910495486E-4,5.564462032133751E-4,"{""type"":""MultiPoint"",""coordinates"":[]}"
20010506,2001-05-06,7.146340344995801E-4,2.330574047447077E-4,4.8157660555088206E-4,"{""type"":""MultiPoint"",""coordinates"":[]}"
20010507,2001-05-07,0.0010155452152712746,2.831012589548716E-4,7.324435577878484E-4,"{""type"":""MultiPoint"",""coordinates"":[]}"
20010508,2001-05-08,0.001030566144739506,3.241721608142282E-4,7.06393010626935E-4,"{""type"":""MultiPoint"",""coordinates"":[]}"
20010509,2001-05-09,0.0016881557992256691,5.350989955524635E-4,0.0011530568706341366,"{""type"":""MultiPoint"",""coordinates"":[]}"
20010510,2001-05-10,0.0016976075227824595,5.717256915808279E-4,0.0011258818660179134,"{""type"":""MultiPoint"",""coordinates"":[]}"
20010511,2001-05-11,0.0014621604280007758,4.689540497526612E-4,9.93206356350461E-4,"{""type"":""MultiPoint"",""coordinates"":[]}"
20010512,2001-05-12,0.0016219142666510876,4.3444996930687397E-4,0.0011874637917015719,"{""type"":""MultiPoint"",""coordinates"":[]}"
20010513,2001-05-13,0.0010357167633758362,3.5709144095385413E-4,6.786245433027672E-4,"{""type"":""MultiPoint"",""coordinates"":[]}"
20010514,2001-05-14,6.279863346660035E-4,2.1377493391358838E-4,4.142108604227949E-4,"{""type"":""MultiPoint"",""coordinates"":[]}"
20010515,2001-05-15,6.648718626635646E-4,2.014505919037528E-4,4.6342097630939756E-4,"{""type"":""MultiPoint"",""coordinates"":[]}"
20010516,2001-05-16,7.350729708097072E-4,2.1305155705567992E-4,5.220210892479892E-4,"{""type"":""MultiPoint"",""coordinates"":[]}"
20010517,2001-05-17,8.01897103803129E-4,2.315058787965214E-4,5.703910158709566E-4,"{""type"":""MultiPoint"",""coordinates"":[]}"
20010518,2001-05-18,9.021278897584295E-4,2.3242116940080305E-4,6.697066480553967E-4,"{""type"":""MultiPoint"",""coordinates"":[]}"
20010519,2001-05-19,8.784011358284105E-4,2.526531181713408E-4,6.257481906420982E-4,"{""type"":""MultiPoint"",""coordinates"":[]}"
20010520,2001-05-20,7.923131882934279E-4,2.473209522440322E-4,5.449920526266137E-4,"{""type"":""MultiPoint"",""coordinates"":[]}"
20010521,2001-05-21,7.823823949508619E-4,2.535510567994135E-4,5.288310489975921E-4,"{""type"":""MultiPoint"",""coordinates"":[]}"
20010522,2001-05-22,0.0010030544186160428,3.017406273541541E-4,7.013137451784348E-4,"{""type"":""MultiPoint"",""coordinates"":[]}"
20010523,2001-05-23,0.0011757589042819577,3.404096702529951E-4,8.353492013734882E-4,"{""type"":""MultiPoint"",""coordinates"":[]}"
20010524,2001-05-24,0.001339906476202343,3.577095801577548E-4,9.821970774452095E-4,"{""type"":""MultiPoint"",""coordinates"":[]}"
20010525,2001-05-25,0.0013915621020577091,3.9470086600582526E-4,9.968610408432376E-4,"{""type"":""MultiPoint"",""coordinates"":[]}"
20010526,2001-05-26,0.0011698838355789626,3.60647887560015E-4,8.092358095188301E-4,"{""type"":""MultiPoint"",""coordinates"":[]}"
20010527,2001-05-27,0.0010352084287437472,3.521314829176739E-4,6.830769451146547E-4,"{""type"":""MultiPoint"",""coordinates"":[]}"
20010528,2001-05-28,0.0010913029830108823,4.1055707980868243E-4,6.807458033561937E-4,"{""type"":""MultiPoint"",""coordinates"":[]}"
20010529,2001-05-29,0.0010437314164825034,3.596588537455641E-4,6.840725372723564E-4,"{""type"":""MultiPoint"",""coordinates"":[]}"
20010530,2001-05-30,0.001586923899740034,5.044746537548985E-4,0.0010824492450775473,"{""type"":""MultiPoint"",""coordinates"":[]}"
20010531,2001-05-31,0.0021289166469234838,8.217617028855065E-4,0.0013071546303871074,"{""type"":""MultiPoint"",""coordinates"":[]}"
20010601,2001-06-01,0.0019479989834349266,8.783974118849907E-4,0.0010696013337215197,"{""type"":""MultiPoint"",""coordinates"":[]}"
20010602,2001-06-02,0.0017612941107717221,7.330847097551781E-4,0.0010282096531205479,"{""type"":""MultiPoint"",""coordinates"":[]}"
20010603,2001-06-03,0.0024978940572774047,9.839781581237207E-4,0.0015139155883529163,"{""type"":""MultiPoint"",""coordinates"":[]}"
20010604,2001-06-04,0.003052718669643233,0.0012769193625102775,0.0017757993565104741,"{""type"":""MultiPoint"",""coordinates"":[]}"
20010605,2001-06-05,0.002825079949333164,0.0012944032971700012,0.001530676539207278,"{""type"":""MultiPoint"",""coordinates"":[]}"
20010606,2001-06-06,0.0023128258750297758,0.00104227322790351,0.0012705527320545917,"{""type"":""MultiPoint"",""coordinates"":[]}"
20010607,2001-06-07,0.0020822177948513487,0.0010224720474124782,0.0010597455212625906,"{""type"":""MultiPoint"",""coordinates"":[]}"
20010608,2001-06-08,0.0020352992905315432,0.0010250109239574672,0.0010102882408952391,"{""type"":""MultiPoint"",""coordinates"":[]}"
20010609,2001-06-09,0.001830147817921596,9.239618529056252E-4,9.061858402004738E-4,"{""type"":""MultiPoint"",""coordinates"":[]}"
20010610,2001-06-10,0.0016775998523884293,8.317545540453327E-4,8.458452018368788E-4,"{""type"":""MultiPoint"",""coordinates"":[]}"
20010611,2001-06-11,0.0018596967299094923,9.001566935552991E-4,9.595397918855364E-4,"{""type"":""MultiPoint"",""coordinates"":[]}"
20010612,2001-06-12,0.002468139578412044,0.001001690899312043,0.001466448693259556,"{""type"":""MultiPoint"",""coordinates"":[]}"
20010613,2001-06-13,0.003555485255956528,0.0013763829538042819,0.0021791023048130633,"{""type"":""MultiPoint"",""coordinates"":[]}"
20010614,2001-06-14,0.003053655157689071,0.0012893493193777944,0.0017643057122759943,"{""type"":""MultiPoint"",""coordinates"":[]}"
20010615,2001-06-15,0.002846856038563948,0.001254922198233474,0.0015919338660625173,"{""type"":""MultiPoint"",""coordinates"":[]}"
20010616,2001-06-16,0.003314146990633452,0.0013462387133928052,0.0019679082728148,"{""type"":""MultiPoint"",""coordinates"":[]}"
20010617,2001-06-17,0.0028255363958445685,0.0012022711200455243,0.0016232651776103937,"{""type"":""MultiPoint"",""coordinates"":[]}"
20010618,2001-06-18,0.002945929698429625,0.0013403150689306502,0.001605614558552719,"{""type"":""MultiPoint"",""coordinates"":[]}"
20010619,2001-06-19,0.0027821605712922103,0.0013637642420623352,0.0014183960878615704,"{""type"":""MultiPoint"",""coordinates"":[]}"
20010620,2001-06-20,0.0024823809393584926,0.0011553864399336479,0.0013269941682166162,"{""type"":""MultiPoint"",""coordinates"":[]}"
20010621,2001-06-21,0.0022791206696856996,0.0012354085187730203,0.0010437121342968354,"{""type"":""MultiPoint"",""coordinates"":[]}"
20010622,2001-06-22,0.0021759135606975915,0.0011126124190448028,0.0010633011081315172,"{""type"":""MultiPoint"",""coordinates"":[]}"
20010623,2001-06-23,0.002149347626668673,0.001089443233285233,0.0010599043097717568,"{""type"":""MultiPoint"",""coordinates"":[]}"
20010624,2001-06-24,0.001990805740538991,0.0010473988178878735,9.434067965602761E-4,"{""type"":""MultiPoint"",""coordinates"":[]}"
20010625,2001-06-25,0.0019166612517803946,9.749635723965944E-4,9.416976193325351E-4,"{""type"":""MultiPoint"",""coordinates"":[]}"
20010626,2001-06-26,0.002041346943618355,9.820601260414152E-4,0.0010592865656661606,"{""type"":""MultiPoint"",""coordinates"":[]}"
20010627,2001-06-27,0.0021082586077338194,0.0010937207327955463,0.001014537879425574,"{""type"":""MultiPoint"",""coordinates"":[]}"
20010628,2001-06-28,0.0020761218303387077,0.0011100345691852744,9.660872733970251E-4,"{""type"":""MultiPoint"",""coordinates"":[]}"
20010629,2001-06-29,0.0025903959038436225,0.001259137577983391,0.0013312581692462076,"{""type"":""MultiPoint"",""coordinates"":[]}"
20010630,2001-06-30,0.0030617501173310596,0.0015436002304269009,0.0015181498906854502,"{""type"":""MultiPoint"",""coordinates"":[]}"
20010701,2001-07-01,0.0028236987374364916,0.0016507983208132251,0.0011729003540876903,"{""type"":""MultiPoint"",""coordinates"":[]}"
20010702,2001-07-02,0.002684352826892096,0.0015035474281980558,0.0011808053791066558,"{""type"":""MultiPoint"",""coordinates"":[]}"
20010703,2001-07-03,0.0022178933837020257,0.0012518851581428644,9.660083440220344E-4,"{""type"":""MultiPoint"",""coordinates"":[]}"
20010704,2001-07-04,0.002188455765851511,0.0012092791819201486,9.791765088444197E-4,"{""type"":""MultiPoint"",""coordinates"":[]}"
20010705,2001-07-05,0.0021884872449327237,0.001225143850451094,9.633434979879796E-4,"{""type"":""MultiPoint"",""coordinates"":[]}"
20010706,2001-07-06,0.002327632537238426,0.0013233040845131575,0.0010043282097325463,"{""type"":""MultiPoint"",""coordinates"":[]}"
20010707,2001-07-07,0.0026000142174091943,0.001397629835380437,0.0012023844072190006,"{""type"":""MultiPoint"",""coordinates"":[]}"
20010708,2001-07-08,0.0035354682386186972,0.0015747772673755454,0.0019606907569431962,"{""type"":""MultiPoint"",""coordinates"":[]}"
20010709,2001-07-09,0.004073312922894068,0.0019830913342855725,0.002090221840794113,"{""type"":""MultiPoint"",""coordinates"":[]}"
20010710,2001-07-10,0.0033719890904906056,0.0019089978533495745,0.0014629911635968915,"{""type"":""MultiPoint"",""coordinates"":[]}"
20010711,2001-07-11,0.004172223204162725,0.0019191997097890827,0.002253023405374442,"{""type"":""MultiPoint"",""coordinates"":[]}"
20010712,2001-07-12,0.003479138051042566,0.0016857771125340071,0.0017933611013739288,"{""type"":""MultiPoint"",""coordinates"":[]}"
20010713,2001-07-13,0.002618804228440927,0.0015752335447392566,0.0010435705688489909,"{""type"":""MultiPoint"",""coordinates"":[]}"
20010714,2001-07-14,0.0026877907937861907,0.0015390954613885611,0.001148695367892884,"{""type"":""MultiPoint"",""coordinates"":[]}"
20010715,2001-07-15,0.003980011328057978,0.0017344244819896158,0.002245586898330398,"{""type"":""MultiPoint"",""coordinates"":[]}"
20010716,2001-07-16,0.0045838024697094065,0.0019343023090716857,0.0026495002049861304,"{""type"":""MultiPoint"",""coordinates"":[]}"
20010717,2001-07-17,0.003489750048458458,0.001833654622432634,0.0016560954036370127,"{""type"":""MultiPoint"",""coordinates"":[]}"
20010718,2001-07-18,0.0027691785412325793,0.001647153727827759,0.001122024784083724,"{""type"":""MultiPoint"",""coordinates"":[]}"
20010719,2001-07-19,0.0034565230784451076,0.0016845350095773355,0.0017719879650280824,"{""type"":""MultiPoint"",""coordinates"":[]}"
20010720,2001-07-20,0.0030266908869658144,0.001824486332186202,0.0012022047735221271,"{""type"":""MultiPoint"",""coordinates"":[]}"
20010721,2001-07-21,0.0028748757311848287,0.0019011947868459336,9.736806444124676E-4,"{""type"":""MultiPoint"",""coordinates"":[]}"
20010722,2001-07-22,0.0032331656966631843,0.001964479467690953,0.0012686861769869967,"{""type"":""MultiPoint"",""coordinates"":[]}"
20010723,2001-07-23,0.0032253276479472757,0.0020803399465593965,0.001144987587846436,"{""type"":""MultiPoint"",""coordinates"":[]}"
20010724,2001-07-24,0.0029051565379599902,0.0018139581618667033,0.0010911983733818322,"{""type"":""MultiPoint"",""coordinates"":[]}"
20010725,2001-07-25,0.002509132633119099,0.001660750248778579,8.483822963320002E-4,"{""type"":""MultiPoint"",""coordinates"":[]}"
20010726,2001-07-26,0.0027313364070705557,0.001686963874226106,0.0010443724975822421,"{""type"":""MultiPoint"",""coordinates"":[]}"
20010727,2001-07-27,0.003070597606483443,0.0017533349603982174,0.001317262664477408,"{""type"":""MultiPoint"",""coordinates"":[]}"
20010728,2001-07-28,0.0043330001402341655,0.002073950605311976,0.0022590495166337488,"{""type"":""MultiPoint"",""coordinates"":[]}"
20010729,2001-07-29,0.005090589318087084,0.0024576925475681397,0.002632896742029229,"{""type"":""MultiPoint"",""coordinates"":[]}"
20010730,2001-07-30,0.0035910700761411537,0.0022191448342962195,0.0013719252478878172,"{""type"":""MultiPoint"",""coordinates"":[]}"
20010731,2001-07-31,0.003134910294787349,0.002110085243577439,0.0010248248768226953,"{""type"":""MultiPoint"",""coordinates"":[]}"
20010801,2001-08-01,0.00307241194152251,0.0021478198398076544,9.245919410628963E-4,"{""type"":""MultiPoint"",""coordinates"":[]}"
20010802,2001-08-02,0.003015506632460184,0.0021126740697055752,9.02832664272719E-4,"{""type"":""MultiPoint"",""coordinates"":[]}"
20010803,2001-08-03,0.002803973800897334,0.0019596872174596673,8.442864026963514E-4,"{""type"":""MultiPoint"",""coordinates"":[]}"
20010804,2001-08-04,0.002552619327008409,0.0018721161086401952,6.805033119392756E-4,"{""type"":""MultiPoint"",""coordinates"":[]}"
20010805,2001-08-05,0.002359628826130017,0.001731880926522771,6.277479227271431E-4,"{""type"":""MultiPoint"",""coordinates"":[]}"
20010806,2001-08-06,0.0021812678597618374,0.0016031889985721139,5.780787695125031E-4,"{""type"":""MultiPoint"",""coordinates"":[]}"
20010807,2001-08-07,0.0023451824768183395,0.001625424626314793,7.197578291275337E-4,"{""type"":""MultiPoint"",""coordinates"":[]}"
20010808,2001-08-08,0.0023293139204461372,0.001634742420533354,6.945714670380309E-4,"{""type"":""MultiPoint"",""coordinates"":[]}"
20010809,2001-08-09,0.002211778262143705,0.0015507715264907467,6.610067944854203E-4,"{""type"":""MultiPoint"",""coordinates"":[]}"
20010810,2001-08-10,0.0019947782733968425,0.0014483766621824778,5.464015036995818E-4,"{""type"":""MultiPoint"",""coordinates"":[]}"
20010811,2001-08-11,0.0021055149897298664,0.001487379001848347,6.181360505645937E-4,"{""type"":""MultiPoint"",""coordinates"":[]}"
20010812,2001-08-12,0.0026008306652680166,0.0016509423756013843,9.498883399571455E-4,"{""type"":""MultiPoint"",""coordinates"":[]}"
20010813,2001-08-13,0.00325340120068718,0.001954845119085177,0.0012985560448407468,"{""type"":""MultiPoint"",""coordinates"":[]}"
20010814,2001-08-14,0.003922920816999514,0.0020723729045646396,0.001850547730237285,"{""type"":""MultiPoint"",""coordinates"":[]}"
20010815,2001-08-15,0.003379941074026257,0.00212207394701955,0.0012578672403180575,"{""type"":""MultiPoint"",""coordinates"":[]}"
20010816,2001-08-16,0.002492335858617941,0.0018184237532445197,6.739120482405979E-4,"{""type"":""MultiPoint"",""coordinates"":[]}"
20010817,2001-08-17,0.0027490355540743102,0.001759693023607005,9.893424310805018E-4,"{""type"":""MultiPoint"",""coordinates"":[]}"
20010818,2001-08-18,0.002838546072964268,0.0018122069125652005,0.0010263392567297662,"{""type"":""MultiPoint"",""coordinates"":[]}"
20010819,2001-08-19,0.002774304779282588,0.0018442823858852001,9.300223536877019E-4,"{""type"":""MultiPoint"",""coordinates"":[]}"
20010820,2001-08-20,0.0026704291758897604,0.0017661235525995417,9.043055776762913E-4,"{""type"":""MultiPoint"",""coordinates"":[]}"
20010821,2001-08-21,0.002673746609313327,0.0017514913947357018,9.222551351744778E-4,"{""type"":""MultiPoint"",""coordinates"":[]}"
20010822,2001-08-22,0.003428706415937695,0.0018104997361327955,0.0016182070128415698,"{""type"":""MultiPoint"",""coordinates"":[]}"
20010823,2001-08-23,0.0034839642200558095,0.0018678028857755102,0.001616161425517002,"{""type"":""MultiPoint"",""coordinates"":[]}"
20010824,2001-08-24,0.002792917457724168,0.0017859991998191193,0.0010069181871584045,"{""type"":""MultiPoint"",""coordinates"":[]}"
20010825,2001-08-25,0.0024586017503408736,0.00177684930903348,6.817521625357388E-4,"{""type"":""MultiPoint"",""coordinates"":[]}"
20010826,2001-08-26,0.002522708282356153,0.0018430140531288455,6.796939512319687E-4,"{""type"":""MultiPoint"",""coordinates"":[]}"
20010827,2001-08-27,0.002728979482873242,0.0018663755163288726,8.62604186943753E-4,"{""type"":""MultiPoint"",""coordinates"":[]}"
20010828,2001-08-28,0.0026366422981363774,0.0018678549728895733,7.687871044427942E-4,"{""type"":""MultiPoint"",""coordinates"":[]}"
20010829,2001-08-29,0.002571509961100923,0.0017743999996425066,7.971095321195531E-4,"{""type"":""MultiPoint"",""coordinates"":[]}"
20010830,2001-08-30,0.002553522480923772,0.0017609926122929254,7.925300632170614E-4,"{""type"":""MultiPoint"",""coordinates"":[]}"
20010831,2001-08-31,0.002487071434399279,0.0017513569655813884,7.357143954576254E-4,"{""type"":""MultiPoint"",""coordinates"":[]}"
20010901,2001-09-01,0.0025927473124161974,0.001742133605882716,8.506138208974563E-4,"{""type"":""MultiPoint"",""coordinates"":[]}"
20010902,2001-09-02,0.002453075161709995,0.0017130323245922623,7.400430627895804E-4,"{""type"":""MultiPoint"",""coordinates"":[]}"
20010903,2001-09-03,0.00238167119844846,0.0016922520374026313,6.894190907259334E-4,"{""type"":""MultiPoint"",""coordinates"":[]}"
20010904,2001-09-04,0.002155997553189295,0.0016234880469336468,5.325094308796134E-4,"{""type"":""MultiPoint"",""coordinates"":[]}"
20010905,2001-09-05,0.0022113266601629417,0.001582536106576537,6.287904053702738E-4,"{""type"":""MultiPoint"",""coordinates"":[]}"
20010906,2001-09-06,0.0022960439028649644,0.0016139669608317647,6.820769175843682E-4,"{""type"":""MultiPoint"",""coordinates"":[]}"
20010907,2001-09-07,0.0020285248804000444,0.0015560494735022844,4.7247517840383145E-4,"{""type"":""MultiPoint"",""coordinates"":[]}"
20010908,2001-09-08,0.001988956350927419,0.0015408096681587403,4.4814653612386526E-4,"{""type"":""MultiPoint"",""coordinates"":[]}"
20010909,2001-09-09,0.0020927766784020235,0.0015731831469874395,5.195933494923196E-4,"{""type"":""MultiPoint"",""coordinates"":[]}"
20010910,2001-09-10,0.002378725766114728,0.0016944804777912425,6.842452349601522E-4,"{""type"":""MultiPoint"",""coordinates"":[]}"
20010911,2001-09-11,0.002143726572925398,0.0016711728136874738,4.7255384591849347E-4,"{""type"":""MultiPoint"",""coordinates"":[]}"
20010912,2001-09-12,0.0021531108918368446,0.001643236896358684,5.098738684104084E-4,"{""type"":""MultiPoint"",""coordinates"":[]}"
20010913,2001-09-13,0.002114710878530055,0.001555323877378409,5.593870293925836E-4,"{""type"":""MultiPoint"",""coordinates"":[]}"
20010914,2001-09-14,0.0018359533946690294,0.0014862424993552835,3.497108877039674E-4,"{""type"":""MultiPoint"",""coordinates"":[]}"
20010915,2001-09-15,0.0018439195567772056,0.0014671000466919943,3.7681935974515047E-4,"{""type"":""MultiPoint"",""coordinates"":[]}"
20010916,2001-09-16,0.002021384501104097,0.0015131502478957345,5.082342024497993E-4,"{""type"":""MultiPoint"",""coordinates"":[]}"
20010917,2001-09-17,0.0019903400336901177,0.0014918732796570932,4.984660589089815E-4,"{""type"":""MultiPoint"",""coordinates"":[]}"
20010918,2001-09-18,0.0019531068426671093,0.0015585212394747584,3.945848189884783E-4,"{""type"":""MultiPoint"",""coordinates"":[]}"
20010919,2001-09-19,0.002145314272049992,0.0016896900140848364,4.556243180783677E-4,"{""type"":""MultiPoint"",""coordinates"":[]}"
20010920,2001-09-20,0.0017152659257764914,0.0014562235901201116,2.590422026735709E-4,"{""type"":""MultiPoint"",""coordinates"":[]}"
20010921,2001-09-21,0.0015508132078871312,0.001348868889784816,2.0194407758554984E-4,"{""type"":""MultiPoint"",""coordinates"":[]}"
20010922,2001-09-22,0.0015299013299121178,0.001296025707146356,2.338747829590878E-4,"{""type"":""MultiPoint"",""coordinates"":[]}"
20010923,2001-09-23,0.001512596905419929,0.001255260655596511,2.573365143843868E-4,"{""type"":""MultiPoint"",""coordinates"":[]}"
20010924,2001-09-24,0.0014283007706642956,0.0012201642156579925,2.081365088899104E-4,"{""type"":""MultiPoint"",""coordinates"":[]}"
20010925,2001-09-25,0.0014384239525388656,0.0011892126231360662,2.492111299128533E-4,"{""type"":""MultiPoint"",""coordinates"":[]}"
20010926,2001-09-26,0.0014317777189296213,0.001168275178407139,2.6350151809293837E-4,"{""type"":""MultiPoint"",""coordinates"":[]}"
20010927,2001-09-27,0.001396080563999269,0.0011453732839619515,2.5070684467425183E-4,"{""type"":""MultiPoint"",""coordinates"":[]}"
20010928,2001-09-28,0.0013501263278025935,0.0011171355048693375,2.3298989249755848E-4,"{""type"":""MultiPoint"",""coordinates"":[]}"
20010929,2001-09-29,0.001390910124479933,0.001120224134121285,2.7068542468637456E-4,"{""type"":""MultiPoint"",""coordinates"":[]}"
20010930,2001-09-30,0.0015722649988054135,0.0011236241743260169,4.4864039204411325E-4,"{""type"":""MultiPoint"",""coordinates"":[]}"
20011001,2001-10-01,0.001657352665531552,0.001097549208535795,5.598035057975493E-4,"{""type"":""MultiPoint"",""coordinates"":[]}"
20011002,2001-10-02,0.0018548983480729854,0.0011702847298267819,6.846138428108544E-4,"{""type"":""MultiPoint"",""coordinates"":[]}"
20011003,2001-10-03,0.0022328016809686525,0.0013889655854448075,8.438357143982694E-4,"{""type"":""MultiPoint"",""coordinates"":[]}"
20011004,2001-10-04,0.0022606661621169207,0.001455220388827732,8.054456578519361E-4,"{""type"":""MultiPoint"",""coordinates"":[]}"
20011005,2001-10-05,0.0030087713156184137,0.0014072960489797182,0.0016014746342522992,"{""type"":""MultiPoint"",""coordinates"":[]}"
20011006,2001-10-06,0.002271981901621305,0.0013309566580587183,9.410248718467244E-4,"{""type"":""MultiPoint"",""coordinates"":[]}"
20011007,2001-10-07,0.0016847907767436937,0.0013008721000815676,3.839189080110715E-4,"{""type"":""MultiPoint"",""coordinates"":[]}"
20011008,2001-10-08,0.0014508922003419516,0.0011885869807660284,2.623045257542655E-4,"{""type"":""MultiPoint"",""coordinates"":[]}"
20011009,2001-10-09,0.001668355201546363,0.0011755698049419254,4.927849432115386E-4,"{""type"":""MultiPoint"",""coordinates"":[]}"
20011010,2001-10-10,0.0017079512690947284,0.0012040328885309253,5.039179401047722E-4,"{""type"":""MultiPoint"",""coordinates"":[]}"
20011011,2001-10-11,0.001579355051290937,0.0011865886330110632,3.9276643233618276E-4,"{""type"":""MultiPoint"",""coordinates"":[]}"
20011012,2001-10-12,0.0013217121699246926,0.0011018553319473601,2.198566492938815E-4,"{""type"":""MultiPoint"",""coordinates"":[]}"
20011013,2001-10-13,0.0013122235021918996,0.0010770659108679213,2.3515738018829016E-4,"{""type"":""MultiPoint"",""coordinates"":[]}"
20011014,2001-10-14,0.0013278162657774002,0.0010727070459908867,2.551091343331045E-4,"{""type"":""MultiPoint"",""coordinates"":[]}"
20011015,2001-10-15,0.0014404527043191525,0.0010911457126931848,3.493065560411668E-4,"{""type"":""MultiPoint"",""coordinates"":[]}"
20011016,2001-10-16,0.0018878315505198027,0.0011714937490003138,7.163371298516355E-4,"{""type"":""MultiPoint"",""coordinates"":[]}"
20011017,2001-10-17,0.001359252014710708,0.0010644524012296368,2.9479816217776707E-4,"{""type"":""MultiPoint"",""coordinates"":[]}"
20011018,2001-10-18,0.001437845105473034,0.0011093968104683883,3.2844818156989216E-4,"{""type"":""MultiPoint"",""coordinates"":[]}"
20011019,2001-10-19,0.00118148149034777,0.0010479665236717021,1.3351497125383294E-4,"{""type"":""MultiPoint"",""coordinates"":[]}"
20011020,2001-10-20,0.0010449759782312322,9.77569586700941E-4,6.74063216769753E-5,"{""type"":""MultiPoint"",""coordinates"":[]}"
20011021,2001-10-21,9.781872492032504E-4,9.350448606766293E-4,4.3141963400717626E-5,"{""type"":""MultiPoint"",""coordinates"":[]}"
20011022,2001-10-22,9.463318528187651E-4,9.034754582617467E-4,4.285548184387272E-5,"{""type"":""MultiPoint"",""coordinates"":[]}"
20011023,2001-10-23,9.0419752080071E-4,8.699487927018644E-4,3.4247969672741055E-5,"{""type"":""MultiPoint"",""coordinates"":[]}"
20011024,2001-10-24,9.643905172592653E-4,8.563339675776707E-4,1.080567675214393E-4,"{""type"":""MultiPoint"",""coordinates"":[]}"
20011025,2001-10-25,9.943150172995027E-4,8.576444537996627E-4,1.3666933226454467E-4,"{""type"":""MultiPoint"",""coordinates"":[]}"
20011026,2001-10-26,9.53304445423883E-4,8.3592640732324E-4,1.173766553015641E-4,"{""type"":""MultiPoint"",""coordinates"":[]}"
20011027,2001-10-27,0.001025650089894733,8.932582966141957E-4,1.3239165482712564E-4,"{""type"":""MultiPoint"",""coordinates"":[]}"
20011028,2001-10-28,9.111125031275562E-4,8.205156161452806E-4,9.059564878470709E-5,"{""type"":""MultiPoint"",""coordinates"":[]}"
20011029,2001-10-29,9.562282143831034E-4,8.26810066704049E-4,1.2941817986156115E-4,"{""type"":""MultiPoint"",""coordinates"":[]}"
20011030,2001-10-30,0.0010574226386061594,8.46256428828058E-4,2.1116549142697797E-4,"{""type"":""MultiPoint"",""coordinates"":[]}"
20011031,2001-10-31,0.001364273337635816,9.596704784864479E-4,4.0460226671602665E-4,"{""type"":""MultiPoint"",""coordinates"":[]}"
20011101,2001-11-01,0.001039195986776899,8.588540907324743E-4,1.8034177928905648E-4,"{""type"":""MultiPoint"",""coordinates"":[]}"
20011102,2001-11-02,8.539580060960019E-4,7.802957534023435E-4,7.36596592216141E-5,"{""type"":""MultiPoint"",""coordinates"":[]}"
20011103,2001-11-03,8.373929995005605E-4,7.58700145805053E-4,7.869215792002586E-5,"{""type"":""MultiPoint"",""coordinates"":[]}"
20011104,2001-11-04,8.668866313430128E-4,7.381192489704104E-4,1.2876451421599865E-4,"{""type"":""MultiPoint"",""coordinates"":[]}"
20011105,2001-11-05,8.375474157174704E-4,7.181242890498195E-4,1.1942313118101021E-4,"{""type"":""MultiPoint"",""coordinates"":[]}"
20011106,2001-11-06,7.775187667038513E-4,6.997468241439367E-4,7.777197955617888E-5,"{""type"":""MultiPoint"",""coordinates"":[]}"
20011107,2001-11-07,7.971683803431768E-4,6.892752662252453E-4,1.0789240303783842E-4,"{""type"":""MultiPoint"",""coordinates"":[]}"
20011108,2001-11-08,7.57633532946535E-4,6.680897645225657E-4,8.954365625767347E-5,"{""type"":""MultiPoint"",""coordinates"":[]}"
20011109,2001-11-09,7.289985055249624E-4,6.586071408899257E-4,7.03914836839578E-5,"{""type"":""MultiPoint"",""coordinates"":[]}"
20011110,2001-11-10,7.423019175783373E-4,6.456925989767006E-4,9.660951549074667E-5,"{""type"":""MultiPoint"",""coordinates"":[]}"
20011111,2001-11-11,7.812266814066879E-4,6.545356873426871E-4,1.2668971132037235E-4,"{""type"":""MultiPoint"",""coordinates"":[]}"
20011112,2001-11-12,7.772119507441232E-4,6.731212255571298E-4,1.0408961747169494E-4,"{""type"":""MultiPoint"",""coordinates"":[]}"
20011113,2001-11-13,6.402840855636344E-4,6.129982354717702E-4,2.7285081556916914E-5,"{""type"":""MultiPoint"",""coordinates"":[]}"
20011114,2001-11-14,6.651675128226438E-4,5.981681333019707E-4,6.699982459434142E-5,"{""type"":""MultiPoint"",""coordinates"":[]}"
20011115,2001-11-15,7.024850057483246E-4,5.98165394169891E-4,1.043189078942506E-4,"{""type"":""MultiPoint"",""coordinates"":[]}"
20011116,2001-11-16,6.889924502675688E-4,5.927668965591862E-4,9.622476888601369E-5,"{""type"":""MultiPoint"",""coordinates"":[]}"
20011117,2001-11-17,6.200994183447985E-4,5.646244679980948E-4,5.54747806503305E-5,"{""type"":""MultiPoint"",""coordinates"":[]}"
20011118,2001-11-18,6.208503300492816E-4,5.491026216960511E-4,7.174702543344603E-5,"{""type"":""MultiPoint"",""coordinates"":[]}"
20011119,2001-11-19,5.677418719658004E-4,5.357188726333364E-4,3.202200472595622E-5,"{""type"":""MultiPoint"",""coordinates"":[]}"
20011120,2001-11-20,5.43728192229767E-4,5.192891942109004E-4,2.443817698343429E-5,"{""type"":""MultiPoint"",""coordinates"":[]}"
20011121,2001-11-21,5.496841309220267E-4,5.062286174136826E-4,4.3455944853143435E-5,"{""type"":""MultiPoint"",""coordinates"":[]}"
20011122,2001-11-22,5.895721550268321E-4,5.145781792519801E-4,7.499311606859246E-5,"{""type"":""MultiPoint"",""coordinates"":[]}"
20011123,2001-11-23,5.782709332566441E-4,5.097534909604816E-4,6.851731037237085E-5,"{""type"":""MultiPoint"",""coordinates"":[]}"
20011124,2001-11-24,4.952193905059577E-4,4.82175985964299E-4,1.3042063790068308E-5,"{""type"":""MultiPoint"",""coordinates"":[]}"
20011125,2001-11-25,4.749234111680886E-4,4.658155382954184E-4,9.106852407274345E-6,"{""type"":""MultiPoint"",""coordinates"":[]}"
20011126,2001-11-26,4.714235294790601E-4,4.540425722951094E-4,1.738108812788113E-5,"{""type"":""MultiPoint"",""coordinates"":[]}"
20011127,2001-11-27,4.610339593221505E-4,4.428801416541911E-4,1.815432673839349E-5,"{""type"":""MultiPoint"",""coordinates"":[]}"
20011128,2001-11-28,4.478119513436906E-4,4.3162188589278326E-4,1.6189872629719047E-5,"{""type"":""MultiPoint"",""coordinates"":[]}"
20011129,2001-11-29,4.356063327854587E-4,4.215006054990178E-4,1.4104327635033352E-5,"{""type"":""MultiPoint"",""coordinates"":[]}"
20011130,2001-11-30,4.2364887138278564E-4,4.114701348143428E-4,1.217863971610046E-5,"{""type"":""MultiPoint"",""coordinates"":[]}"
20011201,2001-12-01,4.121474097467238E-4,4.011900138165371E-4,1.0957611744427713E-5,"{""type"":""MultiPoint"",""coordinates"":[]}"
20011202,2001-12-02,4.094615954720349E-4,3.919720599676988E-4,1.7488475011647044E-5,"{""type"":""MultiPoint"",""coordinates"":[]}"
20011203,2001-12-03,3.97617244904258E-4,3.8318573614645307E-4,1.4429657215492301E-5,"{""type"":""MultiPoint"",""coordinates"":[]}"
20011204,2001-12-04,3.934701522374387E-4,3.745133674349048E-4,1.8952704889365187E-5,"{""type"":""MultiPoint"",""coordinates"":[]}"
20011205,2001-12-05,3.985968462261175E-4,3.669325321811913E-4,3.166232782803327E-5,"{""type"":""MultiPoint"",""coordinates"":[]}"
20011206,2001-12-06,3.9608253150779044E-4,3.6208249536009534E-4,3.399850091854375E-5,"{""type"":""MultiPoint"",""coordinates"":[]}"
20011207,2001-12-07,3.855931141039406E-4,3.539545217474728E-4,3.163711253001904E-5,"{""type"":""MultiPoint"",""coordinates"":[]}"
20011208,2001-12-08,4.142403695356964E-4,3.471686523310027E-4,6.707404947178047E-5,"{""type"":""MultiPoint"",""coordinates"":[]}"
20011209,2001-12-09,3.696733177460199E-4,3.396659630045688E-4,3.0007430953783187E-5,"{""type"":""MultiPoint"",""coordinates"":[]}"
20011210,2001-12-10,3.487943732106434E-4,3.3285389342220474E-4,1.593834769715056E-5,"{""type"":""MultiPoint"",""coordinates"":[]}"
20011211,2001-12-11,3.3846378617563816E-4,3.2623757781154194E-4,1.2226185780589012E-5,"{""type"":""MultiPoint"",""coordinates"":[]}"
20011212,2001-12-12,3.319101015674298E-4,3.2020164938582245E-4,1.1708551107242905E-5,"{""type"":""MultiPoint"",""coordinates"":[]}"
20011213,2001-12-13,3.2413957279694766E-4,3.1331625462368185E-4,1.0820376377140029E-5,"{""type"":""MultiPoint"",""coordinates"":[]}"
20011214,2001-12-14,3.2116956672531837E-4,3.073389958430427E-4,1.383041613603405E-5,"{""type"":""MultiPoint"",""coordinates"":[]}"
20011215,2001-12-15,3.16104567924241E-4,3.0097112281458546E-4,1.513342724698305E-5,"{""type"":""MultiPoint"",""coordinates"":[]}"
20011216,2001-12-16,3.062471043156155E-4,2.9510383823674137E-4,1.1141765135021351E-5,"{""type"":""MultiPoint"",""coordinates"":[]}"
20011217,2001-12-17,3.0331108076754484E-4,2.8956157854981393E-4,1.3746499612214842E-5,"{""type"":""MultiPoint"",""coordinates"":[]}"
20011218,2001-12-18,3.0591741522534007E-4,2.846548875778694E-4,2.1261702342539686E-5,"{""type"":""MultiPoint"",""coordinates"":[]}"
20011219,2001-12-19,3.0560978947768514E-4,2.8227716602953376E-4,2.3329807235483403E-5,"{""type"":""MultiPoint"",""coordinates"":[]}"
20011220,2001-12-20,3.367014718393741E-4,2.8824098904988923E-4,4.846035135242805E-5,"{""type"":""MultiPoint"",""coordinates"":[]}"
20011221,2001-12-21,3.4118019437347886E-4,2.789534261612061E-4,6.222608221180179E-5,"{""type"":""MultiPoint"",""coordinates"":[]}"
20011222,2001-12-22,3.6530678431334E-4,2.814497384826693E-4,8.385557486033516E-5,"{""type"":""MultiPoint"",""coordinates"":[]}"
20011223,2001-12-23,3.4805834665525647E-4,2.812453986177064E-4,6.681133506113123E-5,"{""type"":""MultiPoint"",""coordinates"":[]}"
20011224,2001-12-24,3.0903182873721435E-4,2.648396304429486E-4,4.419221457726276E-5,"{""type"":""MultiPoint"",""coordinates"":[]}"
20011225,2001-12-25,2.801897169546846E-4,2.559682748165642E-4,2.422084103155908E-5,"{""type"":""MultiPoint"",""coordinates"":[]}"
20011226,2001-12-26,2.61421006627983E-4,2.5096495778740056E-4,1.0456329915624772E-5,"{""type"":""MultiPoint"",""coordinates"":[]}"
20011227,2001-12-27,2.6105397278591527E-4,2.482376042620392E-4,1.2814723720906276E-5,"{""type"":""MultiPoint"",""coordinates"":[]}"
20011228,2001-12-28,2.5327988007007305E-4,2.42586348830539E-4,1.0694181314557987E-5,"{""type"":""MultiPoint"",""coordinates"":[]}"
20011229,2001-12-29,2.510630654292139E-4,2.3926576587738363E-4,1.179767446047673E-5,"{""type"":""MultiPoint"",""coordinates"":[]}"
20011230,2001-12-30,2.558619691633363E-4,2.3827226066755388E-4,1.758926431151113E-5,"{""type"":""MultiPoint"",""coordinates"":[]}"
20011231,2001-12-31,2.4629701528270086E-4,2.328119295554655E-4,1.3483550609197365E-5,"{""type"":""MultiPoint"",""coordinates"":[]}"
20020101,2002-01-01,2.3435949803966326E-4,2.265665050941285E-4,7.792988164718362E-6,"{""type"":""MultiPoint"",""coordinates"":[]}"
20020102,2002-01-02,2.3152707394108186E-4,2.2267236513570288E-4,8.854658024198266E-6,"{""type"":""MultiPoint"",""coordinates"":[]}"
20020103,2002-01-03,2.265991997574441E-4,2.1851494737709108E-4,8.081576582784927E-6,"{""type"":""MultiPoint"",""coordinates"":[]}"
20020104,2002-01-04,2.4234622787266749E-4,2.188209025464694E-4,2.352377328355809E-5,"{""type"":""MultiPoint"",""coordinates"":[]}"
20020105,2002-01-05,2.3716541755567408E-4,2.1500881544739804E-4,2.215666353173963E-5,"{""type"":""MultiPoint"",""coordinates"":[]}"
20020106,2002-01-06,2.3603797458661134E-4,2.0756921540529747E-4,2.8468133767024214E-5,"{""type"":""MultiPoint"",""coordinates"":[]}"
20020107,2002-01-07,2.163876388099585E-4,2.0417693623384008E-4,1.2211005282339967E-5,"{""type"":""MultiPoint"",""coordinates"":[]}"
20020108,2002-01-08,2.1380266791086965E-4,2.0088537437614875E-4,1.2916832290151823E-5,"{""type"":""MultiPoint"",""coordinates"":[]}"
20020109,2002-01-09,2.1146722337275284E-4,1.9770589323684325E-4,1.3759322860611559E-5,"{""type"":""MultiPoint"",""coordinates"":[]}"
20020110,2002-01-10,2.0661393778128532E-4,1.9454726080841636E-4,1.2065392401773119E-5,"{""type"":""MultiPoint"",""coordinates"":[]}"
20020111,2002-01-11,2.0362054946196825E-4,1.9141339012089306E-4,1.2205296304448656E-5,"{""type"":""MultiPoint"",""coordinates"":[]}"
20020112,2002-01-12,2.027672765286714E-4,1.8830443990682365E-4,1.4463048500420972E-5,"{""type"":""MultiPoint"",""coordinates"":[]}"
20020113,2002-01-13,2.0972359952825778E-4,1.854237982789511E-4,2.4299770476364596E-5,"{""type"":""MultiPoint"",""coordinates"":[]}"
20020114,2002-01-14,2.0316549327928365E-4,1.828698888530106E-4,2.0295547981270174E-5,"{""type"":""MultiPoint"",""coordinates"":[]}"
20020115,2002-01-15,2.1565892918715593E-4,1.7969867953524402E-4,3.596033135549677E-5,"{""type"":""MultiPoint"",""coordinates"":[]}"
20020116,2002-01-16,2.0614959166765826E-4,1.7710947288626175E-4,2.9040252023796756E-5,"{""type"":""MultiPoint"",""coordinates"":[]}"
20020117,2002-01-17,2.114302739557485E-4,1.748397561692747E-4,3.659055998637406E-5,"{""type"":""MultiPoint"",""coordinates"":[]}"
20020118,2002-01-18,2.235997147799654E-4,1.7285876839755058E-4,5.074040899237795E-5,"{""type"":""MultiPoint"",""coordinates"":[]}"
20020119,2002-01-19,2.2877403059363762E-4,1.713646838365886E-4,5.7408675916151605E-5,"{""type"":""MultiPoint"",""coordinates"":[]}"
20020120,2002-01-20,2.5150902712412057E-4,1.7105621501425195E-4,8.045193813097402E-5,"{""type"":""MultiPoint"",""coordinates"":[]}"
20020121,2002-01-21,2.4645887881023624E-4,1.6952536094818726E-4,7.693348739343894E-5,"{""type"":""MultiPoint"",""coordinates"":[]}"
20020122,2002-01-22,2.353404396696439E-4,1.6745967550635163E-4,6.787988028057545E-5,"{""type"":""MultiPoint"",""coordinates"":[]}"
20020123,2002-01-23,2.4163664415042255E-4,1.6846725854347368E-4,7.316937299314531E-5,"{""type"":""MultiPoint"",""coordinates"":[]}"
20020124,2002-01-24,2.1662950790949742E-4,1.6731509271328653E-4,4.931379186603035E-5,"{""type"":""MultiPoint"",""coordinates"":[]}"
20020125,2002-01-25,1.8440811139735797E-4,1.6351538661741295E-4,2.0891665010966457E-5,"{""type"":""MultiPoint"",""coordinates"":[]}"
20020126,2002-01-26,1.7818431774945347E-4,1.6154783535672374E-4,1.6636783108255344E-5,"{""type"":""MultiPoint"",""coordinates"":[]}"
20020127,2002-01-27,1.9227374909162333E-4,1.6009848074394578E-4,3.2174051607735576E-5,"{""type"":""MultiPoint"",""coordinates"":[]}"
20020128,2002-01-28,2.1088573780749247E-4,1.603582676665036E-4,5.052519278544498E-5,"{""type"":""MultiPoint"",""coordinates"":[]}"
20020129,2002-01-29,1.9641207917752733E-4,1.5884940906716512E-4,3.756125180668983E-5,"{""type"":""MultiPoint"",""coordinates"":[]}"
20020130,2002-01-30,1.9344103942540918E-4,1.592699582597988E-4,3.417050678914278E-5,"{""type"":""MultiPoint"",""coordinates"":[]}"
20020131,2002-01-31,1.8727295319540032E-4,1.575300866581687E-4,2.974158540031974E-5,"{""type"":""MultiPoint"",""coordinates"":[]}"
20020201,2002-02-01,2.58503426472198E-4,1.617363055385415E-4,9.676531383563203E-5,"{""type"":""MultiPoint"",""coordinates"":[]}"
20020202,2002-02-02,1.9343047176469791E-4,1.5280684831058515E-4,4.062368564455204E-5,"{""type"":""MultiPoint"",""coordinates"":[]}"
20020203,2002-02-03,1.848106737519229E-4,1.5114198219383677E-4,3.366914060724646E-5,"{""type"":""MultiPoint"",""coordinates"":[]}"
20020204,2002-02-04,1.768085526925605E-4,1.496316865761219E-4,2.7177611072775677E-5,"{""type"":""MultiPoint"",""coordinates"":[]}"
20020205,2002-02-05,1.7400842265102203E-4,1.4642862040610313E-4,2.7579166928772957E-5,"{""type"":""MultiPoint"",""coordinates"":[]}"
20020206,2002-02-06,1.774096964052521E-4,1.4505087333052747E-4,3.235924725272423E-5,"{""type"":""MultiPoint"",""coordinates"":[]}"
20020207,2002-02-07,1.920560452705642E-4,1.4394802380916875E-4,4.8107376313699866E-5,"{""type"":""MultiPoint"",""coordinates"":[]}"
20020208,2002-02-08,2.2271155277969648E-4,1.4476700482967048E-4,7.794460150018603E-5,"{""type"":""MultiPoint"",""coordinates"":[]}"
20020209,2002-02-09,1.7959061078235225E-4,1.420500657684631E-4,3.7539559064868E-5,"{""type"":""MultiPoint"",""coordinates"":[]}"
20020210,2002-02-10,1.9943641257795473E-4,1.4061776881668387E-4,5.881813804979789E-5,"{""type"":""MultiPoint"",""coordinates"":[]}"
20020211,2002-02-11,3.06903743568121E-4,1.5563732597570831E-4,1.512658931937683E-4,"{""type"":""MultiPoint"",""coordinates"":[]}"
20020212,2002-02-12,1.817943439704044E-4,1.374434123985792E-4,4.435117872342398E-5,"{""type"":""MultiPoint"",""coordinates"":[]}"
20020213,2002-02-13,1.7509538446775947E-4,1.3660962714297394E-4,3.8484867689748976E-5,"{""type"":""MultiPoint"",""coordinates"":[]}"
20020214,2002-02-14,1.629456628058751E-4,1.3444316535333396E-4,2.850093130541027E-5,"{""type"":""MultiPoint"",""coordinates"":[]}"
20020215,2002-02-15,1.6401029099079466E-4,1.3289293638699565E-4,3.11165562939622E-5,"{""type"":""MultiPoint"",""coordinates"":[]}"
20020216,2002-02-16,1.6885037188724117E-4,1.3104736129427425E-4,3.780385429253737E-5,"{""type"":""MultiPoint"",""coordinates"":[]}"
20020217,2002-02-17,1.698553576272724E-4,1.294841813972227E-4,4.037104760917112E-5,"{""type"":""MultiPoint"",""coordinates"":[]}"
20020218,2002-02-18,1.642489567023211E-4,1.2762969523557306E-4,3.661781912231363E-5,"{""type"":""MultiPoint"",""coordinates"":[]}"
20020219,2002-02-19,1.6934379451919238E-4,1.2601736117577762E-4,4.332530960372798E-5,"{""type"":""MultiPoint"",""coordinates"":[]}"
20020220,2002-02-20,1.66132074469396E-4,1.2477398836903072E-4,4.135519435187719E-5,"{""type"":""MultiPoint"",""coordinates"":[]}"
20020221,2002-02-21,1.842741102357654E-4,1.2530101525939097E-4,5.897005793019781E-5,"{""type"":""MultiPoint"",""coordinates"":[]}"
20020222,2002-02-22,2.0820000471818853E-4,1.287598904451207E-4,7.943775150295532E-5,"{""type"":""MultiPoint"",""coordinates"":[]}"
20020223,2002-02-23,1.736306658661016E-4,1.2630993171119207E-4,4.732024446929975E-5,"{""type"":""MultiPoint"",""coordinates"":[]}"
20020224,2002-02-24,1.6104698836786875E-4,1.2134641543084001E-4,3.969818268115454E-5,"{""type"":""MultiPoint"",""coordinates"":[]}"
20020225,2002-02-25,2.0906740004302852E-4,1.2286530324478575E-4,8.620110845881347E-5,"{""type"":""MultiPoint"",""coordinates"":[]}"
20020226,2002-02-26,2.2173787490923627E-4,1.2535336477115824E-4,9.638400548070464E-5,"{""type"":""MultiPoint"",""coordinates"":[]}"
20020227,2002-02-27,1.8176222827164518E-4,1.2354151820316952E-4,5.8217385761300814E-5,"{""type"":""MultiPoint"",""coordinates"":[]}"
20020228,2002-02-28,1.6390711918741295E-4,1.2158944415765569E-4,4.231767947674252E-5,"{""type"":""MultiPoint"",""coordinates"":[]}"
20020301,2002-03-01,1.927541989571555E-4,1.3045803880347128E-4,6.229600367240514E-5,"{""type"":""MultiPoint"",""coordinates"":[]}"
20020302,2002-03-02,2.636869205313513E-4,1.5053018895362104E-4,1.1315568075434609E-4,"{""type"":""MultiPoint"",""coordinates"":[]}"
20020303,2002-03-03,2.2682863771322608E-4,1.2323031679508916E-4,1.0359782529485512E-4,"{""type"":""MultiPoint"",""coordinates"":[]}"
20020304,2002-03-04,1.9689894195980883E-4,1.2600701261599633E-4,7.089129392638607E-5,"{""type"":""MultiPoint"",""coordinates"":[]}"
20020305,2002-03-05,1.963961320057228E-4,1.2759001655589597E-4,6.880475911240081E-5,"{""type"":""MultiPoint"",""coordinates"":[]}"
20020306,2002-03-06,1.8189468800043106E-4,1.2825724365827908E-4,5.363555902438337E-5,"{""type"":""MultiPoint"",""coordinates"":[]}"
20020307,2002-03-07,1.6769729906967925E-4,1.2718131658665517E-4,4.0515110094621077E-5,"{""type"":""MultiPoint"",""coordinates"":[]}"
20020308,2002-03-08,1.66728317881483E-4,1.2234530546257951E-4,4.438213213900664E-5,"{""type"":""MultiPoint"",""coordinates"":[]}"
20020309,2002-03-09,1.9891492736198038E-4,1.276828314660081E-4,7.123272451730315E-5,"{""type"":""MultiPoint"",""coordinates"":[]}"
20020310,2002-03-10,1.8772723826737764E-4,1.265434842931787E-4,6.118304426188036E-5,"{""type"":""MultiPoint"",""coordinates"":[]}"
20020311,2002-03-11,1.946109596203136E-4,1.2122252723565865E-4,7.338685012463798E-5,"{""type"":""MultiPoint"",""coordinates"":[]}"
20020312,2002-03-12,1.8363973127349636E-4,1.2053336393018898E-4,6.310457250067326E-5,"{""type"":""MultiPoint"",""coordinates"":[]}"
20020313,2002-03-13,2.068663609444289E-4,1.2164436513663335E-4,8.522129506565313E-5,"{""type"":""MultiPoint"",""coordinates"":[]}"
20020314,2002-03-14,2.68288657631799E-4,1.275493717515585E-4,1.4073862299327628E-4,"{""type"":""MultiPoint"",""coordinates"":[]}"
20020315,2002-03-15,2.4032206579526936E-4,1.28674413712826E-4,1.1164754588282795E-4,"{""type"":""MultiPoint"",""coordinates"":[]}"
20020316,2002-03-16,2.193417554143962E-4,1.3045217780554427E-4,8.888834759531002E-5,"{""type"":""MultiPoint"",""coordinates"":[]}"
20020317,2002-03-17,1.816761762725027E-4,1.2656625140454556E-4,5.510800016695839E-5,"{""type"":""MultiPoint"",""coordinates"":[]}"
20020318,2002-03-18,1.873583005236158E-4,1.2422844868833886E-4,6.312914665499963E-5,"{""type"":""MultiPoint"",""coordinates"":[]}"
20020319,2002-03-19,1.9311079225100506E-4,1.2233782869368822E-4,7.07713764211031E-5,"{""type"":""MultiPoint"",""coordinates"":[]}"
20020320,2002-03-20,2.049977727564134E-4,1.2046989462256163E-4,8.452706720529395E-5,"{""type"":""MultiPoint"",""coordinates"":[]}"
20020321,2002-03-21,2.4005874610492377E-4,1.2104961757390929E-4,1.1900842514723028E-4,"{""type"":""MultiPoint"",""coordinates"":[]}"
20020322,2002-03-22,2.942292948030085E-4,1.2409989902147973E-4,1.7012835360973068E-4,"{""type"":""MultiPoint"",""coordinates"":[]}"
20020323,2002-03-23,2.7370505627170004E-4,1.2681003868922957E-4,1.4689346182147136E-4,"{""type"":""MultiPoint"",""coordinates"":[]}"
20020324,2002-03-24,3.784935089549559E-4,1.3653276531775538E-4,2.4195977280006296E-4,"{""type"":""MultiPoint"",""coordinates"":[]}"
20020325,2002-03-25,3.1204786610031335E-4,1.3858179270632184E-4,1.734655209894175E-4,"{""type"":""MultiPoint"",""coordinates"":[]}"
20020326,2002-03-26,3.525270269597627E-4,1.4977718649490196E-4,2.0274980706994265E-4,"{""type"":""MultiPoint"",""coordinates"":[]}"
20020327,2002-03-27,3.9820789972171573E-4,1.5409346030425213E-4,2.4411394624407974E-4,"{""type"":""MultiPoint"",""coordinates"":[]}"
20020328,2002-03-28,3.813420951890255E-4,1.604133531819737E-4,2.2092771427750915E-4,"{""type"":""MultiPoint"",""coordinates"":[]}"
20020329,2002-03-29,3.182404926954259E-4,1.549840278699235E-4,1.632553050669547E-4,"{""type"":""MultiPoint"",""coordinates"":[]}"
20020330,2002-03-30,2.5634537878501307E-4,1.4090219713572367E-4,1.1544311453889655E-4,"{""type"":""MultiPoint"",""coordinates"":[]}"
20020331,2002-03-31,2.738652962886961E-4,1.374325028372106E-4,1.3643234701496014E-4,"{""type"":""MultiPoint"",""coordinates"":[]}"
20020401,2002-04-01,3.194030652669094E-4,1.3878766603344178E-4,1.8061480911137778E-4,"{""type"":""MultiPoint"",""coordinates"":[]}"
20020402,2002-04-02,4.059028114561154E-4,1.5920331818915099E-4,2.4669896485202076E-4,"{""type"":""MultiPoint"",""coordinates"":[]}"
20020403,2002-04-03,3.8811172117547585E-4,1.6233961847546342E-4,2.2577202859391392E-4,"{""type"":""MultiPoint"",""coordinates"":[]}"
20020404,2002-04-04,2.239491242626842E-4,1.3913618862011344E-4,8.481203460220947E-5,"{""type"":""MultiPoint"",""coordinates"":[]}"
20020405,2002-04-05,2.444369229056423E-4,1.3308839958829207E-4,1.1134776219257052E-4,"{""type"":""MultiPoint"",""coordinates"":[]}"
20020406,2002-04-06,2.807547806460943E-4,1.3233498052300235E-4,1.4841969409358757E-4,"{""type"":""MultiPoint"",""coordinates"":[]}"
20020407,2002-04-07,3.088649168286395E-4,1.3398651546990862E-4,1.7487815892895076E-4,"{""type"":""MultiPoint"",""coordinates"":[]}"
20020408,2002-04-08,3.8560934969409023E-4,1.3296851492186976E-4,2.526405810605185E-4,"{""type"":""MultiPoint"",""coordinates"":[]}"
20020409,2002-04-09,7.013676563682228E-4,1.8032302196025238E-4,5.210440154421778E-4,"{""type"":""MultiPoint"",""coordinates"":[]}"
20020410,2002-04-10,6.594205513082665E-4,1.7236619720425154E-4,4.8705430616703704E-4,"{""type"":""MultiPoint"",""coordinates"":[]}"
20020411,2002-04-11,3.9643122375691066E-4,1.7616510488064973E-4,2.2026606677450432E-4,"{""type"":""MultiPoint"",""coordinates"":[]}"
20020412,2002-04-12,2.974000719554092E-4,1.5197251744207636E-4,1.454275233790271E-4,"{""type"":""MultiPoint"",""coordinates"":[]}"
20020413,2002-04-13,2.7784153027489206E-4,1.4587224671362917E-4,1.3196878875363052E-4,"{""type"":""MultiPoint"",""coordinates"":[]}"
20020414,2002-04-14,3.420649902904769E-4,1.4452333011640215E-4,1.9754114909131148E-4,"{""type"":""MultiPoint"",""coordinates"":[]}"
20020415,2002-04-15,3.936111876233084E-4,1.4024365466590267E-4,2.533674857175886E-4,"{""type"":""MultiPoint"",""coordinates"":[]}"
20020416,2002-04-16,5.827500995172932E-4,1.9285042562542995E-4,3.898991784047687E-4,"{""type"":""MultiPoint"",""coordinates"":[]}"
20020417,2002-04-17,5.814885832348533E-4,1.895352242753436E-4,3.9195237170761265E-4,"{""type"":""MultiPoint"",""coordinates"":[]}"
20020418,2002-04-18,0.0010952435938451617,2.5334708270821713E-4,8.418966713596881E-4,"{""type"":""MultiPoint"",""coordinates"":[]}"
20020419,2002-04-19,7.707906756090943E-4,2.7716492141045764E-4,4.936240343097073E-4,"{""type"":""MultiPoint"",""coordinates"":[]}"
20020420,2002-04-20,4.013328083541114E-4,1.9091469376201906E-4,2.1041750312889696E-4,"{""type"":""MultiPoint"",""coordinates"":[]}"
20020421,2002-04-21,5.540894343345873E-4,1.9519731461343096E-4,3.5889174464043207E-4,"{""type"":""MultiPoint"",""coordinates"":[]}"
20020422,2002-04-22,6.157142273545895E-4,2.0434388527289856E-4,4.1136958150018624E-4,"{""type"":""MultiPoint"",""coordinates"":[]}"
20020423,2002-04-23,5.822802245633447E-4,1.7555329933243696E-4,4.0672635019120237E-4,"{""type"":""MultiPoint"",""coordinates"":[]}"
20020424,2002-04-24,6.72266674432404E-4,2.017928772726173E-4,4.70473021587344E-4,"{""type"":""MultiPoint"",""coordinates"":[]}"
20020425,2002-04-25,7.327148290922027E-4,2.3109277166367707E-4,5.01622034046085E-4,"{""type"":""MultiPoint"",""coordinates"":[]}"
20020426,2002-04-26,8.125176483996659E-4,2.6049515041366754E-4,5.520217683854044E-4,"{""type"":""MultiPoint"",""coordinates"":[]}"
20020427,2002-04-27,6.739625812328287E-4,2.617694585569977E-4,4.121925920651724E-4,"{""type"":""MultiPoint"",""coordinates"":[]}"
20020428,2002-04-28,5.5956820165987E-4,2.813870817555476E-4,2.7818104896593245E-4,"{""type"":""MultiPoint"",""coordinates"":[]}"
20020429,2002-04-29,7.491434564523118E-4,3.28407049295817E-4,4.207353495670051E-4,"{""type"":""MultiPoint"",""coordinates"":[]}"
20020430,2002-04-30,7.564879189009712E-4,3.4807844970624483E-4,4.084086830979968E-4,"{""type"":""MultiPoint"",""coordinates"":[]}"
20020501,2002-05-01,4.913278431213301E-4,2.858509966321646E-4,2.0547500704884777E-4,"{""type"":""MultiPoint"",""coordinates"":[]}"
20020502,2002-05-02,6.227182701947593E-4,3.095449749588175E-4,3.1317310678455E-4,"{""type"":""MultiPoint"",""coordinates"":[]}"
20020503,2002-05-03,7.791256061550342E-4,3.571191897513121E-4,4.2200580146897776E-4,"{""type"":""MultiPoint"",""coordinates"":[]}"
20020504,2002-05-04,5.930433556945689E-4,3.3399375111731487E-4,2.590487802354679E-4,"{""type"":""MultiPoint"",""coordinates"":[]}"
20020505,2002-05-05,5.888803084133303E-4,2.902591280383402E-4,2.9862122867087303E-4,"{""type"":""MultiPoint"",""coordinates"":[]}"
20020506,2002-05-06,9.099154287185266E-4,4.2158135396291494E-4,4.88334052254701E-4,"{""type"":""MultiPoint"",""coordinates"":[]}"
20020507,2002-05-07,6.238184649921965E-4,2.8803435329953877E-4,3.357835376495293E-4,"{""type"":""MultiPoint"",""coordinates"":[]}"
20020508,2002-05-08,7.265450467352601E-4,2.643668176005185E-4,4.621775151455497E-4,"{""type"":""MultiPoint"",""coordinates"":[]}"
20020509,2002-05-09,6.563744603182032E-4,2.4469518568283387E-4,4.11678236468563E-4,"{""type"":""MultiPoint"",""coordinates"":[]}"
20020510,2002-05-10,7.737819754057816E-4,2.5801633514682464E-4,5.157656401684924E-4,"{""type"":""MultiPoint"",""coordinates"":[]}"
20020511,2002-05-11,0.0011719696821893882,3.8623189669139926E-4,7.857378281492251E-4,"{""type"":""MultiPoint"",""coordinates"":[]}"
20020512,2002-05-12,8.746719814305291E-4,3.486922914358982E-4,5.259789631113935E-4,"{""type"":""MultiPoint"",""coordinates"":[]}"
20020513,2002-05-13,5.756546572294321E-4,2.429466739622527E-4,3.327079113390959E-4,"{""type"":""MultiPoint"",""coordinates"":[]}"
20020514,2002-05-14,8.502724755480478E-4,2.535564948248701E-4,5.9671569691652E-4,"{""type"":""MultiPoint"",""coordinates"":[]}"
20020515,2002-05-15,9.14836269480263E-4,2.5741161871968197E-4,6.574243463409543E-4,"{""type"":""MultiPoint"",""coordinates"":[]}"
20020516,2002-05-16,8.344125283006094E-4,2.513172028513878E-4,5.830951263216232E-4,"{""type"":""MultiPoint"",""coordinates"":[]}"
20020517,2002-05-17,0.001227431569772916,3.7749391234271604E-4,8.499369222287126E-4,"{""type"":""MultiPoint"",""coordinates"":[]}"
20020518,2002-05-18,0.00219285264845451,6.803633214725502E-4,0.0015124892204067218,"{""type"":""MultiPoint"",""coordinates"":[]}"
20020519,2002-05-19,0.0016853596844781024,4.7302578800775266E-4,0.0012123339811095843,"{""type"":""MultiPoint"",""coordinates"":[]}"
20020520,2002-05-20,0.0015877885610720247,4.514635232461127E-4,0.0011363244673452898,"{""type"":""MultiPoint"",""coordinates"":[]}"
20020521,2002-05-21,0.0018006003711881005,5.531715219209591E-4,0.0012474280863694666,"{""type"":""MultiPoint"",""coordinates"":[]}"
20020522,2002-05-22,0.001356649769829485,5.942439002596028E-4,7.624046580045704E-4,"{""type"":""MultiPoint"",""coordinates"":[]}"
20020523,2002-05-23,9.110834564337786E-4,4.7042869559161084E-4,4.406542044326029E-4,"{""type"":""MultiPoint"",""coordinates"":[]}"
20020524,2002-05-24,8.951912491318977E-4,4.0649312487882496E-4,4.886978641597386E-4,"{""type"":""MultiPoint"",""coordinates"":[]}"
20020525,2002-05-25,0.0011617201545444204,4.7898116572349934E-4,6.827386512404013E-4,"{""type"":""MultiPoint"",""coordinates"":[]}"
20020526,2002-05-26,0.0017025768800200515,7.878574740787176E-4,9.147189233905667E-4,"{""type"":""MultiPoint"",""coordinates"":[]}"
20020527,2002-05-27,0.0015796191460281511,7.110217794874093E-4,8.685968977606328E-4,"{""type"":""MultiPoint"",""coordinates"":[]}"
20020528,2002-05-28,0.0013987409936335581,6.634939484600021E-4,7.352470272941681E-4,"{""type"":""MultiPoint"",""coordinates"":[]}"
20020529,2002-05-29,9.902644168363808E-4,4.6728623888496294E-4,5.229780708801043E-4,"{""type"":""MultiPoint"",""coordinates"":[]}"
20020530,2002-05-30,0.0010445737950439957,4.3637616679477546E-4,6.081976407307714E-4,"{""type"":""MultiPoint"",""coordinates"":[]}"
20020531,2002-05-31,0.0010704688871933518,4.2412159931655674E-4,6.463472505285102E-4,"{""type"":""MultiPoint"",""coordinates"":[]}"
20020601,2002-06-01,0.0010976799467443538,4.124331054767558E-4,6.852467992609162E-4,"{""type"":""MultiPoint"",""coordinates"":[]}"
20020602,2002-06-02,0.0011380672068975219,4.0224069638360513E-4,7.358264404005175E-4,"{""type"":""MultiPoint"",""coordinates"":[]}"
20020603,2002-06-03,0.0012411600723452956,4.0239782729802146E-4,8.387621136647915E-4,"{""type"":""MultiPoint"",""coordinates"":[]}"
20020604,2002-06-04,0.0013663926179990193,4.253165999107021E-4,9.410759447098636E-4,"{""type"":""MultiPoint"",""coordinates"":[]}"
20020605,2002-06-05,0.001447363467972624,4.490427962059614E-4,9.98320449712878E-4,"{""type"":""MultiPoint"",""coordinates"":[]}"
20020606,2002-06-06,0.0014349928993328807,4.606600131828531E-4,9.743326925707121E-4,"{""type"":""MultiPoint"",""coordinates"":[]}"
20020607,2002-06-07,0.0015899495759029057,5.319035071841888E-4,0.0010580457895758644,"{""type"":""MultiPoint"",""coordinates"":[]}"
20020608,2002-06-08,0.0013708163547840127,5.154013818490536E-4,8.554149085163573E-4,"{""type"":""MultiPoint"",""coordinates"":[]}"
20020609,2002-06-09,0.001395616859843505,4.885186710266173E-4,9.070980179277675E-4,"{""type"":""MultiPoint"",""coordinates"":[]}"
20020610,2002-06-10,0.001768781607236845,5.505802313079364E-4,0.0012182012388585132,"{""type"":""MultiPoint"",""coordinates"":[]}"
20020611,2002-06-11,0.0019363763663216803,6.763340500399612E-4,0.0012600422640324687,"{""type"":""MultiPoint"",""coordinates"":[]}"
20020612,2002-06-12,0.0022351304460462196,8.034783634067417E-4,0.001431651554733887,"{""type"":""MultiPoint"",""coordinates"":[]}"
20020613,2002-06-13,0.0034447793117122123,0.001431063910733505,0.00201371544221153,"{""type"":""MultiPoint"",""coordinates"":[]}"
20020614,2002-06-14,0.003311201384626871,0.001505300827824715,0.0018059006788118009,"{""type"":""MultiPoint"",""coordinates"":[]}"
20020615,2002-06-15,0.002856490436022649,0.0014154747412424003,0.0014410155706383145,"{""type"":""MultiPoint"",""coordinates"":[]}"
20020616,2002-06-16,0.002455254603991862,0.001215756830948599,0.0012394976771457065,"{""type"":""MultiPoint"",""coordinates"":[]}"
20020617,2002-06-17,0.002176156081708475,0.0010275192330930743,0.0011486367035438711,"{""type"":""MultiPoint"",""coordinates"":[]}"
20020618,2002-06-18,0.0024426961527200673,0.0010127669627517895,0.001429929095354915,"{""type"":""MultiPoint"",""coordinates"":[]}"
20020619,2002-06-19,0.0027058078848170787,0.001164228404285606,0.001541579388880798,"{""type"":""MultiPoint"",""coordinates"":[]}"
20020620,2002-06-20,0.0026069230368721235,0.0012363204202690214,0.001370602463791999,"{""type"":""MultiPoint"",""coordinates"":[]}"
20020621,2002-06-21,0.0026852893858458388,0.0013354772396434475,0.0013498120287016818,"{""type"":""MultiPoint"",""coordinates"":[]}"
20020622,2002-06-22,0.0030017739988306112,0.0014108237308589975,0.001590949859518094,"{""type"":""MultiPoint"",""coordinates"":[]}"
20020623,2002-06-23,0.003209493683494925,0.0015415062676350012,0.0016679873084646131,"{""type"":""MultiPoint"",""coordinates"":[]}"
20020624,2002-06-24,0.0032689397143125763,0.0015613525401374931,0.0017075871372358527,"{""type"":""MultiPoint"",""coordinates"":[]}"
20020625,2002-06-25,0.002874341037111512,0.001414564460673803,0.0014597765121125204,"{""type"":""MultiPoint"",""coordinates"":[]}"
20020626,2002-06-26,0.0028982363114608543,0.0013182233004130036,0.0015800129313944522,"{""type"":""MultiPoint"",""coordinates"":[]}"
20020627,2002-06-27,0.0027283846740925686,0.001229629081187399,0.0014987553709079234,"{""type"":""MultiPoint"",""coordinates"":[]}"
20020628,2002-06-28,0.0022478073870268243,0.0010509725353822059,0.0011968346773611406,"{""type"":""MultiPoint"",""coordinates"":[]}"
20020629,2002-06-29,0.002493055115944933,0.0010827321000447991,0.0014103229567417053,"{""type"":""MultiPoint"",""coordinates"":[]}"
20020630,2002-06-30,0.002921766186929719,0.0012977579872473631,0.0016240080242985624,"{""type"":""MultiPoint"",""coordinates"":[]}"
20020701,2002-07-01,0.003316066310161534,0.0014617865499355074,0.0018542794714768022,"{""type"":""MultiPoint"",""coordinates"":[]}"
20020702,2002-07-02,0.0035468332911171973,0.0017881814574847307,0.0017586516399277807,"{""type"":""MultiPoint"",""coordinates"":[]}"
20020703,2002-07-03,0.0034248136529247426,0.001852362510618949,0.0015724510891307617,"{""type"":""MultiPoint"",""coordinates"":[]}"
20020704,2002-07-04,0.0035395147912695387,0.001790358617537807,0.0017491559090139284,"{""type"":""MultiPoint"",""coordinates"":[]}"
20020705,2002-07-05,0.002745250848493494,0.0016293593988472403,0.0011158913599144985,"{""type"":""MultiPoint"",""coordinates"":[]}"
20020706,2002-07-06,0.0023630492305292397,0.0014346726309257306,9.283765884553136E-4,"{""type"":""MultiPoint"",""coordinates"":[]}"
20020707,2002-07-07,0.0025992537218902287,0.001623913566514721,9.753401938639338E-4,"{""type"":""MultiPoint"",""coordinates"":[]}"
20020708,2002-07-08,0.0029299321608761398,0.0017502846636435778,0.0011796474160624224,"{""type"":""MultiPoint"",""coordinates"":[]}"
20020709,2002-07-09,0.0029295818726602623,0.0016747960103564964,0.0012547853312978195,"{""type"":""MultiPoint"",""coordinates"":[]}"
20020710,2002-07-10,0.0031459372126825084,0.0017590041729445196,0.0013869330395767261,"{""type"":""MultiPoint"",""coordinates"":[]}"
20020711,2002-07-11,0.0031941925276393157,0.001801800440356875,0.0013923918427095536,"{""type"":""MultiPoint"",""coordinates"":[]}"
20020712,2002-07-12,0.0028564304242375566,0.001792682962772087,0.0010637472931363796,"{""type"":""MultiPoint"",""coordinates"":[]}"
20020713,2002-07-13,0.002733485695461058,0.0018217353817710097,9.117502639344514E-4,"{""type"":""MultiPoint"",""coordinates"":[]}"
20020714,2002-07-14,0.002645879959510164,0.0015838026405177157,0.0010620771732394905,"{""type"":""MultiPoint"",""coordinates"":[]}"
20020715,2002-07-15,0.0022627649434556903,0.0014024025781258934,8.60362379873333E-4,"{""type"":""MultiPoint"",""coordinates"":[]}"
20020716,2002-07-16,0.0019755348981667083,0.0013185696159158428,6.569651713530294E-4,"{""type"":""MultiPoint"",""coordinates"":[]}"
20020717,2002-07-17,0.002091522151835656,0.0012867595682132735,8.047625171349112E-4,"{""type"":""MultiPoint"",""coordinates"":[]}"
20020718,2002-07-18,0.002429695683345907,0.0013748903181242565,0.0010548052806473136,"{""type"":""MultiPoint"",""coordinates"":[]}"
20020719,2002-07-19,0.003147590574934302,0.0016010745516459313,0.0015465158060965272,"{""type"":""MultiPoint"",""coordinates"":[]}"
20020720,2002-07-20,0.004826091693868675,0.0019894889370057644,0.00283660274165515,"{""type"":""MultiPoint"",""coordinates"":[]}"
20020721,2002-07-21,0.00596458642835561,0.0023609636998057136,0.003603622582403627,"{""type"":""MultiPoint"",""coordinates"":[]}"
20020722,2002-07-22,0.005578000083376352,0.0026634052538655976,0.002914594751370656,"{""type"":""MultiPoint"",""coordinates"":[]}"
20020723,2002-07-23,0.0044993255066565025,0.0026249020725681803,0.0018744233771821493,"{""type"":""MultiPoint"",""coordinates"":[]}"
20020724,2002-07-24,0.0033332112994240663,0.002004836544250628,0.0013283744419670257,"{""type"":""MultiPoint"",""coordinates"":[]}"
20020725,2002-07-25,0.0026371194321024635,0.0017700076168739602,8.671116471919442E-4,"{""type"":""MultiPoint"",""coordinates"":[]}"
20020726,2002-07-26,0.0026872929115363702,0.0017007771408218495,9.865155922038217E-4,"{""type"":""MultiPoint"",""coordinates"":[]}"
20020727,2002-07-27,0.0032983712451235894,0.0017970295701034806,0.001501341563866128,"{""type"":""MultiPoint"",""coordinates"":[]}"
20020728,2002-07-28,0.0028988480110110275,0.0018250271363146851,0.0010738205184847027,"{""type"":""MultiPoint"",""coordinates"":[]}"
20020729,2002-07-29,0.0025500828401411094,0.0016945702086803612,8.555121086535793E-4,"{""type"":""MultiPoint"",""coordinates"":[]}"
20020730,2002-07-30,0.0026159245355317834,0.0017938194114711307,8.221050185154258E-4,"{""type"":""MultiPoint"",""coordinates"":[]}"
20020731,2002-07-31,0.0024471712959452043,0.001699859808366406,7.473114419555292E-4,"{""type"":""MultiPoint"",""coordinates"":[]}"
20020801,2002-08-01,0.0024376946707294674,0.0016426495412982893,7.950449756849557E-4,"{""type"":""MultiPoint"",""coordinates"":[]}"
20020802,2002-08-02,0.002892112267123948,0.0018090208186170307,0.001083091643366,"{""type"":""MultiPoint"",""coordinates"":[]}"
20020803,2002-08-03,0.002828374840891939,0.0017751722914930272,0.0010532023863688387,"{""type"":""MultiPoint"",""coordinates"":[]}"
20020804,2002-08-04,0.002406439919179168,0.001657933488506807,7.485066172741642E-4,"{""type"":""MultiPoint"",""coordinates"":[]}"
20020805,2002-08-05,0.0022702548448018385,0.0015693151556477327,7.009395001815612E-4,"{""type"":""MultiPoint"",""coordinates"":[]}"
20020806,2002-08-06,0.0023012629377219974,0.0016357775500755773,6.654853203496914E-4,"{""type"":""MultiPoint"",""coordinates"":[]}"
20020807,2002-08-07,0.0024562566412955253,0.001667213610818028,7.890428260248251E-4,"{""type"":""MultiPoint"",""coordinates"":[]}"
20020808,2002-08-08,0.0026359617316766846,0.0017734390176503266,8.625228006961127E-4,"{""type"":""MultiPoint"",""coordinates"":[]}"
20020809,2002-08-09,0.003113684577675738,0.0019506611835795411,0.0011630233125563313,"{""type"":""MultiPoint"",""coordinates"":[]}"
20020810,2002-08-10,0.004297977589296631,0.0022005461209487626,0.002097431402194232,"{""type"":""MultiPoint"",""coordinates"":[]}"
20020811,2002-08-11,0.005670116292002171,0.002819401078859401,0.002850715002298142,"{""type"":""MultiPoint"",""coordinates"":[]}"
20020812,2002-08-12,0.005311736307183412,0.0027948869406427238,0.0025168490646520843,"{""type"":""MultiPoint"",""coordinates"":[]}"
20020813,2002-08-13,0.004645361280537271,0.0026444558035928294,0.0020009055292998876,"{""type"":""MultiPoint"",""coordinates"":[]}"
20020814,2002-08-14,0.0036856505777208733,0.002282611181748598,0.0014030393691325444,"{""type"":""MultiPoint"",""coordinates"":[]}"
20020815,2002-08-15,0.0035056250511285646,0.002211828265759322,0.001293796743489898,"{""type"":""MultiPoint"",""coordinates"":[]}"
20020816,2002-08-16,0.003517223265174242,0.002265515286567059,0.0012517077707104951,"{""type"":""MultiPoint"",""coordinates"":[]}"
20020817,2002-08-17,0.003424479411032952,0.0022364816839142636,0.0011879976854999208,"{""type"":""MultiPoint"",""coordinates"":[]}"
20020818,2002-08-18,0.0033260379876118105,0.0021248567837157646,0.001201181342962056,"{""type"":""MultiPoint"",""coordinates"":[]}"
20020819,2002-08-19,0.0030526570637124583,0.001904308707838812,0.001148348345271679,"{""type"":""MultiPoint"",""coordinates"":[]}"
20020820,2002-08-20,0.0033815894413985,0.001958828171229191,0.0014227611401388673,"{""type"":""MultiPoint"",""coordinates"":[]}"
20020821,2002-08-21,0.003291126878380777,0.0019785117449762197,0.0013126151001084598,"{""type"":""MultiPoint"",""coordinates"":[]}"
20020822,2002-08-22,0.0030830003033865904,0.0018610158541294533,0.0012219844995456823,"{""type"":""MultiPoint"",""coordinates"":[]}"
20020823,2002-08-23,0.0032147529091812823,0.0017824993320413654,0.0014322534437436294,"{""type"":""MultiPoint"",""coordinates"":[]}"
20020824,2002-08-24,0.003039632364017311,0.0019147135939296268,0.0011249187666726732,"{""type"":""MultiPoint"",""coordinates"":[]}"
20020825,2002-08-25,0.0026767830019656393,0.0018059650081477198,8.708180663030428E-4,"{""type"":""MultiPoint"",""coordinates"":[]}"
20020826,2002-08-26,0.0020988854646556555,0.00150228809490854,5.96597379842683E-4,"{""type"":""MultiPoint"",""coordinates"":[]}"
20020827,2002-08-27,0.0018716205467717891,0.0014050546399816007,4.665658986179626E-4,"{""type"":""MultiPoint"",""coordinates"":[]}"
20020828,2002-08-28,0.0020346210220280737,0.0014143224210671592,6.20298407749847E-4,"{""type"":""MultiPoint"",""coordinates"":[]}"
20020829,2002-08-29,0.002409066549421628,0.0014435361021950133,9.655305749182726E-4,"{""type"":""MultiPoint"",""coordinates"":[]}"
20020830,2002-08-30,0.0022127605509275586,0.0014340073023822702,7.7875316654573E-4,"{""type"":""MultiPoint"",""coordinates"":[]}"
20020831,2002-08-31,0.0018999197561591703,0.0013561694912006702,5.4375010822648E-4,"{""type"":""MultiPoint"",""coordinates"":[]}"
20020901,2002-09-01,0.0021118322169262358,0.0014135738962158322,6.98258311405905E-4,"{""type"":""MultiPoint"",""coordinates"":[]}"
20020902,2002-09-02,0.0019043031523559104,0.0013277510152237527,5.765520980257256E-4,"{""type"":""MultiPoint"",""coordinates"":[]}"
20020903,2002-09-03,0.0023338542424757957,0.001456740618769401,8.771134973510451E-4,"{""type"":""MultiPoint"",""coordinates"":[]}"
20020904,2002-09-04,0.0025709062388181354,0.0015219900573236293,0.0010489161207755786,"{""type"":""MultiPoint"",""coordinates"":[]}"
20020905,2002-09-05,0.002646686862346769,0.0016658930054328528,9.807937932765475E-4,"{""type"":""MultiPoint"",""coordinates"":[]}"
20020906,2002-09-06,0.0030139264983770177,0.0019216352944016136,0.0010922910361123982,"{""type"":""MultiPoint"",""coordinates"":[]}"
20020907,2002-09-07,0.0030491338054420224,0.0019565606751547953,0.0010925731215333768,"{""type"":""MultiPoint"",""coordinates"":[]}"
20020908,2002-09-08,0.0027631047048012284,0.0018364565233296342,9.266481165770712E-4,"{""type"":""MultiPoint"",""coordinates"":[]}"
20020909,2002-09-09,0.0022660728594150778,0.0016431100536070623,6.229626999378067E-4,"{""type"":""MultiPoint"",""coordinates"":[]}"
20020910,2002-09-10,0.002296284317958103,0.0015842148952994039,7.120693567577691E-4,"{""type"":""MultiPoint"",""coordinates"":[]}"
20020911,2002-09-11,0.0023438990132495187,0.0016059812494164294,7.37917480563808E-4,"{""type"":""MultiPoint"",""coordinates"":[]}"
20020912,2002-09-12,0.002253216722392745,0.0015545607084773577,6.986560844452139E-4,"{""type"":""MultiPoint"",""coordinates"":[]}"
20020913,2002-09-13,0.002097851799494168,0.0014418232897605088,6.560284143798696E-4,"{""type"":""MultiPoint"",""coordinates"":[]}"
20020914,2002-09-14,0.001597412807624082,0.001277772029213515,3.196407689212056E-4,"{""type"":""MultiPoint"",""coordinates"":[]}"
20020915,2002-09-15,0.0018236677149674559,0.0012672412030201225,5.564264008272725E-4,"{""type"":""MultiPoint"",""coordinates"":[]}"
20020916,2002-09-16,0.0017176087941606875,0.001220734955930427,4.968733543294179E-4,"{""type"":""MultiPoint"",""coordinates"":[]}"
20020917,2002-09-17,0.001520508590993484,0.0011706538310396616,3.4985484413926383E-4,"{""type"":""MultiPoint"",""coordinates"":[]}"
20020918,2002-09-18,0.0013136626102354864,0.001138745764905397,1.7491662754924296E-4,"{""type"":""MultiPoint"",""coordinates"":[]}"
20020919,2002-09-19,0.00127517342893648,0.0011114949152921162,1.6367852907631252E-4,"{""type"":""MultiPoint"",""coordinates"":[]}"
20020920,2002-09-20,0.0012683908555567464,0.0010840546635903006,1.8433614808460855E-4,"{""type"":""MultiPoint"",""coordinates"":[]}"
20020921,2002-09-21,0.0013424322768639523,0.0010654961209651038,2.769361185736695E-4,"{""type"":""MultiPoint"",""coordinates"":[]}"
20020922,2002-09-22,0.0016811945146008355,0.0011604609874703846,5.207336228318386E-4,"{""type"":""MultiPoint"",""coordinates"":[]}"
20020923,2002-09-23,0.0019816612982249196,0.0012640368356784028,7.176241677612886E-4,"{""type"":""MultiPoint"",""coordinates"":[]}"
20020924,2002-09-24,0.0025706243714582423,0.0014503006302114985,0.0011203234819523436,"{""type"":""MultiPoint"",""coordinates"":[]}"
20020925,2002-09-25,0.0026470402879592656,0.0014766648422004603,0.0011703752518727043,"{""type"":""MultiPoint"",""coordinates"":[]}"
20020926,2002-09-26,0.0018734984379529369,0.0012570343529473952,6.164637386505228E-4,"{""type"":""MultiPoint"",""coordinates"":[]}"
20020927,2002-09-27,0.002017987419302977,0.001357278019834074,6.607093901845622E-4,"{""type"":""MultiPoint"",""coordinates"":[]}"
20020928,2002-09-28,0.0022327901189580757,0.0015905909594232167,6.421982607413433E-4,"{""type"":""MultiPoint"",""coordinates"":[]}"
20020929,2002-09-29,0.0022066898259464193,0.0015489796202607872,6.57710137396261E-4,"{""type"":""MultiPoint"",""coordinates"":[]}"
20020930,2002-09-30,0.0018733565924684164,0.0013823277705231583,4.910286865233692E-4,"{""type"":""MultiPoint"",""coordinates"":[]}"
20021001,2002-10-01,0.001580897535942109,0.0013183207746600416,2.625758740915188E-4,"{""type"":""MultiPoint"",""coordinates"":[]}"
20021002,2002-10-02,0.0013977849152920928,0.0012030237144907531,1.9475937099001312E-4,"{""type"":""MultiPoint"",""coordinates"":[]}"
20021003,2002-10-03,0.0014154580106735255,0.0011782459498385946,2.3721113546520755E-4,"{""type"":""MultiPoint"",""coordinates"":[]}"
20021004,2002-10-04,0.0012686767019434674,0.001122220084958993,1.4645557521189697E-4,"{""type"":""MultiPoint"",""coordinates"":[]}"
20021005,2002-10-05,0.00118724793450533,0.0010729482108167523,1.1430071164746832E-4,"{""type"":""MultiPoint"",""coordinates"":[]}"
20021006,2002-10-06,0.001218042843859125,0.0010573536683063183,1.6068807178645076E-4,"{""type"":""MultiPoint"",""coordinates"":[]}"
20021007,2002-10-07,0.0011176728267914434,0.0010020376500471666,1.1563504198365681E-4,"{""type"":""MultiPoint"",""coordinates"":[]}"
20021008,2002-10-08,0.0010875395180336834,9.675312068951827E-4,1.2000772139498335E-4,"{""type"":""MultiPoint"",""coordinates"":[]}"
20021009,2002-10-09,0.0011033234766742123,9.597180326966143E-4,1.4360555903382007E-4,"{""type"":""MultiPoint"",""coordinates"":[]}"
20021010,2002-10-10,0.0010279133457339017,9.221345567021295E-4,1.0577876529239295E-4,"{""type"":""MultiPoint"",""coordinates"":[]}"
20021011,2002-10-11,9.823493225774825E-4,8.929852064136623E-4,8.936385952925218E-5,"{""type"":""MultiPoint"",""coordinates"":[]}"
20021012,2002-10-12,0.001055409473684188,9.118282559950537E-4,1.435806158977029E-4,"{""type"":""MultiPoint"",""coordinates"":[]}"
20021013,2002-10-13,0.0011309317199752894,9.649533099025243E-4,1.65977543565986E-4,"{""type"":""MultiPoint"",""coordinates"":[]}"
20021014,2002-10-14,0.001230966947177369,9.278492280523577E-4,3.0311739044092204E-4,"{""type"":""MultiPoint"",""coordinates"":[]}"
20021015,2002-10-15,0.0012227642757999453,9.081522416044717E-4,3.1461207826856505E-4,"{""type"":""MultiPoint"",""coordinates"":[]}"
20021016,2002-10-16,9.507368985519994E-4,8.082956871748004E-4,1.4244119089943337E-4,"{""type"":""MultiPoint"",""coordinates"":[]}"
20021017,2002-10-17,9.915136055812191E-4,7.710515842993267E-4,2.2046215237528558E-4,"{""type"":""MultiPoint"",""coordinates"":[]}"
20021018,2002-10-18,0.0010895432315841476,7.844323526055055E-4,3.051105935475703E-4,"{""type"":""MultiPoint"",""coordinates"":[]}"
20021019,2002-10-19,9.537857928901853E-4,7.60933521632582E-4,1.9285185109590216E-4,"{""type"":""MultiPoint"",""coordinates"":[]}"
20021020,2002-10-20,9.269735968958311E-4,7.756172305459396E-4,1.5135653552953874E-4,"{""type"":""MultiPoint"",""coordinates"":[]}"
20021021,2002-10-21,7.748562420561503E-4,7.056558041066268E-4,6.920042463167573E-5,"{""type"":""MultiPoint"",""coordinates"":[]}"
20021022,2002-10-22,7.876066874347127E-4,6.917693361932917E-4,9.583643776130021E-5,"{""type"":""MultiPoint"",""coordinates"":[]}"
20021023,2002-10-23,7.561499585339062E-4,6.774022178988941E-4,7.874687997249058E-5,"{""type"":""MultiPoint"",""coordinates"":[]}"
20021024,2002-10-24,7.334670957707631E-4,6.63381498676245E-4,7.008453638943588E-5,"{""type"":""MultiPoint"",""coordinates"":[]}"
20021025,2002-10-25,7.084382422742857E-4,6.491092356666942E-4,5.932906930049838E-5,"{""type"":""MultiPoint"",""coordinates"":[]}"
20021026,2002-10-26,7.452366547494774E-4,6.436309523312416E-4,1.0160510026740656E-4,"{""type"":""MultiPoint"",""coordinates"":[]}"
20021027,2002-10-27,7.234650037113901E-4,6.288909209187324E-4,9.45734772179696E-5,"{""type"":""MultiPoint"",""coordinates"":[]}"
20021028,2002-10-28,7.533428678663133E-4,6.249632137542094E-4,1.283788107557061E-4,"{""type"":""MultiPoint"",""coordinates"":[]}"
20021029,2002-10-29,7.066013621127448E-4,6.11674372766409E-4,9.492690681874351E-5,"{""type"":""MultiPoint"",""coordinates"":[]}"
20021030,2002-10-30,7.085470633823742E-4,6.087096732699049E-4,9.983596222946442E-5,"{""type"":""MultiPoint"",""coordinates"":[]}"
20021031,2002-10-31,6.507786462863758E-4,5.836293590540059E-4,6.714844492073101E-5,"{""type"":""MultiPoint"",""coordinates"":[]}"
20021101,2002-11-01,7.229947446047684E-4,5.943247455148783E-4,1.286701024123627E-4,"{""type"":""MultiPoint"",""coordinates"":[]}"
20021102,2002-11-02,7.181492026726049E-4,5.91695177930655E-4,1.2645279839563404E-4,"{""type"":""MultiPoint"",""coordinates"":[]}"
20021103,2002-11-03,6.4416088696203E-4,5.766250822448823E-4,6.753438631022869E-5,"{""type"":""MultiPoint"",""coordinates"":[]}"
20021104,2002-11-04,6.40691264804485E-4,5.579326242241932E-4,8.275743076476603E-5,"{""type"":""MultiPoint"",""coordinates"":[]}"
20021105,2002-11-05,6.226079880044255E-4,5.527756541811086E-4,6.983134791805263E-5,"{""type"":""MultiPoint"",""coordinates"":[]}"
20021106,2002-11-06,6.178716315706094E-4,5.466414364248468E-4,7.122889278426724E-5,"{""type"":""MultiPoint"",""coordinates"":[]}"
20021107,2002-11-07,6.29573818285113E-4,5.42355634394783E-4,8.721745474844634E-5,"{""type"":""MultiPoint"",""coordinates"":[]}"
20021108,2002-11-08,6.08730712623956E-4,5.367511696651442E-4,7.19788587115685E-5,"{""type"":""MultiPoint"",""coordinates"":[]}"
20021109,2002-11-09,6.198668544881869E-4,5.312557267774172E-4,8.861118218080947E-5,"{""type"":""MultiPoint"",""coordinates"":[]}"
20021110,2002-11-10,5.64027568423359E-4,4.995575014673872E-4,6.44693654183372E-5,"{""type"":""MultiPoint"",""coordinates"":[]}"
20021111,2002-11-11,5.998573816869785E-4,4.944222783205239E-4,1.0543491353008062E-4,"{""type"":""MultiPoint"",""coordinates"":[]}"
20021112,2002-11-12,0.0010986569882378637,6.027473324703395E-4,4.959094089576217E-4,"{""type"":""MultiPoint"",""coordinates"":[]}"
20021113,2002-11-13,6.972433128994587E-4,5.077006957456733E-4,1.8954274710998863E-4,"{""type"":""MultiPoint"",""coordinates"":[]}"
20021114,2002-11-14,5.297560597728751E-4,4.536280713924808E-4,7.612548942141547E-5,"{""type"":""MultiPoint"",""coordinates"":[]}"
20021115,2002-11-15,4.919785945897666E-4,4.460681818603011E-4,4.5910082067463386E-5,"{""type"":""MultiPoint"",""coordinates"":[]}"
20021116,2002-11-16,4.752955244783027E-4,4.3753111920630277E-4,3.7764259589348735E-5,"{""type"":""MultiPoint"",""coordinates"":[]}"
20021117,2002-11-17,4.836449873968647E-4,4.3456663833775966E-4,4.907636319718386E-5,"{""type"":""MultiPoint"",""coordinates"":[]}"
20021118,2002-11-18,4.7923930958304085E-4,4.3833660110349315E-4,4.0902816934859E-5,"{""type"":""MultiPoint"",""coordinates"":[]}"
20021119,2002-11-19,4.7055585507331505E-4,4.213728421889706E-4,4.9183043408019116E-5,"{""type"":""MultiPoint"",""coordinates"":[]}"
20021120,2002-11-20,4.868613638282728E-4,4.1335839992840794E-4,7.350195054522046E-5,"{""type"":""MultiPoint"",""coordinates"":[]}"
20021121,2002-11-21,5.020392122728586E-4,4.173998085214097E-4,8.463972599736478E-5,"{""type"":""MultiPoint"",""coordinates"":[]}"
20021122,2002-11-22,4.773461430046322E-4,4.1635231446400447E-4,6.0992887793037024E-5,"{""type"":""MultiPoint"",""coordinates"":[]}"
20021123,2002-11-23,4.127470943722903E-4,3.9226101444763957E-4,2.0486017698320697E-5,"{""type"":""MultiPoint"",""coordinates"":[]}"
20021124,2002-11-24,4.042114806424946E-4,3.802528435135616E-4,2.3957198055945567E-5,"{""type"":""MultiPoint"",""coordinates"":[]}"
20021125,2002-11-25,4.4925423623595675E-4,3.7910920979195863E-4,7.014466083149221E-5,"{""type"":""MultiPoint"",""coordinates"":[]}"
20021126,2002-11-26,5.759731983364988E-4,4.115106331085799E-4,1.6446177235082785E-4,"{""type"":""MultiPoint"",""coordinates"":[]}"
20021127,2002-11-27,5.499768021544965E-4,4.39031013923538E-4,1.1094608293408114E-4,"{""type"":""MultiPoint"",""coordinates"":[]}"
20021128,2002-11-28,3.8665918123893426E-4,3.569247711127133E-4,2.9733076949993034E-5,"{""type"":""MultiPoint"",""coordinates"":[]}"
20021129,2002-11-29,3.7509365319564146E-4,3.485300841625377E-4,2.656310856976732E-5,"{""type"":""MultiPoint"",""coordinates"":[]}"
20021130,2002-11-30,3.646028055940925E-4,3.4161292361621073E-4,2.2988028024511528E-5,"{""type"":""MultiPoint"",""coordinates"":[]}"
20021201,2002-12-01,3.684619819310614E-4,3.3613225454365113E-4,3.232983879557942E-5,"{""type"":""MultiPoint"",""coordinates"":[]}"
20021202,2002-12-02,3.436338291507228E-4,3.303755641373632E-4,1.325820175013784E-5,"{""type"":""MultiPoint"",""coordinates"":[]}"
20021203,2002-12-03,3.394284143339816E-4,3.245858292441424E-4,1.4842698560485352E-5,"{""type"":""MultiPoint"",""coordinates"":[]}"
20021204,2002-12-04,3.356122744898963E-4,3.19059144717673E-4,1.655216403498439E-5,"{""type"":""MultiPoint"",""coordinates"":[]}"
20021205,2002-12-05,3.3048650847620093E-4,3.13367531003882E-4,1.7119443969197977E-5,"{""type"":""MultiPoint"",""coordinates"":[]}"
20021206,2002-12-06,4.3192868802531255E-4,3.263631831679709E-4,1.0556551617121984E-4,"{""type"":""MultiPoint"",""coordinates"":[]}"
20021207,2002-12-07,3.749953082627855E-4,3.229372500714974E-4,5.205689611411356E-5,"{""type"":""MultiPoint"",""coordinates"":[]}"
20021208,2002-12-08,3.264384159461669E-4,3.008859168223325E-4,2.555132743684465E-5,"{""type"":""MultiPoint"",""coordinates"":[]}"
20021209,2002-12-09,3.2575348216235255E-4,2.9780066295569807E-4,2.7951369886181204E-5,"{""type"":""MultiPoint"",""coordinates"":[]}"
20021210,2002-12-10,3.305862052650807E-4,2.9725115479016376E-4,3.333337634691819E-5,"{""type"":""MultiPoint"",""coordinates"":[]}"
20021211,2002-12-11,3.1966560434391265E-4,2.9376477388081947E-4,2.5900766961420503E-5,"{""type"":""MultiPoint"",""coordinates"":[]}"
20021212,2002-12-12,3.0695195968244047E-4,2.874087230870526E-4,1.954304433910728E-5,"{""type"":""MultiPoint"",""coordinates"":[]}"
20021213,2002-12-13,2.999869476155979E-4,2.8021957677666745E-4,1.976725495870189E-5,"{""type"":""MultiPoint"",""coordinates"":[]}"
20021214,2002-12-14,3.109712582972441E-4,2.7830874168666245E-4,3.2660893643318296E-5,"{""type"":""MultiPoint"",""coordinates"":[]}"
20021215,2002-12-15,2.881339505270782E-4,2.713919771536023E-4,1.6742029028395258E-5,"{""type"":""MultiPoint"",""coordinates"":[]}"
20021216,2002-12-16,2.891337994930789E-4,2.6881827883787677E-4,2.0311662550977317E-5,"{""type"":""MultiPoint"",""coordinates"":[]}"
20021217,2002-12-17,3.367805995115647E-4,2.849842316356689E-4,5.1795130248151404E-5,"{""type"":""MultiPoint"",""coordinates"":[]}"
20021218,2002-12-18,3.0887257948643715E-4,2.693080225336366E-4,3.956329264560172E-5,"{""type"":""MultiPoint"",""coordinates"":[]}"
20021219,2002-12-19,4.2087786366671746E-4,3.143631458970115E-4,1.0651404734277868E-4,"{""type"":""MultiPoint"",""coordinates"":[]}"
20021220,2002-12-20,3.2661136258746367E-4,2.775428709462604E-4,4.906836669738446E-5,"{""type"":""MultiPoint"",""coordinates"":[]}"
20021221,2002-12-21,3.0799680399880926E-4,2.614851008022013E-4,4.651094069913853E-5,"{""type"":""MultiPoint"",""coordinates"":[]}"
20021222,2002-12-22,2.746817995895533E-4,2.5740458171413447E-4,1.7274281127076453E-5,"{""type"":""MultiPoint"",""coordinates"":[]}"
20021223,2002-12-23,3.198983250117009E-4,2.634934138885789E-4,5.640454390537592E-5,"{""type"":""MultiPoint"",""coordinates"":[]}"
20021224,2002-12-24,2.8556848446971715E-4,2.5556952338884684E-4,2.999824010039724E-5,"{""type"":""MultiPoint"",""coordinates"":[]}"
20021225,2002-12-25,2.599673538437963E-4,2.452135696867384E-4,1.4753678711635317E-5,"{""type"":""MultiPoint"",""coordinates"":[]}"
20021226,2002-12-26,2.5211004584726955E-4,2.4000405143448234E-4,1.2104867717293295E-5,"{""type"":""MultiPoint"",""coordinates"":[]}"
20021227,2002-12-27,2.5562294440088275E-4,2.3557322890458714E-4,2.0048318210221504E-5,"{""type"":""MultiPoint"",""coordinates"":[]}"
20021228,2002-12-28,2.558782756004282E-4,2.31449594995238E-4,2.4429511095567004E-5,"{""type"":""MultiPoint"",""coordinates"":[]}"
20021229,2002-12-29,2.537342598271944E-4,2.2845829166357953E-4,2.52757374169426E-5,"{""type"":""MultiPoint"",""coordinates"":[]}"
20021230,2002-12-30,2.399524016486135E-4,2.2447247669382976E-4,1.5479478409111773E-5,"{""type"":""MultiPoint"",""coordinates"":[]}"
20021231,2002-12-31,2.701189529972862E-4,2.2093249933113242E-4,4.918625503807317E-5,"{""type"":""MultiPoint"",""coordinates"":[]}"
20030101,2003-01-01,2.390721742354876E-4,2.174203604081707E-4,2.1650835518064424E-5,"{""type"":""MultiPoint"",""coordinates"":[]}"
20030102,2003-01-02,2.3413635784214618E-4,2.1389111597228762E-4,2.0244094432582296E-5,"{""type"":""MultiPoint"",""coordinates"":[]}"
20030103,2003-01-03,2.267340499063157E-4,2.1036258385889959E-4,1.6369566754953243E-5,"{""type"":""MultiPoint"",""coordinates"":[]}"
20030104,2003-01-04,2.2306117476292704E-4,2.0690797662523542E-4,1.6153032326347504E-5,"{""type"":""MultiPoint"",""coordinates"":[]}"
20030105,2003-01-05,2.1975246506605972E-4,2.0386293603671937E-4,1.588950921727079E-5,"{""type"":""MultiPoint"",""coordinates"":[]}"
20030106,2003-01-06,2.1582342179900078E-4,2.0044386390122063E-4,1.537945365837795E-5,"{""type"":""MultiPoint"",""coordinates"":[]}"
20030107,2003-01-07,2.182942798032542E-4,1.9879637454629431E-4,1.9496405761511472E-5,"{""type"":""MultiPoint"",""coordinates"":[]}"
20030108,2003-01-08,2.0661327369518427E-4,1.9412542861551243E-4,1.2487866693151613E-5,"{""type"":""MultiPoint"",""coordinates"":[]}"
20030109,2003-01-09,2.167742906738343E-4,1.9451653475055432E-4,2.2256568804832796E-5,"{""type"":""MultiPoint"",""coordinates"":[]}"
20030110,2003-01-10,1.9990709858534045E-4,1.8855456246030322E-4,1.1351347761729312E-5,"{""type"":""MultiPoint"",""coordinates"":[]}"
20030111,2003-01-11,1.9770449855209586E-4,1.857320479752841E-4,1.1970872644309717E-5,"{""type"":""MultiPoint"",""coordinates"":[]}"
20030112,2003-01-12,1.9437309011927334E-4,1.831407761792288E-4,1.1229050791333137E-5,"{""type"":""MultiPoint"",""coordinates"":[]}"
20030113,2003-01-13,1.9030510278745486E-4,1.805175952246385E-4,9.787711341435318E-6,"{""type"":""MultiPoint"",""coordinates"":[]}"
20030114,2003-01-14,1.866923741602792E-4,1.7798343565383342E-4,8.707144994711734E-6,"{""type"":""MultiPoint"",""coordinates"":[]}"
20030115,2003-01-15,1.8781915219563423E-4,1.758234677908081E-4,1.1993843779629609E-5,"{""type"":""MultiPoint"",""coordinates"":[]}"
20030116,2003-01-16,2.0701420605187282E-4,1.7746612694230369E-4,2.954706790835766E-5,"{""type"":""MultiPoint"",""coordinates"":[]}"
20030117,2003-01-17,2.0121770100811777E-4,1.7146521988592022E-4,2.9750699099861292E-5,"{""type"":""MultiPoint"",""coordinates"":[]}"
20030118,2003-01-18,2.0479740392550418E-4,1.6841566433041866E-4,3.6380210185609966E-5,"{""type"":""MultiPoint"",""coordinates"":[]}"
20030119,2003-01-19,2.0352933289280093E-4,1.6672599186967504E-4,3.6803604458705596E-5,"{""type"":""MultiPoint"",""coordinates"":[]}"
20030120,2003-01-20,1.9027026146768326E-4,1.6398433343905037E-4,2.628515247339842E-5,"{""type"":""MultiPoint"",""coordinates"":[]}"
20030121,2003-01-21,1.8251110122630184E-4,1.617590014892924E-4,2.0750683252446977E-5,"{""type"":""MultiPoint"",""coordinates"":[]}"
20030122,2003-01-22,1.8920772283097863E-4,1.621429370292806E-4,2.7062301240234556E-5,"{""type"":""MultiPoint"",""coordinates"":[]}"
20030123,2003-01-23,1.8223364912554353E-4,1.6044904896798611E-4,2.1783076989102452E-5,"{""type"":""MultiPoint"",""coordinates"":[]}"
20030124,2003-01-24,1.7863425281129948E-4,1.5683103981975954E-4,2.180181868388918E-5,"{""type"":""MultiPoint"",""coordinates"":[]}"
20030125,2003-01-25,1.7174979425782453E-4,1.5423478822014565E-4,1.7514246441934807E-5,"{""type"":""MultiPoint"",""coordinates"":[]}"
20030126,2003-01-26,1.7157418114705823E-4,1.5214818020470018E-4,1.9425784396539978E-5,"{""type"":""MultiPoint"",""coordinates"":[]}"
20030127,2003-01-27,1.7686288547229622E-4,1.5019864425556916E-4,2.6662079100298458E-5,"{""type"":""MultiPoint"",""coordinates"":[]}"
20030128,2003-01-28,1.853564133453799E-4,1.4828979229439547E-4,3.70667931534979E-5,"{""type"":""MultiPoint"",""coordinates"":[]}"
20030129,2003-01-29,2.1947664026204528E-4,1.483711129179048E-4,7.110493730071507E-5,"{""type"":""MultiPoint"",""coordinates"":[]}"
20030130,2003-01-30,2.1877749294536603E-4,1.4838928796448992E-4,7.038732297233346E-5,"{""type"":""MultiPoint"",""coordinates"":[]}"
20030131,2003-01-31,2.2868280722100048E-4,1.464828481416036E-4,8.219986623941972E-5,"{""type"":""MultiPoint"",""coordinates"":[]}"
20030201,2003-02-01,2.0949201687574194E-4,1.4630125305376693E-4,6.319007013355348E-5,"{""type"":""MultiPoint"",""coordinates"":[]}"
20030202,2003-02-02,1.7724976670032116E-4,1.4347188102917387E-4,3.3777879586963234E-5,"{""type"":""MultiPoint"",""coordinates"":[]}"
20030203,2003-02-03,1.772524492035205E-4,1.4202699954140352E-4,3.5224462458893446E-5,"{""type"":""MultiPoint"",""coordinates"":[]}"
20030204,2003-02-04,1.7663449351581678E-4,1.4092464550173082E-4,3.570962385357329E-5,"{""type"":""MultiPoint"",""coordinates"":[]}"
20030205,2003-02-05,2.1048025281153416E-4,1.4342199981455577E-4,6.70584570007736E-5,"{""type"":""MultiPoint"",""coordinates"":[]}"
20030206,2003-02-06,1.9799725571585943E-4,1.4672679220354063E-4,5.127005166345731E-5,"{""type"":""MultiPoint"",""coordinates"":[]}"
20030207,2003-02-07,2.0097810507967948E-4,1.4546810653718331E-4,5.5509341699401026E-5,"{""type"":""MultiPoint"",""coordinates"":[]}"
20030208,2003-02-08,1.881910925154131E-4,1.4142553618461383E-4,4.6765763812535393E-5,"{""type"":""MultiPoint"",""coordinates"":[]}"
20030209,2003-02-09,1.9205802676072165E-4,1.4192578695244534E-4,5.0131390453733586E-5,"{""type"":""MultiPoint"",""coordinates"":[]}"
20030210,2003-02-10,1.8362765307435873E-4,1.4121054659743283E-4,4.241696650283727E-5,"{""type"":""MultiPoint"",""coordinates"":[]}"
20030211,2003-02-11,1.8588531756860122E-4,1.4049946211914616E-4,4.538528737693978E-5,"{""type"":""MultiPoint"",""coordinates"":[]}"
20030212,2003-02-12,2.1970609801662264E-4,1.449867173999982E-4,7.471804360305843E-5,"{""type"":""MultiPoint"",""coordinates"":[]}"
20030213,2003-02-13,2.1493183170840667E-4,1.4778773322497748E-4,6.714289984215243E-5,"{""type"":""MultiPoint"",""coordinates"":[]}"
20030214,2003-02-14,2.006117731474248E-4,1.4733094161374318E-4,5.3279569158672425E-5,"{""type"":""MultiPoint"",""coordinates"":[]}"
20030215,2003-02-15,1.7522935732597398E-4,1.3995033565146996E-4,3.5277631117168686E-5,"{""type"":""MultiPoint"",""coordinates"":[]}"
20030216,2003-02-16,1.9515794171279553E-4,1.397305801683479E-4,5.54273019459939E-5,"{""type"":""MultiPoint"",""coordinates"":[]}"
20030217,2003-02-17,3.6898979243383677E-4,1.7479896357310245E-4,1.9419121727258125E-4,"{""type"":""MultiPoint"",""coordinates"":[]}"
20030218,2003-02-18,6.208110313171842E-4,2.2368086941464393E-4,3.971304363324232E-4,"{""type"":""MultiPoint"",""coordinates"":[]}"
20030219,2003-02-19,4.668668315901718E-4,1.83755936338523E-4,2.831099913690499E-4,"{""type"":""MultiPoint"",""coordinates"":[]}"
20030220,2003-02-20,2.0222963353422072E-4,1.3258505979937387E-4,6.964343822748805E-5,"{""type"":""MultiPoint"",""coordinates"":[]}"
20030221,2003-02-21,1.8263954019690314E-4,1.3081420227713163E-4,5.1823789643671395E-5,"{""type"":""MultiPoint"",""coordinates"":[]}"
20030222,2003-02-22,1.5593412557062615E-4,1.2881191130770597E-4,2.7120803186029216E-5,"{""type"":""MultiPoint"",""coordinates"":[]}"
20030223,2003-02-23,1.6590395840890493E-4,1.2911868753611526E-4,3.6785366038768477E-5,"{""type"":""MultiPoint"",""coordinates"":[]}"
20030224,2003-02-24,1.6884073981571554E-4,1.2804324305065715E-4,4.07976702722196E-5,"{""type"":""MultiPoint"",""coordinates"":[]}"
20030225,2003-02-25,1.973875204632914E-4,1.2800111401270903E-4,6.938499524930362E-5,"{""type"":""MultiPoint"",""coordinates"":[]}"
20030226,2003-02-26,2.1528981015191928E-4,1.312358822784136E-4,8.405352374946788E-5,"{""type"":""MultiPoint"",""coordinates"":[]}"
20030227,2003-02-27,2.2141151113549542E-4,1.3649743280300501E-4,8.49139615407406E-5,"{""type"":""MultiPoint"",""coordinates"":[]}"
20030228,2003-02-28,2.4028612551110025E-4,1.4320494046369685E-4,9.708075695585984E-5,"{""type"":""MultiPoint"",""coordinates"":[]}"
20030301,2003-03-01,4.3981390588620855E-4,1.9234641496562407E-4,2.4746712235915413E-4,"{""type"":""MultiPoint"",""coordinates"":[]}"
20030302,2003-03-02,3.970323827727378E-4,2.1428711290972385E-4,1.82745197600116E-4,"{""type"":""MultiPoint"",""coordinates"":[]}"
20030303,2003-03-03,2.739017466556098E-4,1.597198973079531E-4,1.1418010476456148E-4,"{""type"":""MultiPoint"",""coordinates"":[]}"
20030304,2003-03-04,2.8790006724375717E-4,1.4872115849751187E-4,1.391780689051541E-4,"{""type"":""MultiPoint"",""coordinates"":[]}"
20030305,2003-03-05,1.683189994135776E-4,1.440875218291705E-4,2.4230409244964492E-5,"{""type"":""MultiPoint"",""coordinates"":[]}"
20030306,2003-03-06,1.6484293678321527E-4,1.4012753885425693E-4,2.4714524851751952E-5,"{""type"":""MultiPoint"",""coordinates"":[]}"
20030307,2003-03-07,1.6946469088929372E-4,1.3765705636436458E-4,3.180618530770269E-5,"{""type"":""MultiPoint"",""coordinates"":[]}"
20030308,2003-03-08,1.64043320696725E-4,1.3544424927544629E-4,2.85968716222418E-5,"{""type"":""MultiPoint"",""coordinates"":[]}"
20030309,2003-03-09,1.7119746072655125E-4,1.338952030685751E-4,3.730148300246313E-5,"{""type"":""MultiPoint"",""coordinates"":[]}"
20030310,2003-03-10,1.657837932879041E-4,1.317342465853873E-4,3.4049475699720824E-5,"{""type"":""MultiPoint"",""coordinates"":[]}"
20030311,2003-03-11,1.9316966618602082E-4,1.3047696129955678E-4,6.269277382481656E-5,"{""type"":""MultiPoint"",""coordinates"":[]}"
20030312,2003-03-12,2.916394012695654E-4,1.3162173129746137E-4,1.600178594662884E-4,"{""type"":""MultiPoint"",""coordinates"":[]}"
20030313,2003-03-13,2.776146814243077E-4,1.41997601908944E-4,1.356163207662433E-4,"{""type"":""MultiPoint"",""coordinates"":[]}"
20030314,2003-03-14,2.2022651001794066E-4,1.3813104148720752E-4,8.209539936966324E-5,"{""type"":""MultiPoint"",""coordinates"":[]}"
20030315,2003-03-15,2.7671985185456733E-4,1.4237061507611573E-4,1.3434812218101979E-4,"{""type"":""MultiPoint"",""coordinates"":[]}"
20030316,2003-03-16,2.989448606553453E-4,1.5187595667073226E-4,1.470677213918154E-4,"{""type"":""MultiPoint"",""coordinates"":[]}"
20030317,2003-03-17,3.590662546942959E-4,1.6171793861080556E-4,1.9734845537664196E-4,"{""type"":""MultiPoint"",""coordinates"":[]}"
20030318,2003-03-18,3.1072171792224484E-4,1.6045116718340128E-4,1.5027015107309973E-4,"{""type"":""MultiPoint"",""coordinates"":[]}"
20030319,2003-03-19,2.9181104416684347E-4,1.6149689142961148E-4,1.3031403293411865E-4,"{""type"":""MultiPoint"",""coordinates"":[]}"
20030320,2003-03-20,3.050787789222587E-4,1.6354212981897529E-4,1.4153662537324532E-4,"{""type"":""MultiPoint"",""coordinates"":[]}"
20030321,2003-03-21,2.3518882582443577E-4,1.5711434277125544E-4,7.807368760770374E-5,"{""type"":""MultiPoint"",""coordinates"":[]}"
20030322,2003-03-22,2.1867358334949722E-4,1.4892610672285887E-4,6.974754122223511E-5,"{""type"":""MultiPoint"",""coordinates"":[]}"
20030323,2003-03-23,2.4096434561740742E-4,1.4710333992417831E-4,9.386087719378876E-5,"{""type"":""MultiPoint"",""coordinates"":[]}"
20030324,2003-03-24,2.676254534656148E-4,1.4755986538198492E-4,1.2006459155034133E-4,"{""type"":""MultiPoint"",""coordinates"":[]}"
20030325,2003-03-25,2.5926804699907526E-4,1.4846745742613015E-4,1.1080039779799113E-4,"{""type"":""MultiPoint"",""coordinates"":[]}"
20030326,2003-03-26,2.740334303227602E-4,1.4209044637761994E-4,1.319420527695083E-4,"{""type"":""MultiPoint"",""coordinates"":[]}"
20030327,2003-03-27,2.954173537591617E-4,1.4272216314876858E-4,1.5269592543625668E-4,"{""type"":""MultiPoint"",""coordinates"":[]}"
20030328,2003-03-28,3.741547571689195E-4,1.470140227728453E-4,2.2714045096749712E-4,"{""type"":""MultiPoint"",""coordinates"":[]}"
20030329,2003-03-29,3.427437499053461E-4,1.5305348850921027E-4,1.896903324417056E-4,"{""type"":""MultiPoint"",""coordinates"":[]}"
20030330,2003-03-30,4.211300416365085E-4,1.5917334370869345E-4,2.6195559472095875E-4,"{""type"":""MultiPoint"",""coordinates"":[]}"
20030331,2003-03-31,5.086083281956838E-4,1.825877550053689E-4,3.2601952032510265E-4,"{""type"":""MultiPoint"",""coordinates"":[]}"
20030401,2003-04-01,4.332643817693638E-4,1.7550867221409163E-4,2.5775608597181256E-4,"{""type"":""MultiPoint"",""coordinates"":[]}"
20030402,2003-04-02,4.364613661182713E-4,1.8427575632784456E-4,2.521849393212179E-4,"{""type"":""MultiPoint"",""coordinates"":[]}"
20030403,2003-04-03,3.4056348172217533E-4,1.73694345817274E-4,1.6686870806754142E-4,"{""type"":""MultiPoint"",""coordinates"":[]}"
20030404,2003-04-04,3.544562468736085E-4,1.8489885982124926E-4,1.6955701474159724E-4,"{""type"":""MultiPoint"",""coordinates"":[]}"
20030405,2003-04-05,3.157917388211791E-4,1.6742180989481938E-4,1.4836956864286207E-4,"{""type"":""MultiPoint"",""coordinates"":[]}"
20030406,2003-04-06,3.063460520256634E-4,1.6846858549539713E-4,1.378768651080644E-4,"{""type"":""MultiPoint"",""coordinates"":[]}"
20030407,2003-04-07,3.360500569903566E-4,1.6503979882469489E-4,1.7100944734674172E-4,"{""type"":""MultiPoint"",""coordinates"":[]}"
20030408,2003-04-08,3.5864420176768885E-4,1.6787881726473806E-4,1.9076488120941775E-4,"{""type"":""MultiPoint"",""coordinates"":[]}"
20030409,2003-04-09,3.269931359023686E-4,1.6688888168523143E-4,1.6010414984007226E-4,"{""type"":""MultiPoint"",""coordinates"":[]}"
20030410,2003-04-10,3.208217331347499E-4,1.6170129037876096E-4,1.5911993514379147E-4,"{""type"":""MultiPoint"",""coordinates"":[]}"
20030411,2003-04-11,4.443576413205702E-4,1.7166581263200757E-4,2.7269144113415534E-4,"{""type"":""MultiPoint"",""coordinates"":[]}"
20030412,2003-04-12,5.546106014069839E-4,2.3915514727567756E-4,3.154530153101226E-4,"{""type"":""MultiPoint"",""coordinates"":[]}"
20030413,2003-04-13,4.325692768307399E-4,2.0861306470364635E-4,2.2395633422572707E-4,"{""type"":""MultiPoint"",""coordinates"":[]}"
20030414,2003-04-14,3.7070446697476297E-4,1.7149685195522955E-4,1.9920592412868597E-4,"{""type"":""MultiPoint"",""coordinates"":[]}"
20030415,2003-04-15,5.276912942104934E-4,1.924078203892303E-4,3.352833904824451E-4,"{""type"":""MultiPoint"",""coordinates"":[]}"
20030416,2003-04-16,4.8039670673965737E-4,1.9720142588712468E-4,2.8319519161783377E-4,"{""type"":""MultiPoint"",""coordinates"":[]}"
20030417,2003-04-17,6.814503757305367E-4,2.6989142286608283E-4,4.115579570470088E-4,"{""type"":""MultiPoint"",""coordinates"":[]}"
20030418,2003-04-18,5.032786542714711E-4,2.1819969419549937E-4,2.850789728038392E-4,"{""type"":""MultiPoint"",""coordinates"":[]}"
20030419,2003-04-19,5.395308136883932E-4,2.0089603460446165E-4,3.3863471209645096E-4,"{""type"":""MultiPoint"",""coordinates"":[]}"
20030420,2003-04-20,7.613316873960121E-4,2.09963328852E-4,5.51367317006935E-4,"{""type"":""MultiPoint"",""coordinates"":[]}"
20030421,2003-04-21,7.026105659672374E-4,2.2317193436873127E-4,4.7943828338111333E-4,"{""type"":""MultiPoint"",""coordinates"":[]}"
20030422,2003-04-22,6.581556530681212E-4,2.6370888497291817E-4,3.9444624721481417E-4,"{""type"":""MultiPoint"",""coordinates"":[]}"
20030423,2003-04-23,3.6463733416665E-4,2.1326580104098587E-4,1.513702518756717E-4,"{""type"":""MultiPoint"",""coordinates"":[]}"
20030424,2003-04-24,4.189716420184898E-4,1.949261183620946E-4,2.2404428418151614E-4,"{""type"":""MultiPoint"",""coordinates"":[]}"
20030425,2003-04-25,5.01708114871231E-4,1.8968434341878115E-4,3.1202320358839384E-4,"{""type"":""MultiPoint"",""coordinates"":[]}"
20030426,2003-04-26,6.298656487664444E-4,2.0507798850440167E-4,4.247871843731502E-4,"{""type"":""MultiPoint"",""coordinates"":[]}"
20030427,2003-04-27,6.580449976073214E-4,2.1837569471809453E-4,4.396691850797591E-4,"{""type"":""MultiPoint"",""coordinates"":[]}"
20030428,2003-04-28,5.94284944843256E-4,2.1246996424751987E-4,3.8181456540364595E-4,"{""type"":""MultiPoint"",""coordinates"":[]}"
20030429,2003-04-29,5.674170741031982E-4,2.2377687458125658E-4,3.4364033726098334E-4,"{""type"":""MultiPoint"",""coordinates"":[]}"
20030430,2003-04-30,6.586435108512135E-4,2.3582636428796247E-4,4.228172872620342E-4,"{""type"":""MultiPoint"",""coordinates"":[]}"
20030501,2003-05-01,7.673323053580299E-4,2.442641633150229E-4,5.230672559812908E-4,"{""type"":""MultiPoint"",""coordinates"":[]}"
20030502,2003-05-02,7.993404442803037E-4,2.763059251165046E-4,5.230331566173089E-4,"{""type"":""MultiPoint"",""coordinates"":[]}"
20030503,2003-05-03,6.436579928490533E-4,2.608141214367952E-4,3.8284416880618737E-4,"{""type"":""MultiPoint"",""coordinates"":[]}"
20030504,2003-05-04,9.992816036645013E-4,3.341003647811889E-4,6.651798633198658E-4,"{""type"":""MultiPoint"",""coordinates"":[]}"
20030505,2003-05-05,7.194148514744034E-4,3.051787283328498E-4,4.1423559226491256E-4,"{""type"":""MultiPoint"",""coordinates"":[]}"
20030506,2003-05-06,6.487068394917195E-4,3.138251435355018E-4,3.3488102563942156E-4,"{""type"":""MultiPoint"",""coordinates"":[]}"
20030507,2003-05-07,6.73154835417906E-4,3.0779971203908946E-4,3.6535416683496254E-4,"{""type"":""MultiPoint"",""coordinates"":[]}"
20030508,2003-05-08,5.872809579805299E-4,3.0036278624487225E-4,2.8691810849357593E-4,"{""type"":""MultiPoint"",""coordinates"":[]}"
20030509,2003-05-09,4.290726444676494E-4,2.5331153486104395E-4,1.757603145775566E-4,"{""type"":""MultiPoint"",""coordinates"":[]}"
20030510,2003-05-10,4.0980213434036453E-4,2.3723584661913282E-4,1.7256518404583154E-4,"{""type"":""MultiPoint"",""coordinates"":[]}"
20030511,2003-05-11,4.2323014283366E-4,2.278187944104157E-4,1.9541055788247953E-4,"{""type"":""MultiPoint"",""coordinates"":[]}"
20030512,2003-05-12,4.0066037559146006E-4,2.1765552302109334E-4,1.8300373381110666E-4,"{""type"":""MultiPoint"",""coordinates"":[]}"
20030513,2003-05-13,4.7691563353918575E-4,2.1740803124369536E-4,2.595073427056062E-4,"{""type"":""MultiPoint"",""coordinates"":[]}"
20030514,2003-05-14,5.513583792506877E-4,2.3173123055140657E-4,3.196270986167354E-4,"{""type"":""MultiPoint"",""coordinates"":[]}"
20030515,2003-05-15,6.834972261169492E-4,2.4680012729058685E-4,4.3669636233134297E-4,"{""type"":""MultiPoint"",""coordinates"":[]}"
20030516,2003-05-16,7.928655131342743E-4,2.546670473479426E-4,5.381976476309933E-4,"{""type"":""MultiPoint"",""coordinates"":[]}"
20030517,2003-05-17,8.666159328487232E-4,2.692842942863943E-4,5.973308953636465E-4,"{""type"":""MultiPoint"",""coordinates"":[]}"
20030518,2003-05-18,8.596290744167506E-4,2.9797995609215453E-4,5.616483442143241E-4,"{""type"":""MultiPoint"",""coordinates"":[]}"
20030519,2003-05-19,0.0012592491102584383,4.775999603284222E-4,7.816490295177444E-4,"{""type"":""MultiPoint"",""coordinates"":[]}"
20030520,2003-05-20,0.0010003259698205499,3.7998608760786233E-4,6.203394768619798E-4,"{""type"":""MultiPoint"",""coordinates"":[]}"
20030521,2003-05-21,9.891581518748837E-4,3.347587681422276E-4,6.543994305599759E-4,"{""type"":""MultiPoint"",""coordinates"":[]}"
20030522,2003-05-22,7.902962458036388E-4,3.0800982759459104E-4,4.8228650751601875E-4,"{""type"":""MultiPoint"",""coordinates"":[]}"
20030523,2003-05-23,8.1860253541222E-4,2.934835813112598E-4,5.251182307438447E-4,"{""type"":""MultiPoint"",""coordinates"":[]}"
20030524,2003-05-24,8.529443636639486E-4,3.030998232645447E-4,5.498441636691891E-4,"{""type"":""MultiPoint"",""coordinates"":[]}"
20030525,2003-05-25,0.0012465732464728982,3.6821927883173904E-4,8.783527422673302E-4,"{""type"":""MultiPoint"",""coordinates"":[]}"
20030526,2003-05-26,0.0012915104599268454,4.4910164689964066E-4,8.424089801168414E-4,"{""type"":""MultiPoint"",""coordinates"":[]}"
20030527,2003-05-27,0.0010461784185001686,4.238704232085706E-4,6.223062574185573E-4,"{""type"":""MultiPoint"",""coordinates"":[]}"
20030528,2003-05-28,9.501993146382945E-4,3.806314867889179E-4,5.69566903917732E-4,"{""type"":""MultiPoint"",""coordinates"":[]}"
20030529,2003-05-29,9.642527285458922E-4,3.7542862985577157E-4,5.888243968657756E-4,"{""type"":""MultiPoint"",""coordinates"":[]}"
20030530,2003-05-30,8.574663193760116E-4,3.478231834420275E-4,5.096431888759721E-4,"{""type"":""MultiPoint"",""coordinates"":[]}"
20030531,2003-05-31,9.635489437786308E-4,3.3921177304940554E-4,6.243364180401973E-4,"{""type"":""MultiPoint"",""coordinates"":[]}"
20030601,2003-06-01,0.0012298901686179269,3.8129930489344614E-4,8.485899232772894E-4,"{""type"":""MultiPoint"",""coordinates"":[]}"
20030602,2003-06-02,0.001437730801319972,4.324559085510354E-4,0.0010052747922434657,"{""type"":""MultiPoint"",""coordinates"":[]}"
20030603,2003-06-03,0.0018908400746506966,4.953521738066436E-4,0.0013954877042794335,"{""type"":""MultiPoint"",""coordinates"":[]}"
20030604,2003-06-04,0.002033680961413314,6.054722972098637E-4,0.0014282087176007068,"{""type"":""MultiPoint"",""coordinates"":[]}"
20030605,2003-06-05,0.002495143692021082,8.417104221798582E-4,0.0016534332691007954,"{""type"":""MultiPoint"",""coordinates"":[]}"
20030606,2003-06-06,0.002029026717119698,7.396422711714981E-4,0.0012893843752138474,"{""type"":""MultiPoint"",""coordinates"":[]}"
20030607,2003-06-07,0.0024546473255023064,8.168828974397203E-4,0.001637764613021778,"{""type"":""MultiPoint"",""coordinates"":[]}"
20030608,2003-06-08,0.002612658551376096,0.0010765882942379897,0.0015360683686182154,"{""type"":""MultiPoint"",""coordinates"":[]}"
20030609,2003-06-09,0.0027209889830999002,0.0010576779478559347,0.0016633104770905128,"{""type"":""MultiPoint"",""coordinates"":[]}"
20030610,2003-06-10,0.003317166900652667,0.0011617314007674095,0.0021554352200845754,"{""type"":""MultiPoint"",""coordinates"":[]}"
20030611,2003-06-11,0.002709272667593539,0.0010914312147858886,0.0016178414151048822,"{""type"":""MultiPoint"",""coordinates"":[]}"
20030612,2003-06-12,0.002573797725938827,0.001075867530387396,0.0014979299737931295,"{""type"":""MultiPoint"",""coordinates"":[]}"
20030613,2003-06-13,0.003040129377692466,0.0010377248367832216,0.0020024045962632763,"{""type"":""MultiPoint"",""coordinates"":[]}"
20030614,2003-06-14,0.002662379492909172,0.0010706877906227668,0.0015916915072714695,"{""type"":""MultiPoint"",""coordinates"":[]}"
20030615,2003-06-15,0.0019882324832570355,8.729985939517098E-4,0.0011152336743637668,"{""type"":""MultiPoint"",""coordinates"":[]}"
20030616,2003-06-16,0.0019468605448984709,8.536708886807195E-4,0.0010931894462718594,"{""type"":""MultiPoint"",""coordinates"":[]}"
20030617,2003-06-17,0.002116264015996912,9.12957192952579E-4,0.0012033069691650474,"{""type"":""MultiPoint"",""coordinates"":[]}"
20030618,2003-06-18,0.0022052550767036904,9.707005196191591E-4,0.001234554467029758,"{""type"":""MultiPoint"",""coordinates"":[]}"
20030619,2003-06-19,0.002660404302100754,0.0011389222089495169,0.0015214820007547294,"{""type"":""MultiPoint"",""coordinates"":[]}"
20030620,2003-06-20,0.0031835030458576157,0.0013739044517846626,0.001809598447360294,"{""type"":""MultiPoint"",""coordinates"":[]}"
20030621,2003-06-21,0.003427439758807397,0.0015542423871192168,0.0018731972535965043,"{""type"":""MultiPoint"",""coordinates"":[]}"
20030622,2003-06-22,0.003432316926116512,0.0015555894756976761,0.0018767272420049284,"{""type"":""MultiPoint"",""coordinates"":[]}"
20030623,2003-06-23,0.003303278202420551,0.0013949578975369632,0.0019083203629721845,"{""type"":""MultiPoint"",""coordinates"":[]}"
20030624,2003-06-24,0.00325557376412524,0.001413415248476244,0.0018421582925828989,"{""type"":""MultiPoint"",""coordinates"":[]}"
20030625,2003-06-25,0.003308011754285966,0.0014741971953478841,0.0018338145416358948,"{""type"":""MultiPoint"",""coordinates"":[]}"
20030626,2003-06-26,0.003907491013328712,0.0016336738075717434,0.0022738170796321997,"{""type"":""MultiPoint"",""coordinates"":[]}"
20030627,2003-06-27,0.00404367716646751,0.0017750801518427724,0.0022685971285182007,"{""type"":""MultiPoint"",""coordinates"":[]}"
20030628,2003-06-28,0.004463858507888996,0.0020490587055310375,0.002414799862713557,"{""type"":""MultiPoint"",""coordinates"":[]}"
20030629,2003-06-29,0.004612271482489825,0.002236487680198877,0.0023757836276259527,"{""type"":""MultiPoint"",""coordinates"":[]}"
20030630,2003-06-30,0.004433274620581513,0.002154511893450752,0.0022787626139201995,"{""type"":""MultiPoint"",""coordinates"":[]}"
20030701,2003-07-01,0.003253404655813404,0.001710867632098076,0.0015425370381964246,"{""type"":""MultiPoint"",""coordinates"":[]}"
20030702,2003-07-02,0.0029010262687821672,0.001611116843719657,0.001289909368065383,"{""type"":""MultiPoint"",""coordinates"":[]}"
20030703,2003-07-03,0.0034494956362364805,0.0016214324338488157,0.0018280629134466942,"{""type"":""MultiPoint"",""coordinates"":[]}"
20030704,2003-07-04,0.003848687927374084,0.0018075048829283111,0.0020411829402712713,"{""type"":""MultiPoint"",""coordinates"":[]}"
20030705,2003-07-05,0.0032368321336543504,0.001771294993020485,0.0014655371357001424,"{""type"":""MultiPoint"",""coordinates"":[]}"
20030706,2003-07-06,0.003039542817436928,0.0015950855640703926,0.0014444573616561613,"{""type"":""MultiPoint"",""coordinates"":[]}"
20030707,2003-07-07,0.0035123085972834957,0.0016493113906031608,0.0018629971175606816,"{""type"":""MultiPoint"",""coordinates"":[]}"
20030708,2003-07-08,0.0043196239605340055,0.0017323265618005928,0.0025872973166881294,"{""type"":""MultiPoint"",""coordinates"":[]}"
20030709,2003-07-09,0.0046072286930532655,0.0018444773990368263,0.0027627512982500426,"{""type"":""MultiPoint"",""coordinates"":[]}"
20030710,2003-07-10,0.0041409253028499805,0.0018479036088031471,0.0022930217586763593,"{""type"":""MultiPoint"",""coordinates"":[]}"
20030711,2003-07-11,0.003756365399539195,0.0019193445798210212,0.0018370207798373926,"{""type"":""MultiPoint"",""coordinates"":[]}"
20030712,2003-07-12,0.003932980770168767,0.002128872918091761,0.0018041078482091875,"{""type"":""MultiPoint"",""coordinates"":[]}"
20030713,2003-07-13,0.0035075834836635596,0.0020046719828154787,0.0015029115075143812,"{""type"":""MultiPoint"",""coordinates"":[]}"
20030714,2003-07-14,0.003615342874426443,0.001992177826745731,0.0016231649337252964,"{""type"":""MultiPoint"",""coordinates"":[]}"
20030715,2003-07-15,0.003299881893734113,0.002002658498550299,0.0012972234019194319,"{""type"":""MultiPoint"",""coordinates"":[]}"
20030716,2003-07-16,0.003210032424191214,0.0019178889514936915,0.0012921433757861816,"{""type"":""MultiPoint"",""coordinates"":[]}"
20030717,2003-07-17,0.002642345721503504,0.0015475201798099305,0.0010948255505083893,"{""type"":""MultiPoint"",""coordinates"":[]}"
20030718,2003-07-18,0.0027074087680325726,0.001467401914515419,0.0012400067371531383,"{""type"":""MultiPoint"",""coordinates"":[]}"
20030719,2003-07-19,0.0033481224603595086,0.001498413730172978,0.0018497086910102868,"{""type"":""MultiPoint"",""coordinates"":[]}"
20030720,2003-07-20,0.003583172313679125,0.0015726500541720335,0.00201052208098804,"{""type"":""MultiPoint"",""coordinates"":[]}"
20030721,2003-07-21,0.0028142480354090317,0.001600027269335827,0.0012142206271635388,"{""type"":""MultiPoint"",""coordinates"":[]}"
20030722,2003-07-22,0.0024851863246639766,0.0014102714508056127,0.001074914822420334,"{""type"":""MultiPoint"",""coordinates"":[]}"
20030723,2003-07-23,0.0027941543340103503,0.0016002743049975622,0.0011938799923665807,"{""type"":""MultiPoint"",""coordinates"":[]}"
20030724,2003-07-24,0.003878299434026002,0.002071187488840063,0.0018071118235956733,"{""type"":""MultiPoint"",""coordinates"":[]}"
20030725,2003-07-25,0.004469083400184405,0.002148802763749343,0.0023202806349315918,"{""type"":""MultiPoint"",""coordinates"":[]}"
20030726,2003-07-26,0.005167708598137603,0.0022295344389714707,0.0029381739424118513,"{""type"":""MultiPoint"",""coordinates"":[]}"
20030727,2003-07-27,0.0041493465950763414,0.00218247694657478,0.001966869659649753,"{""type"":""MultiPoint"",""coordinates"":[]}"
20030728,2003-07-28,0.002999609286222973,0.0017699337828990733,0.0012296755579340594,"{""type"":""MultiPoint"",""coordinates"":[]}"
20030729,2003-07-29,0.003528643581333123,0.0016635114576717426,0.0018651321727778318,"{""type"":""MultiPoint"",""coordinates"":[]}"
20030730,2003-07-30,0.004545515056271262,0.002045438573385596,0.0025000764202350446,"{""type"":""MultiPoint"",""coordinates"":[]}"
20030731,2003-07-31,0.004033538883379844,0.0020377574663023135,0.0019957812621007034,"{""type"":""MultiPoint"",""coordinates"":[]}"
20030801,2003-08-01,0.0029102914774747374,0.0017867675880380188,0.0011235237047503908,"{""type"":""MultiPoint"",""coordinates"":[]}"
20030802,2003-08-02,0.0028330172130925126,0.0016347591440155685,0.001198258151720564,"{""type"":""MultiPoint"",""coordinates"":[]}"
20030803,2003-08-03,0.002582255278526107,0.0015534750602932202,0.0010287801499631818,"{""type"":""MultiPoint"",""coordinates"":[]}"
20030804,2003-08-04,0.002348457571499468,0.0014762779738251815,8.721795547968913E-4,"{""type"":""MultiPoint"",""coordinates"":[]}"
20030805,2003-08-05,0.002079365328443815,0.0014058409498244728,6.735243770873558E-4,"{""type"":""MultiPoint"",""coordinates"":[]}"
20030806,2003-08-06,0.0020713480324492375,0.0014132097974057511,6.58138318479157E-4,"{""type"":""MultiPoint"",""coordinates"":[]}"
20030807,2003-08-07,0.002201781080260243,0.001405762622613094,7.9601841495019E-4,"{""type"":""MultiPoint"",""coordinates"":[]}"
20030808,2003-08-08,0.002406042067859152,0.0014654629447884275,9.40579070678894E-4,"{""type"":""MultiPoint"",""coordinates"":[]}"
20030809,2003-08-09,0.002587637619233478,0.0014165399284682017,0.001171097738752403,"{""type"":""MultiPoint"",""coordinates"":[]}"
20030810,2003-08-10,0.0024181915609681097,0.001425385961488775,9.92805523097877E-4,"{""type"":""MultiPoint"",""coordinates"":[]}"
20030811,2003-08-11,0.0025249985359040807,0.0014931527458978604,0.0010318458234345692,"{""type"":""MultiPoint"",""coordinates"":[]}"
20030812,2003-08-12,0.0024138707735890477,0.0014868566368765749,9.270140865655226E-4,"{""type"":""MultiPoint"",""coordinates"":[]}"
20030813,2003-08-13,0.0028509992090781553,0.001670295825113856,0.0011807034389643384,"{""type"":""MultiPoint"",""coordinates"":[]}"
20030814,2003-08-14,0.00292892672941199,0.0017240613064800955,0.0012048655574383293,"{""type"":""MultiPoint"",""coordinates"":[]}"
20030815,2003-08-15,0.002518059603896667,0.0015911319454695373,9.269276030027959E-4,"{""type"":""MultiPoint"",""coordinates"":[]}"
20030816,2003-08-16,0.0022178673072060827,0.0014842964972560653,7.335707770624833E-4,"{""type"":""MultiPoint"",""coordinates"":[]}"
20030817,2003-08-17,0.003266170106744482,0.0016779117521821688,0.0015882584019004627,"{""type"":""MultiPoint"",""coordinates"":[]}"
20030818,2003-08-18,0.004449484689202,0.001831883350591964,0.0026176009443676994,"{""type"":""MultiPoint"",""coordinates"":[]}"
20030819,2003-08-19,0.003547702067163887,0.0017979328989685087,0.0017497690917052642,"{""type"":""MultiPoint"",""coordinates"":[]}"
20030820,2003-08-20,0.0026936566650083427,0.0018049962345071393,8.886605004420313E-4,"{""type"":""MultiPoint"",""coordinates"":[]}"
20030821,2003-08-21,0.002632685108228668,0.001833777985310274,7.989070629118694E-4,"{""type"":""MultiPoint"",""coordinates"":[]}"
20030822,2003-08-22,0.003444132801009001,0.001973609423847125,0.0014705232174327511,"{""type"":""MultiPoint"",""coordinates"":[]}"
20030823,2003-08-23,0.003709405435971191,0.0022567702476249895,0.0014526352811783118,"{""type"":""MultiPoint"",""coordinates"":[]}"
20030824,2003-08-24,0.003191788537209452,0.0020523251507606924,0.001139463151742328,"{""type"":""MultiPoint"",""coordinates"":[]}"
20030825,2003-08-25,0.002606502300754675,0.0018255480390109709,7.809542672905114E-4,"{""type"":""MultiPoint"",""coordinates"":[]}"
20030826,2003-08-26,0.0025841192382701004,0.0017070665788861867,8.770526714632949E-4,"{""type"":""MultiPoint"",""coordinates"":[]}"
20030827,2003-08-27,0.0034931913085986797,0.0019291414605660845,0.001564049726801236,"{""type"":""MultiPoint"",""coordinates"":[]}"
20030828,2003-08-28,0.003824044681772209,0.002015166183958765,0.001808878522991394,"{""type"":""MultiPoint"",""coordinates"":[]}"
20030829,2003-08-29,0.0033851807179019013,0.0021474035355317513,0.0012377771252083181,"{""type"":""MultiPoint"",""coordinates"":[]}"
20030830,2003-08-30,0.0030993758237596795,0.002121294209325003,9.780815081829452E-4,"{""type"":""MultiPoint"",""coordinates"":[]}"
20030831,2003-08-31,0.003471954235448854,0.0021526656248303786,0.0013192886741211344,"{""type"":""MultiPoint"",""coordinates"":[]}"
20030901,2003-09-01,0.004580897834560426,0.002407364475474514,0.002173533090141379,"{""type"":""MultiPoint"",""coordinates"":[]}"
20030902,2003-09-02,0.0043867510270127604,0.0026619441714136895,0.001724806761655828,"{""type"":""MultiPoint"",""coordinates"":[]}"
20030903,2003-09-03,0.003667373353883908,0.0025922314248466418,0.001075141912272451,"{""type"":""MultiPoint"",""coordinates"":[]}"
20030904,2003-09-04,0.003251872783260349,0.0022785521148167543,9.733204755358742E-4,"{""type"":""MultiPoint"",""coordinates"":[]}"
20030905,2003-09-05,0.0035084135983567775,0.002254645556452173,0.001253767834119518,"{""type"":""MultiPoint"",""coordinates"":[]}"
20030906,2003-09-06,0.004144837603722973,0.002490650639468658,0.0016541870391770421,"{""type"":""MultiPoint"",""coordinates"":[]}"
20030907,2003-09-07,0.003619845254452295,0.0025265121387514607,0.0010933330032818287,"{""type"":""MultiPoint"",""coordinates"":[]}"
20030908,2003-09-08,0.003534917564533242,0.002533328413593475,0.001001589149717027,"{""type"":""MultiPoint"",""coordinates"":[]}"
20030909,2003-09-09,0.003596360846252117,0.0024949129355097944,0.0011014480083016596,"{""type"":""MultiPoint"",""coordinates"":[]}"
20030910,2003-09-10,0.0037465668516175926,0.0025675633911680725,0.001179003439530252,"{""type"":""MultiPoint"",""coordinates"":[]}"
20030911,2003-09-11,0.0032664723955855754,0.002379194332202144,8.872781913951541E-4,"{""type"":""MultiPoint"",""coordinates"":[]}"
20030912,2003-09-12,0.0028293437616758663,0.0021969304544114717,6.324131576244403E-4,"{""type"":""MultiPoint"",""coordinates"":[]}"
20030913,2003-09-13,0.0032492620527188034,0.002136959356942977,0.0011123025723423587,"{""type"":""MultiPoint"",""coordinates"":[]}"
20030914,2003-09-14,0.002932615064577508,0.00213836608692599,7.942488907211883E-4,"{""type"":""MultiPoint"",""coordinates"":[]}"
20030915,2003-09-15,0.002944034371034224,0.0021987976236645347,7.452366711883275E-4,"{""type"":""MultiPoint"",""coordinates"":[]}"
20030916,2003-09-16,0.002899349806135024,0.0021355886537132917,7.637611976959274E-4,"{""type"":""MultiPoint"",""coordinates"":[]}"
20030917,2003-09-17,0.002716925215826924,0.00212855822324553,5.88366855251405E-4,"{""type"":""MultiPoint"",""coordinates"":[]}"
20030918,2003-09-18,0.002510770374821686,0.001978512847074892,5.322573443077856E-4,"{""type"":""MultiPoint"",""coordinates"":[]}"
20030919,2003-09-19,0.0023747527019343058,0.00188293591864544,4.918167382855714E-4,"{""type"":""MultiPoint"",""coordinates"":[]}"
20030920,2003-09-20,0.002440931108739608,0.0018507021309779965,5.902286471900724E-4,"{""type"":""MultiPoint"",""coordinates"":[]}"
20030921,2003-09-21,0.0024517701697652416,0.0018410606173657653,6.107092851885059E-4,"{""type"":""MultiPoint"",""coordinates"":[]}"
20030922,2003-09-22,0.0024641799778675486,0.0018404853477657069,6.236944598081134E-4,"{""type"":""MultiPoint"",""coordinates"":[]}"
20030923,2003-09-23,0.0025549013155087633,0.001841192619408064,7.137087662947295E-4,"{""type"":""MultiPoint"",""coordinates"":[]}"
20030924,2003-09-24,0.003001806342307454,0.0018885400280036681,0.001113265785294432,"{""type"":""MultiPoint"",""coordinates"":[]}"
20030925,2003-09-25,0.0024286787789259304,0.0018497467479444518,5.789318867369045E-4,"{""type"":""MultiPoint"",""coordinates"":[]}"
20030926,2003-09-26,0.002152628073071784,0.0017401718452926887,4.1245614985925994E-4,"{""type"":""MultiPoint"",""coordinates"":[]}"
20030927,2003-09-27,0.0022138248656867854,0.0017578214954336161,4.560032674380806E-4,"{""type"":""MultiPoint"",""coordinates"":[]}"
20030928,2003-09-28,0.002103575530951005,0.001726951116484043,3.7662413160181575E-4,"{""type"":""MultiPoint"",""coordinates"":[]}"
20030929,2003-09-29,0.002263525543072954,0.0017457383544764768,5.177870078989187E-4,"{""type"":""MultiPoint"",""coordinates"":[]}"
20030930,2003-09-30,0.002170268976262375,0.0017185100499016012,4.51758703377765E-4,"{""type"":""MultiPoint"",""coordinates"":[]}"
20031001,2003-10-01,0.0021177723492703518,0.0016806333148249699,4.3713866311104296E-4,"{""type"":""MultiPoint"",""coordinates"":[]}"
20031002,2003-10-02,0.001999942094086057,0.0016379262191482623,3.6201578727244904E-4,"{""type"":""MultiPoint"",""coordinates"":[]}"
20031003,2003-10-03,0.0019254622683209058,0.001583983958497645,3.4147873155873664E-4,"{""type"":""MultiPoint"",""coordinates"":[]}"
20031004,2003-10-04,0.0020215559774859867,0.0015748481047774755,4.4670748280794414E-4,"{""type"":""MultiPoint"",""coordinates"":[]}"
20031005,2003-10-05,0.0020093956553850034,0.0015557015190259856,4.5369292082017966E-4,"{""type"":""MultiPoint"",""coordinates"":[]}"
20031006,2003-10-06,0.002083557492734791,0.001515426724573291,5.68130518641615E-4,"{""type"":""MultiPoint"",""coordinates"":[]}"
20031007,2003-10-07,0.002433726840260968,0.0016841547632721568,7.495722440833652E-4,"{""type"":""MultiPoint"",""coordinates"":[]}"
20031008,2003-10-08,0.0028751180125889857,0.0017423497785966303,0.001132768079127138,"{""type"":""MultiPoint"",""coordinates"":[]}"
20031009,2003-10-09,0.0035705907428110425,0.0019000799133614497,0.001670510585482908,"{""type"":""MultiPoint"",""coordinates"":[]}"
20031010,2003-10-10,0.0034570174602473113,0.0023661175946298333,0.0010909000073388933,"{""type"":""MultiPoint"",""coordinates"":[]}"
20031011,2003-10-11,0.0019044690402788647,0.0017106688484854493,1.9379979993706023E-4,"{""type"":""MultiPoint"",""coordinates"":[]}"
20031012,2003-10-12,0.001691439011767753,0.0015860221332172479,1.05417051332482E-4,"{""type"":""MultiPoint"",""coordinates"":[]}"
20031013,2003-10-13,0.0015790521593786464,0.0014984264196583157,8.06245709208077E-5,"{""type"":""MultiPoint"",""coordinates"":[]}"
20031014,2003-10-14,0.001570651244609069,0.0014338818568960703,1.3676928030195354E-4,"{""type"":""MultiPoint"",""coordinates"":[]}"
20031015,2003-10-15,0.0015108258184460238,0.001378050651546965,1.3277517140455053E-4,"{""type"":""MultiPoint"",""coordinates"":[]}"
20031016,2003-10-16,0.001407029095678014,0.0013079629456782108,9.90659033801733E-5,"{""type"":""MultiPoint"",""coordinates"":[]}"
20031017,2003-10-17,0.0013462231515467547,0.0012511570126800171,9.506496132418102E-5,"{""type"":""MultiPoint"",""coordinates"":[]}"
20031018,2003-10-18,0.0014441396223039318,0.0012319122919371417,2.1222731594223591E-4,"{""type"":""MultiPoint"",""coordinates"":[]}"
20031019,2003-10-19,0.001336162052695421,0.0011677704147864234,1.6839077744264358E-4,"{""type"":""MultiPoint"",""coordinates"":[]}"
20031020,2003-10-20,0.0013601884642917175,0.001152267826610602,2.079208020735548E-4,"{""type"":""MultiPoint"",""coordinates"":[]}"
20031021,2003-10-21,0.0014809681133986872,0.0011849705109281503,2.959975366010711E-4,"{""type"":""MultiPoint"",""coordinates"":[]}"
20031022,2003-10-22,0.0013604727120616774,0.001129251965072209,2.312196572563131E-4,"{""type"":""MultiPoint"",""coordinates"":[]}"
20031023,2003-10-23,0.0013332928995020248,0.001083799979464247,2.4949291164184944E-4,"{""type"":""MultiPoint"",""coordinates"":[]}"
20031024,2003-10-24,0.001867970623568672,0.0011931663251548961,6.748027662567079E-4,"{""type"":""MultiPoint"",""coordinates"":[]}"
20031025,2003-10-25,0.0016162498273592709,0.001099003279930031,5.172465152545999E-4,"{""type"":""MultiPoint"",""coordinates"":[]}"
20031026,2003-10-26,0.0013867952813344238,0.0010515491619450736,3.352465285419946E-4,"{""type"":""MultiPoint"",""coordinates"":[]}"
20031027,2003-10-27,0.0012749266408122904,0.0010101114755034489,2.6481447200390763E-4,"{""type"":""MultiPoint"",""coordinates"":[]}"
20031028,2003-10-28,0.0011389600984582486,9.940590510581528E-4,1.4490085230354602E-4,"{""type"":""MultiPoint"",""coordinates"":[]}"
20031029,2003-10-29,0.0010208015930570555,9.498453580827806E-4,7.095585306648167E-5,"{""type"":""MultiPoint"",""coordinates"":[]}"
20031030,2003-10-30,9.639361661801607E-4,9.212278248204953E-4,4.270752466108872E-5,"{""type"":""MultiPoint"",""coordinates"":[]}"
20031031,2003-10-31,9.646303595138195E-4,9.001964261214257E-4,6.44340379941437E-5,"{""type"":""MultiPoint"",""coordinates"":[]}"
20031101,2003-11-01,9.28316881139995E-4,8.799561170690018E-4,4.83600055898224E-5,"{""type"":""MultiPoint"",""coordinates"":[]}"
20031102,2003-11-02,8.978884774153934E-4,8.538815275891239E-4,4.4006967602902247E-5,"{""type"":""MultiPoint"",""coordinates"":[]}"
20031103,2003-11-03,9.095738521514433E-4,8.499625457560521E-4,5.9610557481260563E-5,"{""type"":""MultiPoint"",""coordinates"":[]}"
20031104,2003-11-04,8.925174204204059E-4,8.39144248727331E-4,5.3372814932749303E-5,"{""type"":""MultiPoint"",""coordinates"":[]}"
20031105,2003-11-05,8.771687243155584E-4,8.140393347558431E-4,6.312818915144376E-5,"{""type"":""MultiPoint"",""coordinates"":[]}"
20031106,2003-11-06,8.542256225427853E-4,7.837040366016288E-4,7.052063387673838E-5,"{""type"":""MultiPoint"",""coordinates"":[]}"
20031107,2003-11-07,8.791378591637227E-4,7.809764505734158E-4,9.816118637968267E-5,"{""type"":""MultiPoint"",""coordinates"":[]}"
20031108,2003-11-08,8.961672183340721E-4,7.711941431378248E-4,1.2497223035751992E-4,"{""type"":""MultiPoint"",""coordinates"":[]}"
20031109,2003-11-09,7.816361996989218E-4,7.319867951422451E-4,4.964961048233548E-5,"{""type"":""MultiPoint"",""coordinates"":[]}"
20031110,2003-11-10,7.423672726604775E-4,7.049859221987077E-4,3.7381001898746155E-5,"{""type"":""MultiPoint"",""coordinates"":[]}"
20031111,2003-11-11,7.171026315620657E-4,6.85768896445011E-4,3.133330188873838E-5,"{""type"":""MultiPoint"",""coordinates"":[]}"
20031112,2003-11-12,6.871867101170186E-4,6.66392429160658E-4,2.079491535656083E-5,"{""type"":""MultiPoint"",""coordinates"":[]}"
20031113,2003-11-13,6.63997216467349E-4,6.478852354588015E-4,1.6111544776734874E-5,"{""type"":""MultiPoint"",""coordinates"":[]}"
20031114,2003-11-14,6.635801052265804E-4,6.340218081697875E-4,2.9558246757430387E-5,"{""type"":""MultiPoint"",""coordinates"":[]}"
20031115,2003-11-15,6.453042929163675E-4,6.148299287929611E-4,3.047285559583294E-5,"{""type"":""MultiPoint"",""coordinates"":[]}"
20031116,2003-11-16,6.755942544233035E-4,6.112934753586545E-4,6.429924580406905E-5,"{""type"":""MultiPoint"",""coordinates"":[]}"
20031117,2003-11-17,6.163565423386406E-4,5.834288005568349E-4,3.292828034639729E-5,"{""type"":""MultiPoint"",""coordinates"":[]}"
20031118,2003-11-18,6.131066737954517E-4,5.72629818523634E-4,4.0477139720569863E-5,"{""type"":""MultiPoint"",""coordinates"":[]}"
20031119,2003-11-19,6.060049613496421E-4,5.672346861077879E-4,3.876829093305986E-5,"{""type"":""MultiPoint"",""coordinates"":[]}"
20031120,2003-11-20,6.297839590480648E-4,5.674074289390002E-4,6.237645105203836E-5,"{""type"":""MultiPoint"",""coordinates"":[]}"
20031121,2003-11-21,6.981962395323383E-4,5.669918602539695E-4,1.312043458878753E-4,"{""type"":""MultiPoint"",""coordinates"":[]}"
20031122,2003-11-22,6.994556143973584E-4,5.513996199623742E-4,1.480560909274383E-4,"{""type"":""MultiPoint"",""coordinates"":[]}"
20031123,2003-11-23,5.436484947303578E-4,5.178415664650576E-4,2.580700340189955E-5,"{""type"":""MultiPoint"",""coordinates"":[]}"
20031124,2003-11-24,5.144079350306738E-4,4.970234575393438E-4,1.738451355640628E-5,"{""type"":""MultiPoint"",""coordinates"":[]}"
20031125,2003-11-25,5.074642638446333E-4,4.8429223196524984E-4,2.317027660779005E-5,"{""type"":""MultiPoint"",""coordinates"":[]}"
20031126,2003-11-26,5.103334165242519E-4,4.731248015390835E-4,3.720848663027297E-5,"{""type"":""MultiPoint"",""coordinates"":[]}"
20031127,2003-11-27,5.647869101637306E-4,4.8302587169937896E-4,8.176148556362328E-5,"{""type"":""MultiPoint"",""coordinates"":[]}"
20031128,2003-11-28,5.398350318849453E-4,4.677241020570319E-4,7.211112777948174E-5,"{""type"":""MultiPoint"",""coordinates"":[]}"
20031129,2003-11-29,5.211780377909895E-4,4.634567590724451E-4,5.771961667189017E-5,"{""type"":""MultiPoint"",""coordinates"":[]}"
20031130,2003-11-30,4.826811156675397E-4,4.483249222385311E-4,3.4356218573527226E-5,"{""type"":""MultiPoint"",""coordinates"":[]}"
20031201,2003-12-01,4.4182246894380466E-4,4.296462992451406E-4,1.2174592746021995E-5,"{""type"":""MultiPoint"",""coordinates"":[]}"
20031202,2003-12-02,4.3501061283247134E-4,4.1961990853361643E-4,1.538922078993831E-5,"{""type"":""MultiPoint"",""coordinates"":[]}"
20031203,2003-12-03,4.321956877674069E-4,4.113806736465649E-4,2.0813510872128555E-5,"{""type"":""MultiPoint"",""coordinates"":[]}"
20031204,2003-12-04,4.3221607176413394E-4,4.0218545726006596E-4,3.0028657367853705E-5,"{""type"":""MultiPoint"",""coordinates"":[]}"
20031205,2003-12-05,4.2537130205620857E-4,3.9686711745576047E-4,2.8504185241069435E-5,"{""type"":""MultiPoint"",""coordinates"":[]}"
20031206,2003-12-06,4.2148569290299966E-4,3.9337160160950825E-4,2.8112258061745968E-5,"{""type"":""MultiPoint"",""coordinates"":[]}"
20031207,2003-12-07,3.9638054662630503E-4,3.801216389988854E-4,1.6261450379739785E-5,"{""type"":""MultiPoint"",""coordinates"":[]}"
20031208,2003-12-08,3.918287071267196E-4,3.719534547148791E-4,1.9873642555440463E-5,"{""type"":""MultiPoint"",""coordinates"":[]}"
20031209,2003-12-09,3.820427084779146E-4,3.6327844005489213E-4,1.8762921033157003E-5,"{""type"":""MultiPoint"",""coordinates"":[]}"
20031210,2003-12-10,3.7184904729706454E-4,3.5551349262226656E-4,1.633366855907919E-5,"{""type"":""MultiPoint"",""coordinates"":[]}"
20031211,2003-12-11,3.620264110502322E-4,3.4829847365404695E-4,1.3727902821303834E-5,"{""type"":""MultiPoint"",""coordinates"":[]}"
20031212,2003-12-12,3.581279899074395E-4,3.409597623512218E-4,1.7168271678474238E-5,"{""type"":""MultiPoint"",""coordinates"":[]}"
20031213,2003-12-13,3.580376077579261E-4,3.348680058637694E-4,2.316794414748444E-5,"{""type"":""MultiPoint"",""coordinates"":[]}"
20031214,2003-12-14,3.4467696489154945E-4,3.2750467177395363E-4,1.7172210924326363E-5,"{""type"":""MultiPoint"",""coordinates"":[]}"
20031215,2003-12-15,4.848864557045614E-4,3.387011144261958E-4,1.461853301390234E-4,"{""type"":""MultiPoint"",""coordinates"":[]}"
20031216,2003-12-16,5.315950453098677E-4,3.321348292964483E-4,1.9946022348356812E-4,"{""type"":""MultiPoint"",""coordinates"":[]}"
20031217,2003-12-17,3.877740935751723E-4,3.1066697631189463E-4,7.710646257213978E-5,"{""type"":""MultiPoint"",""coordinates"":[]}"
20031218,2003-12-18,3.1647775466543806E-4,3.031517171080512E-4,1.3325917932251076E-5,"{""type"":""MultiPoint"",""coordinates"":[]}"
20031219,2003-12-19,3.203393121519176E-4,2.9775019685261765E-4,2.2588306475009404E-5,"{""type"":""MultiPoint"",""coordinates"":[]}"
20031220,2003-12-20,3.168251617697053E-4,2.9308379678565983E-4,2.374007992326527E-5,"{""type"":""MultiPoint"",""coordinates"":[]}"
20031221,2003-12-21,3.021938016965196E-4,2.876426660991145E-4,1.4549739388538872E-5,"{""type"":""MultiPoint"",""coordinates"":[]}"
20031222,2003-12-22,2.927575224329537E-4,2.8241498944512613E-4,1.0341185546830573E-5,"{""type"":""MultiPoint"",""coordinates"":[]}"
20031223,2003-12-23,2.85809038897797E-4,2.774731298518445E-4,8.33596486705E-6,"{""type"":""MultiPoint"",""coordinates"":[]}"
20031224,2003-12-24,2.841377243120151E-4,2.7276173623937E-4,1.1373367460469599E-5,"{""type"":""MultiPoint"",""coordinates"":[]}"
20031225,2003-12-25,2.783032245260075E-4,2.6804664045477534E-4,1.0256587574738804E-5,"{""type"":""MultiPoint"",""coordinates"":[]}"
20031226,2003-12-26,2.777901197786273E-4,2.641022636276228E-4,1.368768147961353E-5,"{""type"":""MultiPoint"",""coordinates"":[]}"
20031227,2003-12-27,2.8273269573233535E-4,2.5932044558058556E-4,2.3411844959354333E-5,"{""type"":""MultiPoint"",""coordinates"":[]}"
20031228,2003-12-28,3.0342223883159797E-4,2.557312705818679E-4,4.7690921308345565E-5,"{""type"":""MultiPoint"",""coordinates"":[]}"
20031229,2003-12-29,2.7306641675819076E-4,2.5191636522338407E-4,2.1148515466898215E-5,"{""type"":""MultiPoint"",""coordinates"":[]}"
20031230,2003-12-30,2.618513030265361E-4,2.473046520327205E-4,1.4546472552934694E-5,"{""type"":""MultiPoint"",""coordinates"":[]}"
20031231,2003-12-31,2.5673820473818626E-4,2.4340353087558676E-4,1.3332030782454455E-5,"{""type"":""MultiPoint"",""coordinates"":[]}"
20040101,2004-01-01,2.507589096920342E-4,2.3955104116252438E-4,1.1206724221593729E-5,"{""type"":""MultiPoint"",""coordinates"":[]}"
20040102,2004-01-02,2.45953630816693E-4,2.3584717438848664E-4,1.010645666469076E-5,"{""type"":""MultiPoint"",""coordinates"":[]}"
20040103,2004-01-03,2.4246737028372762E-4,2.3228183306768396E-4,1.0184521228115942E-5,"{""type"":""MultiPoint"",""coordinates"":[]}"
20040104,2004-01-04,2.3586450227181823E-4,2.286348099721103E-4,7.229607653098835E-6,"{""type"":""MultiPoint"",""coordinates"":[]}"
20040105,2004-01-05,2.347152552707612E-4,2.2515197712139946E-4,9.563500867369494E-6,"{""type"":""MultiPoint"",""coordinates"":[]}"
20040106,2004-01-06,2.296029820223427E-4,2.217261756070198E-4,7.876452418569945E-6,"{""type"":""MultiPoint"",""coordinates"":[]}"
20040107,2004-01-07,2.263172099173982E-4,2.1834898515825967E-4,7.968462575264084E-6,"{""type"":""MultiPoint"",""coordinates"":[]}"
20040108,2004-01-08,2.2567303655462504E-4,2.150183666609786E-4,1.0654581201730833E-5,"{""type"":""MultiPoint"",""coordinates"":[]}"
20040109,2004-01-09,2.2415144010130042E-4,2.117723281039887E-4,1.237575808240793E-5,"{""type"":""MultiPoint"",""coordinates"":[]}"
20040110,2004-01-10,2.2306263957287288E-4,2.08571355081564E-4,1.4491170915941135E-5,"{""type"":""MultiPoint"",""coordinates"":[]}"
20040111,2004-01-11,2.2223412899406047E-4,2.0560039123941257E-4,1.663382062836259E-5,"{""type"":""MultiPoint"",""coordinates"":[]}"
20040112,2004-01-12,2.2034400431098457E-4,2.0231130803599541E-4,1.8031160206097243E-5,"{""type"":""MultiPoint"",""coordinates"":[]}"
20040113,2004-01-13,2.1560640462886765E-4,1.9934792677984644E-4,1.6257512270093627E-5,"{""type"":""MultiPoint"",""coordinates"":[]}"
20040114,2004-01-14,2.2140315238608577E-4,1.9661950207723158E-4,2.4783237380326455E-5,"{""type"":""MultiPoint"",""coordinates"":[]}"
20040115,2004-01-15,2.1437242313793775E-4,1.9353335415364938E-4,2.083550031907693E-5,"{""type"":""MultiPoint"",""coordinates"":[]}"
20040116,2004-01-16,2.2417045812177846E-4,1.908199566952032E-4,3.3350719111057794E-5,"{""type"":""MultiPoint"",""coordinates"":[]}"
20040117,2004-01-17,2.391060786056745E-4,1.9045986498228678E-4,4.864551995807399E-5,"{""type"":""MultiPoint"",""coordinates"":[]}"
20040118,2004-01-18,2.0751423098757797E-4,1.854149478158701E-4,2.2099260649164774E-5,"{""type"":""MultiPoint"",""coordinates"":[]}"
20040119,2004-01-19,2.1092271772653914E-4,1.8379526311539018E-4,2.712750269119787E-5,"{""type"":""MultiPoint"",""coordinates"":[]}"
20040120,2004-01-20,2.022617398080263E-4,1.8052420911857824E-4,2.1736678187845532E-5,"{""type"":""MultiPoint"",""coordinates"":[]}"
20040121,2004-01-21,2.331029983736597E-4,1.845513034659263E-4,4.855094410074684E-5,"{""type"":""MultiPoint"",""coordinates"":[]}"
20040122,2004-01-22,2.3978837828640315E-4,1.8347959265219087E-4,5.630903598990246E-5,"{""type"":""MultiPoint"",""coordinates"":[]}"
20040123,2004-01-23,2.6016614384493937E-4,1.7919237624822355E-4,8.097327539926025E-5,"{""type"":""MultiPoint"",""coordinates"":[]}"
20040124,2004-01-24,2.7040689289689634E-4,1.7738923455751956E-4,9.301761934405924E-5,"{""type"":""MultiPoint"",""coordinates"":[]}"
20040125,2004-01-25,2.2557239159077934E-4,1.756333684759285E-4,4.993895241294547E-5,"{""type"":""MultiPoint"",""coordinates"":[]}"
20040126,2004-01-26,2.026063500598672E-4,1.7121338463489411E-4,3.139314355906399E-5,"{""type"":""MultiPoint"",""coordinates"":[]}"
20040127,2004-01-27,1.8798923744446503E-4,1.6914752025315113E-4,1.884151152131238E-5,"{""type"":""MultiPoint"",""coordinates"":[]}"
20040128,2004-01-28,1.8261134119834551E-4,1.6753554843804938E-4,1.5075556943716245E-5,"{""type"":""MultiPoint"",""coordinates"":[]}"
20040129,2004-01-29,1.8488160911486935E-4,1.654420205436209E-4,1.9438607624287358E-5,"{""type"":""MultiPoint"",""coordinates"":[]}"
20040130,2004-01-30,1.9656168175817874E-4,1.6619242050112067E-4,3.0368512675284967E-5,"{""type"":""MultiPoint"",""coordinates"":[]}"
20040131,2004-01-31,1.9232937101137013E-4,1.6346823494915052E-4,2.8860777690262175E-5,"{""type"":""MultiPoint"",""coordinates"":[]}"
20040201,2004-02-01,1.8993395770370967E-4,1.6041440188929138E-4,2.9518671347127695E-5,"{""type"":""MultiPoint"",""coordinates"":[]}"
20040202,2004-02-02,1.9553570992074084E-4,1.605306006036594E-4,3.500441121363173E-5,"{""type"":""MultiPoint"",""coordinates"":[]}"
20040203,2004-02-03,1.8334307970345622E-4,1.5909534302207097E-4,2.424619063492351E-5,"{""type"":""MultiPoint"",""coordinates"":[]}"
20040204,2004-02-04,1.7459941113545424E-4,1.5708690292202257E-4,1.751250821490655E-5,"{""type"":""MultiPoint"",""coordinates"":[]}"
20040205,2004-02-05,1.791446124663117E-4,1.5565391214710937E-4,2.3489423700565232E-5,"{""type"":""MultiPoint"",""coordinates"":[]}"
20040206,2004-02-06,1.8131140045376062E-4,1.540563068588701E-4,2.725440175606104E-5,"{""type"":""MultiPoint"",""coordinates"":[]}"
20040207,2004-02-07,1.6813964703462242E-4,1.5215993141987836E-4,1.597845430366798E-5,"{""type"":""MultiPoint"",""coordinates"":[]}"
20040208,2004-02-08,1.8191954696339908E-4,1.506871999941251E-4,3.123062657640243E-5,"{""type"":""MultiPoint"",""coordinates"":[]}"
20040209,2004-02-09,2.1040479962904112E-4,1.5397788616295887E-4,5.642685407559685E-5,"{""type"":""MultiPoint"",""coordinates"":[]}"
20040210,2004-02-10,1.7501636941565842E-4,1.4779491291262904E-4,2.7219826331108507E-5,"{""type"":""MultiPoint"",""coordinates"":[]}"
20040211,2004-02-11,1.7240098155246178E-4,1.4526760244171265E-4,2.713150242145942E-5,"{""type"":""MultiPoint"",""coordinates"":[]}"
20040212,2004-02-12,1.671755708216511E-4,1.4373266636066994E-4,2.344281848937186E-5,"{""type"":""MultiPoint"",""coordinates"":[]}"
20040213,2004-02-13,1.6770510046948718E-4,1.4208929548206896E-4,2.561418695829964E-5,"{""type"":""MultiPoint"",""coordinates"":[]}"
20040214,2004-02-14,1.618984827400539E-4,1.4035849046160112E-4,2.1540232993353784E-5,"{""type"":""MultiPoint"",""coordinates"":[]}"
20040215,2004-02-15,1.6100789741446523E-4,1.3868500059837895E-4,2.232202657964051E-5,"{""type"":""MultiPoint"",""coordinates"":[]}"
20040216,2004-02-16,1.6198229567394195E-4,1.374018541829516E-4,2.457946330956689E-5,"{""type"":""MultiPoint"",""coordinates"":[]}"
20040217,2004-02-17,1.9005459965413187E-4,1.3707573583019805E-4,5.297730511941952E-5,"{""type"":""MultiPoint"",""coordinates"":[]}"
20040218,2004-02-18,1.7847460915987093E-4,1.3786484996319728E-4,4.0607881420343254E-5,"{""type"":""MultiPoint"",""coordinates"":[]}"
20040219,2004-02-19,1.710495709191602E-4,1.3400949032358662E-4,3.703809737677013E-5,"{""type"":""MultiPoint"",""coordinates"":[]}"
20040220,2004-02-20,1.6843172574476122E-4,1.327697545795872E-4,3.566050020319655E-5,"{""type"":""MultiPoint"",""coordinates"":[]}"
20040221,2004-02-21,1.6269137802992693E-4,1.3114071797847734E-4,3.154863883882233E-5,"{""type"":""MultiPoint"",""coordinates"":[]}"
20040222,2004-02-22,1.8483730142921176E-4,1.3149321734119766E-4,5.334035024618008E-5,"{""type"":""MultiPoint"",""coordinates"":[]}"
20040223,2004-02-23,1.6720179326131247E-4,1.3039173109003903E-4,3.680923319075788E-5,"{""type"":""MultiPoint"",""coordinates"":[]}"
20040224,2004-02-24,1.6057658858901404E-4,1.2943098981325042E-4,3.1145642960951266E-5,"{""type"":""MultiPoint"",""coordinates"":[]}"
20040225,2004-02-25,1.635771411320763E-4,1.2794193053211118E-4,3.563425560088068E-5,"{""type"":""MultiPoint"",""coordinates"":[]}"
20040226,2004-02-26,1.8883028086164958E-4,1.2731833370455302E-4,6.151162775587418E-5,"{""type"":""MultiPoint"",""coordinates"":[]}"
20040227,2004-02-27,2.0642667704920523E-4,1.2908701408452175E-4,7.73397188728031E-5,"{""type"":""MultiPoint"",""coordinates"":[]}"
20040228,2004-02-28,2.687164837159572E-4,1.3340907764121092E-4,1.3530600972625113E-4,"{""type"":""MultiPoint"",""coordinates"":[]}"
20040229,2004-02-29,2.7318510939211186E-4,1.3510014224437297E-4,1.3808347908268964E-4,"{""type"":""MultiPoint"",""coordinates"":[]}"
20040301,2004-03-01,2.4168309635975272E-4,1.340586881872419E-4,1.0762327656886255E-4,"{""type"":""MultiPoint"",""coordinates"":[]}"
20040302,2004-03-02,1.9336341932747948E-4,1.2989990648830927E-4,6.346253088579893E-5,"{""type"":""MultiPoint"",""coordinates"":[]}"
20040303,2004-03-03,1.9787694601596442E-4,1.3021994887895986E-4,6.765832917850162E-5,"{""type"":""MultiPoint"",""coordinates"":[]}"
20040304,2004-03-04,2.0186588312098622E-4,1.2957412361967301E-4,7.2290132775376E-5,"{""type"":""MultiPoint"",""coordinates"":[]}"
20040305,2004-03-05,2.4070180299953125E-4,1.3046695926883768E-4,1.1023392448153694E-4,"{""type"":""MultiPoint"",""coordinates"":[]}"
20040306,2004-03-06,2.5893331629976517E-4,1.3444489089723546E-4,1.2448718204262327E-4,"{""type"":""MultiPoint"",""coordinates"":[]}"
20040307,2004-03-07,2.0749306960962405E-4,1.3572595156835312E-4,7.176722949958819E-5,"{""type"":""MultiPoint"",""coordinates"":[]}"
20040308,2004-03-08,2.1073875936710593E-4,1.313991527927929E-4,7.933835116108483E-5,"{""type"":""MultiPoint"",""coordinates"":[]}"
20040309,2004-03-09,2.228815436157577E-4,1.287384778456788E-4,9.414225317678999E-5,"{""type"":""MultiPoint"",""coordinates"":[]}"
20040310,2004-03-10,2.544585315906403E-4,1.2912782982075097E-4,1.253289846022498E-4,"{""type"":""MultiPoint"",""coordinates"":[]}"
20040311,2004-03-11,2.3933946267223517E-4,1.3022695864604611E-4,1.0911177944289536E-4,"{""type"":""MultiPoint"",""coordinates"":[]}"
20040312,2004-03-12,2.456297271123185E-4,1.2895691311741588E-4,1.1666977183751961E-4,"{""type"":""MultiPoint"",""coordinates"":[]}"
20040313,2004-03-13,2.498368986785565E-4,1.2913759773403678E-4,1.2069784412783999E-4,"{""type"":""MultiPoint"",""coordinates"":[]}"
20040314,2004-03-14,2.561799337021546E-4,1.2872771275897438E-4,1.2745018785570062E-4,"{""type"":""MultiPoint"",""coordinates"":[]}"
20040315,2004-03-15,2.5649691189027324E-4,1.2849436660462366E-4,1.2800115097996492E-4,"{""type"":""MultiPoint"",""coordinates"":[]}"
20040316,2004-03-16,2.6384376800194935E-4,1.2700492989660037E-4,1.368386307435757E-4,"{""type"":""MultiPoint"",""coordinates"":[]}"
20040317,2004-03-17,2.7573795012904545E-4,1.258462050997493E-4,1.498903756508213E-4,"{""type"":""MultiPoint"",""coordinates"":[]}"
20040318,2004-03-18,3.3922904521390367E-4,1.2796448773298494E-4,2.1126349047237514E-4,"{""type"":""MultiPoint"",""coordinates"":[]}"
20040319,2004-03-19,5.118968885707893E-4,1.4411863779890756E-4,3.677771162488085E-4,"{""type"":""MultiPoint"",""coordinates"":[]}"
20040320,2004-03-20,3.8520714419965454E-4,1.390246858618404E-4,2.4618110951970217E-4,"{""type"":""MultiPoint"",""coordinates"":[]}"
20040321,2004-03-21,4.68024374500728E-4,1.485641921574459E-4,3.194590362039646E-4,"{""type"":""MultiPoint"",""coordinates"":[]}"
20040322,2004-03-22,5.253397412468347E-4,1.6933174494005652E-4,3.5600787421994436E-4,"{""type"":""MultiPoint"",""coordinates"":[]}"
20040323,2004-03-23,5.876820258451488E-4,1.8632242172409087E-4,4.0135970133230403E-4,"{""type"":""MultiPoint"",""coordinates"":[]}"
20040324,2004-03-24,7.031291166281262E-4,2.0624881664048461E-4,4.968788809386256E-4,"{""type"":""MultiPoint"",""coordinates"":[]}"
20040325,2004-03-25,5.983927765525255E-4,1.910937267368018E-4,4.072977613586155E-4,"{""type"":""MultiPoint"",""coordinates"":[]}"
20040326,2004-03-26,4.947932861263965E-4,1.8026903046562678E-4,3.1452399489780545E-4,"{""type"":""MultiPoint"",""coordinates"":[]}"
20040327,2004-03-27,5.18704564034041E-4,1.986864549713589E-4,3.200179835623134E-4,"{""type"":""MultiPoint"",""coordinates"":[]}"
20040328,2004-03-28,6.166573475670771E-4,2.582879807182214E-4,3.583694519040258E-4,"{""type"":""MultiPoint"",""coordinates"":[]}"
20040329,2004-03-29,4.029789500925205E-4,2.0217280694948662E-4,2.0080589694966352E-4,"{""type"":""MultiPoint"",""coordinates"":[]}"
20040330,2004-03-30,4.6481773312211165E-4,2.2616316519412448E-4,2.3865265387123722E-4,"{""type"":""MultiPoint"",""coordinates"":[]}"
20040331,2004-03-31,3.348006860508793E-4,1.986788709074528E-4,1.361207558051342E-4,"{""type"":""MultiPoint"",""coordinates"":[]}"
20040401,2004-04-01,2.8577167465399916E-4,1.6954287795204842E-4,1.1622831083008029E-4,"{""type"":""MultiPoint"",""coordinates"":[]}"
20040402,2004-04-02,3.192264353181503E-4,1.6237499855255403E-4,1.5685116342422742E-4,"{""type"":""MultiPoint"",""coordinates"":[]}"
20040403,2004-04-03,3.705631527951135E-4,1.659219928668371E-4,2.04640646910866E-4,"{""type"":""MultiPoint"",""coordinates"":[]}"
20040404,2004-04-04,3.216593818609523E-4,1.6162941908837272E-4,1.600289161592047E-4,"{""type"":""MultiPoint"",""coordinates"":[]}"
20040405,2004-04-05,3.171723852019222E-4,1.577261632307584E-4,1.5944610378951628E-4,"{""type"":""MultiPoint"",""coordinates"":[]}"
20040406,2004-04-06,3.7429493911609875E-4,1.6124656128869042E-4,2.130477724616723E-4,"{""type"":""MultiPoint"",""coordinates"":[]}"
20040407,2004-04-07,4.0298779255840323E-4,1.6046947375160712E-4,2.4251781987912624E-4,"{""type"":""MultiPoint"",""coordinates"":[]}"
20040408,2004-04-08,3.966517360510636E-4,1.5546618782085877E-4,2.411849919022545E-4,"{""type"":""MultiPoint"",""coordinates"":[]}"
20040409,2004-04-09,5.879080299651679E-4,1.8941019628068823E-4,3.9849769848776604E-4,"{""type"":""MultiPoint"",""coordinates"":[]}"
20040410,2004-04-10,5.992195241132871E-4,2.56393870404458E-4,3.42825513185566E-4,"{""type"":""MultiPoint"",""coordinates"":[]}"
20040411,2004-04-11,7.399166403471543E-4,3.0794416732093276E-4,4.319724193354489E-4,"{""type"":""MultiPoint"",""coordinates"":[]}"
20040412,2004-04-12,8.525575561501765E-4,3.554991488214909E-4,4.970576929869778E-4,"{""type"":""MultiPoint"",""coordinates"":[]}"
20040413,2004-04-13,0.0011441316224431882,5.135475257979467E-4,6.305834468814314E-4,"{""type"":""MultiPoint"",""coordinates"":[]}"
20040414,2004-04-14,0.0013336622733428848,6.243475500412982E-4,7.09315273062553E-4,"{""type"":""MultiPoint"",""coordinates"":[]}"
20040415,2004-04-15,0.0017888140416663146,8.511945241340031E-4,9.376188419312455E-4,"{""type"":""MultiPoint"",""coordinates"":[]}"
20040416,2004-04-16,0.0013682219425440866,7.523420793174445E-4,6.158793500587865E-4,"{""type"":""MultiPoint"",""coordinates"":[]}"
20040417,2004-04-17,0.0012279589077408418,6.030111050884828E-4,6.249463827901513E-4,"{""type"":""MultiPoint"",""coordinates"":[]}"
20040418,2004-04-18,0.0012158146838901866,5.609241599525053E-4,6.548903810594078E-4,"{""type"":""MultiPoint"",""coordinates"":[]}"
20040419,2004-04-19,8.962331048223615E-4,4.6140858946778205E-4,4.3482370041021424E-4,"{""type"":""MultiPoint"",""coordinates"":[]}"
20040420,2004-04-20,5.03110104680512E-4,2.96958784462997E-4,2.0615110556799603E-4,"{""type"":""MultiPoint"",""coordinates"":[]}"
20040421,2004-04-21,4.953281211728356E-4,2.6890691862508384E-4,2.2642080617656237E-4,"{""type"":""MultiPoint"",""coordinates"":[]}"
20040422,2004-04-22,6.582892175637725E-4,2.7523727610407727E-4,3.830519909561911E-4,"{""type"":""MultiPoint"",""coordinates"":[]}"
20040423,2004-04-23,6.880248334439896E-4,2.8167557235468513E-4,4.063491667138999E-4,"{""type"":""MultiPoint"",""coordinates"":[]}"
20040424,2004-04-24,5.505238419068512E-4,2.719844199389352E-4,2.785386776939911E-4,"{""type"":""MultiPoint"",""coordinates"":[]}"
20040425,2004-04-25,4.1513064339826397E-4,2.55518425762218E-4,1.5961158809532666E-4,"{""type"":""MultiPoint"",""coordinates"":[]}"
20040426,2004-04-26,4.948199282523321E-4,2.52860884288345E-4,2.4195892832417566E-4,"{""type"":""MultiPoint"",""coordinates"":[]}"
20040427,2004-04-27,4.4676903015749506E-4,2.379538909442063E-4,2.0881501118534125E-4,"{""type"":""MultiPoint"",""coordinates"":[]}"
20040428,2004-04-28,4.6166622012111936E-4,2.3419955421401722E-4,2.2746595769874476E-4,"{""type"":""MultiPoint"",""coordinates"":[]}"
20040429,2004-04-29,4.8180812170953543E-4,2.3109918151006465E-4,2.507086842187992E-4,"{""type"":""MultiPoint"",""coordinates"":[]}"
20040430,2004-04-30,6.853734626370289E-4,2.5296130893540726E-4,4.3241197304486815E-4,"{""type"":""MultiPoint"",""coordinates"":[]}"
20040501,2004-05-01,5.096668654049467E-4,2.334293987336264E-4,2.762375979466234E-4,"{""type"":""MultiPoint"",""coordinates"":[]}"
20040502,2004-05-02,5.774681579186562E-4,2.547910593605701E-4,3.226760675030141E-4,"{""type"":""MultiPoint"",""coordinates"":[]}"
20040503,2004-05-03,5.660771937837184E-4,2.823952453265771E-4,2.836812486702776E-4,"{""type"":""MultiPoint"",""coordinates"":[]}"
20040504,2004-05-04,4.6111665227256687E-4,2.5654727264626053E-4,2.0456932589964355E-4,"{""type"":""MultiPoint"",""coordinates"":[]}"
20040505,2004-05-05,4.1161736799201574E-4,2.400709670663038E-4,1.7154533585427443E-4,"{""type"":""MultiPoint"",""coordinates"":[]}"
20040506,2004-05-06,4.770812134495271E-4,2.5994219183094266E-4,2.1713814409685125E-4,"{""type"":""MultiPoint"",""coordinates"":[]}"
20040507,2004-05-07,4.7644132979487823E-4,2.4875731993378563E-4,2.2768311486754964E-4,"{""type"":""MultiPoint"",""coordinates"":[]}"
20040508,2004-05-08,4.204678503593752E-4,2.1584684981892677E-4,2.0462076108368287E-4,"{""type"":""MultiPoint"",""coordinates"":[]}"
20040509,2004-05-09,5.27079325968988E-4,2.1772040196802356E-4,3.093578641724962E-4,"{""type"":""MultiPoint"",""coordinates"":[]}"
20040510,2004-05-10,8.823787234636839E-4,2.4967978726892837E-4,6.326984840054181E-4,"{""type"":""MultiPoint"",""coordinates"":[]}"
20040511,2004-05-11,0.0010107639906979135,2.976038814663559E-4,7.131595450012958E-4,"{""type"":""MultiPoint"",""coordinates"":[]}"
20040512,2004-05-12,0.0010069954709875416,3.1911930358269016E-4,6.878761088226395E-4,"{""type"":""MultiPoint"",""coordinates"":[]}"
20040513,2004-05-13,0.0013539277313607233,4.206614287615952E-4,9.332659038281915E-4,"{""type"":""MultiPoint"",""coordinates"":[]}"
20040514,2004-05-14,0.0014380376403735399,4.953208568346416E-4,9.427161740147762E-4,"{""type"":""MultiPoint"",""coordinates"":[]}"
20040515,2004-05-15,0.0013984899195505767,5.186855075708611E-4,8.798043572328777E-4,"{""type"":""MultiPoint"",""coordinates"":[]}"
20040516,2004-05-16,7.98944844981533E-4,3.504773143042682E-4,4.4846719735493743E-4,"{""type"":""MultiPoint"",""coordinates"":[]}"
20040517,2004-05-17,0.0010659397484823684,3.830480006857903E-4,6.828912586773487E-4,"{""type"":""MultiPoint"",""coordinates"":[]}"
20040518,2004-05-18,0.0017225663147818068,6.00345034743549E-4,0.00112222201949449,"{""type"":""MultiPoint"",""coordinates"":[]}"
20040519,2004-05-19,0.002574849170805724,9.522990982307165E-4,0.0016225493968810218,"{""type"":""MultiPoint"",""coordinates"":[]}"
20040520,2004-05-20,0.0013682312694088539,4.932253046390327E-4,8.750055639039547E-4,"{""type"":""MultiPoint"",""coordinates"":[]}"
20040521,2004-05-21,0.001689682316272993,5.561273037343509E-4,0.0011335549083316885,"{""type"":""MultiPoint"",""coordinates"":[]}"
20040522,2004-05-22,0.0017119943499130385,6.41550802063272E-4,0.0010704434218892136,"{""type"":""MultiPoint"",""coordinates"":[]}"
20040523,2004-05-23,0.0016992854012228991,7.845631231745472E-4,9.147221645708254E-4,"{""type"":""MultiPoint"",""coordinates"":[]}"
20040524,2004-05-24,0.0011239632180136297,5.452587480906774E-4,5.787037926704315E-4,"{""type"":""MultiPoint"",""coordinates"":[]}"
20040525,2004-05-25,0.001132700162345421,5.14750957817387E-4,6.179490463648177E-4,"{""type"":""MultiPoint"",""coordinates"":[]}"
20040526,2004-05-26,9.677664203802415E-4,4.988764890937939E-4,4.6888965977352976E-4,"{""type"":""MultiPoint"",""coordinates"":[]}"
20040527,2004-05-27,0.0010258597678919474,4.899415485686449E-4,5.359179174661623E-4,"{""type"":""MultiPoint"",""coordinates"":[]}"
20040528,2004-05-28,9.524694578769817E-4,4.873441802747056E-4,4.651250107339878E-4,"{""type"":""MultiPoint"",""coordinates"":[]}"
20040529,2004-05-29,9.806729561484529E-4,4.720260722531784E-4,5.086466851826301E-4,"{""type"":""MultiPoint"",""coordinates"":[]}"
20040530,2004-05-30,0.0010269161359045117,4.799293954474634E-4,5.469861050809211E-4,"{""type"":""MultiPoint"",""coordinates"":[]}"
20040531,2004-05-31,0.0011632083183826464,4.9026482851756E-4,6.729427171983023E-4,"{""type"":""MultiPoint"",""coordinates"":[]}"
20040601,2004-06-01,0.001234799674495241,4.95359029954844E-4,7.394404695622134E-4,"{""type"":""MultiPoint"",""coordinates"":[]}"
20040602,2004-06-02,0.001292482569069005,5.271963556914412E-4,7.6528615956142E-4,"{""type"":""MultiPoint"",""coordinates"":[]}"
20040603,2004-06-03,0.001602374076229382,6.94183852273253E-4,9.081900078306737E-4,"{""type"":""MultiPoint"",""coordinates"":[]}"
20040604,2004-06-04,0.0014684733603837125,7.315381454224045E-4,7.36935052376181E-4,"{""type"":""MultiPoint"",""coordinates"":[]}"
20040605,2004-06-05,0.0012386374543141869,6.147141054523416E-4,6.239229706660183E-4,"{""type"":""MultiPoint"",""coordinates"":[]}"
20040606,2004-06-06,0.0011894295705462974,5.688140373882885E-4,6.206154753688321E-4,"{""type"":""MultiPoint"",""coordinates"":[]}"
20040607,2004-06-07,0.001448481513727531,7.245882064344083E-4,7.238932387800493E-4,"{""type"":""MultiPoint"",""coordinates"":[]}"
20040608,2004-06-08,0.0016332842478302698,8.180740863587243E-4,8.152101716973996E-4,"{""type"":""MultiPoint"",""coordinates"":[]}"
20040609,2004-06-09,0.0016319309165673352,8.581635660201628E-4,7.737672446740117E-4,"{""type"":""MultiPoint"",""coordinates"":[]}"
20040610,2004-06-10,0.0015129703100688193,7.575161818872275E-4,7.554540377993777E-4,"{""type"":""MultiPoint"",""coordinates"":[]}"
20040611,2004-06-11,0.0015332371602364474,7.036647025090849E-4,8.295721969201527E-4,"{""type"":""MultiPoint"",""coordinates"":[]}"
20040612,2004-06-12,0.0020026716111462618,8.06522228974381E-4,0.0011961492023430688,"{""type"":""MultiPoint"",""coordinates"":[]}"
20040613,2004-06-13,0.0025509912261125135,9.94173556831487E-4,0.001556817531638346,"{""type"":""MultiPoint"",""coordinates"":[]}"
20040614,2004-06-14,0.002279355363857265,9.327702447863937E-4,0.0013465850600889488,"{""type"":""MultiPoint"",""coordinates"":[]}"
20040615,2004-06-15,0.002364327437599086,0.001000758595569223,0.0013635688320286937,"{""type"":""MultiPoint"",""coordinates"":[]}"
20040616,2004-06-16,0.0028768399796834814,0.0011138319512747857,0.0017630080319967674,"{""type"":""MultiPoint"",""coordinates"":[]}"
20040617,2004-06-17,0.0034174282057214665,0.0013928451454987521,0.0020245828682535594,"{""type"":""MultiPoint"",""coordinates"":[]}"
20040618,2004-06-18,0.0037697679099258715,0.0013865127710338575,0.002383255114908775,"{""type"":""MultiPoint"",""coordinates"":[]}"
20040619,2004-06-19,0.00353007258976305,0.0015232161303945701,0.0020068564139492534,"{""type"":""MultiPoint"",""coordinates"":[]}"
20040620,2004-06-20,0.004232343517241545,0.001784096829362502,0.0024482464427643584,"{""type"":""MultiPoint"",""coordinates"":[]}"
20040621,2004-06-21,0.0048336280371506024,0.002070506556608078,0.002763121278418807,"{""type"":""MultiPoint"",""coordinates"":[]}"
20040622,2004-06-22,0.004176127560189774,0.00224722677361545,0.0019289004978654122,"{""type"":""MultiPoint"",""coordinates"":[]}"
20040623,2004-06-23,0.0032882451973559835,0.0018264108088343223,0.001461834314136305,"{""type"":""MultiPoint"",""coordinates"":[]}"
20040624,2004-06-24,0.0031060709219879316,0.0017196835428768375,0.0013863872175776059,"{""type"":""MultiPoint"",""coordinates"":[]}"
20040625,2004-06-25,0.002248752573830363,0.0013536875499730162,8.950649184876382E-4,"{""type"":""MultiPoint"",""coordinates"":[]}"
20040626,2004-06-26,0.0018917971766906569,0.0012101075297097973,6.816896612702116E-4,"{""type"":""MultiPoint"",""coordinates"":[]}"
20040627,2004-06-27,0.0018405127219445934,0.001169458534025055,6.710541281932545E-4,"{""type"":""MultiPoint"",""coordinates"":[]}"
20040628,2004-06-28,0.0019769393238526713,0.0012039482424251943,7.729908486856836E-4,"{""type"":""MultiPoint"",""coordinates"":[]}"
20040629,2004-06-29,0.0021490028889297012,0.0011799316654081222,9.690709751654351E-4,"{""type"":""MultiPoint"",""coordinates"":[]}"
20040630,2004-06-30,0.0021313313734400044,0.0011244086639644285,0.0010069221497630988,"{""type"":""MultiPoint"",""coordinates"":[]}"
20040701,2004-07-01,0.0018597246087103528,0.0010302708027931425,8.294535146713792E-4,"{""type"":""MultiPoint"",""coordinates"":[]}"
20040702,2004-07-02,0.0018277970036049151,9.7518817879199E-4,8.526089145333771E-4,"{""type"":""MultiPoint"",""coordinates"":[]}"
20040703,2004-07-03,0.002013010580304761,9.909597208814622E-4,0.0010220506650303015,"{""type"":""MultiPoint"",""coordinates"":[]}"
20040704,2004-07-04,0.00200432776396718,0.001056412348985744,9.47915483126267E-4,"{""type"":""MultiPoint"",""coordinates"":[]}"
20040705,2004-07-05,0.002631315724552044,0.0012572485700477383,0.0013740671786458593,"{""type"":""MultiPoint"",""coordinates"":[]}"
20040706,2004-07-06,0.0038196564271016013,0.0014788295621877845,0.002340826796924844,"{""type"":""MultiPoint"",""coordinates"":[]}"
20040707,2004-07-07,0.005833487356336769,0.0025074556300774373,0.0033260319104938354,"{""type"":""MultiPoint"",""coordinates"":[]}"
20040708,2004-07-08,0.005844176285699151,0.0025322033624919195,0.003311973073600886,"{""type"":""MultiPoint"",""coordinates"":[]}"
20040709,2004-07-09,0.005230289949348704,0.002752001319014432,0.0024782885599779936,"{""type"":""MultiPoint"",""coordinates"":[]}"
20040710,2004-07-10,0.005366203237688409,0.0028296104628194843,0.0025365926056170043,"{""type"":""MultiPoint"",""coordinates"":[]}"
20040711,2004-07-11,0.004111975578357462,0.002289298580696445,0.001822676745443934,"{""type"":""MultiPoint"",""coordinates"":[]}"
20040712,2004-07-12,0.003036350858119556,0.0019027294595631767,0.0011336213995647598,"{""type"":""MultiPoint"",""coordinates"":[]}"
20040713,2004-07-13,0.002793891479693461,0.0016703958294261574,0.0011234955379500716,"{""type"":""MultiPoint"",""coordinates"":[]}"
20040714,2004-07-14,0.002770652862095471,0.0017001805840425781,0.0010704722902866546,"{""type"":""MultiPoint"",""coordinates"":[]}"
20040715,2004-07-15,0.0032352737075748423,0.0018262983361115924,0.001408975577689799,"{""type"":""MultiPoint"",""coordinates"":[]}"
20040716,2004-07-16,0.0038627971680012057,0.001982218980134947,0.0018805779903380052,"{""type"":""MultiPoint"",""coordinates"":[]}"
20040717,2004-07-17,0.004222215806467582,0.0023060011908508805,0.0019162146040727255,"{""type"":""MultiPoint"",""coordinates"":[]}"
20040718,2004-07-18,0.0046047406754721526,0.00248488854974904,0.0021198519937378623,"{""type"":""MultiPoint"",""coordinates"":[]}"
20040719,2004-07-19,0.005033453427253203,0.002952355063242506,0.0020810983798880793,"{""type"":""MultiPoint"",""coordinates"":[]}"
20040720,2004-07-20,0.004404143933709582,0.002864100344560605,0.0015400437584013888,"{""type"":""MultiPoint"",""coordinates"":[]}"
20040721,2004-07-21,0.0032875186380406387,0.0022413083836954934,0.0010462102533982253,"{""type"":""MultiPoint"",""coordinates"":[]}"
20040722,2004-07-22,0.002476908677916288,0.001784682461059469,6.922262069859396E-4,"{""type"":""MultiPoint"",""coordinates"":[]}"
20040723,2004-07-23,0.0025032032762212697,0.001717065094413437,7.861377483395907E-4,"{""type"":""MultiPoint"",""coordinates"":[]}"
20040724,2004-07-24,0.002636309222839545,0.001743623397667651,8.926855462787998E-4,"{""type"":""MultiPoint"",""coordinates"":[]}"
20040725,2004-07-25,0.002486910621661202,0.0016528820334503224,8.34028455671542E-4,"{""type"":""MultiPoint"",""coordinates"":[]}"
20040726,2004-07-26,0.0026136612386200714,0.0017289275904333464,8.847334602933593E-4,"{""type"":""MultiPoint"",""coordinates"":[]}"
20040727,2004-07-27,0.0027159971505159573,0.001687299438336202,0.00102869792339804,"{""type"":""MultiPoint"",""coordinates"":[]}"
20040728,2004-07-28,0.003019150599898612,0.0018478855355996558,0.0011712649053599142,"{""type"":""MultiPoint"",""coordinates"":[]}"
20040729,2004-07-29,0.0036120720615417864,0.002077508261575353,0.001534563602091563,"{""type"":""MultiPoint"",""coordinates"":[]}"
20040730,2004-07-30,0.0030281225807947715,0.0018908978485799974,0.0011372247355108027,"{""type"":""MultiPoint"",""coordinates"":[]}"
20040731,2004-07-31,0.0024624736160024116,0.0017323788760393334,7.300948014032565E-4,"{""type"":""MultiPoint"",""coordinates"":[]}"
20040801,2004-08-01,0.002675323701761736,0.0018111775269577634,8.641460821921213E-4,"{""type"":""MultiPoint"",""coordinates"":[]}"
20040802,2004-08-02,0.00327405772594504,0.002116649714235378,0.001157408037311905,"{""type"":""MultiPoint"",""coordinates"":[]}"
20040803,2004-08-03,0.004332257035221626,0.002375904316464663,0.001956352740084303,"{""type"":""MultiPoint"",""coordinates"":[]}"
20040804,2004-08-04,0.005111503679160404,0.0026225776199897246,0.002488926032976981,"{""type"":""MultiPoint"",""coordinates"":[]}"
20040805,2004-08-05,0.004460554093745987,0.002652400032060901,0.001808153968155819,"{""type"":""MultiPoint"",""coordinates"":[]}"
20040806,2004-08-06,0.0032920930282675266,0.002190759331922912,0.0011013337616270485,"{""type"":""MultiPoint"",""coordinates"":[]}"
20040807,2004-08-07,0.0035686316973934542,0.002097559887700605,0.0014710717441341063,"{""type"":""MultiPoint"",""coordinates"":[]}"
20040808,2004-08-08,0.0038370862385479275,0.0021819070692412107,0.0016551791203456283,"{""type"":""MultiPoint"",""coordinates"":[]}"
20040809,2004-08-09,0.0034124162315258403,0.0020897796279113296,0.0013226366028622838,"{""type"":""MultiPoint"",""coordinates"":[]}"
20040810,2004-08-10,0.003696309868664601,0.0022214556440456465,0.0014748543282142933,"{""type"":""MultiPoint"",""coordinates"":[]}"
20040811,2004-08-11,0.004004795798652002,0.002522244263686673,0.0014825513669410662,"{""type"":""MultiPoint"",""coordinates"":[]}"
20040812,2004-08-12,0.0037251859684619415,0.002394221229687009,0.0013309647563893216,"{""type"":""MultiPoint"",""coordinates"":[]}"
20040813,2004-08-13,0.002982724989058144,0.0021081605898803056,8.745643350168613E-4,"{""type"":""MultiPoint"",""coordinates"":[]}"
20040814,2004-08-14,0.0028872515193621917,0.0020732163957166466,8.140351746528836E-4,"{""type"":""MultiPoint"",""coordinates"":[]}"
20040815,2004-08-15,0.0031517817546012584,0.0021422792338879754,0.0010095024900657155,"{""type"":""MultiPoint"",""coordinates"":[]}"
20040816,2004-08-16,0.002886773409372049,0.0019291559513518958,9.576175149435322E-4,"{""type"":""MultiPoint"",""coordinates"":[]}"
20040817,2004-08-17,0.0024990658604040947,0.0017645836209845593,7.344821105587317E-4,"{""type"":""MultiPoint"",""coordinates"":[]}"
20040818,2004-08-18,0.0025796017828870923,0.0017649019820558283,8.146998146142158E-4,"{""type"":""MultiPoint"",""coordinates"":[]}"
20040819,2004-08-19,0.0027982125062510155,0.0018680124182891935,9.302000511902456E-4,"{""type"":""MultiPoint"",""coordinates"":[]}"
20040820,2004-08-20,0.002939549730845776,0.001867707783617341,0.0010718419223307272,"{""type"":""MultiPoint"",""coordinates"":[]}"
20040821,2004-08-21,0.0033931690367231693,0.001959522558422407,0.001433646345293371,"{""type"":""MultiPoint"",""coordinates"":[]}"
20040822,2004-08-22,0.003120532424508757,0.0019966824008030605,0.0011238500900958201,"{""type"":""MultiPoint"",""coordinates"":[]}"
20040823,2004-08-23,0.0028352383354693636,0.001955744219486093,8.794941305282794E-4,"{""type"":""MultiPoint"",""coordinates"":[]}"
20040824,2004-08-24,0.002334501163923128,0.001767788076951328,5.667130340730758E-4,"{""type"":""MultiPoint"",""coordinates"":[]}"
20040825,2004-08-25,0.002186276447259261,0.0015900575264122033,5.962188812499594E-4,"{""type"":""MultiPoint"",""coordinates"":[]}"
20040826,2004-08-26,0.0023099898326308416,0.0016387626441083352,6.712270241389181E-4,"{""type"":""MultiPoint"",""coordinates"":[]}"
20040827,2004-08-27,0.002253608742217842,0.001601053660423938,6.525552256102477E-4,"{""type"":""MultiPoint"",""coordinates"":[]}"
20040828,2004-08-28,0.0021735275709482377,0.0015844952105817463,5.890320868102717E-4,"{""type"":""MultiPoint"",""coordinates"":[]}"
20040829,2004-08-29,0.00210298551442074,0.0015303904169334198,5.72595034058412E-4,"{""type"":""MultiPoint"",""coordinates"":[]}"
20040830,2004-08-30,0.0023184444086298043,0.0016813674684517076,6.370766544992357E-4,"{""type"":""MultiPoint"",""coordinates"":[]}"
20040831,2004-08-31,0.0021758875115212325,0.0016191475008979091,5.567398798588465E-4,"{""type"":""MultiPoint"",""coordinates"":[]}"
20040901,2004-09-01,0.0023772353140048227,0.0016595635177468345,7.176717439556403E-4,"{""type"":""MultiPoint"",""coordinates"":[]}"
20040902,2004-09-02,0.0024535229748601905,0.001659762703257793,7.937602379306801E-4,"{""type"":""MultiPoint"",""coordinates"":[]}"
20040903,2004-09-03,0.0021838243527702575,0.0015284812598023612,6.553427619406001E-4,"{""type"":""MultiPoint"",""coordinates"":[]}"
20040904,2004-09-04,0.0020660963410662737,0.0014976089281497934,5.684869017732461E-4,"{""type"":""MultiPoint"",""coordinates"":[]}"
20040905,2004-09-05,0.0020442549267489936,0.0014967157827677274,5.475390446539512E-4,"{""type"":""MultiPoint"",""coordinates"":[]}"
20040906,2004-09-06,0.0019977080798243337,0.0014843643649936045,5.13343547637353E-4,"{""type"":""MultiPoint"",""coordinates"":[]}"
20040907,2004-09-07,0.002230465691077223,0.001516784824294657,7.136808456887646E-4,"{""type"":""MultiPoint"",""coordinates"":[]}"
20040908,2004-09-08,0.003357488092716823,0.0018682082012589738,0.0014892789361116584,"{""type"":""MultiPoint"",""coordinates"":[]}"
20040909,2004-09-09,0.0035430613794037004,0.0021705277482289794,0.00137253363494962,"{""type"":""MultiPoint"",""coordinates"":[]}"
20040910,2004-09-10,0.0030128497575321435,0.0021021758331720725,9.106741689934322E-4,"{""type"":""MultiPoint"",""coordinates"":[]}"
20040911,2004-09-11,0.0034343683483569086,0.0024057419170897937,0.0010286262544904727,"{""type"":""MultiPoint"",""coordinates"":[]}"
20040912,2004-09-12,0.0039959752003234,0.002625466000366776,0.001370508819210111,"{""type"":""MultiPoint"",""coordinates"":[]}"
20040913,2004-09-13,0.0044015519876079625,0.002776981291576947,0.0016245707252468995,"{""type"":""MultiPoint"",""coordinates"":[]}"
20040914,2004-09-14,0.0032883203885267203,0.002359433829252539,9.288861834835148E-4,"{""type"":""MultiPoint"",""coordinates"":[]}"
20040915,2004-09-15,0.0025455042002707567,0.00198594810859282,5.59555977147292E-4,"{""type"":""MultiPoint"",""coordinates"":[]}"
20040916,2004-09-16,0.0025216979393728966,0.001938988798781813,5.827091311543304E-4,"{""type"":""MultiPoint"",""coordinates"":[]}"
20040917,2004-09-17,0.0021379746725148116,0.0017137947529062825,4.241798261180978E-4,"{""type"":""MultiPoint"",""coordinates"":[]}"
20040918,2004-09-18,0.0020171153443542048,0.0016129448879252707,4.0417037426319837E-4,"{""type"":""MultiPoint"",""coordinates"":[]}"
20040919,2004-09-19,0.001787916848445914,0.0014721796948526298,3.1573719381822234E-4,"{""type"":""MultiPoint"",""coordinates"":[]}"
20040920,2004-09-20,0.0018223523407882524,0.0013874539594965415,4.3489825875944196E-4,"{""type"":""MultiPoint"",""coordinates"":[]}"
20040921,2004-09-21,0.0020866544639536327,0.0014433609358216633,6.432935095859012E-4,"{""type"":""MultiPoint"",""coordinates"":[]}"
20040922,2004-09-22,0.0021314415742551738,0.0014703555633559934,6.610860386047132E-4,"{""type"":""MultiPoint"",""coordinates"":[]}"
20040923,2004-09-23,0.0017312266102943097,0.0013003814456373005,4.3084519704059967E-4,"{""type"":""MultiPoint"",""coordinates"":[]}"
20040924,2004-09-24,0.001806211762836184,0.00129172790388958,5.144836553213809E-4,"{""type"":""MultiPoint"",""coordinates"":[]}"
20040925,2004-09-25,0.0017219758985715405,0.0012577049298825025,4.642710186658767E-4,"{""type"":""MultiPoint"",""coordinates"":[]}"
20040926,2004-09-26,0.0016243025762503875,0.0012659573299948147,3.5834535415433453E-4,"{""type"":""MultiPoint"",""coordinates"":[]}"
20040927,2004-09-27,0.0015072839794159486,0.001197560013309577,3.0972360301407067E-4,"{""type"":""MultiPoint"",""coordinates"":[]}"
20040928,2004-09-28,0.0015691831230257147,0.0011817342492949376,3.874488847693298E-4,"{""type"":""MultiPoint"",""coordinates"":[]}"
20040929,2004-09-29,0.0014887174898690636,0.001156483715787401,3.3223390330137215E-4,"{""type"":""MultiPoint"",""coordinates"":[]}"
20040930,2004-09-30,0.0013002507729683106,0.0010940613310445278,2.0618912283770836E-4,"{""type"":""MultiPoint"",""coordinates"":[]}"
20041001,2004-10-01,0.0013417916736492104,0.0010515676119795673,2.9022406128664634E-4,"{""type"":""MultiPoint"",""coordinates"":[]}"
20041002,2004-10-02,0.0013964702189632624,0.0010358064789308446,3.60663552855877E-4,"{""type"":""MultiPoint"",""coordinates"":[]}"
20041003,2004-10-03,0.0014302248607059123,0.0010475070884429472,3.827177380115895E-4,"{""type"":""MultiPoint"",""coordinates"":[]}"
20041004,2004-10-04,0.001914543654809375,0.001147444407128845,7.670992815066265E-4,"{""type"":""MultiPoint"",""coordinates"":[]}"
20041005,2004-10-05,0.0027378196325006867,0.0014252496578325273,0.001312569671532726,"{""type"":""MultiPoint"",""coordinates"":[]}"
20041006,2004-10-06,0.0034124770215731982,0.001883431181589408,0.0015290459987350228,"{""type"":""MultiPoint"",""coordinates"":[]}"
20041007,2004-10-07,0.004854817794531276,0.002524207234132052,0.0023306099053599975,"{""type"":""MultiPoint"",""coordinates"":[]}"
20041008,2004-10-08,0.0030615111374593155,0.0021969217469358098,8.645891969702484E-4,"{""type"":""MultiPoint"",""coordinates"":[]}"
20041009,2004-10-09,0.0017403024551758495,0.0014983060664654799,2.4199631257424485E-4,"{""type"":""MultiPoint"",""coordinates"":[]}"
20041010,2004-10-10,0.0015573849281170107,0.001331396405267314,2.2598815066578255E-4,"{""type"":""MultiPoint"",""coordinates"":[]}"
20041011,2004-10-11,0.0015263848029222703,0.001233974991600715,2.9241003081236487E-4,"{""type"":""MultiPoint"",""coordinates"":[]}"
20041012,2004-10-12,0.0014164451536292976,0.0011645848443828995,2.518601273649413E-4,"{""type"":""MultiPoint"",""coordinates"":[]}"
20041013,2004-10-13,0.0012982004704203275,0.0011002119427463931,1.9798828783024007E-4,"{""type"":""MultiPoint"",""coordinates"":[]}"
20041014,2004-10-14,0.0013657722088649845,0.0010849161835000327,2.808558806606866E-4,"{""type"":""MultiPoint"",""coordinates"":[]}"
20041015,2004-10-15,0.001612860958819113,0.0011776560769486617,4.352048292613103E-4,"{""type"":""MultiPoint"",""coordinates"":[]}"
20041016,2004-10-16,0.0013290909941807614,0.0010921706437408579,2.3692044548001984E-4,"{""type"":""MultiPoint"",""coordinates"":[]}"
20041017,2004-10-17,0.0010470559691555296,9.80884097374462E-4,6.617121356774094E-5,"{""type"":""MultiPoint"",""coordinates"":[]}"
20041018,2004-10-18,0.0010610845713099864,9.574029304976154E-4,1.0368010048233791E-4,"{""type"":""MultiPoint"",""coordinates"":[]}"
20041019,2004-10-19,0.0010144983179747253,9.34595743034612E-4,7.990155696443946E-5,"{""type"":""MultiPoint"",""coordinates"":[]}"
20041020,2004-10-20,9.576487193785346E-4,8.947186250363426E-4,6.292891661428333E-5,"{""type"":""MultiPoint"",""coordinates"":[]}"
20041021,2004-10-21,9.544318846268975E-4,8.866992500797831E-4,6.773279297680657E-5,"{""type"":""MultiPoint"",""coordinates"":[]}"
20041022,2004-10-22,8.847183717329071E-4,8.392768634334347E-4,4.544029398238755E-5,"{""type"":""MultiPoint"",""coordinates"":[]}"
20041023,2004-10-23,8.760036735966937E-4,8.142583325754109E-4,6.174450935930109E-5,"{""type"":""MultiPoint"",""coordinates"":[]}"
20041024,2004-10-24,8.139618060032714E-4,7.803356924231474E-4,3.362498766979712E-5,"{""type"":""MultiPoint"",""coordinates"":[]}"
20041025,2004-10-25,8.01892190663544E-4,7.585650286344986E-4,4.332641995280182E-5,"{""type"":""MultiPoint"",""coordinates"":[]}"
20041026,2004-10-26,8.142405165040389E-4,7.451672538172397E-4,6.907235605341287E-5,"{""type"":""MultiPoint"",""coordinates"":[]}"
20041027,2004-10-27,8.053865799249244E-4,7.293664840606134E-4,7.602001289816533E-5,"{""type"":""MultiPoint"",""coordinates"":[]}"
20041028,2004-10-28,8.029298862441649E-4,7.183605048057368E-4,8.456938522119255E-5,"{""type"":""MultiPoint"",""coordinates"":[]}"
20041029,2004-10-29,9.166330621615019E-4,7.24213958103156E-4,1.9241917675438835E-4,"{""type"":""MultiPoint"",""coordinates"":[]}"
20041030,2004-10-30,8.301510585177173E-4,6.921412151810539E-4,1.3800994977866354E-4,"{""type"":""MultiPoint"",""coordinates"":[]}"
20041031,2004-10-31,7.573959558688306E-4,6.666256913218036E-4,9.076871409143682E-5,"{""type"":""MultiPoint"",""coordinates"":[]}"
20041101,2004-11-01,7.589630125946441E-4,6.709962796642376E-4,8.796583327207583E-5,"{""type"":""MultiPoint"",""coordinates"":[]}"
20041102,2004-11-02,6.580899161332525E-4,6.232076527898973E-4,3.488151111107088E-5,"{""type"":""MultiPoint"",""coordinates"":[]}"
20041103,2004-11-03,6.135601983036233E-4,5.927384337838438E-4,2.082218295332638E-5,"{""type"":""MultiPoint"",""coordinates"":[]}"
20041104,2004-11-04,6.782206325666766E-4,5.996134720057197E-4,7.860786453963807E-5,"{""type"":""MultiPoint"",""coordinates"":[]}"
20041105,2004-11-05,7.632602285115846E-4,5.98459940554748E-4,1.6480043005141632E-4,"{""type"":""MultiPoint"",""coordinates"":[]}"
20041106,2004-11-06,6.421423846841263E-4,5.605796924712652E-4,8.156297684991589E-5,"{""type"":""MultiPoint"",""coordinates"":[]}"
20041107,2004-11-07,6.04519105515022E-4,5.419525892932821E-4,6.256531109656631E-5,"{""type"":""MultiPoint"",""coordinates"":[]}"
20041108,2004-11-08,6.349962235854343E-4,5.432252557757858E-4,9.176992079705261E-5,"{""type"":""MultiPoint"",""coordinates"":[]}"
20041109,2004-11-09,6.037441935449616E-4,5.385149046772982E-4,6.522743898270707E-5,"{""type"":""MultiPoint"",""coordinates"":[]}"
20041110,2004-11-10,5.735785603274317E-4,5.143028235692793E-4,5.927451780184581E-5,"{""type"":""MultiPoint"",""coordinates"":[]}"
20041111,2004-11-11,5.998019841253882E-4,5.156416061716801E-4,8.415927440613702E-5,"{""type"":""MultiPoint"",""coordinates"":[]}"
20041112,2004-11-12,6.663223339618175E-4,5.379607428583242E-4,1.2836066853667383E-4,"{""type"":""MultiPoint"",""coordinates"":[]}"
20041113,2004-11-13,5.448856019264385E-4,4.954540559252652E-4,4.943032744310586E-5,"{""type"":""MultiPoint"",""coordinates"":[]}"
20041114,2004-11-14,5.22020520013702E-4,4.7759773335139677E-4,4.4422757421348476E-5,"{""type"":""MultiPoint"",""coordinates"":[]}"
20041115,2004-11-15,5.123165143131066E-4,4.6967630870186613E-4,4.264003232532284E-5,"{""type"":""MultiPoint"",""coordinates"":[]}"
20041116,2004-11-16,4.8611992250351653E-4,4.604580470267502E-4,2.566031716163925E-5,"{""type"":""MultiPoint"",""coordinates"":[]}"
20041117,2004-11-17,4.5674761463695697E-4,4.3870113147519125E-4,1.8045659857854844E-5,"{""type"":""MultiPoint"",""coordinates"":[]}"
20041118,2004-11-18,4.55883593446669E-4,4.26851005145094E-4,2.9031000440667387E-5,"{""type"":""MultiPoint"",""coordinates"":[]}"
20041119,2004-11-19,4.4652403726532777E-4,4.166831785372999E-4,2.984012868740588E-5,"{""type"":""MultiPoint"",""coordinates"":[]}"
20041120,2004-11-20,4.575396282594931E-4,4.1220364434256865E-4,4.5335940429881686E-5,"{""type"":""MultiPoint"",""coordinates"":[]}"
20041121,2004-11-21,4.2522887925318056E-4,3.981932909047015E-4,2.7032570340512836E-5,"{""type"":""MultiPoint"",""coordinates"":[]}"
20041122,2004-11-22,4.626738475769639E-4,3.9728547980338354E-4,6.538841121047464E-5,"{""type"":""MultiPoint"",""coordinates"":[]}"
20041123,2004-11-23,4.083011071556497E-4,3.8118416171002283E-4,2.7117299829800624E-5,"{""type"":""MultiPoint"",""coordinates"":[]}"
20041124,2004-11-24,4.0324671818666764E-4,3.745592107966241E-4,2.8687387856846038E-5,"{""type"":""MultiPoint"",""coordinates"":[]}"
20041125,2004-11-25,3.881533028910486E-4,3.661582797937067E-4,2.1993937680885457E-5,"{""type"":""MultiPoint"",""coordinates"":[]}"
20041126,2004-11-26,3.7565898044357633E-4,3.5715334565961045E-4,1.8505688784478363E-5,"{""type"":""MultiPoint"",""coordinates"":[]}"
20041127,2004-11-27,3.645946574720035E-4,3.49418591428326E-4,1.5174120757732914E-5,"{""type"":""MultiPoint"",""coordinates"":[]}"
20041128,2004-11-28,3.6320330227551336E-4,3.426951536158126E-4,2.0506822062749785E-5,"{""type"":""MultiPoint"",""coordinates"":[]}"
20041129,2004-11-29,3.6909429511153594E-4,3.3519140762960264E-4,3.39014269916353E-5,"{""type"":""MultiPoint"",""coordinates"":[]}"
20041130,2004-11-30,3.4665447521509775E-4,3.286739287952617E-4,1.7980184508482227E-5,"{""type"":""MultiPoint"",""coordinates"":[]}"
20041201,2004-12-01,3.349426393220648E-4,3.2142510158007835E-4,1.3516130045197415E-5,"{""type"":""MultiPoint"",""coordinates"":[]}"
20041202,2004-12-02,3.309798708100785E-4,3.1640351986549417E-4,1.4573247601697154E-5,"{""type"":""MultiPoint"",""coordinates"":[]}"
20041203,2004-12-03,3.402673144305643E-4,3.142159180955449E-4,2.6050265435907245E-5,"{""type"":""MultiPoint"",""coordinates"":[]}"
20041204,2004-12-04,3.1864475197241585E-4,3.0581550151861854E-4,1.2825483150180047E-5,"{""type"":""MultiPoint"",""coordinates"":[]}"
20041205,2004-12-05,3.2438098939544256E-4,3.0384161789626774E-4,2.0539313056593165E-5,"{""type"":""MultiPoint"",""coordinates"":[]}"
20041206,2004-12-06,3.3834054788684507E-4,3.0927043017468336E-4,2.90692608825536E-5,"{""type"":""MultiPoint"",""coordinates"":[]}"
20041207,2004-12-07,3.0679631863841683E-4,2.912423094951433E-4,1.5554143625126322E-5,"{""type"":""MultiPoint"",""coordinates"":[]}"
20041208,2004-12-08,3.050890764805998E-4,2.8527698110214066E-4,1.981042634298377E-5,"{""type"":""MultiPoint"",""coordinates"":[]}"
20041209,2004-12-09,3.090630180706565E-4,2.8689475713092674E-4,2.2167321441425594E-5,"{""type"":""MultiPoint"",""coordinates"":[]}"
20041210,2004-12-10,2.878863352557406E-4,2.754127274409389E-4,1.24717966852371E-5,"{""type"":""MultiPoint"",""coordinates"":[]}"
20041211,2004-12-11,2.9035270942731384E-4,2.707931097389129E-4,1.9558067239045808E-5,"{""type"":""MultiPoint"",""coordinates"":[]}"
20041212,2004-12-12,3.254748556631478E-4,2.769740793157815E-4,4.85006631623698E-5,"{""type"":""MultiPoint"",""coordinates"":[]}"
20041213,2004-12-13,3.1930537618204697E-4,2.7778534206683206E-4,4.151839997321052E-5,"{""type"":""MultiPoint"",""coordinates"":[]}"
20041214,2004-12-14,3.087486852896692E-4,2.7065238961554585E-4,3.809610592083893E-5,"{""type"":""MultiPoint"",""coordinates"":[]}"
20041215,2004-12-15,3.5561368956597795E-4,2.8681106108515244E-4,6.880297563428507E-5,"{""type"":""MultiPoint"",""coordinates"":[]}"
20041216,2004-12-16,3.148304357689441E-4,2.8355593038113623E-4,3.1273740467972626E-5,"{""type"":""MultiPoint"",""coordinates"":[]}"
20041217,2004-12-17,2.859014280875997E-4,2.692287776114774E-4,1.6671907608319636E-5,"{""type"":""MultiPoint"",""coordinates"":[]}"
20041218,2004-12-18,2.824766587300821E-4,2.6157927932519433E-4,2.089676195043112E-5,"{""type"":""MultiPoint"",""coordinates"":[]}"
20041219,2004-12-19,2.8570629026944595E-4,2.5303817438852036E-4,3.2667180744551044E-5,"{""type"":""MultiPoint"",""coordinates"":[]}"
20041220,2004-12-20,2.7129788982994604E-4,2.466172732255428E-4,2.46794762159309E-5,"{""type"":""MultiPoint"",""coordinates"":[]}"
20041221,2004-12-21,2.8008485636865573E-4,2.4103254147068653E-4,3.905089526044729E-5,"{""type"":""MultiPoint"",""coordinates"":[]}"
20041222,2004-12-22,2.551196969735648E-4,2.3549090805794683E-4,1.9627175050785398E-5,"{""type"":""MultiPoint"",""coordinates"":[]}"
20041223,2004-12-23,2.4651435190322203E-4,2.3061612460340588E-4,1.5898393796522256E-5,"{""type"":""MultiPoint"",""coordinates"":[]}"
20041224,2004-12-24,2.4143639038753457E-4,2.2614522575221797E-4,1.5291054842713886E-5,"{""type"":""MultiPoint"",""coordinates"":[]}"
20041225,2004-12-25,2.5210406773015293E-4,2.2249250575223216E-4,2.961214830790479E-5,"{""type"":""MultiPoint"",""coordinates"":[]}"
20041226,2004-12-26,2.4349773951959258E-4,2.195870448091302E-4,2.3911510012257716E-5,"{""type"":""MultiPoint"",""coordinates"":[]}"
20041227,2004-12-27,2.2634119360744558E-4,2.1440610182496856E-4,1.1934306053503292E-5,"{""type"":""MultiPoint"",""coordinates"":[]}"
20041228,2004-12-28,2.2915580612195595E-4,2.1068146618912848E-4,1.8472292258547575E-5,"{""type"":""MultiPoint"",""coordinates"":[]}"
20041229,2004-12-29,2.2254720051559504E-4,2.0678831858053173E-4,1.5758448807536617E-5,"{""type"":""MultiPoint"",""coordinates"":[]}"
20041230,2004-12-30,2.2548241716369816E-4,2.0336248441756033E-4,2.2120868935138115E-5,"{""type"":""MultiPoint"",""coordinates"":[]}"
20041231,2004-12-31,3.463339589316591E-4,2.0775240889602686E-4,1.3857998396569007E-4,"{""type"":""MultiPoint"",""coordinates"":[]}"
20050101,2005-01-01,2.3548715846409904E-4,1.9965965868108063E-4,3.58281692281178E-5,"{""type"":""MultiPoint"",""coordinates"":[]}"
20050102,2005-01-02,2.184968439867065E-4,1.9464524628964814E-4,2.385136390116501E-5,"{""type"":""MultiPoint"",""coordinates"":[]}"
20050103,2005-01-03,2.0919386210566172E-4,1.9086872966599808E-4,1.83241691557643E-5,"{""type"":""MultiPoint"",""coordinates"":[]}"
20050104,2005-01-04,2.0437002877500513E-4,1.8830256965226546E-4,1.6065927083421665E-5,"{""type"":""MultiPoint"",""coordinates"":[]}"
20050105,2005-01-05,1.9795192440988032E-4,1.8600558615022885E-4,1.1945952964381198E-5,"{""type"":""MultiPoint"",""coordinates"":[]}"
20050106,2005-01-06,1.9360894880485115E-4,1.8266590278617317E-4,1.0940988572829834E-5,"{""type"":""MultiPoint"",""coordinates"":[]}"
20050107,2005-01-07,1.9546667846243748E-4,1.8045071098622312E-4,1.501588699192451E-5,"{""type"":""MultiPoint"",""coordinates"":[]}"
20050108,2005-01-08,1.939982243763384E-4,1.7783604491029928E-4,1.6161303473341044E-5,"{""type"":""MultiPoint"",""coordinates"":[]}"
20050109,2005-01-09,1.955624702583151E-4,1.756323845003957E-4,1.9928671301909785E-5,"{""type"":""MultiPoint"",""coordinates"":[]}"
20050110,2005-01-10,2.0698322567708704E-4,1.7355520119961896E-4,3.342715168345274E-5,"{""type"":""MultiPoint"",""coordinates"":[]}"
20050111,2005-01-11,1.9925999319751829E-4,1.7140147191234146E-4,2.78582408610807E-5,"{""type"":""MultiPoint"",""coordinates"":[]}"
20050112,2005-01-12,1.8667017202746638E-4,1.6925004264867964E-4,1.7418498743239367E-5,"{""type"":""MultiPoint"",""coordinates"":[]}"
20050113,2005-01-13,1.829799732225554E-4,1.6671450732366622E-4,1.626418770991782E-5,"{""type"":""MultiPoint"",""coordinates"":[]}"
20050114,2005-01-14,1.7884945380506836E-4,1.644652672147648E-4,1.4382465331634237E-5,"{""type"":""MultiPoint"",""coordinates"":[]}"
20050115,2005-01-15,1.74319513644069E-4,1.6217159409830678E-4,1.2147325357716574E-5,"{""type"":""MultiPoint"",""coordinates"":[]}"
20050116,2005-01-16,1.7605701275515018E-4,1.5994324937961847E-4,1.6112360822398406E-5,"{""type"":""MultiPoint"",""coordinates"":[]}"
20050117,2005-01-17,1.9732367795993066E-4,1.5809621765409485E-4,3.9227457311188154E-5,"{""type"":""MultiPoint"",""coordinates"":[]}"
20050118,2005-01-18,2.1734188011823046E-4,1.596283015350744E-4,5.771267765390778E-5,"{""type"":""MultiPoint"",""coordinates"":[]}"
20050119,2005-01-19,2.1223996229255312E-4,1.584630677410234E-4,5.377686285772465E-5,"{""type"":""MultiPoint"",""coordinates"":[]}"
20050120,2005-01-20,1.8821003559300244E-4,1.5612990665590925E-4,3.2079915041275176E-5,"{""type"":""MultiPoint"",""coordinates"":[]}"
20050121,2005-01-21,1.8801893800832198E-4,1.5500971917531845E-4,3.300820213808131E-5,"{""type"":""MultiPoint"",""coordinates"":[]}"
20050122,2005-01-22,1.9136340908288414E-4,1.5472134919691062E-4,3.664189488290371E-5,"{""type"":""MultiPoint"",""coordinates"":[]}"
20050123,2005-01-23,2.0123275618200989E-4,1.5067239265719414E-4,5.056053314203226E-5,"{""type"":""MultiPoint"",""coordinates"":[]}"
20050124,2005-01-24,1.7892191220421596E-4,1.4914918037194037E-4,2.977274160876045E-5,"{""type"":""MultiPoint"",""coordinates"":[]}"
20050125,2005-01-25,1.669139127610376E-4,1.473806573518314E-4,1.9533120519774493E-5,"{""type"":""MultiPoint"",""coordinates"":[]}"
20050126,2005-01-26,1.7155003031427517E-4,1.4568999219415372E-4,2.5859995217651756E-5,"{""type"":""MultiPoint"",""coordinates"":[]}"
20050127,2005-01-27,1.9173666465722048E-4,1.481175406630789E-4,4.361786006993908E-5,"{""type"":""MultiPoint"",""coordinates"":[]}"
20050128,2005-01-28,1.90838762606524E-4,1.4371981835075066E-4,4.711892882849508E-5,"{""type"":""MultiPoint"",""coordinates"":[]}"
20050129,2005-01-29,1.8333626945679762E-4,1.4262570418118668E-4,4.0710619033248233E-5,"{""type"":""MultiPoint"",""coordinates"":[]}"
20050130,2005-01-30,2.3794446201264504E-4,1.5047281898463772E-4,8.747050021962734E-5,"{""type"":""MultiPoint"",""coordinates"":[]}"
20050131,2005-01-31,2.680194915204924E-4,1.595801798079586E-4,1.0843956672612757E-4,"{""type"":""MultiPoint"",""coordinates"":[]}"
20050201,2005-02-01,2.4066647703406706E-4,1.4673985468254336E-4,9.392581388220579E-5,"{""type"":""MultiPoint"",""coordinates"":[]}"
20050202,2005-02-02,1.9498206865914045E-4,1.4490981179717067E-4,5.0070879346175065E-5,"{""type"":""MultiPoint"",""coordinates"":[]}"
20050203,2005-02-03,1.6035737037891568E-4,1.4027340292632092E-4,2.008253338265085E-5,"{""type"":""MultiPoint"",""coordinates"":[]}"
20050204,2005-02-04,1.586385987440673E-4,1.3938350541539644E-4,1.925511869541621E-5,"{""type"":""MultiPoint"",""coordinates"":[]}"
20050205,2005-02-05,1.6297619469739095E-4,1.3808408662644133E-4,2.4891889267960826E-5,"{""type"":""MultiPoint"",""coordinates"":[]}"
20050206,2005-02-06,1.9369767054589344E-4,1.452419065374122E-4,4.8455760139677774E-5,"{""type"":""MultiPoint"",""coordinates"":[]}"
20050207,2005-02-07,2.556813186727189E-4,1.6227460156529818E-4,9.340681992349274E-5,"{""type"":""MultiPoint"",""coordinates"":[]}"
20050208,2005-02-08,2.1115224831629617E-4,1.5497379903164164E-4,5.617839894743498E-5,"{""type"":""MultiPoint"",""coordinates"":[]}"
20050209,2005-02-09,2.151712952745008E-4,1.5910387311193527E-4,5.6067139460158025E-5,"{""type"":""MultiPoint"",""coordinates"":[]}"
20050210,2005-02-10,2.2044758111796774E-4,1.5351855556201146E-4,6.692907598658959E-5,"{""type"":""MultiPoint"",""coordinates"":[]}"
20050211,2005-02-11,2.747830722130599E-4,1.777433061549965E-4,9.703961798598742E-5,"{""type"":""MultiPoint"",""coordinates"":[]}"
20050212,2005-02-12,2.969121714783059E-4,1.7013824816401588E-4,1.267726137530541E-4,"{""type"":""MultiPoint"",""coordinates"":[]}"
20050213,2005-02-13,3.395617274798245E-4,1.7005062534115623E-4,1.6951037008817573E-4,"{""type"":""MultiPoint"",""coordinates"":[]}"
20050214,2005-02-14,2.759982080485664E-4,1.6374293875197552E-4,1.1225518530977791E-4,"{""type"":""MultiPoint"",""coordinates"":[]}"
20050215,2005-02-15,3.962020660187308E-4,1.8677462578980123E-4,2.0942603279074914E-4,"{""type"":""MultiPoint"",""coordinates"":[]}"
20050216,2005-02-16,3.519717610396187E-4,1.8495826458718334E-4,1.67013612640437E-4,"{""type"":""MultiPoint"",""coordinates"":[]}"
20050217,2005-02-17,2.543675483945461E-4,1.6401615694407442E-4,9.035147667821264E-5,"{""type"":""MultiPoint"",""coordinates"":[]}"
20050218,2005-02-18,3.052296733946935E-4,1.822291229616927E-4,1.2300104285120771E-4,"{""type"":""MultiPoint"",""coordinates"":[]}"
20050219,2005-02-19,3.0750664683468855E-4,1.957772894735951E-4,1.117285438085932E-4,"{""type"":""MultiPoint"",""coordinates"":[]}"
20050220,2005-02-20,3.0022474097854483E-4,1.9078825147900676E-4,1.0943532082292831E-4,"{""type"":""MultiPoint"",""coordinates"":[]}"
20050221,2005-02-21,2.694803721367858E-4,1.8454684468484313E-4,8.49334662251399E-5,"{""type"":""MultiPoint"",""coordinates"":[]}"
20050222,2005-02-22,3.067174760015188E-4,1.7870841616006173E-4,1.2800837261087465E-4,"{""type"":""MultiPoint"",""coordinates"":[]}"
20050223,2005-02-23,2.241764759303905E-4,1.7452437605316833E-4,4.965191497014414E-5,"{""type"":""MultiPoint"",""coordinates"":[]}"
20050224,2005-02-24,2.0001923514399803E-4,1.630726053862971E-4,3.694540402545819E-5,"{""type"":""MultiPoint"",""coordinates"":[]}"
20050225,2005-02-25,2.2852314684949687E-4,1.609494552406773E-4,6.757360287560575E-5,"{""type"":""MultiPoint"",""coordinates"":[]}"
20050226,2005-02-26,2.38271763241387E-4,1.6303493120802174E-4,7.523600913900032E-5,"{""type"":""MultiPoint"",""coordinates"":[]}"
20050227,2005-02-27,2.2797976408454708E-4,1.6026032601450414E-4,6.772036527854123E-5,"{""type"":""MultiPoint"",""coordinates"":[]}"
20050228,2005-02-28,2.3685186848739853E-4,1.6150354311088142E-4,7.534723092400259E-5,"{""type"":""MultiPoint"",""coordinates"":[]}"
20050301,2005-03-01,2.4254883875118717E-4,1.5952090548299622E-4,8.302694611167426E-5,"{""type"":""MultiPoint"",""coordinates"":[]}"
20050302,2005-03-02,2.7007995834065873E-4,1.652003126176803E-4,1.0487956968714938E-4,"{""type"":""MultiPoint"",""coordinates"":[]}"
20050303,2005-03-03,2.877674135733105E-4,1.7088511415213156E-4,1.1688247310238447E-4,"{""type"":""MultiPoint"",""coordinates"":[]}"
20050304,2005-03-04,3.1088881738593145E-4,1.736760589441247E-4,1.3721251015498507E-4,"{""type"":""MultiPoint"",""coordinates"":[]}"
20050305,2005-03-05,5.56572013143915E-4,2.5510606622341966E-4,3.014660716445468E-4,"{""type"":""MultiPoint"",""coordinates"":[]}"
20050306,2005-03-06,5.576013769520289E-4,2.8931634438029654E-4,2.682849193410124E-4,"{""type"":""MultiPoint"",""coordinates"":[]}"
20050307,2005-03-07,3.429618999874119E-4,2.111853924211102E-4,1.3177650451068877E-4,"{""type"":""MultiPoint"",""coordinates"":[]}"
20050308,2005-03-08,3.7195044252167183E-4,2.0301342531894078E-4,1.6893638808434047E-4,"{""type"":""MultiPoint"",""coordinates"":[]}"
20050309,2005-03-09,3.9660217840441214E-4,2.0692185810915016E-4,1.8968003440842908E-4,"{""type"":""MultiPoint"",""coordinates"":[]}"
20050310,2005-03-10,3.809366611959832E-4,2.0879423166552392E-4,1.7214182598284883E-4,"{""type"":""MultiPoint"",""coordinates"":[]}"
20050311,2005-03-11,3.873043037206437E-4,2.0338720209963057E-4,1.8391691834080851E-4,"{""type"":""MultiPoint"",""coordinates"":[]}"
20050312,2005-03-12,3.1328618792567775E-4,1.9358927018063734E-4,1.1969703719023184E-4,"{""type"":""MultiPoint"",""coordinates"":[]}"
20050313,2005-03-13,2.870970115042889E-4,1.8065783495755392E-4,1.0643841136239128E-4,"{""type"":""MultiPoint"",""coordinates"":[]}"
20050314,2005-03-14,2.78670560308796E-4,1.739397376445917E-4,1.0472996051345487E-4,"{""type"":""MultiPoint"",""coordinates"":[]}"
20050315,2005-03-15,3.1867345346213086E-4,1.7296875615812007E-4,1.4570464837045547E-4,"{""type"":""MultiPoint"",""coordinates"":[]}"
20050316,2005-03-16,3.187315435251402E-4,1.728444908167876E-4,1.4588648522335986E-4,"{""type"":""MultiPoint"",""coordinates"":[]}"
20050317,2005-03-17,4.150590457466923E-4,1.758635788403776E-4,2.3919533424947179E-4,"{""type"":""MultiPoint"",""coordinates"":[]}"
20050318,2005-03-18,4.966210367395264E-4,1.980116819414724E-4,2.9860878249045515E-4,"{""type"":""MultiPoint"",""coordinates"":[]}"
20050319,2005-03-19,4.936889915653709E-4,1.981492481064579E-4,2.9553873337620815E-4,"{""type"":""MultiPoint"",""coordinates"":[]}"
20050320,2005-03-20,5.555519846166529E-4,2.235445787502807E-4,3.320059833413824E-4,"{""type"":""MultiPoint"",""coordinates"":[]}"
20050321,2005-03-21,5.772120429444505E-4,2.6437418926814293E-4,3.1283706742175833E-4,"{""type"":""MultiPoint"",""coordinates"":[]}"
20050322,2005-03-22,5.842422712589924E-4,2.787915292156449E-4,3.0544977469349155E-4,"{""type"":""MultiPoint"",""coordinates"":[]}"
20050323,2005-03-23,7.157368419169096E-4,3.197946226999244E-4,3.9594221176650297E-4,"{""type"":""MultiPoint"",""coordinates"":[]}"
20050324,2005-03-24,7.091507416879426E-4,3.290216679819111E-4,3.801291672097369E-4,"{""type"":""MultiPoint"",""coordinates"":[]}"
20050325,2005-03-25,5.070162460809936E-4,3.0692014057130305E-4,2.0009434935607483E-4,"{""type"":""MultiPoint"",""coordinates"":[]}"
20050326,2005-03-26,3.697092204621354E-4,2.507267039625931E-4,1.1898351496502038E-4,"{""type"":""MultiPoint"",""coordinates"":[]}"
20050327,2005-03-27,3.5941937088707586E-4,2.300342373831805E-4,1.2938408521841438E-4,"{""type"":""MultiPoint"",""coordinates"":[]}"
20050328,2005-03-28,4.950501488647592E-4,2.8856652700246486E-4,2.0648255769893688E-4,"{""type"":""MultiPoint"",""coordinates"":[]}"
20050329,2005-03-29,5.10968825941287E-4,2.885041541055986E-4,2.2246459184009908E-4,"{""type"":""MultiPoint"",""coordinates"":[]}"
20050330,2005-03-30,4.926182965468372E-4,2.7582630627823244E-4,2.16790511634409E-4,"{""type"":""MultiPoint"",""coordinates"":[]}"
20050331,2005-03-31,5.209921631176357E-4,2.957037999279345E-4,2.2528734917181878E-4,"{""type"":""MultiPoint"",""coordinates"":[]}"
20050401,2005-04-01,4.58987501489746E-4,2.7884197850720327E-4,1.801442784770889E-4,"{""type"":""MultiPoint"",""coordinates"":[]}"
20050402,2005-04-02,3.516143072096025E-4,2.454599840458618E-4,1.0615236972720169E-4,"{""type"":""MultiPoint"",""coordinates"":[]}"
20050403,2005-04-03,3.423181925074454E-4,2.299009327350374E-4,1.124164639714667E-4,"{""type"":""MultiPoint"",""coordinates"":[]}"
20050404,2005-04-04,3.739647134189871E-4,2.2064049494391013E-4,1.5332211107500567E-4,"{""type"":""MultiPoint"",""coordinates"":[]}"
20050405,2005-04-05,4.734664080423195E-4,2.2671589856813635E-4,2.467505886423223E-4,"{""type"":""MultiPoint"",""coordinates"":[]}"
20050406,2005-04-06,4.657477722461036E-4,2.1978053204544526E-4,2.4596737933599056E-4,"{""type"":""MultiPoint"",""coordinates"":[]}"
20050407,2005-04-07,5.529936612270811E-4,2.4083179217989693E-4,3.121612624183955E-4,"{""type"":""MultiPoint"",""coordinates"":[]}"
20050408,2005-04-08,4.632111976770764E-4,2.3169225381841667E-4,2.3151805746753773E-4,"{""type"":""MultiPoint"",""coordinates"":[]}"
20050409,2005-04-09,6.011253620808274E-4,2.431989238207953E-4,3.5792597743139953E-4,"{""type"":""MultiPoint"",""coordinates"":[]}"
20050410,2005-04-10,6.603993128416426E-4,2.572484181264657E-4,4.0315102633660166E-4,"{""type"":""MultiPoint"",""coordinates"":[]}"
20050411,2005-04-11,6.720100767520702E-4,2.765933121641381E-4,3.954168126606052E-4,"{""type"":""MultiPoint"",""coordinates"":[]}"
20050412,2005-04-12,4.6191399046023953E-4,2.60832883811416E-4,2.0107983023372872E-4,"{""type"":""MultiPoint"",""coordinates"":[]}"
20050413,2005-04-13,3.3249297782424593E-4,2.2466211999137535E-4,1.0782952928504692E-4,"{""type"":""MultiPoint"",""coordinates"":[]}"
20050414,2005-04-14,3.661707353558133E-4,2.1605564425643815E-4,1.5011532288785643E-4,"{""type"":""MultiPoint"",""coordinates"":[]}"
20050415,2005-04-15,3.769120723126504E-4,2.1074842937345676E-4,1.6616373321176776E-4,"{""type"":""MultiPoint"",""coordinates"":[]}"
20050416,2005-04-16,4.132844881005499E-4,2.0855980259082982E-4,2.047236564728758E-4,"{""type"":""MultiPoint"",""coordinates"":[]}"
20050417,2005-04-17,5.882355465341993E-4,2.2585492317541727E-4,3.6238061467228837E-4,"{""type"":""MultiPoint"",""coordinates"":[]}"
20050418,2005-04-18,5.82857615922643E-4,2.378970656053161E-4,3.4496069863424524E-4,"{""type"":""MultiPoint"",""coordinates"":[]}"
20050419,2005-04-19,4.2556692531013884E-4,2.355245213902707E-4,1.9004148003837253E-4,"{""type"":""MultiPoint"",""coordinates"":[]}"
20050420,2005-04-20,3.8531338387230425E-4,2.1977564053507294E-4,1.6553676725761707E-4,"{""type"":""MultiPoint"",""coordinates"":[]}"
20050421,2005-04-21,3.7670017187094445E-4,2.0953984718052326E-4,1.671599119605201E-4,"{""type"":""MultiPoint"",""coordinates"":[]}"
20050422,2005-04-22,4.329064208020859E-4,2.1671874326825632E-4,2.1618755405119764E-4,"{""type"":""MultiPoint"",""coordinates"":[]}"
20050423,2005-04-23,4.733406124679952E-4,2.0896350820756875E-4,2.643769129844981E-4,"{""type"":""MultiPoint"",""coordinates"":[]}"
20050424,2005-04-24,5.575576473921707E-4,2.188436573572136E-4,3.387135669189242E-4,"{""type"":""MultiPoint"",""coordinates"":[]}"
20050425,2005-04-25,6.183865333956708E-4,2.132479200451026E-4,4.0513834053182456E-4,"{""type"":""MultiPoint"",""coordinates"":[]}"
20050426,2005-04-26,8.011910689315685E-4,2.579216530766072E-4,5.432693232062365E-4,"{""type"":""MultiPoint"",""coordinates"":[]}"
20050427,2005-04-27,8.342054839925115E-4,2.776480657976034E-4,5.565572663385921E-4,"{""type"":""MultiPoint"",""coordinates"":[]}"
20050428,2005-04-28,7.960738495685173E-4,3.01425203613834E-4,4.946488408422806E-4,"{""type"":""MultiPoint"",""coordinates"":[]}"
20050429,2005-04-29,6.997914765965781E-4,2.8669191557800723E-4,4.1309926456222E-4,"{""type"":""MultiPoint"",""coordinates"":[]}"
20050430,2005-04-30,5.959085314191779E-4,2.6659923811873015E-4,3.293091877689856E-4,"{""type"":""MultiPoint"",""coordinates"":[]}"
20050501,2005-05-01,5.914199680830188E-4,2.4610149854255195E-4,3.4531835935306657E-4,"{""type"":""MultiPoint"",""coordinates"":[]}"
20050502,2005-05-02,5.906560744044708E-4,2.3708288511414306E-4,3.535731442968648E-4,"{""type"":""MultiPoint"",""coordinates"":[]}"
20050503,2005-05-03,6.222314275141291E-4,2.3189033204623928E-4,3.903408844610149E-4,"{""type"":""MultiPoint"",""coordinates"":[]}"
20050504,2005-05-04,7.13441452932247E-4,2.3859901263828984E-4,4.748424554495978E-4,"{""type"":""MultiPoint"",""coordinates"":[]}"
20050505,2005-05-05,7.58560063201413E-4,2.3800027807956291E-4,5.205595598030073E-4,"{""type"":""MultiPoint"",""coordinates"":[]}"
20050506,2005-05-06,7.94709271298897E-4,2.530933578620567E-4,5.416156078013607E-4,"{""type"":""MultiPoint"",""coordinates"":[]}"
20050507,2005-05-07,7.033570324248134E-4,2.3877063363348877E-4,4.6458592976686587E-4,"{""type"":""MultiPoint"",""coordinates"":[]}"
20050508,2005-05-08,6.784616235712173E-4,2.3600554979262298E-4,4.4245608218287995E-4,"{""type"":""MultiPoint"",""coordinates"":[]}"
20050509,2005-05-09,6.640970403264409E-4,2.3012629337356875E-4,4.339707275090478E-4,"{""type"":""MultiPoint"",""coordinates"":[]}"
20050510,2005-05-10,8.353381457125479E-4,2.559032565646823E-4,5.794339525876685E-4,"{""type"":""MultiPoint"",""coordinates"":[]}"
20050511,2005-05-11,7.988737398464992E-4,2.5601618235926226E-4,5.42856521415356E-4,"{""type"":""MultiPoint"",""coordinates"":[]}"
20050512,2005-05-12,6.334479521560052E-4,2.557133658741367E-4,3.7773453286642065E-4,"{""type"":""MultiPoint"",""coordinates"":[]}"
20050513,2005-05-13,6.247939879844965E-4,2.7050205564518095E-4,3.5429204998112934E-4,"{""type"":""MultiPoint"",""coordinates"":[]}"
20050514,2005-05-14,6.506259647330057E-4,2.915580297449125E-4,3.5906559382752653E-4,"{""type"":""MultiPoint"",""coordinates"":[]}"
20050515,2005-05-15,7.473215734842324E-4,3.2148347451413215E-4,4.2583831914479674E-4,"{""type"":""MultiPoint"",""coordinates"":[]}"
20050516,2005-05-16,6.141581963658567E-4,2.8789435308091235E-4,3.262629863530723E-4,"{""type"":""MultiPoint"",""coordinates"":[]}"
20050517,2005-05-17,9.015869377407673E-4,3.831095533245249E-4,5.18476790821127E-4,"{""type"":""MultiPoint"",""coordinates"":[]}"
20050518,2005-05-18,8.72962307477226E-4,4.2193368448817744E-4,4.510289370037401E-4,"{""type"":""MultiPoint"",""coordinates"":[]}"
20050519,2005-05-19,0.0010409692295165738,4.3138827711899463E-4,6.095803379249874E-4,"{""type"":""MultiPoint"",""coordinates"":[]}"
20050520,2005-05-20,0.0010692943506662544,4.363386290197263E-4,6.329549031475245E-4,"{""type"":""MultiPoint"",""coordinates"":[]}"
20050521,2005-05-21,0.0010418192167486243,4.58872320170412E-4,5.829467517205523E-4,"{""type"":""MultiPoint"",""coordinates"":[]}"
20050522,2005-05-22,8.80485463494158E-4,4.1831080567167664E-4,4.621746097325981E-4,"{""type"":""MultiPoint"",""coordinates"":[]}"
20050523,2005-05-23,9.061083569743148E-4,4.2080422400026364E-4,4.853034567579304E-4,"{""type"":""MultiPoint"",""coordinates"":[]}"
20050524,2005-05-24,8.745940095649944E-4,3.997834707381803E-4,4.7480942152136634E-4,"{""type"":""MultiPoint"",""coordinates"":[]}"
20050525,2005-05-25,8.455688125543199E-4,3.5913614186222533E-4,4.8643211769409706E-4,"{""type"":""MultiPoint"",""coordinates"":[]}"
20050526,2005-05-26,8.551204995785027E-4,3.468243417514036E-4,5.082963644002628E-4,"{""type"":""MultiPoint"",""coordinates"":[]}"
20050527,2005-05-27,9.044075808345298E-4,3.447417874121594E-4,5.596654417884936E-4,"{""type"":""MultiPoint"",""coordinates"":[]}"
20050528,2005-05-28,9.486123782751861E-4,3.6307077541126114E-4,5.85541027230307E-4,"{""type"":""MultiPoint"",""coordinates"":[]}"
20050529,2005-05-29,8.429404538441092E-4,3.3085468266937513E-4,5.120856335148479E-4,"{""type"":""MultiPoint"",""coordinates"":[]}"
20050530,2005-05-30,9.093091925738283E-4,3.181923389981973E-4,5.911163008898328E-4,"{""type"":""MultiPoint"",""coordinates"":[]}"
20050531,2005-05-31,0.0010788417704969888,3.3902129232133414E-4,7.398201560005358E-4,"{""type"":""MultiPoint"",""coordinates"":[]}"
20050601,2005-06-01,0.001574025195800908,3.9109871345053063E-4,0.0011829264264230839,"{""type"":""MultiPoint"",""coordinates"":[]}"
20050602,2005-06-02,0.0012370986975671757,3.7206784178590727E-4,8.650308250004602E-4,"{""type"":""MultiPoint"",""coordinates"":[]}"
20050603,2005-06-03,9.580803297808834E-4,3.573954106148092E-4,6.006840705096759E-4,"{""type"":""MultiPoint"",""coordinates"":[]}"
20050604,2005-06-04,8.820590999048183E-4,3.5551185922806406E-4,5.265466229582798E-4,"{""type"":""MultiPoint"",""coordinates"":[]}"
20050605,2005-06-05,9.325557726346021E-4,3.3717974737586075E-4,5.953755717645608E-4,"{""type"":""MultiPoint"",""coordinates"":[]}"
20050606,2005-06-06,9.051765317831714E-4,3.2943218695106964E-4,5.757438511208511E-4,"{""type"":""MultiPoint"",""coordinates"":[]}"
20050607,2005-06-07,9.095871603301976E-4,3.134137402022995E-4,5.961733589841848E-4,"{""type"":""MultiPoint"",""coordinates"":[]}"
20050608,2005-06-08,9.925594876484575E-4,3.339442618244422E-4,6.58615034717707E-4,"{""type"":""MultiPoint"",""coordinates"":[]}"
20050609,2005-06-09,0.0010574063512638163,3.549308058173525E-4,7.024751524008044E-4,"{""type"":""MultiPoint"",""coordinates"":[]}"
20050610,2005-06-10,0.001230854962457819,3.9106612522872244E-4,8.397888422439383E-4,"{""type"":""MultiPoint"",""coordinates"":[]}"
20050611,2005-06-11,0.001066184451687729,3.286690435234514E-4,7.375155664897404E-4,"{""type"":""MultiPoint"",""coordinates"":[]}"
20050612,2005-06-12,0.00105532499110264,3.28803807441122E-4,7.265208438444778E-4,"{""type"":""MultiPoint"",""coordinates"":[]}"
20050613,2005-06-13,0.001188993355996346,3.546909869063978E-4,8.343020917131067E-4,"{""type"":""MultiPoint"",""coordinates"":[]}"
20050614,2005-06-14,0.0011135939416865766,3.218772096115538E-4,7.917165874076321E-4,"{""type"":""MultiPoint"",""coordinates"":[]}"
20050615,2005-06-15,0.0013197760921408806,3.58937616717534E-4,9.608381253838978E-4,"{""type"":""MultiPoint"",""coordinates"":[]}"
20050616,2005-06-16,0.0014571149933920854,4.146431026953071E-4,0.001042471520699237,"{""type"":""MultiPoint"",""coordinates"":[]}"
20050617,2005-06-17,0.001705215773433619,5.35923233505082E-4,0.001169292376064135,"{""type"":""MultiPoint"",""coordinates"":[]}"
20050618,2005-06-18,0.0018716237067430645,5.545470796170619E-4,0.0013170763091490932,"{""type"":""MultiPoint"",""coordinates"":[]}"
20050619,2005-06-19,0.0018666854238751235,5.402604389796559E-4,0.001326424681367206,"{""type"":""MultiPoint"",""coordinates"":[]}"
20050620,2005-06-20,0.002267215789053769,6.060904573649897E-4,0.001661124958554994,"{""type"":""MultiPoint"",""coordinates"":[]}"
20050621,2005-06-21,0.002012469473972526,6.402000944405909E-4,0.001372269325989148,"{""type"":""MultiPoint"",""coordinates"":[]}"
20050622,2005-06-22,0.0023458847456090193,6.965722915888286E-4,0.0016493122298626296,"{""type"":""MultiPoint"",""coordinates"":[]}"
20050623,2005-06-23,0.002781651286530353,7.838207093395642E-4,0.0019978303518788268,"{""type"":""MultiPoint"",""coordinates"":[]}"
20050624,2005-06-24,0.002506782446259518,8.360820331786823E-4,0.001670700197821669,"{""type"":""MultiPoint"",""coordinates"":[]}"
20050625,2005-06-25,0.002550401595496999,0.001016220089371871,0.0015341814362472307,"{""type"":""MultiPoint"",""coordinates"":[]}"
20050626,2005-06-26,0.002638993195072099,9.302409404824159E-4,0.001708752182477723,"{""type"":""MultiPoint"",""coordinates"":[]}"
20050627,2005-06-27,0.0025282289857910165,9.25554128822839E-4,0.0016026748902416576,"{""type"":""MultiPoint"",""coordinates"":[]}"
20050628,2005-06-28,0.0030541674209616045,0.0010700937031377117,0.001984073923507661,"{""type"":""MultiPoint"",""coordinates"":[]}"
20050629,2005-06-29,0.0030322717734731276,0.001133556240632287,0.0018987155335148933,"{""type"":""MultiPoint"",""coordinates"":[]}"
20050630,2005-06-30,0.002942134644596308,0.0011953530911433176,0.0017467815816211646,"{""type"":""MultiPoint"",""coordinates"":[]}"
20050701,2005-07-01,0.0031036135474085645,0.0012210799609324832,0.0018825335547817854,"{""type"":""MultiPoint"",""coordinates"":[]}"
20050702,2005-07-02,0.00293077154524034,0.0011539892617787792,0.0017767822465090536,"{""type"":""MultiPoint"",""coordinates"":[]}"
20050703,2005-07-03,0.003155379201148648,0.0013308452646780952,0.001824533786666884,"{""type"":""MultiPoint"",""coordinates"":[]}"
20050704,2005-07-04,0.003976718699614071,0.001611328691004523,0.0023653900300873334,"{""type"":""MultiPoint"",""coordinates"":[]}"
20050705,2005-07-05,0.002998390352815338,0.0013131254925256362,0.001685264918001202,"{""type"":""MultiPoint"",""coordinates"":[]}"
20050706,2005-07-06,0.002228898127889677,0.001030405043522122,0.0011984930381582397,"{""type"":""MultiPoint"",""coordinates"":[]}"
20050707,2005-07-07,0.0017768186353777726,8.480842785148116E-4,9.287341875476183E-4,"{""type"":""MultiPoint"",""coordinates"":[]}"
20050708,2005-07-08,0.002061667549238367,9.015173221216452E-4,0.001160150363437352,"{""type"":""MultiPoint"",""coordinates"":[]}"
20050709,2005-07-09,0.002854846982083998,0.0010668606685404454,0.0017879864093339286,"{""type"":""MultiPoint"",""coordinates"":[]}"
20050710,2005-07-10,0.003472315306388444,0.0012295962896830487,0.002242718786063448,"{""type"":""MultiPoint"",""coordinates"":[]}"
20050711,2005-07-11,0.0037510710600570088,0.0014017474615590415,0.002349323463249631,"{""type"":""MultiPoint"",""coordinates"":[]}"
20050712,2005-07-12,0.0034182912782402238,0.0014196313743954617,0.0019986599287006826,"{""type"":""MultiPoint"",""coordinates"":[]}"
20050713,2005-07-13,0.003082949331580887,0.0013809699429474657,0.0017019794075762498,"{""type"":""MultiPoint"",""coordinates"":[]}"
20050714,2005-07-14,0.0037005048708943166,0.001574731175258951,0.0021257736776610866,"{""type"":""MultiPoint"",""coordinates"":[]}"
20050715,2005-07-15,0.003848286639168104,0.0016781158246355695,0.002170170895765118,"{""type"":""MultiPoint"",""coordinates"":[]}"
20050716,2005-07-16,0.0036037715369918845,0.0014369727983149269,0.002166798509507011,"{""type"":""MultiPoint"",""coordinates"":[]}"
20050717,2005-07-17,0.0032776530292873657,0.0013722720643606448,0.0019053809325623046,"{""type"":""MultiPoint"",""coordinates"":[]}"
20050718,2005-07-18,0.0028006710359767513,0.001344026501814474,0.001456644436827621,"{""type"":""MultiPoint"",""coordinates"":[]}"
20050719,2005-07-19,0.0027525882920387146,0.0013839170079738147,0.0013686713192012476,"{""type"":""MultiPoint"",""coordinates"":[]}"
20050720,2005-07-20,0.0028934875361529295,0.0014784269170396442,0.0014150606165960343,"{""type"":""MultiPoint"",""coordinates"":[]}"
20050721,2005-07-21,0.0024772940669720088,0.0013932051770266757,0.0010840887491501893,"{""type"":""MultiPoint"",""coordinates"":[]}"
20050722,2005-07-22,0.002388654513636539,0.001324523892858406,0.001064130558734701,"{""type"":""MultiPoint"",""coordinates"":[]}"
20050723,2005-07-23,0.0023179178097287247,0.00132036819597055,9.97549396616477E-4,"{""type"":""MultiPoint"",""coordinates"":[]}"
20050724,2005-07-24,0.0028992141574127888,0.0018007690199274128,0.0010984451828205386,"{""type"":""MultiPoint"",""coordinates"":[]}"
20050725,2005-07-25,0.0038139868171757326,0.002123060682653096,0.0016909259386482965,"{""type"":""MultiPoint"",""coordinates"":[]}"
20050726,2005-07-26,0.0036260513205491557,0.0021005817927259637,0.00152546944833548,"{""type"":""MultiPoint"",""coordinates"":[]}"
20050727,2005-07-27,0.0036731461138625092,0.0021321591367551604,0.001540986999993714,"{""type"":""MultiPoint"",""coordinates"":[]}"
20050728,2005-07-28,0.003357155074530199,0.001961027686280755,0.001396127270506349,"{""type"":""MultiPoint"",""coordinates"":[]}"
20050729,2005-07-29,0.0028941115788678386,0.0017169862696411807,0.0011771252254330665,"{""type"":""MultiPoint"",""coordinates"":[]}"
20050730,2005-07-30,0.0031449186903327285,0.0016847909284785734,0.0014601278281700391,"{""type"":""MultiPoint"",""coordinates"":[]}"
20050731,2005-07-31,0.003841137201690856,0.001998587157614302,0.0018425499942349205,"{""type"":""MultiPoint"",""coordinates"":[]}"
20050801,2005-08-01,0.00446081941615206,0.0025056698997342553,0.0019551495858856653,"{""type"":""MultiPoint"",""coordinates"":[]}"
20050802,2005-08-02,0.003932950946639498,0.002269535253603837,0.0016634156307960566,"{""type"":""MultiPoint"",""coordinates"":[]}"
20050803,2005-08-03,0.0031771160161581185,0.0018590265657519786,0.001318089308138499,"{""type"":""MultiPoint"",""coordinates"":[]}"
20050804,2005-08-04,0.003481916444456507,0.0018342735973698786,0.0016476429276879331,"{""type"":""MultiPoint"",""coordinates"":[]}"
20050805,2005-08-05,0.003911282311951554,0.00198401481114982,0.0019272677371173406,"{""type"":""MultiPoint"",""coordinates"":[]}"
20050806,2005-08-06,0.003971446132518258,0.00221509662247783,0.001756349363547531,"{""type"":""MultiPoint"",""coordinates"":[]}"
20050807,2005-08-07,0.003388933686827389,0.0019318844001803275,0.001457049241583787,"{""type"":""MultiPoint"",""coordinates"":[]}"
20050808,2005-08-08,0.0028517580918925828,0.0018655775080426975,9.861804377571985E-4,"{""type"":""MultiPoint"",""coordinates"":[]}"
20050809,2005-08-09,0.0023091441568496985,0.0017182205198214729,5.909236876771526E-4,"{""type"":""MultiPoint"",""coordinates"":[]}"
20050810,2005-08-10,0.0022653548928721783,0.0016189926787383425,6.463622356071948E-4,"{""type"":""MultiPoint"",""coordinates"":[]}"
20050811,2005-08-11,0.0024804600376377457,0.0016559399413726167,8.245201719032117E-4,"{""type"":""MultiPoint"",""coordinates"":[]}"
20050812,2005-08-12,0.0021476946794973606,0.001395480287314505,7.52214446733527E-4,"{""type"":""MultiPoint"",""coordinates"":[]}"
20050813,2005-08-13,0.002134789882830334,0.0014616179667967274,6.731718548358125E-4,"{""type"":""MultiPoint"",""coordinates"":[]}"
20050814,2005-08-14,0.0027145370976441674,0.0015406467630474233,0.0011738902376470552,"{""type"":""MultiPoint"",""coordinates"":[]}"
20050815,2005-08-15,0.0028510628507872177,0.0015315781245900195,0.001319484717594288,"{""type"":""MultiPoint"",""coordinates"":[]}"
20050816,2005-08-16,0.00232754136752362,0.0014996924105859497,8.278488818512204E-4,"{""type"":""MultiPoint"",""coordinates"":[]}"
20050817,2005-08-17,0.002265502710141349,0.0015094696741096115,7.560330725894472E-4,"{""type"":""MultiPoint"",""coordinates"":[]}"
20050818,2005-08-18,0.00257449384515689,0.0016018600242057746,9.726336041545577E-4,"{""type"":""MultiPoint"",""coordinates"":[]}"
20050819,2005-08-19,0.003800457332386513,0.0018493289983250432,0.0019511285532071378,"{""type"":""MultiPoint"",""coordinates"":[]}"
20050820,2005-08-20,0.0032828744433489342,0.0019191120037739197,0.0013637620673080109,"{""type"":""MultiPoint"",""coordinates"":[]}"
20050821,2005-08-21,0.0029976267852195575,0.0018465733493106375,0.001151053633882121,"{""type"":""MultiPoint"",""coordinates"":[]}"
20050822,2005-08-22,0.003339133778423047,0.0020251955822749163,0.0013139382910122386,"{""type"":""MultiPoint"",""coordinates"":[]}"
20050823,2005-08-23,0.00350906056318348,0.0020050141048351877,0.0015040462763567062,"{""type"":""MultiPoint"",""coordinates"":[]}"
20050824,2005-08-24,0.00367280947555249,0.002087531018608164,0.0015852784985026167,"{""type"":""MultiPoint"",""coordinates"":[]}"
20050825,2005-08-25,0.003185934928872273,0.0020633407994063726,0.001122594097715557,"{""type"":""MultiPoint"",""coordinates"":[]}"
20050826,2005-08-26,0.0028626995155777353,0.0019936178793968614,8.690815623574771E-4,"{""type"":""MultiPoint"",""coordinates"":[]}"
20050827,2005-08-27,0.002500590619647824,0.0018639683620530288,6.366222030455982E-4,"{""type"":""MultiPoint"",""coordinates"":[]}"
20050828,2005-08-28,0.0020413567392637243,0.0016862044402204972,3.551521013650161E-4,"{""type"":""MultiPoint"",""coordinates"":[]}"
20050829,2005-08-29,0.0017980645302925048,0.0015309083124862496,2.6715612250507103E-4,"{""type"":""MultiPoint"",""coordinates"":[]}"
20050830,2005-08-30,0.0016966942595492275,0.0014331912577802111,2.635029471839303E-4,"{""type"":""MultiPoint"",""coordinates"":[]}"
20050831,2005-08-31,0.001669915649929962,0.0013653473284654196,3.0456828487831583E-4,"{""type"":""MultiPoint"",""coordinates"":[]}"
20050901,2005-09-01,0.0017641301986837951,0.0013444070017989058,4.197234011133691E-4,"{""type"":""MultiPoint"",""coordinates"":[]}"
20050902,2005-09-02,0.0021741560541115416,0.0014293820545243682,7.44773660842914E-4,"{""type"":""MultiPoint"",""coordinates"":[]}"
20050903,2005-09-03,0.0018349816924547921,0.0012875250389388585,5.474566287283537E-4,"{""type"":""MultiPoint"",""coordinates"":[]}"
20050904,2005-09-04,0.0019606056471287406,0.001341021983207461,6.195833138946108E-4,"{""type"":""MultiPoint"",""coordinates"":[]}"
20050905,2005-09-05,0.0018393550097442607,0.0012785488161751923,5.608064382604434E-4,"{""type"":""MultiPoint"",""coordinates"":[]}"
20050906,2005-09-06,0.0016612667155491755,0.0012129450624289847,4.483217311393407E-4,"{""type"":""MultiPoint"",""coordinates"":[]}"
20050907,2005-09-07,0.0016785981123032358,0.001207043131340302,4.7155486079353916E-4,"{""type"":""MultiPoint"",""coordinates"":[]}"
20050908,2005-09-08,0.0019470978339000205,0.001302147158640038,6.449505119039428E-4,"{""type"":""MultiPoint"",""coordinates"":[]}"
20050909,2005-09-09,0.0021969096085772445,0.0014509607711378023,7.459490247025148E-4,"{""type"":""MultiPoint"",""coordinates"":[]}"
20050910,2005-09-10,0.002362436005465924,0.0015638530578995346,7.985829018742909E-4,"{""type"":""MultiPoint"",""coordinates"":[]}"
20050911,2005-09-11,0.0028187695969333288,0.0018090419464545377,0.0010097274589295046,"{""type"":""MultiPoint"",""coordinates"":[]}"
20050912,2005-09-12,0.003455807660503212,0.0019599420882691347,0.0014958656023560746,"{""type"":""MultiPoint"",""coordinates"":[]}"
20050913,2005-09-13,0.003170655630221723,0.0018428191618811611,0.0013278365180587942,"{""type"":""MultiPoint"",""coordinates"":[]}"
20050914,2005-09-14,0.003076293017144963,0.0018109282543375014,0.00126536472569222,"{""type"":""MultiPoint"",""coordinates"":[]}"
20050915,2005-09-15,0.0028183115381952774,0.0017792452342233296,0.001039066232732668,"{""type"":""MultiPoint"",""coordinates"":[]}"
20050916,2005-09-16,0.0026112078128427843,0.0016895548136241386,9.216527959292187E-4,"{""type"":""MultiPoint"",""coordinates"":[]}"
20050917,2005-09-17,0.002313473042059847,0.0015661287202974408,7.473442498746395E-4,"{""type"":""MultiPoint"",""coordinates"":[]}"
20050918,2005-09-18,0.002517350352643734,0.0014999598162431667,0.0010173904760371055,"{""type"":""MultiPoint"",""coordinates"":[]}"
20050919,2005-09-19,0.0033495791620666918,0.0016937078681899746,0.0016558712305549891,"{""type"":""MultiPoint"",""coordinates"":[]}"
20050920,2005-09-20,0.003838384488369219,0.0019484673373787705,0.0018899171220356308,"{""type"":""MultiPoint"",""coordinates"":[]}"
20050921,2005-09-21,0.002460628127564694,0.0016401316376670786,8.204964665613911E-4,"{""type"":""MultiPoint"",""coordinates"":[]}"
20050922,2005-09-22,0.0023877501524283123,0.0016813786269542852,7.063716335045541E-4,"{""type"":""MultiPoint"",""coordinates"":[]}"
20050923,2005-09-23,0.00264465784199708,0.0016942904293042519,9.503675186190872E-4,"{""type"":""MultiPoint"",""coordinates"":[]}"
20050924,2005-09-24,0.002494617665011663,0.0014965890028029167,9.980284223237534E-4,"{""type"":""MultiPoint"",""coordinates"":[]}"
20050925,2005-09-25,0.002185804635827792,0.001464674728581673,7.211299127531051E-4,"{""type"":""MultiPoint"",""coordinates"":[]}"
20050926,2005-09-26,0.001623038964503202,0.0013039625646528122,3.1907622660429474E-4,"{""type"":""MultiPoint"",""coordinates"":[]}"
20050927,2005-09-27,0.00142903023984007,0.00123554713310795,1.9348302608460203E-4,"{""type"":""MultiPoint"",""coordinates"":[]}"
20050928,2005-09-28,0.001411357738938726,0.0012132677862825003,1.9808960396340585E-4,"{""type"":""MultiPoint"",""coordinates"":[]}"
20050929,2005-09-29,0.001873287542258535,0.001345749416833682,5.275378058181197E-4,"{""type"":""MultiPoint"",""coordinates"":[]}"
20050930,2005-09-30,0.0018568192268867193,0.0013786891839729352,4.781300505579755E-4,"{""type"":""MultiPoint"",""coordinates"":[]}"
20051001,2005-10-01,0.0019617382080799393,0.0015147199494839286,4.470182928675445E-4,"{""type"":""MultiPoint"",""coordinates"":[]}"
20051002,2005-10-02,0.0020751844682933276,0.0015846772005274703,4.905072533732599E-4,"{""type"":""MultiPoint"",""coordinates"":[]}"
20051003,2005-10-03,0.0017980967207094677,0.0013993013385444563,3.987950171862451E-4,"{""type"":""MultiPoint"",""coordinates"":[]}"
20051004,2005-10-04,0.0017768836426913976,0.0013858223761159963,3.910608221064644E-4,"{""type"":""MultiPoint"",""coordinates"":[]}"
20051005,2005-10-05,0.0015047613974051733,0.0012885171665242387,2.162442131534652E-4,"{""type"":""MultiPoint"",""coordinates"":[]}"
20051006,2005-10-06,0.0013049432129223694,0.0011993007427688579,1.0564266926341067E-4,"{""type"":""MultiPoint"",""coordinates"":[]}"
20051007,2005-10-07,0.0012597197993838751,0.0011365837409765872,1.2313525872721757E-4,"{""type"":""MultiPoint"",""coordinates"":[]}"
20051008,2005-10-08,0.0012329965128026884,0.0010905286415465198,1.424688198151137E-4,"{""type"":""MultiPoint"",""coordinates"":[]}"
20051009,2005-10-09,0.0011531478001497826,0.0010375110084265922,1.1563707695465202E-4,"{""type"":""MultiPoint"",""coordinates"":[]}"
20051010,2005-10-10,0.0010994766749642174,9.977794601896013E-4,1.0169715880110693E-4,"{""type"":""MultiPoint"",""coordinates"":[]}"
20051011,2005-10-11,0.0011168493379186404,9.707774126376819E-4,1.4607192464476207E-4,"{""type"":""MultiPoint"",""coordinates"":[]}"
20051012,2005-10-12,0.0011298448284145302,9.506436481170687E-4,1.7920099271186724E-4,"{""type"":""MultiPoint"",""coordinates"":[]}"
20051013,2005-10-13,0.0013221248866549932,0.0010046577763608581,3.17467064588271E-4,"{""type"":""MultiPoint"",""coordinates"":[]}"
20051014,2005-10-14,0.0011728303475827318,9.315492252391649E-4,2.4128110925482796E-4,"{""type"":""MultiPoint"",""coordinates"":[]}"
20051015,2005-10-15,0.0011013869078876604,8.768849004669577E-4,2.2450203762873708E-4,"{""type"":""MultiPoint"",""coordinates"":[]}"
20051016,2005-10-16,0.0010786143116222737,8.687805331450313E-4,2.098332799876332E-4,"{""type"":""MultiPoint"",""coordinates"":[]}"
20051017,2005-10-17,0.0010687523297496487,8.327071214252159E-4,2.3604539976211422E-4,"{""type"":""MultiPoint"",""coordinates"":[]}"
20051018,2005-10-18,0.0011443038821434843,8.062064758636275E-4,3.3809758252502327E-4,"{""type"":""MultiPoint"",""coordinates"":[]}"
20051019,2005-10-19,0.0013666546527303575,8.594738011042479E-4,5.071807904258556E-4,"{""type"":""MultiPoint"",""coordinates"":[]}"
20051020,2005-10-20,0.001433672807020671,9.097420149938106E-4,5.239305280185069E-4,"{""type"":""MultiPoint"",""coordinates"":[]}"
20051021,2005-10-21,0.0019686506045720523,0.0010310187415086883,9.37631500777372E-4,"{""type"":""MultiPoint"",""coordinates"":[]}"
20051022,2005-10-22,0.002350080061891773,0.0010870004088197236,0.0012630792153210328,"{""type"":""MultiPoint"",""coordinates"":[]}"
20051023,2005-10-23,0.002147281844433494,0.0012531666018412665,8.941148095059996E-4,"{""type"":""MultiPoint"",""coordinates"":[]}"
20051024,2005-10-24,0.0011635261426051861,9.529674431872295E-4,2.1055812471847433E-4,"{""type"":""MultiPoint"",""coordinates"":[]}"
20051025,2005-10-25,0.0011284707234465354,9.129517348785692E-4,2.1551815086801593E-4,"{""type"":""MultiPoint"",""coordinates"":[]}"
20051026,2005-10-26,0.001051364451987096,8.760184729462591E-4,1.7534588166537697E-4,"{""type"":""MultiPoint"",""coordinates"":[]}"
20051027,2005-10-27,0.001359455087511291,9.358252680473527E-4,4.2362986039439534E-4,"{""type"":""MultiPoint"",""coordinates"":[]}"
20051028,2005-10-28,0.001207913528998285,8.935720005447434E-4,3.14341409526551E-4,"{""type"":""MultiPoint"",""coordinates"":[]}"
20051029,2005-10-29,9.230805162014582E-4,8.276182503638926E-4,9.546224984562652E-5,"{""type"":""MultiPoint"",""coordinates"":[]}"
20051030,2005-10-30,9.151283256806408E-4,7.903928834126953E-4,1.2473565758512763E-4,"{""type"":""MultiPoint"",""coordinates"":[]}"
20051031,2005-10-31,0.0010036384079240472,8.297569964230615E-4,1.7388121915768286E-4,"{""type"":""MultiPoint"",""coordinates"":[]}"
20051101,2005-11-01,9.106049004805707E-4,7.571977421542195E-4,1.5340717202522885E-4,"{""type"":""MultiPoint"",""coordinates"":[]}"
20051102,2005-11-02,8.328184667616813E-4,7.365122947545567E-4,9.630521724944098E-5,"{""type"":""MultiPoint"",""coordinates"":[]}"
20051103,2005-11-03,7.737245718806179E-4,7.112373212933212E-4,6.24867709077734E-5,"{""type"":""MultiPoint"",""coordinates"":[]}"
20051104,2005-11-04,7.546478035681315E-4,7.038438180778326E-4,5.080408126395835E-5,"{""type"":""MultiPoint"",""coordinates"":[]}"
20051105,2005-11-05,7.88025979061178E-4,7.065665098281669E-4,8.145844651093525E-5,"{""type"":""MultiPoint"",""coordinates"":[]}"
20051106,2005-11-06,7.745798598759853E-4,6.897186022774011E-4,8.486135495634412E-5,"{""type"":""MultiPoint"",""coordinates"":[]}"
20051107,2005-11-07,7.405634234182627E-4,6.630654661905781E-4,7.749673640703685E-5,"{""type"":""MultiPoint"",""coordinates"":[]}"
20051108,2005-11-08,9.536338647647936E-4,7.108507876877913E-4,2.4278286410204752E-4,"{""type"":""MultiPoint"",""coordinates"":[]}"
20051109,2005-11-09,8.042843842977366E-4,6.781331291472176E-4,1.261501020926854E-4,"{""type"":""MultiPoint"",""coordinates"":[]}"
20051110,2005-11-10,7.131783045066406E-4,6.381597241934158E-4,7.501794134558476E-5,"{""type"":""MultiPoint"",""coordinates"":[]}"
20051111,2005-11-11,6.699508709892873E-4,6.1788094644941E-4,5.2070085677093134E-5,"{""type"":""MultiPoint"",""coordinates"":[]}"
20051112,2005-11-12,8.388283832172389E-4,6.825065861290573E-4,1.5632041682995615E-4,"{""type"":""MultiPoint"",""coordinates"":[]}"
20051113,2005-11-13,7.426739266053925E-4,6.652866058858432E-4,7.738610898019135E-5,"{""type"":""MultiPoint"",""coordinates"":[]}"
20051114,2005-11-14,6.484575526445453E-4,6.062121371129885E-4,4.2244198596920685E-5,"{""type"":""MultiPoint"",""coordinates"":[]}"
20051115,2005-11-15,5.992330700378624E-4,5.73618600831932E-4,2.561463413869375E-5,"{""type"":""MultiPoint"",""coordinates"":[]}"
20051116,2005-11-16,5.809271249723681E-4,5.533907445151113E-4,2.7536300575731228E-5,"{""type"":""MultiPoint"",""coordinates"":[]}"
20051117,2005-11-17,5.811747282189E-4,5.359844390704959E-4,4.518997718291464E-5,"{""type"":""MultiPoint"",""coordinates"":[]}"
20051118,2005-11-18,5.664008949887501E-4,5.207351771277165E-4,4.566404168579878E-5,"{""type"":""MultiPoint"",""coordinates"":[]}"
20051119,2005-11-19,5.846838716121894E-4,5.229916426753666E-4,6.169228199533217E-5,"{""type"":""MultiPoint"",""coordinates"":[]}"
20051120,2005-11-20,6.648416032490937E-4,5.247161260093957E-4,1.4012547114961415E-4,"{""type"":""MultiPoint"",""coordinates"":[]}"
20051121,2005-11-21,5.4851618013151E-4,4.8780403367151544E-4,6.0709822198464434E-5,"{""type"":""MultiPoint"",""coordinates"":[]}"
20051122,2005-11-22,8.278100807645663E-4,5.563147381304288E-4,2.7149544047273203E-4,"{""type"":""MultiPoint"",""coordinates"":[]}"
20051123,2005-11-23,9.173791882312306E-4,5.702677339805657E-4,3.4711042597489764E-4,"{""type"":""MultiPoint"",""coordinates"":[]}"
20051124,2005-11-24,9.029672744382658E-4,5.650004351135353E-4,3.3796674094040233E-4,"{""type"":""MultiPoint"",""coordinates"":[]}"
20051125,2005-11-25,5.866729714404355E-4,5.095702659962066E-4,7.710274602610434E-5,"{""type"":""MultiPoint"",""coordinates"":[]}"
20051126,2005-11-26,5.28474309164143E-4,4.939458326809126E-4,3.452827145778364E-5,"{""type"":""MultiPoint"",""coordinates"":[]}"
20051127,2005-11-27,4.8715828538662006E-4,4.581174152549621E-4,2.9040769635687937E-5,"{""type"":""MultiPoint"",""coordinates"":[]}"
20051128,2005-11-28,4.7352168547679807E-4,4.47581439011972E-4,2.593697220233821E-5,"{""type"":""MultiPoint"",""coordinates"":[]}"
20051129,2005-11-29,4.61428661720263E-4,4.3993938787701797E-4,2.1489346741847264E-5,"{""type"":""MultiPoint"",""coordinates"":[]}"
20051130,2005-11-30,4.344548499483128E-4,4.204847800219256E-4,1.3968433529669999E-5,"{""type"":""MultiPoint"",""coordinates"":[]}"
20051201,2005-12-01,4.239115311198515E-4,4.095163424635084E-4,1.4393679787072435E-5,"{""type"":""MultiPoint"",""coordinates"":[]}"
20051202,2005-12-02,4.2429758550456857E-4,3.9965020608832326E-4,2.4645997129958743E-5,"{""type"":""MultiPoint"",""coordinates"":[]}"
20051203,2005-12-03,5.037934480463412E-4,4.0600301528245206E-4,9.779055789945191E-5,"{""type"":""MultiPoint"",""coordinates"":[]}"
20051204,2005-12-04,4.7635492000933565E-4,3.925847086127176E-4,8.376876535054142E-5,"{""type"":""MultiPoint"",""coordinates"":[]}"
20051205,2005-12-05,4.200725825967631E-4,3.7959610289338836E-4,4.047563782143869E-5,"{""type"":""MultiPoint"",""coordinates"":[]}"
20051206,2005-12-06,3.891912827237617E-4,3.661554738432747E-4,2.3034314978063265E-5,"{""type"":""MultiPoint"",""coordinates"":[]}"
20051207,2005-12-07,3.7111776341889767E-4,3.574263779077388E-4,1.3691679231962187E-5,"{""type"":""MultiPoint"",""coordinates"":[]}"
20051208,2005-12-08,3.790481179415411E-4,3.514455424622309E-4,2.7602835992514663E-5,"{""type"":""MultiPoint"",""coordinates"":[]}"
20051209,2005-12-09,3.89805290123164E-4,3.531101834272982E-4,3.669575491588987E-5,"{""type"":""MultiPoint"",""coordinates"":[]}"
20051210,2005-12-10,4.6743481002410527E-4,3.528979879471624E-4,1.1453583693816288E-4,"{""type"":""MultiPoint"",""coordinates"":[]}"
20051211,2005-12-11,4.25600221002335E-4,3.5290427619836737E-4,7.269404497904584E-5,"{""type"":""MultiPoint"",""coordinates"":[]}"
20051212,2005-12-12,3.8669406913872717E-4,3.323835478026661E-4,5.4308940259940446E-5,"{""type"":""MultiPoint"",""coordinates"":[]}"
20051213,2005-12-13,3.5951346089121457E-4,3.2586585004389844E-4,3.364572587665327E-5,"{""type"":""MultiPoint"",""coordinates"":[]}"
20051214,2005-12-14,3.3189693606192836E-4,3.1735065216343755E-4,1.4544484714576312E-5,"{""type"":""MultiPoint"",""coordinates"":[]}"
20051215,2005-12-15,3.2526594882285686E-4,3.1210819199941134E-4,1.3156867426368151E-5,"{""type"":""MultiPoint"",""coordinates"":[]}"
20051216,2005-12-16,3.183798366486477E-4,3.067635631263779E-4,1.161452922334874E-5,"{""type"":""MultiPoint"",""coordinates"":[]}"
20051217,2005-12-17,3.2214591627625943E-4,3.031066296374834E-4,1.9037706163945245E-5,"{""type"":""MultiPoint"",""coordinates"":[]}"
20051218,2005-12-18,3.175344781693763E-4,2.9901826008871555E-4,1.8515993749545053E-5,"{""type"":""MultiPoint"",""coordinates"":[]}"
20051219,2005-12-19,2.9845048757208337E-4,2.8999960844278166E-4,8.450157157168105E-6,"{""type"":""MultiPoint"",""coordinates"":[]}"
20051220,2005-12-20,2.914583305911903E-4,2.843818853081749E-4,7.075681197020514E-6,"{""type"":""MultiPoint"",""coordinates"":[]}"
20051221,2005-12-21,2.9630005984966943E-4,2.792975197451262E-4,1.700152864472311E-5,"{""type"":""MultiPoint"",""coordinates"":[]}"
20051222,2005-12-22,3.1004714091518E-4,2.7440759509346084E-4,3.563932793910098E-5,"{""type"":""MultiPoint"",""coordinates"":[]}"
20051223,2005-12-23,3.923166215568847E-4,2.913655320810883E-4,1.0095171266438149E-4,"{""type"":""MultiPoint"",""coordinates"":[]}"
20051224,2005-12-24,3.585356455681666E-4,2.949456827364008E-4,6.358786314668545E-5,"{""type"":""MultiPoint"",""coordinates"":[]}"
20051225,2005-12-25,3.1488775472222885E-4,2.7095044724370106E-4,4.3937198471091514E-5,"{""type"":""MultiPoint"",""coordinates"":[]}"
20051226,2005-12-26,2.8896070262184845E-4,2.6213361627181234E-4,2.6827068892484368E-5,"{""type"":""MultiPoint"",""coordinates"":[]}"
20051227,2005-12-27,2.6913469686414785E-4,2.5250826853309553E-4,1.6624679991741712E-5,"{""type"":""MultiPoint"",""coordinates"":[]}"
20051228,2005-12-28,2.604322516510695E-4,2.4829174118169104E-4,1.2140790394448778E-5,"{""type"":""MultiPoint"",""coordinates"":[]}"
20051229,2005-12-29,2.527646603590592E-4,2.4406936729428065E-4,8.694578537719708E-6,"{""type"":""MultiPoint"",""coordinates"":[]}"
20051230,2005-12-30,2.4765579182294966E-4,2.399721824512277E-4,7.68199692972796E-6,"{""type"":""MultiPoint"",""coordinates"":[]}"
20051231,2005-12-31,2.44261241799511E-4,2.3594225691305677E-4,8.31903351764402E-6,"{""type"":""MultiPoint"",""coordinates"":[]}"
20060101,2006-01-01,2.455605361230235E-4,2.31994832149161E-4,1.3565631252745823E-5,"{""type"":""MultiPoint"",""coordinates"":[]}"
20060102,2006-01-02,2.5885033520731127E-4,2.291351316935724E-4,2.971382989723039E-5,"{""type"":""MultiPoint"",""coordinates"":[]}"
20060103,2006-01-03,2.4070990943057954E-4,2.2579958606037918E-4,1.4907285923328032E-5,"{""type"":""MultiPoint"",""coordinates"":[]}"
20060104,2006-01-04,2.3766628549526267E-4,2.233493925226724E-4,1.4317062559324724E-5,"{""type"":""MultiPoint"",""coordinates"":[]}"
20060105,2006-01-05,2.3829479882333396E-4,2.2033055653818633E-4,1.7963186747811236E-5,"{""type"":""MultiPoint"",""coordinates"":[]}"
20060106,2006-01-06,2.3422042344740164E-4,2.1679005664020234E-4,1.7428773348350886E-5,"{""type"":""MultiPoint"",""coordinates"":[]}"
20060107,2006-01-07,2.276523356911973E-4,2.1289786394760083E-4,1.4753067406260648E-5,"{""type"":""MultiPoint"",""coordinates"":[]}"
20060108,2006-01-08,2.264353968673788E-4,2.1156471491952516E-4,1.4869700871096243E-5,"{""type"":""MultiPoint"",""coordinates"":[]}"
20060109,2006-01-09,2.1861030952534917E-4,2.068129980042698E-4,1.179556495122159E-5,"{""type"":""MultiPoint"",""coordinates"":[]}"
20060110,2006-01-10,2.188629646918256E-4,2.0497835447185134E-4,1.3882832120031212E-5,"{""type"":""MultiPoint"",""coordinates"":[]}"
20060111,2006-01-11,2.259681894153669E-4,2.0622951897321092E-4,1.9737130168171446E-5,"{""type"":""MultiPoint"",""coordinates"":[]}"
20060112,2006-01-12,2.3114994894864302E-4,2.0735759542505204E-4,2.3790763617414433E-5,"{""type"":""MultiPoint"",""coordinates"":[]}"
20060113,2006-01-13,2.4646767079484474E-4,2.1142478293668108E-4,3.504204996302769E-5,"{""type"":""MultiPoint"",""coordinates"":[]}"
20060114,2006-01-14,2.73896243106811E-4,2.1499127454781204E-4,5.8904849547935374E-5,"{""type"":""MultiPoint"",""coordinates"":[]}"
20060115,2006-01-15,2.397855931224935E-4,2.0329956865857923E-4,3.648489064144431E-5,"{""type"":""MultiPoint"",""coordinates"":[]}"
20060116,2006-01-16,2.6844416886318077E-4,2.096687105892078E-4,5.877506787192201E-5,"{""type"":""MultiPoint"",""coordinates"":[]}"
20060117,2006-01-17,2.713022709999488E-4,2.0902356668133802E-4,6.227747017323212E-5,"{""type"":""MultiPoint"",""coordinates"":[]}"
20060118,2006-01-18,2.2323295906991565E-4,1.903730946787285E-4,3.286053683929195E-5,"{""type"":""MultiPoint"",""coordinates"":[]}"
20060119,2006-01-19,2.1246731193809754E-4,1.8725549026678325E-4,2.5211946878166918E-5,"{""type"":""MultiPoint"",""coordinates"":[]}"
20060120,2006-01-20,2.048345412938909E-4,1.8410884252936292E-4,2.072381220091519E-5,"{""type"":""MultiPoint"",""coordinates"":[]}"
20060121,2006-01-21,2.1564883909580166E-4,1.818669534249678E-4,3.3781699658031856E-5,"{""type"":""MultiPoint"",""coordinates"":[]}"
20060122,2006-01-22,1.9868244490413046E-4,1.789765099613497E-4,1.9705898554689746E-5,"{""type"":""MultiPoint"",""coordinates"":[]}"
20060123,2006-01-23,1.920444636303204E-4,1.7645845649745905E-4,1.5585956412645347E-5,"{""type"":""MultiPoint"",""coordinates"":[]}"
20060124,2006-01-24,1.85671524743606E-4,1.7356064255601237E-4,1.2110770100454312E-5,"{""type"":""MultiPoint"",""coordinates"":[]}"
20060125,2006-01-25,1.8055805460468074E-4,1.70798538790745E-4,9.75857353583509E-6,"{""type"":""MultiPoint"",""coordinates"":[]}"
20060126,2006-01-26,1.7659554256649237E-4,1.680458601624751E-4,8.549563012907167E-6,"{""type"":""MultiPoint"",""coordinates"":[]}"
20060127,2006-01-27,1.7834233307855316E-4,1.6544379969569756E-4,1.2896979767422926E-5,"{""type"":""MultiPoint"",""coordinates"":[]}"
20060128,2006-01-28,1.8101548765852695E-4,1.631776840894617E-4,1.783718432204805E-5,"{""type"":""MultiPoint"",""coordinates"":[]}"
20060129,2006-01-29,1.727261317795347E-4,1.605056052384487E-4,1.2218696989350066E-5,"{""type"":""MultiPoint"",""coordinates"":[]}"
20060130,2006-01-30,1.73608661255154E-4,1.5811085508865173E-4,1.5495920616674392E-5,"{""type"":""MultiPoint"",""coordinates"":[]}"
20060131,2006-01-31,1.7492523120193098E-4,1.556869421775297E-4,1.9236623032738624E-5,"{""type"":""MultiPoint"",""coordinates"":[]}"
20060201,2006-02-01,1.7212248294255832E-4,1.5349447005001077E-4,1.8627290852074423E-5,"{""type"":""MultiPoint"",""coordinates"":[]}"
20060202,2006-02-02,1.7025175739717873E-4,1.5104057422661232E-4,1.9209514154756746E-5,"{""type"":""MultiPoint"",""coordinates"":[]}"
20060203,2006-02-03,1.7685704061527941E-4,1.4914945316167605E-4,2.7706987507338497E-5,"{""type"":""MultiPoint"",""coordinates"":[]}"
20060204,2006-02-04,1.7656306128177726E-4,1.4694728694328717E-4,2.9614323573545512E-5,"{""type"":""MultiPoint"",""coordinates"":[]}"
20060205,2006-02-05,1.6783457872294316E-4,1.4502449240758302E-4,2.2808253413020903E-5,"{""type"":""MultiPoint"",""coordinates"":[]}"
20060206,2006-02-06,1.7185693381053892E-4,1.4288015086968482E-4,2.897512487215077E-5,"{""type"":""MultiPoint"",""coordinates"":[]}"
20060207,2006-02-07,1.7123171733042988E-4,1.4117430122007507E-4,3.0056462544925205E-5,"{""type"":""MultiPoint"",""coordinates"":[]}"
20060208,2006-02-08,1.7283544463620135E-4,1.396766499801725E-4,3.315789438805112E-5,"{""type"":""MultiPoint"",""coordinates"":[]}"
20060209,2006-02-09,1.6489044607809157E-4,1.3777855308437623E-4,2.710871756000816E-5,"{""type"":""MultiPoint"",""coordinates"":[]}"
20060210,2006-02-10,1.6415310930953852E-4,1.3585055182152076E-4,2.8302307332429757E-5,"{""type"":""MultiPoint"",""coordinates"":[]}"
20060211,2006-02-11,1.696364808119227E-4,1.342054258242302E-4,3.542964824323224E-5,"{""type"":""MultiPoint"",""coordinates"":[]}"
20060212,2006-02-12,1.6687570412395023E-4,1.330679542079259E-4,3.380671327186132E-5,"{""type"":""MultiPoint"",""coordinates"":[]}"
20060213,2006-02-13,1.6937965641743952E-4,1.3339474509924853E-4,3.598483477251876E-5,"{""type"":""MultiPoint"",""coordinates"":[]}"
20060214,2006-02-14,1.946806287345309E-4,1.351288716225125E-4,5.9552039436346355E-5,"{""type"":""MultiPoint"",""coordinates"":[]}"
20060215,2006-02-15,2.1701975585305716E-4,1.3428147598587266E-4,8.273772559482725E-5,"{""type"":""MultiPoint"",""coordinates"":[]}"
20060216,2006-02-16,3.1244521783089894E-4,1.4885555222638797E-4,1.6358785070643987E-4,"{""type"":""MultiPoint"",""coordinates"":[]}"
20060217,2006-02-17,2.0765353998341386E-4,1.3592640159152967E-4,7.17236506185413E-5,"{""type"":""MultiPoint"",""coordinates"":[]}"
20060218,2006-02-18,1.7536307392671685E-4,1.2893375224208613E-4,4.64291652200677E-5,"{""type"":""MultiPoint"",""coordinates"":[]}"
20060219,2006-02-19,1.805122802889847E-4,1.2801985875917499E-4,5.249168713020775E-5,"{""type"":""MultiPoint"",""coordinates"":[]}"
20060220,2006-02-20,1.9592427099515998E-4,1.2903098974627574E-4,6.689236528444936E-5,"{""type"":""MultiPoint"",""coordinates"":[]}"
20060221,2006-02-21,2.007721696319346E-4,1.312336926919558E-4,6.953770653184081E-5,"{""type"":""MultiPoint"",""coordinates"":[]}"
20060222,2006-02-22,2.251506554940589E-4,1.3205178596192025E-4,9.309736811826697E-5,"{""type"":""MultiPoint"",""coordinates"":[]}"
20060223,2006-02-23,2.8690311938777617E-4,1.3653162364902314E-4,1.5037148960245447E-4,"{""type"":""MultiPoint"",""coordinates"":[]}"
20060224,2006-02-24,2.6320043153576806E-4,1.409216132014634E-4,1.2227875208479318E-4,"{""type"":""MultiPoint"",""coordinates"":[]}"
20060225,2006-02-25,3.2790151971345583E-4,1.5539602148352682E-4,1.7250238631706958E-4,"{""type"":""MultiPoint"",""coordinates"":[]}"
20060226,2006-02-26,3.4283662120637953E-4,1.5665402326646294E-4,1.8618184294651925E-4,"{""type"":""MultiPoint"",""coordinates"":[]}"
20060227,2006-02-27,4.030369007974799E-4,1.6209479051065175E-4,2.4094051205699596E-4,"{""type"":""MultiPoint"",""coordinates"":[]}"
20060228,2006-02-28,2.798204076445223E-4,1.4951945493113245E-4,1.302988860584222E-4,"{""type"":""MultiPoint"",""coordinates"":[]}"
20060301,2006-03-01,1.8634098497406326E-4,1.4390273217403554E-4,4.243810327217217E-5,"{""type"":""MultiPoint"",""coordinates"":[]}"
20060302,2006-03-02,1.7718645275644938E-4,1.3774651386835762E-4,3.943920515811891E-5,"{""type"":""MultiPoint"",""coordinates"":[]}"
20060303,2006-03-03,1.9251328884399246E-4,1.3631164705608432E-4,5.6200819372902756E-5,"{""type"":""MultiPoint"",""coordinates"":[]}"
20060304,2006-03-04,1.9536903133410806E-4,1.3592317901535268E-4,5.9445865958143846E-5,"{""type"":""MultiPoint"",""coordinates"":[]}"
20060305,2006-03-05,1.9413439606798708E-4,1.3199524367549364E-4,6.213831231196784E-5,"{""type"":""MultiPoint"",""coordinates"":[]}"
20060306,2006-03-06,1.9081331187541806E-4,1.3094064925000512E-4,5.987054283425539E-5,"{""type"":""MultiPoint"",""coordinates"":[]}"
20060307,2006-03-07,1.764220445235901E-4,1.3013266463172065E-4,4.6289308128489205E-5,"{""type"":""MultiPoint"",""coordinates"":[]}"
20060308,2006-03-08,1.735564407408699E-4,1.2905029497662022E-4,4.4505119143872456E-5,"{""type"":""MultiPoint"",""coordinates"":[]}"
20060309,2006-03-09,2.3087057254856438E-4,1.2713202773064828E-4,1.0373846127113093E-4,"{""type"":""MultiPoint"",""coordinates"":[]}"
20060310,2006-03-10,2.691986794094457E-4,1.2786149385523367E-4,1.4133707173646026E-4,"{""type"":""MultiPoint"",""coordinates"":[]}"
20060311,2006-03-11,2.750985768732727E-4,1.2819221444257512E-4,1.4690641570700826E-4,"{""type"":""MultiPoint"",""coordinates"":[]}"
20060312,2006-03-12,2.6107376675396545E-4,1.312765645244505E-4,1.2979668918162244E-4,"{""type"":""MultiPoint"",""coordinates"":[]}"
20060313,2006-03-13,2.411299827480867E-4,1.3090480953456999E-4,1.1022451397018056E-4,"{""type"":""MultiPoint"",""coordinates"":[]}"
20060314,2006-03-14,2.596229290447662E-4,1.3723488953494998E-4,1.2238736676475388E-4,"{""type"":""MultiPoint"",""coordinates"":[]}"
20060315,2006-03-15,2.4649905915952137E-4,1.389990894751239E-4,1.0749931295192424E-4,"{""type"":""MultiPoint"",""coordinates"":[]}"
20060316,2006-03-16,2.5875741659566284E-4,1.4255785294838014E-4,1.1619951317387609E-4,"{""type"":""MultiPoint"",""coordinates"":[]}"
20060317,2006-03-17,2.2600963636540405E-4,1.429195779714271E-4,8.308913297361408E-5,"{""type"":""MultiPoint"",""coordinates"":[]}"
20060318,2006-03-18,1.970824599147849E-4,1.371605255905185E-4,5.992056230365782E-5,"{""type"":""MultiPoint"",""coordinates"":[]}"
20060319,2006-03-19,1.8748985929660365E-4,1.337550189487886E-4,5.373419167891379E-5,"{""type"":""MultiPoint"",""coordinates"":[]}"
20060320,2006-03-20,1.937609263569237E-4,1.3405959944706627E-4,5.97012762407732E-5,"{""type"":""MultiPoint"",""coordinates"":[]}"
20060321,2006-03-21,2.0009347320998155E-4,1.299692699749137E-4,7.012323409658557E-5,"{""type"":""MultiPoint"",""coordinates"":[]}"
20060322,2006-03-22,2.168398377369306E-4,1.3023043417088198E-4,8.66103041152503E-5,"{""type"":""MultiPoint"",""coordinates"":[]}"
20060323,2006-03-23,2.2441017976347033E-4,1.3216582056473894E-4,9.224336716159287E-5,"{""type"":""MultiPoint"",""coordinates"":[]}"
20060324,2006-03-24,2.2262821355078613E-4,1.3387052636268493E-4,8.87563313654339E-5,"{""type"":""MultiPoint"",""coordinates"":[]}"
20060325,2006-03-25,2.541328540528723E-4,1.4026231303908027E-4,1.1386989552046525E-4,"{""type"":""MultiPoint"",""coordinates"":[]}"
20060326,2006-03-26,2.944482459412743E-4,1.4151388969068388E-4,1.5293258083801312E-4,"{""type"":""MultiPoint"",""coordinates"":[]}"
20060327,2006-03-27,2.72489111835112E-4,1.4495376445164144E-4,1.27534168866462E-4,"{""type"":""MultiPoint"",""coordinates"":[]}"
20060328,2006-03-28,2.3259811455798342E-4,1.4365094084909725E-4,8.894600443197025E-5,"{""type"":""MultiPoint"",""coordinates"":[]}"
20060329,2006-03-29,2.0369050510855646E-4,1.416564181854518E-4,6.203304036528672E-5,"{""type"":""MultiPoint"",""coordinates"":[]}"
20060330,2006-03-30,1.995240473056575E-4,1.3710661237316052E-4,6.241670967809977E-5,"{""type"":""MultiPoint"",""coordinates"":[]}"
20060331,2006-03-31,2.338547786665737E-4,1.3541303092179832E-4,9.84405591543248E-5,"{""type"":""MultiPoint"",""coordinates"":[]}"
20060401,2006-04-01,2.354128607101814E-4,1.3195801334126703E-4,1.034542665208416E-4,"{""type"":""MultiPoint"",""coordinates"":[]}"
20060402,2006-04-02,2.523853381900506E-4,1.3239274705786856E-4,1.199919084941134E-4,"{""type"":""MultiPoint"",""coordinates"":[]}"
20060403,2006-04-03,2.9169482428885674E-4,1.3469204535862357E-4,1.570016910737118E-4,"{""type"":""MultiPoint"",""coordinates"":[]}"
20060404,2006-04-04,4.3910010180521204E-4,1.7402386331684454E-4,2.6507463337295957E-4,"{""type"":""MultiPoint"",""coordinates"":[]}"
20060405,2006-04-05,3.629367433184144E-4,1.6691333271730657E-4,1.9602330177164947E-4,"{""type"":""MultiPoint"",""coordinates"":[]}"
20060406,2006-04-06,3.3674965755440574E-4,1.5299471437447767E-4,1.8375386684820307E-4,"{""type"":""MultiPoint"",""coordinates"":[]}"
20060407,2006-04-07,3.378747385758888E-4,1.6449014095726059E-4,1.7338401344453474E-4,"{""type"":""MultiPoint"",""coordinates"":[]}"
20060408,2006-04-08,4.0341352804516297E-4,1.650045294232132E-4,2.384080719277179E-4,"{""type"":""MultiPoint"",""coordinates"":[]}"
20060409,2006-04-09,5.313094093626581E-4,1.9711920207326282E-4,3.341894100120256E-4,"{""type"":""MultiPoint"",""coordinates"":[]}"
20060410,2006-04-10,5.213718630006522E-4,2.2277793672119338E-4,2.9859288478269717E-4,"{""type"":""MultiPoint"",""coordinates"":[]}"
20060411,2006-04-11,6.089711258399686E-4,2.15138079215546E-4,3.9383241576657074E-4,"{""type"":""MultiPoint"",""coordinates"":[]}"
20060412,2006-04-12,5.313458341248671E-4,2.0689127181052535E-4,3.2445363861721607E-4,"{""type"":""MultiPoint"",""coordinates"":[]}"
20060413,2006-04-13,6.145224186108778E-4,2.2314711041280548E-4,3.913754482950734E-4,"{""type"":""MultiPoint"",""coordinates"":[]}"
20060414,2006-04-14,5.193946267834813E-4,2.248144232717301E-4,2.9457938164346135E-4,"{""type"":""MultiPoint"",""coordinates"":[]}"
20060415,2006-04-15,4.6902358868304106E-4,2.172117605381922E-4,2.518110850267951E-4,"{""type"":""MultiPoint"",""coordinates"":[]}"
20060416,2006-04-16,5.123382770114908E-4,2.2611376168603356E-4,2.8622428847364554E-4,"{""type"":""MultiPoint"",""coordinates"":[]}"
20060417,2006-04-17,5.375067250518898E-4,2.2135295907470742E-4,3.1615366590059026E-4,"{""type"":""MultiPoint"",""coordinates"":[]}"
20060418,2006-04-18,5.45208709056506E-4,2.2203721778844078E-4,3.2317064185550734E-4,"{""type"":""MultiPoint"",""coordinates"":[]}"
20060419,2006-04-19,3.9114405328616704E-4,1.9995157678793612E-4,1.9119234429272266E-4,"{""type"":""MultiPoint"",""coordinates"":[]}"
20060420,2006-04-20,2.939036472421988E-4,1.806718519503812E-4,1.1323175758659306E-4,"{""type"":""MultiPoint"",""coordinates"":[]}"
20060421,2006-04-21,2.754232430549593E-4,1.69567212528171E-4,1.0585498628710528E-4,"{""type"":""MultiPoint"",""coordinates"":[]}"
20060422,2006-04-22,2.875299787165415E-4,1.6243620883487015E-4,1.2509330721377208E-4,"{""type"":""MultiPoint"",""coordinates"":[]}"
20060423,2006-04-23,3.148729767059019E-4,1.5873132300549224E-4,1.5614101998901367E-4,"{""type"":""MultiPoint"",""coordinates"":[]}"
20060424,2006-04-24,3.347166638190957E-4,1.5679467357584642E-4,1.7792123871058477E-4,"{""type"":""MultiPoint"",""coordinates"":[]}"
20060425,2006-04-25,3.437619806174501E-4,1.545972714849291E-4,1.8916396460883728E-4,"{""type"":""MultiPoint"",""coordinates"":[]}"
20060426,2006-04-26,3.9060902736400384E-4,1.6012626651210158E-4,2.3048241872065963E-4,"{""type"":""MultiPoint"",""coordinates"":[]}"
20060427,2006-04-27,3.4400567815120206E-4,1.6888747920983793E-4,1.751175796319074E-4,"{""type"":""MultiPoint"",""coordinates"":[]}"
20060428,2006-04-28,3.1200358830213405E-4,1.5396624565682155E-4,1.5803594693842242E-4,"{""type"":""MultiPoint"",""coordinates"":[]}"
20060429,2006-04-29,6.490852137778035E-4,2.5418042065707434E-4,3.949049490031779E-4,"{""type"":""MultiPoint"",""coordinates"":[]}"
20060430,2006-04-30,3.77255704719358E-4,1.549632169114683E-4,2.2229079508170833E-4,"{""type"":""MultiPoint"",""coordinates"":[]}"
20060501,2006-05-01,4.1299705683577086E-4,1.448797380572461E-4,2.681170757100897E-4,"{""type"":""MultiPoint"",""coordinates"":[]}"
20060502,2006-05-02,5.190686575431377E-4,1.4696248075201008E-4,3.721060048779E-4,"{""type"":""MultiPoint"",""coordinates"":[]}"
20060503,2006-05-03,5.706781305506934E-4,1.5198907291133292E-4,4.1868911144272E-4,"{""type"":""MultiPoint"",""coordinates"":[]}"
20060504,2006-05-04,5.896001405887743E-4,1.59507534015944E-4,4.3009062814270923E-4,"{""type"":""MultiPoint"",""coordinates"":[]}"
20060505,2006-05-05,6.799566923284625E-4,1.7384226543397065E-4,5.061137342847533E-4,"{""type"":""MultiPoint"",""coordinates"":[]}"
20060506,2006-05-06,7.815343117266994E-4,2.185359490308345E-4,5.629979123423551E-4,"{""type"":""MultiPoint"",""coordinates"":[]}"
20060507,2006-05-07,6.861089278102905E-4,1.7823315839751497E-4,5.078751659217055E-4,"{""type"":""MultiPoint"",""coordinates"":[]}"
20060508,2006-05-08,6.699112637893074E-4,1.5872934962364655E-4,5.111820074628733E-4,"{""type"":""MultiPoint"",""coordinates"":[]}"
20060509,2006-05-09,7.776848593464462E-4,1.589105016231026E-4,6.187739843609404E-4,"{""type"":""MultiPoint"",""coordinates"":[]}"
20060510,2006-05-10,9.326352314019386E-4,1.7393611799268926E-4,7.586984072461605E-4,"{""type"":""MultiPoint"",""coordinates"":[]}"
20060511,2006-05-11,9.85740922507689E-4,2.270592637117598E-4,7.586816074341091E-4,"{""type"":""MultiPoint"",""coordinates"":[]}"
20060512,2006-05-12,0.0012033421262832224,2.7136519942239085E-4,9.31976174798658E-4,"{""type"":""MultiPoint"",""coordinates"":[]}"
20060513,2006-05-13,0.0012685598959680455,3.225233670958023E-4,9.460351542163857E-4,"{""type"":""MultiPoint"",""coordinates"":[]}"
20060514,2006-05-14,0.0012812041065098396,3.9156898245064944E-4,8.896350437061729E-4,"{""type"":""MultiPoint"",""coordinates"":[]}"
20060515,2006-05-15,9.192551592193294E-4,2.825474839071046E-4,6.367077720790203E-4,"{""type"":""MultiPoint"",""coordinates"":[]}"
20060516,2006-05-16,8.203103214090638E-4,2.1116616438443382E-4,6.091433143747327E-4,"{""type"":""MultiPoint"",""coordinates"":[]}"
20060517,2006-05-17,8.480420250773021E-4,1.946434839913756E-4,6.533985074245334E-4,"{""type"":""MultiPoint"",""coordinates"":[]}"
20060518,2006-05-18,9.391514870886463E-4,1.9681949995679505E-4,7.423319087311792E-4,"{""type"":""MultiPoint"",""coordinates"":[]}"
20060519,2006-05-19,9.333092920808149E-4,1.8573861741903586E-4,7.475705176996657E-4,"{""type"":""MultiPoint"",""coordinates"":[]}"
20060520,2006-05-20,8.952816333148792E-4,1.8945335170400442E-4,7.05828084884011E-4,"{""type"":""MultiPoint"",""coordinates"":[]}"
20060521,2006-05-21,9.120864719690143E-4,1.966793898570678E-4,7.15406751851624E-4,"{""type"":""MultiPoint"",""coordinates"":[]}"
20060522,2006-05-22,9.100492298547648E-4,1.9033274627715233E-4,7.197163939692593E-4,"{""type"":""MultiPoint"",""coordinates"":[]}"
20060523,2006-05-23,9.908442915658707E-4,1.983014622022625E-4,7.92542841066382E-4,"{""type"":""MultiPoint"",""coordinates"":[]}"
20060524,2006-05-24,0.001179932964252836,2.4365329140168203E-4,9.362795744265113E-4,"{""type"":""MultiPoint"",""coordinates"":[]}"
20060525,2006-05-25,0.0013652711140204848,2.741888482515222E-4,0.001091082306965895,"{""type"":""MultiPoint"",""coordinates"":[]}"
20060526,2006-05-26,0.00152566503805388,2.831708860024263E-4,0.0012424942705865974,"{""type"":""MultiPoint"",""coordinates"":[]}"
20060527,2006-05-27,0.002024863577465059,4.743548267066557E-4,0.0015505083792101955,"{""type"":""MultiPoint"",""coordinates"":[]}"
20060528,2006-05-28,0.002144987950623154,5.932632642223283E-4,0.0015517245895017777,"{""type"":""MultiPoint"",""coordinates"":[]}"
20060529,2006-05-29,0.002322589896333628,6.11269447151555E-4,0.00171132001366168,"{""type"":""MultiPoint"",""coordinates"":[]}"
20060530,2006-05-30,0.003055593459826951,9.496673526413717E-4,0.002105925811647139,"{""type"":""MultiPoint"",""coordinates"":[]}"
20060531,2006-05-31,0.002991611650972728,9.932115104183225E-4,0.0019983998165645995,"{""type"":""MultiPoint"",""coordinates"":[]}"
20060601,2006-06-01,0.0023467076841539813,8.270641145675263E-4,0.0015196435191735236,"{""type"":""MultiPoint"",""coordinates"":[]}"
20060602,2006-06-02,0.001952434654944413,6.452344206951265E-4,0.0013072002762279443,"{""type"":""MultiPoint"",""coordinates"":[]}"
20060603,2006-06-03,0.0019085465468162946,5.748293744387911E-4,0.0013337171207457642,"{""type"":""MultiPoint"",""coordinates"":[]}"
20060604,2006-06-04,0.001913989527923204,6.385737344143502E-4,0.0012754157623642251,"{""type"":""MultiPoint"",""coordinates"":[]}"
20060605,2006-06-05,0.0016687873113867182,6.091303036203902E-4,0.0010596567426483154,"{""type"":""MultiPoint"",""coordinates"":[]}"
20060606,2006-06-06,0.0018706337044223965,6.222880069079335E-4,0.0012483453935314228,"{""type"":""MultiPoint"",""coordinates"":[]}"
20060607,2006-06-07,0.0016632389702105424,5.817335801674107E-4,0.0010815049375175053,"{""type"":""MultiPoint"",""coordinates"":[]}"
20060608,2006-06-08,0.0015412860144228553,5.876462334452436E-4,9.536392180915257E-4,"{""type"":""MultiPoint"",""coordinates"":[]}"
20060609,2006-06-09,0.0016796230398606763,6.215638029535166E-4,0.0010580593479156163,"{""type"":""MultiPoint"",""coordinates"":[]}"
20060610,2006-06-10,0.002478684447991083,8.817014369996232E-4,0.0015969829069261035,"{""type"":""MultiPoint"",""coordinates"":[]}"
20060611,2006-06-11,0.0025821800099871655,0.0010963031326581111,0.0014858766938005703,"{""type"":""MultiPoint"",""coordinates"":[]}"
20060612,2006-06-12,0.002165148035955958,9.71465288843984E-4,0.0011936827165165186,"{""type"":""MultiPoint"",""coordinates"":[]}"
20060613,2006-06-13,0.0015746982347911611,8.461692994283405E-4,7.285290213137794E-4,"{""type"":""MultiPoint"",""coordinates"":[]}"
20060614,2006-06-14,0.0015231120351998691,7.327671362521497E-4,7.90343839282972E-4,"{""type"":""MultiPoint"",""coordinates"":[]}"
20060615,2006-06-15,0.001442286042782549,6.981539397861995E-4,7.441319545353779E-4,"{""type"":""MultiPoint"",""coordinates"":[]}"
20060616,2006-06-16,0.0012361686724036214,6.412656823233055E-4,5.949030548946962E-4,"{""type"":""MultiPoint"",""coordinates"":[]}"
20060617,2006-06-17,0.0010575983638694538,5.970504607963887E-4,4.605475439877215E-4,"{""type"":""MultiPoint"",""coordinates"":[]}"
20060618,2006-06-18,9.546879503582986E-4,5.521820363734237E-4,4.0250558474177843E-4,"{""type"":""MultiPoint"",""coordinates"":[]}"
20060619,2006-06-19,0.001170280039420937,5.819251835338703E-4,5.883545770092144E-4,"{""type"":""MultiPoint"",""coordinates"":[]}"
20060620,2006-06-20,0.0014279717068442584,6.641042342926273E-4,7.638674561299882E-4,"{""type"":""MultiPoint"",""coordinates"":[]}"
20060621,2006-06-21,0.0013632665074091595,6.836538823027697E-4,6.796120942125408E-4,"{""type"":""MultiPoint"",""coordinates"":[]}"
20060622,2006-06-22,0.0013895653274868794,6.538878919562861E-4,7.356770187091716E-4,"{""type"":""MultiPoint"",""coordinates"":[]}"
20060623,2006-06-23,0.0018561414930559285,8.792723596241812E-4,9.768687912528131E-4,"{""type"":""MultiPoint"",""coordinates"":[]}"
20060624,2006-06-24,0.0018919936338204736,8.92580585699269E-4,9.994128278216286E-4,"{""type"":""MultiPoint"",""coordinates"":[]}"
20060625,2006-06-25,0.0021227214468891465,0.0010684237571285213,0.001054297505385513,"{""type"":""MultiPoint"",""coordinates"":[]}"
20060626,2006-06-26,0.002196778912984526,0.0010963482708071055,0.0011004305063985918,"{""type"":""MultiPoint"",""coordinates"":[]}"
20060627,2006-06-27,0.00238853031203189,0.0010852968188940612,0.0013032335448521636,"{""type"":""MultiPoint"",""coordinates"":[]}"
20060628,2006-06-28,0.00229913186156904,0.0011093690090327821,0.0011897629045824565,"{""type"":""MultiPoint"",""coordinates"":[]}"
20060629,2006-06-29,0.002209063371129449,0.0011930166992488345,0.0010160466235611318,"{""type"":""MultiPoint"",""coordinates"":[]}"
20060630,2006-06-30,0.0020378178421703854,0.0011942091510713732,8.436085160918231E-4,"{""type"":""MultiPoint"",""coordinates"":[]}"
20060701,2006-07-01,0.0023553880513319365,0.0013507004088072862,0.001004687642453852,"{""type"":""MultiPoint"",""coordinates"":[]}"
20060702,2006-07-02,0.003358955611250608,0.001787558007504546,0.0015713975875461554,"{""type"":""MultiPoint"",""coordinates"":[]}"
20060703,2006-07-03,0.00371268149451489,0.0017302731646650488,0.00198240821551881,"{""type"":""MultiPoint"",""coordinates"":[]}"
20060704,2006-07-04,0.003330225606026672,0.0017073523254554142,0.0016228732688581592,"{""type"":""MultiPoint"",""coordinates"":[]}"
20060705,2006-07-05,0.0032958961034467273,0.0016331199788484471,0.0016627761500840074,"{""type"":""MultiPoint"",""coordinates"":[]}"
20060706,2006-07-06,0.002695083046686359,0.0013824124759505422,0.0013126703653893192,"{""type"":""MultiPoint"",""coordinates"":[]}"
20060707,2006-07-07,0.0032641920563204266,0.0014418839571010624,0.0018223081503850147,"{""type"":""MultiPoint"",""coordinates"":[]}"
20060708,2006-07-08,0.0035026705775577953,0.0017299344325864784,0.0017727359210679438,"{""type"":""MultiPoint"",""coordinates"":[]}"
20060709,2006-07-09,0.0034389329095444927,0.001830016639143388,0.0016089159274129184,"{""type"":""MultiPoint"",""coordinates"":[]}"
20060710,2006-07-10,0.002992297603701752,0.001664722547841028,0.0013275749378393533,"{""type"":""MultiPoint"",""coordinates"":[]}"
20060711,2006-07-11,0.0030490825076037015,0.0016875377360767712,0.0013615448885512318,"{""type"":""MultiPoint"",""coordinates"":[]}"
20060712,2006-07-12,0.003069975856315611,0.0016481253023921275,0.0014218503837536492,"{""type"":""MultiPoint"",""coordinates"":[]}"
20060713,2006-07-13,0.0034443850489220807,0.00192207120740269,0.0015223137275821648,"{""type"":""MultiPoint"",""coordinates"":[]}"
20060714,2006-07-14,0.002652721853573637,0.0016225114371059876,0.001030210305588497,"{""type"":""MultiPoint"",""coordinates"":[]}"
20060715,2006-07-15,0.002584804478993745,0.0016188745737702231,9.659295385421689E-4,"{""type"":""MultiPoint"",""coordinates"":[]}"
20060716,2006-07-16,0.002182836903909092,0.0013664461256695018,8.16390821367727E-4,"{""type"":""MultiPoint"",""coordinates"":[]}"
20060717,2006-07-17,0.002306047791705065,0.0013734876315945404,9.325594725313586E-4,"{""type"":""MultiPoint"",""coordinates"":[]}"
20060718,2006-07-18,0.0025444763648607947,0.0015255967434101689,0.001018879371997114,"{""type"":""MultiPoint"",""coordinates"":[]}"
20060719,2006-07-19,0.0031685422595171377,0.0018173770359237872,0.0013511655359147942,"{""type"":""MultiPoint"",""coordinates"":[]}"
20060720,2006-07-20,0.0029833436428281534,0.0018424270189048035,0.0011409165157994132,"{""type"":""MultiPoint"",""coordinates"":[]}"
20060721,2006-07-21,0.0027410340721900676,0.00165420987279997,0.0010868241492490445,"{""type"":""MultiPoint"",""coordinates"":[]}"
20060722,2006-07-22,0.0027792118323404216,0.0016874729633510894,0.0010917390144532006,"{""type"":""MultiPoint"",""coordinates"":[]}"
20060723,2006-07-23,0.002231310248846415,0.0013914559672011688,8.39854138722236E-4,"{""type"":""MultiPoint"",""coordinates"":[]}"
20060724,2006-07-24,0.001978907560917663,0.0012272295105752577,7.516778947751061E-4,"{""type"":""MultiPoint"",""coordinates"":[]}"
20060725,2006-07-25,0.002470583957677864,0.0012717718880710842,0.001198811946438313,"{""type"":""MultiPoint"",""coordinates"":[]}"
20060726,2006-07-26,0.003760580523068517,0.0017593521638010424,0.0020012283998758966,"{""type"":""MultiPoint"",""coordinates"":[]}"
20060727,2006-07-27,0.003556260605587629,0.001990602475203852,0.0015656580346425691,"{""type"":""MultiPoint"",""coordinates"":[]}"
20060728,2006-07-28,0.004057571311209999,0.002192005784464437,0.0018655657281711365,"{""type"":""MultiPoint"",""coordinates"":[]}"
20060729,2006-07-29,0.004047172254128314,0.0021553779961015927,0.0018917942309219899,"{""type"":""MultiPoint"",""coordinates"":[]}"
20060730,2006-07-30,0.003235403799154358,0.001898754049534297,0.0013366496539752156,"{""type"":""MultiPoint"",""coordinates"":[]}"
20060731,2006-07-31,0.003187543316616766,0.0019298251621081928,0.0012577181840484532,"{""type"":""MultiPoint"",""coordinates"":[]}"
20060801,2006-08-01,0.00345175889233229,0.001945475953405002,0.00150628288630684,"{""type"":""MultiPoint"",""coordinates"":[]}"
20060802,2006-08-02,0.0029752622499695366,0.0015622450002113323,0.0014130173716011783,"{""type"":""MultiPoint"",""coordinates"":[]}"
20060803,2006-08-03,0.004038143463399454,0.0016604993145359574,0.002377643949924693,"{""type"":""MultiPoint"",""coordinates"":[]}"
20060804,2006-08-04,0.0039302130799441165,0.0018652474424429612,0.0020649656496582137,"{""type"":""MultiPoint"",""coordinates"":[]}"
20060805,2006-08-05,0.004217772006799009,0.002225221006564049,0.001992551045528823,"{""type"":""MultiPoint"",""coordinates"":[]}"
20060806,2006-08-06,0.004117655709944167,0.002299705213922028,0.0018179503888854386,"{""type"":""MultiPoint"",""coordinates"":[]}"
20060807,2006-08-07,0.0034651494886605407,0.0020945469822443467,0.0013706025254775149,"{""type"":""MultiPoint"",""coordinates"":[]}"
20060808,2006-08-08,0.00283633765282373,0.001863266499833826,9.730712242301667E-4,"{""type"":""MultiPoint"",""coordinates"":[]}"
20060809,2006-08-09,0.002697375428074261,0.0017506685754668026,9.467069325646977E-4,"{""type"":""MultiPoint"",""coordinates"":[]}"
20060810,2006-08-10,0.003005009671399766,0.0019608042064667933,0.0010442054076708475,"{""type"":""MultiPoint"",""coordinates"":[]}"
20060811,2006-08-11,0.003021790496773333,0.0019563503514548114,0.0010654401638311556,"{""type"":""MultiPoint"",""coordinates"":[]}"
20060812,2006-08-12,0.0031632100844116813,0.00184640499452173,0.0013168050472382267,"{""type"":""MultiPoint"",""coordinates"":[]}"
20060813,2006-08-13,0.003311565259009965,0.0019998624390663,0.0013117028934819075,"{""type"":""MultiPoint"",""coordinates"":[]}"
20060814,2006-08-14,0.0034408160718758215,0.002116468871206765,0.0013243472705764547,"{""type"":""MultiPoint"",""coordinates"":[]}"
20060815,2006-08-15,0.0030776189744650064,0.001952316238493605,0.0011253026460955897,"{""type"":""MultiPoint"",""coordinates"":[]}"
20060816,2006-08-16,0.0035318788372406458,0.0019793988257906917,0.0015524800090280792,"{""type"":""MultiPoint"",""coordinates"":[]}"
20060817,2006-08-17,0.0026631448346077762,0.0017489776341678028,9.141671788800843E-4,"{""type"":""MultiPoint"",""coordinates"":[]}"
20060818,2006-08-18,0.0028401413775558204,0.001935141570653364,9.049999337140597E-4,"{""type"":""MultiPoint"",""coordinates"":[]}"
20060819,2006-08-19,0.003333338848702604,0.0018386693864372932,0.001494669252125707,"{""type"":""MultiPoint"",""coordinates"":[]}"
20060820,2006-08-20,0.003149711261098491,0.001862945648520556,0.0012867657397710587,"{""type"":""MultiPoint"",""coordinates"":[]}"
20060821,2006-08-21,0.00278213350462642,0.0017395189434179727,0.001042614595876251,"{""type"":""MultiPoint"",""coordinates"":[]}"
20060822,2006-08-22,0.0030383391552435907,0.0016504467926671987,0.0013878924857537091,"{""type"":""MultiPoint"",""coordinates"":[]}"
20060823,2006-08-23,0.0026571762270613383,0.001683518823181041,9.736574282008092E-4,"{""type"":""MultiPoint"",""coordinates"":[]}"
20060824,2006-08-24,0.0023451769168328952,0.0015717024911409063,7.734744178177031E-4,"{""type"":""MultiPoint"",""coordinates"":[]}"
20060825,2006-08-25,0.0024177314146789303,0.0015661810955063422,8.515505021002794E-4,"{""type"":""MultiPoint"",""coordinates"":[]}"
20060826,2006-08-26,0.002794164544227834,0.0016423490626904832,0.0011518153755815952,"{""type"":""MultiPoint"",""coordinates"":[]}"
20060827,2006-08-27,0.002893540904499779,0.0017493861448523037,0.0011441547009885674,"{""type"":""MultiPoint"",""coordinates"":[]}"
20060828,2006-08-28,0.002780128895607969,0.0017299420527710173,0.0010501867716183216,"{""type"":""MultiPoint"",""coordinates"":[]}"
20060829,2006-08-29,0.003627180831223355,0.0017766166828089441,0.0018505641507777788,"{""type"":""MultiPoint"",""coordinates"":[]}"
20060830,2006-08-30,0.0033332499034097155,0.001923491224281371,0.001409758624509332,"{""type"":""MultiPoint"",""coordinates"":[]}"
20060831,2006-08-31,0.002934465553547783,0.0019850014050398243,9.494641312569018E-4,"{""type"":""MultiPoint"",""coordinates"":[]}"
20060901,2006-09-01,0.003487584598728945,0.0022803191848850563,0.0012072655631047786,"{""type"":""MultiPoint"",""coordinates"":[]}"
20060902,2006-09-02,0.0029870266254044212,0.002047447933932465,9.395787542292697E-4,"{""type"":""MultiPoint"",""coordinates"":[]}"
20060903,2006-09-03,0.0020488386085548366,0.0016601482101318349,3.886903883775854E-4,"{""type"":""MultiPoint"",""coordinates"":[]}"
20060904,2006-09-04,0.0020576308685047104,0.0015596715025384747,4.979593430936372E-4,"{""type"":""MultiPoint"",""coordinates"":[]}"
20060905,2006-09-05,0.002037101737859774,0.0015131455199213447,5.23955794009205E-4,"{""type"":""MultiPoint"",""coordinates"":[]}"
20060906,2006-09-06,0.00217765999055447,0.0015592895152107384,6.183702924140733E-4,"{""type"":""MultiPoint"",""coordinates"":[]}"
20060907,2006-09-07,0.002045540392547787,0.0014176075855314974,6.279330325789925E-4,"{""type"":""MultiPoint"",""coordinates"":[]}"
20060908,2006-09-08,0.0022954520708722147,0.0013751379856281297,9.203140216008157E-4,"{""type"":""MultiPoint"",""coordinates"":[]}"
20060909,2006-09-09,0.0027209042523111777,0.0014002049619479054,0.0013206992675064064,"{""type"":""MultiPoint"",""coordinates"":[]}"
20060910,2006-09-10,0.0027826959734494968,0.0015036126560275826,0.0012790835498937875,"{""type"":""MultiPoint"",""coordinates"":[]}"
20060911,2006-09-11,0.003175232780450792,0.0017448435401715234,0.0014303891056759806,"{""type"":""MultiPoint"",""coordinates"":[]}"
20060912,2006-09-12,0.003481603151250418,0.0018675607927917657,0.0016140423775524186,"{""type"":""MultiPoint"",""coordinates"":[]}"
20060913,2006-09-13,0.002691130377168546,0.0017206005872172872,9.70529796668199E-4,"{""type"":""MultiPoint"",""coordinates"":[]}"
20060914,2006-09-14,0.002312796288042763,0.0016513906430545267,6.614057913547737E-4,"{""type"":""MultiPoint"",""coordinates"":[]}"
20060915,2006-09-15,0.00238135191932078,0.0017007546833804536,6.805971678417135E-4,"{""type"":""MultiPoint"",""coordinates"":[]}"
20060916,2006-09-16,0.0023208625386924382,0.0017229102801750425,5.979522318905498E-4,"{""type"":""MultiPoint"",""coordinates"":[]}"
20060917,2006-09-17,0.0025833505950508826,0.0017696192464707388,8.137316955256364E-4,"{""type"":""MultiPoint"",""coordinates"":[]}"
20060918,2006-09-18,0.0028810112782912856,0.0017989381690874805,0.001082073136523881,"{""type"":""MultiPoint"",""coordinates"":[]}"
20060919,2006-09-19,0.0032862546309390013,0.002044997744141141,0.0012412567705287353,"{""type"":""MultiPoint"",""coordinates"":[]}"
20060920,2006-09-20,0.003421930256755949,0.0022828120562236255,0.001139118173441359,"{""type"":""MultiPoint"",""coordinates"":[]}"
20060921,2006-09-21,0.0028471699631692007,0.00203794706762563,8.092229378413121E-4,"{""type"":""MultiPoint"",""coordinates"":[]}"
20060922,2006-09-22,0.0029124325683017155,0.0019533741962702604,9.590583516628387E-4,"{""type"":""MultiPoint"",""coordinates"":[]}"
20060923,2006-09-23,0.0024201882222044833,0.0018027921122572793,6.173958476792975E-4,"{""type"":""MultiPoint"",""coordinates"":[]}"
20060924,2006-09-24,0.002195506141440578,0.0016122804245891518,5.832256597205705E-4,"{""type"":""MultiPoint"",""coordinates"":[]}"
20060925,2006-09-25,0.0021436965836339472,0.001570877930531353,5.728182793680121E-4,"{""type"":""MultiPoint"",""coordinates"":[]}"
20060926,2006-09-26,0.0016943405943368338,0.001469115472552783,2.252248175296203E-4,"{""type"":""MultiPoint"",""coordinates"":[]}"
20060927,2006-09-27,0.0016481478152018108,0.0014384723422690017,2.0967489664873738E-4,"{""type"":""MultiPoint"",""coordinates"":[]}"
20060928,2006-09-28,0.0015954995222908514,0.00138688252112754,2.0861668149069695E-4,"{""type"":""MultiPoint"",""coordinates"":[]}"
20060929,2006-09-29,0.0019269064779933248,0.0014276089824589609,4.992971137396505E-4,"{""type"":""MultiPoint"",""coordinates"":[]}"
20060930,2006-09-30,0.0016825880357815746,0.001331989758506653,3.505983002414246E-4,"{""type"":""MultiPoint"",""coordinates"":[]}"
20061001,2006-10-01,0.0014259129642700333,0.001247718082092967,1.7819460816508506E-4,"{""type"":""MultiPoint"",""coordinates"":[]}"
20061002,2006-10-02,0.0014136597819518022,0.0012253151835176323,1.88344346065659E-4,"{""type"":""MultiPoint"",""coordinates"":[]}"
20061003,2006-10-03,0.0015304994553788844,0.0012101258218559052,3.203735827590063E-4,"{""type"":""MultiPoint"",""coordinates"":[]}"
20061004,2006-10-04,0.0016955756543335706,0.0012309374195533071,4.646380865144768E-4,"{""type"":""MultiPoint"",""coordinates"":[]}"
20061005,2006-10-05,0.001660270114377127,0.0012784410598219184,3.8182770515448965E-4,"{""type"":""MultiPoint"",""coordinates"":[]}"
20061006,2006-10-06,0.0015557129105633833,0.0012991601247113091,2.565526787792845E-4,"{""type"":""MultiPoint"",""coordinates"":[]}"
20061007,2006-10-07,0.0014147798543156986,0.0012205506276757143,1.942290519764591E-4,"{""type"":""MultiPoint"",""coordinates"":[]}"
20061008,2006-10-08,0.0017242808309205712,0.0013780701839142782,3.46209927251507E-4,"{""type"":""MultiPoint"",""coordinates"":[]}"
20061009,2006-10-09,0.001731706390695076,0.0014816616282688883,2.5004459416592793E-4,"{""type"":""MultiPoint"",""coordinates"":[]}"
20061010,2006-10-10,0.001469546782827622,0.0013195645217279326,1.4998156332564577E-4,"{""type"":""MultiPoint"",""coordinates"":[]}"
20061011,2006-10-11,0.001504012813783332,0.0013290884439853328,1.749237614204081E-4,"{""type"":""MultiPoint"",""coordinates"":[]}"
20061012,2006-10-12,0.0013590868168792537,0.0011868591243967782,1.722276166929613E-4,"{""type"":""MultiPoint"",""coordinates"":[]}"
20061013,2006-10-13,0.0012295086081260582,0.001098061575257154,1.3144647208265936E-4,"{""type"":""MultiPoint"",""coordinates"":[]}"
20061014,2006-10-14,0.001153432153598206,0.0010449464461616603,1.0848504300038913E-4,"{""type"":""MultiPoint"",""coordinates"":[]}"
20061015,2006-10-15,0.0011018573548955165,0.0010026110469988198,9.92457241729557E-5,"{""type"":""MultiPoint"",""coordinates"":[]}"
20061016,2006-10-16,0.0010669564104760047,9.7435270321831E-4,9.260272757378554E-5,"{""type"":""MultiPoint"",""coordinates"":[]}"
20061017,2006-10-17,0.0010272888258252573,9.455687051270564E-4,8.172006798974717E-5,"{""type"":""MultiPoint"",""coordinates"":[]}"
20061018,2006-10-18,9.789056226642398E-4,9.139311975179072E-4,6.497434188716336E-5,"{""type"":""MultiPoint"",""coordinates"":[]}"
20061019,2006-10-19,9.565200828120446E-4,8.854273859165325E-4,7.109238720833436E-5,"{""type"":""MultiPoint"",""coordinates"":[]}"
20061020,2006-10-20,0.0010734233079661834,9.114799253411559E-4,1.6194312816208314E-4,"{""type"":""MultiPoint"",""coordinates"":[]}"
20061021,2006-10-21,9.530448465126895E-4,8.569548197720633E-4,9.608993120885873E-5,"{""type"":""MultiPoint"",""coordinates"":[]}"
20061022,2006-10-22,8.857279214034708E-4,8.252791642747445E-4,6.044859094274317E-5,"{""type"":""MultiPoint"",""coordinates"":[]}"
20061023,2006-10-23,9.294089296344528E-4,8.18772087061152E-4,1.1063636765984348E-4,"{""type"":""MultiPoint"",""coordinates"":[]}"
20061024,2006-10-24,8.699344091864839E-4,7.979479251206643E-4,7.19853795364218E-5,"{""type"":""MultiPoint"",""coordinates"":[]}"
20061025,2006-10-25,8.975927559954E-4,7.779933631074864E-4,1.1959846002985094E-4,"{""type"":""MultiPoint"",""coordinates"":[]}"
20061026,2006-10-26,9.531951623563649E-4,8.046522529129549E-4,1.4854307657975388E-4,"{""type"":""MultiPoint"",""coordinates"":[]}"
20061027,2006-10-27,9.659187309271419E-4,8.005099368128752E-4,1.654079032505934E-4,"{""type"":""MultiPoint"",""coordinates"":[]}"
20061028,2006-10-28,9.482098019124945E-4,7.860142769668146E-4,1.6219518291178453E-4,"{""type"":""MultiPoint"",""coordinates"":[]}"
20061029,2006-10-29,8.49904623493117E-4,7.277404630977114E-4,1.2216393210797303E-4,"{""type"":""MultiPoint"",""coordinates"":[]}"
20061030,2006-10-30,7.708350242394674E-4,6.83262920415249E-4,8.757153439523696E-5,"{""type"":""MultiPoint"",""coordinates"":[]}"
20061031,2006-10-31,7.84878664563566E-4,6.709594368391866E-4,1.1391948201819465E-4,"{""type"":""MultiPoint"",""coordinates"":[]}"
20061101,2006-11-01,8.207742020528691E-4,6.690842255338543E-4,1.5168909268152943E-4,"{""type"":""MultiPoint"",""coordinates"":[]}"
20061102,2006-11-02,7.272613423336012E-4,6.357430854874364E-4,9.151814102739304E-5,"{""type"":""MultiPoint"",""coordinates"":[]}"
20061103,2006-11-03,9.398992162137639E-4,7.008264136435776E-4,2.3907213382962276E-4,"{""type"":""MultiPoint"",""coordinates"":[]}"
20061104,2006-11-04,8.110033102976987E-4,6.757340538505837E-4,1.3526919793324316E-4,"{""type"":""MultiPoint"",""coordinates"":[]}"
20061105,2006-11-05,6.767523102558905E-4,6.059098735285125E-4,7.08424785049492E-5,"{""type"":""MultiPoint"",""coordinates"":[]}"
20061106,2006-11-06,7.842502978793231E-4,6.281648139382526E-4,1.5608538980264327E-4,"{""type"":""MultiPoint"",""coordinates"":[]}"
20061107,2006-11-07,7.555956090437898E-4,6.073417975938074E-4,1.48253945229266E-4,"{""type"":""MultiPoint"",""coordinates"":[]}"
20061108,2006-11-08,7.107408457717323E-4,5.72092481780211E-4,1.386483605937189E-4,"{""type"":""MultiPoint"",""coordinates"":[]}"
20061109,2006-11-09,6.993114721591957E-4,5.675348481044926E-4,1.3177629002292265E-4,"{""type"":""MultiPoint"",""coordinates"":[]}"
20061110,2006-11-10,6.548961315193886E-4,5.4584775635882E-4,1.0904836220900005E-4,"{""type"":""MultiPoint"",""coordinates"":[]}"
20061111,2006-11-11,7.405016736627822E-4,5.758082793445482E-4,1.6469300159362236E-4,"{""type"":""MultiPoint"",""coordinates"":[]}"
20061112,2006-11-12,6.969397190331051E-4,5.78971554932611E-4,1.179676391521835E-4,"{""type"":""MultiPoint"",""coordinates"":[]}"
20061113,2006-11-13,6.093931146080577E-4,5.29486798054087E-4,7.990634092364679E-5,"{""type"":""MultiPoint"",""coordinates"":[]}"
20061114,2006-11-14,5.566967228337308E-4,5.016850457040964E-4,5.501171051816078E-5,"{""type"":""MultiPoint"",""coordinates"":[]}"
20061115,2006-11-15,5.851128104928619E-4,5.056800840081706E-4,7.943256037884778E-5,"{""type"":""MultiPoint"",""coordinates"":[]}"
20061116,2006-11-16,5.710754057090567E-4,4.943328081511034E-4,7.674272116595568E-5,"{""type"":""MultiPoint"",""coordinates"":[]}"
20061117,2006-11-17,6.41328058355923E-4,5.09683396999619E-4,1.3164363695327346E-4,"{""type"":""MultiPoint"",""coordinates"":[]}"
20061118,2006-11-18,7.91381036143399E-4,5.603345379295813E-4,2.310463968967904E-4,"{""type"":""MultiPoint"",""coordinates"":[]}"
20061119,2006-11-19,6.577716876996522E-4,5.26755447571869E-4,1.3101614879029234E-4,"{""type"":""MultiPoint"",""coordinates"":[]}"
20061120,2006-11-20,5.74132937506361E-4,4.7772380922592053E-4,9.640778987107592E-5,"{""type"":""MultiPoint"",""coordinates"":[]}"
20061121,2006-11-21,5.662620180668327E-4,4.661058482312542E-4,1.0015613499913848E-4,"{""type"":""MultiPoint"",""coordinates"":[]}"
20061122,2006-11-22,5.302452974764295E-4,4.4753216783721813E-4,8.271134513649371E-5,"{""type"":""MultiPoint"",""coordinates"":[]}"
20061123,2006-11-23,5.533741619843874E-4,4.3823163505237573E-4,1.1514133575547547E-4,"{""type"":""MultiPoint"",""coordinates"":[]}"
20061124,2006-11-24,5.231640492746598E-4,4.2731457141087926E-4,9.584840853562682E-5,"{""type"":""MultiPoint"",""coordinates"":[]}"
20061125,2006-11-25,4.908897979031021E-4,4.190635651504574E-4,7.182479428143855E-5,"{""type"":""MultiPoint"",""coordinates"":[]}"
20061126,2006-11-26,4.8224468981572066E-4,4.211797549546891E-4,6.106378608351444E-5,"{""type"":""MultiPoint"",""coordinates"":[]}"
20061127,2006-11-27,4.3327641944365664E-4,4.057107612834087E-4,2.756385459178799E-5,"{""type"":""MultiPoint"",""coordinates"":[]}"
20061128,2006-11-28,4.1144280722236115E-4,3.933227666174024E-4,1.8118778634578276E-5,"{""type"":""MultiPoint"",""coordinates"":[]}"
20061129,2006-11-29,3.9774439425008E-4,3.834339974578331E-4,1.4310436552081941E-5,"{""type"":""MultiPoint"",""coordinates"":[]}"
20061130,2006-11-30,3.912742840314985E-4,3.750230349801874E-4,1.6251269888473563E-5,"{""type"":""MultiPoint"",""coordinates"":[]}"
20061201,2006-12-01,3.84508347978003E-4,3.667850074479472E-4,1.7721838564551448E-5,"{""type"":""MultiPoint"",""coordinates"":[]}"
20061202,2006-12-02,3.801602593161985E-4,3.6040607138181487E-4,1.975399664714736E-5,"{""type"":""MultiPoint"",""coordinates"":[]}"
20061203,2006-12-03,3.819515802034089E-4,3.533651032268597E-4,2.8586374501682856E-5,"{""type"":""MultiPoint"",""coordinates"":[]}"
20061204,2006-12-04,4.813629338618669E-4,3.608955744693618E-4,1.2046724633238794E-4,"{""type"":""MultiPoint"",""coordinates"":[]}"
20061205,2006-12-05,4.587501856027425E-4,3.640179516249668E-4,9.472981027093427E-5,"{""type"":""MultiPoint"",""coordinates"":[]}"
20061206,2006-12-06,3.5853250288826456E-4,3.354814751086175E-4,2.3049958794174767E-5,"{""type"":""MultiPoint"",""coordinates"":[]}"
20061207,2006-12-07,3.656533473861722E-4,3.3434873693386456E-4,3.130527234269427E-5,"{""type"":""MultiPoint"",""coordinates"":[]}"
20061208,2006-12-08,3.4396304092631716E-4,3.231321282687934E-4,2.0830704194451536E-5,"{""type"":""MultiPoint"",""coordinates"":[]}"
20061209,2006-12-09,3.379412612569384E-4,3.1697837978143366E-4,2.0961260096274764E-5,"{""type"":""MultiPoint"",""coordinates"":[]}"
20061210,2006-12-10,3.4630845387210817E-4,3.11911586552184E-4,3.4395677590809096E-5,"{""type"":""MultiPoint"",""coordinates"":[]}"
20061211,2006-12-11,4.12520382491806E-4,3.161435550045229E-4,9.637671789035758E-5,"{""type"":""MultiPoint"",""coordinates"":[]}"
20061212,2006-12-12,3.8095457208376987E-4,3.0810660390730995E-4,7.284824708774468E-5,"{""type"":""MultiPoint"",""coordinates"":[]}"
20061213,2006-12-13,3.2300371581491004E-4,2.99458845588225E-4,2.354469701500634E-5,"{""type"":""MultiPoint"",""coordinates"":[]}"
20061214,2006-12-14,3.04837558904609E-4,2.925422691250353E-4,1.2293543772164308E-5,"{""type"":""MultiPoint"",""coordinates"":[]}"
20061215,2006-12-15,3.1408916136863014E-4,2.9107602569559976E-4,2.3011479067481364E-5,"{""type"":""MultiPoint"",""coordinates"":[]}"
20061216,2006-12-16,3.50359428429211E-4,2.9793485222403496E-4,5.242461399447273E-5,"{""type"":""MultiPoint"",""coordinates"":[]}"
20061217,2006-12-17,3.0288409534701024E-4,2.830832065408534E-4,1.9800948293497685E-5,"{""type"":""MultiPoint"",""coordinates"":[]}"
20061218,2006-12-18,2.9400249261110964E-4,2.760346781464274E-4,1.7966395086751916E-5,"{""type"":""MultiPoint"",""coordinates"":[]}"
20061219,2006-12-19,3.0392348815291316E-4,2.7641332951682077E-4,2.7508729100155994E-5,"{""type"":""MultiPoint"",""coordinates"":[]}"
20061220,2006-12-20,2.9150115804576994E-4,2.7216127313226066E-4,1.9338174087187388E-5,"{""type"":""MultiPoint"",""coordinates"":[]}"
20061221,2006-12-21,2.823149646796429E-4,2.6522348763044696E-4,1.709006526727738E-5,"{""type"":""MultiPoint"",""coordinates"":[]}"
20061222,2006-12-22,2.7513335785367193E-4,2.607815533884212E-4,1.4351894225032555E-5,"{""type"":""MultiPoint"",""coordinates"":[]}"
20061223,2006-12-23,2.723829362728002E-4,2.5731163962761474E-4,1.5070590400974491E-5,"{""type"":""MultiPoint"",""coordinates"":[]}"
20061224,2006-12-24,2.64999269226538E-4,2.521968577946702E-4,1.2802147811427695E-5,"{""type"":""MultiPoint"",""coordinates"":[]}"
20061225,2006-12-25,2.6361357549722306E-4,2.477103993334602E-4,1.5903067207950217E-5,"{""type"":""MultiPoint"",""coordinates"":[]}"
20061226,2006-12-26,2.654351014557101E-4,2.4390237360247374E-4,2.153127769892243E-5,"{""type"":""MultiPoint"",""coordinates"":[]}"
20061227,2006-12-27,2.65075745293351E-4,2.3987588114144623E-4,2.5202134666121926E-5,"{""type"":""MultiPoint"",""coordinates"":[]}"
20061228,2006-12-28,2.4908887320672645E-4,2.3592245900343838E-4,1.3165077336234213E-5,"{""type"":""MultiPoint"",""coordinates"":[]}"
20061229,2006-12-29,2.444412468621915E-4,2.3205340101753788E-4,1.2386371807889411E-5,"{""type"":""MultiPoint"",""coordinates"":[]}"
20061230,2006-12-30,2.4195524825472846E-4,2.2834137253364558E-4,1.3611302403789036E-5,"{""type"":""MultiPoint"",""coordinates"":[]}"
20061231,2006-12-31,2.3701056354792462E-4,2.2473642549568335E-4,1.227264685832412E-5,"{""type"":""MultiPoint"",""coordinates"":[]}"
20070101,2007-01-01,2.3773080045754515E-4,2.2117132358641457E-4,1.656079336661604E-5,"{""type"":""MultiPoint"",""coordinates"":[]}"
20070102,2007-01-02,2.3526929455156565E-4,2.1804728825984264E-4,1.7220182607352604E-5,"{""type"":""MultiPoint"",""coordinates"":[]}"
20070103,2007-01-03,2.2672752142989443E-4,2.1464989423216696E-4,1.2077703070328967E-5,"{""type"":""MultiPoint"",""coordinates"":[]}"
20070104,2007-01-04,2.229078758273728E-4,2.1118193798762088E-4,1.1723913684100592E-5,"{""type"":""MultiPoint"",""coordinates"":[]}"
20070105,2007-01-05,2.2026937330799545E-4,2.078723852617953E-4,1.2396240590308417E-5,"{""type"":""MultiPoint"",""coordinates"":[]}"
20070106,2007-01-06,2.208314382523674E-4,2.0474056856184547E-4,1.6087218400862852E-5,"{""type"":""MultiPoint"",""coordinates"":[]}"
20070107,2007-01-07,2.1842746909035213E-4,2.0181976980291662E-4,1.6605606641817337E-5,"{""type"":""MultiPoint"",""coordinates"":[]}"
20070108,2007-01-08,2.109040138495649E-4,1.9922771658278612E-4,1.1674875162151162E-5,"{""type"":""MultiPoint"",""coordinates"":[]}"
20070109,2007-01-09,2.1245386176653328E-4,1.9664116549058248E-4,1.581191750728369E-5,"{""type"":""MultiPoint"",""coordinates"":[]}"
20070110,2007-01-10,2.0999912588522525E-4,1.9413264147585596E-4,1.5866083301612112E-5,"{""type"":""MultiPoint"",""coordinates"":[]}"
20070111,2007-01-11,2.14388813464496E-4,1.9410097822946713E-4,2.028766463450996E-5,"{""type"":""MultiPoint"",""coordinates"":[]}"
20070112,2007-01-12,2.074913563574946E-4,1.8925890305993085E-4,1.8230637016477893E-5,"{""type"":""MultiPoint"",""coordinates"":[]}"
20070113,2007-01-13,2.1208644671481667E-4,1.8728597739394655E-4,2.4800551438917257E-5,"{""type"":""MultiPoint"",""coordinates"":[]}"
20070114,2007-01-14,1.997933040789255E-4,1.8506914660431088E-4,1.4721018204313864E-5,"{""type"":""MultiPoint"",""coordinates"":[]}"
20070115,2007-01-15,1.9534376856520042E-4,1.8249044575648188E-4,1.2851264806813441E-5,"{""type"":""MultiPoint"",""coordinates"":[]}"
20070116,2007-01-16,1.943397249911734E-4,1.8018694638445283E-4,1.4151899783586312E-5,"{""type"":""MultiPoint"",""coordinates"":[]}"
20070117,2007-01-17,1.9028153464004493E-4,1.781277464565874E-4,1.2151865801085744E-5,"{""type"":""MultiPoint"",""coordinates"":[]}"
20070118,2007-01-18,1.902023972454511E-4,1.756343450939009E-4,1.4566507701480042E-5,"{""type"":""MultiPoint"",""coordinates"":[]}"
20070119,2007-01-19,1.855873088877677E-4,1.7323128423541085E-4,1.2355933677212946E-5,"{""type"":""MultiPoint"",""coordinates"":[]}"
20070120,2007-01-20,1.8325598304967718E-4,1.709094645731903E-4,1.2346427118838561E-5,"{""type"":""MultiPoint"",""coordinates"":[]}"
20070121,2007-01-21,1.9217036782416736E-4,1.6906297030997643E-4,2.3107489652090153E-5,"{""type"":""MultiPoint"",""coordinates"":[]}"
20070122,2007-01-22,1.821364987252358E-4,1.66925023428901E-4,1.521154425533672E-5,"{""type"":""MultiPoint"",""coordinates"":[]}"
20070123,2007-01-23,1.773217026000723E-4,1.648221788286956E-4,1.2498907351846157E-5,"{""type"":""MultiPoint"",""coordinates"":[]}"
20070124,2007-01-24,1.777024957472828E-4,1.626109524722336E-4,1.5089757660217267E-5,"{""type"":""MultiPoint"",""coordinates"":[]}"
20070125,2007-01-25,1.766491277590653E-4,1.6041294757167477E-4,1.6233226941199616E-5,"{""type"":""MultiPoint"",""coordinates"":[]}"
20070126,2007-01-26,1.7795965595529E-4,1.5823068062713035E-4,1.9729008546083553E-5,"{""type"":""MultiPoint"",""coordinates"":[]}"
20070127,2007-01-27,1.8442260817148093E-4,1.566242361882133E-4,2.7797834396078498E-5,"{""type"":""MultiPoint"",""coordinates"":[]}"
20070128,2007-01-28,1.7734551397128006E-4,1.5492539995275859E-4,2.2418289597165805E-5,"{""type"":""MultiPoint"",""coordinates"":[]}"
20070129,2007-01-29,1.707691770537418E-4,1.523070024534332E-4,1.8462018648538135E-5,"{""type"":""MultiPoint"",""coordinates"":[]}"
20070130,2007-01-30,1.7676811474752845E-4,1.503745407836041E-4,2.6392351740104583E-5,"{""type"":""MultiPoint"",""coordinates"":[]}"
20070131,2007-01-31,1.802228603923223E-4,1.4852181686172072E-4,3.1699605444850324E-5,"{""type"":""MultiPoint"",""coordinates"":[]}"
20070201,2007-02-01,1.8532035851827322E-4,1.4743963987687154E-4,3.7879905894226265E-5,"{""type"":""MultiPoint"",""coordinates"":[]}"
20070202,2007-02-02,1.7893903840090466E-4,1.4533667918060285E-4,3.360232895818538E-5,"{""type"":""MultiPoint"",""coordinates"":[]}"
20070203,2007-02-03,1.8692741529011608E-4,1.4375750541028816E-4,4.316910127088097E-5,"{""type"":""MultiPoint"",""coordinates"":[]}"
20070204,2007-02-04,2.047442201415788E-4,1.438040820983353E-4,6.0937466367679226E-5,"{""type"":""MultiPoint"",""coordinates"":[]}"
20070205,2007-02-05,2.2245423230420432E-4,1.4419182372486442E-4,7.82627116218505E-5,"{""type"":""MultiPoint"",""coordinates"":[]}"
20070206,2007-02-06,2.2043599634393902E-4,1.4086282724890998E-4,7.957308739881871E-5,"{""type"":""MultiPoint"",""coordinates"":[]}"
20070207,2007-02-07,2.1573083825651658E-4,1.407501357276169E-4,7.498063829417464E-5,"{""type"":""MultiPoint"",""coordinates"":[]}"
20070208,2007-02-08,2.1136451508241866E-4,1.413352842091047E-4,7.002913053172265E-5,"{""type"":""MultiPoint"",""coordinates"":[]}"
20070209,2007-02-09,2.0372328548143146E-4,1.3854580590850433E-4,6.517738452592796E-5,"{""type"":""MultiPoint"",""coordinates"":[]}"
20070210,2007-02-10,3.6221475268098565E-4,1.4828760817264114E-4,2.1392658414197025E-4,"{""type"":""MultiPoint"",""coordinates"":[]}"
20070211,2007-02-11,3.627768409020935E-4,1.5042813152347823E-4,2.1234877365906352E-4,"{""type"":""MultiPoint"",""coordinates"":[]}"
20070212,2007-02-12,2.359281014156856E-4,1.4249816613000124E-4,9.34299915050196E-5,"{""type"":""MultiPoint"",""coordinates"":[]}"
20070213,2007-02-13,3.606125292517666E-4,1.4132713837516035E-4,2.1928536206830177E-4,"{""type"":""MultiPoint"",""coordinates"":[]}"
20070214,2007-02-14,3.9387327367713406E-4,1.6439347300103164E-4,2.2947984719270075E-4,"{""type"":""MultiPoint"",""coordinates"":[]}"
20070215,2007-02-15,2.1439167884032063E-4,1.4556197721619961E-4,6.882864801995741E-5,"{""type"":""MultiPoint"",""coordinates"":[]}"
20070216,2007-02-16,1.9085508177934916E-4,1.4367255935502445E-4,4.718226390132429E-5,"{""type"":""MultiPoint"",""coordinates"":[]}"
20070217,2007-02-17,1.9061011527115354E-4,1.430664004359522E-4,4.7543866310979017E-5,"{""type"":""MultiPoint"",""coordinates"":[]}"
20070218,2007-02-18,1.9029400218565875E-4,1.4384343888510163E-4,4.645100781423493E-5,"{""type"":""MultiPoint"",""coordinates"":[]}"
20070219,2007-02-19,1.7013408301720588E-4,1.4138211880755476E-4,2.8752000839634364E-5,"{""type"":""MultiPoint"",""coordinates"":[]}"
20070220,2007-02-20,1.6911806141896296E-4,1.3934399639718446E-4,2.9774651073487722E-5,"{""type"":""MultiPoint"",""coordinates"":[]}"
20070221,2007-02-21,1.778854691414894E-4,1.3985797344397854E-4,3.80265130671356E-5,"{""type"":""MultiPoint"",""coordinates"":[]}"
20070222,2007-02-22,1.6023588600869125E-4,1.3524188221168855E-4,2.49922932696047E-5,"{""type"":""MultiPoint"",""coordinates"":[]}"
20070223,2007-02-23,1.6306969963164825E-4,1.3372312542967913E-4,2.9345672175355037E-5,"{""type"":""MultiPoint"",""coordinates"":[]}"
20070224,2007-02-24,1.7329423903690783E-4,1.3259717076608265E-4,4.0697578119543537E-5,"{""type"":""MultiPoint"",""coordinates"":[]}"
20070225,2007-02-25,2.0553123370649245E-4,1.348856517077741E-4,7.064554594150848E-5,"{""type"":""MultiPoint"",""coordinates"":[]}"
20070226,2007-02-26,2.448702669400479E-4,1.346194524014168E-4,1.1025062936114468E-4,"{""type"":""MultiPoint"",""coordinates"":[]}"
20070227,2007-02-27,2.8852057150935667E-4,1.6197299162572652E-4,1.2654655920436628E-4,"{""type"":""MultiPoint"",""coordinates"":[]}"
20070228,2007-02-28,2.7890001582046007E-4,1.6219374416967929E-4,1.1670534178539895E-4,"{""type"":""MultiPoint"",""coordinates"":[]}"
20070301,2007-03-01,2.4044117141327524E-4,1.4287694316595756E-4,9.756333809604723E-5,"{""type"":""MultiPoint"",""coordinates"":[]}"
20070302,2007-03-02,3.0546813373415893E-4,1.4668950661754873E-4,1.5877677509641214E-4,"{""type"":""MultiPoint"",""coordinates"":[]}"
20070303,2007-03-03,1.909970937133763E-4,1.4169669376807255E-4,4.929898382161312E-5,"{""type"":""MultiPoint"",""coordinates"":[]}"
20070304,2007-03-04,1.927165829771112E-4,1.4220831581726858E-4,5.0508912814922294E-5,"{""type"":""MultiPoint"",""coordinates"":[]}"
20070305,2007-03-05,2.1404014573598952E-4,1.4185437506735897E-4,7.218356513497328E-5,"{""type"":""MultiPoint"",""coordinates"":[]}"
20070306,2007-03-06,2.205324937724136E-4,1.4529852251055878E-4,7.523218063414653E-5,"{""type"":""MultiPoint"",""coordinates"":[]}"
20070307,2007-03-07,2.0319074197713244E-4,1.4663114326381134E-4,5.655987751939294E-5,"{""type"":""MultiPoint"",""coordinates"":[]}"
20070308,2007-03-08,2.0055312077798626E-4,1.4372329575369395E-4,5.6828263168293424E-5,"{""type"":""MultiPoint"",""coordinates"":[]}"
20070309,2007-03-09,2.0343821936291576E-4,1.4242757538703504E-4,6.101012415205054E-5,"{""type"":""MultiPoint"",""coordinates"":[]}"
20070310,2007-03-10,2.0099078167048034E-4,1.4142462978967854E-4,5.9565902048720465E-5,"{""type"":""MultiPoint"",""coordinates"":[]}"
20070311,2007-03-11,3.117153160158092E-4,1.6689051994874806E-4,1.4482429167567143E-4,"{""type"":""MultiPoint"",""coordinates"":[]}"
20070312,2007-03-12,4.888046276720255E-4,2.2605464015889882E-4,2.6274987679179374E-4,"{""type"":""MultiPoint"",""coordinates"":[]}"
20070313,2007-03-13,4.166142941662959E-4,2.1595915578732444E-4,2.0065529895717908E-4,"{""type"":""MultiPoint"",""coordinates"":[]}"
20070314,2007-03-14,3.0421336388401337E-4,1.674721777069857E-4,1.3674080608490287E-4,"{""type"":""MultiPoint"",""coordinates"":[]}"
20070315,2007-03-15,2.674979169247823E-4,1.6365071995128188E-4,1.0384722170454082E-4,"{""type"":""MultiPoint"",""coordinates"":[]}"
20070316,2007-03-16,2.2021705672997777E-4,1.6104942351248406E-4,5.9162594809108035E-5,"{""type"":""MultiPoint"",""coordinates"":[]}"
20070317,2007-03-17,2.0068137213152747E-4,1.5566122313759732E-4,4.5020500822501464E-5,"{""type"":""MultiPoint"",""coordinates"":[]}"
20070318,2007-03-18,2.385567859490662E-4,1.544869242968272E-4,8.406820194584536E-5,"{""type"":""MultiPoint"",""coordinates"":[]}"
20070319,2007-03-19,4.63835464582981E-4,1.840711731471453E-4,2.7976413922110556E-4,"{""type"":""MultiPoint"",""coordinates"":[]}"
20070320,2007-03-20,4.89257383198339E-4,2.1501357395529552E-4,2.742438928163777E-4,"{""type"":""MultiPoint"",""coordinates"":[]}"
20070321,2007-03-21,3.0671575574827645E-4,1.753057313638481E-4,1.3140688827642858E-4,"{""type"":""MultiPoint"",""coordinates"":[]}"
20070322,2007-03-22,2.590018465206214E-4,1.6411494214814897E-4,9.488648902944557E-5,"{""type"":""MultiPoint"",""coordinates"":[]}"
20070323,2007-03-23,2.4854465002004475E-4,1.644241386025084E-4,8.412060466853375E-5,"{""type"":""MultiPoint"",""coordinates"":[]}"
20070324,2007-03-24,2.705775182659026E-4,1.6081529917993953E-4,1.0976211406286917E-4,"{""type"":""MultiPoint"",""coordinates"":[]}"
20070325,2007-03-25,3.652280119796188E-4,1.6447299274836296E-4,2.0075368693655803E-4,"{""type"":""MultiPoint"",""coordinates"":[]}"
20070326,2007-03-26,3.0601163732043234E-4,1.631700184158758E-4,1.4284047505387531E-4,"{""type"":""MultiPoint"",""coordinates"":[]}"
20070327,2007-03-27,2.719101196820216E-4,1.6133984166370613E-4,1.1056699715295123E-4,"{""type"":""MultiPoint"",""coordinates"":[]}"
20070328,2007-03-28,2.758111954051729E-4,1.5780861704693276E-4,1.1800150026886172E-4,"{""type"":""MultiPoint"",""coordinates"":[]}"
20070329,2007-03-29,3.13932085654848E-4,1.5732746682717164E-4,1.566046873948319E-4,"{""type"":""MultiPoint"",""coordinates"":[]}"
20070330,2007-03-30,3.9968997557254153E-4,1.6027463526498088E-4,2.3941417920483787E-4,"{""type"":""MultiPoint"",""coordinates"":[]}"
20070331,2007-03-31,5.532027129550231E-4,1.7230354183457887E-4,3.8089859398532193E-4,"{""type"":""MultiPoint"",""coordinates"":[]}"
20070401,2007-04-01,4.907948900823716E-4,1.7887659178634496E-4,3.1191781798768105E-4,"{""type"":""MultiPoint"",""coordinates"":[]}"
20070402,2007-04-02,5.895219121658593E-4,1.7965346235675642E-4,4.098672650712315E-4,"{""type"":""MultiPoint"",""coordinates"":[]}"
20070403,2007-04-03,5.290155091323386E-4,1.7687140898091662E-4,3.521426919039835E-4,"{""type"":""MultiPoint"",""coordinates"":[]}"
20070404,2007-04-04,4.2038731482667687E-4,1.6890451089788554E-4,2.514815977239514E-4,"{""type"":""MultiPoint"",""coordinates"":[]}"
20070405,2007-04-05,4.7974340452071806E-4,1.785529555584311E-4,3.011898318254371E-4,"{""type"":""MultiPoint"",""coordinates"":[]}"
20070406,2007-04-06,5.094640830197941E-4,1.9327937432339423E-4,3.161851030178957E-4,"{""type"":""MultiPoint"",""coordinates"":[]}"
20070407,2007-04-07,4.684994019202476E-4,1.9157725006855886E-4,2.7692130654589377E-4,"{""type"":""MultiPoint"",""coordinates"":[]}"
20070408,2007-04-08,8.020905443576521E-4,2.797891482999442E-4,5.223012375306675E-4,"{""type"":""MultiPoint"",""coordinates"":[]}"
20070409,2007-04-09,7.207454018887471E-4,2.725228255385267E-4,4.4822130999873486E-4,"{""type"":""MultiPoint"",""coordinates"":[]}"
20070410,2007-04-10,8.84076572555896E-4,3.193499960986855E-4,5.647263708142501E-4,"{""type"":""MultiPoint"",""coordinates"":[]}"
20070411,2007-04-11,7.64101645276423E-4,3.2868246698753795E-4,4.354191042816084E-4,"{""type"":""MultiPoint"",""coordinates"":[]}"
20070412,2007-04-12,5.164794755617727E-4,2.2703529941882827E-4,2.8944314063056233E-4,"{""type"":""MultiPoint"",""coordinates"":[]}"
20070413,2007-04-13,4.098617993579444E-4,1.9481498812304343E-4,2.1504621567318205E-4,"{""type"":""MultiPoint"",""coordinates"":[]}"
20070414,2007-04-14,4.203227079069306E-4,1.8848917337703893E-4,2.318322591743066E-4,"{""type"":""MultiPoint"",""coordinates"":[]}"
20070415,2007-04-15,4.716805924128882E-4,1.8541145279460475E-4,2.862684513247501E-4,"{""type"":""MultiPoint"",""coordinates"":[]}"
20070416,2007-04-16,4.8592315715852575E-4,1.7769814896877542E-4,3.0822513273729823E-4,"{""type"":""MultiPoint"",""coordinates"":[]}"
20070417,2007-04-17,5.092049750764367E-4,1.7864533780366043E-4,3.305589232835839E-4,"{""type"":""MultiPoint"",""coordinates"":[]}"
20070418,2007-04-18,5.351432055843866E-4,1.7753872427127293E-4,3.576043662003525E-4,"{""type"":""MultiPoint"",""coordinates"":[]}"
20070419,2007-04-19,5.538596628662088E-4,1.7250354297428162E-4,3.81356068560098E-4,"{""type"":""MultiPoint"",""coordinates"":[]}"
20070420,2007-04-20,8.055389903483748E-4,2.103955949037157E-4,5.951431942221335E-4,"{""type"":""MultiPoint"",""coordinates"":[]}"
20070421,2007-04-21,0.0010074525439727425,2.530765692665357E-4,7.543755382266008E-4,"{""type"":""MultiPoint"",""coordinates"":[]}"
20070422,2007-04-22,0.0011524833491826252,2.881899984645831E-4,8.642934540857466E-4,"{""type"":""MultiPoint"",""coordinates"":[]}"
20070423,2007-04-23,0.0011087346152167466,3.301404725739431E-4,7.785933264737356E-4,"{""type"":""MultiPoint"",""coordinates"":[]}"
20070424,2007-04-24,0.0010417557660470473,4.0451435203326286E-4,6.372408920375055E-4,"{""type"":""MultiPoint"",""coordinates"":[]}"
20070425,2007-04-25,8.753389238727492E-4,3.455300380630175E-4,5.298087947215081E-4,"{""type"":""MultiPoint"",""coordinates"":[]}"
20070426,2007-04-26,0.0011054191722254885,3.7622058540249766E-4,7.291979477889768E-4,"{""type"":""MultiPoint"",""coordinates"":[]}"
20070427,2007-04-27,8.579854810290922E-4,3.511424014174781E-4,5.068419224917592E-4,"{""type"":""MultiPoint"",""coordinates"":[]}"
20070428,2007-04-28,5.597581906113387E-4,2.656733248807386E-4,2.940839436898479E-4,"{""type"":""MultiPoint"",""coordinates"":[]}"
20070429,2007-04-29,5.521568060643143E-4,2.3996931681384461E-4,3.121868148170764E-4,"{""type"":""MultiPoint"",""coordinates"":[]}"
20070430,2007-04-30,5.981682940006345E-4,2.2770245733998339E-4,3.7046492010820044E-4,"{""type"":""MultiPoint"",""coordinates"":[]}"
20070501,2007-05-01,6.488521325969189E-4,2.1843248915080513E-4,4.3041849240257483E-4,"{""type"":""MultiPoint"",""coordinates"":[]}"
20070502,2007-05-02,6.708150870101409E-4,2.1219223293606068E-4,4.5862272896015054E-4,"{""type"":""MultiPoint"",""coordinates"":[]}"
20070503,2007-05-03,7.221729975608297E-4,2.1033217712949535E-4,5.118407036720345E-4,"{""type"":""MultiPoint"",""coordinates"":[]}"
20070504,2007-05-04,7.676245420770077E-4,2.1132234212231638E-4,5.563019499200496E-4,"{""type"":""MultiPoint"",""coordinates"":[]}"
20070505,2007-05-05,8.721569721889555E-4,2.4123969400547868E-4,6.309170948772164E-4,"{""type"":""MultiPoint"",""coordinates"":[]}"
20070506,2007-05-06,7.63822782713831E-4,1.9743910523123466E-4,5.663832418215887E-4,"{""type"":""MultiPoint"",""coordinates"":[]}"
20070507,2007-05-07,7.909307291827972E-4,1.9527429476041811E-4,5.956565416426617E-4,"{""type"":""MultiPoint"",""coordinates"":[]}"
20070508,2007-05-08,7.479662536951764E-4,2.0007064743675617E-4,5.478953505314409E-4,"{""type"":""MultiPoint"",""coordinates"":[]}"
20070509,2007-05-09,7.428409624887409E-4,2.072037007227602E-4,5.356365552720113E-4,"{""type"":""MultiPoint"",""coordinates"":[]}"
20070510,2007-05-10,7.750387457828194E-4,2.1077395545503116E-4,5.642652681582125E-4,"{""type"":""MultiPoint"",""coordinates"":[]}"
20070511,2007-05-11,7.367604267262638E-4,2.3720620319252325E-4,4.995534885672648E-4,"{""type"":""MultiPoint"",""coordinates"":[]}"
20070512,2007-05-12,8.123921295473044E-4,2.620290083551835E-4,5.503623731113407E-4,"{""type"":""MultiPoint"",""coordinates"":[]}"
20070513,2007-05-13,9.505666170094485E-4,3.016929742581758E-4,6.488730921363087E-4,"{""type"":""MultiPoint"",""coordinates"":[]}"
20070514,2007-05-14,0.0012887360877411034,3.7460956490892967E-4,9.141264799587128E-4,"{""type"":""MultiPoint"",""coordinates"":[]}"
20070515,2007-05-15,0.0014378090773553732,4.11039122556356E-4,0.001026769499386907,"{""type"":""MultiPoint"",""coordinates"":[]}"
20070516,2007-05-16,0.0011490834937094505,3.3372657913209467E-4,8.153565312840898E-4,"{""type"":""MultiPoint"",""coordinates"":[]}"
20070517,2007-05-17,9.653090026889638E-4,2.9776867536748374E-4,6.675394968625667E-4,"{""type"":""MultiPoint"",""coordinates"":[]}"
20070518,2007-05-18,0.0010965290659321729,3.320164816674703E-4,7.645128114636184E-4,"{""type"":""MultiPoint"",""coordinates"":[]}"
20070519,2007-05-19,0.0011530000393162744,3.649298473199737E-4,7.880700402702735E-4,"{""type"":""MultiPoint"",""coordinates"":[]}"
20070520,2007-05-20,0.001412290949679737,4.659185709983756E-4,9.463723404451534E-4,"{""type"":""MultiPoint"",""coordinates"":[]}"
20070521,2007-05-21,0.0018067834820693085,5.84387395523782E-4,0.0012223956169404287,"{""type"":""MultiPoint"",""coordinates"":[]}"
20070522,2007-05-22,0.001286821895971149,4.729463850521714E-4,8.138752947104321E-4,"{""type"":""MultiPoint"",""coordinates"":[]}"
20070523,2007-05-23,0.0012020856423736557,3.8685710071945773E-4,8.152283098003277E-4,"{""type"":""MultiPoint"",""coordinates"":[]}"
20070524,2007-05-24,0.0012154266734435127,3.7074963143053934E-4,8.446755454610416E-4,"{""type"":""MultiPoint"",""coordinates"":[]}"
20070525,2007-05-25,0.0010596925785529639,3.651871403598517E-4,6.945046043201728E-4,"{""type"":""MultiPoint"",""coordinates"":[]}"
20070526,2007-05-26,8.18579293041766E-4,3.522875920067863E-4,4.662916376572015E-4,"{""type"":""MultiPoint"",""coordinates"":[]}"
20070527,2007-05-27,7.548930851343024E-4,3.4785484665105057E-4,4.070376133998428E-4,"{""type"":""MultiPoint"",""coordinates"":[]}"
20070528,2007-05-28,8.016177384691373E-4,3.6546481332558486E-4,4.3615267465265794E-4,"{""type"":""MultiPoint"",""coordinates"":[]}"
20070529,2007-05-29,7.25304446998294E-4,3.2737112630962955E-4,3.9793311952612224E-4,"{""type"":""MultiPoint"",""coordinates"":[]}"
20070530,2007-05-30,8.956080500935407E-4,3.510114688198561E-4,5.44596267155254E-4,"{""type"":""MultiPoint"",""coordinates"":[]}"
20070531,2007-05-31,0.001063723326728856,3.618960895682071E-4,7.018266177474536E-4,"{""type"":""MultiPoint"",""coordinates"":[]}"
20070601,2007-06-01,0.001064495672473201,3.785020207229451E-4,6.859928875236483E-4,"{""type"":""MultiPoint"",""coordinates"":[]}"
20070602,2007-06-02,0.0012200832587698626,4.1928274112034027E-4,8.008002153090904E-4,"{""type"":""MultiPoint"",""coordinates"":[]}"
20070603,2007-06-03,0.001123783467223132,4.645032768634088E-4,6.592800606798292E-4,"{""type"":""MultiPoint"",""coordinates"":[]}"
20070604,2007-06-04,0.0010919394584969146,4.387211755501566E-4,6.532181899489616E-4,"{""type"":""MultiPoint"",""coordinates"":[]}"
20070605,2007-06-05,0.001154028851592986,4.813726040501289E-4,6.726560891225069E-4,"{""type"":""MultiPoint"",""coordinates"":[]}"
20070606,2007-06-06,0.001174719352261688,5.038388040986025E-4,6.708801938556078E-4,"{""type"":""MultiPoint"",""coordinates"":[]}"
20070607,2007-06-07,0.0015315497158599305,6.129838632024214E-4,9.185655634028637E-4,"{""type"":""MultiPoint"",""coordinates"":[]}"
20070608,2007-06-08,0.0024202370863397066,9.487731856945782E-4,0.0014714640762767146,"{""type"":""MultiPoint"",""coordinates"":[]}"
20070609,2007-06-09,0.0028675010162854462,0.0012005381393538036,0.0016669617554388003,"{""type"":""MultiPoint"",""coordinates"":[]}"
20070610,2007-06-10,0.0033552790451948965,0.0013754720671786866,0.0019798070761016147,"{""type"":""MultiPoint"",""coordinates"":[]}"
20070611,2007-06-11,0.003247764323394853,0.001672067853327495,0.0015756960117707284,"{""type"":""MultiPoint"",""coordinates"":[]}"
20070612,2007-06-12,0.0023102763112554806,0.0010153871239564933,0.0012948883576286848,"{""type"":""MultiPoint"",""coordinates"":[]}"
20070613,2007-06-13,0.0017493116415399899,7.776240915359803E-4,9.716877088943777E-4,"{""type"":""MultiPoint"",""coordinates"":[]}"
20070614,2007-06-14,0.002412127264646397,8.4582432959213E-4,0.0015663027392305631,"{""type"":""MultiPoint"",""coordinates"":[]}"
20070615,2007-06-15,0.0031348716310857514,0.0011004198219240048,0.0020344518024649643,"{""type"":""MultiPoint"",""coordinates"":[]}"
20070616,2007-06-16,0.003669039807901386,0.0016243631342250898,0.0020446764278855907,"{""type"":""MultiPoint"",""coordinates"":[]}"
20070617,2007-06-17,0.0032360507441685,0.001683900398587151,0.0015521503737775462,"{""type"":""MultiPoint"",""coordinates"":[]}"
20070618,2007-06-18,0.00273524021289858,0.0015048177330343627,0.0012304223830403918,"{""type"":""MultiPoint"",""coordinates"":[]}"
20070619,2007-06-19,0.002248475098133296,0.001205482757152283,0.001042992273599721,"{""type"":""MultiPoint"",""coordinates"":[]}"
20070620,2007-06-20,0.0017559739131762188,0.001091959129373197,6.640147588458221E-4,"{""type"":""MultiPoint"",""coordinates"":[]}"
20070621,2007-06-21,0.0020121334764325364,0.0011799971736263452,8.321362057276885E-4,"{""type"":""MultiPoint"",""coordinates"":[]}"
20070622,2007-06-22,0.0034884625697008806,0.0016372225398151158,0.0018512398976768141,"{""type"":""MultiPoint"",""coordinates"":[]}"
20070623,2007-06-23,0.0033193628154179785,0.0016854418356219796,0.0016339208881895754,"{""type"":""MultiPoint"",""coordinates"":[]}"
20070624,2007-06-24,0.0018885362656499982,0.0011699148367033982,7.186215086786633E-4,"{""type"":""MultiPoint"",""coordinates"":[]}"
20070625,2007-06-25,0.0015553859234614263,9.481833740884809E-4,6.072025396013778E-4,"{""type"":""MultiPoint"",""coordinates"":[]}"
20070626,2007-06-26,0.0015200862654620023,8.678934199617181E-4,6.521928226965168E-4,"{""type"":""MultiPoint"",""coordinates"":[]}"
20070627,2007-06-27,0.002082340707409403,0.0010231505255216182,0.0010591902105294192,"{""type"":""MultiPoint"",""coordinates"":[]}"
20070628,2007-06-28,0.0029313595653568613,0.0013739556849167631,0.0015574038177585017,"{""type"":""MultiPoint"",""coordinates"":[]}"
20070629,2007-06-29,0.004126268047243908,0.0018226950958512055,0.0023035732284421035,"{""type"":""MultiPoint"",""coordinates"":[]}"
20070630,2007-06-30,0.0037843108401631534,0.0020161700114063553,0.00176814074862158,"{""type"":""MultiPoint"",""coordinates"":[]}"
20070701,2007-07-01,0.0039503252628931155,0.0020232975668550727,0.0019270275182136933,"{""type"":""MultiPoint"",""coordinates"":[]}"
20070702,2007-07-02,0.004372333581797325,0.002111151023440129,0.0022611826889722135,"{""type"":""MultiPoint"",""coordinates"":[]}"
20070703,2007-07-03,0.0040613141301757616,0.002020869717394311,0.0020404445187293414,"{""type"":""MultiPoint"",""coordinates"":[]}"
20070704,2007-07-04,0.003489569107533724,0.0019085153598585119,0.0015810537396426184,"{""type"":""MultiPoint"",""coordinates"":[]}"
20070705,2007-07-05,0.003704498399980538,0.001981198836135528,0.0017232995296427983,"{""type"":""MultiPoint"",""coordinates"":[]}"
20070706,2007-07-06,0.0035972769077055465,0.0019278430566957152,0.0016694338549558278,"{""type"":""MultiPoint"",""coordinates"":[]}"
20070707,2007-07-07,0.004219382978147123,0.002021724795134047,0.002197657957982341,"{""type"":""MultiPoint"",""coordinates"":[]}"
20070708,2007-07-08,0.003560438866427224,0.001904290340058551,0.0016561486401338171,"{""type"":""MultiPoint"",""coordinates"":[]}"
20070709,2007-07-09,0.002823969372042672,0.0015758906407613237,0.001248078780159347,"{""type"":""MultiPoint"",""coordinates"":[]}"
20070710,2007-07-10,0.0027217529621035353,0.0014800956433589836,0.0012416573046135108,"{""type"":""MultiPoint"",""coordinates"":[]}"
20070711,2007-07-11,0.0026204995657676273,0.0013881882545462645,0.0012323114310416865,"{""type"":""MultiPoint"",""coordinates"":[]}"
20070712,2007-07-12,0.002320350278843765,0.0013965783087421092,9.237719471494114E-4,"{""type"":""MultiPoint"",""coordinates"":[]}"
20070713,2007-07-13,0.0024595255595765957,0.0014230931489478153,0.0010364322999394078,"{""type"":""MultiPoint"",""coordinates"":[]}"
20070714,2007-07-14,0.0025222845436853047,0.0014766159682838343,0.0010456686644670418,"{""type"":""MultiPoint"",""coordinates"":[]}"
20070715,2007-07-15,0.0034336461459967623,0.0017025518562093756,0.0017310942768697416,"{""type"":""MultiPoint"",""coordinates"":[]}"
20070716,2007-07-16,0.0035508340652241465,0.00199411389328941,0.0015567201318376263,"{""type"":""MultiPoint"",""coordinates"":[]}"
20070717,2007-07-17,0.003397059839384011,0.0019034803278587902,0.0014935794284415699,"{""type"":""MultiPoint"",""coordinates"":[]}"
20070718,2007-07-18,0.003177069672869202,0.0017767024477963553,0.0014003673000644076,"{""type"":""MultiPoint"",""coordinates"":[]}"
20070719,2007-07-19,0.004318539593858958,0.0021524431511536187,0.002166096408586711,"{""type"":""MultiPoint"",""coordinates"":[]}"
20070720,2007-07-20,0.005372874976022882,0.0024860383811518274,0.0028868365006864093,"{""type"":""MultiPoint"",""coordinates"":[]}"
20070721,2007-07-21,0.005658240027663681,0.0028640563236831374,0.0027941837982595856,"{""type"":""MultiPoint"",""coordinates"":[]}"
20070722,2007-07-22,0.004687073120737564,0.0026214397823784057,0.0020656333821170983,"{""type"":""MultiPoint"",""coordinates"":[]}"
20070723,2007-07-23,0.004311968886363754,0.002521374335084122,0.001790594532565415,"{""type"":""MultiPoint"",""coordinates"":[]}"
20070724,2007-07-24,0.004152815736329168,0.0025059330404119287,0.0016468827862866687,"{""type"":""MultiPoint"",""coordinates"":[]}"
20070725,2007-07-25,0.005228888237326299,0.002649457317152845,0.002579431001949801,"{""type"":""MultiPoint"",""coordinates"":[]}"
20070726,2007-07-26,0.0057070809582970014,0.0028437860189684436,0.0028632950372654803,"{""type"":""MultiPoint"",""coordinates"":[]}"
20070727,2007-07-27,0.005163832364008358,0.002717691885951421,0.0024461405180783357,"{""type"":""MultiPoint"",""coordinates"":[]}"
20070728,2007-07-28,0.004385766294966147,0.002605430319014071,0.0017803357429959253,"{""type"":""MultiPoint"",""coordinates"":[]}"
20070729,2007-07-29,0.003934053016639961,0.002349104978768028,0.0015849481606883763,"{""type"":""MultiPoint"",""coordinates"":[]}"
20070730,2007-07-30,0.003633469874659402,0.002159449876595318,0.0014740199196879964,"{""type"":""MultiPoint"",""coordinates"":[]}"
20070731,2007-07-31,0.0037363480211405663,0.0023361285367641768,0.0014002195295453712,"{""type"":""MultiPoint"",""coordinates"":[]}"
20070801,2007-08-01,0.004034307718747177,0.002582023289279993,0.0014522842919071082,"{""type"":""MultiPoint"",""coordinates"":[]}"
20070802,2007-08-02,0.004215411114238784,0.002768154291332779,0.0014472568264960414,"{""type"":""MultiPoint"",""coordinates"":[]}"
20070803,2007-08-03,0.0035883528960223626,0.0025238795219423714,0.001064473334786244,"{""type"":""MultiPoint"",""coordinates"":[]}"
20070804,2007-08-04,0.0034871977804362127,0.002452461428193762,0.0010347363797837685,"{""type"":""MultiPoint"",""coordinates"":[]}"
20070805,2007-08-05,0.004405625903259512,0.0026146240593096885,0.0017910019594903244,"{""type"":""MultiPoint"",""coordinates"":[]}"
20070806,2007-08-06,0.005631536612129655,0.0025886791629058468,0.003042857496961672,"{""type"":""MultiPoint"",""coordinates"":[]}"
20070807,2007-08-07,0.004730186060848578,0.0026977174350810134,0.002032468732165805,"{""type"":""MultiPoint"",""coordinates"":[]}"
20070808,2007-08-08,0.004048820747264943,0.0025327442239233373,0.001516076670196845,"{""type"":""MultiPoint"",""coordinates"":[]}"
20070809,2007-08-09,0.002949482954582623,0.0019938560724447277,9.556268557067273E-4,"{""type"":""MultiPoint"",""coordinates"":[]}"
20070810,2007-08-10,0.002414984949372251,0.0017773546637630318,6.376302721861594E-4,"{""type"":""MultiPoint"",""coordinates"":[]}"
20070811,2007-08-11,0.00312324250200475,0.0017871163660960118,0.001336126167589268,"{""type"":""MultiPoint"",""coordinates"":[]}"
20070812,2007-08-12,0.004070062830260184,0.001959340484530678,0.002110722267484194,"{""type"":""MultiPoint"",""coordinates"":[]}"
20070813,2007-08-13,0.004750918969277711,0.002271269442663661,0.0024796496091711454,"{""type"":""MultiPoint"",""coordinates"":[]}"
20070814,2007-08-14,0.004209330026797413,0.002116787086487217,0.002092542590664553,"{""type"":""MultiPoint"",""coordinates"":[]}"
20070815,2007-08-15,0.003855109208233905,0.002183762517384376,0.001671346839651213,"{""type"":""MultiPoint"",""coordinates"":[]}"
20070816,2007-08-16,0.003926815661872235,0.0022661395117071917,0.0016606760093836625,"{""type"":""MultiPoint"",""coordinates"":[]}"
20070817,2007-08-17,0.003711521347212717,0.0022794206243211225,0.0014321009037228823,"{""type"":""MultiPoint"",""coordinates"":[]}"
20070818,2007-08-18,0.0033493221288010667,0.002113803176300969,0.0012355188886552517,"{""type"":""MultiPoint"",""coordinates"":[]}"
20070819,2007-08-19,0.003085890670754887,0.002003832844090071,0.0010820577944380637,"{""type"":""MultiPoint"",""coordinates"":[]}"
20070820,2007-08-20,0.0028819777131617085,0.002001879437735109,8.800982710813844E-4,"{""type"":""MultiPoint"",""coordinates"":[]}"
20070821,2007-08-21,0.002526995214259747,0.0018773107151922224,6.496844412522888E-4,"{""type"":""MultiPoint"",""coordinates"":[]}"
20070822,2007-08-22,0.0022925124324643664,0.0017114860942598036,5.810263273017054E-4,"{""type"":""MultiPoint"",""coordinates"":[]}"
20070823,2007-08-23,0.0024289280140140303,0.0016877695970663258,7.411584607548137E-4,"{""type"":""MultiPoint"",""coordinates"":[]}"
20070824,2007-08-24,0.002428933488332196,0.0016682591848397133,7.606744716332722E-4,"{""type"":""MultiPoint"",""coordinates"":[]}"
20070825,2007-08-25,0.0026735635529490432,0.0018395553420056583,8.340081107414228E-4,"{""type"":""MultiPoint"",""coordinates"":[]}"
20070826,2007-08-26,0.0034102711325829952,0.0022762979348322763,0.001133973094006409,"{""type"":""MultiPoint"",""coordinates"":[]}"
20070827,2007-08-27,0.0030178825708991426,0.0020493045062371525,9.685778129277087E-4,"{""type"":""MultiPoint"",""coordinates"":[]}"
20070828,2007-08-28,0.0028645052526535,0.0019157702093366665,9.487348533137919E-4,"{""type"":""MultiPoint"",""coordinates"":[]}"
20070829,2007-08-29,0.002931740525668443,0.0019885779530769824,9.431626244296913E-4,"{""type"":""MultiPoint"",""coordinates"":[]}"
20070830,2007-08-30,0.003003439283268809,0.001993076871446988,0.0010103622814491898,"{""type"":""MultiPoint"",""coordinates"":[]}"
20070831,2007-08-31,0.0030699470145597657,0.0021233468235433276,9.46600113368976E-4,"{""type"":""MultiPoint"",""coordinates"":[]}"
20070901,2007-09-01,0.0033244017146779443,0.0021405921792365034,0.0011838094767845002,"{""type"":""MultiPoint"",""coordinates"":[]}"
20070902,2007-09-02,0.0038872964321152084,0.002391819936092469,0.0014954763759467593,"{""type"":""MultiPoint"",""coordinates"":[]}"
20070903,2007-09-03,0.004311075379800925,0.0025531212934994055,0.0017579543333139799,"{""type"":""MultiPoint"",""coordinates"":[]}"
20070904,2007-09-04,0.005316716227213382,0.002956347560392618,0.002360368726608013,"{""type"":""MultiPoint"",""coordinates"":[]}"
20070905,2007-09-05,0.00654247480095527,0.0034015683911244833,0.0031409064180285846,"{""type"":""MultiPoint"",""coordinates"":[]}"
20070906,2007-09-06,0.007373619057003544,0.004013654634025796,0.003359964397252097,"{""type"":""MultiPoint"",""coordinates"":[]}"
20070907,2007-09-07,0.006217187518379576,0.004183940969873056,0.0020332465627703007,"{""type"":""MultiPoint"",""coordinates"":[]}"
20070908,2007-09-08,0.004835542523090239,0.0036336772953919094,0.0012018652481190636,"{""type"":""MultiPoint"",""coordinates"":[]}"
20070909,2007-09-09,0.004000027157093467,0.0029654862750101625,0.0010345408048611211,"{""type"":""MultiPoint"",""coordinates"":[]}"
20070910,2007-09-10,0.0033996358520623575,0.002595090287345148,8.045454876218741E-4,"{""type"":""MultiPoint"",""coordinates"":[]}"
20070911,2007-09-11,0.002741619027213186,0.002284753344256281,4.5686548564398985E-4,"{""type"":""MultiPoint"",""coordinates"":[]}"
20070912,2007-09-12,0.0026701265476824707,0.002151149536284832,5.189769815455601E-4,"{""type"":""MultiPoint"",""coordinates"":[]}"
20070913,2007-09-13,0.0024872540915093317,0.0020497552392931963,4.374984507583222E-4,"{""type"":""MultiPoint"",""coordinates"":[]}"
20070914,2007-09-14,0.0025406659687046847,0.0019893503044718743,5.513159037210412E-4,"{""type"":""MultiPoint"",""coordinates"":[]}"
20070915,2007-09-15,0.0026072946118507884,0.0019651469092683187,6.421475377416456E-4,"{""type"":""MultiPoint"",""coordinates"":[]}"
20070916,2007-09-16,0.0026014467948622597,0.0019422494127102588,6.591972943661983E-4,"{""type"":""MultiPoint"",""coordinates"":[]}"
20070917,2007-09-17,0.0026049663896574593,0.001924767948361977,6.80198248465444E-4,"{""type"":""MultiPoint"",""coordinates"":[]}"
20070918,2007-09-18,0.0030268252456709336,0.002077084445041698,9.497406570926408E-4,"{""type"":""MultiPoint"",""coordinates"":[]}"
20070919,2007-09-19,0.0025689659952331284,0.0019156599429450533,6.533059991676192E-4,"{""type"":""MultiPoint"",""coordinates"":[]}"
20070920,2007-09-20,0.0031820788056658536,0.0021988778922827305,9.83201052707248E-4,"{""type"":""MultiPoint"",""coordinates"":[]}"
20070921,2007-09-21,0.0031415342172774877,0.002188599773834964,9.52934636192915E-4,"{""type"":""MultiPoint"",""coordinates"":[]}"
20070922,2007-09-22,0.0033517639302244368,0.00212763270793333,0.001224131023785445,"{""type"":""MultiPoint"",""coordinates"":[]}"
20070923,2007-09-23,0.0035636595686106905,0.002224084584969246,0.0013395749436293937,"{""type"":""MultiPoint"",""coordinates"":[]}"
20070924,2007-09-24,0.0036180705190879997,0.002291308978813255,0.0013267616274046823,"{""type"":""MultiPoint"",""coordinates"":[]}"
20070925,2007-09-25,0.003674432884162465,0.002323119371068938,0.001351313516243044,"{""type"":""MultiPoint"",""coordinates"":[]}"
20070926,2007-09-26,0.002989265938665417,0.001916529207124229,0.0010727365949191792,"{""type"":""MultiPoint"",""coordinates"":[]}"
20070927,2007-09-27,0.0028570612920174932,0.0018913494789673862,9.65711283487649E-4,"{""type"":""MultiPoint"",""coordinates"":[]}"
20070928,2007-09-28,0.0025698272727371707,0.00182568281300897,7.441443578364347E-4,"{""type"":""MultiPoint"",""coordinates"":[]}"
20070929,2007-09-29,0.002646483684525547,0.001873209029826404,7.732742902843018E-4,"{""type"":""MultiPoint"",""coordinates"":[]}"
20070930,2007-09-30,0.0021041843146966856,0.0017397307207782339,3.644535830844251E-4,"{""type"":""MultiPoint"",""coordinates"":[]}"
20071001,2007-10-01,0.001983810701824053,0.0016656414753885855,3.1816917382091934E-4,"{""type"":""MultiPoint"",""coordinates"":[]}"
20071002,2007-10-02,0.0019329161131634136,0.001617320788803117,3.1559519827781393E-4,"{""type"":""MultiPoint"",""coordinates"":[]}"
20071003,2007-10-03,0.0017336216822632674,0.0015235029607720634,2.101187154807694E-4,"{""type"":""MultiPoint"",""coordinates"":[]}"
20071004,2007-10-04,0.0018920191015410794,0.001522140278321883,3.6987887054751095E-4,"{""type"":""MultiPoint"",""coordinates"":[]}"
20071005,2007-10-05,0.0023461249244775073,0.0016694385600590934,6.76686058475652E-4,"{""type"":""MultiPoint"",""coordinates"":[]}"
20071006,2007-10-06,0.0030044662855934637,0.0020622713551898706,9.421938431311525E-4,"{""type"":""MultiPoint"",""coordinates"":[]}"
20071007,2007-10-07,0.0036630032875143146,0.0020919090019746074,0.0015710933135029402,"{""type"":""MultiPoint"",""coordinates"":[]}"
20071008,2007-10-08,0.0029614920327086063,0.0018712757405531747,0.001090216262170113,"{""type"":""MultiPoint"",""coordinates"":[]}"
20071009,2007-10-09,0.002491776832860887,0.001810988270818847,6.807886800162118E-4,"{""type"":""MultiPoint"",""coordinates"":[]}"
20071010,2007-10-10,0.0019925666625637086,0.0015822866718642724,4.1027944617209845E-4,"{""type"":""MultiPoint"",""coordinates"":[]}"
20071011,2007-10-11,0.001786270409732954,0.0014997209922720592,2.8654963331200894E-4,"{""type"":""MultiPoint"",""coordinates"":[]}"
20071012,2007-10-12,0.001630248940708481,0.0014282361259459128,2.020118724121941E-4,"{""type"":""MultiPoint"",""coordinates"":[]}"
20071013,2007-10-13,0.0016400415681649724,0.0013980968189747933,2.4194454027773923E-4,"{""type"":""MultiPoint"",""coordinates"":[]}"
20071014,2007-10-14,0.001619003531819311,0.0013955736001380126,2.234298335840954E-4,"{""type"":""MultiPoint"",""coordinates"":[]}"
20071015,2007-10-15,0.0020264179987306325,0.0015423489801058528,4.840674195222663E-4,"{""type"":""MultiPoint"",""coordinates"":[]}"
20071016,2007-10-16,0.002583804878358817,0.0018741463425832566,7.096586842704546E-4,"{""type"":""MultiPoint"",""coordinates"":[]}"
20071017,2007-10-17,0.00211449826112909,0.0016943927248818916,4.2010551305797565E-4,"{""type"":""MultiPoint"",""coordinates"":[]}"
20071018,2007-10-18,0.001882072579662044,0.0014689878024996322,4.130839747585942E-4,"{""type"":""MultiPoint"",""coordinates"":[]}"
20071019,2007-10-19,0.001939272712626188,0.0014960599963865459,4.432126617745198E-4,"{""type"":""MultiPoint"",""coordinates"":[]}"
20071020,2007-10-20,0.002059324346963988,0.0016525072865724306,4.068170135421131E-4,"{""type"":""MultiPoint"",""coordinates"":[]}"
20071021,2007-10-21,0.0016574412573744047,0.0015074992773417063,1.4994190340590464E-4,"{""type"":""MultiPoint"",""coordinates"":[]}"
20071022,2007-10-22,0.001517326733686079,0.0013126530195592425,2.0467354814538002E-4,"{""type"":""MultiPoint"",""coordinates"":[]}"
20071023,2007-10-23,0.0014781723257653678,0.0012689650514180505,2.0920631153294425E-4,"{""type"":""MultiPoint"",""coordinates"":[]}"
20071024,2007-10-24,0.0013683045887925526,0.001210110255703973,1.5819402692457524E-4,"{""type"":""MultiPoint"",""coordinates"":[]}"
20071025,2007-10-25,0.0012934252970342726,0.001150069690385084,1.4335455387837472E-4,"{""type"":""MultiPoint"",""coordinates"":[]}"
20071026,2007-10-26,0.0012520761268298678,0.0011031723473527682,1.4890393457831278E-4,"{""type"":""MultiPoint"",""coordinates"":[]}"
20071027,2007-10-27,0.0012142102050256931,0.001055955508938013,1.5825482673514508E-4,"{""type"":""MultiPoint"",""coordinates"":[]}"
20071028,2007-10-28,0.0011977454358329267,0.001017634221947372,1.801111672091695E-4,"{""type"":""MultiPoint"",""coordinates"":[]}"
20071029,2007-10-29,0.0011724172863809286,0.001029023057485679,1.4339446876844445E-4,"{""type"":""MultiPoint"",""coordinates"":[]}"
20071030,2007-10-30,9.729649090546382E-4,9.101787061583326E-4,6.278514616966481E-5,"{""type"":""MultiPoint"",""coordinates"":[]}"
20071031,2007-10-31,9.423630734073412E-4,8.730360699026E-4,6.932708972266794E-5,"{""type"":""MultiPoint"",""coordinates"":[]}"
20071101,2007-11-01,9.799765844694486E-4,8.415147680467893E-4,1.3846054157937442E-4,"{""type"":""MultiPoint"",""coordinates"":[]}"
20071102,2007-11-02,9.426166590709714E-4,8.165956490632996E-4,1.2602015533297138E-4,"{""type"":""MultiPoint"",""coordinates"":[]}"
20071103,2007-11-03,9.959624484271903E-4,8.353691266896062E-4,1.605923579266345E-4,"{""type"":""MultiPoint"",""coordinates"":[]}"
20071104,2007-11-04,8.567780777582885E-4,7.682145208258404E-4,8.856377512628164E-5,"{""type"":""MultiPoint"",""coordinates"":[]}"
20071105,2007-11-05,7.962804480541617E-4,7.360025409274317E-4,6.0277426903439817E-5,"{""type"":""MultiPoint"",""coordinates"":[]}"
20071106,2007-11-06,8.221249127282124E-4,7.244468156913868E-4,9.76768980779419E-5,"{""type"":""MultiPoint"",""coordinates"":[]}"
20071107,2007-11-07,7.696443418441426E-4,7.022401787137164E-4,6.740402437464924E-5,"{""type"":""MultiPoint"",""coordinates"":[]}"
20071108,2007-11-08,7.164941143709969E-4,6.766487876436224E-4,3.984450641712904E-5,"{""type"":""MultiPoint"",""coordinates"":[]}"
20071109,2007-11-09,7.001263751298861E-4,6.573896980400147E-4,4.273578928082768E-5,"{""type"":""MultiPoint"",""coordinates"":[]}"
20071110,2007-11-10,6.882179783056945E-4,6.403118798103156E-4,4.790553337227895E-5,"{""type"":""MultiPoint"",""coordinates"":[]}"
20071111,2007-11-11,6.60131720557551E-4,6.24743366204969E-4,3.5387156343567865E-5,"{""type"":""MultiPoint"",""coordinates"":[]}"
20071112,2007-11-12,6.312263894710618E-4,6.072989620014165E-4,2.3926614568582596E-5,"{""type"":""MultiPoint"",""coordinates"":[]}"
20071113,2007-11-13,6.135148634946288E-4,5.904767605935879E-4,2.303808279447247E-5,"{""type"":""MultiPoint"",""coordinates"":[]}"
20071114,2007-11-14,6.450811592243792E-4,5.795094075774712E-4,6.557065212006071E-5,"{""type"":""MultiPoint"",""coordinates"":[]}"
20071115,2007-11-15,9.76733545951065E-4,6.530262718490158E-4,3.2370704646408633E-4,"{""type"":""MultiPoint"",""coordinates"":[]}"
20071116,2007-11-16,7.140644036189738E-4,5.893672024036642E-4,1.2469759092265787E-4,"{""type"":""MultiPoint"",""coordinates"":[]}"
20071117,2007-11-17,5.609578559731919E-4,5.35109341687421E-4,2.5847488625096966E-5,"{""type"":""MultiPoint"",""coordinates"":[]}"
20071118,2007-11-18,5.404371547751449E-4,5.228398964392984E-4,1.759874880752815E-5,"{""type"":""MultiPoint"",""coordinates"":[]}"
20071119,2007-11-19,5.372542974304526E-4,5.109586176284603E-4,2.629486653514155E-5,"{""type"":""MultiPoint"",""coordinates"":[]}"
20071120,2007-11-20,5.362400429771798E-4,4.99713883500123E-4,3.652462242633764E-5,"{""type"":""MultiPoint"",""coordinates"":[]}"
20071121,2007-11-21,5.14481461140934E-4,4.898060576163074E-4,2.4674542107912513E-5,"{""type"":""MultiPoint"",""coordinates"":[]}"
20071122,2007-11-22,5.283743060794953E-4,4.8637038486518586E-4,4.200424374390885E-5,"{""type"":""MultiPoint"",""coordinates"":[]}"
20071123,2007-11-23,5.112987440014068E-4,4.766510922735063E-4,3.4646371236034216E-5,"{""type"":""MultiPoint"",""coordinates"":[]}"
20071124,2007-11-24,4.826571465274186E-4,4.6284591355290946E-4,1.9807995482617446E-5,"{""type"":""MultiPoint"",""coordinates"":[]}"
20071125,2007-11-25,4.605674634625317E-4,4.4834577267707223E-4,1.2220516908163593E-5,"{""type"":""MultiPoint"",""coordinates"":[]}"
20071126,2007-11-26,4.508036942469486E-4,4.386566587284492E-4,1.2145595181968868E-5,"{""type"":""MultiPoint"",""coordinates"":[]}"
20071127,2007-11-27,4.385344552209522E-4,4.290167503599476E-4,9.51784314872953E-6,"{""type"":""MultiPoint"",""coordinates"":[]}"
20071128,2007-11-28,4.2998677079068354E-4,4.2007346368001775E-4,9.912085868673177E-6,"{""type"":""MultiPoint"",""coordinates"":[]}"
20071129,2007-11-29,4.2477665400713504E-4,4.1145503507816674E-4,1.3321537903370639E-5,"{""type"":""MultiPoint"",""coordinates"":[]}"
20071130,2007-11-30,4.222392278735923E-4,4.0306718329546795E-4,1.9171398220967046E-5,"{""type"":""MultiPoint"",""coordinates"":[]}"
20071201,2007-12-01,4.160325539404469E-4,3.953341365212192E-4,2.0697746243024123E-5,"{""type"":""MultiPoint"",""coordinates"":[]}"
20071202,2007-12-02,4.079538978672557E-4,3.8772549670401543E-4,2.022839006568849E-5,"{""type"":""MultiPoint"",""coordinates"":[]}"
20071203,2007-12-03,4.0672651334861367E-4,3.8051543542340724E-4,2.6210882735734472E-5,"{""type"":""MultiPoint"",""coordinates"":[]}"
20071204,2007-12-04,3.947975829634577E-4,3.731883166607333E-4,2.1608001615970616E-5,"{""type"":""MultiPoint"",""coordinates"":[]}"
20071205,2007-12-05,3.7844574009379526E-4,3.653868660003291E-4,1.3058770530575876E-5,"{""type"":""MultiPoint"",""coordinates"":[]}"
20071206,2007-12-06,3.6817690496180266E-4,3.581286603623905E-4,1.0047008416138653E-5,"{""type"":""MultiPoint"",""coordinates"":[]}"
20071207,2007-12-07,3.6512067199151335E-4,3.5167657473036794E-4,1.3443940521258365E-5,"{""type"":""MultiPoint"",""coordinates"":[]}"
20071208,2007-12-08,3.5553799047723816E-4,3.4434210541108235E-4,1.1195000034450267E-5,"{""type"":""MultiPoint"",""coordinates"":[]}"
20071209,2007-12-09,3.556782676990517E-4,3.386480543151715E-4,1.7030180471763996E-5,"{""type"":""MultiPoint"",""coordinates"":[]}"
20071210,2007-12-10,3.465786402614907E-4,3.312807092633211E-4,1.5296626329355093E-5,"{""type"":""MultiPoint"",""coordinates"":[]}"
20071211,2007-12-11,3.40354202255483E-4,3.251078038738434E-4,1.524561931994811E-5,"{""type"":""MultiPoint"",""coordinates"":[]}"
20071212,2007-12-12,3.5388211321208426E-4,3.2300937461635147E-4,3.0872030366234536E-5,"{""type"":""MultiPoint"",""coordinates"":[]}"
20071213,2007-12-13,4.026295682066771E-4,3.312791003410584E-4,7.134972903427288E-5,"{""type"":""MultiPoint"",""coordinates"":[]}"
20071214,2007-12-14,4.2964341259851726E-4,3.2635560123979804E-4,1.032864702723145E-4,"{""type"":""MultiPoint"",""coordinates"":[]}"
20071215,2007-12-15,3.298209337024926E-4,3.0677050838833115E-4,2.3049432885669035E-5,"{""type"":""MultiPoint"",""coordinates"":[]}"
20071216,2007-12-16,3.1966985122331543E-4,3.0188560977461465E-4,1.77842426124394E-5,"{""type"":""MultiPoint"",""coordinates"":[]}"
20071217,2007-12-17,3.411707533925293E-4,3.0547029516080076E-4,3.56988961279376E-5,"{""type"":""MultiPoint"",""coordinates"":[]}"
20071218,2007-12-18,7.658902618350524E-4,4.089180019720932E-4,3.569706586802705E-4,"{""type"":""MultiPoint"",""coordinates"":[]}"
20071219,2007-12-19,4.496633203155877E-4,3.225301915143081E-4,1.2713224456359067E-4,"{""type"":""MultiPoint"",""coordinates"":[]}"
20071220,2007-12-20,3.4832085531281526E-4,2.9662562024169883E-4,5.169372486357101E-5,"{""type"":""MultiPoint"",""coordinates"":[]}"
20071221,2007-12-21,3.0779233722637214E-4,2.840809881389922E-4,2.3709684505281178E-5,"{""type"":""MultiPoint"",""coordinates"":[]}"
20071222,2007-12-22,3.015398106550312E-4,2.8138963499085536E-4,2.0150057680171615E-5,"{""type"":""MultiPoint"",""coordinates"":[]}"
20071223,2007-12-23,3.01076686943202E-4,2.7980348440687005E-4,2.1272162733801758E-5,"{""type"":""MultiPoint"",""coordinates"":[]}"
20071224,2007-12-24,2.8237631883189235E-4,2.7099895387817425E-4,1.1377185826983414E-5,"{""type"":""MultiPoint"",""coordinates"":[]}"
20071225,2007-12-25,2.7627427422875273E-4,2.660160851055364E-4,1.02567100775095E-5,"{""type"":""MultiPoint"",""coordinates"":[]}"
20071226,2007-12-26,2.7146642831450376E-4,2.612280653123451E-4,1.0236539062129695E-5,"{""type"":""MultiPoint"",""coordinates"":[]}"
20071227,2007-12-27,2.670048595582301E-4,2.566594533094754E-4,1.034518411876184E-5,"{""type"":""MultiPoint"",""coordinates"":[]}"
20071228,2007-12-28,2.63565931920596E-4,2.5222442663401165E-4,1.1339621310531928E-5,"{""type"":""MultiPoint"",""coordinates"":[]}"
20071229,2007-12-29,2.6026811198974373E-4,2.4794545744788053E-4,1.232110909029955E-5,"{""type"":""MultiPoint"",""coordinates"":[]}"
20071230,2007-12-30,2.5662768121887894E-4,2.4384326759676863E-4,1.278435635064162E-5,"{""type"":""MultiPoint"",""coordinates"":[]}"
20071231,2007-12-31,2.524022266025711E-4,2.3990589284481867E-4,1.2495270339247041E-5,"{""type"":""MultiPoint"",""coordinates"":[]}"
20080101,2008-01-01,2.471373938089518E-4,2.359686707550011E-4,1.1167054434412334E-5,"{""type"":""MultiPoint"",""coordinates"":[]}"
20080102,2008-01-02,2.414298560584968E-4,2.3202331332356787E-4,9.405560669461144E-6,"{""type"":""MultiPoint"",""coordinates"":[]}"
20080103,2008-01-03,2.4112204944907E-4,2.2861344850537982E-4,1.2506807636482931E-5,"{""type"":""MultiPoint"",""coordinates"":[]}"
20080104,2008-01-04,2.4621958809003223E-4,2.2558583413978317E-4,2.0634304354785873E-5,"{""type"":""MultiPoint"",""coordinates"":[]}"
20080105,2008-01-05,2.3344386940549379E-4,2.2093992899836087E-4,1.2502615076675261E-5,"{""type"":""MultiPoint"",""coordinates"":[]}"
20080106,2008-01-06,2.4285221636179613E-4,2.1922942135747236E-4,2.3621917031746088E-5,"{""type"":""MultiPoint"",""coordinates"":[]}"
20080107,2008-01-07,2.3814627689110513E-4,2.151515267621846E-4,2.299308330046754E-5,"{""type"":""MultiPoint"",""coordinates"":[]}"
20080108,2008-01-08,2.4890717985354133E-4,2.1413476628146376E-4,3.477240072719776E-5,"{""type"":""MultiPoint"",""coordinates"":[]}"
20080109,2008-01-09,2.7737952111132956E-4,2.2047835922399582E-4,5.689974393814221E-5,"{""type"":""MultiPoint"",""coordinates"":[]}"
20080110,2008-01-10,2.334534223983606E-4,2.0907748046655308E-4,2.4375021383708006E-5,"{""type"":""MultiPoint"",""coordinates"":[]}"
20080111,2008-01-11,2.3384148537108435E-4,2.0493218443345403E-4,2.890778074366527E-5,"{""type"":""MultiPoint"",""coordinates"":[]}"
20080112,2008-01-12,2.3959349165581377E-4,2.0676582717390059E-4,3.2826145201436074E-5,"{""type"":""MultiPoint"",""coordinates"":[]}"
20080113,2008-01-13,2.3013744024269576E-4,2.0323217030489586E-4,2.6905215093613206E-5,"{""type"":""MultiPoint"",""coordinates"":[]}"
20080114,2008-01-14,2.1267659216586611E-4,1.9639718339794774E-4,1.6278244371624772E-5,"{""type"":""MultiPoint"",""coordinates"":[]}"
20080115,2008-01-15,2.0794974368278161E-4,1.9339712507696101E-4,1.455256642736714E-5,"{""type"":""MultiPoint"",""coordinates"":[]}"
20080116,2008-01-16,2.1313579312870855E-4,1.9197967586109428E-4,2.115467913417286E-5,"{""type"":""MultiPoint"",""coordinates"":[]}"
20080117,2008-01-17,2.6052214773549345E-4,2.018845952768754E-4,5.863427341777199E-5,"{""type"":""MultiPoint"",""coordinates"":[]}"
20080118,2008-01-18,2.5798991318919356E-4,1.9263520770509257E-4,6.53528957601676E-5,"{""type"":""MultiPoint"",""coordinates"":[]}"
20080119,2008-01-19,2.764337317946148E-4,1.8615088506281085E-4,9.028260445148511E-5,"{""type"":""MultiPoint"",""coordinates"":[]}"
20080120,2008-01-20,2.725688707865001E-4,1.8463837633361845E-4,8.792966658743085E-5,"{""type"":""MultiPoint"",""coordinates"":[]}"
20080121,2008-01-21,2.718498564094565E-4,1.857777434276642E-4,8.607167300605552E-5,"{""type"":""MultiPoint"",""coordinates"":[]}"
20080122,2008-01-22,1.9969026023465949E-4,1.7820539207465694E-4,2.1484195091433642E-5,"{""type"":""MultiPoint"",""coordinates"":[]}"
20080123,2008-01-23,2.1150658922114315E-4,1.755662187969799E-4,3.593922708774987E-5,"{""type"":""MultiPoint"",""coordinates"":[]}"
20080124,2008-01-24,2.2360072791189137E-4,1.76442804930466E-4,4.715793903187167E-5,"{""type"":""MultiPoint"",""coordinates"":[]}"
20080125,2008-01-25,2.207651584853748E-4,1.7599314503843945E-4,4.477193126792363E-5,"{""type"":""MultiPoint"",""coordinates"":[]}"
20080126,2008-01-26,3.1497883375884706E-4,1.7900962510397286E-4,1.3596913303940664E-4,"{""type"":""MultiPoint"",""coordinates"":[]}"
20080127,2008-01-27,2.693067585617442E-4,1.789972303635482E-4,9.030918706303942E-5,"{""type"":""MultiPoint"",""coordinates"":[]}"
20080128,2008-01-28,2.1246915746702395E-4,1.7524188508362238E-4,3.7227853517615086E-5,"{""type"":""MultiPoint"",""coordinates"":[]}"
20080129,2008-01-29,2.0932160628850876E-4,1.7326094652225327E-4,3.606080651579005E-5,"{""type"":""MultiPoint"",""coordinates"":[]}"
20080130,2008-01-30,2.2321254879541387E-4,1.762012953199158E-4,4.701111722320919E-5,"{""type"":""MultiPoint"",""coordinates"":[]}"
20080131,2008-01-31,2.2211210948605318E-4,1.7491392088777723E-4,4.7197439420129714E-5,"{""type"":""MultiPoint"",""coordinates"":[]}"
20080201,2008-02-01,1.9129920895241733E-4,1.7037459024086778E-4,2.0924616040900328E-5,"{""type"":""MultiPoint"",""coordinates"":[]}"
20080202,2008-02-02,1.8468307661114226E-4,1.6560312495133016E-4,1.907976969477493E-5,"{""type"":""MultiPoint"",""coordinates"":[]}"
20080203,2008-02-03,1.843928616013595E-4,1.631046039452169E-4,2.1287516279026337E-5,"{""type"":""MultiPoint"",""coordinates"":[]}"
20080204,2008-02-04,1.8357636949195994E-4,1.6160325318171948E-4,2.1972608135594453E-5,"{""type"":""MultiPoint"",""coordinates"":[]}"
20080205,2008-02-05,1.8610252556431023E-4,1.6086034945856669E-4,2.5241413786251646E-5,"{""type"":""MultiPoint"",""coordinates"":[]}"
20080206,2008-02-06,1.9901074104223748E-4,1.6060431354089578E-4,3.840566754079226E-5,"{""type"":""MultiPoint"",""coordinates"":[]}"
20080207,2008-02-07,2.1602144241414888E-4,1.6137954107434908E-4,5.4641115580343704E-5,"{""type"":""MultiPoint"",""coordinates"":[]}"
20080208,2008-02-08,2.4885796483420814E-4,1.5977368640009127E-4,8.908289222740346E-5,"{""type"":""MultiPoint"",""coordinates"":[]}"
20080209,2008-02-09,3.164973322902311E-4,1.669711213179717E-4,1.49526174127916E-4,"{""type"":""MultiPoint"",""coordinates"":[]}"
20080210,2008-02-10,2.4253830235359454E-4,1.625158485775509E-4,8.002131567325784E-5,"{""type"":""MultiPoint"",""coordinates"":[]}"
20080211,2008-02-11,1.8962579660784494E-4,1.5844267553962103E-4,3.1182469847652376E-5,"{""type"":""MultiPoint"",""coordinates"":[]}"
20080212,2008-02-12,1.9558819904179155E-4,1.5866988039977802E-4,3.691877157374398E-5,"{""type"":""MultiPoint"",""coordinates"":[]}"
20080213,2008-02-13,1.9971624772698078E-4,1.5625632904474592E-4,4.345847678421997E-5,"{""type"":""MultiPoint"",""coordinates"":[]}"
20080214,2008-02-14,1.7695657451420648E-4,1.537062339301798E-4,2.3249689486368116E-5,"{""type"":""MultiPoint"",""coordinates"":[]}"
20080215,2008-02-15,1.7375525569134642E-4,1.524978919482049E-4,2.1255366192213484E-5,"{""type"":""MultiPoint"",""coordinates"":[]}"
20080216,2008-02-16,1.7541528407699245E-4,1.508665600531641E-4,2.4547316020741213E-5,"{""type"":""MultiPoint"",""coordinates"":[]}"
20080217,2008-02-17,1.746663221039637E-4,1.4711527498446788E-4,2.7548085149937222E-5,"{""type"":""MultiPoint"",""coordinates"":[]}"
20080218,2008-02-18,1.8864622347235019E-4,1.4539235595682732E-4,4.3252209843582525E-5,"{""type"":""MultiPoint"",""coordinates"":[]}"
20080219,2008-02-19,2.0577386407191468E-4,1.4440362178708545E-4,6.136952893085001E-5,"{""type"":""MultiPoint"",""coordinates"":[]}"
20080220,2008-02-20,1.7997773683302418E-4,1.4312881736067756E-4,3.684853714910782E-5,"{""type"":""MultiPoint"",""coordinates"":[]}"
20080221,2008-02-21,1.819266914119489E-4,1.406606022802247E-4,4.1265309780941776E-5,"{""type"":""MultiPoint"",""coordinates"":[]}"
20080222,2008-02-22,1.808736980816353E-4,1.409592175760801E-4,3.9913102679528754E-5,"{""type"":""MultiPoint"",""coordinates"":[]}"
20080223,2008-02-23,1.8226792614474776E-4,1.4144182496945981E-4,4.082658791689016E-5,"{""type"":""MultiPoint"",""coordinates"":[]}"
20080224,2008-02-24,1.768270356903025E-4,1.3868460940673544E-4,3.814055197141093E-5,"{""type"":""MultiPoint"",""coordinates"":[]}"
20080225,2008-02-25,2.1081396035414965E-4,1.3812013871652556E-4,7.269297403876791E-5,"{""type"":""MultiPoint"",""coordinates"":[]}"
20080226,2008-02-26,2.1955861132095934E-4,1.3866030114722787E-4,8.089679203535987E-5,"{""type"":""MultiPoint"",""coordinates"":[]}"
20080227,2008-02-27,1.8176343470706883E-4,1.3743108036286077E-4,4.433004189558281E-5,"{""type"":""MultiPoint"",""coordinates"":[]}"
20080228,2008-02-28,1.9536567930616177E-4,1.4210168631484954E-4,5.3262495463452146E-5,"{""type"":""MultiPoint"",""coordinates"":[]}"
20080229,2008-02-29,2.2776028660020562E-4,1.533868632427827E-4,7.43743862765168E-5,"{""type"":""MultiPoint"",""coordinates"":[]}"
20080301,2008-03-01,1.937780687328709E-4,1.461543996353718E-4,4.7622964197462987E-5,"{""type"":""MultiPoint"",""coordinates"":[]}"
20080302,2008-03-02,1.8862317599539378E-4,1.336525388190414E-4,5.496920136055496E-5,"{""type"":""MultiPoint"",""coordinates"":[]}"
20080303,2008-03-03,2.2488711372780094E-4,1.3626207122276218E-4,8.862382361412243E-5,"{""type"":""MultiPoint"",""coordinates"":[]}"
20080304,2008-03-04,2.2638395073426622E-4,1.3426043081214546E-4,9.212342881816437E-5,"{""type"":""MultiPoint"",""coordinates"":[]}"
20080305,2008-03-05,2.1805347088273074E-4,1.3334985970077818E-4,8.470243312070429E-5,"{""type"":""MultiPoint"",""coordinates"":[]}"
20080306,2008-03-06,2.0162447202701838E-4,1.3351306417853085E-4,6.811070640279272E-5,"{""type"":""MultiPoint"",""coordinates"":[]}"
20080307,2008-03-07,2.0564519643629248E-4,1.3226383755884807E-4,7.338054813128939E-5,"{""type"":""MultiPoint"",""coordinates"":[]}"
20080308,2008-03-08,2.1219572935558185E-4,1.2935528658874085E-4,8.283991255589519E-5,"{""type"":""MultiPoint"",""coordinates"":[]}"
20080309,2008-03-09,2.3081742426382472E-4,1.3935778206171595E-4,9.145976053420204E-5,"{""type"":""MultiPoint"",""coordinates"":[]}"
20080310,2008-03-10,2.569607658384008E-4,1.5407026165830827E-4,1.0288902538463634E-4,"{""type"":""MultiPoint"",""coordinates"":[]}"
20080311,2008-03-11,2.7455720607889E-4,1.526692595060435E-4,1.218868945596661E-4,"{""type"":""MultiPoint"",""coordinates"":[]}"
20080312,2008-03-12,2.8396639835180366E-4,1.4267983154215495E-4,1.412853640901247E-4,"{""type"":""MultiPoint"",""coordinates"":[]}"
20080313,2008-03-13,3.414027518197417E-4,1.4615009613003885E-4,1.952525448454579E-4,"{""type"":""MultiPoint"",""coordinates"":[]}"
20080314,2008-03-14,5.705402330098265E-4,1.8742171217333672E-4,3.831184233710578E-4,"{""type"":""MultiPoint"",""coordinates"":[]}"
20080315,2008-03-15,5.108684839457123E-4,2.0850886620908904E-4,3.023580566185929E-4,"{""type"":""MultiPoint"",""coordinates"":[]}"
20080316,2008-03-16,3.903899393038187E-4,1.9981748210739662E-4,1.9057244952223835E-4,"{""type"":""MultiPoint"",""coordinates"":[]}"
20080317,2008-03-17,3.405079279344732E-4,1.7812722970901902E-4,1.6237965727491783E-4,"{""type"":""MultiPoint"",""coordinates"":[]}"
20080318,2008-03-18,3.80204450155041E-4,1.8563247037347848E-4,1.9457106894898315E-4,"{""type"":""MultiPoint"",""coordinates"":[]}"
20080319,2008-03-19,4.2992778884284205E-4,1.9888202930549978E-4,2.3104463199522432E-4,"{""type"":""MultiPoint"",""coordinates"":[]}"
20080320,2008-03-20,5.86654721346732E-4,2.3494515756999004E-4,3.517094930822109E-4,"{""type"":""MultiPoint"",""coordinates"":[]}"
20080321,2008-03-21,4.422068701256907E-4,2.1841061645430808E-4,2.237946976291593E-4,"{""type"":""MultiPoint"",""coordinates"":[]}"
20080322,2008-03-22,4.263082370828288E-4,2.0231670133839726E-4,2.2399067228441504E-4,"{""type"":""MultiPoint"",""coordinates"":[]}"
20080323,2008-03-23,6.378470392277453E-4,2.114289379274516E-4,4.26417989810019E-4,"{""type"":""MultiPoint"",""coordinates"":[]}"
20080324,2008-03-24,5.279360070827016E-4,2.0281594943369108E-4,3.251199488608506E-4,"{""type"":""MultiPoint"",""coordinates"":[]}"
20080325,2008-03-25,3.7804329029098027E-4,1.856423929037017E-4,1.9240040313816184E-4,"{""type"":""MultiPoint"",""coordinates"":[]}"
20080326,2008-03-26,4.3624187493554326E-4,1.9029299669448468E-4,2.4594849859240267E-4,"{""type"":""MultiPoint"",""coordinates"":[]}"
20080327,2008-03-27,5.047813362126356E-4,2.0999599336922906E-4,2.947854273508777E-4,"{""type"":""MultiPoint"",""coordinates"":[]}"
20080328,2008-03-28,5.12227220352471E-4,2.1598649573155174E-4,2.962399464235505E-4,"{""type"":""MultiPoint"",""coordinates"":[]}"
20080329,2008-03-29,5.077685471731744E-4,2.2568072983786874E-4,2.820872309974548E-4,"{""type"":""MultiPoint"",""coordinates"":[]}"
20080330,2008-03-30,5.51273509175205E-4,2.388862987130521E-4,3.1238667688044563E-4,"{""type"":""MultiPoint"",""coordinates"":[]}"
20080331,2008-03-31,4.0850583692413024E-4,2.11463039671517E-4,1.9704245569463635E-4,"{""type"":""MultiPoint"",""coordinates"":[]}"
20080401,2008-04-01,4.4314569690038537E-4,2.082904071424156E-4,2.348548754759263E-4,"{""type"":""MultiPoint"",""coordinates"":[]}"
20080402,2008-04-02,5.101433084220901E-4,2.2320210326775197E-4,2.869409387777013E-4,"{""type"":""MultiPoint"",""coordinates"":[]}"
20080403,2008-04-03,4.129477583905983E-4,2.178325003873286E-4,1.9511514143571263E-4,"{""type"":""MultiPoint"",""coordinates"":[]}"
20080404,2008-04-04,4.879286833503816E-4,2.1422605086959527E-4,2.7370237229059615E-4,"{""type"":""MultiPoint"",""coordinates"":[]}"
20080405,2008-04-05,4.989665213356183E-4,2.1641791283433714E-4,2.825484671014037E-4,"{""type"":""MultiPoint"",""coordinates"":[]}"
20080406,2008-04-06,3.20402332727499E-4,1.8979440272591286E-4,1.306078445004876E-4,"{""type"":""MultiPoint"",""coordinates"":[]}"
20080407,2008-04-07,2.991248241567804E-4,1.8276749019183894E-4,1.1635696520734367E-4,"{""type"":""MultiPoint"",""coordinates"":[]}"
20080408,2008-04-08,3.1191259519435123E-4,1.8481109825195402E-4,1.271008101783917E-4,"{""type"":""MultiPoint"",""coordinates"":[]}"
20080409,2008-04-09,4.2029127527102716E-4,2.0010541220839742E-4,2.2018593831034207E-4,"{""type"":""MultiPoint"",""coordinates"":[]}"
20080410,2008-04-10,3.897352514524158E-4,1.9204696885047725E-4,1.976866444578925E-4,"{""type"":""MultiPoint"",""coordinates"":[]}"
20080411,2008-04-11,3.8981885809239635E-4,1.8498322304954444E-4,2.0483495903224266E-4,"{""type"":""MultiPoint"",""coordinates"":[]}"
20080412,2008-04-12,4.75280995556089E-4,1.8708255870737944E-4,2.881974114471355E-4,"{""type"":""MultiPoint"",""coordinates"":[]}"
20080413,2008-04-13,5.389872488866252E-4,1.956493601260443E-4,3.43337816557172E-4,"{""type"":""MultiPoint"",""coordinates"":[]}"
20080414,2008-04-14,5.358386237195946E-4,2.1716095317950054E-4,3.186769663514765E-4,"{""type"":""MultiPoint"",""coordinates"":[]}"
20080415,2008-04-15,4.89933929947066E-4,2.2091566322636946E-4,2.690170634642885E-4,"{""type"":""MultiPoint"",""coordinates"":[]}"
20080416,2008-04-16,3.7658708612894426E-4,2.029787666063034E-4,1.7360774081325104E-4,"{""type"":""MultiPoint"",""coordinates"":[]}"
20080417,2008-04-17,5.887304028712906E-4,2.0938150713348483E-4,3.793482332997184E-4,"{""type"":""MultiPoint"",""coordinates"":[]}"
20080418,2008-04-18,6.978714105305136E-4,2.7854966903859265E-4,4.193204884445187E-4,"{""type"":""MultiPoint"",""coordinates"":[]}"
20080419,2008-04-19,4.536527758933826E-4,2.4805184289905286E-4,2.0559979110582844E-4,"{""type"":""MultiPoint"",""coordinates"":[]}"
20080420,2008-04-20,4.018873002716555E-4,2.0721343729672139E-4,1.946737854528426E-4,"{""type"":""MultiPoint"",""coordinates"":[]}"
20080421,2008-04-21,3.429490479184197E-4,1.9949077670340643E-4,1.4345841508101297E-4,"{""type"":""MultiPoint"",""coordinates"":[]}"
20080422,2008-04-22,3.85286796402253E-4,1.898162707015746E-4,1.9546939973725245E-4,"{""type"":""MultiPoint"",""coordinates"":[]}"
20080423,2008-04-23,4.198270189997791E-4,1.8630376061044919E-4,2.3352240359122503E-4,"{""type"":""MultiPoint"",""coordinates"":[]}"
20080424,2008-04-24,5.052647661424582E-4,1.91491044096542E-4,3.1377266720229925E-4,"{""type"":""MultiPoint"",""coordinates"":[]}"
20080425,2008-04-25,5.998659161446714E-4,1.9936372456096587E-4,4.005010921089741E-4,"{""type"":""MultiPoint"",""coordinates"":[]}"
20080426,2008-04-26,7.4835066057235E-4,2.4052523081340043E-4,5.078239797644224E-4,"{""type"":""MultiPoint"",""coordinates"":[]}"
20080427,2008-04-27,9.489973468412755E-4,2.7558849853743703E-4,6.734077295047551E-4,"{""type"":""MultiPoint"",""coordinates"":[]}"
20080428,2008-04-28,0.0011149606106883073,3.41708310489118E-4,7.73251681371551E-4,"{""type"":""MultiPoint"",""coordinates"":[]}"
20080429,2008-04-29,7.456679335370039E-4,3.350390501186419E-4,4.1062683060337724E-4,"{""type"":""MultiPoint"",""coordinates"":[]}"
20080430,2008-04-30,7.580763305983102E-4,2.9473865447383175E-4,4.633367722197558E-4,"{""type"":""MultiPoint"",""coordinates"":[]}"
20080501,2008-05-01,7.388635319498029E-4,2.623120790039307E-4,4.7655087146799435E-4,"{""type"":""MultiPoint"",""coordinates"":[]}"
20080502,2008-05-02,0.0011716551712920092,3.6412240300230143E-4,8.075327074218098E-4,"{""type"":""MultiPoint"",""coordinates"":[]}"
20080503,2008-05-03,0.0012645817324892195,4.4611676076357186E-4,8.184633109095972E-4,"{""type"":""MultiPoint"",""coordinates"":[]}"
20080504,2008-05-04,5.485903776505242E-4,2.283061244683523E-4,3.202840983872565E-4,"{""type"":""MultiPoint"",""coordinates"":[]}"
20080505,2008-05-05,5.701210467314373E-4,2.1920315727445955E-4,3.509178274155086E-4,"{""type"":""MultiPoint"",""coordinates"":[]}"
20080506,2008-05-06,5.956560503070706E-4,2.1851863925354258E-4,3.7713689678142335E-4,"{""type"":""MultiPoint"",""coordinates"":[]}"
20080507,2008-05-07,6.417297516810464E-4,2.1841243114539407E-4,4.233169253989996E-4,"{""type"":""MultiPoint"",""coordinates"":[]}"
20080508,2008-05-08,6.930508469568535E-4,2.2708572546609955E-4,4.659649742328516E-4,"{""type"":""MultiPoint"",""coordinates"":[]}"
20080509,2008-05-09,7.05942709036146E-4,2.3193621952824906E-4,4.740059615885377E-4,"{""type"":""MultiPoint"",""coordinates"":[]}"
20080510,2008-05-10,7.023867970471092E-4,2.420158427468272E-4,4.6037076641576347E-4,"{""type"":""MultiPoint"",""coordinates"":[]}"
20080511,2008-05-11,7.664451808392055E-4,2.5734664273604005E-4,5.0909840533275E-4,"{""type"":""MultiPoint"",""coordinates"":[]}"
20080512,2008-05-12,8.877057610310807E-4,2.8314750270211337E-4,6.045581498451394E-4,"{""type"":""MultiPoint"",""coordinates"":[]}"
20080513,2008-05-13,0.0010455887776130773,2.7466830551746657E-4,7.70919910462743E-4,"{""type"":""MultiPoint"",""coordinates"":[]}"
20080514,2008-05-14,9.879103781986523E-4,2.750374738156652E-4,7.12872613599307E-4,"{""type"":""MultiPoint"",""coordinates"":[]}"
20080515,2008-05-15,0.0011524209044761642,3.450677869878754E-4,8.073528242699528E-4,"{""type"":""MultiPoint"",""coordinates"":[]}"
20080516,2008-05-16,0.0012336833713853395,3.845630918465075E-4,8.491203847015556E-4,"{""type"":""MultiPoint"",""coordinates"":[]}"
20080517,2008-05-17,0.0013192244038379378,4.048182626193723E-4,9.144059087992935E-4,"{""type"":""MultiPoint"",""coordinates"":[]}"
20080518,2008-05-18,0.0012192735866103507,3.623661409792246E-4,8.569064284961772E-4,"{""type"":""MultiPoint"",""coordinates"":[]}"
20080519,2008-05-19,0.0014613984317400257,4.48045554090327E-4,0.0010133522063495994,"{""type"":""MultiPoint"",""coordinates"":[]}"
20080520,2008-05-20,0.0012251771005682068,3.460058400824944E-4,8.791707878313922E-4,"{""type"":""MultiPoint"",""coordinates"":[]}"
20080521,2008-05-21,0.0010990321934905545,3.3271500319669646E-4,7.663170810981209E-4,"{""type"":""MultiPoint"",""coordinates"":[]}"
20080522,2008-05-22,0.001170066001957174,3.595237540886087E-4,8.105419487381222E-4,"{""type"":""MultiPoint"",""coordinates"":[]}"
20080523,2008-05-23,0.0012070910625073346,3.325077179131217E-4,8.745829908496773E-4,"{""type"":""MultiPoint"",""coordinates"":[]}"
20080524,2008-05-24,0.0012028820337246357,3.187337987185211E-4,8.841481355617878E-4,"{""type"":""MultiPoint"",""coordinates"":[]}"
20080525,2008-05-25,0.0011094221033292999,3.1383620561101564E-4,7.955856898604346E-4,"{""type"":""MultiPoint"",""coordinates"":[]}"
20080526,2008-05-26,0.0011344260068168678,3.3427062790796E-4,8.001553625855958E-4,"{""type"":""MultiPoint"",""coordinates"":[]}"
20080527,2008-05-27,0.0011712919339659988,3.754748919666779E-4,7.958169517709956E-4,"{""type"":""MultiPoint"",""coordinates"":[]}"
20080528,2008-05-28,0.0011487894856772837,3.647164924637949E-4,7.840725269835762E-4,"{""type"":""MultiPoint"",""coordinates"":[]}"
20080529,2008-05-29,0.0011533259699934623,3.634522725115872E-4,7.898739071549002E-4,"{""type"":""MultiPoint"",""coordinates"":[]}"
20080530,2008-05-30,0.001279727438985787,4.0612699460322225E-4,8.736002366009203E-4,"{""type"":""MultiPoint"",""coordinates"":[]}"
20080531,2008-05-31,0.0012771362945824653,4.231045469002183E-4,8.540316255413322E-4,"{""type"":""MultiPoint"",""coordinates"":[]}"
20080601,2008-06-01,0.0013010939206316231,4.2086426066094244E-4,8.802295041836136E-4,"{""type"":""MultiPoint"",""coordinates"":[]}"
20080602,2008-06-02,0.0015048337859387127,4.920858555729603E-4,0.0010127478655567812,"{""type"":""MultiPoint"",""coordinates"":[]}"
20080603,2008-06-03,0.0015261344750124644,4.961185087611882E-4,0.001030015987546656,"{""type"":""MultiPoint"",""coordinates"":[]}"
20080604,2008-06-04,0.0016726861248199925,5.631887585536269E-4,0.00110949720892814,"{""type"":""MultiPoint"",""coordinates"":[]}"
20080605,2008-06-05,0.0017620810493637572,6.412003068032239E-4,0.00112088075163494,"{""type"":""MultiPoint"",""coordinates"":[]}"
20080606,2008-06-06,0.0018856842612392565,7.545504664967012E-4,0.0011311336011568525,"{""type"":""MultiPoint"",""coordinates"":[]}"
20080607,2008-06-07,0.0017789855839070478,7.320577169488928E-4,0.0010469278040031989,"{""type"":""MultiPoint"",""coordinates"":[]}"
20080608,2008-06-08,0.0017925651114129115,7.393936508303322E-4,0.0010531714738045565,"{""type"":""MultiPoint"",""coordinates"":[]}"
20080609,2008-06-09,0.0018540758981251157,7.79780246829552E-4,0.0010742956933750096,"{""type"":""MultiPoint"",""coordinates"":[]}"
20080610,2008-06-10,0.0018401097433851366,6.920323407086493E-4,0.0011480771151431155,"{""type"":""MultiPoint"",""coordinates"":[]}"
20080611,2008-06-11,0.002005221181398558,8.013174525237143E-4,0.0012039038752138488,"{""type"":""MultiPoint"",""coordinates"":[]}"
20080612,2008-06-12,0.0018752948566675331,7.566588341362356E-4,0.0011186357951853776,"{""type"":""MultiPoint"",""coordinates"":[]}"
20080613,2008-06-13,0.0027752037426991465,8.507634831168774E-4,0.0019244402220029075,"{""type"":""MultiPoint"",""coordinates"":[]}"
20080614,2008-06-14,0.0035672913778622586,0.0011535981635258886,0.002413693227367591,"{""type"":""MultiPoint"",""coordinates"":[]}"
20080615,2008-06-15,0.002912993125917158,0.0011521285537004914,0.0017608644664565895,"{""type"":""MultiPoint"",""coordinates"":[]}"
20080616,2008-06-16,0.0027009016851428655,0.0012181005338463525,0.0014828010008546791,"{""type"":""MultiPoint"",""coordinates"":[]}"
20080617,2008-06-17,0.0035670093029537687,0.0014652259160139428,0.0021017832396789757,"{""type"":""MultiPoint"",""coordinates"":[]}"
20080618,2008-06-18,0.003012043910886279,0.00130974162369206,0.001702302241309882,"{""type"":""MultiPoint"",""coordinates"":[]}"
20080619,2008-06-19,0.0029875412202640854,0.0013586257685113423,0.0016289150137013277,"{""type"":""MultiPoint"",""coordinates"":[]}"
20080620,2008-06-20,0.0030839880361478314,0.0014451390191159935,0.001638848973869775,"{""type"":""MultiPoint"",""coordinates"":[]}"
20080621,2008-06-21,0.0020044454936402195,0.0010783297126805906,9.261157800628569E-4,"{""type"":""MultiPoint"",""coordinates"":[]}"
20080622,2008-06-22,0.00188022871518571,0.0010108010261597824,8.694275764967921E-4,"{""type"":""MultiPoint"",""coordinates"":[]}"
20080623,2008-06-23,0.0018659919392783478,9.895476177758699E-4,8.764441460606684E-4,"{""type"":""MultiPoint"",""coordinates"":[]}"
20080624,2008-06-24,0.0016915823790200144,9.624615597760629E-4,7.291208038208514E-4,"{""type"":""MultiPoint"",""coordinates"":[]}"
20080625,2008-06-25,0.0018030772227286358,9.480794014943895E-4,8.549974895909086E-4,"{""type"":""MultiPoint"",""coordinates"":[]}"
20080626,2008-06-26,0.0022613284900042632,0.0011167238999222567,0.0011446044171068135,"{""type"":""MultiPoint"",""coordinates"":[]}"
20080627,2008-06-27,0.003099496922707785,0.0013917957146127881,0.0017077011658292185,"{""type"":""MultiPoint"",""coordinates"":[]}"
20080628,2008-06-28,0.0036294211834348483,0.0017198392282437118,0.0019095818083427803,"{""type"":""MultiPoint"",""coordinates"":[]}"
20080629,2008-06-29,0.003569844621143559,0.0018527378179536797,0.001717106878074753,"{""type"":""MultiPoint"",""coordinates"":[]}"
20080630,2008-06-30,0.0032688375129923445,0.001704912988144752,0.0015639244401744333,"{""type"":""MultiPoint"",""coordinates"":[]}"
20080701,2008-07-01,0.00398011370057412,0.0019495433114871574,0.002030570506313332,"{""type"":""MultiPoint"",""coordinates"":[]}"
20080702,2008-07-02,0.003661017407400834,0.0018940165598729096,0.001767000735054841,"{""type"":""MultiPoint"",""coordinates"":[]}"
20080703,2008-07-03,0.0038930973424346235,0.0018519526576749636,0.0020411445508609093,"{""type"":""MultiPoint"",""coordinates"":[]}"
20080704,2008-07-04,0.004567032090654073,0.0021399594036727943,0.002427072439261822,"{""type"":""MultiPoint"",""coordinates"":[]}"
20080705,2008-07-05,0.004948867282996037,0.0024501437387421054,0.0024987236241413562,"{""type"":""MultiPoint"",""coordinates"":[]}"
20080706,2008-07-06,0.004163282438965301,0.002277481219682896,0.0018858013823965499,"{""type"":""MultiPoint"",""coordinates"":[]}"
20080707,2008-07-07,0.003009078615547813,0.001939204170821046,0.0010698743929824415,"{""type"":""MultiPoint"",""coordinates"":[]}"
20080708,2008-07-08,0.002534316792556021,0.0016318265768179372,9.024902347000896E-4,"{""type"":""MultiPoint"",""coordinates"":[]}"
20080709,2008-07-09,0.0028371595650477305,0.0016806415365580628,0.0011565179599672527,"{""type"":""MultiPoint"",""coordinates"":[]}"
20080710,2008-07-10,0.0027886745283845337,0.0017894614917980123,9.99213227347198E-4,"{""type"":""MultiPoint"",""coordinates"":[]}"
20080711,2008-07-11,0.003020198980557075,0.0016670129591455733,0.001353186004613746,"{""type"":""MultiPoint"",""coordinates"":[]}"
20080712,2008-07-12,0.0034076429917509767,0.0017330268137548347,0.0016746162047508208,"{""type"":""MultiPoint"",""coordinates"":[]}"
20080713,2008-07-13,0.003563682385693983,0.0018077941726283523,0.0017558879179913082,"{""type"":""MultiPoint"",""coordinates"":[]}"
20080714,2008-07-14,0.003710022367600017,0.0019489945766585286,0.0017610277676141147,"{""type"":""MultiPoint"",""coordinates"":[]}"
20080715,2008-07-15,0.0037664295085566607,0.0019774945732887322,0.0017889349101568417,"{""type"":""MultiPoint"",""coordinates"":[]}"
20080716,2008-07-16,0.0029020063766522883,0.0017910952511069448,0.0011109110481751746,"{""type"":""MultiPoint"",""coordinates"":[]}"
20080717,2008-07-17,0.0027844174021239405,0.0017367233472877232,0.001047693869182322,"{""type"":""MultiPoint"",""coordinates"":[]}"
20080718,2008-07-18,0.003096894551074944,0.0018438071842972485,0.0012530876108333682,"{""type"":""MultiPoint"",""coordinates"":[]}"
20080719,2008-07-19,0.0035441720091848464,0.0020171687573611744,0.0015270032078980769,"{""type"":""MultiPoint"",""coordinates"":[]}"
20080720,2008-07-20,0.0038182329340378006,0.002033290866577812,0.0017849420297218208,"{""type"":""MultiPoint"",""coordinates"":[]}"
20080721,2008-07-21,0.003765612928373843,0.002120829509922108,0.0016447834365528578,"{""type"":""MultiPoint"",""coordinates"":[]}"
20080722,2008-07-22,0.004089139651027922,0.002241373139487725,0.0018477663309955424,"{""type"":""MultiPoint"",""coordinates"":[]}"
20080723,2008-07-23,0.004223143517605786,0.0024976664943653568,0.0017254770363802994,"{""type"":""MultiPoint"",""coordinates"":[]}"
20080724,2008-07-24,0.0042070643521875785,0.0025142079751150587,0.0016928563584153406,"{""type"":""MultiPoint"",""coordinates"":[]}"
20080725,2008-07-25,0.004194646918227574,0.0027139737606013976,0.0014806729203503718,"{""type"":""MultiPoint"",""coordinates"":[]}"
20080726,2008-07-26,0.003837404426355403,0.0025129194387296405,0.0013244850271491126,"{""type"":""MultiPoint"",""coordinates"":[]}"
20080727,2008-07-27,0.003927364809900783,0.002616344785791128,0.0013110199949591627,"{""type"":""MultiPoint"",""coordinates"":[]}"
20080728,2008-07-28,0.004412804187640192,0.0028176974963532455,0.0015951067392204815,"{""type"":""MultiPoint"",""coordinates"":[]}"
20080729,2008-07-29,0.003875609159618191,0.0025464821075247205,0.0013291271015919337,"{""type"":""MultiPoint"",""coordinates"":[]}"
20080730,2008-07-30,0.003479002744186085,0.00228904647477126,0.0011899562560699342,"{""type"":""MultiPoint"",""coordinates"":[]}"
20080731,2008-07-31,0.0038740707741612723,0.0022585318686568104,0.0016155389247698164,"{""type"":""MultiPoint"",""coordinates"":[]}"
20080801,2008-08-01,0.0035575367160432508,0.002225808705008904,0.0013317279691097718,"{""type"":""MultiPoint"",""coordinates"":[]}"
20080802,2008-08-02,0.0031740923820578206,0.002105872350847242,0.0010682201181094384,"{""type"":""MultiPoint"",""coordinates"":[]}"
20080803,2008-08-03,0.0030305402332821483,0.002048730874246712,9.818092611545586E-4,"{""type"":""MultiPoint"",""coordinates"":[]}"
20080804,2008-08-04,0.0035069124575750617,0.0022437524211083473,0.0012631600391108154,"{""type"":""MultiPoint"",""coordinates"":[]}"
20080805,2008-08-05,0.003910374702867762,0.002462603204697941,0.0014477714995120284,"{""type"":""MultiPoint"",""coordinates"":[]}"
20080806,2008-08-06,0.00366980609486438,0.0024436771426877193,0.0012261288704057192,"{""type"":""MultiPoint"",""coordinates"":[]}"
20080807,2008-08-07,0.003969590283725551,0.0023517936689108707,0.0016177965672705319,"{""type"":""MultiPoint"",""coordinates"":[]}"
20080808,2008-08-08,0.0043710878571351225,0.0026823877895454334,0.0016887001440645643,"{""type"":""MultiPoint"",""coordinates"":[]}"
20080809,2008-08-09,0.005635902828371579,0.0032136642454071176,0.002422238533476327,"{""type"":""MultiPoint"",""coordinates"":[]}"
20080810,2008-08-10,0.006061482963807519,0.0035972042518568072,0.002464278836890598,"{""type"":""MultiPoint"",""coordinates"":[]}"
20080811,2008-08-11,0.006260317394581479,0.003716096866823939,0.0025442204617066523,"{""type"":""MultiPoint"",""coordinates"":[]}"
20080812,2008-08-12,0.005546924949125374,0.003352636040395596,0.002194288908414629,"{""type"":""MultiPoint"",""coordinates"":[]}"
20080813,2008-08-13,0.005432884451799759,0.0035130651987354228,0.001919819412421775,"{""type"":""MultiPoint"",""coordinates"":[]}"
20080814,2008-08-14,0.0052166119963784965,0.003280496058139775,0.001936116028133213,"{""type"":""MultiPoint"",""coordinates"":[]}"
20080815,2008-08-15,0.005200831506525705,0.003037498965746421,0.002163332387254306,"{""type"":""MultiPoint"",""coordinates"":[]}"
20080816,2008-08-16,0.0045868976487582255,0.00294195031589321,0.0016449474699162367,"{""type"":""MultiPoint"",""coordinates"":[]}"
20080817,2008-08-17,0.004649246008311248,0.003167102982771786,0.0014821428713591078,"{""type"":""MultiPoint"",""coordinates"":[]}"
20080818,2008-08-18,0.004733011414945416,0.0033042950313882883,0.0014287163668847457,"{""type"":""MultiPoint"",""coordinates"":[]}"
20080819,2008-08-19,0.004814301581740626,0.0032298386845545277,0.0015844627848305135,"{""type"":""MultiPoint"",""coordinates"":[]}"
20080820,2008-08-20,0.003847626781840977,0.002868873354109942,9.787533319549162E-4,"{""type"":""MultiPoint"",""coordinates"":[]}"
20080821,2008-08-21,0.003436493121357202,0.0026136293537643495,8.228637227778622E-4,"{""type"":""MultiPoint"",""coordinates"":[]}"
20080822,2008-08-22,0.003156241501382635,0.0025108830511956946,6.45358704425198E-4,"{""type"":""MultiPoint"",""coordinates"":[]}"
20080823,2008-08-23,0.0030240654837284863,0.0023978401584255978,6.262249879096864E-4,"{""type"":""MultiPoint"",""coordinates"":[]}"
20080824,2008-08-24,0.002881782738046677,0.0022975491790707143,5.842334373385003E-4,"{""type"":""MultiPoint"",""coordinates"":[]}"
20080825,2008-08-25,0.003351239501437476,0.0022650231305348764,0.0010862163820434141,"{""type"":""MultiPoint"",""coordinates"":[]}"
20080826,2008-08-26,0.003833037016964441,0.002325375408084034,0.0015076617849834862,"{""type"":""MultiPoint"",""coordinates"":[]}"
20080827,2008-08-27,0.003693474694936698,0.0023600108496231237,0.0013334640666849468,"{""type"":""MultiPoint"",""coordinates"":[]}"
20080828,2008-08-28,0.004091504868200562,0.002639122231654109,0.0014523822045762668,"{""type"":""MultiPoint"",""coordinates"":[]}"
20080829,2008-08-29,0.00437616444466753,0.0027418810713035952,0.0016342833921381276,"{""type"":""MultiPoint"",""coordinates"":[]}"
20080830,2008-08-30,0.0037736837519473355,0.0025218241794736805,0.0012518595617753228,"{""type"":""MultiPoint"",""coordinates"":[]}"
20080831,2008-08-31,0.0031517659475008893,0.0022685993150524885,8.831668710123289E-4,"{""type"":""MultiPoint"",""coordinates"":[]}"
20080901,2008-09-01,0.0028775986269202755,0.0020643931841707926,8.13205243931132E-4,"{""type"":""MultiPoint"",""coordinates"":[]}"
20080902,2008-09-02,0.0028465876695643244,0.002009836909121133,8.367506790159151E-4,"{""type"":""MultiPoint"",""coordinates"":[]}"
20080903,2008-09-03,0.0028672031155486054,0.002064482025419957,8.027208851857986E-4,"{""type"":""MultiPoint"",""coordinates"":[]}"
20080904,2008-09-04,0.0028544485715264393,0.001971858133537485,8.825905316490022E-4,"{""type"":""MultiPoint"",""coordinates"":[]}"
20080905,2008-09-05,0.0028984318766360245,0.0019601699196266868,9.382620609832476E-4,"{""type"":""MultiPoint"",""coordinates"":[]}"
20080906,2008-09-06,0.0024433058957304007,0.001846262715507019,5.970431993446797E-4,"{""type"":""MultiPoint"",""coordinates"":[]}"
20080907,2008-09-07,0.0022751719581756455,0.0017676862683085074,5.074857429639948E-4,"{""type"":""MultiPoint"",""coordinates"":[]}"
20080908,2008-09-08,0.002559333000926393,0.0018990377699960178,6.602950780283164E-4,"{""type"":""MultiPoint"",""coordinates"":[]}"
20080909,2008-09-09,0.0028569935132540763,0.002023163669278003,8.33829881814047E-4,"{""type"":""MultiPoint"",""coordinates"":[]}"
20080910,2008-09-10,0.002647578054320813,0.0019669134997097005,6.806646519182308E-4,"{""type"":""MultiPoint"",""coordinates"":[]}"
20080911,2008-09-11,0.003060900672947851,0.0020307129684243672,0.0010301871949264904,"{""type"":""MultiPoint"",""coordinates"":[]}"
20080912,2008-09-12,0.0032079294312175504,0.0019806436048069817,0.0012272860902119368,"{""type"":""MultiPoint"",""coordinates"":[]}"
20080913,2008-09-13,0.002868357143330837,0.0019682265040562204,9.001302868909711E-4,"{""type"":""MultiPoint"",""coordinates"":[]}"
20080914,2008-09-14,0.0024925097858792505,0.001882500126286726,6.10009721467816E-4,"{""type"":""MultiPoint"",""coordinates"":[]}"
20080915,2008-09-15,0.00280438357178129,0.0018912730630914671,9.131103391537283E-4,"{""type"":""MultiPoint"",""coordinates"":[]}"
20080916,2008-09-16,0.00361717332516847,0.0019375672474576749,0.001679606078951232,"{""type"":""MultiPoint"",""coordinates"":[]}"
20080917,2008-09-17,0.0042680582325467726,0.0020490123500599873,0.0022190457437845984,"{""type"":""MultiPoint"",""coordinates"":[]}"
20080918,2008-09-18,0.003554227568602743,0.002086242416580918,0.0014679849568844708,"{""type"":""MultiPoint"",""coordinates"":[]}"
20080919,2008-09-19,0.003739359915665531,0.0021743537316509833,0.001565006349618907,"{""type"":""MultiPoint"",""coordinates"":[]}"
20080920,2008-09-20,0.0034487272693744142,0.0020209509451296613,0.0014277760379601768,"{""type"":""MultiPoint"",""coordinates"":[]}"
20080921,2008-09-21,0.0027281380527177943,0.0019027406475353305,8.253970117036594E-4,"{""type"":""MultiPoint"",""coordinates"":[]}"
20080922,2008-09-22,0.0023577987074059658,0.0017807192996276834,5.770792530649794E-4,"{""type"":""MultiPoint"",""coordinates"":[]}"
20080923,2008-09-23,0.0019052954744395,0.0016097047905589477,2.9559070808847585E-4,"{""type"":""MultiPoint"",""coordinates"":[]}"
20080924,2008-09-24,0.0017321504709950984,0.0015196577886415481,2.1249269224311482E-4,"{""type"":""MultiPoint"",""coordinates"":[]}"
20080925,2008-09-25,0.0017447707249889435,0.0014906292347596716,2.5414128287929864E-4,"{""type"":""MultiPoint"",""coordinates"":[]}"
20080926,2008-09-26,0.0017632375129956314,0.0014931572077827376,2.700802215166464E-4,"{""type"":""MultiPoint"",""coordinates"":[]}"
20080927,2008-09-27,0.002102459984746043,0.0015532298642999304,5.492296229727472E-4,"{""type"":""MultiPoint"",""coordinates"":[]}"
20080928,2008-09-28,0.002235128386225206,0.0016740381683534658,5.610902415236068E-4,"{""type"":""MultiPoint"",""coordinates"":[]}"
20080929,2008-09-29,0.0019486452619469922,0.0015308973983667845,4.177476856068882E-4,"{""type"":""MultiPoint"",""coordinates"":[]}"
20080930,2008-09-30,0.001503552281262777,0.001385489335225409,1.1806294018671862E-4,"{""type"":""MultiPoint"",""coordinates"":[]}"
20081001,2008-10-01,0.0017957230115961532,0.0014104600573208426,3.852625331258829E-4,"{""type"":""MultiPoint"",""coordinates"":[]}"
20081002,2008-10-02,0.0019363187900499424,0.0014232020388654438,5.131165269581051E-4,"{""type"":""MultiPoint"",""coordinates"":[]}"
20081003,2008-10-03,0.0015902933315557611,0.0013623712134586076,2.2792208698644802E-4,"{""type"":""MultiPoint"",""coordinates"":[]}"
20081004,2008-10-04,0.0015368039333793668,0.0013165425121991552,2.2026137464493066E-4,"{""type"":""MultiPoint"",""coordinates"":[]}"
20081005,2008-10-05,0.0016090956449274778,0.0013303484368377592,2.7874710837104795E-4,"{""type"":""MultiPoint"",""coordinates"":[]}"
20081006,2008-10-06,0.0015398599702280114,0.0012762641514146255,2.6359575768589757E-4,"{""type"":""MultiPoint"",""coordinates"":[]}"
20081007,2008-10-07,0.0016102529294182786,0.0012785233716860905,3.317293994509748E-4,"{""type"":""MultiPoint"",""coordinates"":[]}"
20081008,2008-10-08,0.00157814431772317,0.0012577152693054366,3.2042863928573697E-4,"{""type"":""MultiPoint"",""coordinates"":[]}"
20081009,2008-10-09,0.0015326738877356884,0.0012490108129177742,2.836628730943965E-4,"{""type"":""MultiPoint"",""coordinates"":[]}"
20081010,2008-10-10,0.001332462208818248,0.0011869095228594672,1.455528319718235E-4,"{""type"":""MultiPoint"",""coordinates"":[]}"
20081011,2008-10-11,0.0012358967139291565,0.0011440955118962625,9.180050671907243E-5,"{""type"":""MultiPoint"",""coordinates"":[]}"
20081012,2008-10-12,0.0012008694401505625,0.001108263175164851,9.260648702474905E-5,"{""type"":""MultiPoint"",""coordinates"":[]}"
20081013,2008-10-13,0.0011729129729006213,0.0010726636881911408,1.0024832235234448E-4,"{""type"":""MultiPoint"",""coordinates"":[]}"
20081014,2008-10-14,0.0011309337725306833,0.0010362490843174887,9.468393340908276E-5,"{""type"":""MultiPoint"",""coordinates"":[]}"
20081015,2008-10-15,0.0010818078875882045,9.9762409190778E-4,8.418303494650678E-5,"{""type"":""MultiPoint"",""coordinates"":[]}"
20081016,2008-10-16,0.0010399222229053073,9.730860953868694E-4,6.683609956019835E-5,"{""type"":""MultiPoint"",""coordinates"":[]}"
20081017,2008-10-17,0.0010261990687156102,9.43835973228066E-4,8.236301833271719E-5,"{""type"":""MultiPoint"",""coordinates"":[]}"
20081018,2008-10-18,9.709367010917452E-4,9.071815632696581E-4,6.375521882064433E-5,"{""type"":""MultiPoint"",""coordinates"":[]}"
20081019,2008-10-19,0.0010867041121348513,9.164586750027475E-4,1.7024540391614635E-4,"{""type"":""MultiPoint"",""coordinates"":[]}"
20081020,2008-10-20,0.001111123876341122,9.277602068047598E-4,1.833622624064474E-4,"{""type"":""MultiPoint"",""coordinates"":[]}"
20081021,2008-10-21,0.001131607649547342,9.296614706670453E-4,2.0194633076217792E-4,"{""type"":""MultiPoint"",""coordinates"":[]}"
20081022,2008-10-22,0.0010869266119330398,8.991170501768891E-4,1.878094581018141E-4,"{""type"":""MultiPoint"",""coordinates"":[]}"
20081023,2008-10-23,0.001054105109594773,8.71534642447411E-4,1.8256785788888988E-4,"{""type"":""MultiPoint"",""coordinates"":[]}"
20081024,2008-10-24,0.0010954098126071134,9.171172324462985E-4,1.7829271432063666E-4,"{""type"":""MultiPoint"",""coordinates"":[]}"
20081025,2008-10-25,0.0013264430536165748,9.767158876382805E-4,3.497251628141828E-4,"{""type"":""MultiPoint"",""coordinates"":[]}"
20081026,2008-10-26,0.0016206259183237425,0.0010696891218596478,5.509369304660951E-4,"{""type"":""MultiPoint"",""coordinates"":[]}"
20081027,2008-10-27,0.0019780208851662823,0.001078447614889776,8.995734012415776E-4,"{""type"":""MultiPoint"",""coordinates"":[]}"
20081028,2008-10-28,0.001095790200578644,9.123400822978038E-4,1.8344793687152602E-4,"{""type"":""MultiPoint"",""coordinates"":[]}"
20081029,2008-10-29,9.673122817239681E-4,8.880864288170603E-4,7.922517617160363E-5,"{""type"":""MultiPoint"",""coordinates"":[]}"
20081030,2008-10-30,8.464628735699384E-4,7.919687420446383E-4,5.449437226822509E-5,"{""type"":""MultiPoint"",""coordinates"":[]}"
20081031,2008-10-31,8.049708395267688E-4,7.62131449094846E-4,4.2837889638022704E-5,"{""type"":""MultiPoint"",""coordinates"":[]}"
20081101,2008-11-01,8.551306089475011E-4,7.574794665969982E-4,9.764835118893984E-5,"{""type"":""MultiPoint"",""coordinates"":[]}"
20081102,2008-11-02,8.637371187356775E-4,7.642901097860607E-4,9.944608462022795E-5,"{""type"":""MultiPoint"",""coordinates"":[]}"
20081103,2008-11-03,7.957188379402778E-4,7.463117315294708E-4,4.940595410667481E-5,"{""type"":""MultiPoint"",""coordinates"":[]}"
20081104,2008-11-04,7.510414461233991E-4,7.001801849692154E-4,5.086036405932339E-5,"{""type"":""MultiPoint"",""coordinates"":[]}"
20081105,2008-11-05,7.396923016396308E-4,6.824521777854778E-4,5.723998800747658E-5,"{""type"":""MultiPoint"",""coordinates"":[]}"
20081106,2008-11-06,6.907082630105955E-4,6.626892744495227E-4,2.8018955323974108E-5,"{""type"":""MultiPoint"",""coordinates"":[]}"
20081107,2008-11-07,6.646923567222634E-4,6.403420831362309E-4,2.4350160879904944E-5,"{""type"":""MultiPoint"",""coordinates"":[]}"
20081108,2008-11-08,6.556902887265441E-4,6.251493549138384E-4,3.0539393003803824E-5,"{""type"":""MultiPoint"",""coordinates"":[]}"
20081109,2008-11-09,6.326761722215978E-4,6.057562977077682E-4,2.6918417888894057E-5,"{""type"":""MultiPoint"",""coordinates"":[]}"
20081110,2008-11-10,6.108496409255458E-4,5.900520860744525E-4,2.0797497157788354E-5,"{""type"":""MultiPoint"",""coordinates"":[]}"
20081111,2008-11-11,6.07108766636078E-4,5.771496452123145E-4,2.9958592444404346E-5,"{""type"":""MultiPoint"",""coordinates"":[]}"
20081112,2008-11-12,6.099153367846455E-4,5.617439320295138E-4,4.817131751112895E-5,"{""type"":""MultiPoint"",""coordinates"":[]}"
20081113,2008-11-13,5.811606195562258E-4,5.475736539000836E-4,3.358605137807095E-5,"{""type"":""MultiPoint"",""coordinates"":[]}"
20081114,2008-11-14,5.603163005598114E-4,5.335704390763406E-4,2.6744884421537295E-5,"{""type"":""MultiPoint"",""coordinates"":[]}"
20081115,2008-11-15,6.320247346007698E-4,5.349546835584388E-4,9.706814679992358E-5,"{""type"":""MultiPoint"",""coordinates"":[]}"
20081116,2008-11-16,5.331640017288395E-4,5.080467785765328E-4,2.5117655584147577E-5,"{""type"":""MultiPoint"",""coordinates"":[]}"
20081117,2008-11-17,5.126879015336082E-4,4.955658222223641E-4,1.712200885860647E-5,"{""type"":""MultiPoint"",""coordinates"":[]}"
20081118,2008-11-18,5.081390630967383E-4,4.851061120781697E-4,2.303213932205146E-5,"{""type"":""MultiPoint"",""coordinates"":[]}"
20081119,2008-11-19,5.113995648623294E-4,4.7553364664038543E-4,3.586545751081666E-5,"{""type"":""MultiPoint"",""coordinates"":[]}"
20081120,2008-11-20,5.124389901516295E-4,4.6643370590446865E-4,4.600421419332981E-5,"{""type"":""MultiPoint"",""coordinates"":[]}"
20081121,2008-11-21,5.224740254138492E-4,4.599693178616645E-4,6.250289045839922E-5,"{""type"":""MultiPoint"",""coordinates"":[]}"
20081122,2008-11-22,5.20387490158361E-4,4.533197909630296E-4,6.70664433430586E-5,"{""type"":""MultiPoint"",""coordinates"":[]}"
20081123,2008-11-23,6.164380515757864E-4,4.7759084350640384E-4,1.3884679318309964E-4,"{""type"":""MultiPoint"",""coordinates"":[]}"
20081124,2008-11-24,6.30923413394963E-4,4.7595924081871455E-4,1.5496318937162416E-4,"{""type"":""MultiPoint"",""coordinates"":[]}"
20081125,2008-11-25,6.797686652050355E-4,4.674139695252771E-4,2.1235472538729225E-4,"{""type"":""MultiPoint"",""coordinates"":[]}"
20081126,2008-11-26,8.888584494245784E-4,5.158593798824372E-4,3.72997821563663E-4,"{""type"":""MultiPoint"",""coordinates"":[]}"
20081127,2008-11-27,0.0010258349705043626,5.452879728954377E-4,4.8054754014753315E-4,"{""type"":""MultiPoint"",""coordinates"":[]}"
20081128,2008-11-28,5.909113968703236E-4,4.4547611338330826E-4,1.4543375649105485E-4,"{""type"":""MultiPoint"",""coordinates"":[]}"
20081129,2008-11-29,6.166234994545734E-4,4.5262585256134933E-4,1.6399647137086237E-4,"{""type"":""MultiPoint"",""coordinates"":[]}"
20081130,2008-11-30,4.517486221921809E-4,4.0634982339524133E-4,4.539927593610147E-5,"{""type"":""MultiPoint"",""coordinates"":[]}"
20081201,2008-12-01,4.7371392640329946E-4,4.149482809819923E-4,5.8764631654167605E-5,"{""type"":""MultiPoint"",""coordinates"":[]}"
20081202,2008-12-02,4.1173149882720446E-4,3.914076126584553E-4,2.0322538907696808E-5,"{""type"":""MultiPoint"",""coordinates"":[]}"
20081203,2008-12-03,3.9688156152536334E-4,3.810624058549058E-4,1.581911820073417E-5,"{""type"":""MultiPoint"",""coordinates"":[]}"
20081204,2008-12-04,3.935131050237502E-4,3.7331133441543396E-4,2.0200196577558034E-5,"{""type"":""MultiPoint"",""coordinates"":[]}"
20081205,2008-12-05,3.837546327346364E-4,3.648085527143416E-4,1.8946675231466635E-5,"{""type"":""MultiPoint"",""coordinates"":[]}"
20081206,2008-12-06,4.8055350708450085E-4,3.805126652907502E-4,1.0003940869285093E-4,"{""type"":""MultiPoint"",""coordinates"":[]}"
20081207,2008-12-07,4.3748822516690523E-4,3.7007836545016506E-4,6.740860542742681E-5,"{""type"":""MultiPoint"",""coordinates"":[]}"
20081208,2008-12-08,4.279547981127169E-4,3.518757152522894E-4,7.607880520875242E-5,"{""type"":""MultiPoint"",""coordinates"":[]}"
20081209,2008-12-09,4.5217827200348394E-4,3.6008488224121654E-4,9.209226144678256E-5,"{""type"":""MultiPoint"",""coordinates"":[]}"
20081210,2008-12-10,3.8238989061241093E-4,3.3919280954813246E-4,4.3196841830231166E-5,"{""type"":""MultiPoint"",""coordinates"":[]}"
20081211,2008-12-11,3.626461566871654E-4,3.314278749731703E-4,3.1217454813164E-5,"{""type"":""MultiPoint"",""coordinates"":[]}"
20081212,2008-12-12,3.4883276250300945E-4,3.244094822883566E-4,2.4423168849748836E-5,"{""type"":""MultiPoint"",""coordinates"":[]}"
20081213,2008-12-13,3.383109534001826E-4,3.1869772407737835E-4,1.9613122293772497E-5,"{""type"":""MultiPoint"",""coordinates"":[]}"
20081214,2008-12-14,3.3202682940766936E-4,3.1312054266210385E-4,1.8905817684725027E-5,"{""type"":""MultiPoint"",""coordinates"":[]}"
20081215,2008-12-15,3.438116310868709E-4,3.129004063223386E-4,3.0909592855608E-5,"{""type"":""MultiPoint"",""coordinates"":[]}"
20081216,2008-12-16,3.392829458194239E-4,3.116164190761258E-4,2.766634454177675E-5,"{""type"":""MultiPoint"",""coordinates"":[]}"
20081217,2008-12-17,3.9111978940211626E-4,3.1868604179956917E-4,7.243345750078815E-5,"{""type"":""MultiPoint"",""coordinates"":[]}"
20081218,2008-12-18,4.4062766737843525E-4,3.272852294018679E-4,1.1334109027352035E-4,"{""type"":""MultiPoint"",""coordinates"":[]}"
20081219,2008-12-19,3.634355642002536E-4,2.984656662163157E-4,6.496860770427997E-5,"{""type"":""MultiPoint"",""coordinates"":[]}"
20081220,2008-12-20,3.6178543946198237E-4,2.985065396797741E-4,6.327882755520073E-5,"{""type"":""MultiPoint"",""coordinates"":[]}"
20081221,2008-12-21,3.038443352231235E-4,2.8474610729999625E-4,1.9098922720714576E-5,"{""type"":""MultiPoint"",""coordinates"":[]}"
20081222,2008-12-22,2.98973930121424E-4,2.791856608415849E-4,1.9787265636782148E-5,"{""type"":""MultiPoint"",""coordinates"":[]}"
20081223,2008-12-23,3.0028404640929725E-4,2.747857115296151E-4,2.5496684073159553E-5,"{""type"":""MultiPoint"",""coordinates"":[]}"
20081224,2008-12-24,2.8850463239473275E-4,2.69869590803085E-4,1.8634934292208162E-5,"{""type"":""MultiPoint"",""coordinates"":[]}"
20081225,2008-12-25,2.8025522681649905E-4,2.6560419215801423E-4,1.4649689213099998E-5,"{""type"":""MultiPoint"",""coordinates"":[]}"
20081226,2008-12-26,2.7532415166475575E-4,2.6076653468226787E-4,1.4556888593322488E-5,"{""type"":""MultiPoint"",""coordinates"":[]}"
20081227,2008-12-27,2.670189119720704E-4,2.563011676104924E-4,1.0716922234188834E-5,"{""type"":""MultiPoint"",""coordinates"":[]}"
20081228,2008-12-28,2.6150079346337054E-4,2.519529817069573E-4,9.547845527936425E-6,"{""type"":""MultiPoint"",""coordinates"":[]}"
20081229,2008-12-29,2.589631773036772E-4,2.4764611234936204E-4,1.1316907303889471E-5,"{""type"":""MultiPoint"",""coordinates"":[]}"
20081230,2008-12-30,2.548765303415285E-4,2.4347695468010863E-4,1.1399514014747004E-5,"{""type"":""MultiPoint"",""coordinates"":[]}"
20081231,2008-12-31,2.5658227948336895E-4,2.3945466086651435E-4,1.7126024775993203E-5,"{""type"":""MultiPoint"",""coordinates"":[]}"
20090101,2009-01-01,2.6010422357006376E-4,2.3604334899633158E-4,2.4059954214426683E-5,"{""type"":""MultiPoint"",""coordinates"":[]}"
20090102,2009-01-02,2.462998452409544E-4,2.3249716609045768E-4,1.3802053653609156E-5,"{""type"":""MultiPoint"",""coordinates"":[]}"
20090103,2009-01-03,2.475487163746727E-4,2.2843042765699657E-4,1.9116676980218555E-5,"{""type"":""MultiPoint"",""coordinates"":[]}"
20090104,2009-01-04,2.4349934372937815E-4,2.248008809779999E-4,1.869668631813305E-5,"{""type"":""MultiPoint"",""coordinates"":[]}"
20090105,2009-01-05,2.400659469704518E-4,2.214435074500278E-4,1.8622605975339706E-5,"{""type"":""MultiPoint"",""coordinates"":[]}"
20090106,2009-01-06,3.179650770239002E-4,2.2973252023856614E-4,8.823257200636448E-5,"{""type"":""MultiPoint"",""coordinates"":[]}"
20090107,2009-01-07,2.350067820571606E-4,2.152499256149218E-4,1.9756155329392064E-5,"{""type"":""MultiPoint"",""coordinates"":[]}"
20090108,2009-01-08,2.2744238427100085E-4,2.1216200910976452E-4,1.527914409310257E-5,"{""type"":""MultiPoint"",""coordinates"":[]}"
20090109,2009-01-09,2.347596529915254E-4,2.1072029524827953E-4,2.4038440905638272E-5,"{""type"":""MultiPoint"",""coordinates"":[]}"
20090110,2009-01-10,2.2403723850963265E-4,2.0663683025830802E-4,1.739969170603739E-5,"{""type"":""MultiPoint"",""coordinates"":[]}"
20090111,2009-01-11,2.2128441109147554E-4,2.0433409593836863E-4,1.6950164559351526E-5,"{""type"":""MultiPoint"",""coordinates"":[]}"
20090112,2009-01-12,2.145910751801777E-4,2.011363998623557E-4,1.3453804623157656E-5,"{""type"":""MultiPoint"",""coordinates"":[]}"
20090113,2009-01-13,2.1402602839763738E-4,1.9848656029135582E-4,1.553851651532367E-5,"{""type"":""MultiPoint"",""coordinates"":[]}"
20090114,2009-01-14,2.1120514735352804E-4,1.9553732102839337E-4,1.5666463680315022E-5,"{""type"":""MultiPoint"",""coordinates"":[]}"
20090115,2009-01-15,2.115607770247305E-4,1.9262112336587958E-4,1.893962795876617E-5,"{""type"":""MultiPoint"",""coordinates"":[]}"
20090116,2009-01-16,2.2972942488599466E-4,1.9285387233360384E-4,3.6875258828145855E-5,"{""type"":""MultiPoint"",""coordinates"":[]}"
20090117,2009-01-17,2.1552514215491606E-4,1.8779975771584194E-4,2.7725885609656484E-5,"{""type"":""MultiPoint"",""coordinates"":[]}"
20090118,2009-01-18,2.3293277392951565E-4,1.9239292648382547E-4,4.0538057078065836E-5,"{""type"":""MultiPoint"",""coordinates"":[]}"
20090119,2009-01-19,2.017187787244707E-4,1.8203948372961075E-4,1.967910806709534E-5,"{""type"":""MultiPoint"",""coordinates"":[]}"
20090120,2009-01-20,2.0449743949737138E-4,1.800066282200773E-4,2.4490641196450594E-5,"{""type"":""MultiPoint"",""coordinates"":[]}"
20090121,2009-01-21,1.9826615603756005E-4,1.7801608129214665E-4,2.0248487653940198E-5,"{""type"":""MultiPoint"",""coordinates"":[]}"
20090122,2009-01-22,1.9320297114387662E-4,1.7494951959774562E-4,1.8251865305214528E-5,"{""type"":""MultiPoint"",""coordinates"":[]}"
20090123,2009-01-23,1.9308454944419928E-4,1.7259594791806479E-4,2.04866078120524E-5,"{""type"":""MultiPoint"",""coordinates"":[]}"
20090124,2009-01-24,2.0050306529119749E-4,1.703588732350956E-4,3.0144863326210923E-5,"{""type"":""MultiPoint"",""coordinates"":[]}"
20090125,2009-01-25,2.731641506954114E-4,1.8022238658753923E-4,9.294140732493187E-5,"{""type"":""MultiPoint"",""coordinates"":[]}"
20090126,2009-01-26,2.61235741412379E-4,1.7537161210227686E-4,8.586043839089517E-5,"{""type"":""MultiPoint"",""coordinates"":[]}"
20090127,2009-01-27,2.6272203823160355E-4,1.724855180833908E-4,9.023600242127528E-5,"{""type"":""MultiPoint"",""coordinates"":[]}"
20090128,2009-01-28,2.1899453135089942E-4,1.6798937351326853E-4,5.10041251547022E-5,"{""type"":""MultiPoint"",""coordinates"":[]}"
20090129,2009-01-29,1.858767144527964E-4,1.648140376796958E-4,2.10640893367448E-5,"{""type"":""MultiPoint"",""coordinates"":[]}"
20090130,2009-01-30,1.868404853818189E-4,1.6303883908603376E-4,2.3800267084285876E-5,"{""type"":""MultiPoint"",""coordinates"":[]}"
20090131,2009-01-31,2.0102910244731414E-4,1.620325076503673E-4,3.8996688795745705E-5,"{""type"":""MultiPoint"",""coordinates"":[]}"
20090201,2009-02-01,1.8711403756538233E-4,1.6001356020538105E-4,2.7097982426171625E-5,"{""type"":""MultiPoint"",""coordinates"":[]}"
20090202,2009-02-02,1.766371355910267E-4,1.5814116836105634E-4,1.8494172814089586E-5,"{""type"":""MultiPoint"",""coordinates"":[]}"
20090203,2009-02-03,1.734992354042516E-4,1.5619186669062036E-4,1.730574546071855E-5,"{""type"":""MultiPoint"",""coordinates"":[]}"
20090204,2009-02-04,1.732574033398169E-4,1.5422402361476775E-4,1.9033216679242876E-5,"{""type"":""MultiPoint"",""coordinates"":[]}"
20090205,2009-02-05,1.9324653659645317E-4,1.5917681044477167E-4,3.4067338976985524E-5,"{""type"":""MultiPoint"",""coordinates"":[]}"
20090206,2009-02-06,1.6904479043537617E-4,1.5086177051764846E-4,1.818127884846377E-5,"{""type"":""MultiPoint"",""coordinates"":[]}"
20090207,2009-02-07,1.6528168534491196E-4,1.483972180269667E-4,1.6883541769261222E-5,"{""type"":""MultiPoint"",""coordinates"":[]}"
20090208,2009-02-08,1.6607399136718505E-4,1.4665454096557235E-4,1.941993116768579E-5,"{""type"":""MultiPoint"",""coordinates"":[]}"
20090209,2009-02-09,1.628230741997679E-4,1.4488356006935364E-4,1.7938538883165697E-5,"{""type"":""MultiPoint"",""coordinates"":[]}"
20090210,2009-02-10,1.7964421289166083E-4,1.4496444916910217E-4,3.467967141405653E-5,"{""type"":""MultiPoint"",""coordinates"":[]}"
20090211,2009-02-11,1.7234486988515745E-4,1.4194403332385772E-4,3.0399443868231705E-5,"{""type"":""MultiPoint"",""coordinates"":[]}"
20090212,2009-02-12,1.7152672671849308E-4,1.4037226379109497E-4,3.115357148505147E-5,"{""type"":""MultiPoint"",""coordinates"":[]}"
20090213,2009-02-13,2.4350523792457927E-4,1.5653195180665355E-4,8.697334232251134E-5,"{""type"":""MultiPoint"",""coordinates"":[]}"
20090214,2009-02-14,1.6726462329352693E-4,1.403140976838983E-4,2.6949714542917083E-5,"{""type"":""MultiPoint"",""coordinates"":[]}"
20090215,2009-02-15,1.643906811059251E-4,1.3751079697324486E-4,2.687774432689286E-5,"{""type"":""MultiPoint"",""coordinates"":[]}"
20090216,2009-02-16,1.6258465087918165E-4,1.365514443388097E-4,2.6033290984421115E-5,"{""type"":""MultiPoint"",""coordinates"":[]}"
20090217,2009-02-17,1.5850690635109096E-4,1.351633754025727E-4,2.3340361046379246E-5,"{""type"":""MultiPoint"",""coordinates"":[]}"
20090218,2009-02-18,1.619002663346909E-4,1.341815847612218E-4,2.7717718776796328E-5,"{""type"":""MultiPoint"",""coordinates"":[]}"
20090219,2009-02-19,1.800639060329702E-4,1.3358529699776902E-4,4.647846095427527E-5,"{""type"":""MultiPoint"",""coordinates"":[]}"
20090220,2009-02-20,1.7389880089480316E-4,1.3334451220306322E-4,4.0554622836599575E-5,"{""type"":""MultiPoint"",""coordinates"":[]}"
20090221,2009-02-21,2.0732668482983374E-4,1.3346427348764247E-4,7.386097507800758E-5,"{""type"":""MultiPoint"",""coordinates"":[]}"
20090222,2009-02-22,2.0054810286850708E-4,1.3332572180235557E-4,6.722230498508999E-5,"{""type"":""MultiPoint"",""coordinates"":[]}"
20090223,2009-02-23,2.3309444216728221E-4,1.4252301677423045E-4,9.056999589939743E-5,"{""type"":""MultiPoint"",""coordinates"":[]}"
20090224,2009-02-24,2.801968169904119E-4,1.4418997573669882E-4,1.3600499207919308E-4,"{""type"":""MultiPoint"",""coordinates"":[]}"
20090225,2009-02-25,3.222608578138465E-4,1.52907293129606E-4,1.693516800867407E-4,"{""type"":""MultiPoint"",""coordinates"":[]}"
20090226,2009-02-26,3.236245880745727E-4,1.538744807323202E-4,1.6974942026211446E-4,"{""type"":""MultiPoint"",""coordinates"":[]}"
20090227,2009-02-27,2.7130175952829014E-4,1.4998961457277662E-4,1.2130999389484617E-4,"{""type"":""MultiPoint"",""coordinates"":[]}"
20090228,2009-02-28,2.5584285392964395E-4,1.552309024003416E-4,1.0061080875386268E-4,"{""type"":""MultiPoint"",""coordinates"":[]}"
20090301,2009-03-01,1.9224693689271077E-4,1.4730698889182378E-4,4.493827481095853E-5,"{""type"":""MultiPoint"",""coordinates"":[]}"
20090302,2009-03-02,1.7656894989968725E-4,1.4003335897823951E-4,3.653477469141505E-5,"{""type"":""MultiPoint"",""coordinates"":[]}"
20090303,2009-03-03,2.3089892232082182E-4,1.4224500157253392E-4,8.865406666349027E-5,"{""type"":""MultiPoint"",""coordinates"":[]}"
20090304,2009-03-04,2.0257926097773038E-4,1.4144401444382123E-4,6.113433130990124E-5,"{""type"":""MultiPoint"",""coordinates"":[]}"
20090305,2009-03-05,2.1391693183703047E-4,1.3987309585412636E-4,7.404204241757975E-5,"{""type"":""MultiPoint"",""coordinates"":[]}"
20090306,2009-03-06,2.1734002720568652E-4,1.398662077318793E-4,7.747324986881463E-5,"{""type"":""MultiPoint"",""coordinates"":[]}"
20090307,2009-03-07,2.632623686841149E-4,1.436649975176872E-4,1.1959476550585739E-4,"{""type"":""MultiPoint"",""coordinates"":[]}"
20090308,2009-03-08,2.320118803016249E-4,1.4247145056907117E-4,8.95389854844458E-5,"{""type"":""MultiPoint"",""coordinates"":[]}"
20090309,2009-03-09,2.5011723235013127E-4,1.43904818155321E-4,1.0621178274009292E-4,"{""type"":""MultiPoint"",""coordinates"":[]}"
20090310,2009-03-10,3.3104099742417093E-4,1.5808914021219988E-4,1.7295177107172594E-4,"{""type"":""MultiPoint"",""coordinates"":[]}"
20090311,2009-03-11,2.4227306900227773E-4,1.4752161649144455E-4,9.47515429368026E-5,"{""type"":""MultiPoint"",""coordinates"":[]}"
20090312,2009-03-12,2.038963142166844E-4,1.4495139359337457E-4,5.894383944832856E-5,"{""type"":""MultiPoint"",""coordinates"":[]}"
20090313,2009-03-13,1.9347751410595093E-4,1.4151336041731693E-4,5.196242830943577E-5,"{""type"":""MultiPoint"",""coordinates"":[]}"
20090314,2009-03-14,1.957712802280723E-4,1.3814669404291118E-4,5.762415914771794E-5,"{""type"":""MultiPoint"",""coordinates"":[]}"
20090315,2009-03-15,1.9276534348749714E-4,1.339373543601328E-4,5.882704255370717E-5,"{""type"":""MultiPoint"",""coordinates"":[]}"
20090316,2009-03-16,1.8921066307446945E-4,1.3025244529571637E-4,5.8957270327498625E-5,"{""type"":""MultiPoint"",""coordinates"":[]}"
20090317,2009-03-17,2.0209596244071635E-4,1.2991630529929276E-4,7.217959256647572E-5,"{""type"":""MultiPoint"",""coordinates"":[]}"
20090318,2009-03-18,2.042957676972857E-4,1.2783343351805627E-4,7.646132473026298E-5,"{""type"":""MultiPoint"",""coordinates"":[]}"
20090319,2009-03-19,2.1016179406391472E-4,1.3109389875150308E-4,7.906772670848864E-5,"{""type"":""MultiPoint"",""coordinates"":[]}"
20090320,2009-03-20,2.0998740556737693E-4,1.334607345491395E-4,7.652646908232725E-5,"{""type"":""MultiPoint"",""coordinates"":[]}"
20090321,2009-03-21,1.906127719066149E-4,1.286659900364463E-4,6.194618126165002E-5,"{""type"":""MultiPoint"",""coordinates"":[]}"
20090322,2009-03-22,2.072397086925545E-4,1.2581908342851062E-4,8.141989927462787E-5,"{""type"":""MultiPoint"",""coordinates"":[]}"
20090323,2009-03-23,2.2247472872878411E-4,1.2526597386903408E-4,9.720839963141094E-5,"{""type"":""MultiPoint"",""coordinates"":[]}"
20090324,2009-03-24,2.4939247415580704E-4,1.2625249067500682E-4,1.231396176883511E-4,"{""type"":""MultiPoint"",""coordinates"":[]}"
20090325,2009-03-25,2.2208612018150537E-4,1.2588530698354335E-4,9.620068179630411E-5,"{""type"":""MultiPoint"",""coordinates"":[]}"
20090326,2009-03-26,2.4437210698397525E-4,1.253770397769968E-4,1.1899502688666102E-4,"{""type"":""MultiPoint"",""coordinates"":[]}"
20090327,2009-03-27,2.407530330706104E-4,1.263764939077264E-4,1.1437637792733772E-4,"{""type"":""MultiPoint"",""coordinates"":[]}"
20090328,2009-03-28,2.2963058692233485E-4,1.268300046344226E-4,1.0279969141440655E-4,"{""type"":""MultiPoint"",""coordinates"":[]}"
20090329,2009-03-29,2.5474827679423945E-4,1.269927857778491E-4,1.2775548671050899E-4,"{""type"":""MultiPoint"",""coordinates"":[]}"
20090330,2009-03-30,3.049879344376934E-4,1.3183366864545932E-4,1.731541626118485E-4,"{""type"":""MultiPoint"",""coordinates"":[]}"
20090331,2009-03-31,4.7472122152946046E-4,1.584867933018829E-4,3.162320551672047E-4,"{""type"":""MultiPoint"",""coordinates"":[]}"
20090401,2009-04-01,3.1982761125267967E-4,1.4782901260011738E-4,1.7199831911245548E-4,"{""type"":""MultiPoint"",""coordinates"":[]}"
20090402,2009-04-02,2.7418617765906546E-4,1.4030643643074886E-4,1.338792365994599E-4,"{""type"":""MultiPoint"",""coordinates"":[]}"
20090403,2009-04-03,3.226144097040146E-4,1.535412064971756E-4,1.6907190646589987E-4,"{""type"":""MultiPoint"",""coordinates"":[]}"
20090404,2009-04-04,3.3115619595277347E-4,1.6237869132479423E-4,1.6877739774693505E-4,"{""type"":""MultiPoint"",""coordinates"":[]}"
20090405,2009-04-05,2.82394245149661E-4,1.5352946984864015E-4,1.2886395215640532E-4,"{""type"":""MultiPoint"",""coordinates"":[]}"
20090406,2009-04-06,3.1962202547712403E-4,1.5035214159156985E-4,1.6926940192575195E-4,"{""type"":""MultiPoint"",""coordinates"":[]}"
20090407,2009-04-07,4.2368210010028514E-4,1.6663852334909595E-4,2.570433505645819E-4,"{""type"":""MultiPoint"",""coordinates"":[]}"
20090408,2009-04-08,3.8061463277723457E-4,1.7627699870617863E-4,2.0433728815311537E-4,"{""type"":""MultiPoint"",""coordinates"":[]}"
20090409,2009-04-09,3.8692239573460025E-4,1.6818006974534923E-4,2.1874235162394623E-4,"{""type"":""MultiPoint"",""coordinates"":[]}"
20090410,2009-04-10,4.943049194547793E-4,1.848550964082543E-4,3.094487493756166E-4,"{""type"":""MultiPoint"",""coordinates"":[]}"
20090411,2009-04-11,2.948797297345823E-4,1.79860753702391E-4,1.1501788665056749E-4,"{""type"":""MultiPoint"",""coordinates"":[]}"
20090412,2009-04-12,2.6275358743211495E-4,1.58069551438724E-4,1.0468411110983278E-4,"{""type"":""MultiPoint"",""coordinates"":[]}"
20090413,2009-04-13,3.1827029826172814E-4,1.5670442035449332E-4,1.6156584005992322E-4,"{""type"":""MultiPoint"",""coordinates"":[]}"
20090414,2009-04-14,3.922639906583683E-4,1.5941715455133776E-4,2.328457655743314E-4,"{""type"":""MultiPoint"",""coordinates"":[]}"
20090415,2009-04-15,3.653631151587631E-4,1.622830274128099E-4,2.0307952875767789E-4,"{""type"":""MultiPoint"",""coordinates"":[]}"
20090416,2009-04-16,3.875194549907738E-4,1.607498893681676E-4,2.2676874288901104E-4,"{""type"":""MultiPoint"",""coordinates"":[]}"
20090417,2009-04-17,6.924254253972152E-4,1.758139201638228E-4,5.166101957704871E-4,"{""type"":""MultiPoint"",""coordinates"":[]}"
20090418,2009-04-18,5.97829988334127E-4,1.8575979240245428E-4,4.1206913972126547E-4,"{""type"":""MultiPoint"",""coordinates"":[]}"
20090419,2009-04-19,3.7924177151575964E-4,1.7313401197787076E-4,2.0610677655254138E-4,"{""type"":""MultiPoint"",""coordinates"":[]}"
20090420,2009-04-20,4.590716314098662E-4,1.8279108781767356E-4,2.7628014766889757E-4,"{""type"":""MultiPoint"",""coordinates"":[]}"
20090421,2009-04-21,5.687084112206615E-4,2.0835001042236715E-4,3.603575787923422E-4,"{""type"":""MultiPoint"",""coordinates"":[]}"
20090422,2009-04-22,5.901063831740737E-4,2.0819603286799317E-4,3.819097779684918E-4,"{""type"":""MultiPoint"",""coordinates"":[]}"
20090423,2009-04-23,6.067643863639326E-4,2.116007497143022E-4,3.9516364288278506E-4,"{""type"":""MultiPoint"",""coordinates"":[]}"
20090424,2009-04-24,5.198283087641936E-4,2.0223958806848104E-4,3.1758805985450915E-4,"{""type"":""MultiPoint"",""coordinates"":[]}"
20090425,2009-04-25,4.891872481354338E-4,1.8444253372015026E-4,3.0474636045279034E-4,"{""type"":""MultiPoint"",""coordinates"":[]}"
20090426,2009-04-26,5.020117288471027E-4,1.7922268213356842E-4,3.22790145387366E-4,"{""type"":""MultiPoint"",""coordinates"":[]}"
20090427,2009-04-27,4.754358089849126E-4,1.8002180191928127E-4,2.95413194713252E-4,"{""type"":""MultiPoint"",""coordinates"":[]}"
20090428,2009-04-28,4.191472117105516E-4,1.7631612992237663E-4,2.428280968924283E-4,"{""type"":""MultiPoint"",""coordinates"":[]}"
20090429,2009-04-29,4.407026034775625E-4,1.6783587778644221E-4,2.7286567925867287E-4,"{""type"":""MultiPoint"",""coordinates"":[]}"
20090430,2009-04-30,5.787337442404337E-4,1.7951879623294057E-4,3.992142079888089E-4,"{""type"":""MultiPoint"",""coordinates"":[]}"
20090501,2009-05-01,6.883559109996233E-4,2.3214297011456075E-4,4.56212743486601E-4,"{""type"":""MultiPoint"",""coordinates"":[]}"
20090502,2009-05-02,4.944836434365965E-4,1.8075299274261967E-4,3.1373012110595314E-4,"{""type"":""MultiPoint"",""coordinates"":[]}"
20090503,2009-05-03,5.268275465769168E-4,1.6669370559743759E-4,3.6013380212575704E-4,"{""type"":""MultiPoint"",""coordinates"":[]}"
20090504,2009-05-04,6.778538871891684E-4,1.8736177270276488E-4,4.904913423053719E-4,"{""type"":""MultiPoint"",""coordinates"":[]}"
20090505,2009-05-05,5.797326113543427E-4,1.780540705382305E-4,4.016785400840437E-4,"{""type"":""MultiPoint"",""coordinates"":[]}"
20090506,2009-05-06,5.52188553055132E-4,1.8920966131345321E-4,3.6297869481569485E-4,"{""type"":""MultiPoint"",""coordinates"":[]}"
20090507,2009-05-07,5.466545216132204E-4,1.8576657229358266E-4,3.608870104073814E-4,"{""type"":""MultiPoint"",""coordinates"":[]}"
20090508,2009-05-08,6.706963737396515E-4,1.9671856954270252E-4,4.739776811577868E-4,"{""type"":""MultiPoint"",""coordinates"":[]}"
20090509,2009-05-09,6.679063708108047E-4,2.046087521468959E-4,4.6329754617436023E-4,"{""type"":""MultiPoint"",""coordinates"":[]}"
20090510,2009-05-10,6.019724589877208E-4,2.2166752581530825E-4,3.803042508927579E-4,"{""type"":""MultiPoint"",""coordinates"":[]}"
20090511,2009-05-11,5.184458733914647E-4,2.1713105226924104E-4,3.013145533242228E-4,"{""type"":""MultiPoint"",""coordinates"":[]}"
20090512,2009-05-12,5.822626503937208E-4,2.1278544260144205E-4,3.694766724406272E-4,"{""type"":""MultiPoint"",""coordinates"":[]}"
20090513,2009-05-13,6.057366688086687E-4,2.227323370439478E-4,3.8300404321313814E-4,"{""type"":""MultiPoint"",""coordinates"":[]}"
20090514,2009-05-14,5.41157344249272E-4,2.3020047793708188E-4,3.109564126365912E-4,"{""type"":""MultiPoint"",""coordinates"":[]}"
20090515,2009-05-15,4.666637897429645E-4,2.0333596284106495E-4,2.633274867593873E-4,"{""type"":""MultiPoint"",""coordinates"":[]}"
20090516,2009-05-16,5.479645891794392E-4,2.0734103275064613E-4,3.4062325474274797E-4,"{""type"":""MultiPoint"",""coordinates"":[]}"
20090517,2009-05-17,6.061821813477276E-4,2.2587063706215352E-4,3.803114734587883E-4,"{""type"":""MultiPoint"",""coordinates"":[]}"
20090518,2009-05-18,8.225465982694213E-4,3.018299936027627E-4,5.207162682739698E-4,"{""type"":""MultiPoint"",""coordinates"":[]}"
20090519,2009-05-19,6.119483479263759E-4,2.1183587033431005E-4,4.0011231185938624E-4,"{""type"":""MultiPoint"",""coordinates"":[]}"
20090520,2009-05-20,6.880323253709785E-4,2.064634706068692E-4,4.8156877745244577E-4,"{""type"":""MultiPoint"",""coordinates"":[]}"
20090521,2009-05-21,7.730878966189924E-4,2.008704395147211E-4,5.722172574304476E-4,"{""type"":""MultiPoint"",""coordinates"":[]}"
20090522,2009-05-22,8.283545204223339E-4,2.1628034364422138E-4,6.120738165536144E-4,"{""type"":""MultiPoint"",""coordinates"":[]}"
20090523,2009-05-23,7.777110426841035E-4,2.2504273783788105E-4,5.526681151853675E-4,"{""type"":""MultiPoint"",""coordinates"":[]}"
20090524,2009-05-24,9.331371787814726E-4,2.634243148292141E-4,6.697129425186152E-4,"{""type"":""MultiPoint"",""coordinates"":[]}"
20090525,2009-05-25,0.002118383873005062,5.306880075523372E-4,0.0015876960022595979,"{""type"":""MultiPoint"",""coordinates"":[]}"
20090526,2009-05-26,0.002569932288664338,5.525605091372491E-4,0.0020173715648338143,"{""type"":""MultiPoint"",""coordinates"":[]}"
20090527,2009-05-27,8.349066157797367E-4,2.9643659233121605E-4,5.384693154053594E-4,"{""type"":""MultiPoint"",""coordinates"":[]}"
20090528,2009-05-28,7.079347178919631E-4,2.7449573347163427E-4,4.334391793236592E-4,"{""type"":""MultiPoint"",""coordinates"":[]}"
20090529,2009-05-29,9.677137814471609E-4,3.254598997610143E-4,6.422537067527043E-4,"{""type"":""MultiPoint"",""coordinates"":[]}"
20090530,2009-05-30,0.0012075009080337777,4.1822471139741176E-4,7.892758832559051E-4,"{""type"":""MultiPoint"",""coordinates"":[]}"
20090531,2009-05-31,0.0013747201309271182,4.202182907450805E-4,9.54501531882301E-4,"{""type"":""MultiPoint"",""coordinates"":[]}"
20090601,2009-06-01,0.0012967562207451975,4.195572724863287E-4,8.771987556304069E-4,"{""type"":""MultiPoint"",""coordinates"":[]}"
20090602,2009-06-02,9.428465590628813E-4,3.685645583797094E-4,5.742819816321785E-4,"{""type"":""MultiPoint"",""coordinates"":[]}"
20090603,2009-06-03,9.508836689944158E-4,3.387066758452948E-4,6.121768082995663E-4,"{""type"":""MultiPoint"",""coordinates"":[]}"
20090604,2009-06-04,0.0013044167208885679,3.8601530034669594E-4,9.184006914516118E-4,"{""type"":""MultiPoint"",""coordinates"":[]}"
20090605,2009-06-05,0.0012954235963925646,4.184560891287102E-4,8.769671708097088E-4,"{""type"":""MultiPoint"",""coordinates"":[]}"
20090606,2009-06-06,0.0017637266150811284,6.302685338118703E-4,0.001133457384124035,"{""type"":""MultiPoint"",""coordinates"":[]}"
20090607,2009-06-07,0.0017849447378892138,6.931217478457073E-4,0.0010918227037958026,"{""type"":""MultiPoint"",""coordinates"":[]}"
20090608,2009-06-08,0.0016856969388507148,6.820561827615475E-4,0.0010036400750002925,"{""type"":""MultiPoint"",""coordinates"":[]}"
20090609,2009-06-09,0.0011955859353763346,4.5237619901954574E-4,7.432092237862891E-4,"{""type"":""MultiPoint"",""coordinates"":[]}"
20090610,2009-06-10,0.001079592251506145,4.1495562633840963E-4,6.646361773152526E-4,"{""type"":""MultiPoint"",""coordinates"":[]}"
20090611,2009-06-11,0.0011003187721310944,4.25909520753601E-4,6.744090677821414E-4,"{""type"":""MultiPoint"",""coordinates"":[]}"
20090612,2009-06-12,0.0014031084874980694,5.283825465690851E-4,8.747252114340951E-4,"{""type"":""MultiPoint"",""coordinates"":[]}"
20090613,2009-06-13,0.0012892339068501263,5.408543172331895E-4,7.48379521773985E-4,"{""type"":""MultiPoint"",""coordinates"":[]}"
20090614,2009-06-14,0.0012290006083507412,4.94267838989614E-4,7.347325441293046E-4,"{""type"":""MultiPoint"",""coordinates"":[]}"
20090615,2009-06-15,0.0012750033417593903,5.329461604873283E-4,7.420569688167848E-4,"{""type"":""MultiPoint"",""coordinates"":[]}"
20090616,2009-06-16,0.0012473276493701595,5.512301405350408E-4,6.960973850412712E-4,"{""type"":""MultiPoint"",""coordinates"":[]}"
20090617,2009-06-17,0.0014527252433327966,6.052709552826797E-4,8.474536858697877E-4,"{""type"":""MultiPoint"",""coordinates"":[]}"
20090618,2009-06-18,0.00109392722552406,5.20889953774637E-4,5.730375702343292E-4,"{""type"":""MultiPoint"",""coordinates"":[]}"
20090619,2009-06-19,0.0014141743978162832,5.983999910923495E-4,8.157738289634308E-4,"{""type"":""MultiPoint"",""coordinates"":[]}"
20090620,2009-06-20,0.0013844276469231098,5.676556815766699E-4,8.167713386120665E-4,"{""type"":""MultiPoint"",""coordinates"":[]}"
20090621,2009-06-21,0.0014387792277649302,6.057559792829655E-4,8.330237763433088E-4,"{""type"":""MultiPoint"",""coordinates"":[]}"
20090622,2009-06-22,0.0015551550651881699,6.9253823979936E-4,8.62616865001642E-4,"{""type"":""MultiPoint"",""coordinates"":[]}"
20090623,2009-06-23,0.0016505323440277218,7.305474975803841E-4,9.199845425724637E-4,"{""type"":""MultiPoint"",""coordinates"":[]}"
20090624,2009-06-24,0.0015917455479828424,6.756385831948997E-4,9.161065720539891E-4,"{""type"":""MultiPoint"",""coordinates"":[]}"
20090625,2009-06-25,0.0014792138395084665,6.479228732312865E-4,8.312907570490987E-4,"{""type"":""MultiPoint"",""coordinates"":[]}"
20090626,2009-06-26,0.0019587854844404532,7.621846021643357E-4,0.0011966008633131295,"{""type"":""MultiPoint"",""coordinates"":[]}"
20090627,2009-06-27,0.002411348596294752,8.332744124727136E-4,0.0015780740118114616,"{""type"":""MultiPoint"",""coordinates"":[]}"
20090628,2009-06-28,0.0023685036281533593,9.039008966008942E-4,0.0014646024201838395,"{""type"":""MultiPoint"",""coordinates"":[]}"
20090629,2009-06-29,0.00318275119154956,0.0012926132773920518,0.0018901380226182289,"{""type"":""MultiPoint"",""coordinates"":[]}"
20090630,2009-06-30,0.004172400293558573,0.0017175180939236416,0.0024548820570196948,"{""type"":""MultiPoint"",""coordinates"":[]}"
20090701,2009-07-01,0.004415888358944403,0.0019703035822134477,0.0024455848371062183,"{""type"":""MultiPoint"",""coordinates"":[]}"
20090702,2009-07-02,0.0044268138828735815,0.0022665795043564385,0.0021602341413716297,"{""type"":""MultiPoint"",""coordinates"":[]}"
20090703,2009-07-03,0.0033268578518753904,0.0019458052648299422,0.0013810526458690614,"{""type"":""MultiPoint"",""coordinates"":[]}"
20090704,2009-07-04,0.00267276313264307,0.0016043661460086532,0.001068396904052742,"{""type"":""MultiPoint"",""coordinates"":[]}"
20090705,2009-07-05,0.0026621634036304393,0.0015729867893845466,0.001089176405611728,"{""type"":""MultiPoint"",""coordinates"":[]}"
20090706,2009-07-06,0.0035135622350191665,0.001977688125773067,0.001535873606016481,"{""type"":""MultiPoint"",""coordinates"":[]}"
20090707,2009-07-07,0.0033195168961999374,0.0018537609788327252,0.0014657557748611193,"{""type"":""MultiPoint"",""coordinates"":[]}"
20090708,2009-07-08,0.0033121220553253435,0.0017981667608846688,0.0015139547692986548,"{""type"":""MultiPoint"",""coordinates"":[]}"
20090709,2009-07-09,0.003204990635917815,0.0017714538620488517,0.0014335368493772517,"{""type"":""MultiPoint"",""coordinates"":[]}"
20090710,2009-07-10,0.0029229658072445213,0.001443971909349481,0.0014789937935051896,"{""type"":""MultiPoint"",""coordinates"":[]}"
20090711,2009-07-11,0.0021514956492126153,0.0012153034304565012,9.361922252252608E-4,"{""type"":""MultiPoint"",""coordinates"":[]}"
20090712,2009-07-12,0.0023682574389242836,0.0011328486971923456,0.001235408788146764,"{""type"":""MultiPoint"",""coordinates"":[]}"
20090713,2009-07-13,0.0033670666783712187,0.0014657928144882586,0.0019012738054049814,"{""type"":""MultiPoint"",""coordinates"":[]}"
20090714,2009-07-14,0.004049050781976173,0.0019474794533836477,0.002101571372438476,"{""type"":""MultiPoint"",""coordinates"":[]}"
20090715,2009-07-15,0.00443758845284888,0.0021257541491964994,0.002311834181359056,"{""type"":""MultiPoint"",""coordinates"":[]}"
20090716,2009-07-16,0.0028497210770008527,0.0016662176256977553,0.0011835033771969983,"{""type"":""MultiPoint"",""coordinates"":[]}"
20090717,2009-07-17,0.003039375592013182,0.0016621028103644634,0.0013772727439380847,"{""type"":""MultiPoint"",""coordinates"":[]}"
20090718,2009-07-18,0.0033245732614701914,0.0014952278132521924,0.001829345389729695,"{""type"":""MultiPoint"",""coordinates"":[]}"
20090719,2009-07-19,0.002808744528880138,0.0013793946046329712,0.0014293499933276065,"{""type"":""MultiPoint"",""coordinates"":[]}"
20090720,2009-07-20,0.0034540763117169755,0.0015219068606312956,0.0019321694773624712,"{""type"":""MultiPoint"",""coordinates"":[]}"
20090721,2009-07-21,0.004044465135010858,0.001722257400681273,0.002322207437125924,"{""type"":""MultiPoint"",""coordinates"":[]}"
20090722,2009-07-22,0.003984768682741835,0.0018978592142963114,0.002086909433522065,"{""type"":""MultiPoint"",""coordinates"":[]}"
20090723,2009-07-23,0.00307983861682809,0.0016530763832100582,0.0014267623437837977,"{""type"":""MultiPoint"",""coordinates"":[]}"
20090724,2009-07-24,0.0027041366744151394,0.0013333665833054839,0.00137076981646787,"{""type"":""MultiPoint"",""coordinates"":[]}"
20090725,2009-07-25,0.0025463331461270866,0.0012261444930685367,0.0013201885809613397,"{""type"":""MultiPoint"",""coordinates"":[]}"
20090726,2009-07-26,0.003470481269787181,0.0014392102756174815,0.002031270902087357,"{""type"":""MultiPoint"",""coordinates"":[]}"
20090727,2009-07-27,0.004626281763258202,0.0017192802070324657,0.0029070014026545445,"{""type"":""MultiPoint"",""coordinates"":[]}"
20090728,2009-07-28,0.004895909857084205,0.0022943022896399798,0.0026016076924121386,"{""type"":""MultiPoint"",""coordinates"":[]}"
20090729,2009-07-29,0.004557510477632854,0.002331963139909729,0.0022255474609559926,"{""type"":""MultiPoint"",""coordinates"":[]}"
20090730,2009-07-30,0.0033147846510215673,0.002008625017615896,0.0013061595512915557,"{""type"":""MultiPoint"",""coordinates"":[]}"
20090731,2009-07-31,0.002792012692098389,0.0018064932297997373,9.85519371334817E-4,"{""type"":""MultiPoint"",""coordinates"":[]}"
20090801,2009-08-01,0.0024127256724271653,0.0016892061843304677,7.235194474804077E-4,"{""type"":""MultiPoint"",""coordinates"":[]}"
20090802,2009-08-02,0.0022162899621777535,0.0014396197464304626,7.766701755725026E-4,"{""type"":""MultiPoint"",""coordinates"":[]}"
20090803,2009-08-03,0.002277947121355453,0.0013753207021532502,9.026263715513647E-4,"{""type"":""MultiPoint"",""coordinates"":[]}"
20090804,2009-08-04,0.0026607032080342673,0.001511302916538284,0.00114940006779369,"{""type"":""MultiPoint"",""coordinates"":[]}"
20090805,2009-08-05,0.0035995164451457407,0.001966343119637674,0.001633173006831537,"{""type"":""MultiPoint"",""coordinates"":[]}"
20090806,2009-08-06,0.004047532277036607,0.0020561780313463163,0.0019913545117798016,"{""type"":""MultiPoint"",""coordinates"":[]}"
20090807,2009-08-07,0.0030598280392383818,0.0017388797404706763,0.0013209481853536007,"{""type"":""MultiPoint"",""coordinates"":[]}"
20090808,2009-08-08,0.002581125043442172,0.0016251893682359855,9.559355098127475E-4,"{""type"":""MultiPoint"",""coordinates"":[]}"
20090809,2009-08-09,0.002362889507303075,0.0015336829258755938,8.292063834247799E-4,"{""type"":""MultiPoint"",""coordinates"":[]}"
20090810,2009-08-10,0.002512123327534811,0.0014683964854677902,0.0010437269817235003,"{""type"":""MultiPoint"",""coordinates"":[]}"
20090811,2009-08-11,0.00226291702356031,0.0014253047193259186,8.376121707953318E-4,"{""type"":""MultiPoint"",""coordinates"":[]}"
20090812,2009-08-12,0.003062124402138902,0.0016807376147053824,0.001381386736437486,"{""type"":""MultiPoint"",""coordinates"":[]}"
20090813,2009-08-13,0.003916367734334658,0.002138580888767791,0.0017777865859774744,"{""type"":""MultiPoint"",""coordinates"":[]}"
20090814,2009-08-14,0.003963136956337389,0.002096808310054037,0.0018663283715048885,"{""type"":""MultiPoint"",""coordinates"":[]}"
20090815,2009-08-15,0.004200943927800027,0.002328722165037406,0.0018722216491120283,"{""type"":""MultiPoint"",""coordinates"":[]}"
20090816,2009-08-16,0.003974974251094453,0.0021970912551773484,0.0017778830299064283,"{""type"":""MultiPoint"",""coordinates"":[]}"
20090817,2009-08-17,0.004204767935527946,0.00217529474388374,0.00202947319358328,"{""type"":""MultiPoint"",""coordinates"":[]}"
20090818,2009-08-18,0.004044780452539763,0.0020839214963956068,0.001960859129987115,"{""type"":""MultiPoint"",""coordinates"":[]}"
20090819,2009-08-19,0.004334340653360896,0.0023422460227008027,0.0019920947082928057,"{""type"":""MultiPoint"",""coordinates"":[]}"
20090820,2009-08-20,0.0040266165345423065,0.002500127550923743,0.0015264890210076535,"{""type"":""MultiPoint"",""coordinates"":[]}"
20090821,2009-08-21,0.0031550477933823475,0.0021649487219018,9.900990803578037E-4,"{""type"":""MultiPoint"",""coordinates"":[]}"
20090822,2009-08-22,0.0028584861178819016,0.0019162718706336886,9.422143023849328E-4,"{""type"":""MultiPoint"",""coordinates"":[]}"
20090823,2009-08-23,0.003163500502416395,0.002075960687868836,0.0010875398478982278,"{""type"":""MultiPoint"",""coordinates"":[]}"
20090824,2009-08-24,0.003037477104712385,0.0020515620521569175,9.859150858441872E-4,"{""type"":""MultiPoint"",""coordinates"":[]}"
20090825,2009-08-25,0.0028087557070585975,0.0018479064825626071,9.608492324027256E-4,"{""type"":""MultiPoint"",""coordinates"":[]}"
20090826,2009-08-26,0.0029434437224479496,0.0018880938313825648,0.0010553498371548464,"{""type"":""MultiPoint"",""coordinates"":[]}"
20090827,2009-08-27,0.0026022601233641326,0.001785919325497346,8.163407028900907E-4,"{""type"":""MultiPoint"",""coordinates"":[]}"
20090828,2009-08-28,0.0026346014672306824,0.0018034132160522228,8.311882933001881E-4,"{""type"":""MultiPoint"",""coordinates"":[]}"
20090829,2009-08-29,0.002445196373848761,0.0016611215022606053,7.840749238890339E-4,"{""type"":""MultiPoint"",""coordinates"":[]}"
20090830,2009-08-30,0.0026170101013097678,0.0016174496306140549,9.99560466225129E-4,"{""type"":""MultiPoint"",""coordinates"":[]}"
20090831,2009-08-31,0.002473604710345009,0.0015201003992573962,9.535042480151516E-4,"{""type"":""MultiPoint"",""coordinates"":[]}"
20090901,2009-09-01,0.0022924013666045847,0.0015376944888597596,7.547069506724376E-4,"{""type"":""MultiPoint"",""coordinates"":[]}"
20090902,2009-09-02,0.0028170234094020024,0.0018283844796783788,9.886388518091974E-4,"{""type"":""MultiPoint"",""coordinates"":[]}"
20090903,2009-09-03,0.003417769370234672,0.0021700292616714523,0.0012477401498417657,"{""type"":""MultiPoint"",""coordinates"":[]}"
20090904,2009-09-04,0.003445076116071719,0.002269147714043506,0.0011759286081559454,"{""type"":""MultiPoint"",""coordinates"":[]}"
20090905,2009-09-05,0.003570186785234848,0.0021757234539966377,0.0013944630460052732,"{""type"":""MultiPoint"",""coordinates"":[]}"
20090906,2009-09-06,0.003630059028441936,0.002055605706753847,0.0015744532071215525,"{""type"":""MultiPoint"",""coordinates"":[]}"
20090907,2009-09-07,0.003652742825236223,0.00213303678729242,0.001519706075156882,"{""type"":""MultiPoint"",""coordinates"":[]}"
20090908,2009-09-08,0.004171776154668819,0.0023081297397159178,0.0018636458576917988,"{""type"":""MultiPoint"",""coordinates"":[]}"
20090909,2009-09-09,0.0034141895051264634,0.002145499711940429,0.0012686896422078068,"{""type"":""MultiPoint"",""coordinates"":[]}"
20090910,2009-09-10,0.0029021340972516098,0.002004841484609992,8.972927437423853E-4,"{""type"":""MultiPoint"",""coordinates"":[]}"
20090911,2009-09-11,0.0025810109470520656,0.0018260077976916635,7.550030348086169E-4,"{""type"":""MultiPoint"",""coordinates"":[]}"
20090912,2009-09-12,0.0019170782741571714,0.0016108585662706091,3.0621973243962343E-4,"{""type"":""MultiPoint"",""coordinates"":[]}"
20090913,2009-09-13,0.0017295599031629757,0.0014800275380280386,2.495322098173977E-4,"{""type"":""MultiPoint"",""coordinates"":[]}"
20090914,2009-09-14,0.0018060357979814102,0.001458959652282906,3.4707627659031964E-4,"{""type"":""MultiPoint"",""coordinates"":[]}"
20090915,2009-09-15,0.0017071357905784233,0.0014142455329877635,2.928901864379094E-4,"{""type"":""MultiPoint"",""coordinates"":[]}"
20090916,2009-09-16,0.001662770315976453,0.0013562392025113466,3.0653130745347476E-4,"{""type"":""MultiPoint"",""coordinates"":[]}"
20090917,2009-09-17,0.0017948049056297588,0.001375236614062819,4.195683087708021E-4,"{""type"":""MultiPoint"",""coordinates"":[]}"
20090918,2009-09-18,0.0022038956936261,0.0015178307646810712,6.860643479701101E-4,"{""type"":""MultiPoint"",""coordinates"":[]}"
20090919,2009-09-19,0.0022543723623770443,0.0015894526030234913,6.649198610570187E-4,"{""type"":""MultiPoint"",""coordinates"":[]}"
20090920,2009-09-20,0.0021254393904105375,0.001485529734965705,6.399095512378792E-4,"{""type"":""MultiPoint"",""coordinates"":[]}"
20090921,2009-09-21,0.002138802824430118,0.0015087636625649348,6.300388316146926E-4,"{""type"":""MultiPoint"",""coordinates"":[]}"
20090922,2009-09-22,0.0021469705527739787,0.001550808256839272,5.961622711938362E-4,"{""type"":""MultiPoint"",""coordinates"":[]}"
20090923,2009-09-23,0.001994663433135475,0.0015295906754694746,4.650728067450846E-4,"{""type"":""MultiPoint"",""coordinates"":[]}"
20090924,2009-09-24,0.0016330730513456134,0.0013657278207309274,2.6734501832804253E-4,"{""type"":""MultiPoint"",""coordinates"":[]}"
20090925,2009-09-25,0.0015749759010040625,0.0013162435351999143,2.5873220266935576E-4,"{""type"":""MultiPoint"",""coordinates"":[]}"
20090926,2009-09-26,0.0016742434577611673,0.0013298863994268676,3.4435717913005844E-4,"{""type"":""MultiPoint"",""coordinates"":[]}"
20090927,2009-09-27,0.0016532950478380794,0.0012994573574091714,3.53837542665096E-4,"{""type"":""MultiPoint"",""coordinates"":[]}"
20090928,2009-09-28,0.0016400082378821641,0.0012692961114886012,3.707121190699253E-4,"{""type"":""MultiPoint"",""coordinates"":[]}"
20090929,2009-09-29,0.0018191448847263384,0.0013039925823223723,5.151527174205374E-4,"{""type"":""MultiPoint"",""coordinates"":[]}"
20090930,2009-09-30,0.002504660447693337,0.0015237687269233613,9.808918932687595E-4,"{""type"":""MultiPoint"",""coordinates"":[]}"
20091001,2009-10-01,0.0027899466470480937,0.0017017469128000787,0.0010881994875418521,"{""type"":""MultiPoint"",""coordinates"":[]}"
20091002,2009-10-02,0.0028051087694124996,0.0017827621832741272,0.0010223465232615902,"{""type"":""MultiPoint"",""coordinates"":[]}"
20091003,2009-10-03,0.0030166182800527926,0.0018581473029153017,0.0011584709250450757,"{""type"":""MultiPoint"",""coordinates"":[]}"
20091004,2009-10-04,0.002369254903775134,0.0015005328938334209,8.687219857947537E-4,"{""type"":""MultiPoint"",""coordinates"":[]}"
20091005,2009-10-05,0.002633021268404915,0.0015657868522858975,0.0010672343399022609,"{""type"":""MultiPoint"",""coordinates"":[]}"
20091006,2009-10-06,0.003158692992582143,0.0016528173734263443,0.0015058754986019352,"{""type"":""MultiPoint"",""coordinates"":[]}"
20091007,2009-10-07,0.0035242339940178575,0.0015465464385031869,0.0019776873789833626,"{""type"":""MultiPoint"",""coordinates"":[]}"
20091008,2009-10-08,0.003256254576230606,0.001526683099965401,0.0017295706628213587,"{""type"":""MultiPoint"",""coordinates"":[]}"
20091009,2009-10-09,0.0019322514400593788,0.0014342108017532276,4.980405003330847E-4,"{""type"":""MultiPoint"",""coordinates"":[]}"
20091010,2009-10-10,0.001548413735179465,0.0013490674183823728,1.9934622392269962E-4,"{""type"":""MultiPoint"",""coordinates"":[]}"
20091011,2009-10-11,0.001330547063503513,0.001227698130903603,1.0284897476244473E-4,"{""type"":""MultiPoint"",""coordinates"":[]}"
20091012,2009-10-12,0.0012965310954429017,0.0011675518970760827,1.2897862555822734E-4,"{""type"":""MultiPoint"",""coordinates"":[]}"
20091013,2009-10-13,0.0012408420207389798,0.0011209545822233322,1.1988712625860794E-4,"{""type"":""MultiPoint"",""coordinates"":[]}"
20091014,2009-10-14,0.0012035244463240728,0.0010769136350979116,1.266104343440277E-4,"{""type"":""MultiPoint"",""coordinates"":[]}"
20091015,2009-10-15,0.0011698485602540667,0.0010357602188696316,1.3408834955469634E-4,"{""type"":""MultiPoint"",""coordinates"":[]}"
20091016,2009-10-16,0.0011234608801037236,0.0010072610791324584,1.1619902180337763E-4,"{""type"":""MultiPoint"",""coordinates"":[]}"
20091017,2009-10-17,0.0010508988125652377,9.60482743295472E-4,9.041597951686754E-5,"{""type"":""MultiPoint"",""coordinates"":[]}"
20091018,2009-10-18,0.0011020672463362287,9.33750459783387E-4,1.6831675428724668E-4,"{""type"":""MultiPoint"",""coordinates"":[]}"
20091019,2009-10-19,0.0010238810418063515,9.072004285955548E-4,1.1667944216688594E-4,"{""type"":""MultiPoint"",""coordinates"":[]}"
20091020,2009-10-20,9.34336275470995E-4,8.796342705425256E-4,5.470104063422647E-5,"{""type"":""MultiPoint"",""coordinates"":[]}"
20091021,2009-10-21,8.86385458278379E-4,8.469466984318874E-4,3.943745976183238E-5,"{""type"":""MultiPoint"",""coordinates"":[]}"
20091022,2009-10-22,8.591704292970902E-4,8.216329391935251E-4,3.753798279267185E-5,"{""type"":""MultiPoint"",""coordinates"":[]}"
20091023,2009-10-23,8.196564952187234E-4,7.932641796415331E-4,2.6392616546407608E-5,"{""type"":""MultiPoint"",""coordinates"":[]}"
20091024,2009-10-24,8.017747966594863E-4,7.694418283981148E-4,3.233105753457539E-5,"{""type"":""MultiPoint"",""coordinates"":[]}"
20091025,2009-10-25,7.787995095730882E-4,7.464525548991044E-4,3.234682892434836E-5,"{""type"":""MultiPoint"",""coordinates"":[]}"
20091026,2009-10-26,7.543198118206428E-4,7.245509421378981E-4,2.9767200719050306E-5,"{""type"":""MultiPoint"",""coordinates"":[]}"
20091027,2009-10-27,7.336680596584649E-4,7.035215415762974E-4,3.014510682902027E-5,"{""type"":""MultiPoint"",""coordinates"":[]}"
20091028,2009-10-28,7.183989146977981E-4,6.832363096399458E-4,3.5160808024911455E-5,"{""type"":""MultiPoint"",""coordinates"":[]}"
20091029,2009-10-29,7.237731316797949E-4,6.710103180999422E-4,5.2761284498799395E-5,"{""type"":""MultiPoint"",""coordinates"":[]}"
20091030,2009-10-30,6.804243951348236E-4,6.489074755975127E-4,3.151676363077133E-5,"{""type"":""MultiPoint"",""coordinates"":[]}"
20091031,2009-10-31,7.228104164085626E-4,6.471561546427606E-4,7.565428014618291E-5,"{""type"":""MultiPoint"",""coordinates"":[]}"
20091101,2009-11-01,6.715359822702604E-4,6.295455080332568E-4,4.199054382876013E-5,"{""type"":""MultiPoint"",""coordinates"":[]}"
20091102,2009-11-02,6.399736152094696E-4,6.004042570606606E-4,3.957035680652194E-5,"{""type"":""MultiPoint"",""coordinates"":[]}"
20091103,2009-11-03,6.181894095405686E-4,5.82821360763884E-4,3.5366229256599984E-5,"{""type"":""MultiPoint"",""coordinates"":[]}"
20091104,2009-11-04,6.335655338312056E-4,5.761028160664926E-4,5.746136292633151E-5,"{""type"":""MultiPoint"",""coordinates"":[]}"
20091105,2009-11-05,6.322291015670239E-4,5.647075487536617E-4,6.752164516955422E-5,"{""type"":""MultiPoint"",""coordinates"":[]}"
20091106,2009-11-06,6.603273330915173E-4,5.699894500742635E-4,9.03377041697766E-5,"{""type"":""MultiPoint"",""coordinates"":[]}"
20091107,2009-11-07,9.575245350436246E-4,6.395599739019875E-4,3.1796377521698695E-4,"{""type"":""MultiPoint"",""coordinates"":[]}"
20091108,2009-11-08,0.00103245801744232,6.923022072036834E-4,3.401556582795657E-4,"{""type"":""MultiPoint"",""coordinates"":[]}"
20091109,2009-11-09,7.970110873283999E-4,5.995222015963184E-4,1.9748772623410875E-4,"{""type"":""MultiPoint"",""coordinates"":[]}"
20091110,2009-11-10,7.480899951280406E-4,5.736076283190479E-4,1.7448262154775334E-4,"{""type"":""MultiPoint"",""coordinates"":[]}"
20091111,2009-11-11,8.386779768792544E-4,5.717773619024762E-4,2.669004637478092E-4,"{""type"":""MultiPoint"",""coordinates"":[]}"
20091112,2009-11-12,5.710852155223352E-4,4.914445919595017E-4,7.964028408601664E-5,"{""type"":""MultiPoint"",""coordinates"":[]}"
20091113,2009-11-13,5.811155129048683E-4,4.829496696234053E-4,9.816580488645099E-5,"{""type"":""MultiPoint"",""coordinates"":[]}"
20091114,2009-11-14,6.713865510448117E-4,5.045889189328028E-4,1.6679714448346767E-4,"{""type"":""MultiPoint"",""coordinates"":[]}"
20091115,2009-11-15,7.777184388010512E-4,5.326075018811179E-4,2.45111024091663E-4,"{""type"":""MultiPoint"",""coordinates"":[]}"
20091116,2009-11-16,8.276664347037757E-4,5.319763568580693E-4,2.95690083194872E-4,"{""type"":""MultiPoint"",""coordinates"":[]}"
20091117,2009-11-17,8.401485596804718E-4,4.8810894538096964E-4,3.5203881440802365E-4,"{""type"":""MultiPoint"",""coordinates"":[]}"
20091118,2009-11-18,6.707073655085483E-4,4.892527770094011E-4,1.8145401763896898E-4,"{""type"":""MultiPoint"",""coordinates"":[]}"
20091119,2009-11-19,6.396095697523977E-4,4.694988530071644E-4,1.701093101630176E-4,"{""type"":""MultiPoint"",""coordinates"":[]}"
20091120,2009-11-20,5.899743783003592E-4,4.896422396694229E-4,1.0033119598065553E-4,"{""type"":""MultiPoint"",""coordinates"":[]}"
20091121,2009-11-21,5.250472575616094E-4,4.5863682788468925E-4,6.641035573306716E-5,"{""type"":""MultiPoint"",""coordinates"":[]}"
20091122,2009-11-22,4.883808302773691E-4,4.4287701028915093E-4,4.550330940743127E-5,"{""type"":""MultiPoint"",""coordinates"":[]}"
20091123,2009-11-23,4.5525431206497823E-4,4.29865011625278E-4,2.5388002552722168E-5,"{""type"":""MultiPoint"",""coordinates"":[]}"
20091124,2009-11-24,4.699278381871249E-4,4.242789353493409E-4,4.564898753650797E-5,"{""type"":""MultiPoint"",""coordinates"":[]}"
20091125,2009-11-25,4.3627855861112335E-4,4.082232398977632E-4,2.805527221003674E-5,"{""type"":""MultiPoint"",""coordinates"":[]}"
20091126,2009-11-26,4.342542943017356E-4,4.01396944641207E-4,3.285440427584081E-5,"{""type"":""MultiPoint"",""coordinates"":[]}"
20091127,2009-11-27,4.052454564882295E-4,3.903978085180644E-4,1.4845942601171852E-5,"{""type"":""MultiPoint"",""coordinates"":[]}"
20091128,2009-11-28,3.9292070570579415E-4,3.8127338202425436E-4,1.164758900161841E-5,"{""type"":""MultiPoint"",""coordinates"":[]}"
20091129,2009-11-29,3.906455156780339E-4,3.729742276276708E-4,1.767167698041061E-5,"{""type"":""MultiPoint"",""coordinates"":[]}"
20091130,2009-11-30,3.931945301058286E-4,3.6592424879721477E-4,2.7268576133822294E-5,"{""type"":""MultiPoint"",""coordinates"":[]}"
20091201,2009-12-01,4.1716968132566684E-4,3.6412259344438926E-4,5.304526280848394E-5,"{""type"":""MultiPoint"",""coordinates"":[]}"
20091202,2009-12-02,4.105675954492517E-4,3.573079908984808E-4,5.325864890811497E-5,"{""type"":""MultiPoint"",""coordinates"":[]}"
20091203,2009-12-03,4.3512897689292507E-4,3.5683078482535166E-4,7.82983005907329E-5,"{""type"":""MultiPoint"",""coordinates"":[]}"
20091204,2009-12-04,3.7039737918598536E-4,3.4082378721878514E-4,2.9573501647918903E-5,"{""type"":""MultiPoint"",""coordinates"":[]}"
20091205,2009-12-05,3.846885830341459E-4,3.371070121578957E-4,4.758198303681883E-5,"{""type"":""MultiPoint"",""coordinates"":[]}"
20091206,2009-12-06,4.089744010405163E-4,3.349646110602272E-4,7.401003695243492E-5,"{""type"":""MultiPoint"",""coordinates"":[]}"
20091207,2009-12-07,4.030079971712609E-4,3.316724532824034E-4,7.1333833034512E-5,"{""type"":""MultiPoint"",""coordinates"":[]}"
20091208,2009-12-08,3.8136643997723656E-4,3.334926731777523E-4,4.7872781760509434E-5,"{""type"":""MultiPoint"",""coordinates"":[]}"
20091209,2009-12-09,3.409707884098414E-4,3.222113347819E-4,1.875951007687752E-5,"{""type"":""MultiPoint"",""coordinates"":[]}"
20091210,2009-12-10,3.527064915763022E-4,3.2032888782327316E-4,3.2377628573058294E-5,"{""type"":""MultiPoint"",""coordinates"":[]}"
20091211,2009-12-11,3.3680673341418083E-4,3.1030508393273536E-4,2.6501991711509685E-5,"{""type"":""MultiPoint"",""coordinates"":[]}"
20091212,2009-12-12,3.3990924142383703E-4,3.0725153332995E-4,3.2655883822485275E-5,"{""type"":""MultiPoint"",""coordinates"":[]}"
20091213,2009-12-13,3.4841125055303494E-4,3.030819616480779E-4,4.5329217573737834E-5,"{""type"":""MultiPoint"",""coordinates"":[]}"
20091214,2009-12-14,3.7705669820779585E-4,3.0007992156308374E-4,7.697676902805119E-5,"{""type"":""MultiPoint"",""coordinates"":[]}"
20091215,2009-12-15,3.839262398043063E-4,2.9638788987549903E-4,8.753843045046221E-5,"{""type"":""MultiPoint"",""coordinates"":[]}"
20091216,2009-12-16,4.8491321765770155E-4,3.2335880902087144E-4,1.6155358577884708E-4,"{""type"":""MultiPoint"",""coordinates"":[]}"
20091217,2009-12-17,4.206905121949939E-4,2.959115691359496E-4,1.2477844583297986E-4,"{""type"":""MultiPoint"",""coordinates"":[]}"
20091218,2009-12-18,3.533531661473583E-4,2.856175545217518E-4,6.773472813080237E-5,"{""type"":""MultiPoint"",""coordinates"":[]}"
20091219,2009-12-19,3.41796846553648E-4,2.869171342109469E-4,5.4878725164060404E-5,"{""type"":""MultiPoint"",""coordinates"":[]}"
20091220,2009-12-20,2.950801078744159E-4,2.8008077562508753E-4,1.4999415333469834E-5,"{""type"":""MultiPoint"",""coordinates"":[]}"
20091221,2009-12-21,3.1277462906546425E-4,2.7729485418810234E-4,3.547852669386543E-5,"{""type"":""MultiPoint"",""coordinates"":[]}"
20091222,2009-12-22,3.0562479118647235E-4,2.752613196875692E-4,3.0362110629927543E-5,"{""type"":""MultiPoint"",""coordinates"":[]}"
20091223,2009-12-23,3.195876614730172E-4,2.7537231755444316E-4,4.42138174885048E-5,"{""type"":""MultiPoint"",""coordinates"":[]}"
20091224,2009-12-24,3.1258404410585685E-4,2.6781204053447425E-4,4.4771892701817804E-5,"{""type"":""MultiPoint"",""coordinates"":[]}"
20091225,2009-12-25,3.360492174378638E-4,2.910977988843457E-4,4.4950890785095936E-5,"{""type"":""MultiPoint"",""coordinates"":[]}"
20091226,2009-12-26,3.0269670235140753E-4,2.6771057249017354E-4,3.498421408075521E-5,"{""type"":""MultiPoint"",""coordinates"":[]}"
20091227,2009-12-27,3.5080120829213954E-4,2.740463751579816E-4,7.675503446681221E-5,"{""type"":""MultiPoint"",""coordinates"":[]}"
20091228,2009-12-28,3.312659851270527E-4,2.871360353640161E-4,4.412843414585312E-5,"{""type"":""MultiPoint"",""coordinates"":[]}"
20091229,2009-12-29,3.0041165316775886E-4,2.759054935685429E-4,2.4506400674989205E-5,"{""type"":""MultiPoint"",""coordinates"":[]}"
20091230,2009-12-30,2.729325995449566E-4,2.5314814373576805E-4,1.978444105129353E-5,"{""type"":""MultiPoint"",""coordinates"":[]}"
20091231,2009-12-31,2.7815463817861783E-4,2.4690789616523527E-4,3.124593662622585E-5,"{""type"":""MultiPoint"",""coordinates"":[]}"
20100101,2010-01-01,2.5368682184436257E-4,2.4164160737992697E-4,1.204520517468562E-5,"{""type"":""MultiPoint"",""coordinates"":[]}"
20100102,2010-01-02,2.492831903576948E-4,2.3671049095160449E-4,1.257133573470288E-5,"{""type"":""MultiPoint"",""coordinates"":[]}"
20100103,2010-01-03,2.583517893866361E-4,2.3319110049894673E-4,2.515952101591326E-5,"{""type"":""MultiPoint"",""coordinates"":[]}"
20100104,2010-01-04,2.5252614681653906E-4,2.293231300706442E-4,2.3202866880766534E-5,"{""type"":""MultiPoint"",""coordinates"":[]}"
20100105,2010-01-05,2.3599934594466005E-4,2.2385479415722552E-4,1.2143419689185245E-5,"{""type"":""MultiPoint"",""coordinates"":[]}"
20100106,2010-01-06,2.3139054228010127E-4,2.1990873214090427E-4,1.148181417319542E-5,"{""type"":""MultiPoint"",""coordinates"":[]}"
20100107,2010-01-07,2.3185989043958855E-4,2.1622874118027552E-4,1.5629585738583466E-5,"{""type"":""MultiPoint"",""coordinates"":[]}"
20100108,2010-01-08,2.6225596418907556E-4,2.2155178505439606E-4,4.070408109794879E-5,"{""type"":""MultiPoint"",""coordinates"":[]}"
20100109,2010-01-09,2.2014607263161088E-4,2.086921325020581E-4,1.1453769396779466E-5,"{""type"":""MultiPoint"",""coordinates"":[]}"
20100110,2010-01-10,2.2758755106313096E-4,2.0638388047179783E-4,2.120198438592173E-5,"{""type"":""MultiPoint"",""coordinates"":[]}"
20100111,2010-01-11,2.1992811407523216E-4,2.0251337026615677E-4,1.7414278589997994E-5,"{""type"":""MultiPoint"",""coordinates"":[]}"
20100112,2010-01-12,2.2226101916295854E-4,1.9932116686951725E-4,2.2939464335879705E-5,"{""type"":""MultiPoint"",""coordinates"":[]}"
20100113,2010-01-13,2.2845294197408313E-4,1.9641424820853874E-4,3.20387020051275E-5,"{""type"":""MultiPoint"",""coordinates"":[]}"
20100114,2010-01-14,2.2454642047115204E-4,1.9387264021450212E-4,3.067244531293553E-5,"{""type"":""MultiPoint"",""coordinates"":[]}"
20100115,2010-01-15,2.0828515375559607E-4,1.9054498055987829E-4,1.7737709145943607E-5,"{""type"":""MultiPoint"",""coordinates"":[]}"
20100116,2010-01-16,2.0170287731261326E-4,1.8765598602193753E-4,1.4047649003395597E-5,"{""type"":""MultiPoint"",""coordinates"":[]}"
20100117,2010-01-17,2.0055490965689078E-4,1.8495457348655727E-4,1.5599851394844912E-5,"{""type"":""MultiPoint"",""coordinates"":[]}"
20100118,2010-01-18,1.9530402276677253E-4,1.8300182164328132E-4,1.230211088434931E-5,"{""type"":""MultiPoint"",""coordinates"":[]}"
20100119,2010-01-19,1.880550140644374E-4,1.7942604314895414E-4,8.627733304946322E-6,"{""type"":""MultiPoint"",""coordinates"":[]}"
20100120,2010-01-20,1.8567411602681913E-4,1.7638948683627387E-4,9.283198590675702E-6,"{""type"":""MultiPoint"",""coordinates"":[]}"
20100121,2010-01-21,1.8403377092968164E-4,1.7372120515177371E-4,1.0312398665163052E-5,"{""type"":""MultiPoint"",""coordinates"":[]}"
20100122,2010-01-22,1.8237355295840435E-4,1.7109608623094275E-4,1.127608689058205E-5,"{""type"":""MultiPoint"",""coordinates"":[]}"
20100123,2010-01-23,1.810774519548706E-4,1.6856065779680696E-4,1.2515075691973525E-5,"{""type"":""MultiPoint"",""coordinates"":[]}"
20100124,2010-01-24,1.7795883221626802E-4,1.6600816189765513E-4,1.1949196254807892E-5,"{""type"":""MultiPoint"",""coordinates"":[]}"
20100125,2010-01-25,1.7607883247081912E-4,1.6357031336444277E-4,1.2508500189111804E-5,"{""type"":""MultiPoint"",""coordinates"":[]}"
20100126,2010-01-26,1.7317029998778152E-4,1.6120523138458704E-4,1.1962915570022527E-5,"{""type"":""MultiPoint"",""coordinates"":[]}"
20100127,2010-01-27,1.7294512525487223E-4,1.5886992218477964E-4,1.4073685997129347E-5,"{""type"":""MultiPoint"",""coordinates"":[]}"
20100128,2010-01-28,1.7830515188240874E-4,1.566378845365225E-4,2.1665536532466892E-5,"{""type"":""MultiPoint"",""coordinates"":[]}"
20100129,2010-01-29,1.7613435046336188E-4,1.5461362388551126E-4,2.1518797186990492E-5,"{""type"":""MultiPoint"",""coordinates"":[]}"
20100130,2010-01-30,2.0627536193571023E-4,1.582924531180377E-4,4.798378030340378E-5,"{""type"":""MultiPoint"",""coordinates"":[]}"
20100131,2010-01-31,1.7421417830141962E-4,1.5203158249323367E-4,2.2182743820772474E-5,"{""type"":""MultiPoint"",""coordinates"":[]}"
20100201,2010-02-01,1.7706879992505852E-4,1.5099313493992155E-4,2.6075634799717952E-5,"{""type"":""MultiPoint"",""coordinates"":[]}"
20100202,2010-02-02,1.7255850241071046E-4,1.4833611489561147E-4,2.4222921873614273E-5,"{""type"":""MultiPoint"",""coordinates"":[]}"
20100203,2010-02-03,1.6610808198665812E-4,1.459446343597396E-4,2.0161655269581304E-5,"{""type"":""MultiPoint"",""coordinates"":[]}"
20100204,2010-02-04,1.5960262055681354E-4,1.4407489854270414E-4,1.5527065885875188E-5,"{""type"":""MultiPoint"",""coordinates"":[]}"
20100205,2010-02-05,1.6077549473391051E-4,1.4223475157112487E-4,1.8540286438949686E-5,"{""type"":""MultiPoint"",""coordinates"":[]}"
20100206,2010-02-06,1.6795525909787555E-4,1.4133419984969827E-4,2.6618692243964667E-5,"{""type"":""MultiPoint"",""coordinates"":[]}"
20100207,2010-02-07,2.057678554370228E-4,1.4558460635056495E-4,6.0179406595109694E-5,"{""type"":""MultiPoint"",""coordinates"":[]}"
20100208,2010-02-08,3.53987031724462E-4,1.770720460405131E-4,1.769143903242983E-4,"{""type"":""MultiPoint"",""coordinates"":[]}"
20100209,2010-02-09,2.314354216381443E-4,1.467558993409204E-4,8.467832348436087E-5,"{""type"":""MultiPoint"",""coordinates"":[]}"
20100210,2010-02-10,1.6978754935003393E-4,1.3583124316141737E-4,3.395479734736989E-5,"{""type"":""MultiPoint"",""coordinates"":[]}"
20100211,2010-02-11,1.6223812110097082E-4,1.345424301194275E-4,2.7694758371272914E-5,"{""type"":""MultiPoint"",""coordinates"":[]}"
20100212,2010-02-12,1.7573191100980507E-4,1.3348008887774238E-4,4.2250713931504705E-5,"{""type"":""MultiPoint"",""coordinates"":[]}"
20100213,2010-02-13,1.8287141645960116E-4,1.3375562004256723E-4,4.9114472429275636E-5,"{""type"":""MultiPoint"",""coordinates"":[]}"
20100214,2010-02-14,1.8877773962310988E-4,1.335681422784258E-4,5.520827009236158E-5,"{""type"":""MultiPoint"",""coordinates"":[]}"
20100215,2010-02-15,1.8671328120410148E-4,1.3731558159661784E-4,4.939709291133921E-5,"{""type"":""MultiPoint"",""coordinates"":[]}"
20100216,2010-02-16,1.817590321935028E-4,1.3324735767436028E-4,4.851118986165014E-5,"{""type"":""MultiPoint"",""coordinates"":[]}"
20100217,2010-02-17,2.0619109140530478E-4,1.345939759608846E-4,7.159756726010232E-5,"{""type"":""MultiPoint"",""coordinates"":[]}"
20100218,2010-02-18,1.7624039899184562E-4,1.337259332503524E-4,4.2513236105047545E-5,"{""type"":""MultiPoint"",""coordinates"":[]}"
20100219,2010-02-19,1.543128564517807E-4,1.297584780675961E-4,2.455419678100267E-5,"{""type"":""MultiPoint"",""coordinates"":[]}"
20100220,2010-02-20,1.5493087755613882E-4,1.2818154550711861E-4,2.6747421118680854E-5,"{""type"":""MultiPoint"",""coordinates"":[]}"
20100221,2010-02-21,1.542806689807914E-4,1.2617164785242186E-4,2.8109040780652663E-5,"{""type"":""MultiPoint"",""coordinates"":[]}"
20100222,2010-02-22,1.621113754224422E-4,1.2441777424201876E-4,3.769351943062342E-5,"{""type"":""MultiPoint"",""coordinates"":[]}"
20100223,2010-02-23,1.9228467744046064E-4,1.2396161051857207E-4,6.832305094912335E-5,"{""type"":""MultiPoint"",""coordinates"":[]}"
20100224,2010-02-24,2.1321678197072563E-4,1.257389687905643E-4,8.747707185811027E-5,"{""type"":""MultiPoint"",""coordinates"":[]}"
20100225,2010-02-25,2.103585912590557E-4,1.2669982767819397E-4,8.365608633685548E-5,"{""type"":""MultiPoint"",""coordinates"":[]}"
20100226,2010-02-26,1.912147540990158E-4,1.2686453405802764E-4,6.435005828527494E-5,"{""type"":""MultiPoint"",""coordinates"":[]}"
20100227,2010-02-27,1.8663156522859598E-4,1.2376340205479653E-4,6.286815809356727E-5,"{""type"":""MultiPoint"",""coordinates"":[]}"
20100228,2010-02-28,2.1798071771507064E-4,1.290267229407407E-4,8.895248786625588E-5,"{""type"":""MultiPoint"",""coordinates"":[]}"
20100301,2010-03-01,2.9910141075167933E-4,1.4087140955508487E-4,1.5822735743846163E-4,"{""type"":""MultiPoint"",""coordinates"":[]}"
20100302,2010-03-02,2.741292717331304E-4,1.3718851424445485E-4,1.3694057338839698E-4,"{""type"":""MultiPoint"",""coordinates"":[]}"
20100303,2010-03-03,2.740267210838805E-4,1.3642954731144904E-4,1.3759652526823275E-4,"{""type"":""MultiPoint"",""coordinates"":[]}"
20100304,2010-03-04,3.0534524088640343E-4,1.481124473116851E-4,1.5723258928969876E-4,"{""type"":""MultiPoint"",""coordinates"":[]}"
20100305,2010-03-05,3.729938030228254E-4,1.7011325696112447E-4,2.0287989862389371E-4,"{""type"":""MultiPoint"",""coordinates"":[]}"
20100306,2010-03-06,3.1147629568804993E-4,1.5774839552194924E-4,1.5372732113762866E-4,"{""type"":""MultiPoint"",""coordinates"":[]}"
20100307,2010-03-07,2.671001601355294E-4,1.5608185068222925E-4,1.1101650577421888E-4,"{""type"":""MultiPoint"",""coordinates"":[]}"
20100308,2010-03-08,2.2453421889213768E-4,1.4756502069470872E-4,7.696792703218753E-5,"{""type"":""MultiPoint"",""coordinates"":[]}"
20100309,2010-03-09,2.301842989256648E-4,1.4659204383974834E-4,8.359214624760831E-5,"{""type"":""MultiPoint"",""coordinates"":[]}"
20100310,2010-03-10,2.2239176065525493E-4,1.4332031346211318E-4,7.90714339573993E-5,"{""type"":""MultiPoint"",""coordinates"":[]}"
20100311,2010-03-11,2.0878821379103065E-4,1.4083519976246003E-4,6.795088416102129E-5,"{""type"":""MultiPoint"",""coordinates"":[]}"
20100312,2010-03-12,2.3110667158992144E-4,1.3822492762914667E-4,9.288183499344188E-5,"{""type"":""MultiPoint"",""coordinates"":[]}"
20100313,2010-03-13,2.557351024412574E-4,1.396061590866549E-4,1.1612766053083547E-4,"{""type"":""MultiPoint"",""coordinates"":[]}"
20100314,2010-03-14,2.5743380571160356E-4,1.4355957322795558E-4,1.1387362193000782E-4,"{""type"":""MultiPoint"",""coordinates"":[]}"
20100315,2010-03-15,2.507668373704942E-4,1.4785281702724273E-4,1.029123039003059E-4,"{""type"":""MultiPoint"",""coordinates"":[]}"
20100316,2010-03-16,2.0785215355256282E-4,1.4100765241521564E-4,6.684392670188146E-5,"{""type"":""MultiPoint"",""coordinates"":[]}"
20100317,2010-03-17,2.0575697114210242E-4,1.36817655881383E-4,6.893941456050201E-5,"{""type"":""MultiPoint"",""coordinates"":[]}"
20100318,2010-03-18,2.1891207220129242E-4,1.3369598690463644E-4,8.521589138695228E-5,"{""type"":""MultiPoint"",""coordinates"":[]}"
20100319,2010-03-19,2.2694661830243543E-4,1.312512400577386E-4,9.569540592023647E-5,"{""type"":""MultiPoint"",""coordinates"":[]}"
20100320,2010-03-20,2.3734945201976868E-4,1.274952990287749E-4,1.0985250196273584E-4,"{""type"":""MultiPoint"",""coordinates"":[]}"
20100321,2010-03-21,2.4101146409478684E-4,1.2483863641638484E-4,1.161730252351748E-4,"{""type"":""MultiPoint"",""coordinates"":[]}"
20100322,2010-03-22,3.943481697982437E-4,1.3058922443824893E-4,2.637580161942321E-4,"{""type"":""MultiPoint"",""coordinates"":[]}"
20100323,2010-03-23,4.6709126689437833E-4,1.3686153883888335E-4,3.3022922231452375E-4,"{""type"":""MultiPoint"",""coordinates"":[]}"
20100324,2010-03-24,4.6492606907712293E-4,1.4007224881777407E-4,3.2485387128438817E-4,"{""type"":""MultiPoint"",""coordinates"":[]}"
20100325,2010-03-25,4.6469931016331507E-4,1.5461283001675998E-4,3.100863479454727E-4,"{""type"":""MultiPoint"",""coordinates"":[]}"
20100326,2010-03-26,7.172052840244192E-4,1.887812479469824E-4,5.284218258219598E-4,"{""type"":""MultiPoint"",""coordinates"":[]}"
20100327,2010-03-27,8.626756602921265E-4,2.2752031666628352E-4,6.351540065876951E-4,"{""type"":""MultiPoint"",""coordinates"":[]}"
20100328,2010-03-28,6.583295999453322E-4,2.72132691124611E-4,3.8619677396177146E-4,"{""type"":""MultiPoint"",""coordinates"":[]}"
20100329,2010-03-29,4.641270261409218E-4,2.0785237884878935E-4,2.5627405759679584E-4,"{""type"":""MultiPoint"",""coordinates"":[]}"
20100330,2010-03-30,8.005264908017705E-4,2.917582288194678E-4,5.087678049157857E-4,"{""type"":""MultiPoint"",""coordinates"":[]}"
20100331,2010-03-31,0.0010336574468263321,4.0876667929503555E-4,6.248896946657122E-4,"{""type"":""MultiPoint"",""coordinates"":[]}"
20100401,2010-04-01,7.796106942494314E-4,3.584697161341417E-4,4.2114024630324903E-4,"{""type"":""MultiPoint"",""coordinates"":[]}"
20100402,2010-04-02,7.586257739155392E-4,3.8302666508188135E-4,3.755971715896514E-4,"{""type"":""MultiPoint"",""coordinates"":[]}"
20100403,2010-04-03,6.763895569133199E-4,3.342344500883986E-4,3.421536582851892E-4,"{""type"":""MultiPoint"",""coordinates"":[]}"
20100404,2010-04-04,6.598833531404598E-4,3.6412628373084117E-4,2.9575702378536805E-4,"{""type"":""MultiPoint"",""coordinates"":[]}"
20100405,2010-04-05,6.631375834943929E-4,3.3625141801179833E-4,3.268855655825444E-4,"{""type"":""MultiPoint"",""coordinates"":[]}"
20100406,2010-04-06,6.950689613366852E-4,3.400688207363104E-4,3.5499858752772475E-4,"{""type"":""MultiPoint"",""coordinates"":[]}"
20100407,2010-04-07,3.8381974559594813E-4,2.676110526239555E-4,1.1620788234678344E-4,"{""type"":""MultiPoint"",""coordinates"":[]}"
20100408,2010-04-08,3.453604020074012E-4,2.1108509949380395E-4,1.342769237020668E-4,"{""type"":""MultiPoint"",""coordinates"":[]}"
20100409,2010-04-09,4.926508612755821E-4,2.140554597962118E-4,2.7859544261533655E-4,"{""type"":""MultiPoint"",""coordinates"":[]}"
20100410,2010-04-10,7.121417269723854E-4,2.4053064217906858E-4,4.7160984402785336E-4,"{""type"":""MultiPoint"",""coordinates"":[]}"
20100411,2010-04-11,5.66578301927382E-4,2.647448949562996E-4,3.018332987665129E-4,"{""type"":""MultiPoint"",""coordinates"":[]}"
20100412,2010-04-12,6.614371398268701E-4,3.253512347664497E-4,3.3608542150471835E-4,"{""type"":""MultiPoint"",""coordinates"":[]}"
20100413,2010-04-13,9.320937319414449E-4,3.5716863315247565E-4,5.74924843948929E-4,"{""type"":""MultiPoint"",""coordinates"":[]}"
20100414,2010-04-14,7.906499317474313E-4,4.5450579283076606E-4,3.361434387630298E-4,"{""type"":""MultiPoint"",""coordinates"":[]}"
20100415,2010-04-15,3.9318021024846824E-4,2.4579741926303875E-4,1.4738182435535116E-4,"{""type"":""MultiPoint"",""coordinates"":[]}"
20100416,2010-04-16,4.617855647111229E-4,2.2783636218808264E-4,2.339483831041571E-4,"{""type"":""MultiPoint"",""coordinates"":[]}"
20100417,2010-04-17,8.7520879945093E-4,3.3535116724779033E-4,5.398567408551909E-4,"{""type"":""MultiPoint"",""coordinates"":[]}"
20100418,2010-04-18,0.001028267050822593,4.002851664586558E-4,6.279814637602421E-4,"{""type"":""MultiPoint"",""coordinates"":[]}"
20100419,2010-04-19,0.0015768598413606811,6.540146776306425E-4,9.228444314465029E-4,"{""type"":""MultiPoint"",""coordinates"":[]}"
20100420,2010-04-20,0.0013969264976937646,7.385098544171792E-4,6.584161904481004E-4,"{""type"":""MultiPoint"",""coordinates"":[]}"
20100421,2010-04-21,0.001302704616949051,7.006169268559197E-4,6.02086739043975E-4,"{""type"":""MultiPoint"",""coordinates"":[]}"
20100422,2010-04-22,0.0014495677328411687,7.659294892329803E-4,6.836374241696407E-4,"{""type"":""MultiPoint"",""coordinates"":[]}"
20100423,2010-04-23,0.0012357418489615162,6.364391591407385E-4,5.993019511226701E-4,"{""type"":""MultiPoint"",""coordinates"":[]}"
20100424,2010-04-24,0.0013257615050904297,6.607541216893142E-4,6.650062161158795E-4,"{""type"":""MultiPoint"",""coordinates"":[]}"
20100425,2010-04-25,0.0012660232143006662,6.733566296479969E-4,5.926658488720176E-4,"{""type"":""MultiPoint"",""coordinates"":[]}"
20100426,2010-04-26,0.0010487113694383594,6.825806590818416E-4,3.661293582959649E-4,"{""type"":""MultiPoint"",""coordinates"":[]}"
20100427,2010-04-27,5.766859698319124E-4,3.776128141412954E-4,1.9907270970247746E-4,"{""type"":""MultiPoint"",""coordinates"":[]}"
20100428,2010-04-28,4.943255914086822E-4,3.1359621225040467E-4,1.8072934227902736E-4,"{""type"":""MultiPoint"",""coordinates"":[]}"
20100429,2010-04-29,5.740194665103882E-4,2.930414930256803E-4,2.809781912517886E-4,"{""type"":""MultiPoint"",""coordinates"":[]}"
20100430,2010-04-30,6.953973216372451E-4,3.099200725064579E-4,3.854769298893507E-4,"{""type"":""MultiPoint"",""coordinates"":[]}"
20100501,2010-05-01,5.90304909173256E-4,2.7326222971525645E-4,3.1704199101992135E-4,"{""type"":""MultiPoint"",""coordinates"":[]}"
20100502,2010-05-02,6.672285390352232E-4,2.6278821305367476E-4,4.04440274374885E-4,"{""type"":""MultiPoint"",""coordinates"":[]}"
20100503,2010-05-03,8.415256801981775E-4,2.820155589826517E-4,5.595093435953556E-4,"{""type"":""MultiPoint"",""coordinates"":[]}"
20100504,2010-05-04,7.22247553146487E-4,2.7385048948619037E-4,4.483968442201283E-4,"{""type"":""MultiPoint"",""coordinates"":[]}"
20100505,2010-05-05,7.984100108652982E-4,2.7269042416390823E-4,5.25719474024269E-4,"{""type"":""MultiPoint"",""coordinates"":[]}"
20100506,2010-05-06,9.014860815429029E-4,2.939721987840028E-4,6.075136841023035E-4,"{""type"":""MultiPoint"",""coordinates"":[]}"
20100507,2010-05-07,9.262519957789232E-4,3.288367860158164E-4,5.974152142184511E-4,"{""type"":""MultiPoint"",""coordinates"":[]}"
20100508,2010-05-08,9.950214747138316E-4,3.95674662293435E-4,5.993458079828307E-4,"{""type"":""MultiPoint"",""coordinates"":[]}"
20100509,2010-05-09,0.0011048419442999098,4.986260317297593E-4,6.062158183373248E-4,"{""type"":""MultiPoint"",""coordinates"":[]}"
20100510,2010-05-10,0.001021519133742475,4.8029335405631217E-4,5.412257519496585E-4,"{""type"":""MultiPoint"",""coordinates"":[]}"
20100511,2010-05-11,0.001390762651747166,5.39083781462754E-4,8.51676848861849E-4,"{""type"":""MultiPoint"",""coordinates"":[]}"
20100512,2010-05-12,0.0015361530865532053,6.81743477267963E-4,8.544096776660633E-4,"{""type"":""MultiPoint"",""coordinates"":[]}"
20100513,2010-05-13,0.0013602289172085131,6.796635652045225E-4,6.805646025613366E-4,"{""type"":""MultiPoint"",""coordinates"":[]}"
20100514,2010-05-14,0.0014070045415830587,6.898393999008274E-4,7.171652064086072E-4,"{""type"":""MultiPoint"",""coordinates"":[]}"
20100515,2010-05-15,0.0013106482711783185,6.702317268475677E-4,6.404165281465752E-4,"{""type"":""MultiPoint"",""coordinates"":[]}"
20100516,2010-05-16,0.001198942758604491,6.356557670370045E-4,5.632862378922058E-4,"{""type"":""MultiPoint"",""coordinates"":[]}"
20100517,2010-05-17,9.330964527858498E-4,4.815119747590115E-4,4.515838084917667E-4,"{""type"":""MultiPoint"",""coordinates"":[]}"
20100518,2010-05-18,9.436037639552397E-4,4.4945130524933E-4,4.941517963700878E-4,"{""type"":""MultiPoint"",""coordinates"":[]}"
20100519,2010-05-19,0.0016498975008522952,5.069441179815011E-4,0.001142953461253276,"{""type"":""MultiPoint"",""coordinates"":[]}"
20100520,2010-05-20,0.0025445519989217725,9.274759926888194E-4,0.0016170754315624782,"{""type"":""MultiPoint"",""coordinates"":[]}"
20100521,2010-05-21,0.0020864776857149967,9.048636559289925E-4,0.0011816135731963877,"{""type"":""MultiPoint"",""coordinates"":[]}"
20100522,2010-05-22,0.0010200743539945517,5.827766512718324E-4,4.372973592168198E-4,"{""type"":""MultiPoint"",""coordinates"":[]}"
20100523,2010-05-23,9.589669345456912E-4,4.775402796606008E-4,4.814269068750308E-4,"{""type"":""MultiPoint"",""coordinates"":[]}"
20100524,2010-05-24,0.0015046287277118123,5.804147825685709E-4,9.242131389797677E-4,"{""type"":""MultiPoint"",""coordinates"":[]}"
20100525,2010-05-25,0.0017009062399827091,7.602832965008785E-4,9.406230881487297E-4,"{""type"":""MultiPoint"",""coordinates"":[]}"
20100526,2010-05-26,0.0014472669199758553,7.163056339348099E-4,7.309607775896007E-4,"{""type"":""MultiPoint"",""coordinates"":[]}"
20100527,2010-05-27,0.0012570049156903052,6.363289725854191E-4,6.206755183934453E-4,"{""type"":""MultiPoint"",""coordinates"":[]}"
20100528,2010-05-28,0.0011883112383868498,6.028270341296101E-4,5.854837609712172E-4,"{""type"":""MultiPoint"",""coordinates"":[]}"
20100529,2010-05-29,9.908896018680183E-4,5.213207246623512E-4,4.695682580078151E-4,"{""type"":""MultiPoint"",""coordinates"":[]}"
20100530,2010-05-30,0.001204676791356217,5.376308212204586E-4,6.67045942649998E-4,"{""type"":""MultiPoint"",""coordinates"":[]}"
20100531,2010-05-31,0.0014765381988291458,6.056765666536544E-4,8.7086157755943E-4,"{""type"":""MultiPoint"",""coordinates"":[]}"
20100601,2010-06-01,0.001352381871968303,6.146223497197508E-4,7.377587820686062E-4,"{""type"":""MultiPoint"",""coordinates"":[]}"
20100602,2010-06-02,0.001407005316856086,7.388841039249534E-4,6.681208891242242E-4,"{""type"":""MultiPoint"",""coordinates"":[]}"
20100603,2010-06-03,0.0019993541370847694,0.0010940153542334228,9.053386064562274E-4,"{""type"":""MultiPoint"",""coordinates"":[]}"
20100604,2010-06-04,0.0021641727172329477,0.0011428272064186863,0.00102134560497727,"{""type"":""MultiPoint"",""coordinates"":[]}"
20100605,2010-06-05,0.0021959239773614945,9.99042968591206E-4,0.0011968806346674583,"{""type"":""MultiPoint"",""coordinates"":[]}"
20100606,2010-06-06,0.0022461818805292457,9.432002961015279E-4,0.00130298100717165,"{""type"":""MultiPoint"",""coordinates"":[]}"
20100607,2010-06-07,0.001630504843687592,8.816468559896053E-4,7.488580303978951E-4,"{""type"":""MultiPoint"",""coordinates"":[]}"
20100608,2010-06-08,0.0015761892753299062,8.358659031563212E-4,7.40323228841518E-4,"{""type"":""MultiPoint"",""coordinates"":[]}"
20100609,2010-06-09,0.0015347198517870282,8.847458954106418E-4,6.499734867319567E-4,"{""type"":""MultiPoint"",""coordinates"":[]}"
20100610,2010-06-10,0.0015571541390151469,7.769967556541019E-4,7.801573873178546E-4,"{""type"":""MultiPoint"",""coordinates"":[]}"
20100611,2010-06-11,0.001657734265962218,8.08877535666183E-4,8.48856133335076E-4,"{""type"":""MultiPoint"",""coordinates"":[]}"
20100612,2010-06-12,0.002280698605334653,9.83469999885769E-4,0.0012972271119314235,"{""type"":""MultiPoint"",""coordinates"":[]}"
20100613,2010-06-13,0.002375333305594272,0.0011185808169069077,0.0012567520937006665,"{""type"":""MultiPoint"",""coordinates"":[]}"
20100614,2010-06-14,0.002777642919948819,0.0012483251404683017,0.001529317986858024,"{""type"":""MultiPoint"",""coordinates"":[]}"
20100615,2010-06-15,0.0029758162570530855,0.001283586513401488,0.0016922297362758452,"{""type"":""MultiPoint"",""coordinates"":[]}"
20100616,2010-06-16,0.0026753180513675286,0.00113669273593796,0.0015386254199270919,"{""type"":""MultiPoint"",""coordinates"":[]}"
20100617,2010-06-17,0.0025273546402247785,0.001081241484894499,0.0014461130353585305,"{""type"":""MultiPoint"",""coordinates"":[]}"
20100618,2010-06-18,0.0021152671987323497,0.0010060566161700423,0.0011092106060681527,"{""type"":""MultiPoint"",""coordinates"":[]}"
20100619,2010-06-19,0.002452773061584314,0.0010914355813577833,0.001361337521054231,"{""type"":""MultiPoint"",""coordinates"":[]}"
20100620,2010-06-20,0.0024054847305209222,0.0012123222805251407,0.0011931622057257507,"{""type"":""MultiPoint"",""coordinates"":[]}"
20100621,2010-06-21,0.0026362115650069825,0.0011959280005636192,0.001440283170257567,"{""type"":""MultiPoint"",""coordinates"":[]}"
20100622,2010-06-22,0.002758980501754935,0.0011751698342368539,0.0015838103792634559,"{""type"":""MultiPoint"",""coordinates"":[]}"
20100623,2010-06-23,0.0024699433570570745,0.0011632149962664685,0.0013067278041966732,"{""type"":""MultiPoint"",""coordinates"":[]}"
20100624,2010-06-24,0.0026757313314327937,0.0012833601999954786,0.0013923711216878747,"{""type"":""MultiPoint"",""coordinates"":[]}"
20100625,2010-06-25,0.0028482614392036504,0.0014551236554735307,0.0013931378729820228,"{""type"":""MultiPoint"",""coordinates"":[]}"
20100626,2010-06-26,0.0038763652654252028,0.0016828189790224892,0.0021935460305449552,"{""type"":""MultiPoint"",""coordinates"":[]}"
20100627,2010-06-27,0.0038672765708493454,0.0015524315562539992,0.0023148448428168327,"{""type"":""MultiPoint"",""coordinates"":[]}"
20100628,2010-06-28,0.003192131333046023,0.0015489658327122475,0.001643165402649558,"{""type"":""MultiPoint"",""coordinates"":[]}"
20100629,2010-06-29,0.0028575269907246226,0.0014641566133752962,0.0013933704446165566,"{""type"":""MultiPoint"",""coordinates"":[]}"
20100630,2010-06-30,0.0029448379680226946,0.001469662890338228,0.0014751747780019048,"{""type"":""MultiPoint"",""coordinates"":[]}"
20100701,2010-07-01,0.003119844370484982,0.0016534587495831941,0.0014663852806304659,"{""type"":""MultiPoint"",""coordinates"":[]}"
20100702,2010-07-02,0.003113205167875769,0.0015957052958019552,0.0015175000282433868,"{""type"":""MultiPoint"",""coordinates"":[]}"
20100703,2010-07-03,0.0031119269957869044,0.0016745259390213685,0.0014374008286403494,"{""type"":""MultiPoint"",""coordinates"":[]}"
20100704,2010-07-04,0.0026525223044433274,0.001452171226293308,0.0012003510385986424,"{""type"":""MultiPoint"",""coordinates"":[]}"
20100705,2010-07-05,0.0029580264545043668,0.0014775144005518678,0.0014805121085238184,"{""type"":""MultiPoint"",""coordinates"":[]}"
20100706,2010-07-06,0.0029224520945939905,0.0013975179035163438,0.0015249341094753415,"{""type"":""MultiPoint"",""coordinates"":[]}"
20100707,2010-07-07,0.0026443276345844784,0.0013476903164574437,0.001296637276634621,"{""type"":""MultiPoint"",""coordinates"":[]}"
20100708,2010-07-08,0.0023551421398563077,0.001203216106881232,0.0011519260419786852,"{""type"":""MultiPoint"",""coordinates"":[]}"
20100709,2010-07-09,0.0025634263668296675,0.0012110000098434974,0.0013524263697351753,"{""type"":""MultiPoint"",""coordinates"":[]}"
20100710,2010-07-10,0.00402342414910393,0.0013612347904070406,0.002662189234018561,"{""type"":""MultiPoint"",""coordinates"":[]}"
20100711,2010-07-11,0.004584660794716039,0.0015360922245930043,0.0030485686529043176,"{""type"":""MultiPoint"",""coordinates"":[]}"
20100712,2010-07-12,0.0038676067137101097,0.0016901611851641769,0.0021774453612144026,"{""type"":""MultiPoint"",""coordinates"":[]}"
20100713,2010-07-13,0.002763053078381574,0.0014265115122063107,0.0013365415560339718,"{""type"":""MultiPoint"",""coordinates"":[]}"
20100714,2010-07-14,0.002300110454295931,0.0012307333100490703,0.0010693771977542473,"{""type"":""MultiPoint"",""coordinates"":[]}"
20100715,2010-07-15,0.0025259812382737975,0.001318138698176328,0.001207842356486383,"{""type"":""MultiPoint"",""coordinates"":[]}"
20100716,2010-07-16,0.0028917449116465936,0.0013896867130007901,0.00150205807955706,"{""type"":""MultiPoint"",""coordinates"":[]}"
20100717,2010-07-17,0.003144501235488712,0.0014946678442651995,0.0016498330290245415,"{""type"":""MultiPoint"",""coordinates"":[]}"
20100718,2010-07-18,0.004338996883285356,0.002057842477567347,0.0022811543867913993,"{""type"":""MultiPoint"",""coordinates"":[]}"
20100719,2010-07-19,0.005516429164518895,0.0025649438377018116,0.0029514853496896845,"{""type"":""MultiPoint"",""coordinates"":[]}"
20100720,2010-07-20,0.0051095502680000415,0.002643740840968647,0.0024658092269686776,"{""type"":""MultiPoint"",""coordinates"":[]}"
20100721,2010-07-21,0.0045848771318774545,0.0022190348586799283,0.002365842183839423,"{""type"":""MultiPoint"",""coordinates"":[]}"
20100722,2010-07-22,0.004085499431073173,0.002202517302700787,0.0018829823035069113,"{""type"":""MultiPoint"",""coordinates"":[]}"
20100723,2010-07-23,0.003647039384343696,0.002068475497356641,0.001578563780632076,"{""type"":""MultiPoint"",""coordinates"":[]}"
20100724,2010-07-24,0.005171388109415266,0.002602959092599817,0.0025684290218676545,"{""type"":""MultiPoint"",""coordinates"":[]}"
20100725,2010-07-25,0.005904542826816029,0.002497398484442226,0.0034071443656672543,"{""type"":""MultiPoint"",""coordinates"":[]}"
20100726,2010-07-26,0.004091080412917559,0.002162014140672598,0.0019290660783622942,"{""type"":""MultiPoint"",""coordinates"":[]}"
20100727,2010-07-27,0.003107113611466767,0.0017417657971496338,0.0013653480399176913,"{""type"":""MultiPoint"",""coordinates"":[]}"
20100728,2010-07-28,0.003538654242793812,0.0016662902752174699,0.0018723638641009645,"{""type"":""MultiPoint"",""coordinates"":[]}"
20100729,2010-07-29,0.005063653756473149,0.0020505586341073114,0.00301309522043305,"{""type"":""MultiPoint"",""coordinates"":[]}"
20100730,2010-07-30,0.004449479169130776,0.0022956925578334537,0.0021537866408116346,"{""type"":""MultiPoint"",""coordinates"":[]}"
20100731,2010-07-31,0.0038126322801902693,0.0021518898109054844,0.0016607423014596376,"{""type"":""MultiPoint"",""coordinates"":[]}"
20100801,2010-08-01,0.0034346127788777475,0.0019135664110338324,0.0015210463929525443,"{""type"":""MultiPoint"",""coordinates"":[]}"
20100802,2010-08-02,0.0036120490213953508,0.001903939766357517,0.0017081091243176048,"{""type"":""MultiPoint"",""coordinates"":[]}"
20100803,2010-08-03,0.00387355828157474,0.0020268117488307915,0.0018467465179314814,"{""type"":""MultiPoint"",""coordinates"":[]}"
20100804,2010-08-04,0.0038402174695123035,0.0018318612920041034,0.0020083562539044077,"{""type"":""MultiPoint"",""coordinates"":[]}"
20100805,2010-08-05,0.0040182774839325,0.001779292034589578,0.002238985149866356,"{""type"":""MultiPoint"",""coordinates"":[]}"
20100806,2010-08-06,0.004283426152254092,0.0021437784549024085,0.0021396478516387232,"{""type"":""MultiPoint"",""coordinates"":[]}"
20100807,2010-08-07,0.002760356339648975,0.0016789958631208924,0.0010813604212379692,"{""type"":""MultiPoint"",""coordinates"":[]}"
20100808,2010-08-08,0.0025020052747694262,0.0015175252905235924,9.844802512065539E-4,"{""type"":""MultiPoint"",""coordinates"":[]}"
20100809,2010-08-09,0.0020371925931999975,0.0013640070398232014,6.731855890372435E-4,"{""type"":""MultiPoint"",""coordinates"":[]}"
20100810,2010-08-10,0.002197361320793097,0.001366552206840185,8.308091631731005E-4,"{""type"":""MultiPoint"",""coordinates"":[]}"
20100811,2010-08-11,0.002271353110832811,0.0013532282905302263,9.181247304670895E-4,"{""type"":""MultiPoint"",""coordinates"":[]}"
20100812,2010-08-12,0.002827309796445584,0.001513151599378105,0.001314158249481928,"{""type"":""MultiPoint"",""coordinates"":[]}"
20100813,2010-08-13,0.0029076840178219655,0.00151942010609433,0.00138826377379095,"{""type"":""MultiPoint"",""coordinates"":[]}"
20100814,2010-08-14,0.002626772622938719,0.001479024092973994,0.0011477485120464951,"{""type"":""MultiPoint"",""coordinates"":[]}"
20100815,2010-08-15,0.0031243230699237717,0.00169608732145686,0.0014282357054105567,"{""type"":""MultiPoint"",""coordinates"":[]}"
20100816,2010-08-16,0.0031944788228033118,0.0018745675152353767,0.0013199112757974344,"{""type"":""MultiPoint"",""coordinates"":[]}"
20100817,2010-08-17,0.003590974284312827,0.0020807000063366153,0.001510274352328134,"{""type"":""MultiPoint"",""coordinates"":[]}"
20100818,2010-08-18,0.004654128591178344,0.002335517495171671,0.0023186109722477316,"{""type"":""MultiPoint"",""coordinates"":[]}"
20100819,2010-08-19,0.004531930802411001,0.002451161702163593,0.0020807689872605483,"{""type"":""MultiPoint"",""coordinates"":[]}"
20100820,2010-08-20,0.004238820588824642,0.002264577166860091,0.001974243568137869,"{""type"":""MultiPoint"",""coordinates"":[]}"
20100821,2010-08-21,0.004428969291806656,0.0023434416135979645,0.0020855273772773337,"{""type"":""MultiPoint"",""coordinates"":[]}"
20100822,2010-08-22,0.0046859864135558454,0.0024009206338532836,0.0022850656514376384,"{""type"":""MultiPoint"",""coordinates"":[]}"
20100823,2010-08-23,0.004495074932309346,0.0022618538508439624,0.002233220702861486,"{""type"":""MultiPoint"",""coordinates"":[]}"
20100824,2010-08-24,0.0044358270935367745,0.002204791827681268,0.002231035257810128,"{""type"":""MultiPoint"",""coordinates"":[]}"
20100825,2010-08-25,0.00398438613397396,0.0022583286728824524,0.0017260574246478586,"{""type"":""MultiPoint"",""coordinates"":[]}"
20100826,2010-08-26,0.003265991804224784,0.002190384859747278,0.0010756072173872043,"{""type"":""MultiPoint"",""coordinates"":[]}"
20100827,2010-08-27,0.0033679273103922624,0.002220468428206514,0.0011474588217485378,"{""type"":""MultiPoint"",""coordinates"":[]}"
20100828,2010-08-28,0.003306613829057712,0.002214995158575448,0.0010916186195752218,"{""type"":""MultiPoint"",""coordinates"":[]}"
20100829,2010-08-29,0.0036875454389188166,0.002319561591994034,0.0013679835100463384,"{""type"":""MultiPoint"",""coordinates"":[]}"
20100830,2010-08-30,0.005384342875590106,0.002949738473926772,0.002434603841929717,"{""type"":""MultiPoint"",""coordinates"":[]}"
20100831,2010-08-31,0.003795126122593017,0.0026109773397851492,0.001184148737481558,"{""type"":""MultiPoint"",""coordinates"":[]}"
20100901,2010-09-01,0.0029788476326386083,0.0021456658333220027,8.331817278177289E-4,"{""type"":""MultiPoint"",""coordinates"":[]}"
20100902,2010-09-02,0.0030070749742995813,0.001994203073605356,0.0010128719333162652,"{""type"":""MultiPoint"",""coordinates"":[]}"
20100903,2010-09-03,0.003766452959308569,0.0021305488487339207,0.001635904194448877,"{""type"":""MultiPoint"",""coordinates"":[]}"
20100904,2010-09-04,0.00476452389891496,0.0024007627281997746,0.002363761103137722,"{""type"":""MultiPoint"",""coordinates"":[]}"
20100905,2010-09-05,0.0037896948924707016,0.002304333910990604,0.0014853608390757763,"{""type"":""MultiPoint"",""coordinates"":[]}"
20100906,2010-09-06,0.003621793770946372,0.002185079529243505,0.0014367143426024852,"{""type"":""MultiPoint"",""coordinates"":[]}"
20100907,2010-09-07,0.004752279082516377,0.0025628440899242155,0.002189434868012658,"{""type"":""MultiPoint"",""coordinates"":[]}"
20100908,2010-09-08,0.004380549730420562,0.002836310777839968,0.0015442389221296793,"{""type"":""MultiPoint"",""coordinates"":[]}"
20100909,2010-09-09,0.0037692862400042133,0.0025363190698831084,0.0012329672759283819,"{""type"":""MultiPoint"",""coordinates"":[]}"
20100910,2010-09-10,0.0033383965463683438,0.002145796727280756,0.0011925997097733596,"{""type"":""MultiPoint"",""coordinates"":[]}"
20100911,2010-09-11,0.0032075112326556696,0.0020418610772634446,0.0011656499792055638,"{""type"":""MultiPoint"",""coordinates"":[]}"
20100912,2010-09-12,0.0031943559871345957,0.0020604768982885645,0.0011338791281619044,"{""type"":""MultiPoint"",""coordinates"":[]}"
20100913,2010-09-13,0.003120768079464172,0.002093094516921286,0.00102767364747416,"{""type"":""MultiPoint"",""coordinates"":[]}"
20100914,2010-09-14,0.0030841022565726863,0.0021280109421912413,9.560912355928603E-4,"{""type"":""MultiPoint"",""coordinates"":[]}"
20100915,2010-09-15,0.0032482300278916633,0.002260336433241243,9.878934473556466E-4,"{""type"":""MultiPoint"",""coordinates"":[]}"
20100916,2010-09-16,0.0035726065851918714,0.002387523509011738,0.0011850830929862454,"{""type"":""MultiPoint"",""coordinates"":[]}"
20100917,2010-09-17,0.004018496169238875,0.0024363595069879004,0.0015821362777516867,"{""type"":""MultiPoint"",""coordinates"":[]}"
20100918,2010-09-18,0.0042713638756035,0.002659524303055689,0.001611839689191082,"{""type"":""MultiPoint"",""coordinates"":[]}"
20100919,2010-09-19,0.004030426906332177,0.0026723295070709757,0.001358097353241171,"{""type"":""MultiPoint"",""coordinates"":[]}"
20100920,2010-09-20,0.0030512616847488748,0.0023331085538488166,7.181531753885972E-4,"{""type"":""MultiPoint"",""coordinates"":[]}"
20100921,2010-09-21,0.0027492367082118654,0.002145610177736441,6.036265036661749E-4,"{""type"":""MultiPoint"",""coordinates"":[]}"
20100922,2010-09-22,0.002613265149920849,0.0020515654549862023,5.61699698410622E-4,"{""type"":""MultiPoint"",""coordinates"":[]}"
20100923,2010-09-23,0.0023966871640131323,0.0019483235070539805,4.483637520853077E-4,"{""type"":""MultiPoint"",""coordinates"":[]}"
20100924,2010-09-24,0.0024933665913109116,0.001949915164135196,5.434513001266436E-4,"{""type"":""MultiPoint"",""coordinates"":[]}"
20100925,2010-09-25,0.0023591993217422645,0.001903485965425815,4.557132042954294E-4,"{""type"":""MultiPoint"",""coordinates"":[]}"
20100926,2010-09-26,0.0024005014064777713,0.0018770382438203087,5.234631373403729E-4,"{""type"":""MultiPoint"",""coordinates"":[]}"
20100927,2010-09-27,0.002333987304471441,0.0018302981553005794,5.036885956315553E-4,"{""type"":""MultiPoint"",""coordinates"":[]}"
20100928,2010-09-28,0.0021037204781343285,0.001732043556868898,3.716770673797504E-4,"{""type"":""MultiPoint"",""coordinates"":[]}"
20100929,2010-09-29,0.0019426008932241332,0.0016447138838793507,2.978863162217587E-4,"{""type"":""MultiPoint"",""coordinates"":[]}"
20100930,2010-09-30,0.0017563752671602212,0.001568227512999254,1.8814731162716654E-4,"{""type"":""MultiPoint"",""coordinates"":[]}"
20101001,2010-10-01,0.0017182831206714487,0.001517201902641991,2.0108047533127593E-4,"{""type"":""MultiPoint"",""coordinates"":[]}"
20101002,2010-10-02,0.0019233084755870178,0.0016091690292273305,3.141394296509209E-4,"{""type"":""MultiPoint"",""coordinates"":[]}"
20101003,2010-10-03,0.0016210030380643615,0.0014154878314411906,2.0551527456199732E-4,"{""type"":""MultiPoint"",""coordinates"":[]}"
20101004,2010-10-04,0.0015557583841075049,0.0013408534115148128,2.1490391328930688E-4,"{""type"":""MultiPoint"",""coordinates"":[]}"
20101005,2010-10-05,0.0016930012942434867,0.0013184971804448492,3.74504312687787E-4,"{""type"":""MultiPoint"",""coordinates"":[]}"
20101006,2010-10-06,0.001985079001712538,0.0014623966342619252,5.226823946954667E-4,"{""type"":""MultiPoint"",""coordinates"":[]}"
20101007,2010-10-07,0.002814338825626119,0.0018379362304249858,9.764021104635007E-4,"{""type"":""MultiPoint"",""coordinates"":[]}"
20101008,2010-10-08,0.004141093355113105,0.002404667941588894,0.0017364250503906135,"{""type"":""MultiPoint"",""coordinates"":[]}"
20101009,2010-10-09,0.0025844271462737477,0.0019455312587760864,6.388958027527203E-4,"{""type"":""MultiPoint"",""coordinates"":[]}"
20101010,2010-10-10,0.0019759686867128223,0.0016715085757865048,3.0446028312372037E-4,"{""type"":""MultiPoint"",""coordinates"":[]}"
20101011,2010-10-11,0.0017553237494886285,0.0015652498413558113,1.9007400737556694E-4,"{""type"":""MultiPoint"",""coordinates"":[]}"
20101012,2010-10-12,0.0015545206549499996,0.0014263941948703459,1.2812598239180894E-4,"{""type"":""MultiPoint"",""coordinates"":[]}"
20101013,2010-10-13,0.001515299909178618,0.0013555866075567935,1.5971368870867217E-4,"{""type"":""MultiPoint"",""coordinates"":[]}"
20101014,2010-10-14,0.001576719697370942,0.0013286042424207022,2.481135441698546E-4,"{""type"":""MultiPoint"",""coordinates"":[]}"
20101015,2010-10-15,0.0017039012348343719,0.0012992988203412601,4.046018265446125E-4,"{""type"":""MultiPoint"",""coordinates"":[]}"
20101016,2010-10-16,0.0014557075519877757,0.0012041578179480357,2.5154897839343147E-4,"{""type"":""MultiPoint"",""coordinates"":[]}"
20101017,2010-10-17,0.0015589632843932574,0.0012008501947305742,3.5811304502075196E-4,"{""type"":""MultiPoint"",""coordinates"":[]}"
20101018,2010-10-18,0.001450612914343752,0.001195133111170769,2.554795757228338E-4,"{""type"":""MultiPoint"",""coordinates"":[]}"
20101019,2010-10-19,0.0013415082889198897,0.0011678994906213797,1.7360888590633438E-4,"{""type"":""MultiPoint"",""coordinates"":[]}"
20101020,2010-10-20,0.00149575250486361,0.0012272550439362195,2.6849752604266264E-4,"{""type"":""MultiPoint"",""coordinates"":[]}"
20101021,2010-10-21,0.0015745454171270973,0.0012331770659011311,3.4136789519683433E-4,"{""type"":""MultiPoint"",""coordinates"":[]}"
20101022,2010-10-22,0.001818055356868746,0.0012494898880846745,5.685652665949613E-4,"{""type"":""MultiPoint"",""coordinates"":[]}"
20101023,2010-10-23,0.002010997661098275,0.0014747162140592701,5.362807873330253E-4,"{""type"":""MultiPoint"",""coordinates"":[]}"
20101024,2010-10-24,0.001306640640196507,0.0011330137974703627,1.7362681566861178E-4,"{""type"":""MultiPoint"",""coordinates"":[]}"
20101025,2010-10-25,0.0011210186987568645,0.0010539748590540894,6.704319614655572E-5,"{""type"":""MultiPoint"",""coordinates"":[]}"
20101026,2010-10-26,0.0010723006016437472,0.001009946770558745,6.235309135491737E-5,"{""type"":""MultiPoint"",""coordinates"":[]}"
20101027,2010-10-27,0.0011717899824254061,0.0010069943652221325,1.6479317319861237E-4,"{""type"":""MultiPoint"",""coordinates"":[]}"
20101028,2010-10-28,0.0010998751023539501,9.884940959784983E-4,1.1138098642129435E-4,"{""type"":""MultiPoint"",""coordinates"":[]}"
20101029,2010-10-29,0.0010066011457754037,9.27665103016765E-4,7.893420615072427E-5,"{""type"":""MultiPoint"",""coordinates"":[]}"
20101030,2010-10-30,0.001142471100661931,9.338425340248528E-4,2.0862847150158212E-4,"{""type"":""MultiPoint"",""coordinates"":[]}"
20101031,2010-10-31,0.001322011186166061,9.402624362405341E-4,3.817490955071771E-4,"{""type"":""MultiPoint"",""coordinates"":[]}"
20101101,2010-11-01,0.0013157306750785198,9.287489476432584E-4,3.8698088062599686E-4,"{""type"":""MultiPoint"",""coordinates"":[]}"
20101102,2010-11-02,0.0010491306943466617,8.687638609090989E-4,1.8036519989783191E-4,"{""type"":""MultiPoint"",""coordinates"":[]}"
20101103,2010-11-03,9.310872362431366E-4,8.31308114630132E-4,9.977807788808008E-5,"{""type"":""MultiPoint"",""coordinates"":[]}"
20101104,2010-11-04,9.357051097991448E-4,8.170571356079941E-4,1.1864695017947452E-4,"{""type"":""MultiPoint"",""coordinates"":[]}"
20101105,2010-11-05,9.770555050283073E-4,8.211688346192989E-4,1.5588418436816617E-4,"{""type"":""MultiPoint"",""coordinates"":[]}"
20101106,2010-11-06,8.747038387852496E-4,7.883015195826168E-4,8.640254681748636E-5,"{""type"":""MultiPoint"",""coordinates"":[]}"
20101107,2010-11-07,0.0010816989368090712,8.192874310306232E-4,2.6241190641766005E-4,"{""type"":""MultiPoint"",""coordinates"":[]}"
20101108,2010-11-08,8.685871662433059E-4,7.834435287875863E-4,8.514299846497147E-5,"{""type"":""MultiPoint"",""coordinates"":[]}"
20101109,2010-11-09,8.437618085041498E-4,7.441095359422953E-4,9.965221703279723E-5,"{""type"":""MultiPoint"",""coordinates"":[]}"
20101110,2010-11-10,9.86686030447421E-4,7.73532908510584E-4,2.1315327023064726E-4,"{""type"":""MultiPoint"",""coordinates"":[]}"
20101111,2010-11-11,0.0010065383285575874,7.841765020275654E-4,2.2236177423799709E-4,"{""type"":""MultiPoint"",""coordinates"":[]}"
20101112,2010-11-12,7.591660334060607E-4,7.017352692240128E-4,5.743091974541361E-5,"{""type"":""MultiPoint"",""coordinates"":[]}"
20101113,2010-11-13,7.641995769597021E-4,6.822027360598066E-4,8.199682641093383E-5,"{""type"":""MultiPoint"",""coordinates"":[]}"
20101114,2010-11-14,7.418624775082007E-4,6.654396957673609E-4,7.642222369653404E-5,"{""type"":""MultiPoint"",""coordinates"":[]}"
20101115,2010-11-15,7.775158993525719E-4,6.666053335340215E-4,1.1091035716914365E-4,"{""type"":""MultiPoint"",""coordinates"":[]}"
20101116,2010-11-16,8.767204683409981E-4,6.762164768078881E-4,2.0050402152432668E-4,"{""type"":""MultiPoint"",""coordinates"":[]}"
20101117,2010-11-17,8.699437542157972E-4,6.752581694957514E-4,1.946855637545621E-4,"{""type"":""MultiPoint"",""coordinates"":[]}"
20101118,2010-11-18,7.247385990631897E-4,6.311960408100931E-4,9.35422974183526E-5,"{""type"":""MultiPoint"",""coordinates"":[]}"
20101119,2010-11-19,7.958233946563467E-4,6.277733693918016E-4,1.6804959742816822E-4,"{""type"":""MultiPoint"",""coordinates"":[]}"
20101120,2010-11-20,8.779094565494446E-4,6.541342207140139E-4,2.2377438625669415E-4,"{""type"":""MultiPoint"",""coordinates"":[]}"
20101121,2010-11-21,8.125587299486086E-4,6.766483383171704E-4,1.3590920500513405E-4,"{""type"":""MultiPoint"",""coordinates"":[]}"
20101122,2010-11-22,7.606077546280552E-4,6.307575683867681E-4,1.298501257780191E-4,"{""type"":""MultiPoint"",""coordinates"":[]}"
20101123,2010-11-23,7.344642068234874E-4,6.383696036968368E-4,9.60944813928221E-5,"{""type"":""MultiPoint"",""coordinates"":[]}"
20101124,2010-11-24,6.730897295360745E-4,5.990089666577257E-4,7.408086174891953E-5,"{""type"":""MultiPoint"",""coordinates"":[]}"
20101125,2010-11-25,7.54020065571102E-4,6.379245729622191E-4,1.1609599378733155E-4,"{""type"":""MultiPoint"",""coordinates"":[]}"
20101126,2010-11-26,7.95819376616993E-4,6.398964331580369E-4,1.5592284227762394E-4,"{""type"":""MultiPoint"",""coordinates"":[]}"
20101127,2010-11-27,8.092907809313907E-4,6.19797571870835E-4,1.8949320054613923E-4,"{""type"":""MultiPoint"",""coordinates"":[]}"
20101128,2010-11-28,6.633688959245755E-4,5.703592242057581E-4,9.300905689764457E-5,"{""type"":""MultiPoint"",""coordinates"":[]}"
20101129,2010-11-29,6.095377101634047E-4,5.396150440833407E-4,6.992249698743897E-5,"{""type"":""MultiPoint"",""coordinates"":[]}"
20101130,2010-11-30,6.990228698224827E-4,5.490292944041402E-4,1.4999210212249638E-4,"{""type"":""MultiPoint"",""coordinates"":[]}"
20101201,2010-12-01,0.0010544676454613232,6.442907721488184E-4,4.1017443276611696E-4,"{""type"":""MultiPoint"",""coordinates"":[]}"
20101202,2010-12-02,7.09785147253459E-4,5.936824267942785E-4,1.1610126347042289E-4,"{""type"":""MultiPoint"",""coordinates"":[]}"
20101203,2010-12-03,8.089971622997812E-4,6.313908530484431E-4,1.7760551703699346E-4,"{""type"":""MultiPoint"",""coordinates"":[]}"
20101204,2010-12-04,6.547122539077696E-4,5.670586266076942E-4,8.76519332690513E-5,"{""type"":""MultiPoint"",""coordinates"":[]}"
20101205,2010-12-05,6.809568514142937E-4,5.397523027961958E-4,1.4120445820835288E-4,"{""type"":""MultiPoint"",""coordinates"":[]}"
20101206,2010-12-06,6.167057021775807E-4,5.17380434926476E-4,9.932591557978349E-5,"{""type"":""MultiPoint"",""coordinates"":[]}"
20101207,2010-12-07,7.95477118663584E-4,5.568963712770975E-4,2.3858121719267058E-4,"{""type"":""MultiPoint"",""coordinates"":[]}"
20101208,2010-12-08,6.771295316218039E-4,5.075808648875281E-4,1.6954777835737447E-4,"{""type"":""MultiPoint"",""coordinates"":[]}"
20101209,2010-12-09,5.980257973810903E-4,4.903269757676519E-4,1.0769812248637091E-4,"{""type"":""MultiPoint"",""coordinates"":[]}"
20101210,2010-12-10,5.438797378740999E-4,4.669684242766626E-4,7.691060300112911E-5,"{""type"":""MultiPoint"",""coordinates"":[]}"
20101211,2010-12-11,5.851848135079232E-4,4.679368039118778E-4,1.1724801403467246E-4,"{""type"":""MultiPoint"",""coordinates"":[]}"
20101212,2010-12-12,4.6644724705461834E-4,4.385101345811751E-4,2.7935746163363877E-5,"{""type"":""MultiPoint"",""coordinates"":[]}"
20101213,2010-12-13,4.38170192609398E-4,4.2642311916208265E-4,1.1746107097970409E-5,"{""type"":""MultiPoint"",""coordinates"":[]}"
20101214,2010-12-14,4.3182261569697604E-4,4.159389362361464E-4,1.5882884095983523E-5,"{""type"":""MultiPoint"",""coordinates"":[]}"
20101215,2010-12-15,4.1882711138273684E-4,4.0605214998859013E-4,1.277553387185718E-5,"{""type"":""MultiPoint"",""coordinates"":[]}"
20101216,2010-12-16,4.216960555983006E-4,4.0025816759845304E-4,2.143658790486399E-5,"{""type"":""MultiPoint"",""coordinates"":[]}"
20101217,2010-12-17,3.9852115181298096E-4,3.881799892488789E-4,1.0341057886638467E-5,"{""type"":""MultiPoint"",""coordinates"":[]}"
20101218,2010-12-18,3.911213733332553E-4,3.7977923570403155E-4,1.1342289507663713E-5,"{""type"":""MultiPoint"",""coordinates"":[]}"
20101219,2010-12-19,3.8521984168268325E-4,3.717886301573305E-4,1.3429923115935623E-5,"{""type"":""MultiPoint"",""coordinates"":[]}"
20101220,2010-12-20,3.8636932159810325E-4,3.662554364596176E-4,2.011383443056097E-5,"{""type"":""MultiPoint"",""coordinates"":[]}"
20101221,2010-12-21,3.781842463602311E-4,3.601102355245902E-4,1.807402120849858E-5,"{""type"":""MultiPoint"",""coordinates"":[]}"
20101222,2010-12-22,3.961619323782785E-4,3.6447034257960166E-4,3.1691671402948366E-5,"{""type"":""MultiPoint"",""coordinates"":[]}"
20101223,2010-12-23,5.665459827179543E-4,4.007673837302249E-4,1.6577681972257272E-4,"{""type"":""MultiPoint"",""coordinates"":[]}"
20101224,2010-12-24,6.345454332638226E-4,4.0371086349124893E-4,2.3083220201072633E-4,"{""type"":""MultiPoint"",""coordinates"":[]}"
20101225,2010-12-25,5.144504559879095E-4,4.140617908210857E-4,1.003886676358962E-4,"{""type"":""MultiPoint"",""coordinates"":[]}"
20101226,2010-12-26,3.8529770370153394E-4,3.657492839635044E-4,1.9546382374659475E-5,"{""type"":""MultiPoint"",""coordinates"":[]}"
20101227,2010-12-27,3.758285219851428E-4,3.561988285753132E-4,1.9629682723790165E-5,"{""type"":""MultiPoint"",""coordinates"":[]}"
20101228,2010-12-28,4.5765282437326156E-4,3.7261471985236354E-4,8.503725420861857E-5,"{""type"":""MultiPoint"",""coordinates"":[]}"
20101229,2010-12-29,3.677991572399809E-4,3.4701154103150463E-4,2.0786237883915593E-5,"{""type"":""MultiPoint"",""coordinates"":[]}"
20101230,2010-12-30,3.9766997676728757E-4,3.4335382583829333E-4,5.4316522259403163E-5,"{""type"":""MultiPoint"",""coordinates"":[]}"
20101231,2010-12-31,4.4633855061295866E-4,3.7067237485117257E-4,7.56654341250781E-5,"{""type"":""MultiPoint"",""coordinates"":[]}"
20110101,2011-01-01,4.6061739374541753E-4,3.6134439301191114E-4,9.927209281002757E-5,"{""type"":""MultiPoint"",""coordinates"":[]}"
20110102,2011-01-02,4.0724534674435917E-4,3.5887076863269196E-4,4.83731649083849E-5,"{""type"":""MultiPoint"",""coordinates"":[]}"
20110103,2011-01-03,3.7715955462281264E-4,3.4479256155489385E-4,3.236520537930182E-5,"{""type"":""MultiPoint"",""coordinates"":[]}"
20110104,2011-01-04,4.085200600323948E-4,3.508235319817861E-4,5.7694937736853466E-5,"{""type"":""MultiPoint"",""coordinates"":[]}"
20110105,2011-01-05,4.039961761984237E-4,3.4967574627143514E-4,5.431941951487695E-5,"{""type"":""MultiPoint"",""coordinates"":[]}"
20110106,2011-01-06,3.96974350524964E-4,3.424683894600198E-4,5.450422680455807E-5,"{""type"":""MultiPoint"",""coordinates"":[]}"
20110107,2011-01-07,4.650235315579656E-4,3.585334374872643E-4,1.0649081349165681E-4,"{""type"":""MultiPoint"",""coordinates"":[]}"
20110108,2011-01-08,7.542100932371557E-4,3.7638046513058904E-4,3.7782878479687595E-4,"{""type"":""MultiPoint"",""coordinates"":[]}"
20110109,2011-01-09,7.448505147191159E-4,5.018144663163623E-4,2.4303458675560023E-4,"{""type"":""MultiPoint"",""coordinates"":[]}"
20110110,2011-01-10,4.0450170876559925E-4,3.671467538170159E-4,3.735557824385655E-5,"{""type"":""MultiPoint"",""coordinates"":[]}"
20110111,2011-01-11,3.4969550544434465E-4,3.3294514696108676E-4,1.674867030730858E-5,"{""type"":""MultiPoint"",""coordinates"":[]}"
20110112,2011-01-12,3.799281310006302E-4,3.2435249731277026E-4,5.5575592805093725E-5,"{""type"":""MultiPoint"",""coordinates"":[]}"
20110113,2011-01-13,6.461838529699785E-4,4.123605733722061E-4,2.3382173560542919E-4,"{""type"":""MultiPoint"",""coordinates"":[]}"
20110114,2011-01-14,3.624977240879651E-4,3.295195809161811E-4,3.297669690397333E-5,"{""type"":""MultiPoint"",""coordinates"":[]}"
20110115,2011-01-15,3.4162151707352735E-4,3.101921702381841E-4,3.142576698260807E-5,"{""type"":""MultiPoint"",""coordinates"":[]}"
20110116,2011-01-16,3.801226792247277E-4,3.0218818310133244E-4,7.793241199317665E-5,"{""type"":""MultiPoint"",""coordinates"":[]}"
20110117,2011-01-17,3.1583863156082873E-4,2.868114444806822E-4,2.9025543520562688E-5,"{""type"":""MultiPoint"",""coordinates"":[]}"
20110118,2011-01-18,3.037028774960641E-4,2.774136332090784E-4,2.6288475320369117E-5,"{""type"":""MultiPoint"",""coordinates"":[]}"
20110119,2011-01-19,2.945146642201853E-4,2.6998425677015713E-4,2.4530880442603817E-5,"{""type"":""MultiPoint"",""coordinates"":[]}"
20110120,2011-01-20,2.7823181079231224E-4,2.607305327745332E-4,1.7500384531146974E-5,"{""type"":""MultiPoint"",""coordinates"":[]}"
20110121,2011-01-21,2.70512174962743E-4,2.5345344330789544E-4,1.7056099786808957E-5,"{""type"":""MultiPoint"",""coordinates"":[]}"
20110122,2011-01-22,2.645092591153008E-4,2.468817769900317E-4,1.7627344814946526E-5,"{""type"":""MultiPoint"",""coordinates"":[]}"
20110123,2011-01-23,2.632412469863483E-4,2.4127141902833662E-4,2.196892532420819E-5,"{""type"":""MultiPoint"",""coordinates"":[]}"
20110124,2011-01-24,2.59195210116977E-4,2.3615356811174616E-4,2.304162796563826E-5,"{""type"":""MultiPoint"",""coordinates"":[]}"
20110125,2011-01-25,2.557966184096938E-4,2.3175475583027096E-4,2.404004160503423E-5,"{""type"":""MultiPoint"",""coordinates"":[]}"
20110126,2011-01-26,2.625469603166352E-4,2.2811221394490944E-4,3.443391320873298E-5,"{""type"":""MultiPoint"",""coordinates"":[]}"
20110127,2011-01-27,2.749976971990626E-4,2.2863335083778656E-4,4.63623586015821E-5,"{""type"":""MultiPoint"",""coordinates"":[]}"
20110128,2011-01-28,2.533607577271309E-4,2.2427071763450024E-4,2.9088464215230546E-5,"{""type"":""MultiPoint"",""coordinates"":[]}"
20110129,2011-01-29,2.3953394644675538E-4,2.184766266489309E-4,2.1055833298193605E-5,"{""type"":""MultiPoint"",""coordinates"":[]}"
20110130,2011-01-30,2.446594323254462E-4,2.1523410096604593E-4,2.9424710462893453E-5,"{""type"":""MultiPoint"",""coordinates"":[]}"
20110131,2011-01-31,2.605649847172907E-4,2.168194833784149E-4,4.374468564867605E-5,"{""type"":""MultiPoint"",""coordinates"":[]}"
20110201,2011-02-01,3.502761222687624E-4,2.479945215794509E-4,1.0228165648730155E-4,"{""type"":""MultiPoint"",""coordinates"":[]}"
20110202,2011-02-02,3.77696602451815E-4,2.553898083738436E-4,1.2230495865591976E-4,"{""type"":""MultiPoint"",""coordinates"":[]}"
20110203,2011-02-03,7.511314107105719E-4,3.646400847556782E-4,3.8649042732755666E-4,"{""type"":""MultiPoint"",""coordinates"":[]}"
20110204,2011-02-04,5.897467090657812E-4,3.548649955182876E-4,2.3487771614372574E-4,"{""type"":""MultiPoint"",""coordinates"":[]}"
20110205,2011-02-05,4.182532595071836E-4,3.4655143896831895E-4,7.170015981426154E-5,"{""type"":""MultiPoint"",""coordinates"":[]}"
20110206,2011-02-06,3.847374347178118E-4,2.875661197876323E-4,9.717127647469476E-5,"{""type"":""MultiPoint"",""coordinates"":[]}"
20110207,2011-02-07,4.0785892500991766E-4,2.9271786967017963E-4,1.151408689552473E-4,"{""type"":""MultiPoint"",""coordinates"":[]}"
20110208,2011-02-08,2.956050880098843E-4,2.484133545390742E-4,4.718998234482004E-5,"{""type"":""MultiPoint"",""coordinates"":[]}"
20110209,2011-02-09,2.971381150455783E-4,2.373998733491542E-4,5.9737703337342415E-5,"{""type"":""MultiPoint"",""coordinates"":[]}"
20110210,2011-02-10,2.680345345461743E-4,2.3164725358349356E-4,3.638674478308925E-5,"{""type"":""MultiPoint"",""coordinates"":[]}"
20110211,2011-02-11,2.516499987457749E-4,2.2127777544885194E-4,3.03711648662193E-5,"{""type"":""MultiPoint"",""coordinates"":[]}"
20110212,2011-02-12,2.5828346632400946E-4,2.1552786094935087E-4,4.275150608797261E-5,"{""type"":""MultiPoint"",""coordinates"":[]}"
20110213,2011-02-13,3.089056887336701E-4,2.242182991371821E-4,8.468735602408399E-5,"{""type"":""MultiPoint"",""coordinates"":[]}"
20110214,2011-02-14,2.7561913273469135E-4,2.1056558577320936E-4,6.505347361055997E-5,"{""type"":""MultiPoint"",""coordinates"":[]}"
20110215,2011-02-15,2.980851408675976E-4,2.0451162514033755E-4,9.357288895699594E-5,"{""type"":""MultiPoint"",""coordinates"":[]}"
20110216,2011-02-16,3.8116344665699054E-4,2.0505033817386884E-4,1.7611233317862854E-4,"{""type"":""MultiPoint"",""coordinates"":[]}"
20110217,2011-02-17,3.708918332855037E-4,2.0824601071420254E-4,1.6264558794107592E-4,"{""type"":""MultiPoint"",""coordinates"":[]}"
20110218,2011-02-18,2.8150126064276147E-4,2.0038532122359628E-4,8.111496569800207E-5,"{""type"":""MultiPoint"",""coordinates"":[]}"
20110219,2011-02-19,2.4016584188297832E-4,1.9569161319137374E-4,4.4474015218115316E-5,"{""type"":""MultiPoint"",""coordinates"":[]}"
20110220,2011-02-20,2.2375702722873198E-4,1.908872928682802E-4,3.286965051621754E-5,"{""type"":""MultiPoint"",""coordinates"":[]}"
20110221,2011-02-21,2.614344218923101E-4,1.8658532497945298E-4,7.484905563136157E-5,"{""type"":""MultiPoint"",""coordinates"":[]}"
20110222,2011-02-22,2.0783809930879652E-4,1.821968914839852E-4,2.563955971253723E-5,"{""type"":""MultiPoint"",""coordinates"":[]}"
20110223,2011-02-23,2.0770720285589824E-4,1.7878801158825042E-4,2.8918013010722636E-5,"{""type"":""MultiPoint"",""coordinates"":[]}"
20110224,2011-02-24,2.0273049616200976E-4,1.765791531229399E-4,2.6151291879809494E-5,"{""type"":""MultiPoint"",""coordinates"":[]}"
20110225,2011-02-25,2.039339686753205E-4,1.7239839964602088E-4,3.1535728169920244E-5,"{""type"":""MultiPoint"",""coordinates"":[]}"
20110226,2011-02-26,2.091586477494516E-4,1.6941593266606953E-4,3.9741863853681606E-5,"{""type"":""MultiPoint"",""coordinates"":[]}"
20110227,2011-02-27,1.925326899866424E-4,1.6533008664261725E-4,2.720245182596543E-5,"{""type"":""MultiPoint"",""coordinates"":[]}"
20110228,2011-02-28,1.8914826782222228E-4,1.6280712216405811E-4,2.634003145896949E-5,"{""type"":""MultiPoint"",""coordinates"":[]}"
20110301,2011-03-01,1.8988885903086837E-4,1.6148163482375172E-4,2.8405911141390485E-5,"{""type"":""MultiPoint"",""coordinates"":[]}"
20110302,2011-03-02,2.1515652885819336E-4,1.6648078624444479E-4,4.867435992184994E-5,"{""type"":""MultiPoint"",""coordinates"":[]}"
20110303,2011-03-03,2.578969128769107E-4,1.7407347998426E-4,8.382211740701704E-5,"{""type"":""MultiPoint"",""coordinates"":[]}"
20110304,2011-03-04,2.6015307300688255E-4,1.7518499724799444E-4,8.496698422235712E-5,"{""type"":""MultiPoint"",""coordinates"":[]}"
20110305,2011-03-05,2.5945114687252744E-4,1.631228341880108E-4,9.632796585063047E-5,"{""type"":""MultiPoint"",""coordinates"":[]}"
20110306,2011-03-06,2.1591981407212635E-4,1.6112349318349588E-4,5.479544109841842E-5,"{""type"":""MultiPoint"",""coordinates"":[]}"
20110307,2011-03-07,2.1689671210672258E-4,1.5947154551799696E-4,5.742438466808274E-5,"{""type"":""MultiPoint"",""coordinates"":[]}"
20110308,2011-03-08,2.5266544243847806E-4,1.5994977373501936E-4,9.271562951639719E-5,"{""type"":""MultiPoint"",""coordinates"":[]}"
20110309,2011-03-09,3.1412282022884173E-4,1.660996262211857E-4,1.480204202810283E-4,"{""type"":""MultiPoint"",""coordinates"":[]}"
20110310,2011-03-10,2.9647960904251194E-4,1.684506143857429E-4,1.2802888360111437E-4,"{""type"":""MultiPoint"",""coordinates"":[]}"
20110311,2011-03-11,2.8280087793295126E-4,1.7064154902841447E-4,1.1215865124886189E-4,"{""type"":""MultiPoint"",""coordinates"":[]}"
20110312,2011-03-12,2.9903243143298934E-4,1.767531073223127E-4,1.2227825595756918E-4,"{""type"":""MultiPoint"",""coordinates"":[]}"
20110313,2011-03-13,2.3657008493535947E-4,1.6818101329928463E-4,6.838735106866738E-5,"{""type"":""MultiPoint"",""coordinates"":[]}"
20110314,2011-03-14,2.1163275971099638E-4,1.6421420809223895E-4,4.741855164334025E-5,"{""type"":""MultiPoint"",""coordinates"":[]}"
20110315,2011-03-15,2.0755483946380547E-4,1.6072030692302694E-4,4.683386243981674E-5,"{""type"":""MultiPoint"",""coordinates"":[]}"
20110316,2011-03-16,2.354492683383446E-4,1.5964767156947596E-4,7.580155769144591E-5,"{""type"":""MultiPoint"",""coordinates"":[]}"
20110317,2011-03-17,2.2587228060354648E-4,1.5505083073907692E-4,7.082070863484891E-5,"{""type"":""MultiPoint"",""coordinates"":[]}"
20110318,2011-03-18,4.335990129358486E-4,1.7601724049654438E-4,2.575809563351343E-4,"{""type"":""MultiPoint"",""coordinates"":[]}"
20110319,2011-03-19,4.7370862192113464E-4,1.9120478457922596E-4,2.8250329376493233E-4,"{""type"":""MultiPoint"",""coordinates"":[]}"
20110320,2011-03-20,6.323084596913872E-4,2.2085601994075715E-4,4.1145116080107413E-4,"{""type"":""MultiPoint"",""coordinates"":[]}"
20110321,2011-03-21,6.139533236763293E-4,2.2329298498457339E-4,3.9066024732083274E-4,"{""type"":""MultiPoint"",""coordinates"":[]}"
20110322,2011-03-22,4.006418747310461E-4,1.9752601625029143E-4,2.0311577136310574E-4,"{""type"":""MultiPoint"",""coordinates"":[]}"
20110323,2011-03-23,3.6034980088903867E-4,1.8888781920397155E-4,1.7146178840418474E-4,"{""type"":""MultiPoint"",""coordinates"":[]}"
20110324,2011-03-24,4.118346185716049E-4,1.9439011259328513E-4,2.1744415344865313E-4,"{""type"":""MultiPoint"",""coordinates"":[]}"
20110325,2011-03-25,4.61979891274262E-4,2.082050563229847E-4,2.5377419430071556E-4,"{""type"":""MultiPoint"",""coordinates"":[]}"
20110326,2011-03-26,3.3985540860423824E-4,1.995047071528342E-4,1.4035014489286889E-4,"{""type"":""MultiPoint"",""coordinates"":[]}"
20110327,2011-03-27,3.187255064492073E-4,1.8052507634316832E-4,1.3819915307539856E-4,"{""type"":""MultiPoint"",""coordinates"":[]}"
20110328,2011-03-28,3.5078053121326486E-4,1.7840864102355289E-4,1.7237075930190778E-4,"{""type"":""MultiPoint"",""coordinates"":[]}"
20110329,2011-03-29,3.7508011679926695E-4,1.8699171635756367E-4,1.8808737958298638E-4,"{""type"":""MultiPoint"",""coordinates"":[]}"
20110330,2011-03-30,3.519225264068429E-4,1.7975679767448825E-4,1.7216484747112131E-4,"{""type"":""MultiPoint"",""coordinates"":[]}"
20110331,2011-03-31,4.0421236088502546E-4,1.8719911586106088E-4,2.1701225774109408E-4,"{""type"":""MultiPoint"",""coordinates"":[]}"
20110401,2011-04-01,3.9320711534094764E-4,1.8755324849113817E-4,2.0565376414239203E-4,"{""type"":""MultiPoint"",""coordinates"":[]}"
20110402,2011-04-02,3.5659841248754484E-4,1.9561052685885025E-4,1.6098716284681098E-4,"{""type"":""MultiPoint"",""coordinates"":[]}"
20110403,2011-04-03,3.381226999500269E-4,1.9780688302519598E-4,1.4031570057360029E-4,"{""type"":""MultiPoint"",""coordinates"":[]}"
20110404,2011-04-04,4.6396809802591224E-4,2.0827276712053353E-4,2.556957414715219E-4,"{""type"":""MultiPoint"",""coordinates"":[]}"
20110405,2011-04-05,3.9573703453640483E-4,2.1555128948403554E-4,1.8018487670042198E-4,"{""type"":""MultiPoint"",""coordinates"":[]}"
20110406,2011-04-06,3.093804220739729E-4,1.9906361178789067E-4,1.1031631033479511E-4,"{""type"":""MultiPoint"",""coordinates"":[]}"
20110407,2011-04-07,3.079816807056563E-4,1.937900553113266E-4,1.1419073453163975E-4,"{""type"":""MultiPoint"",""coordinates"":[]}"
20110408,2011-04-08,3.684808188350919E-4,1.9968181861546806E-4,1.6879894029618895E-4,"{""type"":""MultiPoint"",""coordinates"":[]}"
20110409,2011-04-09,3.459196333808665E-4,1.9948789919608766E-4,1.464315256464842E-4,"{""type"":""MultiPoint"",""coordinates"":[]}"
20110410,2011-04-10,3.90892018536346E-4,1.9214898283241705E-4,1.9874246325325898E-4,"{""type"":""MultiPoint"",""coordinates"":[]}"
20110411,2011-04-11,3.47344780938577E-4,1.935408467389609E-4,1.5380326003712274E-4,"{""type"":""MultiPoint"",""coordinates"":[]}"
20110412,2011-04-12,3.417214026289482E-4,1.928364633583014E-4,1.4888486855890831E-4,"{""type"":""MultiPoint"",""coordinates"":[]}"
20110413,2011-04-13,3.472136118847365E-4,1.824531415285504E-4,1.6476015981845257E-4,"{""type"":""MultiPoint"",""coordinates"":[]}"
20110414,2011-04-14,4.2376487255070555E-4,1.7963250500521385E-4,2.441319035457095E-4,"{""type"":""MultiPoint"",""coordinates"":[]}"
20110415,2011-04-15,4.071372356347307E-4,1.8287107414300633E-4,2.242658431883586E-4,"{""type"":""MultiPoint"",""coordinates"":[]}"
20110416,2011-04-16,4.040766357238084E-4,1.857739523640183E-4,2.183020598904725E-4,"{""type"":""MultiPoint"",""coordinates"":[]}"
20110417,2011-04-17,4.535244103518761E-4,2.0558980869051887E-4,2.4793426404150605E-4,"{""type"":""MultiPoint"",""coordinates"":[]}"
20110418,2011-04-18,4.3554659684423954E-4,1.9480239881803523E-4,2.4074410461640298E-4,"{""type"":""MultiPoint"",""coordinates"":[]}"
20110419,2011-04-19,4.832416196163027E-4,1.9053843476258381E-4,2.927028463380796E-4,"{""type"":""MultiPoint"",""coordinates"":[]}"
20110420,2011-04-20,6.914688526601221E-4,2.0745708671404215E-4,4.840114274992722E-4,"{""type"":""MultiPoint"",""coordinates"":[]}"
20110421,2011-04-21,6.990800962932205E-4,2.2136177493389965E-4,4.77718245994104E-4,"{""type"":""MultiPoint"",""coordinates"":[]}"
20110422,2011-04-22,5.748277749257503E-4,2.3181455707359054E-4,3.430131661889558E-4,"{""type"":""MultiPoint"",""coordinates"":[]}"
20110423,2011-04-23,6.721884172636264E-4,2.6742953290330245E-4,4.0475805426326713E-4,"{""type"":""MultiPoint"",""coordinates"":[]}"
20110424,2011-04-24,5.142528607926725E-4,2.4169906687122425E-4,2.7255319289453344E-4,"{""type"":""MultiPoint"",""coordinates"":[]}"
20110425,2011-04-25,4.266501342605981E-4,2.0903030629836376E-4,2.1761932834477748E-4,"{""type"":""MultiPoint"",""coordinates"":[]}"
20110426,2011-04-26,4.0310988665973464E-4,1.9264310654378296E-4,2.1046634815757143E-4,"{""type"":""MultiPoint"",""coordinates"":[]}"
20110427,2011-04-27,4.441933700815757E-4,1.8659713557233357E-4,2.575954936055861E-4,"{""type"":""MultiPoint"",""coordinates"":[]}"
20110428,2011-04-28,5.037869124822763E-4,1.9546023660267162E-4,3.083257634117928E-4,"{""type"":""MultiPoint"",""coordinates"":[]}"
20110429,2011-04-29,4.898414422569048E-4,1.844368780200446E-4,3.05404163551923E-4,"{""type"":""MultiPoint"",""coordinates"":[]}"
20110430,2011-04-30,5.446316433748492E-4,1.849846256562674E-4,3.596466516694908E-4,"{""type"":""MultiPoint"",""coordinates"":[]}"
20110501,2011-05-01,7.567126196516102E-4,2.1655717316505912E-4,5.401551347939288E-4,"{""type"":""MultiPoint"",""coordinates"":[]}"
20110502,2011-05-02,0.0010663231725379127,2.994934166782885E-4,7.668290325418416E-4,"{""type"":""MultiPoint"",""coordinates"":[]}"
20110503,2011-05-03,8.78912749076067E-4,3.4007280519490144E-4,5.388393114628116E-4,"{""type"":""MultiPoint"",""coordinates"":[]}"
20110504,2011-05-04,7.227653628663549E-4,2.853536584932492E-4,4.3741088223932435E-4,"{""type"":""MultiPoint"",""coordinates"":[]}"
20110505,2011-05-05,5.600304264115133E-4,2.0922314419664022E-4,3.508072739467748E-4,"{""type"":""MultiPoint"",""coordinates"":[]}"
20110506,2011-05-06,5.994046729245634E-4,2.0264210117237566E-4,3.967610772297916E-4,"{""type"":""MultiPoint"",""coordinates"":[]}"
20110507,2011-05-07,6.140263439866195E-4,1.948168214929428E-4,4.192096903547149E-4,"{""type"":""MultiPoint"",""coordinates"":[]}"
20110508,2011-05-08,7.047891103907099E-4,2.0728088421817124E-4,4.975063873571092E-4,"{""type"":""MultiPoint"",""coordinates"":[]}"
20110509,2011-05-09,6.681527504436189E-4,2.2328140690732612E-4,4.4487067285321546E-4,"{""type"":""MultiPoint"",""coordinates"":[]}"
20110510,2011-05-10,7.023829236181159E-4,2.3185153643068003E-4,4.7052920091372367E-4,"{""type"":""MultiPoint"",""coordinates"":[]}"
20110511,2011-05-11,7.088289192612255E-4,2.272559369817825E-4,4.81573119916222E-4,"{""type"":""MultiPoint"",""coordinates"":[]}"
20110512,2011-05-12,7.473598495080218E-4,2.2158888904802231E-4,5.257699548650861E-4,"{""type"":""MultiPoint"",""coordinates"":[]}"
20110513,2011-05-13,7.256178381108301E-4,2.1945865390333657E-4,5.061591403743272E-4,"{""type"":""MultiPoint"",""coordinates"":[]}"
20110514,2011-05-14,7.874917528264577E-4,2.2700731471285117E-4,5.604836717119345E-4,"{""type"":""MultiPoint"",""coordinates"":[]}"
20110515,2011-05-15,7.747892422600296E-4,2.421218284137679E-4,5.326660556184369E-4,"{""type"":""MultiPoint"",""coordinates"":[]}"
20110516,2011-05-16,8.074823397246908E-4,2.4226394543087096E-4,5.652181433211073E-4,"{""type"":""MultiPoint"",""coordinates"":[]}"
20110517,2011-05-17,8.916624381780216E-4,2.518026640697383E-4,6.398593654045153E-4,"{""type"":""MultiPoint"",""coordinates"":[]}"
20110518,2011-05-18,9.889952332633146E-4,2.506252614431036E-4,7.383700099010561E-4,"{""type"":""MultiPoint"",""coordinates"":[]}"
20110519,2011-05-19,0.0011706130739539836,2.996379460323059E-4,8.709735624717075E-4,"{""type"":""MultiPoint"",""coordinates"":[]}"
20110520,2011-05-20,0.0014011833557635246,4.1805489017709177E-4,9.831285086083742E-4,"{""type"":""MultiPoint"",""coordinates"":[]}"
20110521,2011-05-21,0.001881930089624725,6.47129934503044E-4,0.001234799796701545,"{""type"":""MultiPoint"",""coordinates"":[]}"
20110522,2011-05-22,0.0014508039075705433,5.251012874030647E-4,9.25702682455264E-4,"{""type"":""MultiPoint"",""coordinates"":[]}"
20110523,2011-05-23,0.001412479815039998,3.754034938611002E-4,0.0010370761529992698,"{""type"":""MultiPoint"",""coordinates"":[]}"
20110524,2011-05-24,0.0011115003412082024,3.802886492386891E-4,7.31211593374759E-4,"{""type"":""MultiPoint"",""coordinates"":[]}"
20110525,2011-05-25,9.450996883645906E-4,3.4721941526507283E-4,5.978797100851094E-4,"{""type"":""MultiPoint"",""coordinates"":[]}"
20110526,2011-05-26,9.214642149380629E-4,3.092352005015708E-4,6.12228962198058E-4,"{""type"":""MultiPoint"",""coordinates"":[]}"
20110527,2011-05-27,0.001069225660913423,3.192214777652506E-4,7.500040396769687E-4,"{""type"":""MultiPoint"",""coordinates"":[]}"
20110528,2011-05-28,0.0012495486246931438,3.813380919513246E-4,8.682104845727813E-4,"{""type"":""MultiPoint"",""coordinates"":[]}"
20110529,2011-05-29,0.0014660984838435686,4.496142659850847E-4,0.001016483998825893,"{""type"":""MultiPoint"",""coordinates"":[]}"
20110530,2011-05-30,0.0022120338158173984,7.391525811866694E-4,0.001472880894187817,"{""type"":""MultiPoint"",""coordinates"":[]}"
20110531,2011-05-31,0.0019286299255381713,7.174421722884223E-4,0.0012111876202163018,"{""type"":""MultiPoint"",""coordinates"":[]}"
20110601,2011-06-01,0.001773805144223303,6.988358681153784E-4,0.001074969257598238,"{""type"":""MultiPoint"",""coordinates"":[]}"
20110602,2011-06-02,0.0016481746335856974,6.937876020508678E-4,9.543870220351443E-4,"{""type"":""MultiPoint"",""coordinates"":[]}"
20110603,2011-06-03,0.001508078467737425,6.202747939142718E-4,8.878034217122678E-4,"{""type"":""MultiPoint"",""coordinates"":[]}"
20110604,2011-06-04,0.0014807122196734332,5.555768278212161E-4,9.25134858035011E-4,"{""type"":""MultiPoint"",""coordinates"":[]}"
20110605,2011-06-05,0.0014355640184270106,5.649195917943835E-4,8.706444531945781E-4,"{""type"":""MultiPoint"",""coordinates"":[]}"
20110606,2011-06-06,0.0013416239216886268,5.798404879709165E-4,7.617829401411715E-4,"{""type"":""MultiPoint"",""coordinates"":[]}"
20110607,2011-06-07,0.0014427024865005759,5.705651089559028E-4,8.72137173435174E-4,"{""type"":""MultiPoint"",""coordinates"":[]}"
20110608,2011-06-08,0.0017390721486726618,7.570994264097151E-4,9.819724797584342E-4,"{""type"":""MultiPoint"",""coordinates"":[]}"
20110609,2011-06-09,0.002445597794790748,0.0010510951266461796,0.0013945025170512936,"{""type"":""MultiPoint"",""coordinates"":[]}"
20110610,2011-06-10,0.002410106013283917,0.0011194357536002618,0.0012906702640863923,"{""type"":""MultiPoint"",""coordinates"":[]}"
20110611,2011-06-11,0.001668379648043446,7.349614217550959E-4,9.334179784390995E-4,"{""type"":""MultiPoint"",""coordinates"":[]}"
20110612,2011-06-12,0.0015786411994863395,7.164269701056204E-4,8.622142112156806E-4,"{""type"":""MultiPoint"",""coordinates"":[]}"
20110613,2011-06-13,0.0014845539532503031,6.813384578136057E-4,8.03215472894489E-4,"{""type"":""MultiPoint"",""coordinates"":[]}"
20110614,2011-06-14,0.001987990775058229,9.044222702916865E-4,0.0010835682258960638,"{""type"":""MultiPoint"",""coordinates"":[]}"
20110615,2011-06-15,0.002387163250205743,0.0010418002358251984,0.0013453627574209945,"{""type"":""MultiPoint"",""coordinates"":[]}"
20110616,2011-06-16,0.0027052661601567225,0.0011695658765594216,0.0015356999128106573,"{""type"":""MultiPoint"",""coordinates"":[]}"
20110617,2011-06-17,0.0029981950501327625,0.0012928259917048485,0.0017053688183826423,"{""type"":""MultiPoint"",""coordinates"":[]}"
20110618,2011-06-18,0.002670750871438007,0.00113468445550509,0.0015360663331123034,"{""type"":""MultiPoint"",""coordinates"":[]}"
20110619,2011-06-19,0.002781618962515034,0.0010965436271578395,0.0016850752272883206,"{""type"":""MultiPoint"",""coordinates"":[]}"
20110620,2011-06-20,0.0030178191335016435,0.0012748638582480189,0.0017429552475731708,"{""type"":""MultiPoint"",""coordinates"":[]}"
20110621,2011-06-21,0.0023831439968120334,0.00106079251035534,0.0013223514376652274,"{""type"":""MultiPoint"",""coordinates"":[]}"
20110622,2011-06-22,0.002484246615409735,0.0010910619401027226,0.001393184201605966,"{""type"":""MultiPoint"",""coordinates"":[]}"
20110623,2011-06-23,0.0023838545726913812,0.0010199176609048976,0.0013639369022784404,"{""type"":""MultiPoint"",""coordinates"":[]}"
20110624,2011-06-24,0.0030389020366908613,0.0013173377485497884,0.001721564183285632,"{""type"":""MultiPoint"",""coordinates"":[]}"
20110625,2011-06-25,0.0028374502955892294,0.0012472727741231029,0.0015901777702868808,"{""type"":""MultiPoint"",""coordinates"":[]}"
20110626,2011-06-26,0.0030057420128246476,0.0014684796529216262,0.0015372622369204004,"{""type"":""MultiPoint"",""coordinates"":[]}"
20110627,2011-06-27,0.0034408144832523634,0.001753241233062085,0.001687573259963322,"{""type"":""MultiPoint"",""coordinates"":[]}"
20110628,2011-06-28,0.0038871152815444917,0.0019694937370846413,0.0019176213487954422,"{""type"":""MultiPoint"",""coordinates"":[]}"
20110629,2011-06-29,0.004318649726090748,0.0019395988456040898,0.0023790509083101872,"{""type"":""MultiPoint"",""coordinates"":[]}"
20110630,2011-06-30,0.004205958309610754,0.001961623084101889,0.0022443352395646802,"{""type"":""MultiPoint"",""coordinates"":[]}"
20110701,2011-07-01,0.003617466502201894,0.0018386979186696794,0.0017787683510200212,"{""type"":""MultiPoint"",""coordinates"":[]}"
20110702,2011-07-02,0.003958838790957355,0.0021296920096806914,0.0018291466400832841,"{""type"":""MultiPoint"",""coordinates"":[]}"
20110703,2011-07-03,0.003857276318176206,0.0022117072747773327,0.0016455687527076287,"{""type"":""MultiPoint"",""coordinates"":[]}"
20110704,2011-07-04,0.00288758041668749,0.001697909634084357,0.0011896707091101227,"{""type"":""MultiPoint"",""coordinates"":[]}"
20110705,2011-07-05,0.002655337463618943,0.0014608794461329925,0.0011944581280297953,"{""type"":""MultiPoint"",""coordinates"":[]}"
20110706,2011-07-06,0.0023780346628257737,0.0013997592856408053,9.782751897154025E-4,"{""type"":""MultiPoint"",""coordinates"":[]}"
20110707,2011-07-07,0.002573692244826015,0.0014314191217400837,0.001142273023286632,"{""type"":""MultiPoint"",""coordinates"":[]}"
20110708,2011-07-08,0.002533651034052247,0.0014387756419273231,0.0010948753768699696,"{""type"":""MultiPoint"",""coordinates"":[]}"
20110709,2011-07-09,0.0023717997000497247,0.0013243892853787471,0.0010474104492699482,"{""type"":""MultiPoint"",""coordinates"":[]}"
20110710,2011-07-10,0.002082299387294566,0.001209164953286189,8.731343045974162E-4,"{""type"":""MultiPoint"",""coordinates"":[]}"
20110711,2011-07-11,0.0017838530383589679,0.0011210659663166646,6.627870417005398E-4,"{""type"":""MultiPoint"",""coordinates"":[]}"
20110712,2011-07-12,0.0019911417821889426,0.0011492431947351034,8.418984320315786E-4,"{""type"":""MultiPoint"",""coordinates"":[]}"
20110713,2011-07-13,0.0030050508496309407,0.0014366045952111863,0.001568446332207339,"{""type"":""MultiPoint"",""coordinates"":[]}"
20110714,2011-07-14,0.003638020708483447,0.001761318199061061,0.0018767025521837495,"{""type"":""MultiPoint"",""coordinates"":[]}"
20110715,2011-07-15,0.004421948765248816,0.0024178475778965725,0.0020041009891514066,"{""type"":""MultiPoint"",""coordinates"":[]}"
20110716,2011-07-16,0.004106328550743552,0.002562771936595149,0.0015435566994415344,"{""type"":""MultiPoint"",""coordinates"":[]}"
20110717,2011-07-17,0.004116149798641057,0.0024495137366768996,0.001666635961529153,"{""type"":""MultiPoint"",""coordinates"":[]}"
20110718,2011-07-18,0.005144525837091058,0.0029422039281694306,0.0022023218987572307,"{""type"":""MultiPoint"",""coordinates"":[]}"
20110719,2011-07-19,0.006102686800654258,0.003350939924123723,0.0027517469365375517,"{""type"":""MultiPoint"",""coordinates"":[]}"
20110720,2011-07-20,0.00635585258187695,0.0035036883592640075,0.002852163462023082,"{""type"":""MultiPoint"",""coordinates"":[]}"
20110721,2011-07-21,0.005362146641781889,0.0030980002452627962,0.002264146216059491,"{""type"":""MultiPoint"",""coordinates"":[]}"
20110722,2011-07-22,0.004578369244482124,0.002613089658017845,0.001965279581309806,"{""type"":""MultiPoint"",""coordinates"":[]}"
20110723,2011-07-23,0.003629726508943055,0.0024094003870635174,0.0012203260051207288,"{""type"":""MultiPoint"",""coordinates"":[]}"
20110724,2011-07-24,0.0027286500208845424,0.0019350573066987925,7.935928913734098E-4,"{""type"":""MultiPoint"",""coordinates"":[]}"
20110725,2011-07-25,0.002488959934333347,0.0017265649364750627,7.623948754076288E-4,"{""type"":""MultiPoint"",""coordinates"":[]}"
20110726,2011-07-26,0.002683461917176009,0.001712887701804845,9.705742664173434E-4,"{""type"":""MultiPoint"",""coordinates"":[]}"
20110727,2011-07-27,0.0030859166723733325,0.0017835885738056308,0.00130232803261613,"{""type"":""MultiPoint"",""coordinates"":[]}"
20110728,2011-07-28,0.003201192990342086,0.001810672829586067,0.001390520172845721,"{""type"":""MultiPoint"",""coordinates"":[]}"
20110729,2011-07-29,0.0029585223475038116,0.0018557970843279912,0.0011027253088462846,"{""type"":""MultiPoint"",""coordinates"":[]}"
20110730,2011-07-30,0.002891515064517025,0.001905613262484375,9.859018134192924E-4,"{""type"":""MultiPoint"",""coordinates"":[]}"
20110731,2011-07-31,0.0029219076532410074,0.0019110697473754502,0.0010108377641765902,"{""type"":""MultiPoint"",""coordinates"":[]}"
20110801,2011-08-01,0.0027200343293463944,0.0017063743684350404,0.0010136600810379723,"{""type"":""MultiPoint"",""coordinates"":[]}"
20110802,2011-08-02,0.0035700261463761113,0.002048141355432197,0.0015218844290999175,"{""type"":""MultiPoint"",""coordinates"":[]}"
20110803,2011-08-03,0.004603110070058669,0.0025289418565272157,0.002074168026072705,"{""type"":""MultiPoint"",""coordinates"":[]}"
20110804,2011-08-04,0.004465024390415868,0.0025388187307825993,0.0019262056603496008,"{""type"":""MultiPoint"",""coordinates"":[]}"
20110805,2011-08-05,0.004364423523277636,0.0025324480833623132,0.0018319754845479146,"{""type"":""MultiPoint"",""coordinates"":[]}"
20110806,2011-08-06,0.004682218884492227,0.002729501556111467,0.0019527173462075386,"{""type"":""MultiPoint"",""coordinates"":[]}"
20110807,2011-08-07,0.005372015414451447,0.0032488174594731503,0.002123197811134914,"{""type"":""MultiPoint"",""coordinates"":[]}"
20110808,2011-08-08,0.006338838747571636,0.0036385365967894954,0.002700302161342317,"{""type"":""MultiPoint"",""coordinates"":[]}"
20110809,2011-08-09,0.005754484718880509,0.0035129380271197684,0.0022415468118067296,"{""type"":""MultiPoint"",""coordinates"":[]}"
20110810,2011-08-10,0.004734549932328094,0.003054635949504075,0.0016799137830710447,"{""type"":""MultiPoint"",""coordinates"":[]}"
20110811,2011-08-11,0.004614569878923756,0.0028070220872699336,0.0018075478671090118,"{""type"":""MultiPoint"",""coordinates"":[]}"
20110812,2011-08-12,0.004226085176488782,0.002767417445785263,0.001458667728854419,"{""type"":""MultiPoint"",""coordinates"":[]}"
20110813,2011-08-13,0.004028532529590644,0.0026832400826787913,0.0013452924963291953,"{""type"":""MultiPoint"",""coordinates"":[]}"
20110814,2011-08-14,0.0042766756999331,0.0025944548218076006,0.0016822207694051888,"{""type"":""MultiPoint"",""coordinates"":[]}"
20110815,2011-08-15,0.0057265603867574155,0.0029955788131387235,0.0027309815933024392,"{""type"":""MultiPoint"",""coordinates"":[]}"
20110816,2011-08-16,0.006153007204608181,0.003249239626972192,0.002903767693738438,"{""type"":""MultiPoint"",""coordinates"":[]}"
20110817,2011-08-17,0.005179345724729233,0.003173221551065323,0.002006124080040735,"{""type"":""MultiPoint"",""coordinates"":[]}"
20110818,2011-08-18,0.0043352222342623314,0.00285829111370635,0.0014769310197851738,"{""type"":""MultiPoint"",""coordinates"":[]}"
20110819,2011-08-19,0.0039717552428195895,0.0028049138958445917,0.001166841150886292,"{""type"":""MultiPoint"",""coordinates"":[]}"
20110820,2011-08-20,0.0035641812920838025,0.002732880863362145,8.313003215357877E-4,"{""type"":""MultiPoint"",""coordinates"":[]}"
20110821,2011-08-21,0.003478293966898706,0.0025763547111156983,9.01939399737502E-4,"{""type"":""MultiPoint"",""coordinates"":[]}"
20110822,2011-08-22,0.003545695245576257,0.002378588004498219,0.001167107217580547,"{""type"":""MultiPoint"",""coordinates"":[]}"
20110823,2011-08-23,0.004029277814463801,0.002483363095119221,0.0015459146665648365,"{""type"":""MultiPoint"",""coordinates"":[]}"
20110824,2011-08-24,0.0040779399585045015,0.002594550119098702,0.0014833897900985882,"{""type"":""MultiPoint"",""coordinates"":[]}"
20110825,2011-08-25,0.0037251858281028864,0.0025342177040582007,0.001190968069585465,"{""type"":""MultiPoint"",""coordinates"":[]}"
20110826,2011-08-26,0.0037296644382597806,0.00255231592738264,0.0011773484774768148,"{""type"":""MultiPoint"",""coordinates"":[]}"
20110827,2011-08-27,0.003868421680720339,0.0027068378879232203,0.0011615837042055024,"{""type"":""MultiPoint"",""coordinates"":[]}"
20110828,2011-08-28,0.0037980826739153193,0.0027942119756377793,0.0010038706926368218,"{""type"":""MultiPoint"",""coordinates"":[]}"
20110829,2011-08-29,0.003847052652337841,0.002854374443748642,9.926784210194045E-4,"{""type"":""MultiPoint"",""coordinates"":[]}"
20110830,2011-08-30,0.003587033889681193,0.002485729418932897,0.0011013042171654067,"{""type"":""MultiPoint"",""coordinates"":[]}"
20110831,2011-08-31,0.004075150980840551,0.0026759202092883736,0.0013992307706209904,"{""type"":""MultiPoint"",""coordinates"":[]}"
20110901,2011-09-01,0.004514283299338529,0.0028604537302568066,0.001653829553586356,"{""type"":""MultiPoint"",""coordinates"":[]}"
20110902,2011-09-02,0.003980852521215907,0.002835134690580483,0.0011457178967438295,"{""type"":""MultiPoint"",""coordinates"":[]}"
20110903,2011-09-03,0.003587515438071588,0.0026069343487069544,9.805808397365862E-4,"{""type"":""MultiPoint"",""coordinates"":[]}"
20110904,2011-09-04,0.0033431824015775105,0.002401571839430957,9.416105805800302E-4,"{""type"":""MultiPoint"",""coordinates"":[]}"
20110905,2011-09-05,0.0036429011187349013,0.0023808785312419817,0.0012620225139748332,"{""type"":""MultiPoint"",""coordinates"":[]}"
20110906,2011-09-06,0.004486332236417256,0.0026617237348490687,0.0018246084366987413,"{""type"":""MultiPoint"",""coordinates"":[]}"
20110907,2011-09-07,0.004997303211458505,0.0029040171715822827,0.0020932862397216325,"{""type"":""MultiPoint"",""coordinates"":[]}"
20110908,2011-09-08,0.004084466426400863,0.002644203695778228,0.001440262650897456,"{""type"":""MultiPoint"",""coordinates"":[]}"
20110909,2011-09-09,0.004079957330364129,0.002700327983141291,0.0013796293743796849,"{""type"":""MultiPoint"",""coordinates"":[]}"
20110910,2011-09-10,0.003560335608196471,0.0027045104959660805,8.55825108062661E-4,"{""type"":""MultiPoint"",""coordinates"":[]}"
20110911,2011-09-11,0.003186830097185781,0.002403194045787004,7.836361539129758E-4,"{""type"":""MultiPoint"",""coordinates"":[]}"
20110912,2011-09-12,0.003226094323034501,0.0023390132951534985,8.870807947965312E-4,"{""type"":""MultiPoint"",""coordinates"":[]}"
20110913,2011-09-13,0.003296613946136784,0.002410693122662259,8.859208445786522E-4,"{""type"":""MultiPoint"",""coordinates"":[]}"
20110914,2011-09-14,0.0032439564464291698,0.0023432551562107243,9.0070109206481E-4,"{""type"":""MultiPoint"",""coordinates"":[]}"
20110915,2011-09-15,0.0037121089839956584,0.0024728927842581462,0.001239216212845428,"{""type"":""MultiPoint"",""coordinates"":[]}"
20110916,2011-09-16,0.0036323338088524383,0.002446345811024451,0.0011859879215650175,"{""type"":""MultiPoint"",""coordinates"":[]}"
20110917,2011-09-17,0.0036247835899731323,0.0023740637281810368,0.0012507199550421096,"{""type"":""MultiPoint"",""coordinates"":[]}"
20110918,2011-09-18,0.003565676927155418,0.0023310122993913723,0.001234664543152346,"{""type"":""MultiPoint"",""coordinates"":[]}"
20110919,2011-09-19,0.0027451141224346027,0.0021586166346757806,5.86497106404628E-4,"{""type"":""MultiPoint"",""coordinates"":[]}"
20110920,2011-09-20,0.0028549950171792467,0.002143247479209481,7.117472861002795E-4,"{""type"":""MultiPoint"",""coordinates"":[]}"
20110921,2011-09-21,0.003063392392699115,0.0021740493906148815,8.893430976071533E-4,"{""type"":""MultiPoint"",""coordinates"":[]}"
20110922,2011-09-22,0.0031493782739970065,0.0022826392574518445,8.667388886622533E-4,"{""type"":""MultiPoint"",""coordinates"":[]}"
20110923,2011-09-23,0.003549369867175928,0.0024366959348205547,0.0011126737856446793,"{""type"":""MultiPoint"",""coordinates"":[]}"
20110924,2011-09-24,0.003669058077550029,0.002509380016489366,0.0011596768289502282,"{""type"":""MultiPoint"",""coordinates"":[]}"
20110925,2011-09-25,0.0033003781340890845,0.002305870758269446,9.945071054247353E-4,"{""type"":""MultiPoint"",""coordinates"":[]}"
20110926,2011-09-26,0.0032909637925699303,0.0021722218675949705,0.0011187419500442565,"{""type"":""MultiPoint"",""coordinates"":[]}"
20110927,2011-09-27,0.0024308673231706393,0.002058154672921157,3.7271244299980663E-4,"{""type"":""MultiPoint"",""coordinates"":[]}"
20110928,2011-09-28,0.002392082045461381,0.002021233911981494,3.708482151436477E-4,"{""type"":""MultiPoint"",""coordinates"":[]}"
20110929,2011-09-29,0.00214453971196455,0.0019371936916855216,2.0734495481181312E-4,"{""type"":""MultiPoint"",""coordinates"":[]}"
20110930,2011-09-30,0.0020089132662946037,0.0017785317456511527,2.3038117057548442E-4,"{""type"":""MultiPoint"",""coordinates"":[]}"
20111001,2011-10-01,0.0021325868988322284,0.0017547603434475275,3.778257445485744E-4,"{""type"":""MultiPoint"",""coordinates"":[]}"
20111002,2011-10-02,0.002198767216316142,0.001864232479309836,3.3453257308256796E-4,"{""type"":""MultiPoint"",""coordinates"":[]}"
20111003,2011-10-03,0.002267090622449849,0.001839920316609319,4.2717055882458783E-4,"{""type"":""MultiPoint"",""coordinates"":[]}"
20111004,2011-10-04,0.0020299901170949177,0.001805567407809755,2.2442199651133272E-4,"{""type"":""MultiPoint"",""coordinates"":[]}"
20111005,2011-10-05,0.0018998574853871142,0.0017251002090226985,1.7475735403449431E-4,"{""type"":""MultiPoint"",""coordinates"":[]}"
20111006,2011-10-06,0.0016724025134119227,0.0015527977368781287,1.1960476105661316E-4,"{""type"":""MultiPoint"",""coordinates"":[]}"
20111007,2011-10-07,0.0015737715801593364,0.0014509639535116563,1.2280724356975573E-4,"{""type"":""MultiPoint"",""coordinates"":[]}"
20111008,2011-10-08,0.0015018643586108917,0.0013954063443739752,1.0645765628286266E-4,"{""type"":""MultiPoint"",""coordinates"":[]}"
20111009,2011-10-09,0.0014055962234357886,0.001317108766617239,8.848747088911589E-5,"{""type"":""MultiPoint"",""coordinates"":[]}"
20111010,2011-10-10,0.0013489761804357197,0.0012550519382140204,9.392472944069364E-5,"{""type"":""MultiPoint"",""coordinates"":[]}"
20111011,2011-10-11,0.0012797913880683177,0.0012033674612147295,7.642394148807883E-5,"{""type"":""MultiPoint"",""coordinates"":[]}"
20111012,2011-10-12,0.001281497523050178,0.0011634241012594138,1.1807226121165122E-4,"{""type"":""MultiPoint"",""coordinates"":[]}"
20111013,2011-10-13,0.0011864458159961783,0.0011105681083767318,7.587748806718227E-5,"{""type"":""MultiPoint"",""coordinates"":[]}"
20111014,2011-10-14,0.0011770182396703337,0.0010652222230922185,1.1179488083132199E-4,"{""type"":""MultiPoint"",""coordinates"":[]}"
20111015,2011-10-15,0.0012184379836154224,0.0010353641993088628,1.830723604280535E-4,"{""type"":""MultiPoint"",""coordinates"":[]}"
20111016,2011-10-16,0.001220896483945328,0.0010127655838436387,2.0812974000095327E-4,"{""type"":""MultiPoint"",""coordinates"":[]}"
20111017,2011-10-17,0.0012147344168577823,9.950285605501796E-4,2.1970515136085966E-4,"{""type"":""MultiPoint"",""coordinates"":[]}"
20111018,2011-10-18,0.001276055991827665,0.0010165400434457355,2.595158575719812E-4,"{""type"":""MultiPoint"",""coordinates"":[]}"
20111019,2011-10-19,0.0016011463430474202,0.0010717553119657392,5.293898519097922E-4,"{""type"":""MultiPoint"",""coordinates"":[]}"
20111020,2011-10-20,0.0012856934498162646,0.001033712437504738,2.519813566635571E-4,"{""type"":""MultiPoint"",""coordinates"":[]}"
20111021,2011-10-21,0.001173913896772559,9.649598008644812E-4,2.0895341023406184E-4,"{""type"":""MultiPoint"",""coordinates"":[]}"
20111022,2011-10-22,0.0012071444135603507,9.359099680213425E-4,2.7123344285221243E-4,"{""type"":""MultiPoint"",""coordinates"":[]}"
20111023,2011-10-23,0.0010609415245867952,9.217235256108568E-4,1.392168565918542E-4,"{""type"":""MultiPoint"",""coordinates"":[]}"
20111024,2011-10-24,9.594686846452524E-4,8.798223018022146E-4,7.96447129442223E-5,"{""type"":""MultiPoint"",""coordinates"":[]}"
20111025,2011-10-25,0.0010056555092693004,8.713100946568428E-4,1.3434468127433054E-4,"{""type"":""MultiPoint"",""coordinates"":[]}"
20111026,2011-10-26,9.924230850449425E-4,8.574699834982599E-4,1.3495144349371212E-4,"{""type"":""MultiPoint"",""coordinates"":[]}"
20111027,2011-10-27,9.559682744734319E-4,8.57866637307799E-4,9.810031993660481E-5,"{""type"":""MultiPoint"",""coordinates"":[]}"
20111028,2011-10-28,8.709233725792721E-4,8.072898264902716E-4,6.363215740141478E-5,"{""type"":""MultiPoint"",""coordinates"":[]}"
20111029,2011-10-29,9.096349907470765E-4,8.099890751525537E-4,9.96468637970207E-5,"{""type"":""MultiPoint"",""coordinates"":[]}"
20111030,2011-10-30,8.982209554405425E-4,7.998790377771962E-4,9.834025101778795E-5,"{""type"":""MultiPoint"",""coordinates"":[]}"
20111031,2011-10-31,8.486622682947806E-4,7.588595388952821E-4,8.980206641617157E-5,"{""type"":""MultiPoint"",""coordinates"":[]}"
20111101,2011-11-01,9.447715243774171E-4,7.861090923325306E-4,1.586624071393097E-4,"{""type"":""MultiPoint"",""coordinates"":[]}"
20111102,2011-11-02,8.735158973219407E-4,7.627995007386257E-4,1.1071633650304203E-4,"{""type"":""MultiPoint"",""coordinates"":[]}"
20111103,2011-11-03,8.534811813706749E-4,7.251089504699274E-4,1.283722041809783E-4,"{""type"":""MultiPoint"",""coordinates"":[]}"
20111104,2011-11-04,7.901093640948335E-4,7.046531545457504E-4,8.545507585935866E-5,"{""type"":""MultiPoint"",""coordinates"":[]}"
20111105,2011-11-05,8.22096268417536E-4,7.144345730995152E-4,1.0766050068714284E-4,"{""type"":""MultiPoint"",""coordinates"":[]}"
20111106,2011-11-06,8.171435165675336E-4,6.956937667324503E-4,1.2144873652517981E-4,"{""type"":""MultiPoint"",""coordinates"":[]}"
20111107,2011-11-07,7.459524726221169E-4,6.879486908735475E-4,5.8003095581920044E-5,"{""type"":""MultiPoint"",""coordinates"":[]}"
20111108,2011-11-08,6.717226327820396E-4,6.392725789908834E-4,3.245001823641393E-5,"{""type"":""MultiPoint"",""coordinates"":[]}"
20111109,2011-11-09,6.479903659421826E-4,6.164395548456416E-4,3.154929032685218E-5,"{""type"":""MultiPoint"",""coordinates"":[]}"
20111110,2011-11-10,6.218636317886647E-4,5.965752135148631E-4,2.528730081397577E-5,"{""type"":""MultiPoint"",""coordinates"":[]}"
20111111,2011-11-11,6.197454721808254E-4,5.797418293552342E-4,4.000217353817733E-5,"{""type"":""MultiPoint"",""coordinates"":[]}"
20111112,2011-11-12,5.917320757567289E-4,5.625747012344162E-4,2.915746638685335E-5,"{""type"":""MultiPoint"",""coordinates"":[]}"
20111113,2011-11-13,6.137864436887034E-4,5.482317524437498E-4,6.555455289134698E-5,"{""type"":""MultiPoint"",""coordinates"":[]}"
20111114,2011-11-14,6.155233553286781E-4,5.357544907812278E-4,7.976765445168304E-5,"{""type"":""MultiPoint"",""coordinates"":[]}"
20111115,2011-11-15,6.139433787450015E-4,5.248172708650389E-4,8.912532917029314E-5,"{""type"":""MultiPoint"",""coordinates"":[]}"
20111116,2011-11-16,5.970543211749929E-4,5.160378185890351E-4,8.101746477544089E-5,"{""type"":""MultiPoint"",""coordinates"":[]}"
20111117,2011-11-17,5.326982215079038E-4,5.029667922852217E-4,2.9730625852278705E-5,"{""type"":""MultiPoint"",""coordinates"":[]}"
20111118,2011-11-18,5.162444628080785E-4,4.912982661684251E-4,2.4946122103851147E-5,"{""type"":""MultiPoint"",""coordinates"":[]}"
20111119,2011-11-19,4.953003776085131E-4,4.7914994110971083E-4,1.61485240305774E-5,"{""type"":""MultiPoint"",""coordinates"":[]}"
20111120,2011-11-20,4.8821264063312627E-4,4.6934691744014083E-4,1.88661360079419E-5,"{""type"":""MultiPoint"",""coordinates"":[]}"
20111121,2011-11-21,4.8583520718602046E-4,4.5996715429535604E-4,2.586803045858491E-5,"{""type"":""MultiPoint"",""coordinates"":[]}"
20111122,2011-11-22,4.647224355925577E-4,4.466927598949042E-4,1.80306879239579E-5,"{""type"":""MultiPoint"",""coordinates"":[]}"
20111123,2011-11-23,4.653828124219725E-4,4.391081345151243E-4,2.6273065442238126E-5,"{""type"":""MultiPoint"",""coordinates"":[]}"
20111124,2011-11-24,4.751470793577295E-4,4.35215433846504E-4,3.9929958305795364E-5,"{""type"":""MultiPoint"",""coordinates"":[]}"
20111125,2011-11-25,5.596094247797846E-4,4.43617580158167E-4,1.1599166124062456E-4,"{""type"":""MultiPoint"",""coordinates"":[]}"
20111126,2011-11-26,5.037035451938465E-4,4.2791547290569205E-4,7.578642804960017E-5,"{""type"":""MultiPoint"",""coordinates"":[]}"
20111127,2011-11-27,5.50462392608289E-4,4.3947370101376745E-4,1.1098686172517868E-4,"{""type"":""MultiPoint"",""coordinates"":[]}"
20111128,2011-11-28,4.316890468865934E-4,4.008569272628588E-4,3.083121657940241E-5,"{""type"":""MultiPoint"",""coordinates"":[]}"
20111129,2011-11-29,4.2214284992521725E-4,3.9117988427774214E-4,3.09630411587121E-5,"{""type"":""MultiPoint"",""coordinates"":[]}"
20111130,2011-11-30,4.1303728222129234E-4,3.849318601549634E-4,2.810530536307632E-5,"{""type"":""MultiPoint"",""coordinates"":[]}"
20111201,2011-12-01,3.8772741149381746E-4,3.7556534763083364E-4,1.2160822827112725E-5,"{""type"":""MultiPoint"",""coordinates"":[]}"
20111202,2011-12-02,3.832532011631265E-4,3.6845210552313186E-4,1.4800260799487975E-5,"{""type"":""MultiPoint"",""coordinates"":[]}"
20111203,2011-12-03,3.8432069436496554E-4,3.615150515880251E-4,2.280340645804967E-5,"{""type"":""MultiPoint"",""coordinates"":[]}"
20111204,2011-12-04,3.894271343091878E-4,3.5588620211073047E-4,3.354028761222702E-5,"{""type"":""MultiPoint"",""coordinates"":[]}"
20111205,2011-12-05,3.6687681078466795E-4,3.486842972763586E-4,1.8191522168824102E-5,"{""type"":""MultiPoint"",""coordinates"":[]}"
20111206,2011-12-06,3.6260035525690395E-4,3.425261288095229E-4,2.0073265796273906E-5,"{""type"":""MultiPoint"",""coordinates"":[]}"
20111207,2011-12-07,3.6519581388404633E-4,3.3820652573371136E-4,2.6989200274560267E-5,"{""type"":""MultiPoint"",""coordinates"":[]}"
20111208,2011-12-08,3.5517584890711106E-4,3.3099752028641354E-4,2.4177976596940516E-5,"{""type"":""MultiPoint"",""coordinates"":[]}"
20111209,2011-12-09,3.680049803070703E-4,3.2555600916407907E-4,4.244975752536955E-5,"{""type"":""MultiPoint"",""coordinates"":[]}"
20111210,2011-12-10,3.922968487288539E-4,3.2262375474807634E-4,6.967294904592772E-5,"{""type"":""MultiPoint"",""coordinates"":[]}"
20111211,2011-12-11,3.571243378834697E-4,3.182533935903013E-4,3.887085757867406E-5,"{""type"":""MultiPoint"",""coordinates"":[]}"
20111212,2011-12-12,3.6363639395222574E-4,3.193497044944406E-4,4.4286335037228784E-5,"{""type"":""MultiPoint"",""coordinates"":[]}"
20111213,2011-12-13,3.3918630061533916E-4,3.1318903479965574E-4,2.599725760412452E-5,"{""type"":""MultiPoint"",""coordinates"":[]}"
20111214,2011-12-14,3.305095099916337E-4,3.1131414403568484E-4,1.9193736329269158E-5,"{""type"":""MultiPoint"",""coordinates"":[]}"
20111215,2011-12-15,3.192047368299087E-4,3.0201916081721317E-4,1.718376392293599E-5,"{""type"":""MultiPoint"",""coordinates"":[]}"
20111216,2011-12-16,3.15789649852129E-4,2.9650585792465197E-4,1.9282937223768567E-5,"{""type"":""MultiPoint"",""coordinates"":[]}"
20111217,2011-12-17,3.9910619191634624E-4,3.043299813023369E-4,9.477453731935945E-5,"{""type"":""MultiPoint"",""coordinates"":[]}"
20111218,2011-12-18,3.664992688798511E-4,3.097266960568644E-4,5.677150503419333E-5,"{""type"":""MultiPoint"",""coordinates"":[]}"
20111219,2011-12-19,4.277992696991072E-4,3.2391242970391816E-4,1.0388596823167469E-4,"{""type"":""MultiPoint"",""coordinates"":[]}"
20111220,2011-12-20,4.4972013924875415E-4,3.4599855898341774E-4,1.0371991297915564E-4,"{""type"":""MultiPoint"",""coordinates"":[]}"
20111221,2011-12-21,3.150703384228529E-4,2.954330447732996E-4,1.9635306999515725E-5,"{""type"":""MultiPoint"",""coordinates"":[]}"
20111222,2011-12-22,3.0030351258658887E-4,2.858347478451132E-4,1.4467800962483828E-5,"{""type"":""MultiPoint"",""coordinates"":[]}"
20111223,2011-12-23,4.320557141692362E-4,3.1314553029708204E-4,1.1890925665431418E-4,"{""type"":""MultiPoint"",""coordinates"":[]}"
20111224,2011-12-24,2.9598637251726815E-4,2.8232206395232754E-4,1.366252382180632E-5,"{""type"":""MultiPoint"",""coordinates"":[]}"
20111225,2011-12-25,2.8915371635525436E-4,2.756180323740039E-4,1.3534474099351442E-5,"{""type"":""MultiPoint"",""coordinates"":[]}"
20111226,2011-12-26,2.821408832896048E-4,2.6995838147608834E-4,1.2180575942879175E-5,"{""type"":""MultiPoint"",""coordinates"":[]}"
20111227,2011-12-27,2.768767244013448E-4,2.6423830945311426E-4,1.263753912859348E-5,"{""type"":""MultiPoint"",""coordinates"":[]}"
20111228,2011-12-28,2.7288598544864196E-4,2.591297856933304E-4,1.37533796448325E-5,"{""type"":""MultiPoint"",""coordinates"":[]}"
20111229,2011-12-29,2.713840193388884E-4,2.541601505346393E-4,1.7222910920647054E-5,"{""type"":""MultiPoint"",""coordinates"":[]}"
20111230,2011-12-30,3.180686931354496E-4,2.530949848510275E-4,6.497212273525877E-5,"{""type"":""MultiPoint"",""coordinates"":[]}"
20111231,2011-12-31,2.858778130897605E-4,2.467204145770304E-4,3.9156212330878414E-5,"{""type"":""MultiPoint"",""coordinates"":[]}"
20120101,2012-01-01,3.345163630012513E-4,2.4126461547157614E-4,9.325098800767833E-5,"{""type"":""MultiPoint"",""coordinates"":[]}"
20120102,2012-01-02,2.980215009943585E-4,2.374247880457057E-4,6.0596239418702387E-5,"{""type"":""MultiPoint"",""coordinates"":[]}"
20120103,2012-01-03,2.785939325026804E-4,2.3481037299706779E-4,4.378273790134002E-5,"{""type"":""MultiPoint"",""coordinates"":[]}"
20120104,2012-01-04,2.7086533581515445E-4,2.3211047006745162E-4,3.875418914170307E-5,"{""type"":""MultiPoint"",""coordinates"":[]}"
20120105,2012-01-05,2.596011185318253E-4,2.2827252842789333E-4,3.132879086676213E-5,"{""type"":""MultiPoint"",""coordinates"":[]}"
20120106,2012-01-06,2.7049069879033877E-4,2.263392400656935E-4,4.415046839550325E-5,"{""type"":""MultiPoint"",""coordinates"":[]}"
20120107,2012-01-07,2.5858897682483963E-4,2.2523855335645E-4,3.334939720445913E-5,"{""type"":""MultiPoint"",""coordinates"":[]}"
20120108,2012-01-08,2.5323313048451247E-4,2.240527343441314E-4,2.9179328238999247E-5,"{""type"":""MultiPoint"",""coordinates"":[]}"
20120109,2012-01-09,2.5119838126128215E-4,2.188955759769923E-4,3.230275241801616E-5,"{""type"":""MultiPoint"",""coordinates"":[]}"
20120110,2012-01-10,2.6118457725403035E-4,2.1667157049488165E-4,4.451295288056514E-5,"{""type"":""MultiPoint"",""coordinates"":[]}"
20120111,2012-01-11,2.4696460410518625E-4,2.1516944778880278E-4,3.179544234284537E-5,"{""type"":""MultiPoint"",""coordinates"":[]}"
20120112,2012-01-12,2.3590406208399384E-4,2.1298498275321737E-4,2.2919089799506107E-5,"{""type"":""MultiPoint"",""coordinates"":[]}"
20120113,2012-01-13,2.2968811371921124E-4,2.110792742477713E-4,1.860803968369928E-5,"{""type"":""MultiPoint"",""coordinates"":[]}"
20120114,2012-01-14,2.1840391365015945E-4,2.0616163242460466E-4,1.2242241175645616E-5,"{""type"":""MultiPoint"",""coordinates"":[]}"
20120115,2012-01-15,2.3688404870063226E-4,2.0541633219865683E-4,3.146620488634106E-5,"{""type"":""MultiPoint"",""coordinates"":[]}"
20120116,2012-01-16,2.2934378935862788E-4,2.0214809424489344E-4,2.7194378001226973E-5,"{""type"":""MultiPoint"",""coordinates"":[]}"
20120117,2012-01-17,2.2229371235427033E-4,1.9745746281268073E-4,2.483603757599459E-5,"{""type"":""MultiPoint"",""coordinates"":[]}"
20120118,2012-01-18,2.2742702893223239E-4,1.9639715600510766E-4,3.1029127600574445E-5,"{""type"":""MultiPoint"",""coordinates"":[]}"
20120119,2012-01-19,2.2623009073812636E-4,1.948799660890229E-4,3.134891362362372E-5,"{""type"":""MultiPoint"",""coordinates"":[]}"
20120120,2012-01-20,2.4967680606204047E-4,1.982719726310228E-4,5.140405528527255E-5,"{""type"":""MultiPoint"",""coordinates"":[]}"
20120121,2012-01-21,2.3372342634678763E-4,1.96629395488919E-4,3.7093903820106985E-5,"{""type"":""MultiPoint"",""coordinates"":[]}"
20120122,2012-01-22,2.071206354330662E-4,1.912749045464723E-4,1.5845012386501375E-5,"{""type"":""MultiPoint"",""coordinates"":[]}"
20120123,2012-01-23,2.0399387958243068E-4,1.879013904502763E-4,1.609057864233455E-5,"{""type"":""MultiPoint"",""coordinates"":[]}"
20120124,2012-01-24,2.0314900975433462E-4,1.850321198348351E-4,1.8116839112752993E-5,"{""type"":""MultiPoint"",""coordinates"":[]}"
20120125,2012-01-25,2.0050662003087962E-4,1.8241133272566503E-4,1.8095609698135056E-5,"{""type"":""MultiPoint"",""coordinates"":[]}"
20120126,2012-01-26,2.050166727520801E-4,1.7987201550384284E-4,2.514486126235709E-5,"{""type"":""MultiPoint"",""coordinates"":[]}"
20120127,2012-01-27,2.039651381863686E-4,1.7800264618379272E-4,2.5959948689773406E-5,"{""type"":""MultiPoint"",""coordinates"":[]}"
20120128,2012-01-28,1.9740941495419588E-4,1.7631813744792532E-4,2.1090137121239754E-5,"{""type"":""MultiPoint"",""coordinates"":[]}"
20120129,2012-01-29,1.9111559975188892E-4,1.7506641933695457E-4,1.6048581090608445E-5,"{""type"":""MultiPoint"",""coordinates"":[]}"
20120130,2012-01-30,1.8670128192580288E-4,1.728833445819048E-4,1.381779542926187E-5,"{""type"":""MultiPoint"",""coordinates"":[]}"
20120131,2012-01-31,1.837028923020356E-4,1.7025999385375287E-4,1.3441490408813123E-5,"{""type"":""MultiPoint"",""coordinates"":[]}"
20120201,2012-02-01,1.7790762998149835E-4,1.6780001914341804E-4,1.010617043222705E-5,"{""type"":""MultiPoint"",""coordinates"":[]}"
20120202,2012-02-02,1.7763740531706747E-4,1.6533422641973176E-4,1.2301413919563898E-5,"{""type"":""MultiPoint"",""coordinates"":[]}"
20120203,2012-02-03,1.833797777962173E-4,1.6299955927464213E-4,2.0379601119725352E-5,"{""type"":""MultiPoint"",""coordinates"":[]}"
20120204,2012-02-04,1.92880778753542E-4,1.6274769933043295E-4,3.0131218394877656E-5,"{""type"":""MultiPoint"",""coordinates"":[]}"
20120205,2012-02-05,1.840588889191011E-4,1.5939337438769218E-4,2.4662920092778025E-5,"{""type"":""MultiPoint"",""coordinates"":[]}"
20120206,2012-02-06,1.7670719860932767E-4,1.562168485954035E-4,2.048882043089541E-5,"{""type"":""MultiPoint"",""coordinates"":[]}"
20120207,2012-02-07,1.8574618555639195E-4,1.5480186349912586E-4,3.094358914195928E-5,"{""type"":""MultiPoint"",""coordinates"":[]}"
20120208,2012-02-08,2.6544968773592297E-4,1.55272404720632E-4,1.1017505535978653E-4,"{""type"":""MultiPoint"",""coordinates"":[]}"
20120209,2012-02-09,2.3005329549240848E-4,1.5351769160641023E-4,7.653617029673204E-5,"{""type"":""MultiPoint"",""coordinates"":[]}"
20120210,2012-02-10,1.947231018324689E-4,1.520470582137893E-4,4.2676023604541176E-5,"{""type"":""MultiPoint"",""coordinates"":[]}"
20120211,2012-02-11,1.7455613897151951E-4,1.5012625468218573E-4,2.4428333670024E-5,"{""type"":""MultiPoint"",""coordinates"":[]}"
20120212,2012-02-12,1.7200515234970894E-4,1.4927698689173866E-4,2.272659380778724E-5,"{""type"":""MultiPoint"",""coordinates"":[]}"
20120213,2012-02-13,1.7949897287496277E-4,1.5139510343142236E-4,2.810161244678233E-5,"{""type"":""MultiPoint"",""coordinates"":[]}"
20120214,2012-02-14,1.9345392005147083E-4,1.5254425816232632E-4,4.090830533096717E-5,"{""type"":""MultiPoint"",""coordinates"":[]}"
20120215,2012-02-15,1.864860754235734E-4,1.4879537019918954E-4,3.768946762564677E-5,"{""type"":""MultiPoint"",""coordinates"":[]}"
20120216,2012-02-16,1.9394021154288816E-4,1.4570693656248412E-4,4.823315319347741E-5,"{""type"":""MultiPoint"",""coordinates"":[]}"
20120217,2012-02-17,2.0699575847071927E-4,1.467366267060691E-4,6.025730317409213E-5,"{""type"":""MultiPoint"",""coordinates"":[]}"
20120218,2012-02-18,1.8102830270126427E-4,1.4471221491212785E-4,3.631463051718747E-5,"{""type"":""MultiPoint"",""coordinates"":[]}"
20120219,2012-02-19,1.8190310281184738E-4,1.43805721857455E-4,3.809566781485164E-5,"{""type"":""MultiPoint"",""coordinates"":[]}"
20120220,2012-02-20,1.9224214243773277E-4,1.467168271666268E-4,4.5525278387430535E-5,"{""type"":""MultiPoint"",""coordinates"":[]}"
20120221,2012-02-21,1.9947351439209132E-4,1.4849176217573935E-4,5.098031389264148E-5,"{""type"":""MultiPoint"",""coordinates"":[]}"
20120222,2012-02-22,1.8633123933257825E-4,1.4670706635720965E-4,3.962266434504043E-5,"{""type"":""MultiPoint"",""coordinates"":[]}"
20120223,2012-02-23,1.8125018547027525E-4,1.4114055879734538E-4,4.01096552683487E-5,"{""type"":""MultiPoint"",""coordinates"":[]}"
20120224,2012-02-24,1.9240608239229503E-4,1.402194154293115E-4,5.2184551917735554E-5,"{""type"":""MultiPoint"",""coordinates"":[]}"
20120225,2012-02-25,2.111093027847905E-4,1.4102315084907465E-4,7.008617170009517E-5,"{""type"":""MultiPoint"",""coordinates"":[]}"
20120226,2012-02-26,2.2669726222683382E-4,1.4439456132845564E-4,8.230324209723683E-5,"{""type"":""MultiPoint"",""coordinates"":[]}"
20120227,2012-02-27,1.8551884294342645E-4,1.41463151111541E-4,4.405373034554136E-5,"{""type"":""MultiPoint"",""coordinates"":[]}"
20120228,2012-02-28,2.136665752423235E-4,1.428711399768739E-4,7.07953485239144E-5,"{""type"":""MultiPoint"",""coordinates"":[]}"
20120229,2012-02-29,2.5516808751689093E-4,1.459859722644838E-4,1.0918081205067934E-4,"{""type"":""MultiPoint"",""coordinates"":[]}"
20120301,2012-03-01,2.4103525793371127E-4,1.5015264004277407E-4,9.088187645088954E-5,"{""type"":""MultiPoint"",""coordinates"":[]}"
20120302,2012-03-02,2.1883288064639933E-4,1.493553701656164E-4,6.947693640717241E-5,"{""type"":""MultiPoint"",""coordinates"":[]}"
20120303,2012-03-03,2.223621733938991E-4,1.505684525519078E-4,7.179256003573439E-5,"{""type"":""MultiPoint"",""coordinates"":[]}"
20120304,2012-03-04,2.3635728539433016E-4,1.564061490483215E-4,7.995053490119084E-5,"{""type"":""MultiPoint"",""coordinates"":[]}"
20120305,2012-03-05,2.3832745897863316E-4,1.5828618115130462E-4,8.003974819808423E-5,"{""type"":""MultiPoint"",""coordinates"":[]}"
20120306,2012-03-06,2.4631652866047765E-4,1.4862446201764504E-4,9.768839477363563E-5,"{""type"":""MultiPoint"",""coordinates"":[]}"
20120307,2012-03-07,3.0429584316378917E-4,1.5551371532797155E-4,1.4878182237733204E-4,"{""type"":""MultiPoint"",""coordinates"":[]}"
20120308,2012-03-08,2.5679895385951446E-4,1.583087231832629E-4,9.848971492132636E-5,"{""type"":""MultiPoint"",""coordinates"":[]}"
20120309,2012-03-09,1.9655013124339127E-4,1.5255811846148125E-4,4.3991892964538073E-5,"{""type"":""MultiPoint"",""coordinates"":[]}"
20120310,2012-03-10,1.854167324832904E-4,1.4801411393017538E-4,3.740138712361749E-5,"{""type"":""MultiPoint"",""coordinates"":[]}"
20120311,2012-03-11,1.7116660665303314E-4,1.4411721783787898E-4,2.704851113609231E-5,"{""type"":""MultiPoint"",""coordinates"":[]}"
20120312,2012-03-12,1.73443605408642E-4,1.404278175483148E-4,3.301607451856082E-5,"{""type"":""MultiPoint"",""coordinates"":[]}"
20120313,2012-03-13,1.991545095998984E-4,1.386195942950303E-4,6.053494266280091E-5,"{""type"":""MultiPoint"",""coordinates"":[]}"
20120314,2012-03-14,2.2365650008418752E-4,1.395071382951099E-4,8.414879046969755E-5,"{""type"":""MultiPoint"",""coordinates"":[]}"
20120315,2012-03-15,2.503933907090238E-4,1.4136645133121944E-4,1.0902627776864215E-4,"{""type"":""MultiPoint"",""coordinates"":[]}"
20120316,2012-03-16,2.1627250792568263E-4,1.43352211134692E-4,7.292034185328399E-5,"{""type"":""MultiPoint"",""coordinates"":[]}"
20120317,2012-03-17,1.9367231692672183E-4,1.400406336214433E-4,5.3631829207697876E-5,"{""type"":""MultiPoint"",""coordinates"":[]}"
20120318,2012-03-18,2.053510316401469E-4,1.3851153473552478E-4,6.683865394400333E-5,"{""type"":""MultiPoint"",""coordinates"":[]}"
20120319,2012-03-19,3.647970081096933E-4,1.6134971284685802E-4,2.0344742274062472E-4,"{""type"":""MultiPoint"",""coordinates"":[]}"
20120320,2012-03-20,2.5449521393974595E-4,1.5677468642180277E-4,9.772032880234836E-5,"{""type"":""MultiPoint"",""coordinates"":[]}"
20120321,2012-03-21,2.2403457958012667E-4,1.3649801299668972E-4,8.753657498968935E-5,"{""type"":""MultiPoint"",""coordinates"":[]}"
20120322,2012-03-22,3.032788689814528E-4,1.3960963778067437E-4,1.6366974676346725E-4,"{""type"":""MultiPoint"",""coordinates"":[]}"
20120323,2012-03-23,2.5610193829144184E-4,1.3842201852099992E-4,1.1767855693928613E-4,"{""type"":""MultiPoint"",""coordinates"":[]}"
20120324,2012-03-24,2.3803899127471017E-4,1.3964732678026773E-4,9.839186339735577E-5,"{""type"":""MultiPoint"",""coordinates"":[]}"
20120325,2012-03-25,2.4271830404354796E-4,1.3753165154657262E-4,1.0518651383264541E-4,"{""type"":""MultiPoint"",""coordinates"":[]}"
20120326,2012-03-26,2.9144512537895194E-4,1.453229653802399E-4,1.461221045222618E-4,"{""type"":""MultiPoint"",""coordinates"":[]}"
20120327,2012-03-27,2.901712581853198E-4,1.4475928004043225E-4,1.4541032067403207E-4,"{""type"":""MultiPoint"",""coordinates"":[]}"
20120328,2012-03-28,3.3677199554323675E-4,1.4717262751605688E-4,1.89597879320526E-4,"{""type"":""MultiPoint"",""coordinates"":[]}"
20120329,2012-03-29,4.5443555723501637E-4,1.7202171457081196E-4,2.8241170286185757E-4,"{""type"":""MultiPoint"",""coordinates"":[]}"
20120330,2012-03-30,2.917971928963721E-4,1.5578093216604173E-4,1.360162182826376E-4,"{""type"":""MultiPoint"",""coordinates"":[]}"
20120331,2012-03-31,2.555727116659592E-4,1.4793329731210933E-4,1.0763887158416467E-4,"{""type"":""MultiPoint"",""coordinates"":[]}"
20120401,2012-04-01,2.940153474166322E-4,1.4548024761310517E-4,1.485343390710848E-4,"{""type"":""MultiPoint"",""coordinates"":[]}"
20120402,2012-04-02,3.3123569840332295E-4,1.4268719800417616E-4,1.8854762721131843E-4,"{""type"":""MultiPoint"",""coordinates"":[]}"
20120403,2012-04-03,3.4931034597991483E-4,1.4428899087032135E-4,2.0502076442210495E-4,"{""type"":""MultiPoint"",""coordinates"":[]}"
20120404,2012-04-04,3.800190336445862E-4,1.440275985275324E-4,2.359913497801665E-4,"{""type"":""MultiPoint"",""coordinates"":[]}"
20120405,2012-04-05,4.526353456415972E-4,1.523965998351514E-4,3.002385949550648E-4,"{""type"":""MultiPoint"",""coordinates"":[]}"
20120406,2012-04-06,5.465806119225689E-4,1.5985172661399743E-4,3.867285237551388E-4,"{""type"":""MultiPoint"",""coordinates"":[]}"
20120407,2012-04-07,5.475480514989974E-4,1.7237823349700466E-4,3.751698042564071E-4,"{""type"":""MultiPoint"",""coordinates"":[]}"
20120408,2012-04-08,5.472867729793681E-4,1.914069724715088E-4,3.558795392030963E-4,"{""type"":""MultiPoint"",""coordinates"":[]}"
20120409,2012-04-09,6.123341501707088E-4,1.9569779750554153E-4,4.166358163769208E-4,"{""type"":""MultiPoint"",""coordinates"":[]}"
20120410,2012-04-10,5.721282204790172E-4,2.0050344128491845E-4,3.716244576438695E-4,"{""type"":""MultiPoint"",""coordinates"":[]}"
20120411,2012-04-11,5.233637843351746E-4,1.9605724346357316E-4,3.273065494777102E-4,"{""type"":""MultiPoint"",""coordinates"":[]}"
20120412,2012-04-12,5.564325160049522E-4,2.099458116401707E-4,3.4648639267142154E-4,"{""type"":""MultiPoint"",""coordinates"":[]}"
20120413,2012-04-13,6.381644023237124E-4,2.072715957877488E-4,4.308926690147229E-4,"{""type"":""MultiPoint"",""coordinates"":[]}"
20120414,2012-04-14,5.452333238674386E-4,2.141754506381592E-4,3.3105742574553664E-4,"{""type"":""MultiPoint"",""coordinates"":[]}"
20120415,2012-04-15,6.232183759205616E-4,2.224729618099735E-4,4.007446175864271E-4,"{""type"":""MultiPoint"",""coordinates"":[]}"
20120416,2012-04-16,6.408883702216826E-4,2.48096037178471E-4,3.9279150904656464E-4,"{""type"":""MultiPoint"",""coordinates"":[]}"
20120417,2012-04-17,5.219109424151389E-4,2.3373682814872057E-4,2.8817399572733996E-4,"{""type"":""MultiPoint"",""coordinates"":[]}"
20120418,2012-04-18,6.096824349669782E-4,2.5688738029368627E-4,3.527945404124957E-4,"{""type"":""MultiPoint"",""coordinates"":[]}"
20120419,2012-04-19,5.263754577060726E-4,2.705726081460397E-4,2.558023808531813E-4,"{""type"":""MultiPoint"",""coordinates"":[]}"
20120420,2012-04-20,4.866861004840924E-4,2.116009782136368E-4,2.7508512819239463E-4,"{""type"":""MultiPoint"",""coordinates"":[]}"
20120421,2012-04-21,5.153431551138854E-4,2.100613407540774E-4,3.0528190565600025E-4,"{""type"":""MultiPoint"",""coordinates"":[]}"
20120422,2012-04-22,5.936773530991007E-4,2.1329068693513363E-4,3.80386600822535E-4,"{""type"":""MultiPoint"",""coordinates"":[]}"
20120423,2012-04-23,6.651450483958657E-4,2.1335599684485003E-4,4.5178839315626926E-4,"{""type"":""MultiPoint"",""coordinates"":[]}"
20120424,2012-04-24,6.31519218723186E-4,2.5180532539112785E-4,3.7971365217172217E-4,"{""type"":""MultiPoint"",""coordinates"":[]}"
20120425,2012-04-25,6.452242456739721E-4,2.877569635131157E-4,3.5746666049196486E-4,"{""type"":""MultiPoint"",""coordinates"":[]}"
20120426,2012-04-26,6.545805116780745E-4,2.8401447885642177E-4,3.705659383474272E-4,"{""type"":""MultiPoint"",""coordinates"":[]}"
20120427,2012-04-27,8.726087607139975E-4,3.3242935751085997E-4,5.401780570807492E-4,"{""type"":""MultiPoint"",""coordinates"":[]}"
20120428,2012-04-28,0.001117912482272613,4.4143921970124457E-4,6.764729562082437E-4,"{""type"":""MultiPoint"",""coordinates"":[]}"
20120429,2012-04-29,8.905848222932681E-4,3.86440379192429E-4,5.041442579277778E-4,"{""type"":""MultiPoint"",""coordinates"":[]}"
20120430,2012-04-30,7.746881912778158E-4,3.895464215918313E-4,3.85141730981723E-4,"{""type"":""MultiPoint"",""coordinates"":[]}"
20120501,2012-05-01,8.316899163088873E-4,4.2054253160911994E-4,4.111465394490386E-4,"{""type"":""MultiPoint"",""coordinates"":[]}"
20120502,2012-05-02,6.270669293489871E-4,3.6979663866368567E-4,2.572692976687929E-4,"{""type"":""MultiPoint"",""coordinates"":[]}"
20120503,2012-05-03,5.253577263946066E-4,2.8491057015956684E-4,2.4044665291544982E-4,"{""type"":""MultiPoint"",""coordinates"":[]}"
20120504,2012-05-04,5.23456957285379E-4,2.675020271457918E-4,2.5595486579817417E-4,"{""type"":""MultiPoint"",""coordinates"":[]}"
20120505,2012-05-05,4.6810607841701174E-4,2.4544960462759096E-4,2.2265608932209115E-4,"{""type"":""MultiPoint"",""coordinates"":[]}"
20120506,2012-05-06,4.6512021061813845E-4,2.20669952443757E-4,2.4444966136485117E-4,"{""type"":""MultiPoint"",""coordinates"":[]}"
20120507,2012-05-07,4.7271200705758176E-4,2.090103483016965E-4,2.637012062464837E-4,"{""type"":""MultiPoint"",""coordinates"":[]}"
20120508,2012-05-08,5.184028684852067E-4,2.0081995679137085E-4,3.1758225547022105E-4,"{""type"":""MultiPoint"",""coordinates"":[]}"
20120509,2012-05-09,5.514675135160265E-4,1.9463475290121355E-4,3.568324210780144E-4,"{""type"":""MultiPoint"",""coordinates"":[]}"
20120510,2012-05-10,6.019425677679071E-4,1.910853998975236E-4,4.108573948077423E-4,"{""type"":""MultiPoint"",""coordinates"":[]}"
20120511,2012-05-11,6.901061432708958E-4,1.9405071018562694E-4,4.960550136639954E-4,"{""type"":""MultiPoint"",""coordinates"":[]}"
20120512,2012-05-12,7.152728240797945E-4,1.9971425900905837E-4,5.155584297343927E-4,"{""type"":""MultiPoint"",""coordinates"":[]}"
20120513,2012-05-13,7.456018885983737E-4,2.1629075839254975E-4,5.293109792300547E-4,"{""type"":""MultiPoint"",""coordinates"":[]}"
20120514,2012-05-14,0.0010053337809810122,2.444306961172328E-4,7.609024860896108E-4,"{""type"":""MultiPoint"",""coordinates"":[]}"
20120515,2012-05-15,0.0010442626736590372,2.4422243797337604E-4,8.000395955980401E-4,"{""type"":""MultiPoint"",""coordinates"":[]}"
20120516,2012-05-16,8.645145815073715E-4,2.4431072486168724E-4,6.202029062563225E-4,"{""type"":""MultiPoint"",""coordinates"":[]}"
20120517,2012-05-17,6.776106090889821E-4,2.407426379883313E-4,4.3686731878763064E-4,"{""type"":""MultiPoint"",""coordinates"":[]}"
20120518,2012-05-18,5.861691227266113E-4,2.147462273680075E-4,3.7142293793904267E-4,"{""type"":""MultiPoint"",""coordinates"":[]}"
20120519,2012-05-19,6.569546097887935E-4,2.124207443446151E-4,4.4453360769257984E-4,"{""type"":""MultiPoint"",""coordinates"":[]}"
20120520,2012-05-20,7.019172776926971E-4,2.0611408578537587E-4,4.958025575734937E-4,"{""type"":""MultiPoint"",""coordinates"":[]}"
20120521,2012-05-21,7.617793413210234E-4,2.0963154924987326E-4,5.521477434837173E-4,"{""type"":""MultiPoint"",""coordinates"":[]}"
20120522,2012-05-22,7.951674128133181E-4,2.1066770595771505E-4,5.844985350678253E-4,"{""type"":""MultiPoint"",""coordinates"":[]}"
20120523,2012-05-23,9.665727740546542E-4,2.3104726010557354E-4,7.355222830202406E-4,"{""type"":""MultiPoint"",""coordinates"":[]}"
20120524,2012-05-24,9.535392865224668E-4,2.37104280877972E-4,7.164344433483891E-4,"{""type"":""MultiPoint"",""coordinates"":[]}"
20120525,2012-05-25,8.587242341858449E-4,2.3532091055165333E-4,6.234021972941613E-4,"{""type"":""MultiPoint"",""coordinates"":[]}"
20120526,2012-05-26,8.564407538838924E-4,2.2019850695665703E-4,6.362423048953729E-4,"{""type"":""MultiPoint"",""coordinates"":[]}"
20120527,2012-05-27,9.26565228910153E-4,2.2546452980142306E-4,7.011000444918293E-4,"{""type"":""MultiPoint"",""coordinates"":[]}"
20120528,2012-05-28,9.083014563086842E-4,2.3196191706483156E-4,6.763391976485096E-4,"{""type"":""MultiPoint"",""coordinates"":[]}"
20120529,2012-05-29,0.0010314130890948891,2.4215619452017546E-4,7.89255964912384E-4,"{""type"":""MultiPoint"",""coordinates"":[]}"
20120530,2012-05-30,0.0013192959599548101,3.079702344887773E-4,0.0010113248019154209,"{""type"":""MultiPoint"",""coordinates"":[]}"
20120531,2012-05-31,0.0015178125244897152,3.6990663029895873E-4,0.0011479050589087466,"{""type"":""MultiPoint"",""coordinates"":[]}"
20120601,2012-06-01,0.002138874230924739,5.667874888240143E-4,0.0015720859693685507,"{""type"":""MultiPoint"",""coordinates"":[]}"
20120602,2012-06-02,0.001765964104008281,5.24728753706957E-4,0.0012412352673745108,"{""type"":""MultiPoint"",""coordinates"":[]}"
20120603,2012-06-03,0.0020429364010057524,6.977311283400729E-4,0.001345204612785162,"{""type"":""MultiPoint"",""coordinates"":[]}"
20120604,2012-06-04,0.0018897178256760024,6.035488151058124E-4,0.0012861679549851638,"{""type"":""MultiPoint"",""coordinates"":[]}"
20120605,2012-06-05,0.0014458260252697291,5.432191945322461E-4,9.026059505392004E-4,"{""type"":""MultiPoint"",""coordinates"":[]}"
20120606,2012-06-06,0.0011896858210884138,4.592741019258922E-4,7.304116245471932E-4,"{""type"":""MultiPoint"",""coordinates"":[]}"
20120607,2012-06-07,0.001035124835470779,4.2183005213148846E-4,6.132946926837214E-4,"{""type"":""MultiPoint"",""coordinates"":[]}"
20120608,2012-06-08,0.0012863477240405044,4.447734162665669E-4,8.415740568828386E-4,"{""type"":""MultiPoint"",""coordinates"":[]}"
20120609,2012-06-09,0.001354895854164221,4.70601463499494E-4,8.842938363028883E-4,"{""type"":""MultiPoint"",""coordinates"":[]}"
20120610,2012-06-10,0.0014983737449802232,5.189002648174366E-4,9.79473448413918E-4,"{""type"":""MultiPoint"",""coordinates"":[]}"
20120611,2012-06-11,0.0013192750251169623,4.987486988156939E-4,8.205262987122592E-4,"{""type"":""MultiPoint"",""coordinates"":[]}"
20120612,2012-06-12,0.0014982945627411385,5.201454562411046E-4,9.781487276616192E-4,"{""type"":""MultiPoint"",""coordinates"":[]}"
20120613,2012-06-13,0.001820173821562889,6.131808156236562E-4,0.0012069925909792044,"{""type"":""MultiPoint"",""coordinates"":[]}"
20120614,2012-06-14,0.002101552164980846,7.819715523213057E-4,0.0013195801995643439,"{""type"":""MultiPoint"",""coordinates"":[]}"
20120615,2012-06-15,0.002652827378978325,0.001041236615793882,0.0016115903542535327,"{""type"":""MultiPoint"",""coordinates"":[]}"
20120616,2012-06-16,0.002747988665584218,0.0011642192758316112,0.0015837693106046272,"{""type"":""MultiPoint"",""coordinates"":[]}"
20120617,2012-06-17,0.0023706503449994597,9.62646905993668E-4,0.001408003391038822,"{""type"":""MultiPoint"",""coordinates"":[]}"
20120618,2012-06-18,0.0021098462382121027,8.876163105921153E-4,0.001222229564490321,"{""type"":""MultiPoint"",""coordinates"":[]}"
20120619,2012-06-19,0.0017428501014002146,7.586529570382648E-4,9.841969731399856E-4,"{""type"":""MultiPoint"",""coordinates"":[]}"
20120620,2012-06-20,0.002172972562445864,8.207886789918147E-4,0.001352183425950944,"{""type"":""MultiPoint"",""coordinates"":[]}"
20120621,2012-06-21,0.002930756487594426,0.001073851897198266,0.001856904166446284,"{""type"":""MultiPoint"",""coordinates"":[]}"
20120622,2012-06-22,0.0028466570785999593,0.001186337953170913,0.0016603187999692048,"{""type"":""MultiPoint"",""coordinates"":[]}"
20120623,2012-06-23,0.0033215668060218293,0.001337831322106966,0.0019837352752743063,"{""type"":""MultiPoint"",""coordinates"":[]}"
20120624,2012-06-24,0.00496179035094694,0.0019791060613794957,0.002982684062217093,"{""type"":""MultiPoint"",""coordinates"":[]}"
20120625,2012-06-25,0.0048660192676669815,0.001940043397532358,0.002925975679862646,"{""type"":""MultiPoint"",""coordinates"":[]}"
20120626,2012-06-26,0.004198019983974224,0.0018131129195311845,0.0023849067477488503,"{""type"":""MultiPoint"",""coordinates"":[]}"
20120627,2012-06-27,0.002520862900584139,0.001440480165497198,0.0010803825179329506,"{""type"":""MultiPoint"",""coordinates"":[]}"
20120628,2012-06-28,0.002179942456351807,0.001211215009646209,9.687272997471107E-4,"{""type"":""MultiPoint"",""coordinates"":[]}"
20120629,2012-06-29,0.0023091056390957504,0.0012440980003285028,0.0010650073036474438,"{""type"":""MultiPoint"",""coordinates"":[]}"
20120630,2012-06-30,0.001998246794763012,0.001052917410417192,9.453293494022007E-4,"{""type"":""MultiPoint"",""coordinates"":[]}"
20120701,2012-07-01,0.001721859962561175,9.045064760986663E-4,8.173533740956179E-4,"{""type"":""MultiPoint"",""coordinates"":[]}"
20120702,2012-07-02,0.0022785296415790976,0.0011113748320620192,0.0011671546282850933,"{""type"":""MultiPoint"",""coordinates"":[]}"
20120703,2012-07-03,0.002349038100973194,0.001016391339794295,0.0013326466070885208,"{""type"":""MultiPoint"",""coordinates"":[]}"
20120704,2012-07-04,0.0027054980748970263,0.0011933122913316125,0.0015121855120456124,"{""type"":""MultiPoint"",""coordinates"":[]}"
20120705,2012-07-05,0.0030380647051740993,0.0011966544986000472,0.0018414096203625578,"{""type"":""MultiPoint"",""coordinates"":[]}"
20120706,2012-07-06,0.0030834598259739015,0.0012232333825331117,0.0018602260434166314,"{""type"":""MultiPoint"",""coordinates"":[]}"
20120707,2012-07-07,0.0025657584827798,0.0011917317301013662,0.0013740266439586156,"{""type"":""MultiPoint"",""coordinates"":[]}"
20120708,2012-07-08,0.002480822068654194,0.0012520023775419063,0.0012288195688273187,"{""type"":""MultiPoint"",""coordinates"":[]}"
20120709,2012-07-09,0.002667057455797442,0.0012987575278251276,0.0013682998822615309,"{""type"":""MultiPoint"",""coordinates"":[]}"
20120710,2012-07-10,0.0028644227292578595,0.0014750542471110703,0.0013893684425693594,"{""type"":""MultiPoint"",""coordinates"":[]}"
20120711,2012-07-11,0.00277832415166376,0.0013917023902231878,0.001386621749349885,"{""type"":""MultiPoint"",""coordinates"":[]}"
20120712,2012-07-12,0.002731181684868602,0.001280312829189077,0.0014508687024741187,"{""type"":""MultiPoint"",""coordinates"":[]}"
20120713,2012-07-13,0.003226117171897141,0.0014960881251025755,0.0017300289374916492,"{""type"":""MultiPoint"",""coordinates"":[]}"
20120714,2012-07-14,0.003735244568366094,0.0017878070891492815,0.0019474373333517629,"{""type"":""MultiPoint"",""coordinates"":[]}"
20120715,2012-07-15,0.004383668617468958,0.0020715608576888736,0.0023121076876105964,"{""type"":""MultiPoint"",""coordinates"":[]}"
20120716,2012-07-16,0.0030421970209868546,0.00162911719631131,0.0014130799387366633,"{""type"":""MultiPoint"",""coordinates"":[]}"
20120717,2012-07-17,0.002742757842176506,0.001524565875314975,0.0012181919358127732,"{""type"":""MultiPoint"",""coordinates"":[]}"
20120718,2012-07-18,0.0038853288717869963,0.001956655583708085,0.0019286727655116673,"{""type"":""MultiPoint"",""coordinates"":[]}"
20120719,2012-07-19,0.0037602374464479563,0.0019737690045598215,0.001786468295168594,"{""type"":""MultiPoint"",""coordinates"":[]}"
20120720,2012-07-20,0.003105453344119941,0.0016857364452159765,0.0014197171127732324,"{""type"":""MultiPoint"",""coordinates"":[]}"
20120721,2012-07-21,0.0030842248080856756,0.0015808086461281269,0.0015034160254151871,"{""type"":""MultiPoint"",""coordinates"":[]}"
20120722,2012-07-22,0.0033396280100730035,0.001781997779455803,0.0015576303305576032,"{""type"":""MultiPoint"",""coordinates"":[]}"
20120723,2012-07-23,0.003560287121045643,0.0020866918749180632,0.0014735950976479271,"{""type"":""MultiPoint"",""coordinates"":[]}"
20120724,2012-07-24,0.004290735897536714,0.0023616722888929347,0.0019290636538992945,"{""type"":""MultiPoint"",""coordinates"":[]}"
20120725,2012-07-25,0.003433053135988976,0.001871978760994517,0.0015610742338050118,"{""type"":""MultiPoint"",""coordinates"":[]}"
20120726,2012-07-26,0.003252901341679831,0.0018211600427473359,0.0014317412237767216,"{""type"":""MultiPoint"",""coordinates"":[]}"
20120727,2012-07-27,0.0031631856925724493,0.0018160984789565744,0.0013470872832194317,"{""type"":""MultiPoint"",""coordinates"":[]}"
20120728,2012-07-28,0.0037996679254457023,0.002095177998747304,0.0017044898412444968,"{""type"":""MultiPoint"",""coordinates"":[]}"
20120729,2012-07-29,0.0037234867770684554,0.002147427831060934,0.0015760586134364362,"{""type"":""MultiPoint"",""coordinates"":[]}"
20120730,2012-07-30,0.003321910957691887,0.0019932656724274875,0.001328645311904524,"{""type"":""MultiPoint"",""coordinates"":[]}"
20120731,2012-07-31,0.002958689589408694,0.001943536462372836,0.0010151529179365881,"{""type"":""MultiPoint"",""coordinates"":[]}"
20120801,2012-08-01,0.002740962473784301,0.0017253163830335874,0.0010156461220718488,"{""type"":""MultiPoint"",""coordinates"":[]}"
20120802,2012-08-02,0.003870284535218597,0.0019759858140501424,0.0018942985189090403,"{""type"":""MultiPoint"",""coordinates"":[]}"
20120803,2012-08-03,0.004922878736746703,0.002209889250552132,0.002712989430043082,"{""type"":""MultiPoint"",""coordinates"":[]}"
20120804,2012-08-04,0.0038341053258736857,0.0021172422636215145,0.001716862864287331,"{""type"":""MultiPoint"",""coordinates"":[]}"
20120805,2012-08-05,0.004074679615016194,0.0020943689997930414,0.0019803104665551937,"{""type"":""MultiPoint"",""coordinates"":[]}"
20120806,2012-08-06,0.0038150404514845407,0.0020831884635773316,0.0017318519101211024,"{""type"":""MultiPoint"",""coordinates"":[]}"
20120807,2012-08-07,0.0033947182843034993,0.0021055159481056123,0.0012892023641925114,"{""type"":""MultiPoint"",""coordinates"":[]}"
20120808,2012-08-08,0.003181104481526733,0.0020441143025280986,0.0011369901787823076,"{""type"":""MultiPoint"",""coordinates"":[]}"
20120809,2012-08-09,0.0033218225297842376,0.0020781274942229,0.001243695078258789,"{""type"":""MultiPoint"",""coordinates"":[]}"
20120810,2012-08-10,0.0038420337656281615,0.002354140346607332,0.001487893303239917,"{""type"":""MultiPoint"",""coordinates"":[]}"
20120811,2012-08-11,0.0039334641893628945,0.0024653137609388304,0.0014681503472593301,"{""type"":""MultiPoint"",""coordinates"":[]}"
20120812,2012-08-12,0.0037083412760899694,0.00243520496408006,0.0012731363352832027,"{""type"":""MultiPoint"",""coordinates"":[]}"
20120813,2012-08-13,0.0033180340141059908,0.0022335492160763947,0.001084484846636202,"{""type"":""MultiPoint"",""coordinates"":[]}"
20120814,2012-08-14,0.002563505009668354,0.0018202554988960837,7.432495203678253E-4,"{""type"":""MultiPoint"",""coordinates"":[]}"
20120815,2012-08-15,0.0024226947660810935,0.0017042927429675512,7.1840199399304E-4,"{""type"":""MultiPoint"",""coordinates"":[]}"
20120816,2012-08-16,0.002343215650529348,0.0015952583644026756,7.47957299183454E-4,"{""type"":""MultiPoint"",""coordinates"":[]}"
20120817,2012-08-17,0.0024379498671516764,0.0015525463852826085,8.854033271405264E-4,"{""type"":""MultiPoint"",""coordinates"":[]}"
20120818,2012-08-18,0.00294555990884799,0.0016450892471826736,0.00130047073711854,"{""type"":""MultiPoint"",""coordinates"":[]}"
20120819,2012-08-19,0.0038557571863370725,0.002064660760256943,0.0017910962722577025,"{""type"":""MultiPoint"",""coordinates"":[]}"
20120820,2012-08-20,0.0042405816381191775,0.002387767949700416,0.001852813667115516,"{""type"":""MultiPoint"",""coordinates"":[]}"
20120821,2012-08-21,0.004900378540379918,0.0024959937389730236,0.002404384470096896,"{""type"":""MultiPoint"",""coordinates"":[]}"
20120822,2012-08-22,0.004167859311754591,0.0023070093251819366,0.0018608499910039108,"{""type"":""MultiPoint"",""coordinates"":[]}"
20120823,2012-08-23,0.002882626214553868,0.0018204681708595184,0.0010621579821656739,"{""type"":""MultiPoint"",""coordinates"":[]}"
20120824,2012-08-24,0.002585568898673231,0.0017494622058278136,8.361067486438971E-4,"{""type"":""MultiPoint"",""coordinates"":[]}"
20120825,2012-08-25,0.0028494069905076287,0.001789225950009895,0.0010601808844987687,"{""type"":""MultiPoint"",""coordinates"":[]}"
20120826,2012-08-26,0.0027518621049800497,0.0017911830545604996,9.606791236578824E-4,"{""type"":""MultiPoint"",""coordinates"":[]}"
20120827,2012-08-27,0.0027735194289983753,0.0019568787134698127,8.166405461974847E-4,"{""type"":""MultiPoint"",""coordinates"":[]}"
20120828,2012-08-28,0.002462359902551584,0.001854827350854415,6.075326343403015E-4,"{""type"":""MultiPoint"",""coordinates"":[]}"
20120829,2012-08-29,0.002762833397141229,0.0019408267266993273,8.220066013024653E-4,"{""type"":""MultiPoint"",""coordinates"":[]}"
20120830,2012-08-30,0.0030955219536581064,0.0020057510298615673,0.0010897709730137753,"{""type"":""MultiPoint"",""coordinates"":[]}"
20120831,2012-08-31,0.003315207763807615,0.002178992791056887,0.001136214959122157,"{""type"":""MultiPoint"",""coordinates"":[]}"
20120901,2012-09-01,0.0031279197829462094,0.0020953920811391433,0.0010325276859606558,"{""type"":""MultiPoint"",""coordinates"":[]}"
20120902,2012-09-02,0.0029775843743709562,0.0019199380605760105,0.0010576463134085092,"{""type"":""MultiPoint"",""coordinates"":[]}"
20120903,2012-09-03,0.004312012172680358,0.0024233083892349007,0.00188870383408406,"{""type"":""MultiPoint"",""coordinates"":[]}"
20120904,2012-09-04,0.0053786871586139545,0.002971081161652563,0.0024076057964925687,"{""type"":""MultiPoint"",""coordinates"":[]}"
20120905,2012-09-05,0.004770538502523597,0.002929862630262044,0.0018406757192783742,"{""type"":""MultiPoint"",""coordinates"":[]}"
20120906,2012-09-06,0.0037815858777766726,0.00242254046815547,0.0013590455327601699,"{""type"":""MultiPoint"",""coordinates"":[]}"
20120907,2012-09-07,0.003278782298119305,0.00231814914265634,9.606331458054601E-4,"{""type"":""MultiPoint"",""coordinates"":[]}"
20120908,2012-09-08,0.0028971327486892557,0.002028747219441556,8.683856051198111E-4,"{""type"":""MultiPoint"",""coordinates"":[]}"
20120909,2012-09-09,0.0030901174434193176,0.0019201524175167116,0.0011699648869010028,"{""type"":""MultiPoint"",""coordinates"":[]}"
20120910,2012-09-10,0.003014024053276492,0.001961953747486594,0.0010520703676076665,"{""type"":""MultiPoint"",""coordinates"":[]}"
20120911,2012-09-11,0.003032028053233936,0.0019855792022390214,0.001046448827375498,"{""type"":""MultiPoint"",""coordinates"":[]}"
20120912,2012-09-12,0.003579026594943478,0.0020343999897881604,0.00154462651944674,"{""type"":""MultiPoint"",""coordinates"":[]}"
20120913,2012-09-13,0.004050062919709636,0.0023642600598097,0.0016858029626245594,"{""type"":""MultiPoint"",""coordinates"":[]}"
20120914,2012-09-14,0.0044747074122619655,0.0025004096375094427,0.001974297690415165,"{""type"":""MultiPoint"",""coordinates"":[]}"
20120915,2012-09-15,0.0043287196829436565,0.002570391754117354,0.001758327823828773,"{""type"":""MultiPoint"",""coordinates"":[]}"
20120916,2012-09-16,0.004749537444574829,0.0026231711520352387,0.002126366335898312,"{""type"":""MultiPoint"",""coordinates"":[]}"
20120917,2012-09-17,0.00490761026891515,0.0025558121014476265,0.0023517981011029645,"{""type"":""MultiPoint"",""coordinates"":[]}"
20120918,2012-09-18,0.003641106446284848,0.0023057914082765018,0.0013353149395837003,"{""type"":""MultiPoint"",""coordinates"":[]}"
20120919,2012-09-19,0.0032390031610058175,0.0022292072041648105,0.0010097958490877749,"{""type"":""MultiPoint"",""coordinates"":[]}"
20120920,2012-09-20,0.003188495652028224,0.002190535624594883,9.97960061577042E-4,"{""type"":""MultiPoint"",""coordinates"":[]}"
20120921,2012-09-21,0.0030091583700522125,0.002090123364367662,9.190345786584191E-4,"{""type"":""MultiPoint"",""coordinates"":[]}"
20120922,2012-09-22,0.0029125432384294533,0.002000916359282588,9.11625866394986E-4,"{""type"":""MultiPoint"",""coordinates"":[]}"
20120923,2012-09-23,0.002543833102740144,0.0018809835337603195,6.628494683928995E-4,"{""type"":""MultiPoint"",""coordinates"":[]}"
20120924,2012-09-24,0.002264390125629636,0.0018053455227565309,4.5904441039508785E-4,"{""type"":""MultiPoint"",""coordinates"":[]}"
20120925,2012-09-25,0.0019476558062933266,0.001682458734446847,2.651971812290461E-4,"{""type"":""MultiPoint"",""coordinates"":[]}"
20120926,2012-09-26,0.0018012486190416208,0.0015991304881078534,2.0211809125308898E-4,"{""type"":""MultiPoint"",""coordinates"":[]}"
20120927,2012-09-27,0.0016907752760951234,0.0015160094732328477,1.747660425889583E-4,"{""type"":""MultiPoint"",""coordinates"":[]}"
20120928,2012-09-28,0.0016661550874226896,0.001457592678052292,2.0856185899486895E-4,"{""type"":""MultiPoint"",""coordinates"":[]}"
20120929,2012-09-29,0.0016911373002540203,0.001419504818033631,2.716325567365258E-4,"{""type"":""MultiPoint"",""coordinates"":[]}"
20120930,2012-09-30,0.0018160046345804077,0.0013992366946132071,4.167672081920335E-4,"{""type"":""MultiPoint"",""coordinates"":[]}"
20121001,2012-10-01,0.002154470732398856,0.0014449145164403268,7.095565286315039E-4,"{""type"":""MultiPoint"",""coordinates"":[]}"
20121002,2012-10-02,0.0024718749479933975,0.0015456601018879097,9.262150939704742E-4,"{""type"":""MultiPoint"",""coordinates"":[]}"
20121003,2012-10-03,0.0027355350316626416,0.0015861419024587112,0.001149393060124479,"{""type"":""MultiPoint"",""coordinates"":[]}"
20121004,2012-10-04,0.002741542414203806,0.0018070436989393926,9.34498612880502E-4,"{""type"":""MultiPoint"",""coordinates"":[]}"
20121005,2012-10-05,0.0022939849509171317,0.0018090070004705763,4.849771938017003E-4,"{""type"":""MultiPoint"",""coordinates"":[]}"
20121006,2012-10-06,0.0017582350334623819,0.0015243399557560162,2.3389443124301217E-4,"{""type"":""MultiPoint"",""coordinates"":[]}"
20121007,2012-10-07,0.0015679888522175166,0.001390488605670932,1.77500528359594E-4,"{""type"":""MultiPoint"",""coordinates"":[]}"
20121008,2012-10-08,0.0014442378746264105,0.0012753013959931878,1.689364329229332E-4,"{""type"":""MultiPoint"",""coordinates"":[]}"
20121009,2012-10-09,0.001714736387385131,0.0012838697520774535,4.308660270824979E-4,"{""type"":""MultiPoint"",""coordinates"":[]}"
20121010,2012-10-10,0.0018244212543383263,0.0012898227371415068,5.345979477226057E-4,"{""type"":""MultiPoint"",""coordinates"":[]}"
20121011,2012-10-11,0.0023063190155188564,0.0014947692215937034,8.115496639763269E-4,"{""type"":""MultiPoint"",""coordinates"":[]}"
20121012,2012-10-12,0.0017984830608526973,0.0014718892914519267,3.2659386516066297E-4,"{""type"":""MultiPoint"",""coordinates"":[]}"
20121013,2012-10-13,0.0014070192052137768,0.0012538091044118924,1.532092570197152E-4,"{""type"":""MultiPoint"",""coordinates"":[]}"
20121014,2012-10-14,0.0013088963249026904,0.0011854902260531803,1.2340528167009829E-4,"{""type"":""MultiPoint"",""coordinates"":[]}"
20121015,2012-10-15,0.0012248497233233,0.001126316527385578,9.85333770758008E-5,"{""type"":""MultiPoint"",""coordinates"":[]}"
20121016,2012-10-16,0.0011642125670067026,0.0010754936286663293,8.871922088250318E-5,"{""type"":""MultiPoint"",""coordinates"":[]}"
20121017,2012-10-17,0.0010984759334398215,0.001033867768097066,6.460631186186233E-5,"{""type"":""MultiPoint"",""coordinates"":[]}"
20121018,2012-10-18,0.001060530089147786,9.95629324246952E-4,6.489957815358348E-5,"{""type"":""MultiPoint"",""coordinates"":[]}"
20121019,2012-10-19,0.001129938617840805,9.793480412273502E-4,1.505895337464626E-4,"{""type"":""MultiPoint"",""coordinates"":[]}"
20121020,2012-10-20,0.0011975545306156395,9.913274743691693E-4,2.0622640169348634E-4,"{""type"":""MultiPoint"",""coordinates"":[]}"
20121021,2012-10-21,9.805102040547312E-4,9.08161084757682E-4,7.234834666959767E-5,"{""type"":""MultiPoint"",""coordinates"":[]}"
20121022,2012-10-22,0.0010098143845771524,9.029452956168842E-4,1.0686975067021878E-4,"{""type"":""MultiPoint"",""coordinates"":[]}"
20121023,2012-10-23,9.727712987899765E-4,8.725538518576641E-4,1.0021735154902467E-4,"{""type"":""MultiPoint"",""coordinates"":[]}"
20121024,2012-10-24,9.379018677650007E-4,8.676164015956754E-4,7.028541293382182E-5,"{""type"":""MultiPoint"",""coordinates"":[]}"
20121025,2012-10-25,8.506333214873853E-4,8.062934158920729E-4,4.433984050757146E-5,"{""type"":""MultiPoint"",""coordinates"":[]}"
20121026,2012-10-26,8.178744164975553E-4,7.73448312753873E-4,4.442543772539184E-5,"{""type"":""MultiPoint"",""coordinates"":[]}"
20121027,2012-10-27,8.448639411193485E-4,7.616037403614177E-4,8.325931150392447E-5,"{""type"":""MultiPoint"",""coordinates"":[]}"
20121028,2012-10-28,8.452559339164126E-4,7.624524996537121E-4,8.280377568203132E-5,"{""type"":""MultiPoint"",""coordinates"":[]}"
20121029,2012-10-29,9.835698924344366E-4,8.070338056367947E-4,1.7653497116036832E-4,"{""type"":""MultiPoint"",""coordinates"":[]}"
20121030,2012-10-30,8.613581837139297E-4,7.203248929077754E-4,1.4103213027866486E-4,"{""type"":""MultiPoint"",""coordinates"":[]}"
20121031,2012-10-31,0.0013057899695928445,8.03453723809212E-4,5.023345029178747E-4,"{""type"":""MultiPoint"",""coordinates"":[]}"
20121101,2012-11-01,9.349483750640089E-4,7.253109144160571E-4,2.0963776129415403E-4,"{""type"":""MultiPoint"",""coordinates"":[]}"
20121102,2012-11-02,8.26303373683622E-4,6.552270221172674E-4,1.7107621249837942E-4,"{""type"":""MultiPoint"",""coordinates"":[]}"
20121103,2012-11-03,0.0010440898325516609,7.09950855599328E-4,3.3413842567806516E-4,"{""type"":""MultiPoint"",""coordinates"":[]}"
20121104,2012-11-04,8.146674830628667E-4,6.390565541445209E-4,1.7561042589620376E-4,"{""type"":""MultiPoint"",""coordinates"":[]}"
20121105,2012-11-05,6.806389089879824E-4,5.901913863061135E-4,9.044669540000731E-5,"{""type"":""MultiPoint"",""coordinates"":[]}"
20121106,2012-11-06,6.545907593170999E-4,5.811671196550295E-4,7.342347306555876E-5,"{""type"":""MultiPoint"",""coordinates"":[]}"
20121107,2012-11-07,6.66310283562607E-4,5.757794796637247E-4,9.052969731487397E-5,"{""type"":""MultiPoint"",""coordinates"":[]}"
20121108,2012-11-08,6.363653055533936E-4,5.692406867774973E-4,6.71237856487936E-5,"{""type"":""MultiPoint"",""coordinates"":[]}"
20121109,2012-11-09,5.820442257421412E-4,5.457285251681737E-4,3.631442672676878E-5,"{""type"":""MultiPoint"",""coordinates"":[]}"
20121110,2012-11-10,5.698077847471658E-4,5.364787528109626E-4,3.3327203759123616E-5,"{""type"":""MultiPoint"",""coordinates"":[]}"
20121111,2012-11-11,5.710660637225742E-4,5.273733561303777E-4,4.3691675337004545E-5,"{""type"":""MultiPoint"",""coordinates"":[]}"
20121112,2012-11-12,5.319479101882381E-4,5.073527188117294E-4,2.4595393653624445E-5,"{""type"":""MultiPoint"",""coordinates"":[]}"
20121113,2012-11-13,5.208092901608921E-4,4.969859509870975E-4,2.3821179852894938E-5,"{""type"":""MultiPoint"",""coordinates"":[]}"
20121114,2012-11-14,5.008873071043546E-4,4.839436017713654E-4,1.6943685416689585E-5,"{""type"":""MultiPoint"",""coordinates"":[]}"
20121115,2012-11-15,6.53656022438552E-4,5.170928458814756E-4,1.3656305064962046E-4,"{""type"":""MultiPoint"",""coordinates"":[]}"
20121116,2012-11-16,5.45240613184957E-4,4.973118726336358E-4,4.792795434741289E-5,"{""type"":""MultiPoint"",""coordinates"":[]}"
20121117,2012-11-17,4.754813735002454E-4,4.5862610002434163E-4,1.685517653063953E-5,"{""type"":""MultiPoint"",""coordinates"":[]}"
20121118,2012-11-18,4.614968569889682E-4,4.467749501147293E-4,1.4720234976370014E-5,"{""type"":""MultiPoint"",""coordinates"":[]}"
20121119,2012-11-19,4.5294188497179403E-4,4.3630354398893146E-4,1.6638289643165916E-5,"{""type"":""MultiPoint"",""coordinates"":[]}"
20121120,2012-11-20,4.5576904491442674E-4,4.2863776487861893E-4,2.7130524197754146E-5,"{""type"":""MultiPoint"",""coordinates"":[]}"
20121121,2012-11-21,4.372531704330793E-4,4.1703623417880576E-4,2.021676181592473E-5,"{""type"":""MultiPoint"",""coordinates"":[]}"
20121122,2012-11-22,4.487056137334082E-4,4.096799175037107E-4,3.902436952212437E-5,"{""type"":""MultiPoint"",""coordinates"":[]}"
20121123,2012-11-23,4.522740654965419E-4,4.0423453033040677E-4,4.803948413126219E-5,"{""type"":""MultiPoint"",""coordinates"":[]}"
20121124,2012-11-24,5.476295109918553E-4,4.249122902728932E-4,1.2271642919686163E-4,"{""type"":""MultiPoint"",""coordinates"":[]}"
20121125,2012-11-25,4.2212277136878475E-4,3.8856422704965256E-4,3.355722482113235E-5,"{""type"":""MultiPoint"",""coordinates"":[]}"
20121126,2012-11-26,5.238006865385296E-4,4.0749624899916827E-4,1.1630314106489745E-4,"{""type"":""MultiPoint"",""coordinates"":[]}"
20121127,2012-11-27,4.808256022488247E-4,4.0252959186244864E-4,7.829693700489273E-5,"{""type"":""MultiPoint"",""coordinates"":[]}"
20121128,2012-11-28,4.2916013392716297E-4,3.9627881544411985E-4,3.288123012200846E-5,"{""type"":""MultiPoint"",""coordinates"":[]}"
20121129,2012-11-29,3.968294983365235E-4,3.6727694773963654E-4,2.9551027811919616E-5,"{""type"":""MultiPoint"",""coordinates"":[]}"
20121130,2012-11-30,3.9054765939438766E-4,3.6038330476849043E-4,3.016419761560144E-5,"{""type"":""MultiPoint"",""coordinates"":[]}"
20121201,2012-12-01,3.791875558630796E-4,3.527515086065236E-4,2.643439853414304E-5,"{""type"":""MultiPoint"",""coordinates"":[]}"
20121202,2012-12-02,3.6588466776635574E-4,3.4637939745349716E-4,1.950537762360599E-5,"{""type"":""MultiPoint"",""coordinates"":[]}"
20121203,2012-12-03,4.3931803294908396E-4,3.482315623423648E-4,9.108553584989932E-5,"{""type"":""MultiPoint"",""coordinates"":[]}"
20121204,2012-12-04,4.071103488601923E-4,3.4017674957214516E-4,6.693204312782784E-5,"{""type"":""MultiPoint"",""coordinates"":[]}"
20121205,2012-12-05,3.418684958374483E-4,3.259962558500088E-4,1.5870695224187202E-5,"{""type"":""MultiPoint"",""coordinates"":[]}"
20121206,2012-12-06,3.3611242367176744E-4,3.198110450182281E-4,1.6299716348277494E-5,"{""type"":""MultiPoint"",""coordinates"":[]}"
20121207,2012-12-07,3.268547575206993E-4,3.130420181540355E-4,1.3809835060911439E-5,"{""type"":""MultiPoint"",""coordinates"":[]}"
20121208,2012-12-08,3.3662934805264656E-4,3.1101900569389544E-4,2.5608731207833275E-5,"{""type"":""MultiPoint"",""coordinates"":[]}"
20121209,2012-12-09,3.264191712557884E-4,3.0200176100727313E-4,2.441739949659468E-5,"{""type"":""MultiPoint"",""coordinates"":[]}"
20121210,2012-12-10,3.196061097331412E-4,2.9722180649687164E-4,2.2384344336345927E-5,"{""type"":""MultiPoint"",""coordinates"":[]}"
20121211,2012-12-11,3.370417501664749E-4,2.93021374871658E-4,4.402000890845282E-5,"{""type"":""MultiPoint"",""coordinates"":[]}"
20121212,2012-12-12,3.5698148317073506E-4,2.895228070590883E-4,6.74581688037817E-5,"{""type"":""MultiPoint"",""coordinates"":[]}"
20121213,2012-12-13,3.3242334535574485E-4,2.839535116641734E-4,4.84679534899252E-5,"{""type"":""MultiPoint"",""coordinates"":[]}"
20121214,2012-12-14,3.056620872156281E-4,2.7981079086580787E-4,2.585024828017409E-5,"{""type"":""MultiPoint"",""coordinates"":[]}"
20121215,2012-12-15,2.931952875968079E-4,2.750011366942212E-4,1.8193234153476285E-5,"{""type"":""MultiPoint"",""coordinates"":[]}"
20121216,2012-12-16,2.9755120511615806E-4,2.7414914479753936E-4,2.3400656686310798E-5,"{""type"":""MultiPoint"",""coordinates"":[]}"
20121217,2012-12-17,3.0716605410596693E-4,2.749515426044136E-4,3.221454741815057E-5,"{""type"":""MultiPoint"",""coordinates"":[]}"
20121218,2012-12-18,3.0471542355472216E-4,2.70118153059592E-4,3.459731055438051E-5,"{""type"":""MultiPoint"",""coordinates"":[]}"
20121219,2012-12-19,2.853638616412796E-4,2.5908862789075706E-4,2.6272332576588168E-5,"{""type"":""MultiPoint"",""coordinates"":[]}"
20121220,2012-12-20,2.9258474731500537E-4,2.571841258177849E-4,3.5400457085115336E-5,"{""type"":""MultiPoint"",""coordinates"":[]}"
20121221,2012-12-21,2.8912011028068587E-4,2.588504125465085E-4,3.026778729008095E-5,"{""type"":""MultiPoint"",""coordinates"":[]}"
20121222,2012-12-22,3.476933144816957E-4,2.7871569919280805E-4,6.897664644982139E-5,"{""type"":""MultiPoint"",""coordinates"":[]}"
20121223,2012-12-23,2.870552141593356E-4,2.65897242039613E-4,2.1156812351833678E-5,"{""type"":""MultiPoint"",""coordinates"":[]}"
20121224,2012-12-24,2.8673665135176696E-4,2.6097300253273917E-4,2.576265355124902E-5,"{""type"":""MultiPoint"",""coordinates"":[]}"
20121225,2012-12-25,2.805322145389035E-4,2.5587789330373887E-4,2.4652722311121282E-5,"{""type"":""MultiPoint"",""coordinates"":[]}"
20121226,2012-12-26,2.6748694279239905E-4,2.5134266659109417E-4,1.6142756479324985E-5,"{""type"":""MultiPoint"",""coordinates"":[]}"
20121227,2012-12-27,3.115255546211793E-4,2.6849799956081327E-4,4.302565213214165E-5,"{""type"":""MultiPoint"",""coordinates"":[]}"
20121228,2012-12-28,3.1482636660081225E-4,2.568646961361733E-4,5.796170141555898E-5,"{""type"":""MultiPoint"",""coordinates"":[]}"
20121229,2012-12-29,2.534792804277039E-4,2.4168888850143315E-4,1.1790181224710642E-5,"{""type"":""MultiPoint"",""coordinates"":[]}"
20121230,2012-12-30,2.6135150254436777E-4,2.405745235087118E-4,2.0776173000994822E-5,"{""type"":""MultiPoint"",""coordinates"":[]}"
20121231,2012-12-31,2.490411970572219E-4,2.3293487894262058E-4,1.610545003994616E-5,"{""type"":""MultiPoint"",""coordinates"":[]}"
20130101,2013-01-01,2.4009396520163447E-4,2.2800995081133287E-4,1.2083797916264272E-5,"{""type"":""MultiPoint"",""coordinates"":[]}"
20130102,2013-01-02,2.3749178478277286E-4,2.2427901338028E-4,1.3211735046929359E-5,"{""type"":""MultiPoint"",""coordinates"":[]}"
20130103,2013-01-03,2.833584612393744E-4,2.3355764035591482E-4,4.9799958127979065E-5,"{""type"":""MultiPoint"",""coordinates"":[]}"
20130104,2013-01-04,2.7186476198174536E-4,2.344514104772336E-4,3.741163587574065E-5,"{""type"":""MultiPoint"",""coordinates"":[]}"
20130105,2013-01-05,2.330974993982003E-4,2.2100043387669822E-4,1.209540477821617E-5,"{""type"":""MultiPoint"",""coordinates"":[]}"
20130106,2013-01-06,2.4595104290719055E-4,2.191463548534E-4,2.6804724390257986E-5,"{""type"":""MultiPoint"",""coordinates"":[]}"
20130107,2013-01-07,7.399855115468222E-4,3.634823537314937E-4,3.7650057887256104E-4,"{""type"":""MultiPoint"",""coordinates"":[]}"
20130108,2013-01-08,2.85899070839222E-4,2.568857321509296E-4,2.9013809119364918E-5,"{""type"":""MultiPoint"",""coordinates"":[]}"
20130109,2013-01-09,2.642015971201668E-4,2.3840760681434535E-4,2.5793958438463606E-5,"{""type"":""MultiPoint"",""coordinates"":[]}"
20130110,2013-01-10,2.4733992473711496E-4,2.2794154417586315E-4,1.939686357236093E-5,"{""type"":""MultiPoint"",""coordinates"":[]}"
20130111,2013-01-11,2.335729140255139E-4,2.2059137476213288E-4,1.2979728778862926E-5,"{""type"":""MultiPoint"",""coordinates"":[]}"
20130112,2013-01-12,2.328076886427424E-4,2.147587976126804E-4,1.8046825296940823E-5,"{""type"":""MultiPoint"",""coordinates"":[]}"
20130113,2013-01-13,2.1881924662873993E-4,2.0881303495142708E-4,1.000415796014786E-5,"{""type"":""MultiPoint"",""coordinates"":[]}"
20130114,2013-01-14,2.1272378173404702E-4,2.0364192627165864E-4,9.081315576237974E-6,"{""type"":""MultiPoint"",""coordinates"":[]}"
20130115,2013-01-15,2.0832608924282404E-4,1.9882604745427812E-4,9.499413047743637E-6,"{""type"":""MultiPoint"",""coordinates"":[]}"
20130116,2013-01-16,2.0618520144813715E-4,1.943601820192489E-4,1.1823738034842648E-5,"{""type"":""MultiPoint"",""coordinates"":[]}"
20130117,2013-01-17,2.326681829657647E-4,1.9132022274207997E-4,4.1347602736699705E-5,"{""type"":""MultiPoint"",""coordinates"":[]}"
20130118,2013-01-18,3.324797524208749E-4,1.9684983219464582E-4,1.3562981128123274E-4,"{""type"":""MultiPoint"",""coordinates"":[]}"
20130119,2013-01-19,2.0845910406354953E-4,1.829042241751674E-4,2.555523880164713E-5,"{""type"":""MultiPoint"",""coordinates"":[]}"
20130120,2013-01-20,2.1184687698155562E-4,1.8023563543185739E-4,3.161117794035363E-5,"{""type"":""MultiPoint"",""coordinates"":[]}"
20130121,2013-01-21,1.92246977414605E-4,1.7693595042795934E-4,1.53109300541638E-5,"{""type"":""MultiPoint"",""coordinates"":[]}"
20130122,2013-01-22,1.8336895104022424E-4,1.7387691626543912E-4,9.490579857845478E-6,"{""type"":""MultiPoint"",""coordinates"":[]}"
20130123,2013-01-23,2.659265380959449E-4,1.8900770628145158E-4,7.691887448932858E-5,"{""type"":""MultiPoint"",""coordinates"":[]}"
20130124,2013-01-24,1.8856089572758637E-4,1.728628273604773E-4,1.5696536358764867E-5,"{""type"":""MultiPoint"",""coordinates"":[]}"
20130125,2013-01-25,1.9209760620993925E-4,1.7063338672857845E-4,2.146375253511218E-5,"{""type"":""MultiPoint"",""coordinates"":[]}"
20130126,2013-01-26,1.7293557979016888E-4,1.6487182982074153E-4,8.06218886713005E-6,"{""type"":""MultiPoint"",""coordinates"":[]}"
20130127,2013-01-27,1.6973125803631958E-4,1.626803871814018E-4,7.050787098197185E-6,"{""type"":""MultiPoint"",""coordinates"":[]}"
20130128,2013-01-28,1.6962637356095702E-4,1.603785130023417E-4,9.247814928464484E-6,"{""type"":""MultiPoint"",""coordinates"":[]}"
20130129,2013-01-29,1.6707806094759577E-4,1.580934342488215E-4,8.98455525005067E-6,"{""type"":""MultiPoint"",""coordinates"":[]}"
20130130,2013-01-30,1.6708555608015247E-4,1.5586322781309842E-4,1.122223697233669E-5,"{""type"":""MultiPoint"",""coordinates"":[]}"
20130131,2013-01-31,1.6870921513726547E-4,1.5359582944209337E-4,1.511334896636683E-5,"{""type"":""MultiPoint"",""coordinates"":[]}"
20130201,2013-02-01,1.7197373906126432E-4,1.5148569311921212E-4,2.0487851192116393E-5,"{""type"":""MultiPoint"",""coordinates"":[]}"
20130202,2013-02-02,1.6905344341444867E-4,1.493590295537547E-4,1.969436731263044E-5,"{""type"":""MultiPoint"",""coordinates"":[]}"
20130203,2013-02-03,2.0981384094752298E-4,1.4849468413521242E-4,6.131910144599055E-5,"{""type"":""MultiPoint"",""coordinates"":[]}"
20130204,2013-02-04,3.359780742765578E-4,1.794558890424571E-4,1.565228836399155E-4,"{""type"":""MultiPoint"",""coordinates"":[]}"
20130205,2013-02-05,4.6042966367569783E-4,1.998666216066424E-4,2.605631881823918E-4,"{""type"":""MultiPoint"",""coordinates"":[]}"
20130206,2013-02-06,2.185104389436587E-4,1.551808242744888E-4,6.332835359998606E-5,"{""type"":""MultiPoint"",""coordinates"":[]}"
20130207,2013-02-07,1.6476243236613928E-4,1.409788021582294E-4,2.3783654271779393E-5,"{""type"":""MultiPoint"",""coordinates"":[]}"
20130208,2013-02-08,1.7049704298112344E-4,1.3980381443935347E-4,3.0691954524459366E-5,"{""type"":""MultiPoint"",""coordinates"":[]}"
20130209,2013-02-09,1.6461908853712706E-4,1.412473364446049E-4,2.3371480482749406E-5,"{""type"":""MultiPoint"",""coordinates"":[]}"
20130210,2013-02-10,1.5528491019861355E-4,1.3741483518403736E-4,1.7868571902541457E-5,"{""type"":""MultiPoint"",""coordinates"":[]}"
20130211,2013-02-11,1.5994514281897354E-4,1.3677671550468338E-4,2.3167951975063697E-5,"{""type"":""MultiPoint"",""coordinates"":[]}"
20130212,2013-02-12,1.6232742608491914E-4,1.366365693890454E-4,2.5689176124293766E-5,"{""type"":""MultiPoint"",""coordinates"":[]}"
20130213,2013-02-13,1.7151014599606223E-4,1.361564265597073E-4,3.53532499610524E-5,"{""type"":""MultiPoint"",""coordinates"":[]}"
20130214,2013-02-14,2.0623085241443896E-4,1.4178915923068047E-4,6.444126551798526E-5,"{""type"":""MultiPoint"",""coordinates"":[]}"
20130215,2013-02-15,2.0315435013097298E-4,1.3347128751046162E-4,6.968308664455728E-5,"{""type"":""MultiPoint"",""coordinates"":[]}"
20130216,2013-02-16,4.656989331496932E-4,1.5685575166445454E-4,3.088433330878627E-4,"{""type"":""MultiPoint"",""coordinates"":[]}"
20130217,2013-02-17,2.8419433092363093E-4,1.392402897456023E-4,1.4495408523686169E-4,"{""type"":""MultiPoint"",""coordinates"":[]}"
20130218,2013-02-18,2.024974580861537E-4,1.3355484761122912E-4,6.894253003242498E-5,"{""type"":""MultiPoint"",""coordinates"":[]}"
20130219,2013-02-19,1.752247063053259E-4,1.3338200357016947E-4,4.184150147682008E-5,"{""type"":""MultiPoint"",""coordinates"":[]}"
20130220,2013-02-20,1.6214717243452637E-4,1.3090619736029068E-4,3.1240163099936056E-5,"{""type"":""MultiPoint"",""coordinates"":[]}"
20130221,2013-02-21,1.8262367340810858E-4,1.3099696115898932E-4,5.162448186200072E-5,"{""type"":""MultiPoint"",""coordinates"":[]}"
20130222,2013-02-22,1.9242805304489182E-4,1.36927954817358E-4,5.549740379097572E-5,"{""type"":""MultiPoint"",""coordinates"":[]}"
20130223,2013-02-23,2.249713617759787E-4,1.4463720218866507E-4,8.033296927067506E-5,"{""type"":""MultiPoint"",""coordinates"":[]}"
20130224,2013-02-24,1.6042429869189727E-4,1.3268831165439237E-4,2.7733764913076964E-5,"{""type"":""MultiPoint"",""coordinates"":[]}"
20130225,2013-02-25,1.6160205747019224E-4,1.2990039498068142E-4,3.170153884561776E-5,"{""type"":""MultiPoint"",""coordinates"":[]}"
20130226,2013-02-26,2.3811587623506886E-4,1.3306616946085807E-4,1.0504974145479686E-4,"{""type"":""MultiPoint"",""coordinates"":[]}"
20130227,2013-02-27,2.546550919672162E-4,1.5446235183623927E-4,1.0019263312456096E-4,"{""type"":""MultiPoint"",""coordinates"":[]}"
20130228,2013-02-28,1.6289294481232618E-4,1.3076628279074998E-4,3.2123764165796054E-5,"{""type"":""MultiPoint"",""coordinates"":[]}"
20130301,2013-03-01,1.6437076801176427E-4,1.2979719477362433E-4,3.457306937281716E-5,"{""type"":""MultiPoint"",""coordinates"":[]}"
20130302,2013-03-02,1.750775498114794E-4,1.2876480977066146E-4,4.63116643693804E-5,"{""type"":""MultiPoint"",""coordinates"":[]}"
20130303,2013-03-03,1.838634162589264E-4,1.2952177573084627E-4,5.43416516275985E-5,"{""type"":""MultiPoint"",""coordinates"":[]}"
20130304,2013-03-04,1.9016735365151368E-4,1.2938698807428748E-4,6.078091424377555E-5,"{""type"":""MultiPoint"",""coordinates"":[]}"
20130305,2013-03-05,1.796043098877513E-4,1.2621695506749082E-4,5.338542990588482E-5,"{""type"":""MultiPoint"",""coordinates"":[]}"
20130306,2013-03-06,1.9594248752580104E-4,1.2647986412532073E-4,6.94626934312816E-5,"{""type"":""MultiPoint"",""coordinates"":[]}"
20130307,2013-03-07,1.9072027600495098E-4,1.251068054934093E-4,6.561343507823731E-5,"{""type"":""MultiPoint"",""coordinates"":[]}"
20130308,2013-03-08,2.0333907351840528E-4,1.2579238733991918E-4,7.754538905061753E-5,"{""type"":""MultiPoint"",""coordinates"":[]}"
20130309,2013-03-09,2.180602250545999E-4,1.2841928128541486E-4,8.964084224369714E-5,"{""type"":""MultiPoint"",""coordinates"":[]}"
20130310,2013-03-10,1.919696189262076E-4,1.2390042216045902E-4,6.806843362224911E-5,"{""type"":""MultiPoint"",""coordinates"":[]}"
20130311,2013-03-11,1.8011498359187073E-4,1.2247301886166823E-4,5.7639890077544555E-5,"{""type"":""MultiPoint"",""coordinates"":[]}"
20130312,2013-03-12,1.8242155045607048E-4,1.2101998610327427E-4,6.139990295315586E-5,"{""type"":""MultiPoint"",""coordinates"":[]}"
20130313,2013-03-13,2.2693524930036572E-4,1.2537051368262544E-4,1.0156346408081017E-4,"{""type"":""MultiPoint"",""coordinates"":[]}"
20130314,2013-03-14,2.4071681686292087E-4,1.319872493586255E-4,1.0872879108080388E-4,"{""type"":""MultiPoint"",""coordinates"":[]}"
20130315,2013-03-15,2.1427447478079901E-4,1.2657271069482212E-4,8.770091860072866E-5,"{""type"":""MultiPoint"",""coordinates"":[]}"
20130316,2013-03-16,2.2432282021492853E-4,1.2230465222101537E-4,1.020181653355547E-4,"{""type"":""MultiPoint"",""coordinates"":[]}"
20130317,2013-03-17,2.533388913429444E-4,1.2406170512409604E-4,1.2927656986716499E-4,"{""type"":""MultiPoint"",""coordinates"":[]}"
20130318,2013-03-18,2.1727380753322362E-4,1.2386606278918177E-4,9.34076315226627E-5,"{""type"":""MultiPoint"",""coordinates"":[]}"
20130319,2013-03-19,1.9645698663442178E-4,1.2144384014205206E-4,7.501144026691966E-5,"{""type"":""MultiPoint"",""coordinates"":[]}"
20130320,2013-03-20,2.0138422431555946E-4,1.2015146206766157E-4,8.123141555765163E-5,"{""type"":""MultiPoint"",""coordinates"":[]}"
20130321,2013-03-21,2.5375197843018467E-4,1.236203132177454E-4,1.301316366529105E-4,"{""type"":""MultiPoint"",""coordinates"":[]}"
20130322,2013-03-22,2.75194142905855E-4,1.2581882629294998E-4,1.4937308163966314E-4,"{""type"":""MultiPoint"",""coordinates"":[]}"
20130323,2013-03-23,3.851609314598732E-4,1.356720668485752E-4,2.4948861428658196E-4,"{""type"":""MultiPoint"",""coordinates"":[]}"
20130324,2013-03-24,3.2080447162875943E-4,1.441915054932804E-4,1.7661194578709517E-4,"{""type"":""MultiPoint"",""coordinates"":[]}"
20130325,2013-03-25,3.160235346635019E-4,1.4185828403929458E-4,1.74164197976796E-4,"{""type"":""MultiPoint"",""coordinates"":[]}"
20130326,2013-03-26,2.9105650681575434E-4,1.418814439937617E-4,1.4917401793234692E-4,"{""type"":""MultiPoint"",""coordinates"":[]}"
20130327,2013-03-27,2.4146288416066077E-4,1.305331996491587E-4,1.1092961137395672E-4,"{""type"":""MultiPoint"",""coordinates"":[]}"
20130328,2013-03-28,2.6501397166623747E-4,1.2854262843021581E-4,1.3646984333889406E-4,"{""type"":""MultiPoint"",""coordinates"":[]}"
20130329,2013-03-29,3.5865162826769924E-4,1.391045579205442E-4,2.1954664646119666E-4,"{""type"":""MultiPoint"",""coordinates"":[]}"
20130330,2013-03-30,4.426884411349902E-4,1.597906429185987E-4,2.828969877534278E-4,"{""type"":""MultiPoint"",""coordinates"":[]}"
20130331,2013-03-31,3.8123725204678246E-4,1.4735938467092175E-4,2.338767966769836E-4,"{""type"":""MultiPoint"",""coordinates"":[]}"
20130401,2013-04-01,3.4436700302668686E-4,1.451487603192681E-4,1.9921819180037528E-4,"{""type"":""MultiPoint"",""coordinates"":[]}"
20130402,2013-04-02,2.689690405541537E-4,1.4141253666597606E-4,1.2755658151941554E-4,"{""type"":""MultiPoint"",""coordinates"":[]}"
20130403,2013-04-03,3.223359441350404E-4,1.4971346718458967E-4,1.7262229993240808E-4,"{""type"":""MultiPoint"",""coordinates"":[]}"
20130404,2013-04-04,3.7531957990222535E-4,1.613944299629449E-4,2.139239124855805E-4,"{""type"":""MultiPoint"",""coordinates"":[]}"
20130405,2013-04-05,3.578694838720346E-4,1.5694101481558812E-4,2.0092767188674876E-4,"{""type"":""MultiPoint"",""coordinates"":[]}"
20130406,2013-04-06,2.902204094743626E-4,1.5362889655973265E-4,1.3659073730973789E-4,"{""type"":""MultiPoint"",""coordinates"":[]}"
20130407,2013-04-07,2.8027614501490437E-4,1.4759769994279173E-4,1.326769296702722E-4,"{""type"":""MultiPoint"",""coordinates"":[]}"
20130408,2013-04-08,3.0249394841319594E-4,1.457788401887739E-4,1.567150010478949E-4,"{""type"":""MultiPoint"",""coordinates"":[]}"
20130409,2013-04-09,3.4645536399362324E-4,1.4682947222638675E-4,1.9962521491639372E-4,"{""type"":""MultiPoint"",""coordinates"":[]}"
20130410,2013-04-10,4.528652399696841E-4,1.6753942992668168E-4,2.8532422110636216E-4,"{""type"":""MultiPoint"",""coordinates"":[]}"
20130411,2013-04-11,6.031486910974961E-4,1.982206880215644E-4,4.04927567560454E-4,"{""type"":""MultiPoint"",""coordinates"":[]}"
20130412,2013-04-12,5.210013457850282E-4,2.0067352471218105E-4,3.2032676368641007E-4,"{""type"":""MultiPoint"",""coordinates"":[]}"
20130413,2013-04-13,4.428222876427713E-4,1.770433937847522E-4,2.6577876165742803E-4,"{""type"":""MultiPoint"",""coordinates"":[]}"
20130414,2013-04-14,5.388276508289646E-4,1.947687544458022E-4,3.4405839035801566E-4,"{""type"":""MultiPoint"",""coordinates"":[]}"
20130415,2013-04-15,5.427446526448653E-4,1.9683464425083056E-4,3.4590926891469285E-4,"{""type"":""MultiPoint"",""coordinates"":[]}"
20130416,2013-04-16,4.535672671747498E-4,1.9057956128679752E-4,2.629858941836475E-4,"{""type"":""MultiPoint"",""coordinates"":[]}"
20130417,2013-04-17,4.0968339793571757E-4,1.777851130610911E-4,2.3189746425562315E-4,"{""type"":""MultiPoint"",""coordinates"":[]}"
20130418,2013-04-18,4.3738987975026536E-4,1.802175597042294E-4,2.571722462103458E-4,"{""type"":""MultiPoint"",""coordinates"":[]}"
20130419,2013-04-19,3.92284463376509E-4,1.731291674162577E-4,2.191551917341236E-4,"{""type"":""MultiPoint"",""coordinates"":[]}"
20130420,2013-04-20,3.888960499657612E-4,1.6651000518478953E-4,2.2238606227883908E-4,"{""type"":""MultiPoint"",""coordinates"":[]}"
20130421,2013-04-21,4.3780029145833253E-4,1.6586231762979445E-4,2.719377405557621E-4,"{""type"":""MultiPoint"",""coordinates"":[]}"
20130422,2013-04-22,4.206729943046856E-4,1.6443604532402108E-4,2.562368836161254E-4,"{""type"":""MultiPoint"",""coordinates"":[]}"
20130423,2013-04-23,3.8137454741813634E-4,1.6305896210986158E-4,2.1831549014229563E-4,"{""type"":""MultiPoint"",""coordinates"":[]}"
20130424,2013-04-24,4.010621326871892E-4,1.615838335451165E-4,2.394779529247172E-4,"{""type"":""MultiPoint"",""coordinates"":[]}"
20130425,2013-04-25,3.870797113476343E-4,1.5990474388155064E-4,2.2717482400618752E-4,"{""type"":""MultiPoint"",""coordinates"":[]}"
20130426,2013-04-26,3.997006385595097E-4,1.6044225393252492E-4,2.3925811013220254E-4,"{""type"":""MultiPoint"",""coordinates"":[]}"
20130427,2013-04-27,4.890459088029064E-4,1.664995027027739E-4,3.2254591455853983E-4,"{""type"":""MultiPoint"",""coordinates"":[]}"
20130428,2013-04-28,4.5636611216288265E-4,1.6664360915118526E-4,2.8972173570637E-4,"{""type"":""MultiPoint"",""coordinates"":[]}"
20130429,2013-04-29,4.746735996149862E-4,1.6858579007164416E-4,3.060867289042612E-4,"{""type"":""MultiPoint"",""coordinates"":[]}"
20130430,2013-04-30,5.601239307125229E-4,1.8624289643585015E-4,3.7388010908099596E-4,"{""type"":""MultiPoint"",""coordinates"":[]}"
20130501,2013-05-01,8.171368997020544E-4,2.687172874216666E-4,5.48419538810486E-4,"{""type"":""MultiPoint"",""coordinates"":[]}"
20130502,2013-05-02,9.532886092934766E-4,3.0250603455348417E-4,6.507825069481704E-4,"{""type"":""MultiPoint"",""coordinates"":[]}"
20130503,2013-05-03,0.0011794557735236523,3.236163770447251E-4,8.558396577974536E-4,"{""type"":""MultiPoint"",""coordinates"":[]}"
20130504,2013-05-04,9.612331396973505E-4,3.408602825658872E-4,6.20372763318017E-4,"{""type"":""MultiPoint"",""coordinates"":[]}"
20130505,2013-05-05,7.884031189545825E-4,3.290813211315225E-4,4.5932094014240353E-4,"{""type"":""MultiPoint"",""coordinates"":[]}"
20130506,2013-05-06,0.0010115489469089177,3.8849078725909083E-4,6.230574825064524E-4,"{""type"":""MultiPoint"",""coordinates"":[]}"
20130507,2013-05-07,9.764295087922951E-4,3.513362939469776E-4,6.250927083619517E-4,"{""type"":""MultiPoint"",""coordinates"":[]}"
20130508,2013-05-08,0.0010112877454251364,3.1845254424663045E-4,6.928351967128382E-4,"{""type"":""MultiPoint"",""coordinates"":[]}"
20130509,2013-05-09,0.001152967300437781,3.5250339300385206E-4,8.004634350357599E-4,"{""type"":""MultiPoint"",""coordinates"":[]}"
20130510,2013-05-10,0.0011081831948027553,3.9540567421051444E-4,7.127771006758745E-4,"{""type"":""MultiPoint"",""coordinates"":[]}"
20130511,2013-05-11,9.871813771230324E-4,3.694918358977528E-4,6.176889423616305E-4,"{""type"":""MultiPoint"",""coordinates"":[]}"
20130512,2013-05-12,9.17077368097975E-4,3.4112832290059526E-4,5.759481913186627E-4,"{""type"":""MultiPoint"",""coordinates"":[]}"
20130513,2013-05-13,9.88493013550299E-4,3.0784775923482825E-4,6.806445167520917E-4,"{""type"":""MultiPoint"",""coordinates"":[]}"
20130514,2013-05-14,8.370908119573243E-4,3.1245914866332325E-4,5.246313057760404E-4,"{""type"":""MultiPoint"",""coordinates"":[]}"
20130515,2013-05-15,8.384918225005989E-4,2.9875913510964277E-4,5.397326955444999E-4,"{""type"":""MultiPoint"",""coordinates"":[]}"
20130516,2013-05-16,0.0015044539401296777,5.13073674096465E-4,9.913797134806527E-4,"{""type"":""MultiPoint"",""coordinates"":[]}"
20130517,2013-05-17,8.334396558109149E-4,3.47278205996967E-4,4.861613236847571E-4,"{""type"":""MultiPoint"",""coordinates"":[]}"
20130518,2013-05-18,8.93984514127214E-4,3.677959243760017E-4,5.261881332889334E-4,"{""type"":""MultiPoint"",""coordinates"":[]}"
20130519,2013-05-19,8.167828958221609E-4,3.594814064698984E-4,4.573014606231138E-4,"{""type"":""MultiPoint"",""coordinates"":[]}"
20130520,2013-05-20,8.052016332973516E-4,3.110827167926483E-4,4.941181688860743E-4,"{""type"":""MultiPoint"",""coordinates"":[]}"
20130521,2013-05-21,0.0010537816700140789,3.3533105045367473E-4,7.184496409197783E-4,"{""type"":""MultiPoint"",""coordinates"":[]}"
20130522,2013-05-22,0.001042679126564491,3.2146741682109774E-4,7.212103938236306E-4,"{""type"":""MultiPoint"",""coordinates"":[]}"
20130523,2013-05-23,0.0015205223877103376,4.706350661629866E-4,0.0010498869374168012,"{""type"":""MultiPoint"",""coordinates"":[]}"
20130524,2013-05-24,0.001470780472012228,5.509149966273596E-4,9.198654205578895E-4,"{""type"":""MultiPoint"",""coordinates"":[]}"
20130525,2013-05-25,0.0013071657229602384,4.3059548571453503E-4,8.765686785652794E-4,"{""type"":""MultiPoint"",""coordinates"":[]}"
20130526,2013-05-26,0.00106682183946802,3.734516003877755E-4,6.933690942560939E-4,"{""type"":""MultiPoint"",""coordinates"":[]}"
20130527,2013-05-27,0.001090108934689616,3.759313557969859E-4,7.141770759029382E-4,"{""type"":""MultiPoint"",""coordinates"":[]}"
20130528,2013-05-28,0.0011051944252065341,3.6713875299166894E-4,7.380553152332972E-4,"{""type"":""MultiPoint"",""coordinates"":[]}"
20130529,2013-05-29,0.0015111214652785906,4.5469597285363665E-4,0.0010564253884933238,"{""type"":""MultiPoint"",""coordinates"":[]}"
20130530,2013-05-30,0.002052498561868839,5.524173093305817E-4,0.001500081280930133,"{""type"":""MultiPoint"",""coordinates"":[]}"
20130531,2013-05-31,0.0019410634312435895,6.158892011393026E-4,0.0013251738042404163,"{""type"":""MultiPoint"",""coordinates"":[]}"
20130601,2013-06-01,0.0010564956013241478,4.339244916950908E-4,6.225707296809855E-4,"{""type"":""MultiPoint"",""coordinates"":[]}"
20130602,2013-06-02,0.0011156238841025848,4.3712921597068667E-4,6.784942523699833E-4,"{""type"":""MultiPoint"",""coordinates"":[]}"
20130603,2013-06-03,0.0012348146146728919,4.3802173641634693E-4,7.967929098967593E-4,"{""type"":""MultiPoint"",""coordinates"":[]}"
20130604,2013-06-04,0.0013287916676760012,4.445163240848992E-4,8.842752680508563E-4,"{""type"":""MultiPoint"",""coordinates"":[]}"
20130605,2013-06-05,0.0015396429747436319,5.028570521497114E-4,0.001036785130789612,"{""type"":""MultiPoint"",""coordinates"":[]}"
20130606,2013-06-06,0.0017701582941992877,5.765895246944803E-4,0.0011935687859072747,"{""type"":""MultiPoint"",""coordinates"":[]}"
20130607,2013-06-07,0.0018961480552814546,6.687402471020281E-4,0.0012274076207216625,"{""type"":""MultiPoint"",""coordinates"":[]}"
20130608,2013-06-08,0.0018530835825804875,7.13995121437718E-4,0.0011390881183905724,"{""type"":""MultiPoint"",""coordinates"":[]}"
20130609,2013-06-09,0.0017269558906569335,7.118857977287744E-4,0.0010150692831072917,"{""type"":""MultiPoint"",""coordinates"":[]}"
20130610,2013-06-10,0.0017998271825647527,6.954800430537757E-4,0.0011043466439516088,"{""type"":""MultiPoint"",""coordinates"":[]}"
20130611,2013-06-11,0.002062881854391754,7.418912518994681E-4,0.0013209905043110087,"{""type"":""MultiPoint"",""coordinates"":[]}"
20130612,2013-06-12,0.0021010705526915245,7.250701141707206E-4,0.0013760004227496166,"{""type"":""MultiPoint"",""coordinates"":[]}"
20130613,2013-06-13,0.0022913498532211754,8.044620120487365E-4,0.0014868878338419197,"{""type"":""MultiPoint"",""coordinates"":[]}"
20130614,2013-06-14,0.0020603543181806493,7.286198373951627E-4,0.0013317345634315683,"{""type"":""MultiPoint"",""coordinates"":[]}"
20130615,2013-06-15,0.0023076679134721766,8.917720867724985E-4,0.0014158958212885688,"{""type"":""MultiPoint"",""coordinates"":[]}"
20130616,2013-06-16,0.0023425456391077126,8.765324001848493E-4,0.0014660131464968554,"{""type"":""MultiPoint"",""coordinates"":[]}"
20130617,2013-06-17,0.0033754714504888638,0.0011283284024344866,0.002247142989546405,"{""type"":""MultiPoint"",""coordinates"":[]}"
20130618,2013-06-18,0.0022405066571715136,9.339478012344738E-4,0.0013065586266717115,"{""type"":""MultiPoint"",""coordinates"":[]}"
20130619,2013-06-19,0.0017895617482649555,8.922458143467936E-4,8.973160503441234E-4,"{""type"":""MultiPoint"",""coordinates"":[]}"
20130620,2013-06-20,0.0016534690252537154,8.159185243185696E-4,8.375501975833841E-4,"{""type"":""MultiPoint"",""coordinates"":[]}"
20130621,2013-06-21,0.0017817832398701106,7.565834584050358E-4,0.0010251995563084777,"{""type"":""MultiPoint"",""coordinates"":[]}"
20130622,2013-06-22,0.0019890297358846087,8.510214007431056E-4,0.0011380080337666753,"{""type"":""MultiPoint"",""coordinates"":[]}"
20130623,2013-06-23,0.002158498332162194,8.526517309164622E-4,0.0013058462661460857,"{""type"":""MultiPoint"",""coordinates"":[]}"
20130624,2013-06-24,0.003266834821333061,0.0011570880009090761,0.002109746712019316,"{""type"":""MultiPoint"",""coordinates"":[]}"
20130625,2013-06-25,0.004048137973628493,0.001547637911399423,0.0025004999428035438,"{""type"":""MultiPoint"",""coordinates"":[]}"
20130626,2013-06-26,0.00384615493118628,0.00150653365547412,0.002339621307035752,"{""type"":""MultiPoint"",""coordinates"":[]}"
20130627,2013-06-27,0.0038319421184081098,0.0015641676759606568,0.0022677744445679456,"{""type"":""MultiPoint"",""coordinates"":[]}"
20130628,2013-06-28,0.00399680073560399,0.0016787901390290976,0.0023180107692064244,"{""type"":""MultiPoint"",""coordinates"":[]}"
20130629,2013-06-29,0.0036331721136006797,0.0015952344161906736,0.002037937435285171,"{""type"":""MultiPoint"",""coordinates"":[]}"
20130630,2013-06-30,0.002931497339366424,0.0014763763836309254,0.0014551210615575266,"{""type"":""MultiPoint"",""coordinates"":[]}"
20130701,2013-07-01,0.0025361573924573594,0.0013644208545060832,0.0011717364364056371,"{""type"":""MultiPoint"",""coordinates"":[]}"
20130702,2013-07-02,0.0032519291977975958,0.001645277719130011,0.0016066515094833003,"{""type"":""MultiPoint"",""coordinates"":[]}"
20130703,2013-07-03,0.004125531209655731,0.0019137042486173385,0.0022118268304287844,"{""type"":""MultiPoint"",""coordinates"":[]}"
20130704,2013-07-04,0.0034630151823481776,0.0016703632562646118,0.001792651770627873,"{""type"":""MultiPoint"",""coordinates"":[]}"
20130705,2013-07-05,0.0033774516105922877,0.0016795011099895387,0.001697950521648372,"{""type"":""MultiPoint"",""coordinates"":[]}"
20130706,2013-07-06,0.0031992300851968396,0.001618796317801566,0.0015804336748925696,"{""type"":""MultiPoint"",""coordinates"":[]}"
20130707,2013-07-07,0.003267761758579779,0.0015497365860828178,0.0017180250574161608,"{""type"":""MultiPoint"",""coordinates"":[]}"
20130708,2013-07-08,0.003869833098408064,0.001850846594916344,0.00201898648188955,"{""type"":""MultiPoint"",""coordinates"":[]}"
20130709,2013-07-09,0.003919694943842754,0.0019004975950764507,0.002019197158719506,"{""type"":""MultiPoint"",""coordinates"":[]}"
20130710,2013-07-10,0.004134627993863896,0.0021194777512139936,0.0020151503412348245,"{""type"":""MultiPoint"",""coordinates"":[]}"
20130711,2013-07-11,0.004251220487796676,0.002239713573537425,0.002011506695739453,"{""type"":""MultiPoint"",""coordinates"":[]}"
20130712,2013-07-12,0.0037195116070120834,0.0022536396737726453,0.0014658718840448153,"{""type"":""MultiPoint"",""coordinates"":[]}"
20130713,2013-07-13,0.0026465541943604225,0.0017107283441822794,9.358259187290741E-4,"{""type"":""MultiPoint"",""coordinates"":[]}"
20130714,2013-07-14,0.002787923263617433,0.0016768150033760784,0.0011111081605276044,"{""type"":""MultiPoint"",""coordinates"":[]}"
20130715,2013-07-15,0.003111003016957074,0.0018673957726735488,0.0012436071273078985,"{""type"":""MultiPoint"",""coordinates"":[]}"
20130716,2013-07-16,0.0033620130986837657,0.002017078930983063,0.001344934146312399,"{""type"":""MultiPoint"",""coordinates"":[]}"
20130717,2013-07-17,0.003375795834171687,0.0020148238236917535,0.001360971911946633,"{""type"":""MultiPoint"",""coordinates"":[]}"
20130718,2013-07-18,0.0036341074989740853,0.0020223262572115585,0.0016117812696519321,"{""type"":""MultiPoint"",""coordinates"":[]}"
20130719,2013-07-19,0.005244829893978813,0.002714294738343769,0.0025305351594748456,"{""type"":""MultiPoint"",""coordinates"":[]}"
20130720,2013-07-20,0.004323136182148768,0.002735540199408737,0.001587595829902381,"{""type"":""MultiPoint"",""coordinates"":[]}"
20130721,2013-07-21,0.0037200292664105678,0.0023146553900710125,0.0014053742158306299,"{""type"":""MultiPoint"",""coordinates"":[]}"
20130722,2013-07-22,0.004739708827338654,0.0025288644411282763,0.0022108440558119015,"{""type"":""MultiPoint"",""coordinates"":[]}"
20130723,2013-07-23,0.004872588620677794,0.0030359800571906916,0.0018366085085627746,"{""type"":""MultiPoint"",""coordinates"":[]}"
20130724,2013-07-24,0.004365145812058272,0.0028327105067159405,0.001532435288634055,"{""type"":""MultiPoint"",""coordinates"":[]}"
20130725,2013-07-25,0.0046976729640355,0.0028314335425772773,0.0018662394223545008,"{""type"":""MultiPoint"",""coordinates"":[]}"
20130726,2013-07-26,0.005633004660727389,0.003273086249082096,0.0023599182950275878,"{""type"":""MultiPoint"",""coordinates"":[]}"
20130727,2013-07-27,0.005304867116827456,0.003272399406737207,0.0020324676888740256,"{""type"":""MultiPoint"",""coordinates"":[]}"
20130728,2013-07-28,0.004527682643858051,0.0030604735921396036,0.0014672089762150786,"{""type"":""MultiPoint"",""coordinates"":[]}"
20130729,2013-07-29,0.004085067049166795,0.002713469071486986,0.0013715980160113966,"{""type"":""MultiPoint"",""coordinates"":[]}"
20130730,2013-07-30,0.0046569126678828775,0.002712662688133003,0.0019442499099614572,"{""type"":""MultiPoint"",""coordinates"":[]}"
20130731,2013-07-31,0.00562483362024914,0.0032326228268856534,0.00239221080303968,"{""type"":""MultiPoint"",""coordinates"":[]}"
20130801,2013-08-01,0.005500727195473025,0.0037267559807397915,0.0017739712519940062,"{""type"":""MultiPoint"",""coordinates"":[]}"
20130802,2013-08-02,0.0039552933685272846,0.0028896623558854946,0.0010656309356221645,"{""type"":""MultiPoint"",""coordinates"":[]}"
20130803,2013-08-03,0.002844022536406963,0.0022103695864509436,6.336528497235766E-4,"{""type"":""MultiPoint"",""coordinates"":[]}"
20130804,2013-08-04,0.0031965331819233233,0.0021602156528659194,0.0010363175896966838,"{""type"":""MultiPoint"",""coordinates"":[]}"
20130805,2013-08-05,0.004313217758929159,0.0024882285557002192,0.0018249891098427356,"{""type"":""MultiPoint"",""coordinates"":[]}"
20130806,2013-08-06,0.0038452930319597557,0.00246134543606782,0.0013839475092374252,"{""type"":""MultiPoint"",""coordinates"":[]}"
20130807,2013-08-07,0.00358425314112117,0.002311806047933499,0.0012724469887358775,"{""type"":""MultiPoint"",""coordinates"":[]}"
20130808,2013-08-08,0.0035106853426567163,0.002297105220967656,0.0012135801172553516,"{""type"":""MultiPoint"",""coordinates"":[]}"
20130809,2013-08-09,0.004120560417963722,0.002818020933607941,0.001302539447076821,"{""type"":""MultiPoint"",""coordinates"":[]}"
20130810,2013-08-10,0.00387192737712423,0.0027431623362577677,0.001128764974105635,"{""type"":""MultiPoint"",""coordinates"":[]}"
20130811,2013-08-11,0.003235965495073181,0.0023450191234685894,8.909463722958518E-4,"{""type"":""MultiPoint"",""coordinates"":[]}"
20130812,2013-08-12,0.0031023487428446968,0.002171151843138566,9.311969150269645E-4,"{""type"":""MultiPoint"",""coordinates"":[]}"
20130813,2013-08-13,0.00411851659219012,0.0025168897237025064,0.0016016268283629703,"{""type"":""MultiPoint"",""coordinates"":[]}"
20130814,2013-08-14,0.00358220067346113,0.002230745680620961,0.0013514548790784643,"{""type"":""MultiPoint"",""coordinates"":[]}"
20130815,2013-08-15,0.0033399093509245705,0.0021866110350370325,0.0011532980459292225,"{""type"":""MultiPoint"",""coordinates"":[]}"
20130816,2013-08-16,0.0032943037070902043,0.0021734297283246317,0.0011208741273248763,"{""type"":""MultiPoint"",""coordinates"":[]}"
20130817,2013-08-17,0.00384582002990956,0.002360642010240859,0.0014851778985828694,"{""type"":""MultiPoint"",""coordinates"":[]}"
20130818,2013-08-18,0.004167147396761841,0.002589227297254277,0.001577920126257324,"{""type"":""MultiPoint"",""coordinates"":[]}"
20130819,2013-08-19,0.004747682271421048,0.00301517102552284,0.001732511130977191,"{""type"":""MultiPoint"",""coordinates"":[]}"
20130820,2013-08-20,0.004629910348175454,0.0031319656868018016,0.0014979447808208123,"{""type"":""MultiPoint"",""coordinates"":[]}"
20130821,2013-08-21,0.0040100357842016545,0.002856325179349884,0.0011537104328313628,"{""type"":""MultiPoint"",""coordinates"":[]}"
20130822,2013-08-22,0.004113506370528567,0.0030065411755369224,0.0011069650651416396,"{""type"":""MultiPoint"",""coordinates"":[]}"
20130823,2013-08-23,0.0038189785848764648,0.0029030529641235077,9.159255670454685E-4,"{""type"":""MultiPoint"",""coordinates"":[]}"
20130824,2013-08-24,0.002858103418528137,0.0023607638163392892,4.973396349274117E-4,"{""type"":""MultiPoint"",""coordinates"":[]}"
20130825,2013-08-25,0.0027824402480203948,0.00223787778137302,5.445623318238225E-4,"{""type"":""MultiPoint"",""coordinates"":[]}"
20130826,2013-08-26,0.003395754409224618,0.0023490233431775007,0.0010467310069398206,"{""type"":""MultiPoint"",""coordinates"":[]}"
20130827,2013-08-27,0.0036541136917998193,0.0022515886304680117,0.0014025249840904513,"{""type"":""MultiPoint"",""coordinates"":[]}"
20130828,2013-08-28,0.0033057123235830477,0.002209453923168639,0.0010962585038145622,"{""type"":""MultiPoint"",""coordinates"":[]}"
20130829,2013-08-29,0.0030259896556231462,0.0020354091007219483,9.905804805310833E-4,"{""type"":""MultiPoint"",""coordinates"":[]}"
20130830,2013-08-30,0.0027935094054742393,0.0019632771190117265,8.302322346670542E-4,"{""type"":""MultiPoint"",""coordinates"":[]}"
20130831,2013-08-31,0.0025042127969768417,0.0019178341380137632,5.86378657314078E-4,"{""type"":""MultiPoint"",""coordinates"":[]}"
20130901,2013-09-01,0.002777774291020182,0.001928298499785303,8.494755182917494E-4,"{""type"":""MultiPoint"",""coordinates"":[]}"
20130902,2013-09-02,0.0035047813541610293,0.002166098551702786,0.001338682732346319,"{""type"":""MultiPoint"",""coordinates"":[]}"
20130903,2013-09-03,0.0036445783411061046,0.002266783677207969,0.0013777946795213369,"{""type"":""MultiPoint"",""coordinates"":[]}"
20130904,2013-09-04,0.003716901819611973,0.002322232653780895,0.0013946689897334082,"{""type"":""MultiPoint"",""coordinates"":[]}"
20130905,2013-09-05,0.0035596095592868864,0.0023645002192830356,0.0011951091672302314,"{""type"":""MultiPoint"",""coordinates"":[]}"
20130906,2013-09-06,0.002855595644402487,0.0021153768666482284,7.402187670436359E-4,"{""type"":""MultiPoint"",""coordinates"":[]}"
20130907,2013-09-07,0.00249782890755897,0.001953895320428386,5.439335221814883E-4,"{""type"":""MultiPoint"",""coordinates"":[]}"
20130908,2013-09-08,0.0024266457141086683,0.0018774729846201296,5.49172792276333E-4,"{""type"":""MultiPoint"",""coordinates"":[]}"
20130909,2013-09-09,0.0023546790249111132,0.0018648405386551196,4.898382354578155E-4,"{""type"":""MultiPoint"",""coordinates"":[]}"
20130910,2013-09-10,0.002368181324037249,0.0018505375817456325,5.17643658288088E-4,"{""type"":""MultiPoint"",""coordinates"":[]}"
20130911,2013-09-11,0.002136642426006967,0.0017272550910713434,4.0938696224284977E-4,"{""type"":""MultiPoint"",""coordinates"":[]}"
20130912,2013-09-12,0.00225889338946957,0.0017646772844886309,4.942158983168198E-4,"{""type"":""MultiPoint"",""coordinates"":[]}"
20130913,2013-09-13,0.0020562199908722616,0.0016720125189204724,3.842073756569796E-4,"{""type"":""MultiPoint"",""coordinates"":[]}"
20130914,2013-09-14,0.0020695737487580437,0.001631954073347701,4.376196686673456E-4,"{""type"":""MultiPoint"",""coordinates"":[]}"
20130915,2013-09-15,0.0023961290498256444,0.0017896156583583616,6.065133289557948E-4,"{""type"":""MultiPoint"",""coordinates"":[]}"
20130916,2013-09-16,0.0025725360109525946,0.0019622899211375272,6.10246084044066E-4,"{""type"":""MultiPoint"",""coordinates"":[]}"
20130917,2013-09-17,0.0026974758304308404,0.0020263288104976256,6.711468857296348E-4,"{""type"":""MultiPoint"",""coordinates"":[]}"
20130918,2013-09-18,0.0025123613202377468,0.0019204675762186678,5.918930856135149E-4,"{""type"":""MultiPoint"",""coordinates"":[]}"
20130919,2013-09-19,0.002347488243259586,0.00177981482096742,5.676730227655581E-4,"{""type"":""MultiPoint"",""coordinates"":[]}"
20130920,2013-09-20,0.002487174141362153,0.0017337203611634973,7.534538103049186E-4,"{""type"":""MultiPoint"",""coordinates"":[]}"
20130921,2013-09-21,0.002271790415135585,0.001660471405998065,6.113188237378076E-4,"{""type"":""MultiPoint"",""coordinates"":[]}"
20130922,2013-09-22,0.002410418276533778,0.0017166772662376092,6.937406972067642E-4,"{""type"":""MultiPoint"",""coordinates"":[]}"
20130923,2013-09-23,0.0024339499143756437,0.0017488775747792572,6.850720694271521E-4,"{""type"":""MultiPoint"",""coordinates"":[]}"
20130924,2013-09-24,0.002391443547515894,0.0016836676590143908,7.077757198454659E-4,"{""type"":""MultiPoint"",""coordinates"":[]}"
20130925,2013-09-25,0.002514283146278539,0.0017153698966134209,7.989131685112003E-4,"{""type"":""MultiPoint"",""coordinates"":[]}"
20130926,2013-09-26,0.0023695486291619235,0.0015581850832317198,8.113636023211265E-4,"{""type"":""MultiPoint"",""coordinates"":[]}"
20130927,2013-09-27,0.0021755963093937746,0.0014854721285808197,6.901240645453069E-4,"{""type"":""MultiPoint"",""coordinates"":[]}"
20130928,2013-09-28,0.002227998481951081,0.001534425542727629,6.93572790606135E-4,"{""type"":""MultiPoint"",""coordinates"":[]}"
20130929,2013-09-29,0.0021025480561121528,0.0014891868806969945,6.133610396633702E-4,"{""type"":""MultiPoint"",""coordinates"":[]}"
20130930,2013-09-30,0.001959017424690576,0.001455785280097055,5.032321332290023E-4,"{""type"":""MultiPoint"",""coordinates"":[]}"
20131001,2013-10-01,0.0019225227366082562,0.0014347952844332434,4.8772746517328745E-4,"{""type"":""MultiPoint"",""coordinates"":[]}"
20131002,2013-10-02,0.001939127250882652,0.0014374643390657525,5.016630023485741E-4,"{""type"":""MultiPoint"",""coordinates"":[]}"
20131003,2013-10-03,0.0021222680814488317,0.0014464582122251414,6.758094657702641E-4,"{""type"":""MultiPoint"",""coordinates"":[]}"
20131004,2013-10-04,0.0023692954101629314,0.0015529246155901065,8.163706552423101E-4,"{""type"":""MultiPoint"",""coordinates"":[]}"
20131005,2013-10-05,0.0025542690328028005,0.0016824465568864703,8.718224493052132E-4,"{""type"":""MultiPoint"",""coordinates"":[]}"
20131006,2013-10-06,0.002549550603633674,0.001782373444559234,7.671768953246948E-4,"{""type"":""MultiPoint"",""coordinates"":[]}"
20131007,2013-10-07,0.0021777969361189207,0.0016791095595025717,4.986874380599706E-4,"{""type"":""MultiPoint"",""coordinates"":[]}"
20131008,2013-10-08,0.002113560546242337,0.0016903767378272224,4.231836667713783E-4,"{""type"":""MultiPoint"",""coordinates"":[]}"
20131009,2013-10-09,0.0018529462992890034,0.0015070430306530977,3.459032958950163E-4,"{""type"":""MultiPoint"",""coordinates"":[]}"
20131010,2013-10-10,0.001621128713198885,0.0014179558173639877,2.031728315672307E-4,"{""type"":""MultiPoint"",""coordinates"":[]}"
20131011,2013-10-11,0.0014790633754398126,0.0013500468464247072,1.2901632127721807E-4,"{""type"":""MultiPoint"",""coordinates"":[]}"
20131012,2013-10-12,0.0023967973215069482,0.0014085359616065553,9.88261426926223E-4,"{""type"":""MultiPoint"",""coordinates"":[]}"
20131013,2013-10-13,0.002829358612882343,0.0014927997346436113,0.0013365586908719242,"{""type"":""MultiPoint"",""coordinates"":[]}"
20131014,2013-10-14,0.002537840039467346,0.0014946729133152577,0.0010431666247932047,"{""type"":""MultiPoint"",""coordinates"":[]}"
20131015,2013-10-15,0.001576770256813027,0.0012828691655220165,2.9390078040911964E-4,"{""type"":""MultiPoint"",""coordinates"":[]}"
20131016,2013-10-16,0.0013814131451057832,0.001241276366763019,1.4013643149806337E-4,"{""type"":""MultiPoint"",""coordinates"":[]}"
20131017,2013-10-17,0.0013760753196356249,0.0012199963569515674,1.5607905389224282E-4,"{""type"":""MultiPoint"",""coordinates"":[]}"
20131018,2013-10-18,0.0014339062180169359,0.0012215717660574493,2.123343263234219E-4,"{""type"":""MultiPoint"",""coordinates"":[]}"
20131019,2013-10-19,0.001400314856083823,0.0011886022201911346,2.1171205063450337E-4,"{""type"":""MultiPoint"",""coordinates"":[]}"
20131020,2013-10-20,0.0013853733401569142,0.001153786819802614,2.315863045061349E-4,"{""type"":""MultiPoint"",""coordinates"":[]}"
20131021,2013-10-21,0.001462080380120217,0.0011202460284691171,3.418337571400381E-4,"{""type"":""MultiPoint"",""coordinates"":[]}"
20131022,2013-10-22,0.001415431323613616,0.0011274347626769494,2.8799647835499147E-4,"{""type"":""MultiPoint"",""coordinates"":[]}"
20131023,2013-10-23,0.0016229449867617208,0.0011721347452661227,4.508097290347361E-4,"{""type"":""MultiPoint"",""coordinates"":[]}"
20131024,2013-10-24,0.0016092453734032925,0.001170937227141857,4.3830780747833775E-4,"{""type"":""MultiPoint"",""coordinates"":[]}"
20131025,2013-10-25,0.002262758094791404,0.0012890094123953594,9.737488525850523E-4,"{""type"":""MultiPoint"",""coordinates"":[]}"
20131026,2013-10-26,0.0025403310556371835,0.0014217800496619693,0.0011185510630711637,"{""type"":""MultiPoint"",""coordinates"":[]}"
20131027,2013-10-27,0.0023934144711623313,0.0015115857798990056,8.818282147716688E-4,"{""type"":""MultiPoint"",""coordinates"":[]}"
20131028,2013-10-28,0.0019124520401781705,0.0015304378405738021,3.820132275941518E-4,"{""type"":""MultiPoint"",""coordinates"":[]}"
20131029,2013-10-29,0.0014015907607067073,0.00123343874437756,1.681513712842055E-4,"{""type"":""MultiPoint"",""coordinates"":[]}"
20131030,2013-10-30,0.0012985414742048775,0.0011729483140364766,1.255932075630881E-4,"{""type"":""MultiPoint"",""coordinates"":[]}"
20131031,2013-10-31,0.0012547132615125874,0.0011359441852400354,1.1876799948850776E-4,"{""type"":""MultiPoint"",""coordinates"":[]}"
20131101,2013-11-01,0.0011726463950916472,0.0010855643140853925,8.708012320680298E-5,"{""type"":""MultiPoint"",""coordinates"":[]}"
20131102,2013-11-02,0.0011905646949080199,0.0010651958170272131,1.2536875854574452E-4,"{""type"":""MultiPoint"",""coordinates"":[]}"
20131103,2013-11-03,0.0010858842744853338,0.0010207044541751527,6.517973936373938E-5,"{""type"":""MultiPoint"",""coordinates"":[]}"
20131104,2013-11-04,0.001008011187719739,9.781014409259473E-4,2.990979850517625E-5,"{""type"":""MultiPoint"",""coordinates"":[]}"
20131105,2013-11-05,9.69421678842339E-4,9.409462715766758E-4,2.8475602777167533E-5,"{""type"":""MultiPoint"",""coordinates"":[]}"
20131106,2013-11-06,9.444651693092523E-4,9.071832372123037E-4,3.728213237845212E-5,"{""type"":""MultiPoint"",""coordinates"":[]}"
20131107,2013-11-07,9.166338033345831E-4,8.79543980761495E-4,3.708884995027347E-5,"{""type"":""MultiPoint"",""coordinates"":[]}"
20131108,2013-11-08,8.66238934997294E-4,8.464541899177291E-4,1.978546541351694E-5,"{""type"":""MultiPoint"",""coordinates"":[]}"
20131109,2013-11-09,8.343056337957192E-4,8.187654813527135E-4,1.5540070740895333E-5,"{""type"":""MultiPoint"",""coordinates"":[]}"
20131110,2013-11-10,8.048399429873393E-4,7.923850031284892E-4,1.2452392277039624E-5,"{""type"":""MultiPoint"",""coordinates"":[]}"
20131111,2013-11-11,7.921294888473665E-4,7.703388098107396E-4,2.1790649093592446E-5,"{""type"":""MultiPoint"",""coordinates"":[]}"
20131112,2013-11-12,7.762609467920477E-4,7.55158260401451E-4,2.1102498631449413E-5,"{""type"":""MultiPoint"",""coordinates"":[]}"
20131113,2013-11-13,7.369398046946817E-4,7.247851935790023E-4,1.2150323283696502E-5,"{""type"":""MultiPoint"",""coordinates"":[]}"
20131114,2013-11-14,7.121848015888896E-4,7.021639660844501E-4,1.0017021804186722E-5,"{""type"":""MultiPoint"",""coordinates"":[]}"
20131115,2013-11-15,6.933387492667767E-4,6.814579965674963E-4,1.187853771117029E-5,"{""type"":""MultiPoint"",""coordinates"":[]}"
20131116,2013-11-16,7.134491012584106E-4,6.632918957811499E-4,5.0155369662380015E-5,"{""type"":""MultiPoint"",""coordinates"":[]}"
20131117,2013-11-17,6.747819605129516E-4,6.457709536005861E-4,2.9009913108830388E-5,"{""type"":""MultiPoint"",""coordinates"":[]}"
20131118,2013-11-18,6.589966533719175E-4,6.276621702502882E-4,3.133439111942523E-5,"{""type"":""MultiPoint"",""coordinates"":[]}"
20131119,2013-11-19,6.60363139161784E-4,6.152831171129706E-4,4.5079974329143916E-5,"{""type"":""MultiPoint"",""coordinates"":[]}"
20131120,2013-11-20,6.15176695294357E-4,5.959736210593096E-4,1.9201337201256014E-5,"{""type"":""MultiPoint"",""coordinates"":[]}"
20131121,2013-11-21,6.126153828934246E-4,5.82044718587594E-4,3.057068670595287E-5,"{""type"":""MultiPoint"",""coordinates"":[]}"
20131122,2013-11-22,6.175348088490953E-4,5.742786963704692E-4,4.325613410538007E-5,"{""type"":""MultiPoint"",""coordinates"":[]}"
20131123,2013-11-23,6.425865934486825E-4,5.71759353961262E-4,7.082575873175085E-5,"{""type"":""MultiPoint"",""coordinates"":[]}"
20131124,2013-11-24,5.883513436747254E-4,5.51759850809639E-4,3.658918198679483E-5,"{""type"":""MultiPoint"",""coordinates"":[]}"
20131125,2013-11-25,5.5271584374686E-4,5.303261636598219E-4,2.2388919038956184E-5,"{""type"":""MultiPoint"",""coordinates"":[]}"
20131126,2013-11-26,5.340577391691177E-4,5.168942231454896E-4,1.716392759421533E-5,"{""type"":""MultiPoint"",""coordinates"":[]}"
20131127,2013-11-27,5.231005524866787E-4,5.0495538381935E-4,1.8145589166793382E-5,"{""type"":""MultiPoint"",""coordinates"":[]}"
20131128,2013-11-28,5.19898374503292E-4,4.947528589706511E-4,2.5145634623352347E-5,"{""type"":""MultiPoint"",""coordinates"":[]}"
20131129,2013-11-29,5.019832832097382E-4,4.8255594808326626E-4,1.9426067184986805E-5,"{""type"":""MultiPoint"",""coordinates"":[]}"
20131130,2013-11-30,5.017605179542991E-4,4.7300073822215827E-4,2.8759178624595723E-5,"{""type"":""MultiPoint"",""coordinates"":[]}"
20131201,2013-12-01,5.023741452453511E-4,4.6753393998975613E-4,3.484015620355229E-5,"{""type"":""MultiPoint"",""coordinates"":[]}"
20131202,2013-12-02,4.912526748664589E-4,4.585346216494182E-4,3.271801252601767E-5,"{""type"":""MultiPoint"",""coordinates"":[]}"
20131203,2013-12-03,4.77909153654897E-4,4.50272449043106E-4,2.7635592733681543E-5,"{""type"":""MultiPoint"",""coordinates"":[]}"
20131204,2013-12-04,5.40731600917725E-4,4.647380046191754E-4,7.599424381649544E-5,"{""type"":""MultiPoint"",""coordinates"":[]}"
20131205,2013-12-05,5.023811231519631E-4,4.467472684020984E-4,5.563396421945313E-5,"{""type"":""MultiPoint"",""coordinates"":[]}"
20131206,2013-12-06,4.406666480593845E-4,4.231204941315123E-4,1.754793520142426E-5,"{""type"":""MultiPoint"",""coordinates"":[]}"
20131207,2013-12-07,4.2545830630118903E-4,4.1237194843043534E-4,1.3079310729815144E-5,"{""type"":""MultiPoint"",""coordinates"":[]}"
20131208,2013-12-08,4.181819252813589E-4,4.0377315826915935E-4,1.4406836425152351E-5,"{""type"":""MultiPoint"",""coordinates"":[]}"
20131209,2013-12-09,4.0796836976185957E-4,3.95640561403859E-4,1.2326084305769028E-5,"{""type"":""MultiPoint"",""coordinates"":[]}"
20131210,2013-12-10,4.0488498330115637E-4,3.8811802202131046E-4,1.676689517537113E-5,"{""type"":""MultiPoint"",""coordinates"":[]}"
20131211,2013-12-11,4.014282376997847E-4,3.807324889683571E-4,2.0694007106597844E-5,"{""type"":""MultiPoint"",""coordinates"":[]}"
20131212,2013-12-12,4.187124101396898E-4,3.74406246490206E-4,4.430502405453604E-5,"{""type"":""MultiPoint"",""coordinates"":[]}"
20131213,2013-12-13,4.0338819693083435E-4,3.6765040311464184E-4,3.573696887754142E-5,"{""type"":""MultiPoint"",""coordinates"":[]}"
20131214,2013-12-14,3.8339976465184063E-4,3.606005456949992E-4,2.279771680549329E-5,"{""type"":""MultiPoint"",""coordinates"":[]}"
20131215,2013-12-15,3.759432200363909E-4,3.552145079650658E-4,2.0726679992714014E-5,"{""type"":""MultiPoint"",""coordinates"":[]}"
20131216,2013-12-16,3.6451219466254487E-4,3.4762085900836464E-4,1.689019461771133E-5,"{""type"":""MultiPoint"",""coordinates"":[]}"
20131217,2013-12-17,3.5339380740000717E-4,3.4036366848469E-4,1.3030037452269199E-5,"{""type"":""MultiPoint"",""coordinates"":[]}"
20131218,2013-12-18,3.46820434854236E-4,3.342470547948728E-4,1.2572442637301603E-5,"{""type"":""MultiPoint"",""coordinates"":[]}"
20131219,2013-12-19,3.769331662036069E-4,3.3527177879739506E-4,4.1659788687186986E-5,"{""type"":""MultiPoint"",""coordinates"":[]}"
20131220,2013-12-20,3.4631321860775283E-4,3.239906961206562E-4,2.2321120677339685E-5,"{""type"":""MultiPoint"",""coordinates"":[]}"
20131221,2013-12-21,3.346810426303413E-4,3.1865631115058946E-4,1.602198159525948E-5,"{""type"":""MultiPoint"",""coordinates"":[]}"
20131222,2013-12-22,3.2573276643575776E-4,3.1244938467833066E-4,1.3280723833839077E-5,"{""type"":""MultiPoint"",""coordinates"":[]}"
20131223,2013-12-23,3.204798692162035E-4,3.071576097281205E-4,1.3321081287697802E-5,"{""type"":""MultiPoint"",""coordinates"":[]}"
20131224,2013-12-24,3.1718871123426564E-4,3.0247365466741077E-4,1.4714046988092252E-5,"{""type"":""MultiPoint"",""coordinates"":[]}"
20131225,2013-12-25,3.1210564491171075E-4,2.9751558602527983E-4,1.4589872636653223E-5,"{""type"":""MultiPoint"",""coordinates"":[]}"
20131226,2013-12-26,3.056426628906391E-4,2.9208208997093683E-4,1.355960927001464E-5,"{""type"":""MultiPoint"",""coordinates"":[]}"
20131227,2013-12-27,3.018717951257679E-4,2.874360068601269E-4,1.4433919061741412E-5,"{""type"":""MultiPoint"",""coordinates"":[]}"
20131228,2013-12-28,3.0020957413689207E-4,2.8301741955048164E-4,1.719193309359773E-5,"{""type"":""MultiPoint"",""coordinates"":[]}"
20131229,2013-12-29,2.94220601568516E-4,2.78804636509149E-4,1.541592460925366E-5,"{""type"":""MultiPoint"",""coordinates"":[]}"
20131230,2013-12-30,2.87167194563171E-4,2.74288249090452E-4,1.2878860835942842E-5,"{""type"":""MultiPoint"",""coordinates"":[]}"
20131231,2013-12-31,2.859220419715923E-4,2.7013927382617085E-4,1.5779939536258955E-5,"{""type"":""MultiPoint"",""coordinates"":[]}"
20140101,2014-01-01,2.760897594243558E-4,2.6558926167523264E-4,1.0499015151727657E-5,"{""type"":""MultiPoint"",""coordinates"":[]}"
20140102,2014-01-02,2.7785710178189027E-4,2.6152369273943835E-4,1.633176097885112E-5,"{""type"":""MultiPoint"",""coordinates"":[]}"
20140103,2014-01-03,2.719879803842298E-4,2.576431003265621E-4,1.4345131525964564E-5,"{""type"":""MultiPoint"",""coordinates"":[]}"
20140104,2014-01-04,2.688137032807767E-4,2.535161611880722E-4,1.529581631379391E-5,"{""type"":""MultiPoint"",""coordinates"":[]}"
20140105,2014-01-05,2.8040117541766753E-4,2.507428207580056E-4,2.9658369150098747E-5,"{""type"":""MultiPoint"",""coordinates"":[]}"
20140106,2014-01-06,2.8023481815854674E-4,2.474930287939207E-4,3.2741229357648905E-5,"{""type"":""MultiPoint"",""coordinates"":[]}"
20140107,2014-01-07,2.8468042444037146E-4,2.453395378665349E-4,3.934132272157699E-5,"{""type"":""MultiPoint"",""coordinates"":[]}"
20140108,2014-01-08,2.5123198384807715E-4,2.39240836895414E-4,1.1990403327226128E-5,"{""type"":""MultiPoint"",""coordinates"":[]}"
20140109,2014-01-09,2.461851916752931E-4,2.356730867785687E-4,1.0511335995497382E-5,"{""type"":""MultiPoint"",""coordinates"":[]}"
20140110,2014-01-10,2.4738030601835893E-4,2.3215213033168371E-4,1.5226959388727727E-5,"{""type"":""MultiPoint"",""coordinates"":[]}"
20140111,2014-01-11,2.577016635896232E-4,2.2905193254445602E-4,2.8649683392363216E-5,"{""type"":""MultiPoint"",""coordinates"":[]}"
20140112,2014-01-12,2.585852966088801E-4,2.2634063290871524E-4,3.224314759722962E-5,"{""type"":""MultiPoint"",""coordinates"":[]}"
20140113,2014-01-13,2.4716410665990033E-4,2.2343765577632565E-4,2.3725452163421313E-5,"{""type"":""MultiPoint"",""coordinates"":[]}"
20140114,2014-01-14,2.389579284886227E-4,2.1966086298677072E-4,1.929498622668942E-5,"{""type"":""MultiPoint"",""coordinates"":[]}"
20140115,2014-01-15,3.18115695793565E-4,2.367384335432285E-4,8.137524185778353E-5,"{""type"":""MultiPoint"",""coordinates"":[]}"
20140116,2014-01-16,3.2546449032576835E-4,2.2859756423740043E-4,9.686673943051963E-5,"{""type"":""MultiPoint"",""coordinates"":[]}"
20140117,2014-01-17,2.647697150060562E-4,2.114878723788346E-4,5.328135084275309E-5,"{""type"":""MultiPoint"",""coordinates"":[]}"
20140118,2014-01-18,3.235718986371106E-4,2.103451113140759E-4,1.1322654873747513E-4,"{""type"":""MultiPoint"",""coordinates"":[]}"
20140119,2014-01-19,2.254307903674414E-4,2.059902648780739E-4,1.943986965956567E-5,"{""type"":""MultiPoint"",""coordinates"":[]}"
20140120,2014-01-20,2.2083032592390563E-4,2.033336428298602E-4,1.749405511545935E-5,"{""type"":""MultiPoint"",""coordinates"":[]}"
20140121,2014-01-21,2.3031934163465754E-4,2.009327748037095E-4,2.9384720259721513E-5,"{""type"":""MultiPoint"",""coordinates"":[]}"
20140122,2014-01-22,2.856180261927689E-4,2.0322531560854109E-4,8.239212535800027E-5,"{""type"":""MultiPoint"",""coordinates"":[]}"
20140123,2014-01-23,2.1593033711745494E-4,1.954426967699689E-4,2.0488026198813743E-5,"{""type"":""MultiPoint"",""coordinates"":[]}"
20140124,2014-01-24,2.12066596998433E-4,1.929943760212824E-4,1.907297109680899E-5,"{""type"":""MultiPoint"",""coordinates"":[]}"
20140125,2014-01-25,2.087136986584373E-4,1.909274873672882E-4,1.778435378756571E-5,"{""type"":""MultiPoint"",""coordinates"":[]}"
20140126,2014-01-26,2.0111519899104134E-4,1.8820340567664068E-4,1.291168207339318E-5,"{""type"":""MultiPoint"",""coordinates"":[]}"
20140127,2014-01-27,2.0514574904033922E-4,1.860017700664514E-4,1.9143959105277992E-5,"{""type"":""MultiPoint"",""coordinates"":[]}"
20140128,2014-01-28,1.990451542684986E-4,1.8398158009441605E-4,1.5064064874460437E-5,"{""type"":""MultiPoint"",""coordinates"":[]}"
20140129,2014-01-29,1.9647620886518874E-4,1.8165057654993244E-4,1.4825507617262666E-5,"{""type"":""MultiPoint"",""coordinates"":[]}"
20140130,2014-01-30,1.8952268911342747E-4,1.7877631511204525E-4,1.074457579290377E-5,"{""type"":""MultiPoint"",""coordinates"":[]}"
20140131,2014-01-31,1.8919478187439425E-4,1.7638022131335714E-4,1.2815657108969188E-5,"{""type"":""MultiPoint"",""coordinates"":[]}"
20140201,2014-02-01,1.9041191158278623E-4,1.7408029068520422E-4,1.633206581539743E-5,"{""type"":""MultiPoint"",""coordinates"":[]}"
20140202,2014-02-02,1.9782030853750137E-4,1.7185930878884306E-4,2.5959220996785996E-5,"{""type"":""MultiPoint"",""coordinates"":[]}"
20140203,2014-02-03,1.9715307344971898E-4,1.7045590265625957E-4,2.6696220925247216E-5,"{""type"":""MultiPoint"",""coordinates"":[]}"
20140204,2014-02-04,1.864330073979471E-4,1.6766484866606983E-4,1.8768006932101595E-5,"{""type"":""MultiPoint"",""coordinates"":[]}"
20140205,2014-02-05,1.9893809701033424E-4,1.6703854637372488E-4,3.189815077133328E-5,"{""type"":""MultiPoint"",""coordinates"":[]}"
20140206,2014-02-06,2.1641189651690288E-4,1.6937350706704854E-4,4.703834728338654E-5,"{""type"":""MultiPoint"",""coordinates"":[]}"
20140207,2014-02-07,2.2537374256767693E-4,1.6995897407953603E-4,5.541332389833544E-5,"{""type"":""MultiPoint"",""coordinates"":[]}"
20140208,2014-02-08,2.2688733331749088E-4,1.630937338354181E-4,6.379214578688678E-5,"{""type"":""MultiPoint"",""coordinates"":[]}"
20140209,2014-02-09,2.1762006489633664E-4,1.6142699232684756E-4,5.619144816611233E-5,"{""type"":""MultiPoint"",""coordinates"":[]}"
20140210,2014-02-10,2.0122036441460038E-4,1.6040747153125376E-4,4.081287547397637E-5,"{""type"":""MultiPoint"",""coordinates"":[]}"
20140211,2014-02-11,1.8906909340530767E-4,1.5921604330101203E-4,2.985330729098786E-5,"{""type"":""MultiPoint"",""coordinates"":[]}"
20140212,2014-02-12,1.8288777682984962E-4,1.5806334240826497E-4,2.4822956816415805E-5,"{""type"":""MultiPoint"",""coordinates"":[]}"
20140213,2014-02-13,1.7896967110157266E-4,1.5618426868446847E-4,2.2784326545564627E-5,"{""type"":""MultiPoint"",""coordinates"":[]}"
20140214,2014-02-14,2.169704905146954E-4,1.5950367737241534E-4,5.746533530996829E-5,"{""type"":""MultiPoint"",""coordinates"":[]}"
20140215,2014-02-15,2.4273213394685706E-4,1.601796057689292E-4,8.255238044754915E-5,"{""type"":""MultiPoint"",""coordinates"":[]}"
20140216,2014-02-16,3.262656370139883E-4,1.6058677766844377E-4,1.6567836862746695E-4,"{""type"":""MultiPoint"",""coordinates"":[]}"
20140217,2014-02-17,2.6277315033490316E-4,1.627227028009921E-4,1.0004885607116654E-4,"{""type"":""MultiPoint"",""coordinates"":[]}"
20140218,2014-02-18,1.792670288991073E-4,1.5586117161260315E-4,2.3404904795824487E-5,"{""type"":""MultiPoint"",""coordinates"":[]}"
20140219,2014-02-19,1.765286498913417E-4,1.5304097938956805E-4,2.3486879798764524E-5,"{""type"":""MultiPoint"",""coordinates"":[]}"
20140220,2014-02-20,1.7327604985584145E-4,1.509261184522414E-4,2.2348074408875722E-5,"{""type"":""MultiPoint"",""coordinates"":[]}"
20140221,2014-02-21,1.76608832689848E-4,1.4893578266786527E-4,2.7672096225968957E-5,"{""type"":""MultiPoint"",""coordinates"":[]}"
20140222,2014-02-22,1.8629336988174153E-4,1.4798444301731203E-4,3.8308471769434024E-5,"{""type"":""MultiPoint"",""coordinates"":[]}"
20140223,2014-02-23,1.8639068498619513E-4,1.4644360595136437E-4,3.994719573218355E-5,"{""type"":""MultiPoint"",""coordinates"":[]}"
20140224,2014-02-24,1.848334295002463E-4,1.458614790575553E-4,3.897129993796364E-5,"{""type"":""MultiPoint"",""coordinates"":[]}"
20140225,2014-02-25,1.8726838094268789E-4,1.433426569407216E-4,4.392479985891336E-5,"{""type"":""MultiPoint"",""coordinates"":[]}"
20140226,2014-02-26,2.2335982035039833E-4,1.4448787583537474E-4,7.887198568343948E-5,"{""type"":""MultiPoint"",""coordinates"":[]}"
20140227,2014-02-27,2.4447864137203855E-4,1.4862954440177494E-4,9.584833204993655E-5,"{""type"":""MultiPoint"",""coordinates"":[]}"
20140228,2014-02-28,2.594777969602633E-4,1.47360487952509E-4,1.1211717589957467E-4,"{""type"":""MultiPoint"",""coordinates"":[]}"
20140301,2014-03-01,2.5530106758180716E-4,1.5079892714251164E-4,1.0450216816203381E-4,"{""type"":""MultiPoint"",""coordinates"":[]}"
20140302,2014-03-02,2.2599579272830945E-4,1.4840377104661763E-4,7.759070578749586E-5,"{""type"":""MultiPoint"",""coordinates"":[]}"
20140303,2014-03-03,2.1658289198129047E-4,1.4868579963173058E-4,6.789631053707997E-5,"{""type"":""MultiPoint"",""coordinates"":[]}"
20140304,2014-03-04,2.0628593396425048E-4,1.4570578284534688E-4,6.058005643326813E-5,"{""type"":""MultiPoint"",""coordinates"":[]}"
20140305,2014-03-05,1.8380354038589967E-4,1.433871185132146E-4,4.041600756851728E-5,"{""type"":""MultiPoint"",""coordinates"":[]}"
20140306,2014-03-06,1.8921440360620203E-4,1.4248137667114053E-4,4.673197823413558E-5,"{""type"":""MultiPoint"",""coordinates"":[]}"
20140307,2014-03-07,1.878758384478661E-4,1.4184410017315636E-4,4.603162116141983E-5,"{""type"":""MultiPoint"",""coordinates"":[]}"
20140308,2014-03-08,1.97846762037509E-4,1.428736148483835E-4,5.497204608604463E-5,"{""type"":""MultiPoint"",""coordinates"":[]}"
20140309,2014-03-09,2.1510666468076554E-4,1.4172020109527522E-4,7.338642990049765E-5,"{""type"":""MultiPoint"",""coordinates"":[]}"
20140310,2014-03-10,2.7497527637683234E-4,1.5225769571017118E-4,1.2271718075164973E-4,"{""type"":""MultiPoint"",""coordinates"":[]}"
20140311,2014-03-11,2.915491564893727E-4,1.6621763893881955E-4,1.253314855661821E-4,"{""type"":""MultiPoint"",""coordinates"":[]}"
20140312,2014-03-12,1.913878526310441E-4,1.4029864281476303E-4,5.108912543663838E-5,"{""type"":""MultiPoint"",""coordinates"":[]}"
20140313,2014-03-13,1.8614925486139136E-4,1.3762289553119575E-4,4.8526894434545766E-5,"{""type"":""MultiPoint"",""coordinates"":[]}"
20140314,2014-03-14,2.0707377689365978E-4,1.3658227254065647E-4,7.048991771434069E-5,"{""type"":""MultiPoint"",""coordinates"":[]}"
20140315,2014-03-15,2.2339795568917031E-4,1.3677175184842604E-4,8.662615579068623E-5,"{""type"":""MultiPoint"",""coordinates"":[]}"
20140316,2014-03-16,2.6151437915663075E-4,1.3924053746850018E-4,1.2227235108173626E-4,"{""type"":""MultiPoint"",""coordinates"":[]}"
20140317,2014-03-17,3.6415221976104423E-4,1.5210451426500327E-4,2.1204757020001333E-4,"{""type"":""MultiPoint"",""coordinates"":[]}"
20140318,2014-03-18,2.4991599226309246E-4,1.4121807853795032E-4,1.0869800439792009E-4,"{""type"":""MultiPoint"",""coordinates"":[]}"
20140319,2014-03-19,2.938761395731203E-4,1.4230412982988225E-4,1.5157196206880177E-4,"{""type"":""MultiPoint"",""coordinates"":[]}"
20140320,2014-03-20,2.3328387583605132E-4,1.385774017903165E-4,9.470568960587059E-5,"{""type"":""MultiPoint"",""coordinates"":[]}"
20140321,2014-03-21,2.0567390291823423E-4,1.3536176754380664E-4,7.030961480983581E-5,"{""type"":""MultiPoint"",""coordinates"":[]}"
20140322,2014-03-22,2.2178161402679406E-4,1.3620171875237312E-4,8.557894748540175E-5,"{""type"":""MultiPoint"",""coordinates"":[]}"
20140323,2014-03-23,2.3548286006063073E-4,1.3498570150223847E-4,1.0049628422895033E-4,"{""type"":""MultiPoint"",""coordinates"":[]}"
20140324,2014-03-24,2.879110247278464E-4,1.5849555641918935E-4,1.294152102458426E-4,"{""type"":""MultiPoint"",""coordinates"":[]}"
20140325,2014-03-25,2.3242012381792922E-4,1.4031972613669276E-4,9.209959585461825E-5,"{""type"":""MultiPoint"",""coordinates"":[]}"
20140326,2014-03-26,2.091722905952006E-4,1.3838875766229307E-4,7.078335214635803E-5,"{""type"":""MultiPoint"",""coordinates"":[]}"
20140327,2014-03-27,2.2588675528482967E-4,1.3785690092150797E-4,8.80300805750029E-5,"{""type"":""MultiPoint"",""coordinates"":[]}"
20140328,2014-03-28,2.8138601946636483E-4,1.446771672532178E-4,1.3670886076247023E-4,"{""type"":""MultiPoint"",""coordinates"":[]}"
20140329,2014-03-29,3.2819975527461666E-4,1.5250217857760902E-4,1.7569627959912977E-4,"{""type"":""MultiPoint"",""coordinates"":[]}"
20140330,2014-03-30,4.0252419530728214E-4,1.5813483236560023E-4,2.4438999747806815E-4,"{""type"":""MultiPoint"",""coordinates"":[]}"
20140331,2014-03-31,3.651739828387667E-4,1.5773534854765964E-4,2.0743758521455928E-4,"{""type"":""MultiPoint"",""coordinates"":[]}"
20140401,2014-04-01,2.857073518673673E-4,1.5334780367049362E-4,1.3235921969862835E-4,"{""type"":""MultiPoint"",""coordinates"":[]}"
20140402,2014-04-02,2.6658127826985605E-4,1.5036325132185415E-4,1.1621806599838409E-4,"{""type"":""MultiPoint"",""coordinates"":[]}"
20140403,2014-04-03,3.0055726016670243E-4,1.549064937932603E-4,1.456498589480056E-4,"{""type"":""MultiPoint"",""coordinates"":[]}"
20140404,2014-04-04,3.0528109507848124E-4,1.5623831969298387E-4,1.4904055767757266E-4,"{""type"":""MultiPoint"",""coordinates"":[]}"
20140405,2014-04-05,3.0798509187629546E-4,1.5450691387766137E-4,1.534775137497965E-4,"{""type"":""MultiPoint"",""coordinates"":[]}"
20140406,2014-04-06,3.947872426383429E-4,1.6658471935894194E-4,2.2820138874649453E-4,"{""type"":""MultiPoint"",""coordinates"":[]}"
20140407,2014-04-07,3.6805053767674376E-4,1.7419454791360012E-4,1.9385567623567913E-4,"{""type"":""MultiPoint"",""coordinates"":[]}"
20140408,2014-04-08,3.6690737722254956E-4,1.6346331219778407E-4,2.0344392975233755E-4,"{""type"":""MultiPoint"",""coordinates"":[]}"
20140409,2014-04-09,3.9672851453156563E-4,1.6708928387713462E-4,2.2963927806632608E-4,"{""type"":""MultiPoint"",""coordinates"":[]}"
20140410,2014-04-10,3.584222697912722E-4,1.6729312814094054E-4,1.911280870019008E-4,"{""type"":""MultiPoint"",""coordinates"":[]}"
20140411,2014-04-11,2.7998460178375455E-4,1.6313835078248317E-4,1.1684571457732905E-4,"{""type"":""MultiPoint"",""coordinates"":[]}"
20140412,2014-04-12,2.753764951596954E-4,1.6126917574923322E-4,1.1410729078161104E-4,"{""type"":""MultiPoint"",""coordinates"":[]}"
20140413,2014-04-13,2.6383805858599675E-4,1.6146535459068699E-4,1.0237200707182308E-4,"{""type"":""MultiPoint"",""coordinates"":[]}"
20140414,2014-04-14,2.585623783064016E-4,1.5974845499754916E-4,9.881351632094627E-5,"{""type"":""MultiPoint"",""coordinates"":[]}"
20140415,2014-04-15,2.851789946916883E-4,1.59957185173295E-4,1.252216211132162E-4,"{""type"":""MultiPoint"",""coordinates"":[]}"
20140416,2014-04-16,3.15161753715481E-4,1.5864655445549738E-4,1.565150313787877E-4,"{""type"":""MultiPoint"",""coordinates"":[]}"
20140417,2014-04-17,4.2338800910787176E-4,1.7554211520991354E-4,2.47845508102679E-4,"{""type"":""MultiPoint"",""coordinates"":[]}"
20140418,2014-04-18,3.440139538115536E-4,1.704211450484685E-4,1.735925183697773E-4,"{""type"":""MultiPoint"",""coordinates"":[]}"
20140419,2014-04-19,3.529961287105361E-4,1.7742588707617815E-4,1.7557002914564532E-4,"{""type"":""MultiPoint"",""coordinates"":[]}"
20140420,2014-04-20,3.6599084545555063E-4,1.6986186692142936E-4,1.961289389532474E-4,"{""type"":""MultiPoint"",""coordinates"":[]}"
20140421,2014-04-21,3.246667220298001E-4,1.6833589931795385E-4,1.5633085890917636E-4,"{""type"":""MultiPoint"",""coordinates"":[]}"
20140422,2014-04-22,3.3838865951052737E-4,1.6704955707709304E-4,1.7133904470571396E-4,"{""type"":""MultiPoint"",""coordinates"":[]}"
20140423,2014-04-23,3.545083503611324E-4,1.6717371787272435E-4,1.8733471667384895E-4,"{""type"":""MultiPoint"",""coordinates"":[]}"
20140424,2014-04-24,3.645488501134116E-4,1.683683390035665E-4,1.961794026521531E-4,"{""type"":""MultiPoint"",""coordinates"":[]}"
20140425,2014-04-25,3.6993356450014137E-4,1.6875611929895683E-4,2.011762679855767E-4,"{""type"":""MultiPoint"",""coordinates"":[]}"
20140426,2014-04-26,3.623494469193853E-4,1.6984388439710837E-4,1.9250504136902232E-4,"{""type"":""MultiPoint"",""coordinates"":[]}"
20140427,2014-04-27,4.437761924905068E-4,1.7746729478703926E-4,2.6630824352954737E-4,"{""type"":""MultiPoint"",""coordinates"":[]}"
20140428,2014-04-28,4.4733358385318244E-4,1.785657700170873E-4,2.6876772358761165E-4,"{""type"":""MultiPoint"",""coordinates"":[]}"
20140429,2014-04-29,3.985942834822748E-4,1.7276881751220535E-4,2.258255556497123E-4,"{""type"":""MultiPoint"",""coordinates"":[]}"
20140430,2014-04-30,3.77848630297842E-4,1.6756229086821125E-4,2.1028576077923933E-4,"{""type"":""MultiPoint"",""coordinates"":[]}"
20140501,2014-05-01,4.4539842683871564E-4,1.6641371355414561E-4,2.7898506201229627E-4,"{""type"":""MultiPoint"",""coordinates"":[]}"
20140502,2014-05-02,5.830203193232266E-4,1.7327362641793382E-4,4.097464742193176E-4,"{""type"":""MultiPoint"",""coordinates"":[]}"
20140503,2014-05-03,7.270749448452119E-4,1.9114786938812341E-4,5.359268296988288E-4,"{""type"":""MultiPoint"",""coordinates"":[]}"
20140504,2014-05-04,7.431935381837565E-4,2.0843995788483643E-4,5.347535414422484E-4,"{""type"":""MultiPoint"",""coordinates"":[]}"
20140505,2014-05-05,7.31720856101793E-4,2.135515563699642E-4,5.181689021000448E-4,"{""type"":""MultiPoint"",""coordinates"":[]}"
20140506,2014-05-06,8.901186590543913E-4,2.2715741448908492E-4,6.629611081070143E-4,"{""type"":""MultiPoint"",""coordinates"":[]}"
20140507,2014-05-07,0.0013064014303667004,3.1250728996553266E-4,9.938937381621185E-4,"{""type"":""MultiPoint"",""coordinates"":[]}"
20140508,2014-05-08,0.0014339474673074452,4.0186536682476555E-4,0.0010320816070570793,"{""type"":""MultiPoint"",""coordinates"":[]}"
20140509,2014-05-09,0.0014084090848793742,3.415687446119053E-4,0.0010668393857492205,"{""type"":""MultiPoint"",""coordinates"":[]}"
20140510,2014-05-10,0.001144842660788364,2.869305688129002E-4,8.57911492669329E-4,"{""type"":""MultiPoint"",""coordinates"":[]}"
20140511,2014-05-11,0.0012479242294473082,2.889805636103198E-4,9.589435132269721E-4,"{""type"":""MultiPoint"",""coordinates"":[]}"
20140512,2014-05-12,0.001059648571915186,3.0141509480236786E-4,7.582333851696135E-4,"{""type"":""MultiPoint"",""coordinates"":[]}"
20140513,2014-05-13,8.227219612329563E-4,2.87879459838253E-4,5.34842391181739E-4,"{""type"":""MultiPoint"",""coordinates"":[]}"
20140514,2014-05-14,8.651380044929547E-4,2.839522370814642E-4,5.811855670449309E-4,"{""type"":""MultiPoint"",""coordinates"":[]}"
20140515,2014-05-15,9.150039912190453E-4,2.943879963120315E-4,6.206158702881765E-4,"{""type"":""MultiPoint"",""coordinates"":[]}"
20140516,2014-05-16,6.486360492730664E-4,2.717301754690466E-4,3.7690557606790065E-4,"{""type"":""MultiPoint"",""coordinates"":[]}"
20140517,2014-05-17,6.193746343889329E-4,2.448659773017379E-4,3.7450852903171445E-4,"{""type"":""MultiPoint"",""coordinates"":[]}"
20140518,2014-05-18,6.568811045314296E-4,2.2527262803314832E-4,4.3160814389376425E-4,"{""type"":""MultiPoint"",""coordinates"":[]}"
20140519,2014-05-19,7.518630366383673E-4,2.1952613793462143E-4,5.323361993854257E-4,"{""type"":""MultiPoint"",""coordinates"":[]}"
20140520,2014-05-20,9.133881550872149E-4,2.344849766533213E-4,6.789031312747065E-4,"{""type"":""MultiPoint"",""coordinates"":[]}"
20140521,2014-05-21,0.0010017358025073049,2.4213268540631189E-4,7.596019759273534E-4,"{""type"":""MultiPoint"",""coordinates"":[]}"
20140522,2014-05-22,8.850123054165933E-4,2.5019373027379137E-4,6.348180241581145E-4,"{""type"":""MultiPoint"",""coordinates"":[]}"
20140523,2014-05-23,6.695507099694673E-4,2.4261806628049308E-4,4.269318944818192E-4,"{""type"":""MultiPoint"",""coordinates"":[]}"
20140524,2014-05-24,6.610016275456371E-4,2.333833861032706E-4,4.2761822234859857E-4,"{""type"":""MultiPoint"",""coordinates"":[]}"
20140525,2014-05-25,7.390287549125026E-4,2.297042986496178E-4,5.093244818582473E-4,"{""type"":""MultiPoint"",""coordinates"":[]}"
20140526,2014-05-26,9.127298511764042E-4,2.533421252595483E-4,6.593872652996325E-4,"{""type"":""MultiPoint"",""coordinates"":[]}"
20140527,2014-05-27,0.0012214652148554062,2.865336446128834E-4,9.349313307818229E-4,"{""type"":""MultiPoint"",""coordinates"":[]}"
20140528,2014-05-28,0.0018022716847718961,3.942222643334778E-4,0.001408049168289678,"{""type"":""MultiPoint"",""coordinates"":[]}"
20140529,2014-05-29,0.0010498509632608124,2.9585644432820427E-4,7.539937885316044E-4,"{""type"":""MultiPoint"",""coordinates"":[]}"
20140530,2014-05-30,7.73995577135777E-4,2.7110555554920007E-4,5.028883566790039E-4,"{""type"":""MultiPoint"",""coordinates"":[]}"
20140531,2014-05-31,7.203613172869889E-4,2.4804970526439747E-4,4.723116364517579E-4,"{""type"":""MultiPoint"",""coordinates"":[]}"
20140601,2014-06-01,7.496980597878574E-4,2.451337390113019E-4,5.045636537380887E-4,"{""type"":""MultiPoint"",""coordinates"":[]}"
20140602,2014-06-02,7.633532431279692E-4,2.476889909337034E-4,5.156639358604555E-4,"{""type"":""MultiPoint"",""coordinates"":[]}"
20140603,2014-06-03,8.401316590868006E-4,2.469915272889564E-4,5.931395058835446E-4,"{""type"":""MultiPoint"",""coordinates"":[]}"
20140604,2014-06-04,8.52779255772221E-4,2.4152824555166962E-4,6.11250134741136E-4,"{""type"":""MultiPoint"",""coordinates"":[]}"
20140605,2014-06-05,9.892603469949033E-4,2.6183265026506573E-4,7.274269502316813E-4,"{""type"":""MultiPoint"",""coordinates"":[]}"
20140606,2014-06-06,0.0012190350714906132,3.0874836519030244E-4,9.102866046937021E-4,"{""type"":""MultiPoint"",""coordinates"":[]}"
20140607,2014-06-07,0.0013951908670500886,3.5999254852491354E-4,0.001035198379277534,"{""type"":""MultiPoint"",""coordinates"":[]}"
20140608,2014-06-08,0.0018111148006777268,4.333465851796993E-4,0.0013777671734412765,"{""type"":""MultiPoint"",""coordinates"":[]}"
20140609,2014-06-09,0.0016580634308342836,4.900865235391136E-4,0.0011679760890124945,"{""type"":""MultiPoint"",""coordinates"":[]}"
20140610,2014-06-10,0.0014768115998791173,4.859596579049405E-4,9.908513451415408E-4,"{""type"":""MultiPoint"",""coordinates"":[]}"
20140611,2014-06-11,0.0015374108465543565,5.126322949184733E-4,0.0010247780611690421,"{""type"":""MultiPoint"",""coordinates"":[]}"
20140612,2014-06-12,0.0012724962046583757,4.7155820564927746E-4,8.00937850844099E-4,"{""type"":""MultiPoint"",""coordinates"":[]}"
20140613,2014-06-13,0.0014245016205364856,4.8243854159716655E-4,9.420629081347648E-4,"{""type"":""MultiPoint"",""coordinates"":[]}"
20140614,2014-06-14,0.0013647906858839727,4.91920866048724E-4,8.728689579136075E-4,"{""type"":""MultiPoint"",""coordinates"":[]}"
20140615,2014-06-15,0.001302495121395743,4.885240628024423E-4,8.139711432428616E-4,"{""type"":""MultiPoint"",""coordinates"":[]}"
20140616,2014-06-16,0.0013105874659566365,5.218799337354997E-4,7.887075637236878E-4,"{""type"":""MultiPoint"",""coordinates"":[]}"
20140617,2014-06-17,0.0014986601200690133,5.637445732273422E-4,9.34915037215669E-4,"{""type"":""MultiPoint"",""coordinates"":[]}"
20140618,2014-06-18,0.0013844367252080297,5.109534263263749E-4,8.734830764370038E-4,"{""type"":""MultiPoint"",""coordinates"":[]}"
20140619,2014-06-19,0.0021899976502545433,7.739273090220575E-4,0.0014160701403703418,"{""type"":""MultiPoint"",""coordinates"":[]}"
20140620,2014-06-20,0.0029062231430518953,0.0010104359343602355,0.0018957869634929011,"{""type"":""MultiPoint"",""coordinates"":[]}"
20140621,2014-06-21,0.003338918008692052,0.0011958529633854247,0.002143064773765688,"{""type"":""MultiPoint"",""coordinates"":[]}"
20140622,2014-06-22,0.0032041208899268258,0.0013320579950416131,0.0018720627283993218,"{""type"":""MultiPoint"",""coordinates"":[]}"
20140623,2014-06-23,0.0025667776062076268,0.0011408644831283486,0.0014259131102865156,"{""type"":""MultiPoint"",""coordinates"":[]}"
20140624,2014-06-24,0.0018767454959020477,8.934914713376283E-4,9.832536088659278E-4,"{""type"":""MultiPoint"",""coordinates"":[]}"
20140625,2014-06-25,0.001816041707727344,8.959835296522212E-4,9.200581544788137E-4,"{""type"":""MultiPoint"",""coordinates"":[]}"
20140626,2014-06-26,0.0016204841740210464,7.70973563297184E-4,8.495103312107957E-4,"{""type"":""MultiPoint"",""coordinates"":[]}"
20140627,2014-06-27,0.0016906118357378598,7.645605748999013E-4,9.260511438092331E-4,"{""type"":""MultiPoint"",""coordinates"":[]}"
20140628,2014-06-28,0.0017963752279099316,7.575083071910705E-4,0.0010388666738224321,"{""type"":""MultiPoint"",""coordinates"":[]}"
20140629,2014-06-29,0.002188578744912275,8.700506854539175E-4,0.0013185276492914352,"{""type"":""MultiPoint"",""coordinates"":[]}"
20140630,2014-06-30,0.002440228048204599,9.620473407488861E-4,0.0014781802135286314,"{""type"":""MultiPoint"",""coordinates"":[]}"
20140701,2014-07-01,0.0019789755549387707,9.061279187871123E-4,0.0010728477058525613,"{""type"":""MultiPoint"",""coordinates"":[]}"
20140702,2014-07-02,0.0019209244060489025,9.055525767918989E-4,0.0010153716284543506,"{""type"":""MultiPoint"",""coordinates"":[]}"
20140703,2014-07-03,0.0022023299763539164,0.0010483533834573417,0.0011539766504064964,"{""type"":""MultiPoint"",""coordinates"":[]}"
20140704,2014-07-04,0.002128731181684491,0.0010198375089009672,0.0011088937724653193,"{""type"":""MultiPoint"",""coordinates"":[]}"
20140705,2014-07-05,0.001959659852680662,9.797038912143518E-4,9.799558161233883E-4,"{""type"":""MultiPoint"",""coordinates"":[]}"
20140706,2014-07-06,0.0018047633755826013,8.635889825274395E-4,9.411742626653226E-4,"{""type"":""MultiPoint"",""coordinates"":[]}"
20140707,2014-07-07,0.001996938578769095,9.928387059969235E-4,0.001004099686861635,"{""type"":""MultiPoint"",""coordinates"":[]}"
20140708,2014-07-08,0.0018416666965503175,0.0010343399405249273,8.073266025353182E-4,"{""type"":""MultiPoint"",""coordinates"":[]}"
20140709,2014-07-09,0.0016807728338306123,9.4151526750299E-4,7.392574021859243E-4,"{""type"":""MultiPoint"",""coordinates"":[]}"
20140710,2014-07-10,0.0017012549550739458,0.0010007065413839926,7.005485362413967E-4,"{""type"":""MultiPoint"",""coordinates"":[]}"
20140711,2014-07-11,0.002022944327483992,0.0010652219915564466,9.577225222481216E-4,"{""type"":""MultiPoint"",""coordinates"":[]}"
20140712,2014-07-12,0.002018793528582047,0.001044472352790982,9.743209309261364E-4,"{""type"":""MultiPoint"",""coordinates"":[]}"
20140713,2014-07-13,0.00241947167043815,0.0012389063385662663,0.0011805652000592066,"{""type"":""MultiPoint"",""coordinates"":[]}"
20140714,2014-07-14,0.0031915508619145814,0.0015315176171654197,0.001660033465475,"{""type"":""MultiPoint"",""coordinates"":[]}"
20140715,2014-07-15,0.003791866574390889,0.0018047930924864882,0.0019870732452854454,"{""type"":""MultiPoint"",""coordinates"":[]}"
20140716,2014-07-16,0.003245071761409576,0.0017478270019005598,0.0014972447604121762,"{""type"":""MultiPoint"",""coordinates"":[]}"
20140717,2014-07-17,0.003082586119837454,0.0016307904443534163,0.0014517957564766971,"{""type"":""MultiPoint"",""coordinates"":[]}"
20140718,2014-07-18,0.0035518554303868946,0.0017195634343316198,0.0018322919662808778,"{""type"":""MultiPoint"",""coordinates"":[]}"
20140719,2014-07-19,0.0038657656867909897,0.002010017741144628,0.001855747984744926,"{""type"":""MultiPoint"",""coordinates"":[]}"
20140720,2014-07-20,0.004249412290174647,0.0018896602226161523,0.0023597518858432163,"{""type"":""MultiPoint"",""coordinates"":[]}"
20140721,2014-07-21,0.004850681449859889,0.0019459901916036551,0.0029046910502440073,"{""type"":""MultiPoint"",""coordinates"":[]}"
20140722,2014-07-22,0.0043383767279761,0.002181577417243565,0.0021567992838047996,"{""type"":""MultiPoint"",""coordinates"":[]}"
20140723,2014-07-23,0.0038036597005287926,0.0021296945316189564,0.0016739652202023354,"{""type"":""MultiPoint"",""coordinates"":[]}"
20140724,2014-07-24,0.002655938141196117,0.0016916061268325185,9.643318857751707E-4,"{""type"":""MultiPoint"",""coordinates"":[]}"
20140725,2014-07-25,0.0021036093878738973,0.0014424594987346995,6.611497947524856E-4,"{""type"":""MultiPoint"",""coordinates"":[]}"
20140726,2014-07-26,0.0020517521607467983,0.0013113947705598104,7.403574254314975E-4,"{""type"":""MultiPoint"",""coordinates"":[]}"
20140727,2014-07-27,0.002324444949705438,0.0014134210840735036,9.110237692525612E-4,"{""type"":""MultiPoint"",""coordinates"":[]}"
20140728,2014-07-28,0.0025057442690111383,0.00155055701795037,9.551872370059329E-4,"{""type"":""MultiPoint"",""coordinates"":[]}"
20140729,2014-07-29,0.0028517734326381624,0.001694684659963498,0.0011570888400274394,"{""type"":""MultiPoint"",""coordinates"":[]}"
20140730,2014-07-30,0.0030983944601995295,0.0018014918516630857,0.0012969024588669923,"{""type"":""MultiPoint"",""coordinates"":[]}"
20140731,2014-07-31,0.0031490158488208164,0.0018140562806807992,0.0013349596446591396,"{""type"":""MultiPoint"",""coordinates"":[]}"
20140801,2014-08-01,0.0029564230375337688,0.0017942207194473936,0.0011622023834607475,"{""type"":""MultiPoint"",""coordinates"":[]}"
20140802,2014-08-02,0.003585515635211382,0.0020997278892676617,0.0014857876987805988,"{""type"":""MultiPoint"",""coordinates"":[]}"
20140803,2014-08-03,0.0040927680967891905,0.002096411836860445,0.0019963562085954403,"{""type"":""MultiPoint"",""coordinates"":[]}"
20140804,2014-08-04,0.004949048000857623,0.0023265396655619878,0.00262250823320278,"{""type"":""MultiPoint"",""coordinates"":[]}"
20140805,2014-08-05,0.004037348721110617,0.002224562555914028,0.0018127858966527546,"{""type"":""MultiPoint"",""coordinates"":[]}"
20140806,2014-08-06,0.0037125620225272396,0.0022258753105282698,0.001486686580629759,"{""type"":""MultiPoint"",""coordinates"":[]}"
20140807,2014-08-07,0.0031502724871973658,0.0019928909620728903,0.001157381519933621,"{""type"":""MultiPoint"",""coordinates"":[]}"
20140808,2014-08-08,0.0025422013979886095,0.001736402161388581,8.057991601669439E-4,"{""type"":""MultiPoint"",""coordinates"":[]}"
20140809,2014-08-09,0.0028536344093571383,0.0017614403134759468,0.0010921940749299669,"{""type"":""MultiPoint"",""coordinates"":[]}"
20140810,2014-08-10,0.0032163290668699163,0.0019518036956917824,0.00126452535946897,"{""type"":""MultiPoint"",""coordinates"":[]}"
20140811,2014-08-11,0.003072234184518365,0.0019381915949732405,0.0011340426705830152,"{""type"":""MultiPoint"",""coordinates"":[]}"
20140812,2014-08-12,0.0033285112203839417,0.0019773875832034015,0.0013511236456625077,"{""type"":""MultiPoint"",""coordinates"":[]}"
20140813,2014-08-13,0.004798473070041634,0.002332088135031106,0.0024663850188881924,"{""type"":""MultiPoint"",""coordinates"":[]}"
20140814,2014-08-14,0.006880178549743379,0.00307003037359042,0.0038101482235589545,"{""type"":""MultiPoint"",""coordinates"":[]}"
20140815,2014-08-15,0.00599196321314267,0.0031442804167571914,0.0028476827716711504,"{""type"":""MultiPoint"",""coordinates"":[]}"
20140816,2014-08-16,0.004089815108672807,0.0026359781676402756,0.0014538370528104215,"{""type"":""MultiPoint"",""coordinates"":[]}"
20140817,2014-08-17,0.002691974126988588,0.0021083213439776613,5.836526996947249E-4,"{""type"":""MultiPoint"",""coordinates"":[]}"
20140818,2014-08-18,0.002474238807993296,0.0018631757550236804,6.110627540928625E-4,"{""type"":""MultiPoint"",""coordinates"":[]}"
20140819,2014-08-19,0.002625690512725515,0.001876820789716776,7.488695623459662E-4,"{""type"":""MultiPoint"",""coordinates"":[]}"
20140820,2014-08-20,0.0027284722015704873,0.001759664342017366,9.688075840814303E-4,"{""type"":""MultiPoint"",""coordinates"":[]}"
20140821,2014-08-21,0.0029035860537849675,0.0017624427132622634,0.0011411432816789344,"{""type"":""MultiPoint"",""coordinates"":[]}"
20140822,2014-08-22,0.0034415832161379498,0.0020240211822557647,0.001417561924840333,"{""type"":""MultiPoint"",""coordinates"":[]}"
20140823,2014-08-23,0.0033937247016025537,0.002150160834062096,0.0012435639477218897,"{""type"":""MultiPoint"",""coordinates"":[]}"
20140824,2014-08-24,0.0032990067961853474,0.002084640024873248,0.0012143667135912643,"{""type"":""MultiPoint"",""coordinates"":[]}"
20140825,2014-08-25,0.0031618574984792302,0.001968764057896111,0.0011930933101313317,"{""type"":""MultiPoint"",""coordinates"":[]}"
20140826,2014-08-26,0.003032416499104642,0.0019843133502549758,0.0010481033323840505,"{""type"":""MultiPoint"",""coordinates"":[]}"
20140827,2014-08-27,0.0027175331947218435,0.0019017739103726558,8.157593088157163E-4,"{""type"":""MultiPoint"",""coordinates"":[]}"
20140828,2014-08-28,0.002629931829711655,0.0019180129155290245,7.119189649431622E-4,"{""type"":""MultiPoint"",""coordinates"":[]}"
20140829,2014-08-29,0.0028529605296068994,0.001907841922188768,9.451186367367706E-4,"{""type"":""MultiPoint"",""coordinates"":[]}"
20140830,2014-08-30,0.0038303152191215945,0.0024740814403109526,0.0013562335136606727,"{""type"":""MultiPoint"",""coordinates"":[]}"
20140831,2014-08-31,0.004031553056599708,0.0025311226907233763,0.0015004303009591967,"{""type"":""MultiPoint"",""coordinates"":[]}"
20140901,2014-09-01,0.0034975203002739364,0.002162372833568931,0.0013351475390740994,"{""type"":""MultiPoint"",""coordinates"":[]}"
20140902,2014-09-02,0.0028379982103018146,0.001949175053424675,8.888233715271503E-4,"{""type"":""MultiPoint"",""coordinates"":[]}"
20140903,2014-09-03,0.0033738566326493315,0.0021661318795150493,0.001207724681249954,"{""type"":""MultiPoint"",""coordinates"":[]}"
20140904,2014-09-04,0.004010871986868503,0.0021960683444691297,0.0018148037567191056,"{""type"":""MultiPoint"",""coordinates"":[]}"
20140905,2014-09-05,0.003661558406391838,0.002066188258321535,0.0015953698966895203,"{""type"":""MultiPoint"",""coordinates"":[]}"
20140906,2014-09-06,0.004137436981432071,0.0020026999678272026,0.002134736889551428,"{""type"":""MultiPoint"",""coordinates"":[]}"
20140907,2014-09-07,0.0038029648018358952,0.0022550566327094795,0.0015479081697867031,"{""type"":""MultiPoint"",""coordinates"":[]}"
20140908,2014-09-08,0.0032952951548212432,0.002058161983744484,0.0012371331908460584,"{""type"":""MultiPoint"",""coordinates"":[]}"
20140909,2014-09-09,0.002757727596123351,0.001826931911501391,9.307957033455114E-4,"{""type"":""MultiPoint"",""coordinates"":[]}"
20140910,2014-09-10,0.002399168610147505,0.0016795227583913015,7.19645871277707E-4,"{""type"":""MultiPoint"",""coordinates"":[]}"
20140911,2014-09-11,0.0023281168506999253,0.0016266469349228777,7.014698275079541E-4,"{""type"":""MultiPoint"",""coordinates"":[]}"
20140912,2014-09-12,0.002042065124613625,0.0015450745592943697,4.969906596612268E-4,"{""type"":""MultiPoint"",""coordinates"":[]}"
20140913,2014-09-13,0.0020744224318341906,0.0015209530992257555,5.534691150340811E-4,"{""type"":""MultiPoint"",""coordinates"":[]}"
20140914,2014-09-14,0.0019332949315885373,0.0014559807135391936,4.773143094546817E-4,"{""type"":""MultiPoint"",""coordinates"":[]}"
20140915,2014-09-15,0.0018017915175959891,0.0014157851618478512,3.86006225248659E-4,"{""type"":""MultiPoint"",""coordinates"":[]}"
20140916,2014-09-16,0.0016139288896800286,0.001370802225122915,2.431264454311085E-4,"{""type"":""MultiPoint"",""coordinates"":[]}"
20140917,2014-09-17,0.0015576033299186075,0.0013490703828342786,2.0853270888028866E-4,"{""type"":""MultiPoint"",""coordinates"":[]}"
20140918,2014-09-18,0.002051488379125537,0.0014784894050546774,5.729986604976699E-4,"{""type"":""MultiPoint"",""coordinates"":[]}"
20140919,2014-09-19,0.002771033339087343,0.0016079887652682109,0.001163044183034084,"{""type"":""MultiPoint"",""coordinates"":[]}"
20140920,2014-09-20,0.002925031616291408,0.0018051928502229953,0.0011198388671287978,"{""type"":""MultiPoint"",""coordinates"":[]}"
20140921,2014-09-21,0.004292891595785895,0.0022038432703804143,0.002089048384419359,"{""type"":""MultiPoint"",""coordinates"":[]}"
20140922,2014-09-22,0.0036493774376029076,0.002276093393592867,0.0013732835235937715,"{""type"":""MultiPoint"",""coordinates"":[]}"
20140923,2014-09-23,0.003079245150641713,0.0024313035174035958,6.479417501547438E-4,"{""type"":""MultiPoint"",""coordinates"":[]}"
20140924,2014-09-24,0.0024587617645960512,0.0018996124480904816,5.591491108837492E-4,"{""type"":""MultiPoint"",""coordinates"":[]}"
20140925,2014-09-25,0.002255650607245039,0.0017165395245472333,5.391109444169632E-4,"{""type"":""MultiPoint"",""coordinates"":[]}"
20140926,2014-09-26,0.0023194514128911663,0.0016546751222219448,6.647750800193605E-4,"{""type"":""MultiPoint"",""coordinates"":[]}"
20140927,2014-09-27,0.001976039853121364,0.0015242404948363232,4.5179933084451315E-4,"{""type"":""MultiPoint"",""coordinates"":[]}"
20140928,2014-09-28,0.0015632822771873118,0.0013934682414320373,1.698135658723935E-4,"{""type"":""MultiPoint"",""coordinates"":[]}"
20140929,2014-09-29,0.001428072446246438,0.0013097328252466619,1.1833908440277167E-4,"{""type"":""MultiPoint"",""coordinates"":[]}"
20140930,2014-09-30,0.0014108299591887358,0.0012580488598758672,1.5278080101429958E-4,"{""type"":""MultiPoint"",""coordinates"":[]}"
20141001,2014-10-01,0.0013097071580621688,0.0011922439897401028,1.1746275796684095E-4,"{""type"":""MultiPoint"",""coordinates"":[]}"
20141002,2014-10-02,0.0012372324097548579,0.0011391557193193124,9.807670645108489E-5,"{""type"":""MultiPoint"",""coordinates"":[]}"
20141003,2014-10-03,0.0012173857147823634,0.0011037663659894449,1.1361948316562605E-4,"{""type"":""MultiPoint"",""coordinates"":[]}"
20141004,2014-10-04,0.0011320099410915578,0.0010510766003369138,8.093314623676776E-5,"{""type"":""MultiPoint"",""coordinates"":[]}"
20141005,2014-10-05,0.001092714619625003,0.00100664628921014,8.606750253712093E-5,"{""type"":""MultiPoint"",""coordinates"":[]}"
20141006,2014-10-06,0.0010776161471556548,9.709217129426982E-4,1.0669444423674103E-4,"{""type"":""MultiPoint"",""coordinates"":[]}"
20141007,2014-10-07,0.0010889078437250365,9.449416590421131E-4,1.4396604709334315E-4,"{""type"":""MultiPoint"",""coordinates"":[]}"
20141008,2014-10-08,0.0010096179587075036,9.084560676069035E-4,1.011617713766428E-4,"{""type"":""MultiPoint"",""coordinates"":[]}"
20141009,2014-10-09,9.692983411337999E-4,8.85167311411929E-4,8.413039341259082E-5,"{""type"":""MultiPoint"",""coordinates"":[]}"
20141010,2014-10-10,9.640725448284617E-4,8.631955701985595E-4,1.0087565342734903E-4,"{""type"":""MultiPoint"",""coordinates"":[]}"
20141011,2014-10-11,0.0010102541309764893,8.493555244079566E-4,1.6089851647491918E-4,"{""type"":""MultiPoint"",""coordinates"":[]}"
20141012,2014-10-12,0.0018086124326890311,0.0010128068647773131,7.958049778142106E-4,"{""type"":""MultiPoint"",""coordinates"":[]}"
20141013,2014-10-13,0.0014453307860051614,8.724498973809208E-4,5.728801752324047E-4,"{""type"":""MultiPoint"",""coordinates"":[]}"
20141014,2014-10-14,0.001748096503140029,9.290333379556915E-4,8.190628278329281E-4,"{""type"":""MultiPoint"",""coordinates"":[]}"
20141015,2014-10-15,0.001155058791144359,8.023898426199992E-4,3.5266878157336825E-4,"{""type"":""MultiPoint"",""coordinates"":[]}"
20141016,2014-10-16,0.0010354192077230975,8.057639259844064E-4,2.2965487413523656E-4,"{""type"":""MultiPoint"",""coordinates"":[]}"
20141017,2014-10-17,0.0010195906873346607,8.105742477082356E-4,2.0901547415271154E-4,"{""type"":""MultiPoint"",""coordinates"":[]}"
20141018,2014-10-18,0.001262737728896236,9.10114736936784E-4,3.5262300995782063E-4,"{""type"":""MultiPoint"",""coordinates"":[]}"
20141019,2014-10-19,0.0010421955889620648,8.394764925598253E-4,2.0271771046200085E-4,"{""type"":""MultiPoint"",""coordinates"":[]}"
20141020,2014-10-20,9.16074417219793E-4,7.681790455041066E-4,1.4789455617642287E-4,"{""type"":""MultiPoint"",""coordinates"":[]}"
20141021,2014-10-21,8.230801716611198E-4,7.457716278358494E-4,7.730836251216289E-5,"{""type"":""MultiPoint"",""coordinates"":[]}"
20141022,2014-10-22,8.532885560909068E-4,7.587796804371258E-4,9.450771276243183E-5,"{""type"":""MultiPoint"",""coordinates"":[]}"
20141023,2014-10-23,8.868921603520707E-4,7.498021586212687E-4,1.3708922316469548E-4,"{""type"":""MultiPoint"",""coordinates"":[]}"
20141024,2014-10-24,7.979014911825693E-4,7.165698443801746E-4,8.133111558651368E-5,"{""type"":""MultiPoint"",""coordinates"":[]}"
20141025,2014-10-25,9.258993237300998E-4,7.279296755086763E-4,1.979697609831082E-4,"{""type"":""MultiPoint"",""coordinates"":[]}"
20141026,2014-10-26,8.783842620798796E-4,7.007965633606133E-4,1.775866886921188E-4,"{""type"":""MultiPoint"",""coordinates"":[]}"
20141027,2014-10-27,7.920562724891817E-4,6.61666016049488E-4,1.3039037182876304E-4,"{""type"":""MultiPoint"",""coordinates"":[]}"
20141028,2014-10-28,7.393279539527475E-4,6.450309706598937E-4,9.42968883825338E-5,"{""type"":""MultiPoint"",""coordinates"":[]}"
20141029,2014-10-29,6.908706536944471E-4,6.25591076983165E-4,6.527892302999575E-5,"{""type"":""MultiPoint"",""coordinates"":[]}"
20141030,2014-10-30,6.631522410807503E-4,6.116689649042472E-4,5.148228012306587E-5,"{""type"":""MultiPoint"",""coordinates"":[]}"
20141031,2014-10-31,6.634986632787886E-4,6.18563849667424E-4,4.4933955947916114E-5,"{""type"":""MultiPoint"",""coordinates"":[]}"
20141101,2014-11-01,6.343092895362854E-4,5.835306022747473E-4,5.0778373839777786E-5,"{""type"":""MultiPoint"",""coordinates"":[]}"
20141102,2014-11-02,6.285377467524061E-4,5.693523214728361E-4,5.918527588396764E-5,"{""type"":""MultiPoint"",""coordinates"":[]}"
20141103,2014-11-03,7.579597303346818E-4,5.971831243485342E-4,1.607768366620223E-4,"{""type"":""MultiPoint"",""coordinates"":[]}"
20141104,2014-11-04,6.487737002685387E-4,5.592034512236058E-4,8.957036957864065E-5,"{""type"":""MultiPoint"",""coordinates"":[]}"
20141105,2014-11-05,7.332509105394115E-4,5.784131141323588E-4,1.5483687811022347E-4,"{""type"":""MultiPoint"",""coordinates"":[]}"
20141106,2014-11-06,9.1656195730376E-4,6.402180223945748E-4,2.7634247104812635E-4,"{""type"":""MultiPoint"",""coordinates"":[]}"
20141107,2014-11-07,5.533721001574353E-4,5.1445437044569E-4,3.891692494505304E-5,"{""type"":""MultiPoint"",""coordinates"":[]}"
20141108,2014-11-08,5.275226776458196E-4,5.017289545268766E-4,2.5794032450656658E-5,"{""type"":""MultiPoint"",""coordinates"":[]}"
20141109,2014-11-09,5.135177340485187E-4,4.898629722144785E-4,2.3654729350151452E-5,"{""type"":""MultiPoint"",""coordinates"":[]}"
20141110,2014-11-10,5.041076637710706E-4,4.792050295568974E-4,2.490153596856876E-5,"{""type"":""MultiPoint"",""coordinates"":[]}"
20141111,2014-11-11,5.364828873898488E-4,4.730890635482551E-4,6.339397910013633E-5,"{""type"":""MultiPoint"",""coordinates"":[]}"
20141112,2014-11-12,5.805896174514864E-4,4.702716978812463E-4,1.1031737491900573E-4,"{""type"":""MultiPoint"",""coordinates"":[]}"
20141113,2014-11-13,6.204098021398305E-4,4.6677368770835307E-4,1.5363602934090692E-4,"{""type"":""MultiPoint"",""coordinates"":[]}"
20141114,2014-11-14,5.639056250475447E-4,4.5331677921820856E-4,1.1058829858464153E-4,"{""type"":""MultiPoint"",""coordinates"":[]}"
20141115,2014-11-15,4.7207207568719813E-4,4.362678160046798E-4,3.5803022883205404E-5,"{""type"":""MultiPoint"",""coordinates"":[]}"
20141116,2014-11-16,4.6757182782195694E-4,4.309506696262154E-4,3.662060474837541E-5,"{""type"":""MultiPoint"",""coordinates"":[]}"
20141117,2014-11-17,4.5001572653842383E-4,4.206026113522128E-4,2.9411046373878306E-5,"{""type"":""MultiPoint"",""coordinates"":[]}"
20141118,2014-11-18,4.430027454179057E-4,4.1419990892947614E-4,2.880165756089205E-5,"{""type"":""MultiPoint"",""coordinates"":[]}"
20141119,2014-11-19,4.5907313052821785E-4,4.1685466679404124E-4,4.2215550662774224E-5,"{""type"":""MultiPoint"",""coordinates"":[]}"
20141120,2014-11-20,4.4382502665073887E-4,4.0687045846806455E-4,3.6953583532103846E-5,"{""type"":""MultiPoint"",""coordinates"":[]}"
20141121,2014-11-21,4.6151976496677105E-4,4.0911063740003425E-4,5.2408895202531777E-5,"{""type"":""MultiPoint"",""coordinates"":[]}"
20141122,2014-11-22,5.857632764161634E-4,4.435151728965402E-4,1.4224695039836684E-4,"{""type"":""MultiPoint"",""coordinates"":[]}"
20141123,2014-11-23,5.583152327124523E-4,4.251222674723302E-4,1.3318984566389482E-4,"{""type"":""MultiPoint"",""coordinates"":[]}"
20141124,2014-11-24,4.1238330492489805E-4,3.8763948329359493E-4,2.4744077667531246E-5,"{""type"":""MultiPoint"",""coordinates"":[]}"
20141125,2014-11-25,4.904845868729087E-4,4.1424747282074655E-4,7.623701199372446E-5,"{""type"":""MultiPoint"",""coordinates"":[]}"
20141126,2014-11-26,4.6138324144360155E-4,3.912880887927468E-4,7.009418385800308E-5,"{""type"":""MultiPoint"",""coordinates"":[]}"
20141127,2014-11-27,4.5657276450990366E-4,3.9304678780019783E-4,6.35249414785482E-5,"{""type"":""MultiPoint"",""coordinates"":[]}"
20141128,2014-11-28,4.627339289120233E-4,3.921851607773617E-4,7.054720117384818E-5,"{""type"":""MultiPoint"",""coordinates"":[]}"
20141129,2014-11-29,4.104415499686067E-4,3.664556344495898E-4,4.3985770963721974E-5,"{""type"":""MultiPoint"",""coordinates"":[]}"
20141130,2014-11-30,3.789995074904861E-4,3.564627027976082E-4,2.2535689156883158E-5,"{""type"":""MultiPoint"",""coordinates"":[]}"
20141201,2014-12-01,3.842321035939116E-4,3.506105261714325E-4,3.361978681492829E-5,"{""type"":""MultiPoint"",""coordinates"":[]}"
20141202,2014-12-02,3.6623748930271965E-4,3.399428921250963E-4,2.6291462244669448E-5,"{""type"":""MultiPoint"",""coordinates"":[]}"
20141203,2014-12-03,3.5340654259465113E-4,3.319383437713139E-4,2.1468071159212056E-5,"{""type"":""MultiPoint"",""coordinates"":[]}"
20141204,2014-12-04,3.424020110274743E-4,3.2528446692154685E-4,1.7117544538580726E-5,"{""type"":""MultiPoint"",""coordinates"":[]}"
20141205,2014-12-05,3.3562510340604863E-4,3.1868155966062776E-4,1.69424950902183E-5,"{""type"":""MultiPoint"",""coordinates"":[]}"
20141206,2014-12-06,3.407407945223797E-4,3.14030470926703E-4,2.6710219746153423E-5,"{""type"":""MultiPoint"",""coordinates"":[]}"
20141207,2014-12-07,3.2759360655829073E-4,3.071805965574391E-4,2.04111137964497E-5,"{""type"":""MultiPoint"",""coordinates"":[]}"
20141208,2014-12-08,3.5684019903294207E-4,3.05329567364233E-4,5.150924101894368E-5,"{""type"":""MultiPoint"",""coordinates"":[]}"
20141209,2014-12-09,3.652545905035844E-4,3.009690013714801E-4,6.428458180952932E-5,"{""type"":""MultiPoint"",""coordinates"":[]}"
20141210,2014-12-10,4.051432551955282E-4,3.00879711428618E-4,1.0426311173822402E-4,"{""type"":""MultiPoint"",""coordinates"":[]}"
20141211,2014-12-11,3.4460311608993646E-4,2.99360647881806E-4,4.524159046712089E-5,"{""type"":""MultiPoint"",""coordinates"":[]}"
20141212,2014-12-12,3.279928303453371E-4,2.9173737921820895E-4,3.62556636256731E-5,"{""type"":""MultiPoint"",""coordinates"":[]}"
20141213,2014-12-13,3.5193383585126496E-4,2.9452416367469137E-4,5.740876498221368E-5,"{""type"":""MultiPoint"",""coordinates"":[]}"
20141214,2014-12-14,3.414692167779872E-4,2.8347584700090013E-4,5.799260977523925E-5,"{""type"":""MultiPoint"",""coordinates"":[]}"
20141215,2014-12-15,3.342064851920325E-4,2.791096547707331E-4,5.509681712360897E-5,"{""type"":""MultiPoint"",""coordinates"":[]}"
20141216,2014-12-16,3.218507722308238E-4,2.7679665641962536E-4,4.505424489914586E-5,"{""type"":""MultiPoint"",""coordinates"":[]}"
20141217,2014-12-17,4.3318228533250263E-4,3.1784024342125815E-4,1.1533959181207367E-4,"{""type"":""MultiPoint"",""coordinates"":[]}"
20141218,2014-12-18,3.088151114831816E-4,2.8161897152832987E-4,2.719589719074858E-5,"{""type"":""MultiPoint"",""coordinates"":[]}"
20141219,2014-12-19,3.08128862881396E-4,2.78748823684671E-4,2.937984542222565E-5,"{""type"":""MultiPoint"",""coordinates"":[]}"
20141220,2014-12-20,7.560572818008968E-4,4.092712373416232E-4,3.467847823871219E-4,"{""type"":""MultiPoint"",""coordinates"":[]}"
20141221,2014-12-21,4.0037647412096306E-4,3.1741378790733704E-4,8.296094229425974E-5,"{""type"":""MultiPoint"",""coordinates"":[]}"
20141222,2014-12-22,6.741272032639932E-4,4.258913517597346E-4,2.482363643830236E-4,"{""type"":""MultiPoint"",""coordinates"":[]}"
20141223,2014-12-23,5.039520524217976E-4,4.1260627298450245E-4,9.134568043840321E-5,"{""type"":""MultiPoint"",""coordinates"":[]}"
20141224,2014-12-24,4.65061863113761E-4,3.7848363349197994E-4,8.657464767510326E-5,"{""type"":""MultiPoint"",""coordinates"":[]}"
20141225,2014-12-25,6.351295452624091E-4,4.565792901440892E-4,1.7855023491489597E-4,"{""type"":""MultiPoint"",""coordinates"":[]}"
20141226,2014-12-26,4.999271456908611E-4,4.2494910419131E-4,7.497620556126546E-5,"{""type"":""MultiPoint"",""coordinates"":[]}"
20141227,2014-12-27,3.628426319569459E-4,3.304708239130185E-4,3.23717141493586E-5,"{""type"":""MultiPoint"",""coordinates"":[]}"
20141228,2014-12-28,4.245278058662536E-4,3.2941730410240903E-4,9.51088168195185E-5,"{""type"":""MultiPoint"",""coordinates"":[]}"
20141229,2014-12-29,3.773589099314244E-4,2.9759033435444303E-4,7.976715088282613E-5,"{""type"":""MultiPoint"",""coordinates"":[]}"
20141230,2014-12-30,3.088366085517466E-4,2.832330380667675E-4,2.5602678652753562E-5,"{""type"":""MultiPoint"",""coordinates"":[]}"
20141231,2014-12-31,2.8870611334761006E-4,2.6814109220851546E-4,2.056438259673352E-5,"{""type"":""MultiPoint"",""coordinates"":[]}"
20150101,2015-01-01,3.2019108518486144E-4,2.5960542184590607E-4,6.0585696982649496E-5,"{""type"":""MultiPoint"",""coordinates"":[]}"
20150102,2015-01-02,3.397259460256073E-4,2.524042213815701E-4,8.732117542388771E-5,"{""type"":""MultiPoint"",""coordinates"":[]}"
20150103,2015-01-03,3.508062863187648E-4,2.4996822266694097E-4,1.0083729409915891E-4,"{""type"":""MultiPoint"",""coordinates"":[]}"
20150104,2015-01-04,3.0086428248818527E-4,2.3782552020791306E-4,6.303837340283113E-5,"{""type"":""MultiPoint"",""coordinates"":[]}"
20150105,2015-01-05,2.6662301563827573E-4,2.3223646321477294E-4,3.4386832465585634E-5,"{""type"":""MultiPoint"",""coordinates"":[]}"
20150106,2015-01-06,2.478477609145019E-4,2.275106478497287E-4,2.033704214605012E-5,"{""type"":""MultiPoint"",""coordinates"":[]}"
20150107,2015-01-07,2.398014283030305E-4,2.2179839981695317E-4,1.8000312867217936E-5,"{""type"":""MultiPoint"",""coordinates"":[]}"
20150108,2015-01-08,2.3746099193556601E-4,2.174768304081002E-4,1.9984298653419195E-5,"{""type"":""MultiPoint"",""coordinates"":[]}"
20150109,2015-01-09,2.2850174061841356E-4,2.13320882890705E-4,1.5179467535670523E-5,"{""type"":""MultiPoint"",""coordinates"":[]}"
20150110,2015-01-10,2.232265912100517E-4,2.0946022413874355E-4,1.3764793818833828E-5,"{""type"":""MultiPoint"",""coordinates"":[]}"
20150111,2015-01-11,2.2568193381159514E-4,2.0596702758440992E-4,1.9714817780603463E-5,"{""type"":""MultiPoint"",""coordinates"":[]}"
20150112,2015-01-12,2.1898491409430042E-4,2.0143134499209442E-4,1.7553425691966665E-5,"{""type"":""MultiPoint"",""coordinates"":[]}"
20150113,2015-01-13,2.1575710552002085E-4,1.976673507695528E-4,1.8090677764690066E-5,"{""type"":""MultiPoint"",""coordinates"":[]}"
20150114,2015-01-14,2.068096872450362E-4,1.941451121026482E-4,1.2663224183626372E-5,"{""type"":""MultiPoint"",""coordinates"":[]}"
20150115,2015-01-15,2.03424900364883E-4,1.9079158146868673E-4,1.2632468641931704E-5,"{""type"":""MultiPoint"",""coordinates"":[]}"
20150116,2015-01-16,2.0360486743767285E-4,1.8754517878938703E-4,1.605963292011061E-5,"{""type"":""MultiPoint"",""coordinates"":[]}"
20150117,2015-01-17,2.0776217819921068E-4,1.8554718894176904E-4,2.2214574971464945E-5,"{""type"":""MultiPoint"",""coordinates"":[]}"
20150118,2015-01-18,2.0128052946016524E-4,1.8439707476037044E-4,1.6881975817807695E-5,"{""type"":""MultiPoint"",""coordinates"":[]}"
20150119,2015-01-19,1.8808526471866637E-4,1.7872628768772584E-4,9.358120380785089E-6,"{""type"":""MultiPoint"",""coordinates"":[]}"
20150120,2015-01-20,1.8547375018023303E-4,1.7563302836979796E-4,9.840853300590427E-6,"{""type"":""MultiPoint"",""coordinates"":[]}"
20150121,2015-01-21,1.9645934910216816E-4,1.7280150224367478E-4,2.3657357370527953E-5,"{""type"":""MultiPoint"",""coordinates"":[]}"
20150122,2015-01-22,2.0506279051566004E-4,1.7104604403496199E-4,3.401589277799197E-5,"{""type"":""MultiPoint"",""coordinates"":[]}"
20150123,2015-01-23,1.8613293249184973E-4,1.6776763789202933E-4,1.8365235641496253E-5,"{""type"":""MultiPoint"",""coordinates"":[]}"
20150124,2015-01-24,1.8141243498925893E-4,1.65256637571155E-4,1.6155733069807518E-5,"{""type"":""MultiPoint"",""coordinates"":[]}"
20150125,2015-01-25,1.8208500240043273E-4,1.6304572863406916E-4,1.9039106571512705E-5,"{""type"":""MultiPoint"",""coordinates"":[]}"
20150126,2015-01-26,1.8145221864876527E-4,1.6066845944223153E-4,2.0783683187912083E-5,"{""type"":""MultiPoint"",""coordinates"":[]}"
20150127,2015-01-27,1.835097920498124E-4,1.5917625913805484E-4,2.4333255579164544E-5,"{""type"":""MultiPoint"",""coordinates"":[]}"
20150128,2015-01-28,1.819827542641857E-4,1.5687932063980544E-4,2.5103323473854998E-5,"{""type"":""MultiPoint"",""coordinates"":[]}"
20150129,2015-01-29,1.9210688904143752E-4,1.5536267114675407E-4,3.674225813895184E-5,"{""type"":""MultiPoint"",""coordinates"":[]}"
20150130,2015-01-30,1.957169591402945E-4,1.5469341175680808E-4,4.1022228361897034E-5,"{""type"":""MultiPoint"",""coordinates"":[]}"
20150131,2015-01-31,1.6730755996842713E-4,1.511125613170902E-4,1.6193362208405195E-5,"{""type"":""MultiPoint"",""coordinates"":[]}"
20150201,2015-02-01,1.6324331621854547E-4,1.4884759489693387E-4,1.4394332902467836E-5,"{""type"":""MultiPoint"",""coordinates"":[]}"
20150202,2015-02-02,1.7615626690944367E-4,1.481120386698643E-4,2.8042940979643102E-5,"{""type"":""MultiPoint"",""coordinates"":[]}"
20150203,2015-02-03,2.1244788200631807E-4,1.5538794896756373E-4,5.705868819406141E-5,"{""type"":""MultiPoint"",""coordinates"":[]}"
20150204,2015-02-04,1.598338103878618E-4,1.4292756184857276E-4,1.6905440620128872E-5,"{""type"":""MultiPoint"",""coordinates"":[]}"
20150205,2015-02-05,1.6393641832443133E-4,1.4113201397072738E-4,2.2802507784496904E-5,"{""type"":""MultiPoint"",""coordinates"":[]}"
20150206,2015-02-06,1.6152278841533228E-4,1.3953122993652658E-4,2.199148516328241E-5,"{""type"":""MultiPoint"",""coordinates"":[]}"
20150207,2015-02-07,1.641708230294487E-4,1.3815493479651722E-4,2.6014416325508815E-5,"{""type"":""MultiPoint"",""coordinates"":[]}"
20150208,2015-02-08,1.6234615481387982E-4,1.3688566939449467E-4,2.5460338769164132E-5,"{""type"":""MultiPoint"",""coordinates"":[]}"
20150209,2015-02-09,1.7239088294964132E-4,1.3622215307156985E-4,3.616858425933474E-5,"{""type"":""MultiPoint"",""coordinates"":[]}"
20150210,2015-02-10,1.7556624822181454E-4,1.3682265447486844E-4,3.874246040137754E-5,"{""type"":""MultiPoint"",""coordinates"":[]}"
20150211,2015-02-11,1.6482143662609734E-4,1.337819481159541E-4,3.1038129545824524E-5,"{""type"":""MultiPoint"",""coordinates"":[]}"
20150212,2015-02-12,1.6630427909688857E-4,1.3207459344424463E-4,3.4228274267487815E-5,"{""type"":""MultiPoint"",""coordinates"":[]}"
20150213,2015-02-13,1.744691153967797E-4,1.3211606214591566E-4,4.235187817590574E-5,"{""type"":""MultiPoint"",""coordinates"":[]}"
20150214,2015-02-14,1.627797952067979E-4,1.2937008017172886E-4,3.34091243225061E-5,"{""type"":""MultiPoint"",""coordinates"":[]}"
20150215,2015-02-15,1.664136811744874E-4,1.279967438817513E-4,3.8416890339060195E-5,"{""type"":""MultiPoint"",""coordinates"":[]}"
20150216,2015-02-16,1.7437596744212337E-4,1.2887755811847888E-4,4.549778213252701E-5,"{""type"":""MultiPoint"",""coordinates"":[]}"
20150217,2015-02-17,1.5778399936426454E-4,1.2587955293008387E-4,3.190327686522432E-5,"{""type"":""MultiPoint"",""coordinates"":[]}"
20150218,2015-02-18,1.6730017124886332E-4,1.2498349035805357E-4,4.231667583417697E-5,"{""type"":""MultiPoint"",""coordinates"":[]}"
20150219,2015-02-19,2.1006754734791252E-4,1.2759410957304538E-4,8.247317839885197E-5,"{""type"":""MultiPoint"",""coordinates"":[]}"
20150220,2015-02-20,1.7727119793186957E-4,1.2721306398259374E-4,5.005739890462765E-5,"{""type"":""MultiPoint"",""coordinates"":[]}"
20150221,2015-02-21,1.6276661779940314E-4,1.219433160267361E-4,4.082196447689331E-5,"{""type"":""MultiPoint"",""coordinates"":[]}"
20150222,2015-02-22,1.5582754241371029E-4,1.2061212829768533E-4,3.5213943632915964E-5,"{""type"":""MultiPoint"",""coordinates"":[]}"
20150223,2015-02-23,1.805629901497955E-4,1.1988497028585331E-4,6.0677925304660884E-5,"{""type"":""MultiPoint"",""coordinates"":[]}"
20150224,2015-02-24,3.4396145982118855E-4,1.37826491467373E-4,2.0613334474150607E-4,"{""type"":""MultiPoint"",""coordinates"":[]}"
20150225,2015-02-25,3.3332462902294183E-4,1.5045696149296805E-4,1.8286712752582724E-4,"{""type"":""MultiPoint"",""coordinates"":[]}"
20150226,2015-02-26,2.761288787735677E-4,1.2849101944254976E-4,1.4763668470149579E-4,"{""type"":""MultiPoint"",""coordinates"":[]}"
20150227,2015-02-27,2.933903006240456E-4,1.3146110479293982E-4,1.6192948233643577E-4,"{""type"":""MultiPoint"",""coordinates"":[]}"
20150228,2015-02-28,2.3264757937301546E-4,1.2432113708724777E-4,1.0832604531279725E-4,"{""type"":""MultiPoint"",""coordinates"":[]}"
20150301,2015-03-01,4.895143267336819E-4,1.6352090892172305E-4,3.259930496802329E-4,"{""type"":""MultiPoint"",""coordinates"":[]}"
20150302,2015-03-02,6.479567824747199E-4,2.382410982254668E-4,4.0971527884544744E-4,"{""type"":""MultiPoint"",""coordinates"":[]}"
20150303,2015-03-03,3.2405184159645713E-4,1.5047301812944405E-4,1.7357843893380204E-4,"{""type"":""MultiPoint"",""coordinates"":[]}"
20150304,2015-03-04,3.043793621089239E-4,1.4732590075152642E-4,1.5705216654176486E-4,"{""type"":""MultiPoint"",""coordinates"":[]}"
20150305,2015-03-05,2.2360928488622805E-4,1.4591240226156848E-4,7.769590259216942E-5,"{""type"":""MultiPoint"",""coordinates"":[]}"
20150306,2015-03-06,1.9919597812260843E-4,1.4319773023811216E-4,5.599814175272839E-5,"{""type"":""MultiPoint"",""coordinates"":[]}"
20150307,2015-03-07,2.4925321759359154E-4,1.5062370044699713E-4,9.862853821589455E-5,"{""type"":""MultiPoint"",""coordinates"":[]}"
20150308,2015-03-08,2.621190770357386E-4,1.5955573375336064E-4,1.0256209234268467E-4,"{""type"":""MultiPoint"",""coordinates"":[]}"
20150309,2015-03-09,1.8433782787937946E-4,1.4202753116879653E-4,4.23102781723819E-5,"{""type"":""MultiPoint"",""coordinates"":[]}"
20150310,2015-03-10,1.856980573758626E-4,1.3980249571619665E-4,4.589474703487429E-5,"{""type"":""MultiPoint"",""coordinates"":[]}"
20150311,2015-03-11,1.752268874471824E-4,1.3870665250069957E-4,3.651930603883761E-5,"{""type"":""MultiPoint"",""coordinates"":[]}"
20150312,2015-03-12,1.7212523674206914E-4,1.3675548542486137E-4,3.5368537931802344E-5,"{""type"":""MultiPoint"",""coordinates"":[]}"
20150313,2015-03-13,1.9733043147495346E-4,1.3608535060417466E-4,6.124506132715096E-5,"{""type"":""MultiPoint"",""coordinates"":[]}"
20150314,2015-03-14,2.7592193872502966E-4,1.365061257193988E-4,1.394151157207804E-4,"{""type"":""MultiPoint"",""coordinates"":[]}"
20150315,2015-03-15,4.1437403718960926E-4,1.5390321782594234E-4,2.6047015058426343E-4,"{""type"":""MultiPoint"",""coordinates"":[]}"
20150316,2015-03-16,3.800377419778874E-4,1.6441552826729702E-4,2.1562188969866214E-4,"{""type"":""MultiPoint"",""coordinates"":[]}"
20150317,2015-03-17,3.042192682318135E-4,1.4952854757276015E-4,1.5469048224262162E-4,"{""type"":""MultiPoint"",""coordinates"":[]}"
20150318,2015-03-18,2.67708163191172E-4,1.52696450250347E-4,1.1501203615332749E-4,"{""type"":""MultiPoint"",""coordinates"":[]}"
20150319,2015-03-19,2.259529516776063E-4,1.5191089965955334E-4,7.404058790428586E-5,"{""type"":""MultiPoint"",""coordinates"":[]}"
20150320,2015-03-20,1.9413637086382142E-4,1.4759342049395366E-4,4.654212180233926E-5,"{""type"":""MultiPoint"",""coordinates"":[]}"
20150321,2015-03-21,2.0008268427966738E-4,1.4440642752758245E-4,5.567620980676712E-5,"{""type"":""MultiPoint"",""coordinates"":[]}"
20150322,2015-03-22,2.0726851537105045E-4,1.4207113700708028E-4,6.519672541426142E-5,"{""type"":""MultiPoint"",""coordinates"":[]}"
20150323,2015-03-23,2.244634352783267E-4,1.4091960398660114E-4,8.354240210879507E-5,"{""type"":""MultiPoint"",""coordinates"":[]}"
20150324,2015-03-24,2.4965444914660357E-4,1.403064434770943E-4,1.0934685401681577E-4,"{""type"":""MultiPoint"",""coordinates"":[]}"
20150325,2015-03-25,2.4071580591884223E-4,1.402440601114986E-4,1.0047174623557205E-4,"{""type"":""MultiPoint"",""coordinates"":[]}"
20150326,2015-03-26,2.3531752675467959E-4,1.3877582663520695E-4,9.65408719531313E-5,"{""type"":""MultiPoint"",""coordinates"":[]}"
20150327,2015-03-27,2.879662470059404E-4,1.376637204814608E-4,1.5030275808975078E-4,"{""type"":""MultiPoint"",""coordinates"":[]}"
20150328,2015-03-28,3.664344179339337E-4,1.44649167000246E-4,2.21784678065115E-4,"{""type"":""MultiPoint"",""coordinates"":[]}"
20150329,2015-03-29,4.010134685055376E-4,1.7201802656857193E-4,2.2899539898188872E-4,"{""type"":""MultiPoint"",""coordinates"":[]}"
20150330,2015-03-30,4.1471716483963055E-4,1.478824020481442E-4,2.668345113797294E-4,"{""type"":""MultiPoint"",""coordinates"":[]}"
20150331,2015-03-31,4.2127039066939225E-4,1.5795137074598858E-4,2.6331819752314786E-4,"{""type"":""MultiPoint"",""coordinates"":[]}"
20150401,2015-04-01,6.258297361277051E-4,2.0828719101031123E-4,4.175429620253477E-4,"{""type"":""MultiPoint"",""coordinates"":[]}"
20150402,2015-04-02,6.402221482717266E-4,2.1416544302031558E-4,4.260558688312278E-4,"{""type"":""MultiPoint"",""coordinates"":[]}"
20150403,2015-04-03,4.543835060218175E-4,2.1290930431628767E-4,2.4147390227567157E-4,"{""type"":""MultiPoint"",""coordinates"":[]}"
20150404,2015-04-04,6.584520795621929E-4,2.2152612199829725E-4,4.3692547941734036E-4,"{""type"":""MultiPoint"",""coordinates"":[]}"
20150405,2015-04-05,7.274808167608547E-4,2.364481173737463E-4,4.91032292135187E-4,"{""type"":""MultiPoint"",""coordinates"":[]}"
20150406,2015-04-06,5.434769152905042E-4,2.2921539353484724E-4,3.142614545897074E-4,"{""type"":""MultiPoint"",""coordinates"":[]}"
20150407,2015-04-07,4.1505390105609375E-4,2.0362406191718602E-4,2.1142959753510152E-4,"{""type"":""MultiPoint"",""coordinates"":[]}"
20150408,2015-04-08,4.969631421483068E-4,2.19131828929767E-4,2.778314848362857E-4,"{""type"":""MultiPoint"",""coordinates"":[]}"
20150409,2015-04-09,5.681032714995082E-4,2.4415122747600826E-4,3.239514330662136E-4,"{""type"":""MultiPoint"",""coordinates"":[]}"
20150410,2015-04-10,3.7448631933042267E-4,2.2006009991516222E-4,1.54426177555091E-4,"{""type"":""MultiPoint"",""coordinates"":[]}"
20150411,2015-04-11,3.943775494480672E-4,2.001013205329641E-4,1.9427647349979087E-4,"{""type"":""MultiPoint"",""coordinates"":[]}"
20150412,2015-04-12,4.4930707507836055E-4,1.9296276621000728E-4,2.5634380848146295E-4,"{""type"":""MultiPoint"",""coordinates"":[]}"
20150413,2015-04-13,4.6446569634223464E-4,1.963624093876876E-4,2.681027915141593E-4,"{""type"":""MultiPoint"",""coordinates"":[]}"
20150414,2015-04-14,3.9483980274793173E-4,1.8588580146895072E-4,2.0895384091169044E-4,"{""type"":""MultiPoint"",""coordinates"":[]}"
20150415,2015-04-15,4.4420872278509374E-4,1.8470733327578603E-4,2.595010439994373E-4,"{""type"":""MultiPoint"",""coordinates"":[]}"
20150416,2015-04-16,4.8778295784972594E-4,1.9258550965022382E-4,2.9519730524059774E-4,"{""type"":""MultiPoint"",""coordinates"":[]}"
20150417,2015-04-17,6.602712240702795E-4,2.1101980329820699E-4,4.4925096699912725E-4,"{""type"":""MultiPoint"",""coordinates"":[]}"
20150418,2015-04-18,7.661901567889331E-4,2.5754799598644296E-4,5.086410797823788E-4,"{""type"":""MultiPoint"",""coordinates"":[]}"
20150419,2015-04-19,6.285028720209999E-4,2.487037491003779E-4,3.797994671861214E-4,"{""type"":""MultiPoint"",""coordinates"":[]}"
20150420,2015-04-20,5.812207136171861E-4,2.6627574057038774E-4,3.149448786296035E-4,"{""type"":""MultiPoint"",""coordinates"":[]}"
20150421,2015-04-21,7.301520864149076E-4,2.9174834493893076E-4,4.3840391985048443E-4,"{""type"":""MultiPoint"",""coordinates"":[]}"
20150422,2015-04-22,9.400098441696256E-4,3.868104673130496E-4,5.53198351785393E-4,"{""type"":""MultiPoint"",""coordinates"":[]}"
20150423,2015-04-23,9.574635171110032E-4,3.7428090574391135E-4,5.831826625529018E-4,"{""type"":""MultiPoint"",""coordinates"":[]}"
20150424,2015-04-24,7.779621546861774E-4,3.0948607169385505E-4,4.68475258271472E-4,"{""type"":""MultiPoint"",""coordinates"":[]}"
20150425,2015-04-25,5.329286960444253E-4,2.4208380805845254E-4,2.908447463068378E-4,"{""type"":""MultiPoint"",""coordinates"":[]}"
20150426,2015-04-26,5.313555546115093E-4,2.3634862995847614E-4,2.9500640202728207E-4,"{""type"":""MultiPoint"",""coordinates"":[]}"
20150427,2015-04-27,5.123066816026477E-4,2.3638667641998044E-4,2.759197169894977E-4,"{""type"":""MultiPoint"",""coordinates"":[]}"
20150428,2015-04-28,5.127112491764247E-4,2.2394499368141407E-4,2.887657346426461E-4,"{""type"":""MultiPoint"",""coordinates"":[]}"
20150429,2015-04-29,5.535451379774202E-4,2.4003658686032228E-4,3.1350805550463197E-4,"{""type"":""MultiPoint"",""coordinates"":[]}"
20150430,2015-04-30,4.5563365414389426E-4,2.1849710945673817E-4,2.3713580449934445E-4,"{""type"":""MultiPoint"",""coordinates"":[]}"
20150501,2015-05-01,4.4768423284667066E-4,2.1427841528871963E-4,2.3340498924165538E-4,"{""type"":""MultiPoint"",""coordinates"":[]}"
20150502,2015-05-02,5.192138146684216E-4,2.2470535529375892E-4,2.945083854219587E-4,"{""type"":""MultiPoint"",""coordinates"":[]}"
20150503,2015-05-03,5.523081249541828E-4,2.3389453622333291E-4,3.184125977232284E-4,"{""type"":""MultiPoint"",""coordinates"":[]}"
20150504,2015-05-04,5.268683966977582E-4,2.3165739401796698E-4,2.952103029229178E-4,"{""type"":""MultiPoint"",""coordinates"":[]}"
20150505,2015-05-05,4.6025559069879545E-4,2.299692703367744E-4,2.302862253489453E-4,"{""type"":""MultiPoint"",""coordinates"":[]}"
20150506,2015-05-06,5.067893026013143E-4,2.217299603844126E-4,2.850587626677706E-4,"{""type"":""MultiPoint"",""coordinates"":[]}"
20150507,2015-05-07,5.661399541568196E-4,2.2419010999033163E-4,3.41949118152489E-4,"{""type"":""MultiPoint"",""coordinates"":[]}"
20150508,2015-05-08,5.39131998119364E-4,2.1278329098520867E-4,3.2634783230322905E-4,"{""type"":""MultiPoint"",""coordinates"":[]}"
20150509,2015-05-09,5.599974300061044E-4,2.1068342384501757E-4,3.4931388624341825E-4,"{""type"":""MultiPoint"",""coordinates"":[]}"
20150510,2015-05-10,6.547030414974435E-4,2.2019611812902938E-4,4.345066915666587E-4,"{""type"":""MultiPoint"",""coordinates"":[]}"
20150511,2015-05-11,8.507079304614484E-4,2.4209322725531954E-4,6.08614449217136E-4,"{""type"":""MultiPoint"",""coordinates"":[]}"
20150512,2015-05-12,9.15876389735293E-4,2.544254388501053E-4,6.614507402863834E-4,"{""type"":""MultiPoint"",""coordinates"":[]}"
20150513,2015-05-13,8.835410702010735E-4,2.6158111051953687E-4,6.219599026524524E-4,"{""type"":""MultiPoint"",""coordinates"":[]}"
20150514,2015-05-14,9.222612915053332E-4,2.5913868287163615E-4,6.631227136041836E-4,"{""type"":""MultiPoint"",""coordinates"":[]}"
20150515,2015-05-15,0.0011331014916259163,3.034376046862942E-4,8.296634092124451E-4,"{""type"":""MultiPoint"",""coordinates"":[]}"
20150516,2015-05-16,0.0013962898374038997,3.276814111470686E-4,0.0010686077627567792,"{""type"":""MultiPoint"",""coordinates"":[]}"
20150517,2015-05-17,0.0012777469260763887,3.5286502024533536E-4,9.248819498181043E-4,"{""type"":""MultiPoint"",""coordinates"":[]}"
20150518,2015-05-18,0.0010439869005531325,3.2292913103795296E-4,7.210576431804794E-4,"{""type"":""MultiPoint"",""coordinates"":[]}"
20150519,2015-05-19,9.522609781901646E-4,3.242247276859879E-4,6.280362782864038E-4,"{""type"":""MultiPoint"",""coordinates"":[]}"
20150520,2015-05-20,0.0010457502234543757,3.24382805895805E-4,7.213666625233831E-4,"{""type"":""MultiPoint"",""coordinates"":[]}"
20150521,2015-05-21,0.0014261995389308725,3.711478527264672E-4,0.001055051813956536,"{""type"":""MultiPoint"",""coordinates"":[]}"
20150522,2015-05-22,0.0015507016502659887,3.8914010008866875E-4,0.0011615614735077523,"{""type"":""MultiPoint"",""coordinates"":[]}"
20150523,2015-05-23,0.0015125062048957597,4.013542483955585E-4,0.0011111513019654105,"{""type"":""MultiPoint"",""coordinates"":[]}"
20150524,2015-05-24,0.0014820496585364784,4.920363157058923E-4,9.90012561917338E-4,"{""type"":""MultiPoint"",""coordinates"":[]}"
20150525,2015-05-25,0.00132628471901015,5.370597284498238E-4,7.892242719304372E-4,"{""type"":""MultiPoint"",""coordinates"":[]}"
20150526,2015-05-26,0.0010762564457486418,4.280944695454823E-4,6.481619268811999E-4,"{""type"":""MultiPoint"",""coordinates"":[]}"
20150527,2015-05-27,0.0010572917881708326,4.4128325323425436E-4,6.160077872840252E-4,"{""type"":""MultiPoint"",""coordinates"":[]}"
20150528,2015-05-28,0.0010679424659100704,4.764475361178144E-4,5.914944597313975E-4,"{""type"":""MultiPoint"",""coordinates"":[]}"
20150529,2015-05-29,0.00108124155539532,4.879309274044206E-4,5.9330978665322E-4,"{""type"":""MultiPoint"",""coordinates"":[]}"
20150530,2015-05-30,0.0014086502505017144,5.089270387385473E-4,8.997227286371693E-4,"{""type"":""MultiPoint"",""coordinates"":[]}"
20150531,2015-05-31,0.0015917761874633786,6.271766526100434E-4,9.645993877301487E-4,"{""type"":""MultiPoint"",""coordinates"":[]}"
20150601,2015-06-01,0.0014687252065548068,5.70494776143498E-4,8.982300598026439E-4,"{""type"":""MultiPoint"",""coordinates"":[]}"
20150602,2015-06-02,0.0011039454089776866,5.027421181019394E-4,6.01203206310753E-4,"{""type"":""MultiPoint"",""coordinates"":[]}"
20150603,2015-06-03,0.0010293330311939267,4.5592691206181214E-4,5.734059931877864E-4,"{""type"":""MultiPoint"",""coordinates"":[]}"
20150604,2015-06-04,0.0011592004830263368,4.4240407732747545E-4,7.167963484185429E-4,"{""type"":""MultiPoint"",""coordinates"":[]}"
20150605,2015-06-05,0.001315494823936564,4.526548633842534E-4,8.62839880866463E-4,"{""type"":""MultiPoint"",""coordinates"":[]}"
20150606,2015-06-06,0.001565681722407738,5.044062307267939E-4,0.0010612746464911812,"{""type"":""MultiPoint"",""coordinates"":[]}"
20150607,2015-06-07,0.001671627367564354,5.899859389815107E-4,0.001081641338729648,"{""type"":""MultiPoint"",""coordinates"":[]}"
20150608,2015-06-08,0.001854891496577771,6.784473957843991E-4,0.001176443679272257,"{""type"":""MultiPoint"",""coordinates"":[]}"
20150609,2015-06-09,0.0024746772725841213,9.212849334350585E-4,0.0015533922639043019,"{""type"":""MultiPoint"",""coordinates"":[]}"
20150610,2015-06-10,0.0024124645634318303,0.0011349838917291972,0.0012774805040874206,"{""type"":""MultiPoint"",""coordinates"":[]}"
20150611,2015-06-11,0.0026199790733921514,0.00118771734021456,0.0014322617774257108,"{""type"":""MultiPoint"",""coordinates"":[]}"
20150612,2015-06-12,0.0022198597773084344,0.0010620516386071188,0.0011578081419884969,"{""type"":""MultiPoint"",""coordinates"":[]}"
20150613,2015-06-13,0.0022792993083148964,9.855718098870812E-4,0.0012937274172104753,"{""type"":""MultiPoint"",""coordinates"":[]}"
20150614,2015-06-14,0.002141534017229462,8.80186551443518E-4,0.0012613474678194135,"{""type"":""MultiPoint"",""coordinates"":[]}"
20150615,2015-06-15,0.0019753535870118796,8.63700303114181E-4,0.0011116531940715438,"{""type"":""MultiPoint"",""coordinates"":[]}"
20150616,2015-06-16,0.00191815529404362,8.943917787963994E-4,0.001023763488480745,"{""type"":""MultiPoint"",""coordinates"":[]}"
20150617,2015-06-17,0.0018008872658204767,8.317894394465532E-4,9.69097639155101E-4,"{""type"":""MultiPoint"",""coordinates"":[]}"
20150618,2015-06-18,0.0020262664015140534,8.441974555848424E-4,0.00118206873024034,"{""type"":""MultiPoint"",""coordinates"":[]}"
20150619,2015-06-19,0.0021406791074820345,8.783184605405648E-4,0.0012623603564036173,"{""type"":""MultiPoint"",""coordinates"":[]}"
20150620,2015-06-20,0.0033126145481612384,0.0011853337246539174,0.002127280579667975,"{""type"":""MultiPoint"",""coordinates"":[]}"
20150621,2015-06-21,0.003404797756895875,0.0012875182508464967,0.0021172795767753737,"{""type"":""MultiPoint"",""coordinates"":[]}"
20150622,2015-06-22,0.0029081325255642383,0.0012187676909144927,0.0016893647895663128,"{""type"":""MultiPoint"",""coordinates"":[]}"
20150623,2015-06-23,0.003234356716630177,0.0014666075644541353,0.0017677491740938531,"{""type"":""MultiPoint"",""coordinates"":[]}"
20150624,2015-06-24,0.003417269641045864,0.0014556314154759522,0.0019616381463649006,"{""type"":""MultiPoint"",""coordinates"":[]}"
20150625,2015-06-25,0.0036165250564630384,0.0015302301640233607,0.0020862948308038192,"{""type"":""MultiPoint"",""coordinates"":[]}"
20150626,2015-06-26,0.003378505398644368,0.0014902098613489901,0.0018882956690028435,"{""type"":""MultiPoint"",""coordinates"":[]}"
20150627,2015-06-27,0.0029344644658834997,0.001361742338712307,0.0015727221115661811,"{""type"":""MultiPoint"",""coordinates"":[]}"
20150628,2015-06-28,0.002545154113322141,0.0012103971707162762,0.0013347567868291221,"{""type"":""MultiPoint"",""coordinates"":[]}"
20150629,2015-06-29,0.001990069363101954,0.0010222317848821588,9.678378109384807E-4,"{""type"":""MultiPoint"",""coordinates"":[]}"
20150630,2015-06-30,0.002005168566055883,9.357063132374626E-4,0.001069461886400593,"{""type"":""MultiPoint"",""coordinates"":[]}"
20150701,2015-07-01,0.0024074303129545155,0.0010610977915092286,0.0013463325682254107,"{""type"":""MultiPoint"",""coordinates"":[]}"
20150702,2015-07-02,0.0021261454508656598,0.0010173319021686356,0.0011088134663080778,"{""type"":""MultiPoint"",""coordinates"":[]}"
20150703,2015-07-03,0.0021401124232639196,0.0010134513235775496,0.0011266608934067204,"{""type"":""MultiPoint"",""coordinates"":[]}"
20150704,2015-07-04,0.002639498319163633,0.0012353123023345338,0.001404185844666113,"{""type"":""MultiPoint"",""coordinates"":[]}"
20150705,2015-07-05,0.002961207067335327,0.0014278165129904606,0.001533390303701068,"{""type"":""MultiPoint"",""coordinates"":[]}"
20150706,2015-07-06,0.002775045795176617,0.0013424554521136874,0.0014325902606921739,"{""type"":""MultiPoint"",""coordinates"":[]}"
20150707,2015-07-07,0.002465146604115178,0.0011989792200379824,0.0012661671889870373,"{""type"":""MultiPoint"",""coordinates"":[]}"
20150708,2015-07-08,0.002720287249333923,0.0012834330402419457,0.0014368542146304271,"{""type"":""MultiPoint"",""coordinates"":[]}"
20150709,2015-07-09,0.00322275640503908,0.0014369243645525073,0.0017858319455678945,"{""type"":""MultiPoint"",""coordinates"":[]}"
20150710,2015-07-10,0.0034841040343560306,0.0015039178555939176,0.0019801861323246735,"{""type"":""MultiPoint"",""coordinates"":[]}"
20150711,2015-07-11,0.0025212451303981936,0.001257797634026051,0.0012634476624922466,"{""type"":""MultiPoint"",""coordinates"":[]}"
20150712,2015-07-12,0.0016294984199630902,9.994247523276416E-4,6.300735379270359E-4,"{""type"":""MultiPoint"",""coordinates"":[]}"
20150713,2015-07-13,0.0016172612177002626,9.142258919620581E-4,7.030352217475789E-4,"{""type"":""MultiPoint"",""coordinates"":[]}"
20150714,2015-07-14,0.002517371040095466,9.972864726326069E-4,0.0015200844486445233,"{""type"":""MultiPoint"",""coordinates"":[]}"
20150715,2015-07-15,0.004315820223028815,0.0016434048245206792,0.002672414968712527,"{""type"":""MultiPoint"",""coordinates"":[]}"
20150716,2015-07-16,0.004676796967439924,0.0022324230023347226,0.0024443738643717653,"{""type"":""MultiPoint"",""coordinates"":[]}"
20150717,2015-07-17,0.0040414821384089595,0.0021790368155081693,0.0018624450738135593,"{""type"":""MultiPoint"",""coordinates"":[]}"
20150718,2015-07-18,0.003472601218889471,0.0020821105771324814,0.0013904907150813646,"{""type"":""MultiPoint"",""coordinates"":[]}"
20150719,2015-07-19,0.0035257769882566787,0.0021906908420690797,0.0013350861553480461,"{""type"":""MultiPoint"",""coordinates"":[]}"
20150720,2015-07-20,0.0031068229825417138,0.001896059838544891,0.001210762993573179,"{""type"":""MultiPoint"",""coordinates"":[]}"
20150721,2015-07-21,0.0032577359468864073,0.0019956221221852925,0.0012621136988177455,"{""type"":""MultiPoint"",""coordinates"":[]}"
20150722,2015-07-22,0.003505584689978472,0.0020347171673354434,0.001470867449955834,"{""type"":""MultiPoint"",""coordinates"":[]}"
20150723,2015-07-23,0.0041518009793326234,0.002455807016550662,0.0016959939549966632,"{""type"":""MultiPoint"",""coordinates"":[]}"
20150724,2015-07-24,0.00474905372162284,0.002762866829154547,0.001986186740718175,"{""type"":""MultiPoint"",""coordinates"":[]}"
20150725,2015-07-25,0.006086819680265504,0.0029977285301792836,0.0030890910057285712,"{""type"":""MultiPoint"",""coordinates"":[]}"
20150726,2015-07-26,0.0057688122598265135,0.002973864746044102,0.0027949474173882844,"{""type"":""MultiPoint"",""coordinates"":[]}"
20150727,2015-07-27,0.005366845552306668,0.0028687092464639652,0.0024981363159928475,"{""type"":""MultiPoint"",""coordinates"":[]}"
20150728,2015-07-28,0.004692627702680774,0.002439105718958992,0.0022535221222346837,"{""type"":""MultiPoint"",""coordinates"":[]}"
20150729,2015-07-29,0.003999919026621629,0.0023604136115359738,0.0016395051777356154,"{""type"":""MultiPoint"",""coordinates"":[]}"
20150730,2015-07-30,0.005192269938711289,0.0026288196214448983,0.002563450215764995,"{""type"":""MultiPoint"",""coordinates"":[]}"
20150731,2015-07-31,0.004325822144631727,0.0023813414523413917,0.0019444807443847129,"{""type"":""MultiPoint"",""coordinates"":[]}"
20150801,2015-08-01,0.003520929986422232,0.0020066166045861664,0.001514313417898685,"{""type"":""MultiPoint"",""coordinates"":[]}"
20150802,2015-08-02,0.003253826757754693,0.0017644374983309878,0.0014893893640991998,"{""type"":""MultiPoint"",""coordinates"":[]}"
20150803,2015-08-03,0.002970495636467412,0.001747172722961879,0.0012233230113205269,"{""type"":""MultiPoint"",""coordinates"":[]}"
20150804,2015-08-04,0.0035056090753869023,0.001895303985788798,0.0016103049685181749,"{""type"":""MultiPoint"",""coordinates"":[]}"
20150805,2015-08-05,0.0029734752093615634,0.0016688786756946209,0.0013045964665501575,"{""type"":""MultiPoint"",""coordinates"":[]}"
20150806,2015-08-06,0.0026081852197077705,0.001517567662839419,0.0010906176531543118,"{""type"":""MultiPoint"",""coordinates"":[]}"
20150807,2015-08-07,0.00249737457694337,0.0016367915405883435,8.605831189140845E-4,"{""type"":""MultiPoint"",""coordinates"":[]}"
20150808,2015-08-08,0.002114783629255192,0.0015424732417883156,5.723102150005398E-4,"{""type"":""MultiPoint"",""coordinates"":[]}"
20150809,2015-08-09,0.002129809587738322,0.001454468181883323,6.753416334511707E-4,"{""type"":""MultiPoint"",""coordinates"":[]}"
20150810,2015-08-10,0.0024775429900592235,0.0015316709310668377,9.458718519108534E-4,"{""type"":""MultiPoint"",""coordinates"":[]}"
20150811,2015-08-11,0.002392352689695072,0.0014603852776936554,9.319673749899119E-4,"{""type"":""MultiPoint"",""coordinates"":[]}"
20150812,2015-08-12,0.0023574714951405296,0.001467975127295505,8.894964129319016E-4,"{""type"":""MultiPoint"",""coordinates"":[]}"
20150813,2015-08-13,0.002631285174309158,0.0015441117978797034,0.001087173356152282,"{""type"":""MultiPoint"",""coordinates"":[]}"
20150814,2015-08-14,0.0023898540684879803,0.001480181349800075,9.096725858083444E-4,"{""type"":""MultiPoint"",""coordinates"":[]}"
20150815,2015-08-15,0.0027158180564259764,0.0015812320128756358,0.0011345860458542158,"{""type"":""MultiPoint"",""coordinates"":[]}"
20150816,2015-08-16,0.003526647154348899,0.0018245904279261445,0.001702056750690659,"{""type"":""MultiPoint"",""coordinates"":[]}"
20150817,2015-08-17,0.003881434884257658,0.0018960151558119395,0.0019854198080991167,"{""type"":""MultiPoint"",""coordinates"":[]}"
20150818,2015-08-18,0.003930826292246126,0.002128039129108455,0.0018027870070492238,"{""type"":""MultiPoint"",""coordinates"":[]}"
20150819,2015-08-19,0.004442236694725024,0.002289972434350821,0.002152264264564057,"{""type"":""MultiPoint"",""coordinates"":[]}"
20150820,2015-08-20,0.0050798961460577705,0.0026322213993343673,0.0024476747096283135,"{""type"":""MultiPoint"",""coordinates"":[]}"
20150821,2015-08-21,0.0036902242161038837,0.0024202415903428693,0.0012699826560103459,"{""type"":""MultiPoint"",""coordinates"":[]}"
20150822,2015-08-22,0.0030385199170912458,0.002092987320112347,9.455327411821712E-4,"{""type"":""MultiPoint"",""coordinates"":[]}"
20150823,2015-08-23,0.002867278655069971,0.002118403834008668,7.488747870115031E-4,"{""type"":""MultiPoint"",""coordinates"":[]}"
20150824,2015-08-24,0.002417906745461926,0.0018968756377987254,5.210309926679461E-4,"{""type"":""MultiPoint"",""coordinates"":[]}"
20150825,2015-08-25,0.002142261244608365,0.0016484772298356529,4.93784261981834E-4,"{""type"":""MultiPoint"",""coordinates"":[]}"
20150826,2015-08-26,0.0024203950671283407,0.0016721207215322942,7.482741834425875E-4,"{""type"":""MultiPoint"",""coordinates"":[]}"
20150827,2015-08-27,0.0030277619160043296,0.001703275787168545,0.0013244861645242544,"{""type"":""MultiPoint"",""coordinates"":[]}"
20150828,2015-08-28,0.0029474172109577963,0.0017435595038698248,0.0012038576753730284,"{""type"":""MultiPoint"",""coordinates"":[]}"
20150829,2015-08-29,0.003475499671999151,0.0020608875564328785,0.0014146119940640126,"{""type"":""MultiPoint"",""coordinates"":[]}"
20150830,2015-08-30,0.0040425864648260335,0.002401524249938916,0.0016410619910230703,"{""type"":""MultiPoint"",""coordinates"":[]}"
20150831,2015-08-31,0.003933157246270022,0.002516780895571674,0.0014163761084362244,"{""type"":""MultiPoint"",""coordinates"":[]}"
20150901,2015-09-01,0.003753237647050553,0.0024090179184972334,0.0013442196648136865,"{""type"":""MultiPoint"",""coordinates"":[]}"
20150902,2015-09-02,0.003369201735595297,0.0023608574140830422,0.0010083437787784565,"{""type"":""MultiPoint"",""coordinates"":[]}"
20150903,2015-09-03,0.0028575983471514532,0.002206414746209365,6.511834664902223E-4,"{""type"":""MultiPoint"",""coordinates"":[]}"
20150904,2015-09-04,0.002310996937477161,0.001957426148996984,3.535706036606117E-4,"{""type"":""MultiPoint"",""coordinates"":[]}"
20150905,2015-09-05,0.0020889341373125894,0.0016822169269094167,4.0671768859938375E-4,"{""type"":""MultiPoint"",""coordinates"":[]}"
20150906,2015-09-06,0.002068969453227618,0.0015745981329618056,4.943711871153525E-4,"{""type"":""MultiPoint"",""coordinates"":[]}"
20150907,2015-09-07,0.001963848194706819,0.001531480284982199,4.323678682282745E-4,"{""type"":""MultiPoint"",""coordinates"":[]}"
20150908,2015-09-08,0.0016796047032343884,0.0014052462510753417,2.743582323122831E-4,"{""type"":""MultiPoint"",""coordinates"":[]}"
20150909,2015-09-09,0.0017410925985816839,0.0013900830681179493,3.510095674024766E-4,"{""type"":""MultiPoint"",""coordinates"":[]}"
20150910,2015-09-10,0.0017200622610606673,0.0013251648910067482,3.948975128874517E-4,"{""type"":""MultiPoint"",""coordinates"":[]}"
20150911,2015-09-11,0.0016280744527203568,0.0012511376907979378,3.7693624294963716E-4,"{""type"":""MultiPoint"",""coordinates"":[]}"
20150912,2015-09-12,0.0017874386308382325,0.0012337824179762826,5.536560460092884E-4,"{""type"":""MultiPoint"",""coordinates"":[]}"
20150913,2015-09-13,0.0018078923124541485,0.0012233365885283799,5.845552221612716E-4,"{""type"":""MultiPoint"",""coordinates"":[]}"
20150914,2015-09-14,0.0019835267533349823,0.0012518932985573382,7.316335796118259E-4,"{""type"":""MultiPoint"",""coordinates"":[]}"
20150915,2015-09-15,0.0024407857956261726,0.0013721190328046954,0.0010686662477351985,"{""type"":""MultiPoint"",""coordinates"":[]}"
20150916,2015-09-16,0.0025129339456096567,0.00142308802022359,0.0010898457878205769,"{""type"":""MultiPoint"",""coordinates"":[]}"
20150917,2015-09-17,0.0023847825415079316,0.0014945879918573045,8.901946537621986E-4,"{""type"":""MultiPoint"",""coordinates"":[]}"
20150918,2015-09-18,0.0025928594970844056,0.0015780603985070694,0.0010147991914876175,"{""type"":""MultiPoint"",""coordinates"":[]}"
20150919,2015-09-19,0.0026623938224441977,0.0015217623307615354,0.0011406314047046414,"{""type"":""MultiPoint"",""coordinates"":[]}"
20150920,2015-09-20,0.002989691173157607,0.0015929459901723245,0.001396745196747585,"{""type"":""MultiPoint"",""coordinates"":[]}"
20150921,2015-09-21,0.0024575029952477027,0.001472592576932123,9.849101573421925E-4,"{""type"":""MultiPoint"",""coordinates"":[]}"
20150922,2015-09-22,0.002976854008390887,0.0016551556523239754,0.001321698307200714,"{""type"":""MultiPoint"",""coordinates"":[]}"
20150923,2015-09-23,0.0027954221254970477,0.0018308354088669395,9.645868932341804E-4,"{""type"":""MultiPoint"",""coordinates"":[]}"
20150924,2015-09-24,0.002354656281652205,0.0016528796014670236,7.017768952314615E-4,"{""type"":""MultiPoint"",""coordinates"":[]}"
20150925,2015-09-25,0.001978016387014752,0.0015833886069074577,3.94627638559922E-4,"{""type"":""MultiPoint"",""coordinates"":[]}"
20150926,2015-09-26,0.0014905624657997037,0.0013368833895104572,1.5367889246576663E-4,"{""type"":""MultiPoint"",""coordinates"":[]}"
20150927,2015-09-27,0.0013773479844411062,0.0012402386789947368,1.371093343943024E-4,"{""type"":""MultiPoint"",""coordinates"":[]}"
20150928,2015-09-28,0.0012909809298335727,0.0011736637254576023,1.1731649221129615E-4,"{""type"":""MultiPoint"",""coordinates"":[]}"
20150929,2015-09-29,0.0012720684291326772,0.0011339921227434089,1.38075484713707E-4,"{""type"":""MultiPoint"",""coordinates"":[]}"
20150930,2015-09-30,0.001171585620384514,0.001092491765246962,7.909288270451463E-5,"{""type"":""MultiPoint"",""coordinates"":[]}"
20151001,2015-10-01,0.001196367395835972,0.0010382330713456021,1.581343318130235E-4,"{""type"":""MultiPoint"",""coordinates"":[]}"
20151002,2015-10-02,0.0011775259237750788,9.87531702900085E-4,1.899941018845793E-4,"{""type"":""MultiPoint"",""coordinates"":[]}"
20151003,2015-10-03,0.001135174954218338,9.41344275129122E-4,1.938302076684493E-4,"{""type"":""MultiPoint"",""coordinates"":[]}"
20151004,2015-10-04,0.0012328608857190093,9.440294286102984E-4,2.888313968209614E-4,"{""type"":""MultiPoint"",""coordinates"":[]}"
20151005,2015-10-05,0.0011689656450347926,9.404989083586447E-4,2.2846577978518913E-4,"{""type"":""MultiPoint"",""coordinates"":[]}"
20151006,2015-10-06,0.0010660290892919575,9.009054479423622E-4,1.6512369105651842E-4,"{""type"":""MultiPoint"",""coordinates"":[]}"
20151007,2015-10-07,0.0011519382740567902,9.156775723713007E-4,2.3625983440583452E-4,"{""type"":""MultiPoint"",""coordinates"":[]}"
20151008,2015-10-08,0.0016904448638193183,0.0010686123708253006,6.21831648488632E-4,"{""type"":""MultiPoint"",""coordinates"":[]}"
20151009,2015-10-09,0.002006617079476023,0.0013086745236794426,6.979417820117803E-4,"{""type"":""MultiPoint"",""coordinates"":[]}"
20151010,2015-10-10,0.0013581878897868706,0.0010139098301636597,3.44278163435369E-4,"{""type"":""MultiPoint"",""coordinates"":[]}"
20151011,2015-10-11,0.0014658315687923304,0.0010682136124938169,3.976180108831096E-4,"{""type"":""MultiPoint"",""coordinates"":[]}"
20151012,2015-10-12,0.0014504084629128017,0.001139970883774218,3.104367404872867E-4,"{""type"":""MultiPoint"",""coordinates"":[]}"
20151013,2015-10-13,0.0012074766383079261,0.0010412577141623068,1.6621884166129338E-4,"{""type"":""MultiPoint"",""coordinates"":[]}"
20151014,2015-10-14,0.0010701746957472531,9.494430506803532E-4,1.2073170733944428E-4,"{""type"":""MultiPoint"",""coordinates"":[]}"
20151015,2015-10-15,9.835672859985329E-4,9.013081975103405E-4,8.225834688737497E-5,"{""type"":""MultiPoint"",""coordinates"":[]}"
20151016,2015-10-16,0.0010106223455445542,8.827996431769756E-4,1.2782283288672187E-4,"{""type"":""MultiPoint"",""coordinates"":[]}"
20151017,2015-10-17,8.896257808042487E-4,8.458865957628217E-4,4.3739190939766096E-5,"{""type"":""MultiPoint"",""coordinates"":[]}"
20151018,2015-10-18,9.695013298885728E-4,8.370192262887675E-4,1.3248204066304044E-4,"{""type"":""MultiPoint"",""coordinates"":[]}"
20151019,2015-10-19,8.677249947580284E-4,7.999462059220729E-4,6.777888236424424E-5,"{""type"":""MultiPoint"",""coordinates"":[]}"
20151020,2015-10-20,8.422253589898377E-4,7.744283038548619E-4,6.779651203047653E-5,"{""type"":""MultiPoint"",""coordinates"":[]}"
20151021,2015-10-21,7.585543582132717E-4,7.279632980063625E-4,3.05902310154748E-5,"{""type"":""MultiPoint"",""coordinates"":[]}"
20151022,2015-10-22,7.509693654992245E-4,6.922879221960369E-4,5.8680866464530605E-5,"{""type"":""MultiPoint"",""coordinates"":[]}"
20151023,2015-10-23,8.591088685500439E-4,7.004672133474423E-4,1.5864160542537227E-4,"{""type"":""MultiPoint"",""coordinates"":[]}"
20151024,2015-10-24,8.778149844919827E-4,7.284245782832087E-4,1.4939100728190372E-4,"{""type"":""MultiPoint"",""coordinates"":[]}"
20151025,2015-10-25,8.535720856065979E-4,6.898924311406168E-4,1.6367849448176516E-4,"{""type"":""MultiPoint"",""coordinates"":[]}"
20151026,2015-10-26,8.295559433606423E-4,6.556033800546293E-4,1.7395251058821765E-4,"{""type"":""MultiPoint"",""coordinates"":[]}"
20151027,2015-10-27,7.996795195107835E-4,6.787990848257504E-4,1.2088027636841938E-4,"{""type"":""MultiPoint"",""coordinates"":[]}"
20151028,2015-10-28,7.031138074190266E-4,5.992505749854515E-4,1.0386311741521071E-4,"{""type"":""MultiPoint"",""coordinates"":[]}"
20151029,2015-10-29,6.647746318025663E-4,5.755481817657685E-4,8.922600783978063E-5,"{""type"":""MultiPoint"",""coordinates"":[]}"
20151030,2015-10-30,7.45643173494264E-4,5.862523870554063E-4,1.5939005389130605E-4,"{""type"":""MultiPoint"",""coordinates"":[]}"
20151031,2015-10-31,7.271951520795817E-4,5.770944157275964E-4,1.500998394277274E-4,"{""type"":""MultiPoint"",""coordinates"":[]}"
20151101,2015-11-01,9.241684295452397E-4,6.385165085380174E-4,2.8565182939883145E-4,"{""type"":""MultiPoint"",""coordinates"":[]}"
20151102,2015-11-02,6.912647908676869E-4,5.619811657920792E-4,1.2928311424948723E-4,"{""type"":""MultiPoint"",""coordinates"":[]}"
20151103,2015-11-03,6.211752713196647E-4,5.28403270602619E-4,9.277153821778224E-5,"{""type"":""MultiPoint"",""coordinates"":[]}"
20151104,2015-11-04,7.804216218482301E-4,5.349607484333145E-4,2.454602172684897E-4,"{""type"":""MultiPoint"",""coordinates"":[]}"
20151105,2015-11-05,6.612604953222845E-4,5.169959001280429E-4,1.4426490970943413E-4,"{""type"":""MultiPoint"",""coordinates"":[]}"
20151106,2015-11-06,6.359499833980232E-4,5.118865061052643E-4,1.2406344162936147E-4,"{""type"":""MultiPoint"",""coordinates"":[]}"
20151107,2015-11-07,6.028670065679473E-4,5.15238545428787E-4,8.762849888863336E-5,"{""type"":""MultiPoint"",""coordinates"":[]}"
20151108,2015-11-08,7.090275835422321E-4,5.38437661026392E-4,1.7058988676148744E-4,"{""type"":""MultiPoint"",""coordinates"":[]}"
20151109,2015-11-09,0.0011484361699213026,6.270103603816302E-4,5.214257020484883E-4,"{""type"":""MultiPoint"",""coordinates"":[]}"
20151110,2015-11-10,5.880006930047071E-4,4.792052591486811E-4,1.0879487010561587E-4,"{""type"":""MultiPoint"",""coordinates"":[]}"
20151111,2015-11-11,5.0640577324784E-4,4.556826639878276E-4,5.0723124356655163E-5,"{""type"":""MultiPoint"",""coordinates"":[]}"
20151112,2015-11-12,5.467615269834967E-4,4.493527358113144E-4,9.740733139232033E-5,"{""type"":""MultiPoint"",""coordinates"":[]}"
20151113,2015-11-13,5.867631605096609E-4,4.634248786661656E-4,1.233386780465396E-4,"{""type"":""MultiPoint"",""coordinates"":[]}"
20151114,2015-11-14,6.603790802439952E-4,4.8398278774816893E-4,1.7639610354393346E-4,"{""type"":""MultiPoint"",""coordinates"":[]}"
20151115,2015-11-15,0.0012432252748518946,6.075411742936724E-4,6.356838031018523E-4,"{""type"":""MultiPoint"",""coordinates"":[]}"
20151116,2015-11-16,8.631142169643148E-4,5.19653230920022E-4,3.4346022230638665E-4,"{""type"":""MultiPoint"",""coordinates"":[]}"
20151117,2015-11-17,6.76528725729556E-4,4.7629929550153656E-4,2.0022826588875746E-4,"{""type"":""MultiPoint"",""coordinates"":[]}"
20151118,2015-11-18,4.761530351590717E-4,4.201350767638298E-4,5.601796377439818E-5,"{""type"":""MultiPoint"",""coordinates"":[]}"
20151119,2015-11-19,5.63270231859917E-4,4.3580552928384E-4,1.2746379412358132E-4,"{""type"":""MultiPoint"",""coordinates"":[]}"
20151120,2015-11-20,4.946004046068559E-4,4.107607198631827E-4,8.383965576083289E-5,"{""type"":""MultiPoint"",""coordinates"":[]}"
20151121,2015-11-21,4.316531373394759E-4,3.9333826888810744E-4,3.8315327997774125E-5,"{""type"":""MultiPoint"",""coordinates"":[]}"
20151122,2015-11-22,4.916545096647152E-4,4.035423384405691E-4,8.811077424830384E-5,"{""type"":""MultiPoint"",""coordinates"":[]}"
20151123,2015-11-23,4.925631967036656E-4,3.930999992095143E-4,9.946307610349596E-5,"{""type"":""MultiPoint"",""coordinates"":[]}"
20151124,2015-11-24,4.0054185613971866E-4,3.7427843780665033E-4,2.6262634499901506E-5,"{""type"":""MultiPoint"",""coordinates"":[]}"
20151125,2015-11-25,3.7930062574047756E-4,3.6299515065035446E-4,1.6305387682892263E-5,"{""type"":""MultiPoint"",""coordinates"":[]}"
20151126,2015-11-26,3.728513145056943E-4,3.5480950898896505E-4,1.804172867213298E-5,"{""type"":""MultiPoint"",""coordinates"":[]}"
20151127,2015-11-27,3.6570381803899336E-4,3.4715101056916677E-4,1.8551424666814334E-5,"{""type"":""MultiPoint"",""coordinates"":[]}"
20151128,2015-11-28,3.6524614849697194E-4,3.408063733569614E-4,2.4439713262752684E-5,"{""type"":""MultiPoint"",""coordinates"":[]}"
20151129,2015-11-29,4.233255271017985E-4,3.4500709037342374E-4,7.831818293407553E-5,"{""type"":""MultiPoint"",""coordinates"":[]}"
20151130,2015-11-30,4.077678085242244E-4,3.407515995090397E-4,6.701608093512267E-5,"{""type"":""MultiPoint"",""coordinates"":[]}"
20151201,2015-12-01,5.425205314222146E-4,3.696431078427949E-4,1.7287734321607624E-4,"{""type"":""MultiPoint"",""coordinates"":[]}"
20151202,2015-12-02,6.509076590336297E-4,3.880761336146826E-4,2.6283166726327734E-4,"{""type"":""MultiPoint"",""coordinates"":[]}"
20151203,2015-12-03,4.1708990186209704E-4,3.308637877856699E-4,8.622596598665179E-5,"{""type"":""MultiPoint"",""coordinates"":[]}"
20151204,2015-12-04,4.939888821612555E-4,3.4150142496224266E-4,1.5248603108103552E-4,"{""type"":""MultiPoint"",""coordinates"":[]}"
20151205,2015-12-05,4.731282404472106E-4,3.5169538044650325E-4,1.2143283742998282E-4,"{""type"":""MultiPoint"",""coordinates"":[]}"
20151206,2015-12-06,3.99094350099188E-4,3.456326719866782E-4,5.3461497796962324E-5,"{""type"":""MultiPoint"",""coordinates"":[]}"
20151207,2015-12-07,4.439197720594012E-4,3.589787756420555E-4,8.494080313744718E-5,"{""type"":""MultiPoint"",""coordinates"":[]}"
20151208,2015-12-08,4.475845378208512E-4,3.622062095018909E-4,8.537655125197655E-5,"{""type"":""MultiPoint"",""coordinates"":[]}"
20151209,2015-12-09,3.6219516079044053E-4,3.3785570865597583E-4,2.433927360164502E-5,"{""type"":""MultiPoint"",""coordinates"":[]}"
20151210,2015-12-10,4.323921423219553E-4,3.517684563281314E-4,8.062228122137629E-5,"{""type"":""MultiPoint"",""coordinates"":[]}"
20151211,2015-12-11,4.278361731506543E-4,3.499000530668601E-4,7.793633881254388E-5,"{""type"":""MultiPoint"",""coordinates"":[]}"
20151212,2015-12-12,3.876486331649011E-4,3.324176775905178E-4,5.523089512488076E-5,"{""type"":""MultiPoint"",""coordinates"":[]}"
20151213,2015-12-13,3.818135449647997E-4,3.252786927954424E-4,5.6534550992662565E-5,"{""type"":""MultiPoint"",""coordinates"":[]}"
20151214,2015-12-14,3.8299432122007707E-4,3.219454938204592E-4,6.104808676686208E-5,"{""type"":""MultiPoint"",""coordinates"":[]}"
20151215,2015-12-15,3.5439389920435057E-4,3.1307104051058485E-4,4.13214440986183E-5,"{""type"":""MultiPoint"",""coordinates"":[]}"
20151216,2015-12-16,3.3677831796076073E-4,3.157923824137816E-4,2.0984602966140655E-5,"{""type"":""MultiPoint"",""coordinates"":[]}"
20151217,2015-12-17,3.0814475116911595E-4,2.981168655748153E-4,1.0027916083560183E-5,"{""type"":""MultiPoint"",""coordinates"":[]}"
20151218,2015-12-18,3.3036511295423705E-4,2.955402680733932E-4,3.482340697405364E-5,"{""type"":""MultiPoint"",""coordinates"":[]}"
20151219,2015-12-19,3.338484051261773E-4,2.922779422886167E-4,4.1570333724047376E-5,"{""type"":""MultiPoint"",""coordinates"":[]}"
20151220,2015-12-20,2.902110736015623E-4,2.7980477216091564E-4,1.0406142004052163E-5,"{""type"":""MultiPoint"",""coordinates"":[]}"
20151221,2015-12-21,2.878996587641817E-4,2.7437784122870987E-4,1.3522082164780281E-5,"{""type"":""MultiPoint"",""coordinates"":[]}"
20151222,2015-12-22,2.7720928346536684E-4,2.6864117545061483E-4,8.56723754034769E-6,"{""type"":""MultiPoint"",""coordinates"":[]}"
20151223,2015-12-23,2.702446527674678E-4,2.62890079445357E-4,7.353192418347973E-6,"{""type"":""MultiPoint"",""coordinates"":[]}"
20151224,2015-12-24,2.674339773468521E-4,2.5730842009328414E-4,1.0123974873588927E-5,"{""type"":""MultiPoint"",""coordinates"":[]}"
20151225,2015-12-25,2.6108030644495173E-4,2.519743936382454E-4,9.104259080758652E-6,"{""type"":""MultiPoint"",""coordinates"":[]}"
20151226,2015-12-26,2.612240199917566E-4,2.4669626893067636E-4,1.4525763157824013E-5,"{""type"":""MultiPoint"",""coordinates"":[]}"
20151227,2015-12-27,2.648481213536179E-4,2.4182115332049676E-4,2.3025244279321737E-5,"{""type"":""MultiPoint"",""coordinates"":[]}"
20151228,2015-12-28,2.53903696696214E-4,2.3689275469445718E-4,1.7009189585674087E-5,"{""type"":""MultiPoint"",""coordinates"":[]}"
20151229,2015-12-29,2.538409556135405E-4,2.33136004852511E-4,2.070397369417958E-5,"{""type"":""MultiPoint"",""coordinates"":[]}"
20151230,2015-12-30,2.4309851666963367E-4,2.280219550031941E-4,1.5076443791090286E-5,"{""type"":""MultiPoint"",""coordinates"":[]}"
20151231,2015-12-31,2.3910338272169549E-4,2.238697618049069E-4,1.5233495828915792E-5,"{""type"":""MultiPoint"",""coordinates"":[]}"
20160101,2016-01-01,2.3192148682544986E-4,2.198858961049513E-4,1.203481173452161E-5,"{""type"":""MultiPoint"",""coordinates"":[]}"
20160102,2016-01-02,2.2624738330664196E-4,2.1602598091598728E-4,1.022144578231741E-5,"{""type"":""MultiPoint"",""coordinates"":[]}"
20160103,2016-01-03,2.2451911266714895E-4,2.121938018516793E-4,1.2325114191359152E-5,"{""type"":""MultiPoint"",""coordinates"":[]}"
20160104,2016-01-04,2.2798636540204828E-4,2.0893643359620298E-4,1.904994917932507E-5,"{""type"":""MultiPoint"",""coordinates"":[]}"
20160105,2016-01-05,2.1807492582661824E-4,2.0508683554657333E-4,1.2985210695007848E-5,"{""type"":""MultiPoint"",""coordinates"":[]}"
20160106,2016-01-06,2.1562218013376124E-4,2.0195142790567795E-4,1.3671017033894779E-5,"{""type"":""MultiPoint"",""coordinates"":[]}"
20160107,2016-01-07,2.1334305837503759E-4,1.9864020827224356E-4,1.4701651982667513E-5,"{""type"":""MultiPoint"",""coordinates"":[]}"
20160108,2016-01-08,2.2132034520738877E-4,1.9576524254986732E-4,2.5553865082875093E-5,"{""type"":""MultiPoint"",""coordinates"":[]}"
20160109,2016-01-09,2.2603380020629575E-4,1.9264564628228116E-4,3.3387269681900506E-5,"{""type"":""MultiPoint"",""coordinates"":[]}"
20160110,2016-01-10,2.0498714161861154E-4,1.8915330129098805E-4,1.5832343425144154E-5,"{""type"":""MultiPoint"",""coordinates"":[]}"
20160111,2016-01-11,2.0368594930010323E-4,1.860953128081968E-4,1.7590622009336117E-5,"{""type"":""MultiPoint"",""coordinates"":[]}"
20160112,2016-01-12,2.0185516708681695E-4,1.8310862031108906E-4,1.8746530342777008E-5,"{""type"":""MultiPoint"",""coordinates"":[]}"
20160113,2016-01-13,1.9645740529806096E-4,1.8023183986468633E-4,1.622387389895558E-5,"{""type"":""MultiPoint"",""coordinates"":[]}"
20160114,2016-01-14,1.8875447617851712E-4,1.77526145032824E-4,1.1228791336162068E-5,"{""type"":""MultiPoint"",""coordinates"":[]}"
20160115,2016-01-15,1.9080472445902013E-4,1.749607910419528E-4,1.5842666654562437E-5,"{""type"":""MultiPoint"",""coordinates"":[]}"
20160116,2016-01-16,1.9174227642828836E-4,1.7354901940221367E-4,1.8193158744010413E-5,"{""type"":""MultiPoint"",""coordinates"":[]}"
20160117,2016-01-17,1.834259458399856E-4,1.6987258550825202E-4,1.355271494312909E-5,"{""type"":""MultiPoint"",""coordinates"":[]}"
20160118,2016-01-18,1.8133323956900368E-4,1.6741746325397403E-4,1.3915690528772878E-5,"{""type"":""MultiPoint"",""coordinates"":[]}"
20160119,2016-01-19,1.8879937130873172E-4,1.6507456102303383E-4,2.3724662853751724E-5,"{""type"":""MultiPoint"",""coordinates"":[]}"
20160120,2016-01-20,2.007599323659243E-4,1.6334870617233841E-4,3.74112737677257E-5,"{""type"":""MultiPoint"",""coordinates"":[]}"
20160121,2016-01-21,1.961829222938372E-4,1.6226799849358524E-4,3.3914337019424217E-5,"{""type"":""MultiPoint"",""coordinates"":[]}"
20160122,2016-01-22,1.8049766775164616E-4,1.597982758585372E-4,2.0699377849583046E-5,"{""type"":""MultiPoint"",""coordinates"":[]}"
20160123,2016-01-23,1.744114103055344E-4,1.5778395243369608E-4,1.6624668620832046E-5,"{""type"":""MultiPoint"",""coordinates"":[]}"
20160124,2016-01-24,1.7208678666194525E-4,1.55520329682097E-4,1.6565178845450326E-5,"{""type"":""MultiPoint"",""coordinates"":[]}"
20160125,2016-01-25,1.7905460190876523E-4,1.5400237455659443E-4,2.5052168109180636E-5,"{""type"":""MultiPoint"",""coordinates"":[]}"
20160126,2016-01-26,1.8213737302173744E-4,1.5267132117517573E-4,2.9463477282440196E-5,"{""type"":""MultiPoint"",""coordinates"":[]}"
20160127,2016-01-27,1.787072340372829E-4,1.5231043730052095E-4,2.6395702107252912E-5,"{""type"":""MultiPoint"",""coordinates"":[]}"
20160128,2016-01-28,1.7351083378325323E-4,1.4877955793746644E-4,2.4731149950131008E-5,"{""type"":""MultiPoint"",""coordinates"":[]}"
20160129,2016-01-29,1.9336652703917962E-4,1.4909405461874999E-4,4.427113892954483E-5,"{""type"":""MultiPoint"",""coordinates"":[]}"
20160130,2016-01-30,1.6973693616162102E-4,1.453121406154342E-4,2.4423636675561416E-5,"{""type"":""MultiPoint"",""coordinates"":[]}"
20160131,2016-01-31,1.6813508250230938E-4,1.4295518161708176E-4,2.5179863424845466E-5,"{""type"":""MultiPoint"",""coordinates"":[]}"
20160201,2016-02-01,1.7411542198972164E-4,1.4204232115043916E-4,3.207224978165981E-5,"{""type"":""MultiPoint"",""coordinates"":[]}"
20160202,2016-02-02,1.7351056949121746E-4,1.404369227467149E-4,3.307283305679825E-5,"{""type"":""MultiPoint"",""coordinates"":[]}"
20160203,2016-02-03,1.6966875398952104E-4,1.3979147808103765E-4,2.9877696051501324E-5,"{""type"":""MultiPoint"",""coordinates"":[]}"
20160204,2016-02-04,1.6656572611621086E-4,1.3868180593865046E-4,2.788235549604197E-5,"{""type"":""MultiPoint"",""coordinates"":[]}"
20160205,2016-02-05,1.6810134818543394E-4,1.366047204990849E-4,3.149574250960566E-5,"{""type"":""MultiPoint"",""coordinates"":[]}"
20160206,2016-02-06,1.747170425519924E-4,1.3481196710636494E-4,3.99047740162241E-5,"{""type"":""MultiPoint"",""coordinates"":[]}"
20160207,2016-02-07,1.854667462692047E-4,1.3347031286056927E-4,5.1997048571997265E-5,"{""type"":""MultiPoint"",""coordinates"":[]}"
20160208,2016-02-08,1.975942295822632E-4,1.3294010065332894E-4,6.465304309211601E-5,"{""type"":""MultiPoint"",""coordinates"":[]}"
20160209,2016-02-09,1.9336101525030595E-4,1.3331978684779226E-4,6.0041166008530886E-5,"{""type"":""MultiPoint"",""coordinates"":[]}"
20160210,2016-02-10,2.1543873742993865E-4,1.3478182825460913E-4,8.065581372820445E-5,"{""type"":""MultiPoint"",""coordinates"":[]}"
20160211,2016-02-11,2.1425595279806408E-4,1.3849064579184276E-4,7.576438160699935E-5,"{""type"":""MultiPoint"",""coordinates"":[]}"
20160212,2016-02-12,1.8147136424683807E-4,1.3522925053765223E-4,4.6241925974621354E-5,"{""type"":""MultiPoint"",""coordinates"":[]}"
20160213,2016-02-13,1.7367915945952554E-4,1.3356728675071014E-4,4.0112019007505786E-5,"{""type"":""MultiPoint"",""coordinates"":[]}"
20160214,2016-02-14,1.6806895835571445E-4,1.3260976328009828E-4,3.545907936746533E-5,"{""type"":""MultiPoint"",""coordinates"":[]}"
20160215,2016-02-15,1.763509745376863E-4,1.3209926946477276E-4,4.424905119217399E-5,"{""type"":""MultiPoint"",""coordinates"":[]}"
20160216,2016-02-16,1.7230830410557533E-4,1.3117175007841433E-4,4.113520211557945E-5,"{""type"":""MultiPoint"",""coordinates"":[]}"
20160217,2016-02-17,1.6626811740053695E-4,1.2993711047002972E-4,3.632981466299698E-5,"{""type"":""MultiPoint"",""coordinates"":[]}"
20160218,2016-02-18,1.69028542969883E-4,1.2805126352386225E-4,4.097729247379511E-5,"{""type"":""MultiPoint"",""coordinates"":[]}"
20160219,2016-02-19,2.1835310920941805E-4,1.344662822897931E-4,8.388539585268653E-5,"{""type"":""MultiPoint"",""coordinates"":[]}"
20160220,2016-02-20,2.8098078040811856E-4,1.3263071161082418E-4,1.483490226549211E-4,"{""type"":""MultiPoint"",""coordinates"":[]}"
20160221,2016-02-21,3.993185591779473E-4,1.5229157768220305E-4,2.470278645726447E-4,"{""type"":""MultiPoint"",""coordinates"":[]}"
20160222,2016-02-22,2.792626643626546E-4,1.4245753385588714E-4,1.3680568295952337E-4,"{""type"":""MultiPoint"",""coordinates"":[]}"
20160223,2016-02-23,2.4917528871508957E-4,1.4299645261497664E-4,1.0617872163436535E-4,"{""type"":""MultiPoint"",""coordinates"":[]}"
20160224,2016-02-24,2.0869503752955477E-4,1.4061854278241018E-4,6.807429843637286E-5,"{""type"":""MultiPoint"",""coordinates"":[]}"
20160225,2016-02-25,1.8700634141627584E-4,1.367944295358087E-4,5.0210937621437396E-5,"{""type"":""MultiPoint"",""coordinates"":[]}"
20160226,2016-02-26,1.7498468462363742E-4,1.3044719536181847E-4,4.4536884970832444E-5,"{""type"":""MultiPoint"",""coordinates"":[]}"
20160227,2016-02-27,1.7222559612439748E-4,1.2746699515215994E-4,4.4757808586306024E-5,"{""type"":""MultiPoint"",""coordinates"":[]}"
20160228,2016-02-28,1.6569842079697833E-4,1.2438522807949905E-4,4.131311299475709E-5,"{""type"":""MultiPoint"",""coordinates"":[]}"
20160229,2016-02-29,1.604875400808304E-4,1.2198130221229098E-4,3.850553172757536E-5,"{""type"":""MultiPoint"",""coordinates"":[]}"
20160301,2016-03-01,1.5999203721450467E-4,1.1980209606018608E-4,4.01891488598346E-5,"{""type"":""MultiPoint"",""coordinates"":[]}"
20160302,2016-03-02,1.70288444401238E-4,1.1841342234917777E-4,5.1874976061037474E-5,"{""type"":""MultiPoint"",""coordinates"":[]}"
20160303,2016-03-03,1.826648494760169E-4,1.1772781503169247E-4,6.493639549241767E-5,"{""type"":""MultiPoint"",""coordinates"":[]}"
20160304,2016-03-04,1.8433704856497948E-4,1.1699890295969589E-4,6.733875769828368E-5,"{""type"":""MultiPoint"",""coordinates"":[]}"
20160305,2016-03-05,1.8176019187584455E-4,1.1480978926781374E-4,6.695028371988004E-5,"{""type"":""MultiPoint"",""coordinates"":[]}"
20160306,2016-03-06,1.923612865185975E-4,1.1457241979623366E-4,7.778753079436342E-5,"{""type"":""MultiPoint"",""coordinates"":[]}"
20160307,2016-03-07,2.1740935403624976E-4,1.1581812419945517E-4,1.0159102129653338E-4,"{""type"":""MultiPoint"",""coordinates"":[]}"
20160308,2016-03-08,2.4687269191688303E-4,1.2031431113811408E-4,1.2655844609660175E-4,"{""type"":""MultiPoint"",""coordinates"":[]}"
20160309,2016-03-09,2.319282185770397E-4,1.2061528086715196E-4,1.1131189134135487E-4,"{""type"":""MultiPoint"",""coordinates"":[]}"
20160310,2016-03-10,2.4247093136767713E-4,1.2205793204302635E-4,1.20412158979125E-4,"{""type"":""MultiPoint"",""coordinates"":[]}"
20160311,2016-03-11,2.981369845184298E-4,1.2722247407604667E-4,1.7091396484963684E-4,"{""type"":""MultiPoint"",""coordinates"":[]}"
20160312,2016-03-12,3.893151347938852E-4,1.5306502161856097E-4,2.3624906653835044E-4,"{""type"":""MultiPoint"",""coordinates"":[]}"
20160313,2016-03-13,3.6810530662486957E-4,1.4274955490910265E-4,2.2535513180059615E-4,"{""type"":""MultiPoint"",""coordinates"":[]}"
20160314,2016-03-14,3.505245113312903E-4,1.4698976033375764E-4,2.035338735170975E-4,"{""type"":""MultiPoint"",""coordinates"":[]}"
20160315,2016-03-15,2.900998921270446E-4,1.4239962342503014E-4,1.4769924089774042E-4,"{""type"":""MultiPoint"",""coordinates"":[]}"
20160316,2016-03-16,3.472917349251591E-4,1.5153306107910946E-4,1.957575407104166E-4,"{""type"":""MultiPoint"",""coordinates"":[]}"
20160317,2016-03-17,2.702852223560499E-4,1.610122017836291E-4,1.0927250596894336E-4,"{""type"":""MultiPoint"",""coordinates"":[]}"
20160318,2016-03-18,3.4969127040685333E-4,1.7518926466612668E-4,1.7449996842406346E-4,"{""type"":""MultiPoint"",""coordinates"":[]}"
20160319,2016-03-19,2.8809795056923256E-4,1.7389764511027236E-4,1.141993158761443E-4,"{""type"":""MultiPoint"",""coordinates"":[]}"
20160320,2016-03-20,2.49622855063252E-4,1.5397570938942393E-4,9.564611405237388E-5,"{""type"":""MultiPoint"",""coordinates"":[]}"
20160321,2016-03-21,3.4282522785577396E-4,1.6427220362890728E-4,1.7855304037908465E-4,"{""type"":""MultiPoint"",""coordinates"":[]}"
20160322,2016-03-22,3.007980511154063E-4,1.5974196437433958E-4,1.4105562664007846E-4,"{""type"":""MultiPoint"",""coordinates"":[]}"
20160323,2016-03-23,2.1256911658330135E-4,1.549324343628797E-4,5.7635481646464194E-5,"{""type"":""MultiPoint"",""coordinates"":[]}"
20160324,2016-03-24,2.34594009118341E-4,1.507547029318583E-4,8.383677798261415E-5,"{""type"":""MultiPoint"",""coordinates"":[]}"
20160325,2016-03-25,2.526392835368716E-4,1.516610887918133E-4,1.0097673881630065E-4,"{""type"":""MultiPoint"",""coordinates"":[]}"
20160326,2016-03-26,2.613065865445418E-4,1.5517560982103857E-4,1.0613088467065961E-4,"{""type"":""MultiPoint"",""coordinates"":[]}"
20160327,2016-03-27,3.0101932227913537E-4,1.4882161996089354E-4,1.5219744013981453E-4,"{""type"":""MultiPoint"",""coordinates"":[]}"
20160328,2016-03-28,5.416845506090471E-4,1.638349695078728E-4,3.7784966341342395E-4,"{""type"":""MultiPoint"",""coordinates"":[]}"
20160329,2016-03-29,3.267897267926762E-4,1.648845465140585E-4,1.6190497801920074E-4,"{""type"":""MultiPoint"",""coordinates"":[]}"
20160330,2016-03-30,3.261430784517045E-4,1.5400103792061645E-4,1.7214030800573912E-4,"{""type"":""MultiPoint"",""coordinates"":[]}"
20160331,2016-03-31,4.5243426930981684E-4,1.630384387811429E-4,2.893960100762622E-4,"{""type"":""MultiPoint"",""coordinates"":[]}"
20160401,2016-04-01,3.9165530090066867E-4,1.6418901652819618E-4,2.2746516627104163E-4,"{""type"":""MultiPoint"",""coordinates"":[]}"
20160402,2016-04-02,4.1799418807089575E-4,1.699130423897222E-4,2.480800772178347E-4,"{""type"":""MultiPoint"",""coordinates"":[]}"
20160403,2016-04-03,5.004607917879449E-4,1.845627617498925E-4,3.15896991969083E-4,"{""type"":""MultiPoint"",""coordinates"":[]}"
20160404,2016-04-04,4.3445417942256396E-4,1.821575787570352E-4,2.522950473962183E-4,"{""type"":""MultiPoint"",""coordinates"":[]}"
20160405,2016-04-05,7.375384578841473E-4,2.495794538556184E-4,4.8795849596991193E-4,"{""type"":""MultiPoint"",""coordinates"":[]}"
20160406,2016-04-06,5.411156716913008E-4,2.2952959910157013E-4,3.115851312605168E-4,"{""type"":""MultiPoint"",""coordinates"":[]}"
20160407,2016-04-07,6.550512158972055E-4,2.8780803308514163E-4,3.672427099419092E-4,"{""type"":""MultiPoint"",""coordinates"":[]}"
20160408,2016-04-08,8.015752304610098E-4,3.1573887027517336E-4,4.858356683342259E-4,"{""type"":""MultiPoint"",""coordinates"":[]}"
20160409,2016-04-09,5.230696925566114E-4,2.794280950848725E-4,2.4364085962369503E-4,"{""type"":""MultiPoint"",""coordinates"":[]}"
20160410,2016-04-10,3.8283842645550224E-4,2.2345973002180325E-4,1.593777792647184E-4,"{""type"":""MultiPoint"",""coordinates"":[]}"
20160411,2016-04-11,5.873775162882085E-4,2.551121741920179E-4,3.3226547727520557E-4,"{""type"":""MultiPoint"",""coordinates"":[]}"
20160412,2016-04-12,6.342972994577646E-4,2.5780241731163735E-4,3.76494060807346E-4,"{""type"":""MultiPoint"",""coordinates"":[]}"
20160413,2016-04-13,5.586008597293089E-4,2.523888280617606E-4,3.0621203914802135E-4,"{""type"":""MultiPoint"",""coordinates"":[]}"
20160414,2016-04-14,6.870680680730262E-4,2.9750923399904394E-4,3.8955969225907335E-4,"{""type"":""MultiPoint"",""coordinates"":[]}"
20160415,2016-04-15,5.085679723121587E-4,2.987927600469023E-4,2.0977385901687457E-4,"{""type"":""MultiPoint"",""coordinates"":[]}"
20160416,2016-04-16,8.047031334903148E-4,3.6905126285717745E-4,4.356507798001587E-4,"{""type"":""MultiPoint"",""coordinates"":[]}"
20160417,2016-04-17,6.596712854930861E-4,3.1386168260908083E-4,3.4580829699687877E-4,"{""type"":""MultiPoint"",""coordinates"":[]}"
20160418,2016-04-18,7.83689934804371E-4,3.5347137290842533E-4,4.302179584506E-4,"{""type"":""MultiPoint"",""coordinates"":[]}"
20160419,2016-04-19,8.905674749498896E-4,4.599432857662515E-4,4.306240019141752E-4,"{""type"":""MultiPoint"",""coordinates"":[]}"
20160420,2016-04-20,9.515601018393505E-4,4.8117684283738885E-4,4.70382449455927E-4,"{""type"":""MultiPoint"",""coordinates"":[]}"
20160421,2016-04-21,0.001357013428378672,7.464390449776578E-4,6.105734465178022E-4,"{""type"":""MultiPoint"",""coordinates"":[]}"
20160422,2016-04-22,0.0010759187269131106,6.10625993010127E-4,4.6529178548661797E-4,"{""type"":""MultiPoint"",""coordinates"":[]}"
20160423,2016-04-23,0.0014701952237899454,8.289237220240581E-4,6.412693842491087E-4,"{""type"":""MultiPoint"",""coordinates"":[]}"
20160424,2016-04-24,0.001158781611296572,6.207037372325887E-4,5.38077886278566E-4,"{""type"":""MultiPoint"",""coordinates"":[]}"
20160425,2016-04-25,6.967506175268589E-4,4.321869633169952E-4,2.6456360700544514E-4,"{""type"":""MultiPoint"",""coordinates"":[]}"
20160426,2016-04-26,5.291026164647826E-4,3.413613931997646E-4,1.877418190479796E-4,"{""type"":""MultiPoint"",""coordinates"":[]}"
20160427,2016-04-27,6.141627391947173E-4,3.371904655147896E-4,2.769716383608315E-4,"{""type"":""MultiPoint"",""coordinates"":[]}"
20160428,2016-04-28,9.015765904086375E-4,3.899049865442892E-4,5.116714413175686E-4,"{""type"":""MultiPoint"",""coordinates"":[]}"
20160429,2016-04-29,7.351630074159188E-4,3.952221665585814E-4,3.399407804334013E-4,"{""type"":""MultiPoint"",""coordinates"":[]}"
20160430,2016-04-30,7.116042941893184E-4,3.693723005726383E-4,3.4223196017554717E-4,"{""type"":""MultiPoint"",""coordinates"":[]}"
20160501,2016-05-01,7.035376638501783E-4,3.9646124262364125E-4,3.070755274247571E-4,"{""type"":""MultiPoint"",""coordinates"":[]}"
20160502,2016-05-02,5.673788876238482E-4,2.9765736982969443E-4,2.6972030526717123E-4,"{""type"":""MultiPoint"",""coordinates"":[]}"
20160503,2016-05-03,5.347381950938146E-4,2.6695183300289347E-4,2.677864017303013E-4,"{""type"":""MultiPoint"",""coordinates"":[]}"
20160504,2016-05-04,5.794962940788361E-4,2.563996120973135E-4,3.2309652829872306E-4,"{""type"":""MultiPoint"",""coordinates"":[]}"
20160505,2016-05-05,5.628274779955839E-4,2.5592589980845485E-4,3.069015515381569E-4,"{""type"":""MultiPoint"",""coordinates"":[]}"
20160506,2016-05-06,5.287046533560571E-4,2.492608811166947E-4,2.794430814713483E-4,"{""type"":""MultiPoint"",""coordinates"":[]}"
20160507,2016-05-07,5.329151338019461E-4,2.4486709328316837E-4,2.880480192204465E-4,"{""type"":""MultiPoint"",""coordinates"":[]}"
20160508,2016-05-08,5.458059468676228E-4,2.452233037449202E-4,3.0058222676490734E-4,"{""type"":""MultiPoint"",""coordinates"":[]}"
20160509,2016-05-09,4.8809563116227806E-4,2.3158599585634154E-4,2.565095371359688E-4,"{""type"":""MultiPoint"",""coordinates"":[]}"
20160510,2016-05-10,5.327806078901791E-4,2.3029044083985802E-4,3.024900655602317E-4,"{""type"":""MultiPoint"",""coordinates"":[]}"
20160511,2016-05-11,6.128031821758387E-4,2.2807036941028752E-4,3.847326542837432E-4,"{""type"":""MultiPoint"",""coordinates"":[]}"
20160512,2016-05-12,7.200756081191435E-4,2.3187140844885498E-4,4.8820390567907724E-4,"{""type"":""MultiPoint"",""coordinates"":[]}"
20160513,2016-05-13,9.247148323939067E-4,2.961426525377808E-4,6.285719500052424E-4,"{""type"":""MultiPoint"",""coordinates"":[]}"
20160514,2016-05-14,0.0011098046251576388,4.174837668252592E-4,6.923195180916158E-4,"{""type"":""MultiPoint"",""coordinates"":[]}"
20160515,2016-05-15,0.0018402404766029448,6.648598376492905E-4,0.001175380486664684,"{""type"":""MultiPoint"",""coordinates"":[]}"
20160516,2016-05-16,0.001889429991993705,7.631983587755049E-4,0.0011262310857104744,"{""type"":""MultiPoint"",""coordinates"":[]}"
20160517,2016-05-17,0.0018714114666814692,7.553034878623597E-4,0.0011161073636793487,"{""type"":""MultiPoint"",""coordinates"":[]}"
20160518,2016-05-18,0.0015816356717068445,7.579100658699171E-4,8.237256695087113E-4,"{""type"":""MultiPoint"",""coordinates"":[]}"
20160519,2016-05-19,0.0012025381576388642,5.362893663156375E-4,6.662487618330016E-4,"{""type"":""MultiPoint"",""coordinates"":[]}"
20160520,2016-05-20,0.0013500835170956224,5.099279344265775E-4,8.401547534781004E-4,"{""type"":""MultiPoint"",""coordinates"":[]}"
20160521,2016-05-21,0.002602324144292638,9.936008884823765E-4,0.0016087227924137372,"{""type"":""MultiPoint"",""coordinates"":[]}"
20160522,2016-05-22,0.0016482583747581701,8.392364934419774E-4,8.090213438607665E-4,"{""type"":""MultiPoint"",""coordinates"":[]}"
20160523,2016-05-23,0.0011765038766281591,5.162064528251291E-4,6.602974112339658E-4,"{""type"":""MultiPoint"",""coordinates"":[]}"
20160524,2016-05-24,0.0010336911192167853,4.3885065290929907E-4,5.948400191157835E-4,"{""type"":""MultiPoint"",""coordinates"":[]}"
20160525,2016-05-25,0.0012108181531863915,4.672538989725932E-4,7.435641603049705E-4,"{""type"":""MultiPoint"",""coordinates"":[]}"
20160526,2016-05-26,9.503362327214095E-4,3.991225565811685E-4,5.512136396503774E-4,"{""type"":""MultiPoint"",""coordinates"":[]}"
20160527,2016-05-27,9.327995215626219E-4,4.0010690747713186E-4,5.326924947956605E-4,"{""type"":""MultiPoint"",""coordinates"":[]}"
20160528,2016-05-28,9.94760066293065E-4,4.101762491465167E-4,5.845833334497408E-4,"{""type"":""MultiPoint"",""coordinates"":[]}"
20160529,2016-05-29,0.0010131844658149893,4.2138728774286893E-4,5.917971685694868E-4,"{""type"":""MultiPoint"",""coordinates"":[]}"
20160530,2016-05-30,0.0010475933972954416,4.2821170241822445E-4,6.193815723036496E-4,"{""type"":""MultiPoint"",""coordinates"":[]}"
20160531,2016-05-31,0.001143576238152108,4.4873196735938434E-4,6.948437159141618E-4,"{""type"":""MultiPoint"",""coordinates"":[]}"
20160601,2016-06-01,9.732595941515155E-4,4.4621795321842905E-4,5.270411144400075E-4,"{""type"":""MultiPoint"",""coordinates"":[]}"
20160602,2016-06-02,8.969089379845563E-4,3.823535772932784E-4,5.145549574905618E-4,"{""type"":""MultiPoint"",""coordinates"":[]}"
20160603,2016-06-03,9.057908189822708E-4,3.6014736334904324E-4,5.456428678415647E-4,"{""type"":""MultiPoint"",""coordinates"":[]}"
20160604,2016-06-04,0.0010161947371042492,3.544531868338867E-4,6.617409337215276E-4,"{""type"":""MultiPoint"",""coordinates"":[]}"
20160605,2016-06-05,0.0012061851420006767,3.769592578188093E-4,8.292253660404693E-4,"{""type"":""MultiPoint"",""coordinates"":[]}"
20160606,2016-06-06,0.0012479300834913215,3.8086201687957054E-4,8.67067706844487E-4,"{""type"":""MultiPoint"",""coordinates"":[]}"
20160607,2016-06-07,0.0013821476149694764,4.2107820720512016E-4,9.610691686841962E-4,"{""type"":""MultiPoint"",""coordinates"":[]}"
20160608,2016-06-08,0.0017490225980347916,6.006756159949652E-4,0.0011483468464925659,"{""type"":""MultiPoint"",""coordinates"":[]}"
20160609,2016-06-09,0.002119110823731817,7.479372760125161E-4,0.001371173548595918,"{""type"":""MultiPoint"",""coordinates"":[]}"
20160610,2016-06-10,0.0027406958262395204,9.191022750540277E-4,0.0018215930875165871,"{""type"":""MultiPoint"",""coordinates"":[]}"
20160611,2016-06-11,0.0021639982944304595,7.796060091544045E-4,0.001384392228094067,"{""type"":""MultiPoint"",""coordinates"":[]}"
20160612,2016-06-12,0.0023951440336223186,8.385438741149849E-4,0.0015566000397627265,"{""type"":""MultiPoint"",""coordinates"":[]}"
20160613,2016-06-13,0.0023391197209333453,9.09783365213926E-4,0.0014293362622442277,"{""type"":""MultiPoint"",""coordinates"":[]}"
20160614,2016-06-14,0.002472334442268483,0.001045372077393284,0.0014269624098519453,"{""type"":""MultiPoint"",""coordinates"":[]}"
20160615,2016-06-15,0.002556271282271946,9.028436281998963E-4,0.0016534274165169894,"{""type"":""MultiPoint"",""coordinates"":[]}"
20160616,2016-06-16,0.0022080058970038747,8.74737985113723E-4,0.0013332675661344583,"{""type"":""MultiPoint"",""coordinates"":[]}"
20160617,2016-06-17,0.0020390119332525263,8.518102562065926E-4,0.0011872018327297568,"{""type"":""MultiPoint"",""coordinates"":[]}"
20160618,2016-06-18,0.0023938353489077815,0.0010774541427017012,0.0013163812768627549,"{""type"":""MultiPoint"",""coordinates"":[]}"
20160619,2016-06-19,0.002260900801229442,9.236590303967885E-4,0.0013372417079130967,"{""type"":""MultiPoint"",""coordinates"":[]}"
20160620,2016-06-20,0.0023805144430953285,9.284693642575203E-4,0.0014520450979792646,"{""type"":""MultiPoint"",""coordinates"":[]}"
20160621,2016-06-21,0.0028155858422159903,0.0010019990184199083,0.0018135865876304329,"{""type"":""MultiPoint"",""coordinates"":[]}"
20160622,2016-06-22,0.002629398137916574,0.0011224166288854099,0.001506981529598411,"{""type"":""MultiPoint"",""coordinates"":[]}"
20160623,2016-06-23,0.002327163665132043,0.001152388994756655,0.0011747746021381308,"{""type"":""MultiPoint"",""coordinates"":[]}"
20160624,2016-06-24,0.002519894209700263,0.0012166246082692376,0.0013032693118253413,"{""type"":""MultiPoint"",""coordinates"":[]}"
20160625,2016-06-25,0.0023639094924450656,0.001194611049731191,0.001169298377647765,"{""type"":""MultiPoint"",""coordinates"":[]}"
20160626,2016-06-26,0.0020083058938672148,9.975913950256426E-4,0.0010107145127921742,"{""type"":""MultiPoint"",""coordinates"":[]}"
20160627,2016-06-27,0.002149377077239186,0.0010767909219000073,0.0010725860932677207,"{""type"":""MultiPoint"",""coordinates"":[]}"
20160628,2016-06-28,0.0024804534477973514,0.0012053400575761618,0.0012751133245695258,"{""type"":""MultiPoint"",""coordinates"":[]}"
20160629,2016-06-29,0.0027977918549502863,0.0012992884710543264,0.0014985033495605153,"{""type"":""MultiPoint"",""coordinates"":[]}"
20160630,2016-06-30,0.0030723179439330643,0.0012862077807083826,0.0017861101747745553,"{""type"":""MultiPoint"",""coordinates"":[]}"
20160701,2016-07-01,0.003993648353617801,0.0015316244348576723,0.0024620236193366655,"{""type"":""MultiPoint"",""coordinates"":[]}"
20160702,2016-07-02,0.004072059098904196,0.0018400652592876418,0.0022319939138760476,"{""type"":""MultiPoint"",""coordinates"":[]}"
20160703,2016-07-03,0.004236053203777739,0.0020284873185852145,0.0022075658355721335,"{""type"":""MultiPoint"",""coordinates"":[]}"
20160704,2016-07-04,0.004753171523788983,0.0023109419268136223,0.00244222939816832,"{""type"":""MultiPoint"",""coordinates"":[]}"
20160705,2016-07-05,0.004038198088511077,0.002153979437227821,0.0018842187459000637,"{""type"":""MultiPoint"",""coordinates"":[]}"
20160706,2016-07-06,0.0032420800469680046,0.0017810654674783161,0.00146101449647143,"{""type"":""MultiPoint"",""coordinates"":[]}"
20160707,2016-07-07,0.002965060968965511,0.0016387078143965416,0.001326352753332891,"{""type"":""MultiPoint"",""coordinates"":[]}"
20160708,2016-07-08,0.0035890429699401497,0.001791335244177972,0.001797707627063685,"{""type"":""MultiPoint"",""coordinates"":[]}"
20160709,2016-07-09,0.004052188491731677,0.0019308640089634257,0.0021213243186953843,"{""type"":""MultiPoint"",""coordinates"":[]}"
20160710,2016-07-10,0.004132976763127665,0.002088594249216937,0.0020443826799506903,"{""type"":""MultiPoint"",""coordinates"":[]}"
20160711,2016-07-11,0.004035407145033762,0.002064023561949694,0.001971383399804353,"{""type"":""MultiPoint"",""coordinates"":[]}"
20160712,2016-07-12,0.0030720319165665777,0.0017375883614999278,0.0013344434121859209,"{""type"":""MultiPoint"",""coordinates"":[]}"
20160713,2016-07-13,0.002539322170348696,0.0014610923648783046,0.0010782298100265233,"{""type"":""MultiPoint"",""coordinates"":[]}"
20160714,2016-07-14,0.0028759460396769946,0.001543447173117769,0.0013324988452618793,"{""type"":""MultiPoint"",""coordinates"":[]}"
20160715,2016-07-15,0.0039505579613402335,0.0019312563585989872,0.0020193015625458075,"{""type"":""MultiPoint"",""coordinates"":[]}"
20160716,2016-07-16,0.004643950300432906,0.002218083667412665,0.0024258667127232954,"{""type"":""MultiPoint"",""coordinates"":[]}"
20160717,2016-07-17,0.004074495246132895,0.0020560870364361387,0.0020184079994558725,"{""type"":""MultiPoint"",""coordinates"":[]}"
20160718,2016-07-18,0.0032256157106357983,0.001911703579358023,0.0013139121209481822,"{""type"":""MultiPoint"",""coordinates"":[]}"
20160719,2016-07-19,0.0030126970623855975,0.001741971046414998,0.0012707260430625492,"{""type"":""MultiPoint"",""coordinates"":[]}"
20160720,2016-07-20,0.0032960073819672956,0.0019130390698524726,0.0013829681902462867,"{""type"":""MultiPoint"",""coordinates"":[]}"
20160721,2016-07-21,0.004251821555812778,0.0021043033764112195,0.0021475183541147403,"{""type"":""MultiPoint"",""coordinates"":[]}"
20160722,2016-07-22,0.00533727612246311,0.0026704225144324944,0.0026668534387423145,"{""type"":""MultiPoint"",""coordinates"":[]}"
20160723,2016-07-23,0.004402533671388425,0.0025000631490284583,0.0019024703644219272,"{""type"":""MultiPoint"",""coordinates"":[]}"
20160724,2016-07-24,0.004162345841886951,0.002561797504115272,0.0016005482260016558,"{""type"":""MultiPoint"",""coordinates"":[]}"
20160725,2016-07-25,0.00456564292241469,0.0025627870215262304,0.002002855909347811,"{""type"":""MultiPoint"",""coordinates"":[]}"
20160726,2016-07-26,0.004103713422291275,0.0022337886308372527,0.0018699246266780985,"{""type"":""MultiPoint"",""coordinates"":[]}"
20160727,2016-07-27,0.0031691140172927673,0.0019620406040297086,0.0012070735587598658,"{""type"":""MultiPoint"",""coordinates"":[]}"
20160728,2016-07-28,0.002642203291550883,0.0016867775005390438,9.554258763610186E-4,"{""type"":""MultiPoint"",""coordinates"":[]}"
20160729,2016-07-29,0.0030813962687417677,0.001799495676915114,0.0012819004596073787,"{""type"":""MultiPoint"",""coordinates"":[]}"
20160730,2016-07-30,0.003303397627813436,0.001896656551095991,0.0014067410186863762,"{""type"":""MultiPoint"",""coordinates"":[]}"
20160731,2016-07-31,0.0034436211913445028,0.0020617193738436132,0.0013819017609364112,"{""type"":""MultiPoint"",""coordinates"":[]}"
20160801,2016-08-01,0.0037402402366467713,0.002316494619274287,0.0014237454134660328,"{""type"":""MultiPoint"",""coordinates"":[]}"
20160802,2016-08-02,0.0038665125274767657,0.002365585686821729,0.0015009267470338268,"{""type"":""MultiPoint"",""coordinates"":[]}"
20160803,2016-08-03,0.003494598023431954,0.0022626623962342333,0.0012319355884497032,"{""type"":""MultiPoint"",""coordinates"":[]}"
20160804,2016-08-04,0.0035629993229793927,0.0022056815525999954,0.0013573177211419992,"{""type"":""MultiPoint"",""coordinates"":[]}"
20160805,2016-08-05,0.004035841420580089,0.0022960409955665316,0.0017398004827555368,"{""type"":""MultiPoint"",""coordinates"":[]}"
20160806,2016-08-06,0.004563519830602998,0.00267150685311587,0.001892012707665983,"{""type"":""MultiPoint"",""coordinates"":[]}"
20160807,2016-08-07,0.0038807703264841895,0.0025386913411338807,0.0013420789798467647,"{""type"":""MultiPoint"",""coordinates"":[]}"
20160808,2016-08-08,0.003706655386515238,0.002476510669039751,0.0012301446425675034,"{""type"":""MultiPoint"",""coordinates"":[]}"
20160809,2016-08-09,0.0038835874127005677,0.002357076659184377,0.0015265108291439536,"{""type"":""MultiPoint"",""coordinates"":[]}"
20160810,2016-08-10,0.0034486320271266205,0.002207714265200774,0.0012409177738395383,"{""type"":""MultiPoint"",""coordinates"":[]}"
20160811,2016-08-11,0.0033858306888209107,0.002034069415601772,0.0013517613436639078,"{""type"":""MultiPoint"",""coordinates"":[]}"
20160812,2016-08-12,0.0031332600913612863,0.0019622620992944617,0.001170998047145526,"{""type"":""MultiPoint"",""coordinates"":[]}"
20160813,2016-08-13,0.002880720402822804,0.0019371152448917806,9.43605048927031E-4,"{""type"":""MultiPoint"",""coordinates"":[]}"
20160814,2016-08-14,0.0027837692343417255,0.0018652562489760197,9.18512916958335E-4,"{""type"":""MultiPoint"",""coordinates"":[]}"
20160815,2016-08-15,0.0029976474813882634,0.0018508675197677741,0.0011467797695500542,"{""type"":""MultiPoint"",""coordinates"":[]}"
20160816,2016-08-16,0.003281810775702043,0.002075147553448255,0.0012066632488786685,"{""type"":""MultiPoint"",""coordinates"":[]}"
20160817,2016-08-17,0.002928628395268856,0.001872591492611087,0.0010560367858237372,"{""type"":""MultiPoint"",""coordinates"":[]}"
20160818,2016-08-18,0.0031450810450994876,0.0018791420231625848,0.0012659391583347225,"{""type"":""MultiPoint"",""coordinates"":[]}"
20160819,2016-08-19,0.0030733475373059247,0.0022061090229032,8.672382844554773E-4,"{""type"":""MultiPoint"",""coordinates"":[]}"
20160820,2016-08-20,0.0033793412386083042,0.0023296023092459366,0.0010497388463932766,"{""type"":""MultiPoint"",""coordinates"":[]}"
20160821,2016-08-21,0.003826837155554301,0.0021023524510984837,0.0017244847041352606,"{""type"":""MultiPoint"",""coordinates"":[]}"
20160822,2016-08-22,0.002506635319437805,0.0018043280645794505,7.02307244222958E-4,"{""type"":""MultiPoint"",""coordinates"":[]}"
20160823,2016-08-23,0.0022525700824747425,0.0016520454325351561,6.005246190786384E-4,"{""type"":""MultiPoint"",""coordinates"":[]}"
20160824,2016-08-24,0.002064921325102037,0.0015254835954206984,5.394377460267747E-4,"{""type"":""MultiPoint"",""coordinates"":[]}"
20160825,2016-08-25,0.0019529125468813347,0.0014467465168753932,5.06166036657001E-4,"{""type"":""MultiPoint"",""coordinates"":[]}"
20160826,2016-08-26,0.0019769536430517104,0.0014262576702857013,5.506960541313387E-4,"{""type"":""MultiPoint"",""coordinates"":[]}"
20160827,2016-08-27,0.0019476151079501375,0.0014027762336363818,5.448388862707136E-4,"{""type"":""MultiPoint"",""coordinates"":[]}"
20160828,2016-08-28,0.0017557243155120513,0.0013201480168890853,4.3557629940174246E-4,"{""type"":""MultiPoint"",""coordinates"":[]}"
20160829,2016-08-29,0.0018520933688832197,0.0012936570012288735,5.584364387697314E-4,"{""type"":""MultiPoint"",""coordinates"":[]}"
20160830,2016-08-30,0.002303832631377183,0.0013463738099444918,9.574586392523108E-4,"{""type"":""MultiPoint"",""coordinates"":[]}"
20160831,2016-08-31,0.002620010416409868,0.0014249361400322873,0.0011950741833414353,"{""type"":""MultiPoint"",""coordinates"":[]}"
20160901,2016-09-01,0.0028610586225697203,0.0015184323004084318,0.0013426262528030658,"{""type"":""MultiPoint"",""coordinates"":[]}"
20160902,2016-09-02,0.0031535606515110223,0.0017199234750445702,0.0014336370853895368,"{""type"":""MultiPoint"",""coordinates"":[]}"
20160903,2016-09-03,0.003303307539221987,0.0018957680562778283,0.0014075393654768818,"{""type"":""MultiPoint"",""coordinates"":[]}"
20160904,2016-09-04,0.0029764797896727722,0.0017884621144248578,0.0011880172983992137,"{""type"":""MultiPoint"",""coordinates"":[]}"
20160905,2016-09-05,0.0026939227128084404,0.0017215710086510572,9.723516211396143E-4,"{""type"":""MultiPoint"",""coordinates"":[]}"
20160906,2016-09-06,0.002592246137597743,0.001688509013816541,9.03737284554103E-4,"{""type"":""MultiPoint"",""coordinates"":[]}"
20160907,2016-09-07,0.002432881254593595,0.0016773841744964092,7.554968588880571E-4,"{""type"":""MultiPoint"",""coordinates"":[]}"
20160908,2016-09-08,0.0023111020959959705,0.0016544417196751994,6.56660056808435E-4,"{""type"":""MultiPoint"",""coordinates"":[]}"
20160909,2016-09-09,0.0022906125336201013,0.0016518217452365068,6.387903683861051E-4,"{""type"":""MultiPoint"",""coordinates"":[]}"
20160910,2016-09-10,0.0025422638853566312,0.0017328758718931192,8.093880791741741E-4,"{""type"":""MultiPoint"",""coordinates"":[]}"
20160911,2016-09-11,0.0026336195412057888,0.001719423093743828,9.141964382484173E-4,"{""type"":""MultiPoint"",""coordinates"":[]}"
20160912,2016-09-12,0.002727773641109368,0.001778075879542387,9.496973604130093E-4,"{""type"":""MultiPoint"",""coordinates"":[]}"
20160913,2016-09-13,0.0026159438250538724,0.001828765703910305,7.871778771316538E-4,"{""type"":""MultiPoint"",""coordinates"":[]}"
20160914,2016-09-14,0.002368049147934192,0.0017587087557946913,6.09340380990816E-4,"{""type"":""MultiPoint"",""coordinates"":[]}"
20160915,2016-09-15,0.002218542815512676,0.00169447284038957,5.240700138313E-4,"{""type"":""MultiPoint"",""coordinates"":[]}"
20160916,2016-09-16,0.002479177588847882,0.0017157715975802791,7.634055387999925E-4,"{""type"":""MultiPoint"",""coordinates"":[]}"
20160917,2016-09-17,0.002605335293020051,0.0017880983907574484,8.172369396772602E-4,"{""type"":""MultiPoint"",""coordinates"":[]}"
20160918,2016-09-18,0.002357835556989253,0.0016991973805371818,6.58638280227355E-4,"{""type"":""MultiPoint"",""coordinates"":[]}"
20160919,2016-09-19,0.0023304998102370556,0.0016486231078396375,6.8187675774899E-4,"{""type"":""MultiPoint"",""coordinates"":[]}"
20160920,2016-09-20,0.0027110620464190515,0.0018060110715853127,9.050506818971177E-4,"{""type"":""MultiPoint"",""coordinates"":[]}"
20160921,2016-09-21,0.0034510469047560814,0.002108070295782083,0.0013429766143811775,"{""type"":""MultiPoint"",""coordinates"":[]}"
20160922,2016-09-22,0.0031082240051314297,0.001971872901229628,0.0011363508172160342,"{""type"":""MultiPoint"",""coordinates"":[]}"
20160923,2016-09-23,0.0033971287649199903,0.002017011041458,0.0013801176000880124,"{""type"":""MultiPoint"",""coordinates"":[]}"
20160924,2016-09-24,0.0032059485113930092,0.0020666906726601007,0.001139257632449818,"{""type"":""MultiPoint"",""coordinates"":[]}"
20160925,2016-09-25,0.003416212533031331,0.002168051620471821,0.0012481609607816494,"{""type"":""MultiPoint"",""coordinates"":[]}"
20160926,2016-09-26,0.0029131243914241214,0.0021299602007477988,7.831640847913631E-4,"{""type"":""MultiPoint"",""coordinates"":[]}"
20160927,2016-09-27,0.0024746968446434222,0.0019073907401238785,5.673061453639625E-4,"{""type"":""MultiPoint"",""coordinates"":[]}"
20160928,2016-09-28,0.0023713758465989604,0.0018373300601576192,5.340453176951573E-4,"{""type"":""MultiPoint"",""coordinates"":[]}"
20160929,2016-09-29,0.0022599812177989845,0.0018000665663796074,4.5991468128079937E-4,"{""type"":""MultiPoint"",""coordinates"":[]}"
20160930,2016-09-30,0.0021192976201706002,0.001731896280516381,3.8740132514608356E-4,"{""type"":""MultiPoint"",""coordinates"":[]}"
20161001,2016-10-01,0.0021969226390005873,0.001754031957712756,4.428907417776498E-4,"{""type"":""MultiPoint"",""coordinates"":[]}"
20161002,2016-10-02,0.001946224929341909,0.0016483960844140275,2.978287904966821E-4,"{""type"":""MultiPoint"",""coordinates"":[]}"
20161003,2016-10-03,0.001842586931272147,0.0015777302322481335,2.6485657785017537E-4,"{""type"":""MultiPoint"",""coordinates"":[]}"
20161004,2016-10-04,0.0017768380090135206,0.0015273097593204348,2.4952838739426955E-4,"{""type"":""MultiPoint"",""coordinates"":[]}"
20161005,2016-10-05,0.0019150374096166304,0.00151097199281737,4.040653006938559E-4,"{""type"":""MultiPoint"",""coordinates"":[]}"
20161006,2016-10-06,0.0018496019145685563,0.0014450876741883042,4.0451424906182896E-4,"{""type"":""MultiPoint"",""coordinates"":[]}"
20161007,2016-10-07,0.001857427921163676,0.0014170246576454021,4.4040300801204574E-4,"{""type"":""MultiPoint"",""coordinates"":[]}"
20161008,2016-10-08,0.0022653556785760787,0.0014487730787629228,8.165825028393758E-4,"{""type"":""MultiPoint"",""coordinates"":[]}"
20161009,2016-10-09,0.0023536401444667543,0.0014544391686764004,8.992009721988434E-4,"{""type"":""MultiPoint"",""coordinates"":[]}"
20161010,2016-10-10,0.0022390089315093785,0.001460280805118287,7.78727913843874E-4,"{""type"":""MultiPoint"",""coordinates"":[]}"
20161011,2016-10-11,0.0027598558335814117,0.0016444014158179137,0.0011154544990988338,"{""type"":""MultiPoint"",""coordinates"":[]}"
20161012,2016-10-12,0.002764065029862799,0.0017646477459061544,9.99416754284057E-4,"{""type"":""MultiPoint"",""coordinates"":[]}"
20161013,2016-10-13,0.002052412010410063,0.0016226390259073784,4.2977085191433546E-4,"{""type"":""MultiPoint"",""coordinates"":[]}"
20161014,2016-10-14,0.0015889706381400969,0.0014677582161130855,1.2121242219171536E-4,"{""type"":""MultiPoint"",""coordinates"":[]}"
20161015,2016-10-15,0.001492156120745031,0.0013947802784508253,9.737536474451501E-5,"{""type"":""MultiPoint"",""coordinates"":[]}"
20161016,2016-10-16,0.0014386630556901911,0.0013342348831186365,1.0442830668909405E-4,"{""type"":""MultiPoint"",""coordinates"":[]}"
20161017,2016-10-17,0.0013364808100503637,0.001265375726725791,7.110374421313052E-5,"{""type"":""MultiPoint"",""coordinates"":[]}"
20161018,2016-10-18,0.0012506878868732403,0.0012059556764027891,4.473210570891607E-5,"{""type"":""MultiPoint"",""coordinates"":[]}"
20161019,2016-10-19,0.001194815790849933,0.0011558857832381858,3.8929108047813846E-5,"{""type"":""MultiPoint"",""coordinates"":[]}"
20161020,2016-10-20,0.0011849425118654665,0.0011158082749739956,6.913436403690197E-5,"{""type"":""MultiPoint"",""coordinates"":[]}"
20161021,2016-10-21,0.0011202388986122863,0.0010763947458928677,4.384408587599184E-5,"{""type"":""MultiPoint"",""coordinates"":[]}"
20161022,2016-10-22,0.0011134501119606196,0.0010406703929417738,7.277722866523921E-5,"{""type"":""MultiPoint"",""coordinates"":[]}"
20161023,2016-10-23,0.0010485855434780224,0.0010024324083302912,4.615160125488783E-5,"{""type"":""MultiPoint"",""coordinates"":[]}"
20161024,2016-10-24,0.0010137722301352121,9.708035061993319E-4,4.2966976924519865E-5,"{""type"":""MultiPoint"",""coordinates"":[]}"
20161025,2016-10-25,9.877163484089775E-4,9.391061668880858E-4,4.8610245481276484E-5,"{""type"":""MultiPoint"",""coordinates"":[]}"
20161026,2016-10-26,9.948346711913388E-4,9.159392479499391E-4,7.889534175217431E-5,"{""type"":""MultiPoint"",""coordinates"":[]}"
20161027,2016-10-27,0.0011432922047971527,9.275571438652242E-4,2.1573353945131228E-4,"{""type"":""MultiPoint"",""coordinates"":[]}"
20161028,2016-10-28,0.0010701600173060328,9.17107376521542E-4,1.5305135172806098E-4,"{""type"":""MultiPoint"",""coordinates"":[]}"
20161029,2016-10-29,0.0010217671661503825,9.093234811405385E-4,1.1244302785405865E-4,"{""type"":""MultiPoint"",""coordinates"":[]}"
20161030,2016-10-30,0.0010191466916242152,9.005529908783632E-4,1.1859341152562356E-4,"{""type"":""MultiPoint"",""coordinates"":[]}"
20161031,2016-10-31,9.517075562227119E-4,8.781827440624E-4,7.352525983727387E-5,"{""type"":""MultiPoint"",""coordinates"":[]}"
20161101,2016-11-01,8.571463063856134E-4,8.117754033672341E-4,4.5370529107293136E-5,"{""type"":""MultiPoint"",""coordinates"":[]}"
20161102,2016-11-02,8.451138639282079E-4,7.884016031186139E-4,5.67096531273542E-5,"{""type"":""MultiPoint"",""coordinates"":[]}"
20161103,2016-11-03,8.332155891595837E-4,7.747284730399995E-4,5.848705453633396E-5,"{""type"":""MultiPoint"",""coordinates"":[]}"
20161104,2016-11-04,9.303354338141169E-4,7.818814403734759E-4,1.4845386510000348E-4,"{""type"":""MultiPoint"",""coordinates"":[]}"
20161105,2016-11-05,0.0012354006873746214,8.659023133095095E-4,3.694982733469156E-4,"{""type"":""MultiPoint"",""coordinates"":[]}"
20161106,2016-11-06,0.0013769349826632197,8.639362056715479E-4,5.129974644618453E-4,"{""type"":""MultiPoint"",""coordinates"":[]}"
20161107,2016-11-07,0.001003563815444883,8.167397192804565E-4,1.868230688149298E-4,"{""type"":""MultiPoint"",""coordinates"":[]}"
20161108,2016-11-08,8.010412495582895E-4,7.470068971983296E-4,5.403484176926176E-5,"{""type"":""MultiPoint"",""coordinates"":[]}"
20161109,2016-11-09,7.548341531480591E-4,7.210648429702752E-4,3.376654189717729E-5,"{""type"":""MultiPoint"",""coordinates"":[]}"
20161110,2016-11-10,7.92687981868847E-4,7.247738865284295E-4,6.7914418299719E-5,"{""type"":""MultiPoint"",""coordinates"":[]}"
20161111,2016-11-11,7.377029057901454E-4,6.919397623732426E-4,4.5761534611652654E-5,"{""type"":""MultiPoint"",""coordinates"":[]}"
20161112,2016-11-12,7.079396249360555E-4,6.735461803154997E-4,3.4391957374105506E-5,"{""type"":""MultiPoint"",""coordinates"":[]}"
20161113,2016-11-13,6.938460516535055E-4,6.573530572973861E-4,3.649143903564042E-5,"{""type"":""MultiPoint"",""coordinates"":[]}"
20161114,2016-11-14,6.953459104172697E-4,6.498027161159011E-4,4.554317039974313E-5,"{""type"":""MultiPoint"",""coordinates"":[]}"
20161115,2016-11-15,6.665896027364479E-4,6.3289124702767E-4,3.369872150712739E-5,"{""type"":""MultiPoint"",""coordinates"":[]}"
20161116,2016-11-16,6.40473299018867E-4,6.142087725299809E-4,2.6263542641182035E-5,"{""type"":""MultiPoint"",""coordinates"":[]}"
20161117,2016-11-17,6.222208345874621E-4,6.027100100763859E-4,1.9510757069801304E-5,"{""type"":""MultiPoint"",""coordinates"":[]}"
20161118,2016-11-18,6.239766091349021E-4,5.882736175079593E-4,3.570289264181682E-5,"{""type"":""MultiPoint"",""coordinates"":[]}"
20161119,2016-11-19,6.23629816573041E-4,5.944136643682405E-4,2.9216274343257485E-5,"{""type"":""MultiPoint"",""coordinates"":[]}"
20161120,2016-11-20,6.16127374283651E-4,5.77422697063069E-4,3.8704537989870495E-5,"{""type"":""MultiPoint"",""coordinates"":[]}"
20161121,2016-11-21,5.948480289442483E-4,5.612505393332226E-4,3.359451413924874E-5,"{""type"":""MultiPoint"",""coordinates"":[]}"
20161122,2016-11-22,5.71766721332838E-4,5.396292209955642E-4,3.213795138450415E-5,"{""type"":""MultiPoint"",""coordinates"":[]}"
20161123,2016-11-23,5.430240200634598E-4,5.212571467789576E-4,2.176696109636182E-5,"{""type"":""MultiPoint"",""coordinates"":[]}"
20161124,2016-11-24,5.109099930286657E-4,5.033994608591752E-4,7.5101488014932305E-6,"{""type"":""MultiPoint"",""coordinates"":[]}"
20161125,2016-11-25,4.982853986433546E-4,4.902508280048816E-4,8.034423596405665E-6,"{""type"":""MultiPoint"",""coordinates"":[]}"
20161126,2016-11-26,4.858796529647089E-4,4.778113022469554E-4,8.066069498814061E-6,"{""type"":""MultiPoint"",""coordinates"":[]}"
20161127,2016-11-27,4.7839855643625086E-4,4.6581644540373915E-4,1.2580478348253313E-5,"{""type"":""MultiPoint"",""coordinates"":[]}"
20161128,2016-11-28,4.666617367618014E-4,4.546442531711869E-4,1.201713015286922E-5,"{""type"":""MultiPoint"",""coordinates"":[]}"
20161129,2016-11-29,4.573155989058079E-4,4.446101866733029E-4,1.2703701106767677E-5,"{""type"":""MultiPoint"",""coordinates"":[]}"
20161130,2016-11-30,4.5332565026476E-4,4.340893228604319E-4,1.9234572529497606E-5,"{""type"":""MultiPoint"",""coordinates"":[]}"
20161201,2016-12-01,4.5926507652691153E-4,4.253994215439455E-4,3.386493139035009E-5,"{""type"":""MultiPoint"",""coordinates"":[]}"
20161202,2016-12-02,4.4775387109699007E-4,4.156868662732809E-4,3.2067406700408604E-5,"{""type"":""MultiPoint"",""coordinates"":[]}"
20161203,2016-12-03,4.311073197897994E-4,4.078260957447852E-4,2.327989541508457E-5,"{""type"":""MultiPoint"",""coordinates"":[]}"
20161204,2016-12-04,4.142401707827361E-4,3.9812895170625935E-4,1.6111191425520016E-5,"{""type"":""MultiPoint"",""coordinates"":[]}"
20161205,2016-12-05,4.136900438883854E-4,3.8974538143782565E-4,2.3944758359915548E-5,"{""type"":""MultiPoint"",""coordinates"":[]}"
20161206,2016-12-06,4.0527941690764E-4,3.8207256336961833E-4,2.3204962448759385E-5,"{""type"":""MultiPoint"",""coordinates"":[]}"
20161207,2016-12-07,4.2500968632968824E-4,3.815666895296236E-4,4.3441467785385134E-5,"{""type"":""MultiPoint"",""coordinates"":[]}"
20161208,2016-12-08,4.0748869277599625E-4,3.718263121956343E-4,3.566201481839512E-5,"{""type"":""MultiPoint"",""coordinates"":[]}"
20161209,2016-12-09,3.746410697954397E-4,3.6091008949308713E-4,1.3728074176999119E-5,"{""type"":""MultiPoint"",""coordinates"":[]}"
20161210,2016-12-10,3.6568031578268105E-4,3.534919475355416E-4,1.2188301205577435E-5,"{""type"":""MultiPoint"",""coordinates"":[]}"
20161211,2016-12-11,3.539720952617262E-4,3.462878918764949E-4,7.68323966671216E-6,"{""type"":""MultiPoint"",""coordinates"":[]}"
20161212,2016-12-12,4.7874973106488684E-4,3.536837556432736E-4,1.2506464327047804E-4,"{""type"":""MultiPoint"",""coordinates"":[]}"
20161213,2016-12-13,3.5033255882510025E-4,3.3274157852984567E-4,1.759084315700983E-5,"{""type"":""MultiPoint"",""coordinates"":[]}"
20161214,2016-12-14,3.358211467710392E-4,3.257423531106665E-4,1.0077316166808383E-5,"{""type"":""MultiPoint"",""coordinates"":[]}"
20161215,2016-12-15,3.252484522849618E-4,3.192419196957003E-4,6.0050518173669215E-6,"{""type"":""MultiPoint"",""coordinates"":[]}"
20161216,2016-12-16,3.194869242783503E-4,3.129426454700048E-4,6.545268002265157E-6,"{""type"":""MultiPoint"",""coordinates"":[]}"
20161217,2016-12-17,3.1430540761979953E-4,3.0690260888722814E-4,7.402824847118327E-6,"{""type"":""MultiPoint"",""coordinates"":[]}"
20161218,2016-12-18,3.0782170457114937E-4,3.010099735648972E-4,6.80985546250985E-6,"{""type"":""MultiPoint"",""coordinates"":[]}"
20161219,2016-12-19,3.052384679609622E-4,2.9560697360248603E-4,9.631458360756695E-6,"{""type"":""MultiPoint"",""coordinates"":[]}"
20161220,2016-12-20,2.991474219528047E-4,2.9022392601569326E-4,8.923507835071139E-6,"{""type"":""MultiPoint"",""coordinates"":[]}"
20161221,2016-12-21,2.9108901188163935E-4,2.847637695174731E-4,6.32591938954423E-6,"{""type"":""MultiPoint"",""coordinates"":[]}"
20161222,2016-12-22,2.8997683119749934E-4,2.805788997004533E-4,9.396705652214924E-6,"{""type"":""MultiPoint"",""coordinates"":[]}"
20161223,2016-12-23,2.881876415141465E-4,2.7478792319416296E-4,1.3398374674534096E-5,"{""type"":""MultiPoint"",""coordinates"":[]}"
20161224,2016-12-24,2.9543901344432133E-4,2.700952067629838E-4,2.53431797866855E-5,"{""type"":""MultiPoint"",""coordinates"":[]}"
20161225,2016-12-25,3.068100007808649E-4,2.659455699313312E-4,4.0863684248131996E-5,"{""type"":""MultiPoint"",""coordinates"":[]}"
20161226,2016-12-26,2.9270681307166013E-4,2.615313845157715E-4,3.1175348233352526E-5,"{""type"":""MultiPoint"",""coordinates"":[]}"
20161227,2016-12-27,2.7581715027210236E-4,2.571694876369016E-4,1.8645909543589535E-5,"{""type"":""MultiPoint"",""coordinates"":[]}"
20161228,2016-12-28,2.777668327288754E-4,2.538418644180588E-4,2.39230509103472E-5,"{""type"":""MultiPoint"",""coordinates"":[]}"
20161229,2016-12-29,2.619141468702165E-4,2.489393338765142E-4,1.297484144310111E-5,"{""type"":""MultiPoint"",""coordinates"":[]}"
20161230,2016-12-30,2.5802937153979666E-4,2.4458257860460663E-4,1.3445168232397659E-5,"{""type"":""MultiPoint"",""coordinates"":[]}"
20161231,2016-12-31,2.4939404767082297E-4,2.405497829319187E-4,8.841261355104144E-6,"{""type"":""MultiPoint"",""coordinates"":[]}"
20170101,2017-01-01,2.535750596845087E-4,2.3785221249653218E-4,1.5721548850646234E-5,"{""type"":""MultiPoint"",""coordinates"":[]}"
20170102,2017-01-02,2.5206042512963155E-4,2.3404259178454515E-4,1.8017782029972518E-5,"{""type"":""MultiPoint"",""coordinates"":[]}"
20170103,2017-01-03,2.738324049339143E-4,2.327092385850212E-4,4.112344316279414E-5,"{""type"":""MultiPoint"",""coordinates"":[]}"
20170104,2017-01-04,2.508089176036995E-4,2.2686612946037907E-4,2.3941973728955885E-5,"{""type"":""MultiPoint"",""coordinates"":[]}"
20170105,2017-01-05,2.4136196031748745E-4,2.2353709507614807E-4,1.7823750087849904E-5,"{""type"":""MultiPoint"",""coordinates"":[]}"
20170106,2017-01-06,2.446713234975055E-4,2.2089089338207023E-4,2.3780062192169613E-5,"{""type"":""MultiPoint"",""coordinates"":[]}"
20170107,2017-01-07,2.3614931787436575E-4,2.1691426305762632E-4,1.9234384853439735E-5,"{""type"":""MultiPoint"",""coordinates"":[]}"
20170108,2017-01-08,2.212323968415996E-4,2.133402465557649E-4,7.891409601454994E-6,"{""type"":""MultiPoint"",""coordinates"":[]}"
20170109,2017-01-09,2.2111087613146553E-4,2.1003535383846332E-4,1.1074114016065485E-5,"{""type"":""MultiPoint"",""coordinates"":[]}"
20170110,2017-01-10,2.261485955553225E-4,2.0704243663115568E-4,1.9107047363507578E-5,"{""type"":""MultiPoint"",""coordinates"":[]}"
20170111,2017-01-11,2.2137782138877056E-4,2.0403697899634717E-4,1.7341383626189604E-5,"{""type"":""MultiPoint"",""coordinates"":[]}"
20170112,2017-01-12,2.0992148846838974E-4,2.0093963120166908E-4,8.98195033728206E-6,"{""type"":""MultiPoint"",""coordinates"":[]}"
20170113,2017-01-13,2.0554583157394134E-4,1.9790168428789677E-4,7.642256512913984E-6,"{""type"":""MultiPoint"",""coordinates"":[]}"
20170114,2017-01-14,2.032061336705593E-4,1.9490847985449846E-4,8.298466981631628E-6,"{""type"":""MultiPoint"",""coordinates"":[]}"
20170115,2017-01-15,2.046432950083124E-4,1.9196087580533998E-4,1.2681798005083494E-5,"{""type"":""MultiPoint"",""coordinates"":[]}"
20170116,2017-01-16,2.0063865318929117E-4,1.8916141182289894E-4,1.1475860876599529E-5,"{""type"":""MultiPoint"",""coordinates"":[]}"
20170117,2017-01-17,1.9918998463254117E-4,1.8622295449503704E-4,1.2966075007640525E-5,"{""type"":""MultiPoint"",""coordinates"":[]}"
20170118,2017-01-18,1.9534892438383331E-4,1.836153065452538E-4,1.1732713689015587E-5,"{""type"":""MultiPoint"",""coordinates"":[]}"
20170119,2017-01-19,1.9195519814956536E-4,1.8109578115083297E-4,1.085843676663189E-5,"{""type"":""MultiPoint"",""coordinates"":[]}"
20170120,2017-01-20,1.914747436910277E-4,1.7823007391191097E-4,1.3243135226968888E-5,"{""type"":""MultiPoint"",""coordinates"":[]}"
20170121,2017-01-21,1.9331237179175334E-4,1.7575841694933287E-4,1.7553866925347444E-5,"{""type"":""MultiPoint"",""coordinates"":[]}"
20170122,2017-01-22,1.9292559699933738E-4,1.7336065785122703E-4,1.9562831400441365E-5,"{""type"":""MultiPoint"",""coordinates"":[]}"
20170123,2017-01-23,2.0620405510567564E-4,1.7348312289947992E-4,3.27203388888647E-5,"{""type"":""MultiPoint"",""coordinates"":[]}"
20170124,2017-01-24,2.1390189617972555E-4,1.7536137159907813E-4,3.853895217971329E-5,"{""type"":""MultiPoint"",""coordinates"":[]}"
20170125,2017-01-25,2.7733520891919637E-4,1.807334269975959E-4,9.660166183824592E-5,"{""type"":""MultiPoint"",""coordinates"":[]}"
20170126,2017-01-26,3.171758781548109E-4,1.9207796558643294E-4,1.2509759592876064E-4,"{""type"":""MultiPoint"",""coordinates"":[]}"
20170127,2017-01-27,2.4520034966399817E-4,1.693523069563192E-4,7.584787027821781E-5,"{""type"":""MultiPoint"",""coordinates"":[]}"
20170128,2017-01-28,2.155086308364316E-4,1.648072075619695E-4,5.070134295930005E-5,"{""type"":""MultiPoint"",""coordinates"":[]}"
20170129,2017-01-29,1.805718238165955E-4,1.5886976127962299E-4,2.1700556165781807E-5,"{""type"":""MultiPoint"",""coordinates"":[]}"
20170130,2017-01-30,2.0543874926024676E-4,1.6447093282508432E-4,4.0966825183683E-5,"{""type"":""MultiPoint"",""coordinates"":[]}"
20170131,2017-01-31,1.902568341234857E-4,1.571981231829062E-4,3.305575565403595E-5,"{""type"":""MultiPoint"",""coordinates"":[]}"
20170201,2017-02-01,1.7970401825600132E-4,1.538734732288174E-4,2.5829112055097124E-5,"{""type"":""MultiPoint"",""coordinates"":[]}"
20170202,2017-02-02,1.6910437004035453E-4,1.5163881195308758E-4,1.7463852324461072E-5,"{""type"":""MultiPoint"",""coordinates"":[]}"
20170203,2017-02-03,1.7044634821597194E-4,1.4966271848431485E-4,2.0781686043579204E-5,"{""type"":""MultiPoint"",""coordinates"":[]}"
20170204,2017-02-04,2.7182256809549145E-4,1.6515417167225287E-4,1.0666568798592833E-4,"{""type"":""MultiPoint"",""coordinates"":[]}"
20170205,2017-02-05,2.433975403949162E-4,1.6887055645793724E-4,7.452688443119501E-5,"{""type"":""MultiPoint"",""coordinates"":[]}"
20170206,2017-02-06,1.679825441344936E-4,1.447715299359794E-4,2.3210179145614216E-5,"{""type"":""MultiPoint"",""coordinates"":[]}"
20170207,2017-02-07,1.651231857010009E-4,1.434501404133052E-4,2.167253025795682E-5,"{""type"":""MultiPoint"",""coordinates"":[]}"
20170208,2017-02-08,1.6870456748639557E-4,1.4224230746390714E-4,2.646142074286255E-5,"{""type"":""MultiPoint"",""coordinates"":[]}"
20170209,2017-02-09,1.7423837526731292E-4,1.410749727649894E-4,3.3162063137189675E-5,"{""type"":""MultiPoint"",""coordinates"":[]}"
20170210,2017-02-10,1.8358170649390433E-4,1.409090014648679E-4,4.267261900482047E-5,"{""type"":""MultiPoint"",""coordinates"":[]}"
20170211,2017-02-11,1.6800846889801783E-4,1.3859883676529763E-4,2.94083442301956E-5,"{""type"":""MultiPoint"",""coordinates"":[]}"
20170212,2017-02-12,1.585543516614928E-4,1.3654588532044376E-4,2.200806002424701E-5,"{""type"":""MultiPoint"",""coordinates"":[]}"
20170213,2017-02-13,1.5851198749183522E-4,1.3507934552659556E-4,2.343225438034937E-5,"{""type"":""MultiPoint"",""coordinates"":[]}"
20170214,2017-02-14,1.5222536536631758E-4,1.3359684127546903E-4,1.8627697722967337E-5,"{""type"":""MultiPoint"",""coordinates"":[]}"
20170215,2017-02-15,1.5683302468608607E-4,1.3228082325882266E-4,2.45521779578004E-5,"{""type"":""MultiPoint"",""coordinates"":[]}"
20170216,2017-02-16,1.6202098852259443E-4,1.310425790233971E-4,3.097883153900554E-5,"{""type"":""MultiPoint"",""coordinates"":[]}"
20170217,2017-02-17,1.811443021906871E-4,1.301894187205143E-4,5.095514764470396E-5,"{""type"":""MultiPoint"",""coordinates"":[]}"
20170218,2017-02-18,2.01365931721556E-4,1.3135509572585876E-4,7.00091646135705E-5,"{""type"":""MultiPoint"",""coordinates"":[]}"
20170219,2017-02-19,2.563477332408115E-4,1.39941582853923E-4,1.1640571992017807E-4,"{""type"":""MultiPoint"",""coordinates"":[]}"
20170220,2017-02-20,2.3606656687960464E-4,1.3347072557080402E-4,1.0259569162460016E-4,"{""type"":""MultiPoint"",""coordinates"":[]}"
20170221,2017-02-21,2.5929241110917914E-4,1.360038439280396E-4,1.2328788455487062E-4,"{""type"":""MultiPoint"",""coordinates"":[]}"
20170222,2017-02-22,3.034755540919123E-4,1.4323586950370273E-4,1.6023960608281564E-4,"{""type"":""MultiPoint"",""coordinates"":[]}"
20170223,2017-02-23,2.1183974466105872E-4,1.3099918862864948E-4,8.083829024886047E-5,"{""type"":""MultiPoint"",""coordinates"":[]}"
20170224,2017-02-24,1.6082346284164914E-4,1.2817810492639405E-4,3.264531491887992E-5,"{""type"":""MultiPoint"",""coordinates"":[]}"
20170225,2017-02-25,1.59405263002182E-4,1.2722134989387376E-4,3.218249124508101E-5,"{""type"":""MultiPoint"",""coordinates"":[]}"
20170226,2017-02-26,1.6266088843516617E-4,1.2552271842230714E-4,3.713618179347088E-5,"{""type"":""MultiPoint"",""coordinates"":[]}"
20170227,2017-02-27,1.6228133400814944E-4,1.2436596448168924E-4,3.791448881882672E-5,"{""type"":""MultiPoint"",""coordinates"":[]}"
20170228,2017-02-28,1.6657223282919907E-4,1.241796150413907E-4,4.239136649609263E-5,"{""type"":""MultiPoint"",""coordinates"":[]}"
20170301,2017-03-01,1.9209611052036318E-4,1.264264777496224E-4,6.566915178981615E-5,"{""type"":""MultiPoint"",""coordinates"":[]}"
20170302,2017-03-02,2.2565595803532282E-4,1.2677918774556333E-4,9.887426505042807E-5,"{""type"":""MultiPoint"",""coordinates"":[]}"
20170303,2017-03-03,2.813157645575716E-4,1.3517114154508746E-4,1.4614309405139392E-4,"{""type"":""MultiPoint"",""coordinates"":[]}"
20170304,2017-03-04,3.127122838780618E-4,1.4223015545513688E-4,1.704819734913308E-4,"{""type"":""MultiPoint"",""coordinates"":[]}"
20170305,2017-03-05,3.166336433246882E-4,1.4844783272917358E-4,1.6818530631572978E-4,"{""type"":""MultiPoint"",""coordinates"":[]}"
20170306,2017-03-06,2.5653001602924996E-4,1.3642758094104177E-4,1.201019291574583E-4,"{""type"":""MultiPoint"",""coordinates"":[]}"
20170307,2017-03-07,1.8650886509140733E-4,1.2971797356675394E-4,5.679069907269535E-5,"{""type"":""MultiPoint"",""coordinates"":[]}"
20170308,2017-03-08,2.111025428193034E-4,1.2960762870268736E-4,8.149502270074029E-5,"{""type"":""MultiPoint"",""coordinates"":[]}"
20170309,2017-03-09,2.323263339914496E-4,1.3205205446593216E-4,1.0027423868109985E-4,"{""type"":""MultiPoint"",""coordinates"":[]}"
20170310,2017-03-10,3.2060066307112295E-4,1.4424526413155816E-4,1.763552923564613E-4,"{""type"":""MultiPoint"",""coordinates"":[]}"
20170311,2017-03-11,4.776602836198024E-4,1.7636592138409591E-4,3.012943916875819E-4,"{""type"":""MultiPoint"",""coordinates"":[]}"
20170312,2017-03-12,3.666864778041827E-4,1.5915435912639865E-4,2.0753145520477223E-4,"{""type"":""MultiPoint"",""coordinates"":[]}"
20170313,2017-03-13,1.850815491029919E-4,1.3965031065977195E-4,4.5431077375326726E-5,"{""type"":""MultiPoint"",""coordinates"":[]}"
20170314,2017-03-14,1.7364323801543136E-4,1.3346354680598174E-4,4.0178365939956675E-5,"{""type"":""MultiPoint"",""coordinates"":[]}"
20170315,2017-03-15,1.88111543586123E-4,1.3729924868509068E-4,5.081308782581354E-5,"{""type"":""MultiPoint"",""coordinates"":[]}"
20170316,2017-03-16,1.9632551368702249E-4,1.3162402255296882E-4,6.469979618216669E-5,"{""type"":""MultiPoint"",""coordinates"":[]}"
20170317,2017-03-17,2.225999050005346E-4,1.2949000049024018E-4,9.310975263087114E-5,"{""type"":""MultiPoint"",""coordinates"":[]}"
20170318,2017-03-18,2.6622614390481953E-4,1.3772726225700466E-4,1.2849846184649467E-4,"{""type"":""MultiPoint"",""coordinates"":[]}"
20170319,2017-03-19,2.1407647911203434E-4,1.330130002779911E-4,8.106212151626464E-5,"{""type"":""MultiPoint"",""coordinates"":[]}"
20170320,2017-03-20,2.2346244032345512E-4,1.3940731961900653E-4,8.405423444213937E-5,"{""type"":""MultiPoint"",""coordinates"":[]}"
20170321,2017-03-21,1.984164398137756E-4,1.3233595286852543E-4,6.607952506796509E-5,"{""type"":""MultiPoint"",""coordinates"":[]}"
20170322,2017-03-22,2.4900320172007074E-4,1.365939082074708E-4,1.1240805432927093E-4,"{""type"":""MultiPoint"",""coordinates"":[]}"
20170323,2017-03-23,2.315239006313079E-4,1.3735265358178245E-4,9.417123197844893E-5,"{""type"":""MultiPoint"",""coordinates"":[]}"
20170324,2017-03-24,2.50855764487039E-4,1.3324444263389495E-4,1.1760992171303488E-4,"{""type"":""MultiPoint"",""coordinates"":[]}"
20170325,2017-03-25,2.6086975562324046E-4,1.347708598951949E-4,1.260965234439901E-4,"{""type"":""MultiPoint"",""coordinates"":[]}"
20170326,2017-03-26,2.660480358725151E-4,1.334555446462933E-4,1.3259287704657562E-4,"{""type"":""MultiPoint"",""coordinates"":[]}"
20170327,2017-03-27,3.0657382787284404E-4,1.3452986408820554E-4,1.720433068923783E-4,"{""type"":""MultiPoint"",""coordinates"":[]}"
20170328,2017-03-28,3.79507780120437E-4,1.3931519922378156E-4,2.4019138357841193E-4,"{""type"":""MultiPoint"",""coordinates"":[]}"
20170329,2017-03-29,6.342732275241875E-4,2.063261263521085E-4,4.2794604790764656E-4,"{""type"":""MultiPoint"",""coordinates"":[]}"
20170330,2017-03-30,7.125722987290604E-4,2.632669478096194E-4,4.493055269905629E-4,"{""type"":""MultiPoint"",""coordinates"":[]}"
20170331,2017-03-31,5.221149488338798E-4,1.9957860244941233E-4,3.225349258722973E-4,"{""type"":""MultiPoint"",""coordinates"":[]}"
20170401,2017-04-01,8.208248680751065E-4,3.045403204770427E-4,5.162844175317306E-4,"{""type"":""MultiPoint"",""coordinates"":[]}"
20170402,2017-04-02,9.944342175107126E-4,3.583761048404819E-4,6.360576723783628E-4,"{""type"":""MultiPoint"",""coordinates"":[]}"
20170403,2017-04-03,9.474567879107882E-4,3.696536607377447E-4,5.778019512131126E-4,"{""type"":""MultiPoint"",""coordinates"":[]}"
20170404,2017-04-04,8.525970568614484E-4,3.7928468476397027E-4,4.73312424240533E-4,"{""type"":""MultiPoint"",""coordinates"":[]}"
20170405,2017-04-05,7.225226171064554E-4,3.2443653165687374E-4,3.9808431663201373E-4,"{""type"":""MultiPoint"",""coordinates"":[]}"
20170406,2017-04-06,6.100235930828159E-4,2.9403312561217606E-4,3.1599042550771504E-4,"{""type"":""MultiPoint"",""coordinates"":[]}"
20170407,2017-04-07,3.83780827986969E-4,2.1140391813897415E-4,1.7237639307043486E-4,"{""type"":""MultiPoint"",""coordinates"":[]}"
20170408,2017-04-08,4.900717189077393E-4,2.167871569962868E-4,2.7328326318080097E-4,"{""type"":""MultiPoint"",""coordinates"":[]}"
20170409,2017-04-09,5.416093936857539E-4,2.0884080114203104E-4,3.327679649735411E-4,"{""type"":""MultiPoint"",""coordinates"":[]}"
20170410,2017-04-10,3.781845208269897E-4,2.0828256638691012E-4,1.6990069384484704E-4,"{""type"":""MultiPoint"",""coordinates"":[]}"
20170411,2017-04-11,2.878991594156586E-4,2.014117451466327E-4,8.648764182045708E-5,"{""type"":""MultiPoint"",""coordinates"":[]}"
20170412,2017-04-12,2.901479469945089E-4,1.9792974404492567E-4,9.221698620079152E-5,"{""type"":""MultiPoint"",""coordinates"":[]}"
20170413,2017-04-13,3.113037571300571E-4,1.925304651871399E-4,1.1877272309064332E-4,"{""type"":""MultiPoint"",""coordinates"":[]}"
20170414,2017-04-14,3.0877501305970773E-4,1.8199322674121812E-4,1.2677950252575567E-4,"{""type"":""MultiPoint"",""coordinates"":[]}"
20170415,2017-04-15,3.9151341971243675E-4,1.8153446503040192E-4,2.0997796752502632E-4,"{""type"":""MultiPoint"",""coordinates"":[]}"
20170416,2017-04-16,4.8669990241343033E-4,2.0507110922106056E-4,2.816286713975766E-4,"{""type"":""MultiPoint"",""coordinates"":[]}"
20170417,2017-04-17,3.558884922752645E-4,1.7910184997410104E-4,1.7678370560690254E-4,"{""type"":""MultiPoint"",""coordinates"":[]}"
20170418,2017-04-18,3.600785692973201E-4,1.6998768729513294E-4,1.9009030402142435E-4,"{""type"":""MultiPoint"",""coordinates"":[]}"
20170419,2017-04-19,6.161457551615003E-4,1.9428011426762235E-4,4.2186496091760816E-4,"{""type"":""MultiPoint"",""coordinates"":[]}"
20170420,2017-04-20,7.844557689624802E-4,2.54878338519219E-4,5.295769493055001E-4,"{""type"":""MultiPoint"",""coordinates"":[]}"
20170421,2017-04-21,9.083752878012225E-4,3.377795129144375E-4,5.70595055582352E-4,"{""type"":""MultiPoint"",""coordinates"":[]}"
20170422,2017-04-22,0.0015762411144781964,4.968664426349526E-4,0.0010793745819364584,"{""type"":""MultiPoint"",""coordinates"":[]}"
20170423,2017-04-23,0.0011694625670966438,4.045373605232601E-4,7.649248955031929E-4,"{""type"":""MultiPoint"",""coordinates"":[]}"
20170424,2017-04-24,0.001166047495717976,4.2702316883721337E-4,7.390234124065208E-4,"{""type"":""MultiPoint"",""coordinates"":[]}"
20170425,2017-04-25,0.001352659743981495,4.913971056326046E-4,8.612619322153017E-4,"{""type"":""MultiPoint"",""coordinates"":[]}"
20170426,2017-04-26,9.654791371874788E-4,4.192000336937446E-4,5.462789132969819E-4,"{""type"":""MultiPoint"",""coordinates"":[]}"
20170427,2017-04-27,9.922159701927595E-4,3.6265994346774467E-4,6.295549579696334E-4,"{""type"":""MultiPoint"",""coordinates"":[]}"
20170428,2017-04-28,8.348131820916439E-4,3.591537023506711E-4,4.756588046989155E-4,"{""type"":""MultiPoint"",""coordinates"":[]}"
20170429,2017-04-29,6.676559838733514E-4,3.5074296946087613E-4,3.1691311875807357E-4,"{""type"":""MultiPoint"",""coordinates"":[]}"
20170430,2017-04-30,5.632892410287069E-4,3.1132836995668604E-4,2.519609916839003E-4,"{""type"":""MultiPoint"",""coordinates"":[]}"
20170501,2017-05-01,6.060027938265246E-4,3.0636960262604083E-4,2.9963251032941E-4,"{""type"":""MultiPoint"",""coordinates"":[]}"
20170502,2017-05-02,6.09483095750111E-4,3.07393479469243E-4,3.0208813085352875E-4,"{""type"":""MultiPoint"",""coordinates"":[]}"
20170503,2017-05-03,4.7970055151305756E-4,2.777084420142552E-4,2.0199183769728496E-4,"{""type"":""MultiPoint"",""coordinates"":[]}"
20170504,2017-05-04,6.487127951757747E-4,2.883090711950545E-4,3.60403025600962E-4,"{""type"":""MultiPoint"",""coordinates"":[]}"
20170505,2017-05-05,8.478852174540535E-4,3.327989245618054E-4,5.150862289456301E-4,"{""type"":""MultiPoint"",""coordinates"":[]}"
20170506,2017-05-06,8.489705750865698E-4,3.9841937479611814E-4,4.5055061202827976E-4,"{""type"":""MultiPoint"",""coordinates"":[]}"
20170507,2017-05-07,6.315715636498148E-4,3.389547887025857E-4,2.926166865778369E-4,"{""type"":""MultiPoint"",""coordinates"":[]}"
20170508,2017-05-08,5.712048742184768E-4,2.8256846676108824E-4,2.8863635295637495E-4,"{""type"":""MultiPoint"",""coordinates"":[]}"
20170509,2017-05-09,6.643405497878632E-4,2.692652380818234E-4,3.9507497860593856E-4,"{""type"":""MultiPoint"",""coordinates"":[]}"
20170510,2017-05-10,6.975565998330636E-4,2.669260319599604E-4,4.3063025646121353E-4,"{""type"":""MultiPoint"",""coordinates"":[]}"
20170511,2017-05-11,7.259431020902645E-4,2.677697538365131E-4,4.581731936451716E-4,"{""type"":""MultiPoint"",""coordinates"":[]}"
20170512,2017-05-12,7.097929499935077E-4,2.5819889555153854E-4,4.515936875575631E-4,"{""type"":""MultiPoint"",""coordinates"":[]}"
20170513,2017-05-13,7.4571321435581E-4,2.556603032099674E-4,4.900524728417204E-4,"{""type"":""MultiPoint"",""coordinates"":[]}"
20170514,2017-05-14,8.788787241402151E-4,2.9229700018643465E-4,5.865815218905318E-4,"{""type"":""MultiPoint"",""coordinates"":[]}"
20170515,2017-05-15,0.0010994438675170923,3.3181139513719065E-4,7.676321578863421E-4,"{""type"":""MultiPoint"",""coordinates"":[]}"
20170516,2017-05-16,0.001333840235649766,3.8535663811505965E-4,9.484830321726651E-4,"{""type"":""MultiPoint"",""coordinates"":[]}"
20170517,2017-05-17,9.214233676766657E-4,2.94453653671182E-4,6.26969634231139E-4,"{""type"":""MultiPoint"",""coordinates"":[]}"
20170518,2017-05-18,0.0010183503887911064,3.0186768357582516E-4,7.164814378116628E-4,"{""type"":""MultiPoint"",""coordinates"":[]}"
20170519,2017-05-19,9.862115455335672E-4,2.8920988744647613E-4,6.970014758093652E-4,"{""type"":""MultiPoint"",""coordinates"":[]}"
20170520,2017-05-20,0.0010778727617930391,3.0395240446324216E-4,7.739202580668882E-4,"{""type"":""MultiPoint"",""coordinates"":[]}"
20170521,2017-05-21,0.001052313512995453,3.030023860476921E-4,7.493111535200347E-4,"{""type"":""MultiPoint"",""coordinates"":[]}"
20170522,2017-05-22,0.0010063774399390445,3.069092625778767E-4,6.99467938503726E-4,"{""type"":""MultiPoint"",""coordinates"":[]}"
20170523,2017-05-23,0.0010451396339002698,3.00851795080353E-4,7.442877300671553E-4,"{""type"":""MultiPoint"",""coordinates"":[]}"
20170524,2017-05-24,0.001229395701103214,3.2010711765075224E-4,9.092879978865037E-4,"{""type"":""MultiPoint"",""coordinates"":[]}"
20170525,2017-05-25,0.0012692910278787849,3.580556875824837E-4,9.112349077174567E-4,"{""type"":""MultiPoint"",""coordinates"":[]}"
20170526,2017-05-26,0.0013611377305094011,3.8839934151948505E-4,9.727381738020369E-4,"{""type"":""MultiPoint"",""coordinates"":[]}"
20170527,2017-05-27,0.0013536060270836984,3.868129616318238E-4,9.66792607740312E-4,"{""type"":""MultiPoint"",""coordinates"":[]}"
20170528,2017-05-28,0.001224190495899732,3.8579030798541875E-4,8.383999918983771E-4,"{""type"":""MultiPoint"",""coordinates"":[]}"
20170529,2017-05-29,0.0013195590074227882,4.1778179453299516E-4,9.017768912923637E-4,"{""type"":""MultiPoint"",""coordinates"":[]}"
20170530,2017-05-30,0.003015918631318721,8.776095965200091E-4,0.002138308652082154,"{""type"":""MultiPoint"",""coordinates"":[]}"
20170531,2017-05-31,0.0020878915408993975,7.704609680405991E-4,0.0013174307064610852,"{""type"":""MultiPoint"",""coordinates"":[]}"
20170601,2017-06-01,0.0019652194700577677,7.616477956554571E-4,0.0012035714710022642,"{""type"":""MultiPoint"",""coordinates"":[]}"
20170602,2017-06-02,0.002191600028113381,7.973599572651906E-4,0.001394239522508589,"{""type"":""MultiPoint"",""coordinates"":[]}"
20170603,2017-06-03,0.0021092590910656048,9.641195953920896E-4,0.0011451389366808143,"{""type"":""MultiPoint"",""coordinates"":[]}"
20170604,2017-06-04,0.0016549610348399872,7.981909033612901E-4,8.567696449691529E-4,"{""type"":""MultiPoint"",""coordinates"":[]}"
20170605,2017-06-05,0.0012553783077789218,5.538998769447361E-4,7.014772922249997E-4,"{""type"":""MultiPoint"",""coordinates"":[]}"
20170606,2017-06-06,0.0011633101237486095,5.029935034035911E-4,6.603164778993998E-4,"{""type"":""MultiPoint"",""coordinates"":[]}"
20170607,2017-06-07,0.0010919512384908985,4.720799712367414E-4,6.198711792716951E-4,"{""type"":""MultiPoint"",""coordinates"":[]}"
20170608,2017-06-08,0.001096907445434677,4.6031482681360713E-4,6.365925491664834E-4,"{""type"":""MultiPoint"",""coordinates"":[]}"
20170609,2017-06-09,0.0011442944452756884,4.6410977840116556E-4,6.801846570444475E-4,"{""type"":""MultiPoint"",""coordinates"":[]}"
20170610,2017-06-10,0.0015232802932445997,6.180320275964086E-4,9.052480791309543E-4,"{""type"":""MultiPoint"",""coordinates"":[]}"
20170611,2017-06-11,0.002026137963517903,7.567703533643325E-4,0.0012693675239440032,"{""type"":""MultiPoint"",""coordinates"":[]}"
20170612,2017-06-12,0.003196166325884956,0.0011203287735896297,0.0020758374462368136,"{""type"":""MultiPoint"",""coordinates"":[]}"
20170613,2017-06-13,0.0032290221610704064,0.0012357715469786203,0.0019932500262239182,"{""type"":""MultiPoint"",""coordinates"":[]}"
20170614,2017-06-14,0.002354441007627576,8.980738687547788E-4,0.0014563669529534104,"{""type"":""MultiPoint"",""coordinates"":[]}"
20170615,2017-06-15,0.0020794781818432393,8.332154793768132E-4,0.0012462623911253356,"{""type"":""MultiPoint"",""coordinates"":[]}"
20170616,2017-06-16,0.0025357598744808127,0.0011460435147288678,0.001389715941490477,"{""type"":""MultiPoint"",""coordinates"":[]}"
20170617,2017-06-17,0.0025944956759801382,0.0013581403442789314,0.0012363552386099965,"{""type"":""MultiPoint"",""coordinates"":[]}"
20170618,2017-06-18,0.0025498368939450727,0.0011700142732229326,0.0013798226794921608,"{""type"":""MultiPoint"",""coordinates"":[]}"
20170619,2017-06-19,0.0033807655677958273,0.001458017435964817,0.0019227479575888303,"{""type"":""MultiPoint"",""coordinates"":[]}"
20170620,2017-06-20,0.0028778129406497478,0.0013680795237249078,0.0015097333439603557,"{""type"":""MultiPoint"",""coordinates"":[]}"
20170621,2017-06-21,0.0024119014480047905,0.0011198763460458195,0.0012920250700798107,"{""type"":""MultiPoint"",""coordinates"":[]}"
20170622,2017-06-22,0.0021223664791958446,0.0010486842867978372,0.0010736821221371139,"{""type"":""MultiPoint"",""coordinates"":[]}"
20170623,2017-06-23,0.0018818803443757634,0.0010071178454003806,8.747622928884628E-4,"{""type"":""MultiPoint"",""coordinates"":[]}"
20170624,2017-06-24,0.0019278629338501702,9.48261320440267E-4,9.796016483397565E-4,"{""type"":""MultiPoint"",""coordinates"":[]}"
20170625,2017-06-25,0.0021220238235378896,9.980145807943674E-4,0.0011240095205023767,"{""type"":""MultiPoint"",""coordinates"":[]}"
20170626,2017-06-26,0.0024864887368812832,0.0011430749368288428,0.0013434136027292017,"{""type"":""MultiPoint"",""coordinates"":[]}"
20170627,2017-06-27,0.0023444648600026946,0.0011545302049068959,0.001189934658242857,"{""type"":""MultiPoint"",""coordinates"":[]}"
20170628,2017-06-28,0.002519139248175107,0.001143682474494312,0.0013754566371128646,"{""type"":""MultiPoint"",""coordinates"":[]}"
20170629,2017-06-29,0.0027551506402140784,0.001161553573023505,0.001593597080122965,"{""type"":""MultiPoint"",""coordinates"":[]}"
20170630,2017-06-30,0.003485278006523075,0.0015081279314781983,0.0019771499621283233,"{""type"":""MultiPoint"",""coordinates"":[]}"
20170701,2017-07-01,0.004049428819480177,0.001742770927002475,0.002306657744863848,"{""type"":""MultiPoint"",""coordinates"":[]}"
20170702,2017-07-02,0.0035252806025823885,0.0016852268235132376,0.001840053903731743,"{""type"":""MultiPoint"",""coordinates"":[]}"
20170703,2017-07-03,0.0036008393377371843,0.0017386645319669373,0.0018621747423093822,"{""type"":""MultiPoint"",""coordinates"":[]}"
20170704,2017-07-04,0.003959490929958,0.0018149593179066772,0.0021445318126081534,"{""type"":""MultiPoint"",""coordinates"":[]}"
20170705,2017-07-05,0.0036349318383779514,0.001993892336863246,0.0016410392364827344,"{""type"":""MultiPoint"",""coordinates"":[]}"
20170706,2017-07-06,0.0028039801410202044,0.0015278682724460244,0.0012761116416220696,"{""type"":""MultiPoint"",""coordinates"":[]}"
20170707,2017-07-07,0.0023807475574272726,0.0013169545740087164,0.0010637929382077832,"{""type"":""MultiPoint"",""coordinates"":[]}"
20170708,2017-07-08,0.0035334771648599236,0.0015200832065457033,0.0020133939371043846,"{""type"":""MultiPoint"",""coordinates"":[]}"
20170709,2017-07-09,0.004910291477555482,0.0019846316991696763,0.0029256598698693156,"{""type"":""MultiPoint"",""coordinates"":[]}"
20170710,2017-07-10,0.004677708767101185,0.0021963522634158602,0.00248135671002053,"{""type"":""MultiPoint"",""coordinates"":[]}"
20170711,2017-07-11,0.0036205157157898718,0.001915125647132834,0.0017053900374081798,"{""type"":""MultiPoint"",""coordinates"":[]}"
20170712,2017-07-12,0.002882157895503987,0.0016825516819130137,0.0011996062406558854,"{""type"":""MultiPoint"",""coordinates"":[]}"
20170713,2017-07-13,0.002624085495480308,0.0015351105702300007,0.0010889748562293575,"{""type"":""MultiPoint"",""coordinates"":[]}"
20170714,2017-07-14,0.0026880581142019024,0.0015352417094415937,0.0011528162279487596,"{""type"":""MultiPoint"",""coordinates"":[]}"
20170715,2017-07-15,0.0026421627216368275,0.001528507365011228,0.0011136556459525185,"{""type"":""MultiPoint"",""coordinates"":[]}"
20170716,2017-07-16,0.0023787365764544877,0.00138152369109847,9.972128293933237E-4,"{""type"":""MultiPoint"",""coordinates"":[]}"
20170717,2017-07-17,0.003372827636041752,0.0015590552094618387,0.0018137724859566347,"{""type"":""MultiPoint"",""coordinates"":[]}"
20170718,2017-07-18,0.004425283961145412,0.0020697349050452815,0.002355549065392339,"{""type"":""MultiPoint"",""coordinates"":[]}"
20170719,2017-07-19,0.0035534660330093647,0.0019423081569112967,0.0016111580170510328,"{""type"":""MultiPoint"",""coordinates"":[]}"
20170720,2017-07-20,0.003358584425763951,0.001956982072426628,0.0014016021946224714,"{""type"":""MultiPoint"",""coordinates"":[]}"
20170721,2017-07-21,0.003487808786921379,0.0019349435258017769,0.0015528654092983652,"{""type"":""MultiPoint"",""coordinates"":[]}"
20170722,2017-07-22,0.004948743999030878,0.002260283533854939,0.0026884602268430866,"{""type"":""MultiPoint"",""coordinates"":[]}"
20170723,2017-07-23,0.005892005649328413,0.0025941434875548655,0.0032978620648779363,"{""type"":""MultiPoint"",""coordinates"":[]}"
20170724,2017-07-24,0.005538848148531141,0.002557736625223467,0.002981111551881465,"{""type"":""MultiPoint"",""coordinates"":[]}"
20170725,2017-07-25,0.004062583220834119,0.0022257558241431034,0.0018368271960068515,"{""type"":""MultiPoint"",""coordinates"":[]}"
20170726,2017-07-26,0.003529656375444576,0.002029862390616924,0.0014997940767521771,"{""type"":""MultiPoint"",""coordinates"":[]}"
20170727,2017-07-27,0.0030410278788536235,0.0018143737366742678,0.0012266541723229862,"{""type"":""MultiPoint"",""coordinates"":[]}"
20170728,2017-07-28,0.0029581718904952096,0.0017945488180592098,0.0011636230289327342,"{""type"":""MultiPoint"",""coordinates"":[]}"
20170729,2017-07-29,0.0028393864317723546,0.0016043076852352066,0.0012350788956603746,"{""type"":""MultiPoint"",""coordinates"":[]}"
20170730,2017-07-30,0.0023614117623243632,0.0014722550571661748,8.891566974510641E-4,"{""type"":""MultiPoint"",""coordinates"":[]}"
20170731,2017-07-31,0.0022797101541293698,0.0014670093276915716,8.127007279816888E-4,"{""type"":""MultiPoint"",""coordinates"":[]}"
20170801,2017-08-01,0.002343846265203295,0.0014107897769126678,9.330565337845921E-4,"{""type"":""MultiPoint"",""coordinates"":[]}"
20170802,2017-08-02,0.0028109370219780556,0.0015353336731982119,0.0012756032938835442,"{""type"":""MultiPoint"",""coordinates"":[]}"
20170803,2017-08-03,0.002930820072363392,0.0016231265423694715,0.001307693500846869,"{""type"":""MultiPoint"",""coordinates"":[]}"
20170804,2017-08-04,0.002941477435392197,0.001726515311969251,0.0012149622187624775,"{""type"":""MultiPoint"",""coordinates"":[]}"
20170805,2017-08-05,0.0027451697958390834,0.0016708058561747511,0.0010743640094325899,"{""type"":""MultiPoint"",""coordinates"":[]}"
20170806,2017-08-06,0.0024935272246916673,0.001671938049593058,8.215891243120211E-4,"{""type"":""MultiPoint"",""coordinates"":[]}"
20170807,2017-08-07,0.0028841934859247785,0.0017787518147605603,0.0011054417349451464,"{""type"":""MultiPoint"",""coordinates"":[]}"
20170808,2017-08-08,0.00342275994765564,0.0018472802359296063,0.0015754797853065542,"{""type"":""MultiPoint"",""coordinates"":[]}"
20170809,2017-08-09,0.004654495269337291,0.0021940891615092528,0.002460405985035686,"{""type"":""MultiPoint"",""coordinates"":[]}"
20170810,2017-08-10,0.005350279323572462,0.0024235014327353265,0.0029267777237150464,"{""type"":""MultiPoint"",""coordinates"":[]}"
20170811,2017-08-11,0.006525598241245113,0.0031403293599783343,0.0033852689077549744,"{""type"":""MultiPoint"",""coordinates"":[]}"
20170812,2017-08-12,0.006515050839947378,0.0032824244979638866,0.003232626447726371,"{""type"":""MultiPoint"",""coordinates"":[]}"
20170813,2017-08-13,0.00454794409775027,0.0027007920754689744,0.001847151891413074,"{""type"":""MultiPoint"",""coordinates"":[]}"
20170814,2017-08-14,0.0029487282047064418,0.0021412195255659685,8.075088124246617E-4,"{""type"":""MultiPoint"",""coordinates"":[]}"
20170815,2017-08-15,0.0028458543843146097,0.002078284922200856,7.675693609825708E-4,"{""type"":""MultiPoint"",""coordinates"":[]}"
20170816,2017-08-16,0.0031113277616534973,0.002176281867611034,9.350458434181177E-4,"{""type"":""MultiPoint"",""coordinates"":[]}"
20170817,2017-08-17,0.003003215150065604,0.002000969654362095,0.0010022452674367233,"{""type"":""MultiPoint"",""coordinates"":[]}"
20170818,2017-08-18,0.0033427771148959564,0.00206218814600861,0.0012805888486505969,"{""type"":""MultiPoint"",""coordinates"":[]}"
20170819,2017-08-19,0.0030627414466095535,0.0019942494452468147,0.0010684918581132707,"{""type"":""MultiPoint"",""coordinates"":[]}"
20170820,2017-08-20,0.00284688649288175,0.0020303288531976532,8.165576062965539E-4,"{""type"":""MultiPoint"",""coordinates"":[]}"
20170821,2017-08-21,0.002863426121407223,0.0020911432893153162,7.72282946402783E-4,"{""type"":""MultiPoint"",""coordinates"":[]}"
20170822,2017-08-22,0.00256969450751991,0.001960075166736569,6.096193112134682E-4,"{""type"":""MultiPoint"",""coordinates"":[]}"
20170823,2017-08-23,0.0023522651871348225,0.001728082720171121,6.241823724388344E-4,"{""type"":""MultiPoint"",""coordinates"":[]}"
20170824,2017-08-24,0.002400035546408741,0.0016743026951301834,7.257327743616904E-4,"{""type"":""MultiPoint"",""coordinates"":[]}"
20170825,2017-08-25,0.0025011993088204613,0.0017056844997531246,7.955147835127779E-4,"{""type"":""MultiPoint"",""coordinates"":[]}"
20170826,2017-08-26,0.003138531080347114,0.001940706493444807,0.0011978244842848615,"{""type"":""MultiPoint"",""coordinates"":[]}"
20170827,2017-08-27,0.0034189799678549728,0.0021224428699159366,0.001296537067073172,"{""type"":""MultiPoint"",""coordinates"":[]}"
20170828,2017-08-28,0.0039479651095108495,0.0024451546017191274,0.001502810263933205,"{""type"":""MultiPoint"",""coordinates"":[]}"
20170829,2017-08-29,0.0034549091099999422,0.002357831700336384,0.0010970774506977512,"{""type"":""MultiPoint"",""coordinates"":[]}"
20170830,2017-08-30,0.0030357326620198137,0.0020250261612705,0.0010107064753466777,"{""type"":""MultiPoint"",""coordinates"":[]}"
20170831,2017-08-31,0.0028441984067044223,0.0018679272862786483,9.76270992983875E-4,"{""type"":""MultiPoint"",""coordinates"":[]}"
20170901,2017-09-01,0.003526322320228001,0.0020748923257334264,0.0014514300066688424,"{""type"":""MultiPoint"",""coordinates"":[]}"
20170902,2017-09-02,0.0032868743363873775,0.0020790109432426655,0.0012078634407075438,"{""type"":""MultiPoint"",""coordinates"":[]}"
20170903,2017-09-03,0.0029795824465667126,0.0020236935783478427,9.558888782559309E-4,"{""type"":""MultiPoint"",""coordinates"":[]}"
20170904,2017-09-04,0.0025396646540073826,0.0019219406204176934,6.177240266288921E-4,"{""type"":""MultiPoint"",""coordinates"":[]}"
20170905,2017-09-05,0.0024502686310134895,0.0018381256514214423,6.121428139591704E-4,"{""type"":""MultiPoint"",""coordinates"":[]}"
20170906,2017-09-06,0.002246043790172602,0.001764942886543954,4.811009173707895E-4,"{""type"":""MultiPoint"",""coordinates"":[]}"
20170907,2017-09-07,0.00228453954848482,0.001742698490512289,5.418408833758713E-4,"{""type"":""MultiPoint"",""coordinates"":[]}"
20170908,2017-09-08,0.002229020383818013,0.0016814607457204694,5.475595122943185E-4,"{""type"":""MultiPoint"",""coordinates"":[]}"
20170909,2017-09-09,0.0027591763246222153,0.0018036480322732513,9.555282825946023E-4,"{""type"":""MultiPoint"",""coordinates"":[]}"
20170910,2017-09-10,0.0026381446652329436,0.0019310597345707852,7.07085043605753E-4,"{""type"":""MultiPoint"",""coordinates"":[]}"
20170911,2017-09-11,0.00241589067440133,0.0017949365879463427,6.209538484608819E-4,"{""type"":""MultiPoint"",""coordinates"":[]}"
20170912,2017-09-12,0.002385607683100762,0.0017510237775223787,6.345838117064294E-4,"{""type"":""MultiPoint"",""coordinates"":[]}"
20170913,2017-09-13,0.0023558771078462776,0.0017694485651621463,5.864285364731021E-4,"{""type"":""MultiPoint"",""coordinates"":[]}"
20170914,2017-09-14,0.002041285409706621,0.0016149460600793878,4.2633932106032934E-4,"{""type"":""MultiPoint"",""coordinates"":[]}"
20170915,2017-09-15,0.0018464179750365714,0.0015254281610073916,3.2098960486550657E-4,"{""type"":""MultiPoint"",""coordinates"":[]}"
20170916,2017-09-16,0.0022648314615216704,0.0016590800122777518,6.057511804749072E-4,"{""type"":""MultiPoint"",""coordinates"":[]}"
20170917,2017-09-17,0.003305033057743417,0.0020969003567099347,0.0012081326543177658,"{""type"":""MultiPoint"",""coordinates"":[]}"
20170918,2017-09-18,0.002807328212846611,0.001961466468828826,8.458613942079347E-4,"{""type"":""MultiPoint"",""coordinates"":[]}"
20170919,2017-09-19,0.0032711151673874865,0.00208487529377035,0.0011862399758491252,"{""type"":""MultiPoint"",""coordinates"":[]}"
20170920,2017-09-20,0.0032705864175466832,0.002078413622624208,0.0011921729183141533,"{""type"":""MultiPoint"",""coordinates"":[]}"
20170921,2017-09-21,0.0030379543017002874,0.0019346683780054402,0.001103285805512709,"{""type"":""MultiPoint"",""coordinates"":[]}"
20170922,2017-09-22,0.0028182851497358104,0.0018438992354527382,9.743855196341366E-4,"{""type"":""MultiPoint"",""coordinates"":[]}"
20170923,2017-09-23,0.002392973630624648,0.0016979018356020074,6.950718791785798E-4,"{""type"":""MultiPoint"",""coordinates"":[]}"
20170924,2017-09-24,0.0019551745388022013,0.0015591588063591669,3.9601580111097844E-4,"{""type"":""MultiPoint"",""coordinates"":[]}"
20170925,2017-09-25,0.0018005768010180372,0.0014923349829565587,3.082414688750413E-4,"{""type"":""MultiPoint"",""coordinates"":[]}"
20170926,2017-09-26,0.0018840631156645002,0.0014887562666189805,3.9530683812299565E-4,"{""type"":""MultiPoint"",""coordinates"":[]}"
20170927,2017-09-27,0.0019550359452483864,0.0015041799281553594,4.5085593987772725E-4,"{""type"":""MultiPoint"",""coordinates"":[]}"
20170928,2017-09-28,0.0021167801119248188,0.0015453407165743798,5.714394430956734E-4,"{""type"":""MultiPoint"",""coordinates"":[]}"
20170929,2017-09-29,0.0025231641493562843,0.0016961153904706983,8.270477143514037E-4,"{""type"":""MultiPoint"",""coordinates"":[]}"
20170930,2017-09-30,0.002725546493792505,0.0017427369534869508,9.828096607886203E-4,"{""type"":""MultiPoint"",""coordinates"":[]}"
20171001,2017-10-01,0.0024070801095179917,0.0016980305911335628,7.09049598583069E-4,"{""type"":""MultiPoint"",""coordinates"":[]}"
20171002,2017-10-02,0.0023310320560376865,0.0016600364694566465,6.709954999466837E-4,"{""type"":""MultiPoint"",""coordinates"":[]}"
20171003,2017-10-03,0.0021027882378646663,0.001639014531670069,4.6377135765975465E-4,"{""type"":""MultiPoint"",""coordinates"":[]}"
20171004,2017-10-04,0.0019483588703721572,0.0015527545694708131,3.956042715561559E-4,"{""type"":""MultiPoint"",""coordinates"":[]}"
20171005,2017-10-05,0.0017489767241715226,0.0014635726936713383,2.854035843979811E-4,"{""type"":""MultiPoint"",""coordinates"":[]}"
20171006,2017-10-06,0.0018517021971594454,0.001443819914360506,4.078814738600944E-4,"{""type"":""MultiPoint"",""coordinates"":[]}"
20171007,2017-10-07,0.0017342158619230977,0.0013941233941814693,3.400917971799886E-4,"{""type"":""MultiPoint"",""coordinates"":[]}"
20171008,2017-10-08,0.001719424991916802,0.0013834084071194675,3.3601666073876667E-4,"{""type"":""MultiPoint"",""coordinates"":[]}"
20171009,2017-10-09,0.0019412670298848318,0.00146233992355447,4.7892661935375206E-4,"{""type"":""MultiPoint"",""coordinates"":[]}"
20171010,2017-10-10,0.0018271475989806107,0.0013841149390868065,4.430323679857202E-4,"{""type"":""MultiPoint"",""coordinates"":[]}"
20171011,2017-10-11,0.0016863134332196883,0.0013211369183082494,3.651764069546613E-4,"{""type"":""MultiPoint"",""coordinates"":[]}"
20171012,2017-10-12,0.0017131592500460148,0.0013676691102444388,3.454898349168476E-4,"{""type"":""MultiPoint"",""coordinates"":[]}"
20171013,2017-10-13,0.0016603483496261259,0.001279894278163412,3.8045367406397504E-4,"{""type"":""MultiPoint"",""coordinates"":[]}"
20171014,2017-10-14,0.0019209624002867233,0.0012866529433368014,6.343087767293017E-4,"{""type"":""MultiPoint"",""coordinates"":[]}"
20171015,2017-10-15,0.0016395467134591821,0.0012242003870041012,4.1534621870873074E-4,"{""type"":""MultiPoint"",""coordinates"":[]}"
20171016,2017-10-16,0.001273652329590731,0.001166521212315666,1.0713024326667193E-4,"{""type"":""MultiPoint"",""coordinates"":[]}"
20171017,2017-10-17,0.0013471653227514185,0.001174599979281284,1.725646770422988E-4,"{""type"":""MultiPoint"",""coordinates"":[]}"
20171018,2017-10-18,0.0014644164885054913,0.0012246668299281237,2.397486655682363E-4,"{""type"":""MultiPoint"",""coordinates"":[]}"
20171019,2017-10-19,0.0015144242326043343,0.0011860569223836163,3.2836583675869543E-4,"{""type"":""MultiPoint"",""coordinates"":[]}"
20171020,2017-10-20,0.0023320878541055303,0.0014174737609095693,9.146142281891285E-4,"{""type"":""MultiPoint"",""coordinates"":[]}"
20171021,2017-10-21,0.00315449449744674,0.0016969845103522042,0.0014575098243717465,"{""type"":""MultiPoint"",""coordinates"":[]}"
20171022,2017-10-22,0.0017767248459623136,0.001438104652883764,3.386202929899479E-4,"{""type"":""MultiPoint"",""coordinates"":[]}"
20171023,2017-10-23,0.0013603809234248357,0.0011969160133934917,1.6346409847249046E-4,"{""type"":""MultiPoint"",""coordinates"":[]}"
20171024,2017-10-24,0.0012902549835266815,0.0011618949830058782,1.2835905806128482E-4,"{""type"":""MultiPoint"",""coordinates"":[]}"
20171025,2017-10-25,0.0012185097494087642,0.0011256801672399422,9.282965485060721E-5,"{""type"":""MultiPoint"",""coordinates"":[]}"
20171026,2017-10-26,0.0011571070482688415,0.0010869958592940817,7.011111117291902E-5,"{""type"":""MultiPoint"",""coordinates"":[]}"
20171027,2017-10-27,0.001134527300646277,0.0010589338768707123,7.559251181267833E-5,"{""type"":""MultiPoint"",""coordinates"":[]}"
20171028,2017-10-28,0.0010794461320011068,0.0010136567919758,6.578870728098965E-5,"{""type"":""MultiPoint"",""coordinates"":[]}"
20171029,2017-10-29,0.0010850557810907161,9.914696271819238E-4,9.35852686209358E-5,"{""type"":""MultiPoint"",""coordinates"":[]}"
20171030,2017-10-30,0.0012348844434803446,0.001003567852174357,2.3131636560414905E-4,"{""type"":""MultiPoint"",""coordinates"":[]}"
20171031,2017-10-31,0.001133713403139718,9.79000085355254E-4,1.5471344343724554E-4,"{""type"":""MultiPoint"",""coordinates"":[]}"
20171101,2017-11-01,0.0010183618261277786,9.149329628868174E-4,1.0342704205565525E-4,"{""type"":""MultiPoint"",""coordinates"":[]}"
20171102,2017-11-02,9.874359608917607E-4,9.009754386505665E-4,8.645961260086944E-5,"{""type"":""MultiPoint"",""coordinates"":[]}"
20171103,2017-11-03,9.612753078191131E-4,8.711761409523781E-4,9.009915798948103E-5,"{""type"":""MultiPoint"",""coordinates"":[]}"
20171104,2017-11-04,0.001061475349313554,8.988232222193594E-4,1.6265231970053194E-4,"{""type"":""MultiPoint"",""coordinates"":[]}"
20171105,2017-11-05,0.001046589446291476,9.044546200277398E-4,1.4213497973610895E-4,"{""type"":""MultiPoint"",""coordinates"":[]}"
20171106,2017-11-06,8.958025888523693E-4,8.121435631628942E-4,8.365760530021764E-5,"{""type"":""MultiPoint"",""coordinates"":[]}"
20171107,2017-11-07,8.473288755089745E-4,8.020059433707552E-4,4.532140367222238E-5,"{""type"":""MultiPoint"",""coordinates"":[]}"
20171108,2017-11-08,8.068835630668516E-4,7.583643540751881E-4,4.8519160346216306E-5,"{""type"":""MultiPoint"",""coordinates"":[]}"
20171109,2017-11-09,7.660904429112397E-4,7.327875358755179E-4,3.330140265866731E-5,"{""type"":""MultiPoint"",""coordinates"":[]}"
20171110,2017-11-10,7.5571864634261E-4,7.091100740906537E-4,4.660851089093334E-5,"{""type"":""MultiPoint"",""coordinates"":[]}"
20171111,2017-11-11,7.071076112075082E-4,6.801004136910476E-4,2.7005557934827214E-5,"{""type"":""MultiPoint"",""coordinates"":[]}"
20171112,2017-11-12,6.759861654391017E-4,6.578409535408802E-4,1.8142986640499857E-5,"{""type"":""MultiPoint"",""coordinates"":[]}"
20171113,2017-11-13,6.918237744951468E-4,6.447962231849793E-4,4.702766952770696E-5,"{""type"":""MultiPoint"",""coordinates"":[]}"
20171114,2017-11-14,6.592474077173869E-4,6.192035637840121E-4,4.0043790201303096E-5,"{""type"":""MultiPoint"",""coordinates"":[]}"
20171115,2017-11-15,0.0011491063532104427,7.080103650564314E-4,4.4109485115449004E-4,"{""type"":""MultiPoint"",""coordinates"":[]}"
20171116,2017-11-16,8.963044704981316E-4,6.398776380876265E-4,2.5642645777521696E-4,"{""type"":""MultiPoint"",""coordinates"":[]}"
20171117,2017-11-17,6.580179698006612E-4,5.962682927139518E-4,6.174898602960572E-5,"{""type"":""MultiPoint"",""coordinates"":[]}"
20171118,2017-11-18,5.809697558126705E-4,5.599404763246097E-4,2.102935800574526E-5,"{""type"":""MultiPoint"",""coordinates"":[]}"
20171119,2017-11-19,5.783751107955512E-4,5.462038926667833E-4,3.2170656995909565E-5,"{""type"":""MultiPoint"",""coordinates"":[]}"
20171120,2017-11-20,5.707124581126262E-4,5.33214379242268E-4,3.749809810375398E-5,"{""type"":""MultiPoint"",""coordinates"":[]}"
20171121,2017-11-21,5.49439444888076E-4,5.200518110200688E-4,2.9387089841661652E-5,"{""type"":""MultiPoint"",""coordinates"":[]}"
20171122,2017-11-22,5.559004158353514E-4,5.090621673881754E-4,4.6838148573145E-5,"{""type"":""MultiPoint"",""coordinates"":[]}"
20171123,2017-11-23,6.375529894652051E-4,5.163937261297136E-4,1.2115704523817798E-4,"{""type"":""MultiPoint"",""coordinates"":[]}"
20171124,2017-11-24,5.362623835737291E-4,4.976325782529472E-4,3.8628471157809806E-5,"{""type"":""MultiPoint"",""coordinates"":[]}"
20171125,2017-11-25,5.412710993931058E-4,4.864488047080822E-4,5.48210435776771E-5,"{""type"":""MultiPoint"",""coordinates"":[]}"
20171126,2017-11-26,5.295449198340088E-4,4.810726577693351E-4,4.8472119731642474E-5,"{""type"":""MultiPoint"",""coordinates"":[]}"
20171127,2017-11-27,5.008658363401135E-4,4.610370504760198E-4,3.982789814059684E-5,"{""type"":""MultiPoint"",""coordinates"":[]}"
20171128,2017-11-28,4.981056583918933E-4,4.5216238454222964E-4,4.594356182994763E-5,"{""type"":""MultiPoint"",""coordinates"":[]}"
20171129,2017-11-29,5.404187228756995E-4,4.6819243609440763E-4,7.222499366578903E-5,"{""type"":""MultiPoint"",""coordinates"":[]}"
20171130,2017-11-30,6.931931935480402E-4,5.141592789587544E-4,1.7903217276484586E-4,"{""type"":""MultiPoint"",""coordinates"":[]}"
20171201,2017-12-01,6.594173286239267E-4,5.094125089462485E-4,1.5000502586342141E-4,"{""type"":""MultiPoint"",""coordinates"":[]}"
20171202,2017-12-02,5.227162640187871E-4,4.430504139802483E-4,7.966580226970509E-5,"{""type"":""MultiPoint"",""coordinates"":[]}"
20171203,2017-12-03,4.5934104869054454E-4,4.2543160873125186E-4,3.3906125544140646E-5,"{""type"":""MultiPoint"",""coordinates"":[]}"
20171204,2017-12-04,4.372592508598669E-4,4.112036897492347E-4,2.6054621036112925E-5,"{""type"":""MultiPoint"",""coordinates"":[]}"
20171205,2017-12-05,4.6201999586205947E-4,4.040023244632479E-4,5.801681112616975E-5,"{""type"":""MultiPoint"",""coordinates"":[]}"
20171206,2017-12-06,4.2558258000255887E-4,3.9429609786391097E-4,3.128497981374604E-5,"{""type"":""MultiPoint"",""coordinates"":[]}"
20171207,2017-12-07,4.049831100509946E-4,3.8458183328416074E-4,2.0399064707981526E-5,"{""type"":""MultiPoint"",""coordinates"":[]}"
20171208,2017-12-08,4.612956338747131E-4,3.790759028276746E-4,8.221812163607405E-5,"{""type"":""MultiPoint"",""coordinates"":[]}"
20171209,2017-12-09,5.070550938204332E-4,3.819000632253202E-4,1.251550821122954E-4,"{""type"":""MultiPoint"",""coordinates"":[]}"
20171210,2017-12-10,4.7222320714191687E-4,3.790633314998937E-4,9.315899485769193E-5,"{""type"":""MultiPoint"",""coordinates"":[]}"
20171211,2017-12-11,4.0446220696384343E-4,3.573263053999707E-4,4.7134969243676204E-5,"{""type"":""MultiPoint"",""coordinates"":[]}"
20171212,2017-12-12,3.882879088947691E-4,3.491712248002576E-4,3.911489734986468E-5,"{""type"":""MultiPoint"",""coordinates"":[]}"
20171213,2017-12-13,3.6619980081100187E-4,3.4153963861908955E-4,2.4659655235578386E-5,"{""type"":""MultiPoint"",""coordinates"":[]}"
20171214,2017-12-14,3.6629574872384523E-4,3.3799651486452327E-4,2.8296968277841385E-5,"{""type"":""MultiPoint"",""coordinates"":[]}"
20171215,2017-12-15,3.4321621595764665E-4,3.2959153256204634E-4,1.3624518242577011E-5,"{""type"":""MultiPoint"",""coordinates"":[]}"
20171216,2017-12-16,3.3705536954571044E-4,3.239697283760976E-4,1.3083590038532664E-5,"{""type"":""MultiPoint"",""coordinates"":[]}"
20171217,2017-12-17,3.2882135967867733E-4,3.18119250788414E-4,1.070193239976223E-5,"{""type"":""MultiPoint"",""coordinates"":[]}"
20171218,2017-12-18,3.217834859111818E-4,3.1251764629635346E-4,9.264921175912864E-6,"{""type"":""MultiPoint"",""coordinates"":[]}"
20171219,2017-12-19,3.183371745786589E-4,3.0678993121132525E-4,1.1546396179006272E-5,"{""type"":""MultiPoint"",""coordinates"":[]}"
20171220,2017-12-20,3.41625367129421E-4,3.079680678393243E-4,3.365731871720369E-5,"{""type"":""MultiPoint"",""coordinates"":[]}"
20171221,2017-12-21,3.1146844431681047E-4,2.967650613240631E-4,1.4703364281484776E-5,"{""type"":""MultiPoint"",""coordinates"":[]}"
20171222,2017-12-22,3.0543493650593773E-4,2.911389819922079E-4,1.4290804463149182E-5,"{""type"":""MultiPoint"",""coordinates"":[]}"
20171223,2017-12-23,2.991888463527666E-4,2.863404228180846E-4,1.2845284338620596E-5,"{""type"":""MultiPoint"",""coordinates"":[]}"
20171224,2017-12-24,2.911521572805856E-4,2.817418526005464E-4,9.410177757324064E-6,"{""type"":""MultiPoint"",""coordinates"":[]}"
20171225,2017-12-25,2.856702691047159E-4,2.7681635425756896E-4,8.854055533146865E-6,"{""type"":""MultiPoint"",""coordinates"":[]}"
20171226,2017-12-26,2.836150762740137E-4,2.7211749242936665E-4,1.1496324861048204E-5,"{""type"":""MultiPoint"",""coordinates"":[]}"
20171227,2017-12-27,2.817882709242903E-4,2.6853953228874914E-4,1.3245293406746037E-5,"{""type"":""MultiPoint"",""coordinates"":[]}"
20171228,2017-12-28,2.699287402383101E-4,2.63074217379419E-4,6.854267547848191E-6,"{""type"":""MultiPoint"",""coordinates"":[]}"
20171229,2017-12-29,2.6374052878580897E-4,2.585766772892342E-4,5.163686275211858E-6,"{""type"":""MultiPoint"",""coordinates"":[]}"
20171230,2017-12-30,2.60932989350772E-4,2.542627835590695E-4,6.668558773844237E-6,"{""type"":""MultiPoint"",""coordinates"":[]}"
20171231,2017-12-31,2.6253438776316785E-4,2.50100397606751E-4,1.2433789618271165E-5,"{""type"":""MultiPoint"",""coordinates"":[]}"
20180101,2018-01-01,3.1772691978496044E-4,2.540019564087029E-4,6.372406886649899E-5,"{""type"":""MultiPoint"",""coordinates"":[]}"
20180102,2018-01-02,4.0426399603738736E-4,2.9151505691545564E-4,1.1274873176015845E-4,"{""type"":""MultiPoint"",""coordinates"":[]}"
20180103,2018-01-03,3.093922381197576E-4,2.616088743172745E-4,4.778142083319941E-5,"{""type"":""MultiPoint"",""coordinates"":[]}"
20180104,2018-01-04,2.4771589527936477E-4,2.3579301453477978E-4,1.192118149763281E-5,"{""type"":""MultiPoint"",""coordinates"":[]}"
20180105,2018-01-05,2.420044832483763E-4,2.3184554370218028E-4,1.0159893068851759E-5,"{""type"":""MultiPoint"",""coordinates"":[]}"
20180106,2018-01-06,2.4377628227879294E-4,2.2847419938971383E-4,1.5300529930492956E-5,"{""type"":""MultiPoint"",""coordinates"":[]}"
20180107,2018-01-07,2.3800134283388487E-4,2.2573436034396946E-4,1.2266387819560334E-5,"{""type"":""MultiPoint"",""coordinates"":[]}"
20180108,2018-01-08,2.3113261924570988E-4,2.216861103980277E-4,9.446842452708831E-6,"{""type"":""MultiPoint"",""coordinates"":[]}"
20180109,2018-01-09,2.3309265122835887E-4,2.1838649305664677E-4,1.470534687736606E-5,"{""type"":""MultiPoint"",""coordinates"":[]}"
20180110,2018-01-10,2.3060718753251878E-4,2.1518128101238973E-4,1.5424009737053957E-5,"{""type"":""MultiPoint"",""coordinates"":[]}"
20180111,2018-01-11,2.3161401247687473E-4,2.1201239545516037E-4,1.960073491385834E-5,"{""type"":""MultiPoint"",""coordinates"":[]}"
20180112,2018-01-12,2.2723045758691777E-4,2.089436206674727E-4,1.8286184785385805E-5,"{""type"":""MultiPoint"",""coordinates"":[]}"
20180113,2018-01-13,2.2800463358950093E-4,2.0609821243942886E-4,2.1905677031017015E-5,"{""type"":""MultiPoint"",""coordinates"":[]}"
20180114,2018-01-14,2.2183895779469962E-4,2.034891256187275E-4,1.8349723770809006E-5,"{""type"":""MultiPoint"",""coordinates"":[]}"
20180115,2018-01-15,2.162511973069971E-4,2.0074725994973397E-4,1.5501318280514404E-5,"{""type"":""MultiPoint"",""coordinates"":[]}"
20180116,2018-01-16,2.0823732557671495E-4,1.979710763374711E-4,1.0265424808468332E-5,"{""type"":""MultiPoint"",""coordinates"":[]}"
20180117,2018-01-17,2.070279283455107E-4,1.9527156966842274E-4,1.1756435202110642E-5,"{""type"":""MultiPoint"",""coordinates"":[]}"
20180118,2018-01-18,2.0449330512547025E-4,1.9265275576312043E-4,1.1839752691678241E-5,"{""type"":""MultiPoint"",""coordinates"":[]}"
20180119,2018-01-19,2.0644954843586496E-4,1.89986795630168E-4,1.6461041647510368E-5,"{""type"":""MultiPoint"",""coordinates"":[]}"
20180120,2018-01-20,2.0329553392078333E-4,1.8756256777365866E-4,1.5732855993157843E-5,"{""type"":""MultiPoint"",""coordinates"":[]}"
20180121,2018-01-21,1.97445524941621E-4,1.8503174182927775E-4,1.2413636679923829E-5,"{""type"":""MultiPoint"",""coordinates"":[]}"
20180122,2018-01-22,1.9789325632333475E-4,1.8251276683496845E-4,1.537959550762458E-5,"{""type"":""MultiPoint"",""coordinates"":[]}"
20180123,2018-01-23,2.0386877493049866E-4,1.8003635486652414E-4,2.3832174273757834E-5,"{""type"":""MultiPoint"",""coordinates"":[]}"
20180124,2018-01-24,2.0464198979819014E-4,1.7783830911958094E-4,2.68021440123608E-5,"{""type"":""MultiPoint"",""coordinates"":[]}"
20180125,2018-01-25,1.9903086273713246E-4,1.7576469979188272E-4,2.3264574495344068E-5,"{""type"":""MultiPoint"",""coordinates"":[]}"
20180126,2018-01-26,1.9181211835201374E-4,1.736668228303097E-4,1.8145464900961393E-5,"{""type"":""MultiPoint"",""coordinates"":[]}"
20180127,2018-01-27,1.9312176162027088E-4,1.7165050954052395E-4,2.1471005639567214E-5,"{""type"":""MultiPoint"",""coordinates"":[]}"
20180128,2018-01-28,1.8304419392075922E-4,1.692386107078775E-4,1.3805063009496938E-5,"{""type"":""MultiPoint"",""coordinates"":[]}"
20180129,2018-01-29,1.8535801668592632E-4,1.670556149007075E-4,1.8302416036221392E-5,"{""type"":""MultiPoint"",""coordinates"":[]}"
20180130,2018-01-30,1.851551880373768E-4,1.6533976868016541E-4,1.9813689619033074E-5,"{""type"":""MultiPoint"",""coordinates"":[]}"
20180131,2018-01-31,2.0909248886671365E-4,1.656825345786187E-4,4.3408378005574035E-5,"{""type"":""MultiPoint"",""coordinates"":[]}"
20180201,2018-02-01,1.846253850412894E-4,1.613286863617773E-4,2.3294920846043637E-5,"{""type"":""MultiPoint"",""coordinates"":[]}"
20180202,2018-02-02,1.9362105006046467E-4,1.597654970559963E-4,3.3853184192454084E-5,"{""type"":""MultiPoint"",""coordinates"":[]}"
20180203,2018-02-03,2.0997195976822365E-4,1.5980142540877347E-4,5.0170694389959306E-5,"{""type"":""MultiPoint"",""coordinates"":[]}"
20180204,2018-02-04,2.1907936030565592E-4,1.611390911069147E-4,5.794008865949272E-5,"{""type"":""MultiPoint"",""coordinates"":[]}"
20180205,2018-02-05,1.848967806419586E-4,1.5720361266507183E-4,2.769140620173116E-5,"{""type"":""MultiPoint"",""coordinates"":[]}"
20180206,2018-02-06,1.9353015963404158E-4,1.5575798686601094E-4,3.777145979409789E-5,"{""type"":""MultiPoint"",""coordinates"":[]}"
20180207,2018-02-07,2.2104722762778065E-4,1.5747409880142706E-4,6.35729025173253E-5,"{""type"":""MultiPoint"",""coordinates"":[]}"
20180208,2018-02-08,2.423826443933268E-4,1.593013280744749E-4,8.308135956695233E-5,"{""type"":""MultiPoint"",""coordinates"":[]}"
20180209,2018-02-09,2.1618294803581214E-4,1.5748295458515777E-4,5.869993524750673E-5,"{""type"":""MultiPoint"",""coordinates"":[]}"
20180210,2018-02-10,1.829187891177169E-4,1.533744889825816E-4,2.9544250152887927E-5,"{""type"":""MultiPoint"",""coordinates"":[]}"
20180211,2018-02-11,1.764639375261735E-4,1.5068978104607625E-4,2.5773371079546613E-5,"{""type"":""MultiPoint"",""coordinates"":[]}"
20180212,2018-02-12,1.9923623249392026E-4,1.5097795016135674E-4,4.82573829249753E-5,"{""type"":""MultiPoint"",""coordinates"":[]}"
20180213,2018-02-13,1.729794152330196E-4,1.4641524267148122E-4,2.656322069476385E-5,"{""type"":""MultiPoint"",""coordinates"":[]}"
20180214,2018-02-14,2.0230062230229128E-4,1.4604796269700724E-4,5.62521089013317E-5,"{""type"":""MultiPoint"",""coordinates"":[]}"
20180215,2018-02-15,1.7099054883094547E-4,1.4312655914954102E-4,2.786443590652022E-5,"{""type"":""MultiPoint"",""coordinates"":[]}"
20180216,2018-02-16,1.6665778492130258E-4,1.4146363211163982E-4,2.5192339768066623E-5,"{""type"":""MultiPoint"",""coordinates"":[]}"
20180217,2018-02-17,1.787122960468941E-4,1.4040815297352698E-4,3.8304255455988846E-5,"{""type"":""MultiPoint"",""coordinates"":[]}"
20180218,2018-02-18,1.9733677290954715E-4,1.4032849161441669E-4,5.700781903579305E-5,"{""type"":""MultiPoint"",""coordinates"":[]}"
20180219,2018-02-19,1.8644626931871343E-4,1.3969989241896638E-4,4.6746886935784205E-5,"{""type"":""MultiPoint"",""coordinates"":[]}"
20180220,2018-02-20,1.7617885118997566E-4,1.382421347073793E-4,3.7934748108710146E-5,"{""type"":""MultiPoint"",""coordinates"":[]}"
20180221,2018-02-21,1.8207484602269272E-4,1.3774162280784608E-4,4.433182496513657E-5,"{""type"":""MultiPoint"",""coordinates"":[]}"
20180222,2018-02-22,1.868244369888592E-4,1.361169831474357E-4,5.0705695996036245E-5,"{""type"":""MultiPoint"",""coordinates"":[]}"
20180223,2018-02-23,1.9179329584254745E-4,1.3567598040712555E-4,5.611595754241154E-5,"{""type"":""MultiPoint"",""coordinates"":[]}"
20180224,2018-02-24,1.9163261702043514E-4,1.3643080485106833E-4,5.520167871899814E-5,"{""type"":""MultiPoint"",""coordinates"":[]}"
20180225,2018-02-25,1.8803637306670585E-4,1.3469325645981746E-4,5.33429810896179E-5,"{""type"":""MultiPoint"",""coordinates"":[]}"
20180226,2018-02-26,2.0513931340143614E-4,1.3584245870045485E-4,6.929613656569404E-5,"{""type"":""MultiPoint"",""coordinates"":[]}"
20180227,2018-02-27,1.9176045208009598E-4,1.3462617560122483E-4,5.713339992913218E-5,"{""type"":""MultiPoint"",""coordinates"":[]}"
20180228,2018-02-28,1.8378507010914183E-4,1.3417903465896155E-4,4.96047017481311E-5,"{""type"":""MultiPoint"",""coordinates"":[]}"
20180301,2018-03-01,2.1467229396354264E-4,1.3141731234941434E-4,8.32546314866703E-5,"{""type"":""MultiPoint"",""coordinates"":[]}"
20180302,2018-03-02,3.0010412457038714E-4,1.396980659031767E-4,1.6040521593226002E-4,"{""type"":""MultiPoint"",""coordinates"":[]}"
20180303,2018-03-03,2.9692021360923956E-4,1.4831704814905467E-4,1.4860209579180882E-4,"{""type"":""MultiPoint"",""coordinates"":[]}"
20180304,2018-03-04,2.800095531220887E-4,1.4740152840088345E-4,1.3260790582174647E-4,"{""type"":""MultiPoint"",""coordinates"":[]}"
20180305,2018-03-05,3.691099056222096E-4,1.5818424457640933E-4,2.1092517393496766E-4,"{""type"":""MultiPoint"",""coordinates"":[]}"
20180306,2018-03-06,3.510603350873719E-4,1.6240655465781493E-4,1.8865378016750726E-4,"{""type"":""MultiPoint"",""coordinates"":[]}"
20180307,2018-03-07,1.9307868305580816E-4,1.4474468925325246E-4,4.8333852063930574E-5,"{""type"":""MultiPoint"",""coordinates"":[]}"
20180308,2018-03-08,1.8291092722612498E-4,1.3888985783530743E-4,4.40203932981018E-5,"{""type"":""MultiPoint"",""coordinates"":[]}"
20180309,2018-03-09,1.8502381296200472E-4,1.3547593930945246E-4,4.9547268623597404E-5,"{""type"":""MultiPoint"",""coordinates"":[]}"
20180310,2018-03-10,2.0951478597288796E-4,1.3494854203757031E-4,7.45661222506548E-5,"{""type"":""MultiPoint"",""coordinates"":[]}"
20180311,2018-03-11,1.9802024217643977E-4,1.3177684236849853E-4,6.62427732190965E-5,"{""type"":""MultiPoint"",""coordinates"":[]}"
20180312,2018-03-12,2.321283347395307E-4,1.3454043905878696E-4,9.758781658684378E-5,"{""type"":""MultiPoint"",""coordinates"":[]}"
20180313,2018-03-13,2.30792975916165E-4,1.3166111348686342E-4,9.91302562165289E-5,"{""type"":""MultiPoint"",""coordinates"":[]}"
20180314,2018-03-14,2.1383757547277778E-4,1.3053867346584137E-4,8.329886780423539E-5,"{""type"":""MultiPoint"",""coordinates"":[]}"
20180315,2018-03-15,2.551283230583319E-4,1.339089349862857E-4,1.212182513601414E-4,"{""type"":""MultiPoint"",""coordinates"":[]}"
20180316,2018-03-16,3.7992970640358714E-4,1.535039286335497E-4,2.264257068965458E-4,"{""type"":""MultiPoint"",""coordinates"":[]}"
20180317,2018-03-17,3.544227485739057E-4,1.5143477579387309E-4,2.0298809389241406E-4,"{""type"":""MultiPoint"",""coordinates"":[]}"
20180318,2018-03-18,2.2754278164911936E-4,1.4195521178403433E-4,8.558668298624524E-5,"{""type"":""MultiPoint"",""coordinates"":[]}"
20180319,2018-03-19,1.7668790639889105E-4,1.3429164460032004E-4,4.239397694583741E-5,"{""type"":""MultiPoint"",""coordinates"":[]}"
20180320,2018-03-20,1.852356746517614E-4,1.3115675269074987E-4,5.407880514664567E-5,"{""type"":""MultiPoint"",""coordinates"":[]}"
20180321,2018-03-21,1.9371014485761157E-4,1.286709458543079E-4,6.503862690465655E-5,"{""type"":""MultiPoint"",""coordinates"":[]}"
20180322,2018-03-22,2.393018784774427E-4,1.287887315583772E-4,1.1051302436221333E-4,"{""type"":""MultiPoint"",""coordinates"":[]}"
20180323,2018-03-23,2.5161058826036955E-4,1.2963928471491993E-4,1.2197132745494057E-4,"{""type"":""MultiPoint"",""coordinates"":[]}"
20180324,2018-03-24,2.0822235491865232E-4,1.278361111081848E-4,8.03853112237962E-5,"{""type"":""MultiPoint"",""coordinates"":[]}"
20180325,2018-03-25,2.2182015041629147E-4,1.2967320028443033E-4,9.214599447396395E-5,"{""type"":""MultiPoint"",""coordinates"":[]}"
20180326,2018-03-26,2.9130387136364614E-4,1.364189152581928E-4,1.5488440954612134E-4,"{""type"":""MultiPoint"",""coordinates"":[]}"
20180327,2018-03-27,2.0706898132755026E-4,1.3282151363641685E-4,7.424641407221968E-5,"{""type"":""MultiPoint"",""coordinates"":[]}"
20180328,2018-03-28,2.0734447669869016E-4,1.2824036378623183E-4,7.910399386943733E-5,"{""type"":""MultiPoint"",""coordinates"":[]}"
20180329,2018-03-29,2.62259043690811E-4,1.303559212502828E-4,1.3190262547405556E-4,"{""type"":""MultiPoint"",""coordinates"":[]}"
20180330,2018-03-30,2.7663463129567144E-4,1.323696743341296E-4,1.4426364185497168E-4,"{""type"":""MultiPoint"",""coordinates"":[]}"
20180331,2018-03-31,2.3878709765758326E-4,1.3105067993713517E-4,1.0773554383496714E-4,"{""type"":""MultiPoint"",""coordinates"":[]}"
20180401,2018-04-01,2.214487258180049E-4,1.2678530171329004E-4,9.466338323374817E-5,"{""type"":""MultiPoint"",""coordinates"":[]}"
20180402,2018-04-02,2.2644729033053244E-4,1.2389172248484414E-4,1.0255504787731291E-4,"{""type"":""MultiPoint"",""coordinates"":[]}"
20180403,2018-04-03,2.4293746113648117E-4,1.2173512078080467E-4,1.2120229287052606E-4,"{""type"":""MultiPoint"",""coordinates"":[]}"
20180404,2018-04-04,2.3629207762073198E-4,1.1993063721115412E-4,1.1636096144933992E-4,"{""type"":""MultiPoint"",""coordinates"":[]}"
20180405,2018-04-05,2.6314338694550295E-4,1.1922343702735333E-4,1.4391937092507752E-4,"{""type"":""MultiPoint"",""coordinates"":[]}"
20180406,2018-04-06,2.7807682102490793E-4,1.1966041627048957E-4,1.5841632819793092E-4,"{""type"":""MultiPoint"",""coordinates"":[]}"
20180407,2018-04-07,3.172725980692333E-4,1.1944367299188232E-4,1.978287934741161E-4,"{""type"":""MultiPoint"",""coordinates"":[]}"
20180408,2018-04-08,3.5634310265909505E-4,1.227794083011707E-4,2.33563397293892E-4,"{""type"":""MultiPoint"",""coordinates"":[]}"
20180409,2018-04-09,3.700095317698778E-4,1.231540782646523E-4,2.4685547255523565E-4,"{""type"":""MultiPoint"",""coordinates"":[]}"
20180410,2018-04-10,3.858135486129695E-4,1.266809736037354E-4,2.591323099988961E-4,"{""type"":""MultiPoint"",""coordinates"":[]}"
20180411,2018-04-11,4.1883777865985423E-4,1.3688352201727839E-4,2.8195397048877603E-4,"{""type"":""MultiPoint"",""coordinates"":[]}"
20180412,2018-04-12,5.580756185486702E-4,1.6364353096748875E-4,3.944318078852203E-4,"{""type"":""MultiPoint"",""coordinates"":[]}"
20180413,2018-04-13,5.897257874150012E-4,1.7094267011769204E-4,4.1878254390070245E-4,"{""type"":""MultiPoint"",""coordinates"":[]}"
20180414,2018-04-14,4.4562507289299996E-4,1.7408477512851475E-4,2.7154026447871304E-4,"{""type"":""MultiPoint"",""coordinates"":[]}"
20180415,2018-04-15,3.287655315613874E-4,1.5980979910487267E-4,1.6895479232643864E-4,"{""type"":""MultiPoint"",""coordinates"":[]}"
20180416,2018-04-16,2.8037264101267407E-4,1.4379218375800104E-4,1.365803964998548E-4,"{""type"":""MultiPoint"",""coordinates"":[]}"
20180417,2018-04-17,3.1930286603996965E-4,1.4418808886531236E-4,1.751140100355084E-4,"{""type"":""MultiPoint"",""coordinates"":[]}"
20180418,2018-04-18,3.3708570928566714E-4,1.4687782705125114E-4,1.90207937133176E-4,"{""type"":""MultiPoint"",""coordinates"":[]}"
20180419,2018-04-19,3.822827113495193E-4,1.4877402274156922E-4,2.335082111167654E-4,"{""type"":""MultiPoint"",""coordinates"":[]}"
20180420,2018-04-20,5.645152757680587E-4,1.9840151916057677E-4,3.6611363169168626E-4,"{""type"":""MultiPoint"",""coordinates"":[]}"
20180421,2018-04-21,5.389225197404168E-4,1.9407961434676218E-4,3.448412780919937E-4,"{""type"":""MultiPoint"",""coordinates"":[]}"
20180422,2018-04-22,4.69590752886488E-4,1.6652704909774475E-4,3.030635941347851E-4,"{""type"":""MultiPoint"",""coordinates"":[]}"
20180423,2018-04-23,3.9502787390659314E-4,1.6551168690311647E-4,2.2951622983416578E-4,"{""type"":""MultiPoint"",""coordinates"":[]}"
20180424,2018-04-24,3.1996102232856484E-4,1.6173301458252782E-4,1.5822687413350188E-4,"{""type"":""MultiPoint"",""coordinates"":[]}"
20180425,2018-04-25,3.0706369639836025E-4,1.566532384150866E-4,1.504085389446216E-4,"{""type"":""MultiPoint"",""coordinates"":[]}"
20180426,2018-04-26,3.1806436470290775E-4,1.5274537715370077E-4,1.6531743799038873E-4,"{""type"":""MultiPoint"",""coordinates"":[]}"
20180427,2018-04-27,3.1271613870395565E-4,1.5214670567235153E-4,1.605686381549682E-4,"{""type"":""MultiPoint"",""coordinates"":[]}"
20180428,2018-04-28,3.9164578560761833E-4,1.5145023161582813E-4,2.4019541072117963E-4,"{""type"":""MultiPoint"",""coordinates"":[]}"
20180429,2018-04-29,4.914887010913181E-4,1.6978021669247643E-4,3.2170782081422503E-4,"{""type"":""MultiPoint"",""coordinates"":[]}"
20180430,2018-04-30,6.455665189098668E-4,1.9274540420209218E-4,4.5282075300340544E-4,"{""type"":""MultiPoint"",""coordinates"":[]}"
20180501,2018-05-01,4.958366447140428E-4,1.6178353526282807E-4,3.3405238626126103E-4,"{""type"":""MultiPoint"",""coordinates"":[]}"
20180502,2018-05-02,5.895350891435512E-4,1.770247797550743E-4,4.125098954205982E-4,"{""type"":""MultiPoint"",""coordinates"":[]}"
20180503,2018-05-03,4.965860112098379E-4,1.6321822506197548E-4,3.3336755452654257E-4,"{""type"":""MultiPoint"",""coordinates"":[]}"
20180504,2018-05-04,5.777665967648171E-4,1.9854371538170992E-4,3.792223752011244E-4,"{""type"":""MultiPoint"",""coordinates"":[]}"
20180505,2018-05-05,5.913046376129242E-4,2.1799642122304993E-4,3.7330872437523437E-4,"{""type"":""MultiPoint"",""coordinates"":[]}"
20180506,2018-05-06,7.702944408972959E-4,2.6591637813455914E-4,5.043774184572399E-4,"{""type"":""MultiPoint"",""coordinates"":[]}"
20180507,2018-05-07,8.097404305896978E-4,3.0834999685722407E-4,5.01390168069222E-4,"{""type"":""MultiPoint"",""coordinates"":[]}"
20180508,2018-05-08,8.226119930986131E-4,3.322974893338854E-4,4.903144490842614E-4,"{""type"":""MultiPoint"",""coordinates"":[]}"
20180509,2018-05-09,8.636591409506603E-4,2.9476129585277115E-4,5.688976748361187E-4,"{""type"":""MultiPoint"",""coordinates"":[]}"
20180510,2018-05-10,7.879092521442594E-4,2.6339428762850355E-4,5.2451436063284E-4,"{""type"":""MultiPoint"",""coordinates"":[]}"
20180511,2018-05-11,6.080949757514695E-4,2.5228636394263596E-4,3.558078363725778E-4,"{""type"":""MultiPoint"",""coordinates"":[]}"
20180512,2018-05-12,4.918827134726601E-4,2.3233274279061973E-4,2.5954995191374567E-4,"{""type"":""MultiPoint"",""coordinates"":[]}"
20180513,2018-05-13,5.655964617497112E-4,2.3286965271636826E-4,3.327268963638764E-4,"{""type"":""MultiPoint"",""coordinates"":[]}"
20180514,2018-05-14,5.565470628331318E-4,2.2558428075198487E-4,3.3096250718714354E-4,"{""type"":""MultiPoint"",""coordinates"":[]}"
20180515,2018-05-15,6.269198261776651E-4,2.3107371653877226E-4,3.95846226223658E-4,"{""type"":""MultiPoint"",""coordinates"":[]}"
20180516,2018-05-16,6.950159838909169E-4,2.577804709928269E-4,4.372351126753035E-4,"{""type"":""MultiPoint"",""coordinates"":[]}"
20180517,2018-05-17,6.675595626655675E-4,2.5470514298538615E-4,4.1285383517815637E-4,"{""type"":""MultiPoint"",""coordinates"":[]}"
20180518,2018-05-18,6.703772947071398E-4,2.462839017358848E-4,4.240931065942459E-4,"{""type"":""MultiPoint"",""coordinates"":[]}"
20180519,2018-05-19,6.684702436914671E-4,2.4112309267939266E-4,4.273473308792355E-4,"{""type"":""MultiPoint"",""coordinates"":[]}"
20180520,2018-05-20,6.839337528221684E-4,2.568887416277637E-4,4.270440822641433E-4,"{""type"":""MultiPoint"",""coordinates"":[]}"
20180521,2018-05-21,7.025543541289446E-4,2.506558390719504E-4,4.518971572219988E-4,"{""type"":""MultiPoint"",""coordinates"":[]}"
20180522,2018-05-22,7.943508351959354E-4,2.5032156051084506E-4,5.440285932363262E-4,"{""type"":""MultiPoint"",""coordinates"":[]}"
20180523,2018-05-23,0.0010073851798896073,2.898396965641409E-4,7.175449796784362E-4,"{""type"":""MultiPoint"",""coordinates"":[]}"
20180524,2018-05-24,0.0012234774572489069,3.6698883963483215E-4,8.564876259574731E-4,"{""type"":""MultiPoint"",""coordinates"":[]}"
20180525,2018-05-25,0.001305648539742408,4.4954592087435836E-4,8.56101684005526E-4,"{""type"":""MultiPoint"",""coordinates"":[]}"
20180526,2018-05-26,0.0012959111936250887,4.328012504389068E-4,8.631093586753077E-4,"{""type"":""MultiPoint"",""coordinates"":[]}"
20180527,2018-05-27,0.0014613068334892274,4.817751062546077E-4,9.795310374735079E-4,"{""type"":""MultiPoint"",""coordinates"":[]}"
20180528,2018-05-28,0.0014839851118661942,5.492401597749679E-4,9.347448398674074E-4,"{""type"":""MultiPoint"",""coordinates"":[]}"
20180529,2018-05-29,0.0016232977401365411,7.206516820443946E-4,9.026451881059514E-4,"{""type"":""MultiPoint"",""coordinates"":[]}"
20180530,2018-05-30,0.001082478794128754,5.752894783859844E-4,5.071887644606358E-4,"{""type"":""MultiPoint"",""coordinates"":[]}"
20180531,2018-05-31,9.64372886220342E-4,4.003456438684388E-4,5.640268217742663E-4,"{""type"":""MultiPoint"",""coordinates"":[]}"
20180601,2018-06-01,0.0010347404990275616,4.1169998964513734E-4,6.230403352965897E-4,"{""type"":""MultiPoint"",""coordinates"":[]}"
20180602,2018-06-02,0.001172738901475369,4.482972700023583E-4,7.244413576817834E-4,"{""type"":""MultiPoint"",""coordinates"":[]}"
20180603,2018-06-03,0.0011909537796657315,4.978671885198023E-4,6.930863274035589E-4,"{""type"":""MultiPoint"",""coordinates"":[]}"
20180604,2018-06-04,0.0011187989947269508,4.884821819151285E-4,6.303163563647864E-4,"{""type"":""MultiPoint"",""coordinates"":[]}"
20180605,2018-06-05,0.0011488360685016302,4.8645903508769096E-4,6.623768518953218E-4,"{""type"":""MultiPoint"",""coordinates"":[]}"
20180606,2018-06-06,0.0011992606333373116,4.759684022389081E-4,7.232918244526876E-4,"{""type"":""MultiPoint"",""coordinates"":[]}"
20180607,2018-06-07,0.0014417269965905056,5.615766079220222E-4,8.801499198102029E-4,"{""type"":""MultiPoint"",""coordinates"":[]}"
20180608,2018-06-08,0.0019779981550669136,8.030108283763651E-4,0.0011749868491841222,"{""type"":""MultiPoint"",""coordinates"":[]}"
20180609,2018-06-09,0.0022755778122345188,9.359760082794546E-4,0.0013396019007375906,"{""type"":""MultiPoint"",""coordinates"":[]}"
20180610,2018-06-10,0.003096436812039989,0.0011410805049771133,0.001955356305935029,"{""type"":""MultiPoint"",""coordinates"":[]}"
20180611,2018-06-11,0.0036656229370664313,0.0013362038410180813,0.002329418560598371,"{""type"":""MultiPoint"",""coordinates"":[]}"
20180612,2018-06-12,0.0042560566592447805,0.0016501936246642386,0.002605862057728543,"{""type"":""MultiPoint"",""coordinates"":[]}"
20180613,2018-06-13,0.0040040742655835584,0.0018361347481019269,0.0021679391174545272,"{""type"":""MultiPoint"",""coordinates"":[]}"
20180614,2018-06-14,0.003368142859297125,0.0014609615927359781,0.0019071808206993625,"{""type"":""MultiPoint"",""coordinates"":[]}"
20180615,2018-06-15,0.002959420090417821,0.001273842847237385,0.0016855770552447861,"{""type"":""MultiPoint"",""coordinates"":[]}"
20180616,2018-06-16,0.002440882985405775,0.0010016660948176399,0.0014392166886566498,"{""type"":""MultiPoint"",""coordinates"":[]}"
20180617,2018-06-17,0.0017565267669738074,8.895128121814384E-4,8.670137947490784E-4,"{""type"":""MultiPoint"",""coordinates"":[]}"
20180618,2018-06-18,0.0014708950923983148,8.374628861448826E-4,6.334323039209333E-4,"{""type"":""MultiPoint"",""coordinates"":[]}"
20180619,2018-06-19,0.001502227882045468,8.515315682445923E-4,6.50696098944371E-4,"{""type"":""MultiPoint"",""coordinates"":[]}"
20180620,2018-06-20,0.0018262871811189144,9.376008125122485E-4,8.886863795970374E-4,"{""type"":""MultiPoint"",""coordinates"":[]}"
20180621,2018-06-21,0.001979869105895735,9.337187501457717E-4,0.001046150297513876,"{""type"":""MultiPoint"",""coordinates"":[]}"
20180622,2018-06-22,0.0018576402465228239,9.099257296078043E-4,9.477144313268995E-4,"{""type"":""MultiPoint"",""coordinates"":[]}"
20180623,2018-06-23,0.0020924811182780494,0.001024840322798351,0.0010676403780137214,"{""type"":""MultiPoint"",""coordinates"":[]}"
20180624,2018-06-24,0.0022593926814535857,0.0011641902298861278,0.0010952025401222032,"{""type"":""MultiPoint"",""coordinates"":[]}"
20180625,2018-06-25,0.0028234490673117846,0.001368656728234614,0.001454792299625601,"{""type"":""MultiPoint"",""coordinates"":[]}"
20180626,2018-06-26,0.0022895636827532854,0.0011991507235639353,0.0010904128471400673,"{""type"":""MultiPoint"",""coordinates"":[]}"
20180627,2018-06-27,0.0025094188556199935,0.0011882191387058755,0.0013211997893776087,"{""type"":""MultiPoint"",""coordinates"":[]}"
20180628,2018-06-28,0.0025619033614140427,0.001323696482802033,0.0012382068723350982,"{""type"":""MultiPoint"",""coordinates"":[]}"
20180629,2018-06-29,0.002097995587972553,0.0011828271644058136,9.151684699781254E-4,"{""type"":""MultiPoint"",""coordinates"":[]}"
20180630,2018-06-30,0.0022902597525623672,0.0011296459348283715,0.0011606137480974967,"{""type"":""MultiPoint"",""coordinates"":[]}"
20180701,2018-07-01,0.0031498106080086866,0.0013025930275539668,0.0018472175726143595,"{""type"":""MultiPoint"",""coordinates"":[]}"
20180702,2018-07-02,0.00394723025840801,0.0015300713593777073,0.002417158515713927,"{""type"":""MultiPoint"",""coordinates"":[]}"
20180703,2018-07-03,0.0037771815798518416,0.0016515121255574593,0.0021256693214757863,"{""type"":""MultiPoint"",""coordinates"":[]}"
20180704,2018-07-04,0.003023014971703921,0.00162844491376581,0.0013945699818904806,"{""type"":""MultiPoint"",""coordinates"":[]}"
20180705,2018-07-05,0.0022646377804956147,0.0014431179940817167,8.215197298558142E-4,"{""type"":""MultiPoint"",""coordinates"":[]}"
20180706,2018-07-06,0.0022211743853553893,0.0013036237056697172,9.17550422899675E-4,"{""type"":""MultiPoint"",""coordinates"":[]}"
20180707,2018-07-07,0.0023387820820570185,0.0012944267139866714,0.0010443550351649424,"{""type"":""MultiPoint"",""coordinates"":[]}"
20180708,2018-07-08,0.0026583686567054916,0.0013731961040804972,0.001285172734616582,"{""type"":""MultiPoint"",""coordinates"":[]}"
20180709,2018-07-09,0.003178047073526717,0.0016036751549115573,0.001574371578181097,"{""type"":""MultiPoint"",""coordinates"":[]}"
20180710,2018-07-10,0.003451947915000296,0.0018098209190330822,0.0016421269244250762,"{""type"":""MultiPoint"",""coordinates"":[]}"
20180711,2018-07-11,0.0033365644952081447,0.0018111572474241416,0.0015254070334289836,"{""type"":""MultiPoint"",""coordinates"":[]}"
20180712,2018-07-12,0.003488621567600863,0.0018602093821764784,0.0016284123225714787,"{""type"":""MultiPoint"",""coordinates"":[]}"
20180713,2018-07-13,0.0030123908319746196,0.0017355449858172916,0.0012768458218613977,"{""type"":""MultiPoint"",""coordinates"":[]}"
20180714,2018-07-14,0.003177132758714435,0.001775286717110002,0.0014018459581623685,"{""type"":""MultiPoint"",""coordinates"":[]}"
20180715,2018-07-15,0.004271316722641707,0.002161527495352573,0.0021097891779293157,"{""type"":""MultiPoint"",""coordinates"":[]}"
20180716,2018-07-16,0.004295207397147357,0.0021432619987495137,0.0021519453425030005,"{""type"":""MultiPoint"",""coordinates"":[]}"
20180717,2018-07-17,0.003278586826527979,0.0019284890147480325,0.0013500978759369907,"{""type"":""MultiPoint"",""coordinates"":[]}"
20180718,2018-07-18,0.002754132880989605,0.0016609313785067269,0.0010932015414958959,"{""type"":""MultiPoint"",""coordinates"":[]}"
20180719,2018-07-19,0.0027776194905276873,0.001615071166732339,0.0011625483570290036,"{""type"":""MultiPoint"",""coordinates"":[]}"
20180720,2018-07-20,0.0037187390953905114,0.0018589640405366435,0.0018597749347233153,"{""type"":""MultiPoint"",""coordinates"":[]}"
20180721,2018-07-21,0.003620323310525999,0.001760405262217382,0.0018599178845656466,"{""type"":""MultiPoint"",""coordinates"":[]}"
20180722,2018-07-22,0.0040396719001344105,0.00180506953864572,0.0022346024778492637,"{""type"":""MultiPoint"",""coordinates"":[]}"
20180723,2018-07-23,0.003524387039906424,0.0019686546733842275,0.001555732552508939,"{""type"":""MultiPoint"",""coordinates"":[]}"
20180724,2018-07-24,0.0033929716867163676,0.00203467117046841,0.0013583004573422383,"{""type"":""MultiPoint"",""coordinates"":[]}"
20180725,2018-07-25,0.004059658836040431,0.002232367999915194,0.0018272907059330415,"{""type"":""MultiPoint"",""coordinates"":[]}"
20180726,2018-07-26,0.0036939965484879367,0.0021250721517908125,0.0015689244763072599,"{""type"":""MultiPoint"",""coordinates"":[]}"
20180727,2018-07-27,0.003306354268508094,0.001985440465267595,0.0013209138841579374,"{""type"":""MultiPoint"",""coordinates"":[]}"
20180728,2018-07-28,0.003250669420508175,0.0020327184044257544,0.0012179508514859473,"{""type"":""MultiPoint"",""coordinates"":[]}"
20180729,2018-07-29,0.003419196264349949,0.001957904435658555,0.0014612918788196616,"{""type"":""MultiPoint"",""coordinates"":[]}"
20180730,2018-07-30,0.00401513615210961,0.0022121807089907136,0.0018029553772110826,"{""type"":""MultiPoint"",""coordinates"":[]}"
20180731,2018-07-31,0.004516769039873348,0.002559123034778293,0.001957646059665394,"{""type"":""MultiPoint"",""coordinates"":[]}"
20180801,2018-08-01,0.00395121400836245,0.0023738971300182204,0.001577316702185591,"{""type"":""MultiPoint"",""coordinates"":[]}"
20180802,2018-08-02,0.003363597790510523,0.0020985517468178633,0.0012650459022318173,"{""type"":""MultiPoint"",""coordinates"":[]}"
20180803,2018-08-03,0.0027305814973015265,0.0018210435012960113,9.095377656600299E-4,"{""type"":""MultiPoint"",""coordinates"":[]}"
20180804,2018-08-04,0.0028703546870211855,0.0018287226774766055,0.0010416318667902048,"{""type"":""MultiPoint"",""coordinates"":[]}"
20180805,2018-08-05,0.003403205095952321,0.0019158762440492575,0.0014873285557225298,"{""type"":""MultiPoint"",""coordinates"":[]}"
20180806,2018-08-06,0.003074416152753814,0.0018661733171777771,0.0012082429060090072,"{""type"":""MultiPoint"",""coordinates"":[]}"
20180807,2018-08-07,0.003351920842237039,0.001848161952640844,0.0015037588043591151,"{""type"":""MultiPoint"",""coordinates"":[]}"
20180808,2018-08-08,0.0025820617189270907,0.0017244410564958034,8.576206426624809E-4,"{""type"":""MultiPoint"",""coordinates"":[]}"
20180809,2018-08-09,0.002243678949263599,0.0016073988590354748,6.362800046714691E-4,"{""type"":""MultiPoint"",""coordinates"":[]}"
20180810,2018-08-10,0.002387521992406828,0.0016085519923059817,7.789699609899891E-4,"{""type"":""MultiPoint"",""coordinates"":[]}"
20180811,2018-08-11,0.003467665098819882,0.0019311382888611175,0.0015365266980997508,"{""type"":""MultiPoint"",""coordinates"":[]}"
20180812,2018-08-12,0.004672540710363644,0.002284535275983014,0.002388005563941055,"{""type"":""MultiPoint"",""coordinates"":[]}"
20180813,2018-08-13,0.004538826341849096,0.002722305103736941,0.0018165213301458189,"{""type"":""MultiPoint"",""coordinates"":[]}"
20180814,2018-08-14,0.0037684629755928094,0.002464208211420337,0.0013042547971770222,"{""type"":""MultiPoint"",""coordinates"":[]}"
20180815,2018-08-15,0.005245681883126184,0.002743993929067962,0.0025016875773771724,"{""type"":""MultiPoint"",""coordinates"":[]}"
20180816,2018-08-16,0.004709979530199394,0.002949025647899369,0.0017609539698232837,"{""type"":""MultiPoint"",""coordinates"":[]}"
20180817,2018-08-17,0.0031413822003834853,0.002262200377545911,8.791818036764483E-4,"{""type"":""MultiPoint"",""coordinates"":[]}"
20180818,2018-08-18,0.003210788458007705,0.0022333735483328508,9.77414814528047E-4,"{""type"":""MultiPoint"",""coordinates"":[]}"
20180819,2018-08-19,0.003400985236322663,0.002174219914837461,0.0012267655089852475,"{""type"":""MultiPoint"",""coordinates"":[]}"
20180820,2018-08-20,0.0041206833853104086,0.0024037794804975116,0.0017169036906791173,"{""type"":""MultiPoint"",""coordinates"":[]}"
20180821,2018-08-21,0.003684291406103465,0.002426095511784692,0.0012581958009301108,"{""type"":""MultiPoint"",""coordinates"":[]}"
20180822,2018-08-22,0.002963135396726213,0.0020411008725468405,9.220346442843593E-4,"{""type"":""MultiPoint"",""coordinates"":[]}"
20180823,2018-08-23,0.0032818354598358013,0.002182586648263164,0.0010992488752685104,"{""type"":""MultiPoint"",""coordinates"":[]}"
20180824,2018-08-24,0.003809001961919235,0.0023032869236024075,0.001505714944305246,"{""type"":""MultiPoint"",""coordinates"":[]}"
20180825,2018-08-25,0.0035499854240662984,0.002252827191331744,0.001297158198392718,"{""type"":""MultiPoint"",""coordinates"":[]}"
20180826,2018-08-26,0.0038712939991815683,0.0023266362692240024,0.0015446576469688065,"{""type"":""MultiPoint"",""coordinates"":[]}"
20180827,2018-08-27,0.003902671414029627,0.0024980249499008296,0.0014046464045460753,"{""type"":""MultiPoint"",""coordinates"":[]}"
20180828,2018-08-28,0.0038724593806509305,0.002534880615688951,0.0013375786271703329,"{""type"":""MultiPoint"",""coordinates"":[]}"
20180829,2018-08-29,0.003257279142279847,0.002285729723570804,9.715493262953244E-4,"{""type"":""MultiPoint"",""coordinates"":[]}"
20180830,2018-08-30,0.003375492354399884,0.0022511436943787114,0.0011243486619317287,"{""type"":""MultiPoint"",""coordinates"":[]}"
20180831,2018-08-31,0.003828974465912717,0.0024235050432208855,0.001405469111889096,"{""type"":""MultiPoint"",""coordinates"":[]}"
20180901,2018-09-01,0.0035093808563113416,0.002337107382083772,0.0011722735460971455,"{""type"":""MultiPoint"",""coordinates"":[]}"
20180902,2018-09-02,0.003156853787625137,0.0022994191515032627,8.574345293986512E-4,"{""type"":""MultiPoint"",""coordinates"":[]}"
20180903,2018-09-03,0.003137019850877216,0.0023169469433850045,8.200731653313246E-4,"{""type"":""MultiPoint"",""coordinates"":[]}"
20180904,2018-09-04,0.003130834105872271,0.0023041160221031697,8.267178351779458E-4,"{""type"":""MultiPoint"",""coordinates"":[]}"
20180905,2018-09-05,0.003492526396676048,0.002386219222474896,0.0011063072577661246,"{""type"":""MultiPoint"",""coordinates"":[]}"
20180906,2018-09-06,0.0035791082549444897,0.002357570763155946,0.0012215368979972593,"{""type"":""MultiPoint"",""coordinates"":[]}"
20180907,2018-09-07,0.0033682010755434052,0.002355830434628902,0.0010123707017602756,"{""type"":""MultiPoint"",""coordinates"":[]}"
20180908,2018-09-08,0.0030338189276447967,0.0023694825894220108,6.643363097886279E-4,"{""type"":""MultiPoint"",""coordinates"":[]}"
20180909,2018-09-09,0.0029532226076615675,0.00208759007092408,8.65632505729042E-4,"{""type"":""MultiPoint"",""coordinates"":[]}"
20180910,2018-09-10,0.0034395788758963745,0.0021010925499478604,0.0013384859792227948,"{""type"":""MultiPoint"",""coordinates"":[]}"
20180911,2018-09-11,0.0030651988105781054,0.002116688228968133,9.485106325799479E-4,"{""type"":""MultiPoint"",""coordinates"":[]}"
20180912,2018-09-12,0.00327491490858234,0.0021802581526085044,0.0010946565979315654,"{""type"":""MultiPoint"",""coordinates"":[]}"
20180913,2018-09-13,0.00290856438171354,0.00207262446928507,8.359392195812654E-4,"{""type"":""MultiPoint"",""coordinates"":[]}"
20180914,2018-09-14,0.0026274415926772574,0.0019331722885295973,6.942695503661049E-4,"{""type"":""MultiPoint"",""coordinates"":[]}"
20180915,2018-09-15,0.0021254341569670577,0.001792385408888799,3.330486938579758E-4,"{""type"":""MultiPoint"",""coordinates"":[]}"
20180916,2018-09-16,0.0018212316900192978,0.0016606607186980136,1.605708824582748E-4,"{""type"":""MultiPoint"",""coordinates"":[]}"
20180917,2018-09-17,0.0017078809798077134,0.0015772093846148157,1.3067153571391483E-4,"{""type"":""MultiPoint"",""coordinates"":[]}"
20180918,2018-09-18,0.0017301285366749764,0.0015179080007870977,2.1222029287155882E-4,"{""type"":""MultiPoint"",""coordinates"":[]}"
20180919,2018-09-19,0.0018700337181088156,0.0015305807915975706,3.3945245592481094E-4,"{""type"":""MultiPoint"",""coordinates"":[]}"
20180920,2018-09-20,0.0022127147907920653,0.0015404862040377643,6.722283746235117E-4,"{""type"":""MultiPoint"",""coordinates"":[]}"
20180921,2018-09-21,0.002481323693240111,0.0015559974940082175,9.253263891479141E-4,"{""type"":""MultiPoint"",""coordinates"":[]}"
20180922,2018-09-22,0.0023658249589938968,0.001540823300435462,8.250016262249927E-4,"{""type"":""MultiPoint"",""coordinates"":[]}"
20180923,2018-09-23,0.0023623017686470464,0.0014946830602793493,8.676188182428962E-4,"{""type"":""MultiPoint"",""coordinates"":[]}"
20180924,2018-09-24,0.002207717281163471,0.0014735067604322281,7.342103025088945E-4,"{""type"":""MultiPoint"",""coordinates"":[]}"
20180925,2018-09-25,0.0016954029698879093,0.0013439501692729477,3.514523698665342E-4,"{""type"":""MultiPoint"",""coordinates"":[]}"
20180926,2018-09-26,0.0016405911539666626,0.0013007244739447644,3.3986638760790175E-4,"{""type"":""MultiPoint"",""coordinates"":[]}"
20180927,2018-09-27,0.0015537425028872105,0.00127246934428354,2.812728475762528E-4,"{""type"":""MultiPoint"",""coordinates"":[]}"
20180928,2018-09-28,0.0015535260352307432,0.0012519994138854899,3.015264972205237E-4,"{""type"":""MultiPoint"",""coordinates"":[]}"
20180929,2018-09-29,0.0014762034892905024,0.0012273580825773406,2.4884528815048517E-4,"{""type"":""MultiPoint"",""coordinates"":[]}"
20180930,2018-09-30,0.0014415450968298413,0.001189386951544957,2.521575113743698E-4,"{""type"":""MultiPoint"",""coordinates"":[]}"
20181001,2018-10-01,0.001436466692955876,0.0011654391843522716,2.710274572039273E-4,"{""type"":""MultiPoint"",""coordinates"":[]}"
20181002,2018-10-02,0.0014555629649104628,0.0011610390836594125,2.9452242348548287E-4,"{""type"":""MultiPoint"",""coordinates"":[]}"
20181003,2018-10-03,0.0013509214392585724,0.0011330127341841118,2.1790839423288703E-4,"{""type"":""MultiPoint"",""coordinates"":[]}"
20181004,2018-10-04,0.001395118121178533,0.001132564890946825,2.62553147781796E-4,"{""type"":""MultiPoint"",""coordinates"":[]}"
20181005,2018-10-05,0.001326521183542082,0.001098982197781182,2.2753892537088734E-4,"{""type"":""MultiPoint"",""coordinates"":[]}"
20181006,2018-10-06,0.0012214098642455244,0.0010452781574994887,1.7613043022130436E-4,"{""type"":""MultiPoint"",""coordinates"":[]}"
20181007,2018-10-07,0.0012106463383567102,0.001035880952431394,1.74764237620767E-4,"{""type"":""MultiPoint"",""coordinates"":[]}"
20181008,2018-10-08,0.0013287041679114768,0.0010611076618369075,2.675957237856801E-4,"{""type"":""MultiPoint"",""coordinates"":[]}"
20181009,2018-10-09,0.00134048312317021,0.0011177212516652987,2.2276005568696122E-4,"{""type"":""MultiPoint"",""coordinates"":[]}"
20181010,2018-10-10,0.0013827299905807943,0.001116277308547985,2.6645248854838326E-4,"{""type"":""MultiPoint"",""coordinates"":[]}"
20181011,2018-10-11,0.0021711703067259177,0.0012586902226981523,9.124792485574537E-4,"{""type"":""MultiPoint"",""coordinates"":[]}"
20181012,2018-10-12,0.0020854318400397817,0.0013150530781288411,7.703778463742431E-4,"{""type"":""MultiPoint"",""coordinates"":[]}"
20181013,2018-10-13,0.0017379347158363303,0.0012173452861054487,5.205893531911095E-4,"{""type"":""MultiPoint"",""coordinates"":[]}"
20181014,2018-10-14,0.0013383593343986482,0.0010795707709831178,2.587885576912364E-4,"{""type"":""MultiPoint"",""coordinates"":[]}"
20181015,2018-10-15,0.0012104959685936443,0.0010291368988120397,1.8135772555059816E-4,"{""type"":""MultiPoint"",""coordinates"":[]}"
20181016,2018-10-16,0.001136664358356925,9.984758518060458E-4,1.381868665056192E-4,"{""type"":""MultiPoint"",""coordinates"":[]}"
20181017,2018-10-17,0.001110970924682432,9.882339106714393E-4,1.2273615903589217E-4,"{""type"":""MultiPoint"",""coordinates"":[]}"
20181018,2018-10-18,0.0010375071410036103,9.248133901035829E-4,1.1269301170928437E-4,"{""type"":""MultiPoint"",""coordinates"":[]}"
20181019,2018-10-19,0.0010309031290844793,9.024163621610647E-4,1.2848696011432575E-4,"{""type"":""MultiPoint"",""coordinates"":[]}"
20181020,2018-10-20,0.001032986788437891,9.011671113260828E-4,1.3181889196494894E-4,"{""type"":""MultiPoint"",""coordinates"":[]}"
20181021,2018-10-21,9.559091948049928E-4,8.655661152308853E-4,9.034224083923095E-5,"{""type"":""MultiPoint"",""coordinates"":[]}"
20181022,2018-10-22,0.001043290141225816,8.776339953701883E-4,1.6565601693238326E-4,"{""type"":""MultiPoint"",""coordinates"":[]}"
20181023,2018-10-23,9.633575696322665E-4,8.48010237162911E-4,1.1534732217565354E-4,"{""type"":""MultiPoint"",""coordinates"":[]}"
20181024,2018-10-24,8.686479882627436E-4,8.009035360080648E-4,6.774337968457793E-5,"{""type"":""MultiPoint"",""coordinates"":[]}"
20181025,2018-10-25,8.211487851287956E-4,7.744840756451452E-4,4.666492718730707E-5,"{""type"":""MultiPoint"",""coordinates"":[]}"
20181026,2018-10-26,8.156351859401613E-4,7.588905432744483E-4,5.6744577851823775E-5,"{""type"":""MultiPoint"",""coordinates"":[]}"
20181027,2018-10-27,7.765657452501331E-4,7.376537615046755E-4,3.891108709996592E-5,"{""type"":""MultiPoint"",""coordinates"":[]}"
20181028,2018-10-28,7.819812774904348E-4,7.204514002755776E-4,6.152893502131988E-5,"{""type"":""MultiPoint"",""coordinates"":[]}"
20181029,2018-10-29,7.488107093484096E-4,6.951486583832844E-4,5.366054368339687E-5,"{""type"":""MultiPoint"",""coordinates"":[]}"
20181030,2018-10-30,7.375530489795929E-4,6.854241718080534E-4,5.212760406525831E-5,"{""type"":""MultiPoint"",""coordinates"":[]}"
20181031,2018-10-31,8.051366205637635E-4,6.942010433669201E-4,1.1093530292821999E-4,"{""type"":""MultiPoint"",""coordinates"":[]}"
20181101,2018-11-01,7.635922417778422E-4,6.579095209453196E-4,1.0568179872392238E-4,"{""type"":""MultiPoint"",""coordinates"":[]}"
20181102,2018-11-02,6.974894912787749E-4,6.321232913610664E-4,6.536611347706327E-5,"{""type"":""MultiPoint"",""coordinates"":[]}"
20181103,2018-11-03,7.426755253136001E-4,6.221662410550885E-4,1.20508592757448E-4,"{""type"":""MultiPoint"",""coordinates"":[]}"
20181104,2018-11-04,7.279655585666103E-4,6.024213068965979E-4,1.2554375082490183E-4,"{""type"":""MultiPoint"",""coordinates"":[]}"
20181105,2018-11-05,0.001004023444095131,6.505851166249839E-4,3.5343754499147937E-4,"{""type"":""MultiPoint"",""coordinates"":[]}"
20181106,2018-11-06,0.001172090888066723,6.986136358649396E-4,4.734761419638221E-4,"{""type"":""MultiPoint"",""coordinates"":[]}"
20181107,2018-11-07,6.504469382922675E-4,6.004498320811055E-4,4.999604504736889E-5,"{""type"":""MultiPoint"",""coordinates"":[]}"
20181108,2018-11-08,6.792801781506484E-4,6.013447513889958E-4,7.793397621106788E-5,"{""type"":""MultiPoint"",""coordinates"":[]}"
20181109,2018-11-09,6.315529064118598E-4,5.953742420874142E-4,3.6178525937898604E-5,"{""type"":""MultiPoint"",""coordinates"":[]}"
20181110,2018-11-10,5.804962599378681E-4,5.54616006001139E-4,2.587809849053178E-5,"{""type"":""MultiPoint"",""coordinates"":[]}"
20181111,2018-11-11,5.604441388761699E-4,5.388445087315766E-4,2.1598073501081E-5,"{""type"":""MultiPoint"",""coordinates"":[]}"
20181112,2018-11-12,5.510419549765121E-4,5.245640026896167E-4,2.6476178997759616E-5,"{""type"":""MultiPoint"",""coordinates"":[]}"
20181113,2018-11-13,5.492428570547453E-4,5.127079186621532E-4,3.653492248275842E-5,"{""type"":""MultiPoint"",""coordinates"":[]}"
20181114,2018-11-14,5.521413431227577E-4,5.031892311157083E-4,4.895256563987367E-5,"{""type"":""MultiPoint"",""coordinates"":[]}"
20181115,2018-11-15,6.162047087312322E-4,4.962037801548549E-4,1.1999942299576202E-4,"{""type"":""MultiPoint"",""coordinates"":[]}"
20181116,2018-11-16,7.973472146377628E-4,5.341416799102015E-4,2.632043097898269E-4,"{""type"":""MultiPoint"",""coordinates"":[]}"
20181117,2018-11-17,6.054296456720274E-4,4.825512439923101E-4,1.2287702351002685E-4,"{""type"":""MultiPoint"",""coordinates"":[]}"
20181118,2018-11-18,5.392017594457196E-4,4.758287213782386E-4,6.337299061723763E-5,"{""type"":""MultiPoint"",""coordinates"":[]}"
20181119,2018-11-19,5.403030721203945E-4,4.70026456309428E-4,7.027596947593305E-5,"{""type"":""MultiPoint"",""coordinates"":[]}"
20181120,2018-11-20,5.007132690848384E-4,4.556972435776506E-4,4.50152786948671E-5,"{""type"":""MultiPoint"",""coordinates"":[]}"
20181121,2018-11-21,5.034905931101559E-4,4.479076043715E-4,5.5582940643857914E-5,"{""type"":""MultiPoint"",""coordinates"":[]}"
20181122,2018-11-22,4.941590651316678E-4,4.3681324951476316E-4,5.7344201438889886E-5,"{""type"":""MultiPoint"",""coordinates"":[]}"
20181123,2018-11-23,5.008419442850061E-4,4.318319571328095E-4,6.901006899786857E-5,"{""type"":""MultiPoint"",""coordinates"":[]}"
20181124,2018-11-24,4.8610208049705024E-4,4.2673841599492874E-4,5.9363604810254E-5,"{""type"":""MultiPoint"",""coordinates"":[]}"
20181125,2018-11-25,4.24986206108201E-4,4.0759077566285626E-4,1.7395359225730842E-5,"{""type"":""MultiPoint"",""coordinates"":[]}"
20181126,2018-11-26,4.114913829382565E-4,3.9871081454943304E-4,1.2778822534317786E-5,"{""type"":""MultiPoint"",""coordinates"":[]}"
20181127,2018-11-27,4.0344160253304547E-4,3.90203640554729E-4,1.3237837304414134E-5,"{""type"":""MultiPoint"",""coordinates"":[]}"
20181128,2018-11-28,4.1835055347063386E-4,3.8659581840182276E-4,3.175143427583954E-5,"{""type"":""MultiPoint"",""coordinates"":[]}"
20181129,2018-11-29,4.590714627656268E-4,3.8900273021297846E-4,7.006815876222913E-5,"{""type"":""MultiPoint"",""coordinates"":[]}"
20181130,2018-11-30,4.0051437799429665E-4,3.7653530488389417E-4,2.397574222395036E-5,"{""type"":""MultiPoint"",""coordinates"":[]}"
20181201,2018-12-01,3.732547535756838E-4,3.6201447138513657E-4,1.1239985947573242E-5,"{""type"":""MultiPoint"",""coordinates"":[]}"
20181202,2018-12-02,3.660393790634848E-4,3.5438063923199774E-4,1.1658487630138675E-5,"{""type"":""MultiPoint"",""coordinates"":[]}"
20181203,2018-12-03,3.869964606011958E-4,3.5192048425380544E-4,3.50758838840181E-5,"{""type"":""MultiPoint"",""coordinates"":[]}"
20181204,2018-12-04,3.5887565630965916E-4,3.410622260927581E-4,1.781188135917769E-5,"{""type"":""MultiPoint"",""coordinates"":[]}"
20181205,2018-12-05,3.796563484291427E-4,3.3831849248095076E-4,4.1337861644955134E-5,"{""type"":""MultiPoint"",""coordinates"":[]}"
20181206,2018-12-06,3.5170050132446576E-4,3.3001806613690824E-4,2.1681831317916176E-5,"{""type"":""MultiPoint"",""coordinates"":[]}"
20181207,2018-12-07,3.4326689486311265E-4,3.2406298600683576E-4,1.920271710598382E-5,"{""type"":""MultiPoint"",""coordinates"":[]}"
20181208,2018-12-08,3.347221503508616E-4,3.1799654909760774E-4,1.6725400542047558E-5,"{""type"":""MultiPoint"",""coordinates"":[]}"
20181209,2018-12-09,3.310426590322715E-4,3.13652929866543E-4,1.73886338026759E-5,"{""type"":""MultiPoint"",""coordinates"":[]}"
20181210,2018-12-10,3.226969401066677E-4,3.073817441088333E-4,1.531510316326546E-5,"{""type"":""MultiPoint"",""coordinates"":[]}"
20181211,2018-12-11,3.134161022924583E-4,3.0193409710587685E-4,1.1481852047056364E-5,"{""type"":""MultiPoint"",""coordinates"":[]}"
20181212,2018-12-12,3.093254620750955E-4,2.9675161784731334E-4,1.2573741219965859E-5,"{""type"":""MultiPoint"",""coordinates"":[]}"
20181213,2018-12-13,3.094099694250488E-4,2.919985573224988E-4,1.7409820692412262E-5,"{""type"":""MultiPoint"",""coordinates"":[]}"
20181214,2018-12-14,2.992718772396572E-4,2.867862028277035E-4,1.2485099090040665E-5,"{""type"":""MultiPoint"",""coordinates"":[]}"
20181215,2018-12-15,2.9442390012059615E-4,2.820391667281437E-4,1.23833191916098E-5,"{""type"":""MultiPoint"",""coordinates"":[]}"
20181216,2018-12-16,2.935025097794327E-4,2.773855141662858E-4,1.611548249797655E-5,"{""type"":""MultiPoint"",""coordinates"":[]}"
20181217,2018-12-17,3.9692939421563596E-4,2.7506876615397355E-4,1.218601510296808E-4,"{""type"":""MultiPoint"",""coordinates"":[]}"
20181218,2018-12-18,4.0313138812366194E-4,2.710632194449611E-4,1.3206756682433729E-4,"{""type"":""MultiPoint"",""coordinates"":[]}"
20181219,2018-12-19,2.9809833174033584E-4,2.6551656193383685E-4,3.258010356901069E-5,"{""type"":""MultiPoint"",""coordinates"":[]}"
20181220,2018-12-20,2.7328551134258634E-4,2.608932397720373E-4,1.2390884865301701E-5,"{""type"":""MultiPoint"",""coordinates"":[]}"
20181221,2018-12-21,2.7536555164980913E-4,2.569287331962514E-4,1.8437025746991737E-5,"{""type"":""MultiPoint"",""coordinates"":[]}"
20181222,2018-12-22,3.0101555291500823E-4,2.5504402856779543E-4,4.596999546577043E-5,"{""type"":""MultiPoint"",""coordinates"":[]}"
20181223,2018-12-23,2.686822026484965E-4,2.492257923114931E-4,1.9454757674005598E-5,"{""type"":""MultiPoint"",""coordinates"":[]}"
20181224,2018-12-24,2.6079164949856996E-4,2.463063922255863E-4,1.448318894197732E-5,"{""type"":""MultiPoint"",""coordinates"":[]}"
20181225,2018-12-25,2.510553378882036E-4,2.4150146799548598E-4,9.55366164941398E-6,"{""type"":""MultiPoint"",""coordinates"":[]}"
20181226,2018-12-26,2.542079219292784E-4,2.3843409925657205E-4,1.5772864337768544E-5,"{""type"":""MultiPoint"",""coordinates"":[]}"
20181227,2018-12-27,2.479652325424233E-4,2.3482461247633523E-4,1.3139180354938128E-5,"{""type"":""MultiPoint"",""coordinates"":[]}"
20181228,2018-12-28,2.4133426719559806E-4,2.3115020433048353E-4,1.0184816753771225E-5,"{""type"":""MultiPoint"",""coordinates"":[]}"
20181229,2018-12-29,2.376562142135013E-4,2.277497234410531E-4,9.90646969241E-6,"{""type"":""MultiPoint"",""coordinates"":[]}"
20181230,2018-12-30,2.3464392204888812E-4,2.24377242883259E-4,1.0266366805835947E-5,"{""type"":""MultiPoint"",""coordinates"":[]}"
20181231,2018-12-31,2.2893160200887359E-4,2.210256552475888E-4,7.905714149779533E-6,"{""type"":""MultiPoint"",""coordinates"":[]}"
